abstract,document_type,_id,keywords,news_desk,print_page,print_section,pub_date,section_name,snippet,source,subsection_name,type_of_material,uri,web_url,word_count,byline.original,headline.main,headline.kicker,headline.print_headline,multimedia.caption,multimedia.credit,multimedia.default.url,multimedia.default.height,multimedia.default.width,multimedia.thumbnail.url,multimedia.thumbnail.height,multimedia.thumbnail.width,headline,text
"Zhang Zhan, a former lawyer, is the first known person to be tried for challenging the Chinese government’s narrative about the coronavirus pandemic.",article,nyt://article/4be3e075-e5ec-590f-bf73-44f3e36f590a,"[{'name': 'Person', 'value': 'Zhang Zhan', 'rank': 1}, {'name': 'Subject', 'value': 'News and News Media', 'rank': 2}, {'name': 'Subject', 'value': 'Censorship', 'rank': 3}, {'name': 'Subject', 'value': 'Political Prisoners', 'rank': 4}, {'name': 'Subject', 'value': 'Politics and Government', 'rank': 5}, {'name': 'Subject', 'value': 'Coronavirus (2019-nCoV)', 'rank': 6}, {'name': 'Location', 'value': 'China', 'rank': 7}, {'name': 'Location', 'value': 'Wuhan (China)', 'rank': 8}]",Foreign,9,A,2020-12-28 06:55:10+00:00,World,"Zhang Zhan, a former lawyer, is the first known person to be tried for challenging the Chinese government’s narrative about the coronavirus pandemic.",The New York Times,Asia Pacific,News,nyt://article/4be3e075-e5ec-590f-bf73-44f3e36f590a,https://www.nytimes.com/2020/12/28/world/asia/china-Zhang-Zhan-covid-convicted.html,710,By Vivian Wang,Chinese Citizen Journalist Sentenced to 4 Years for Covid Reporting,,Chinese Citizen Journalist Receives 4 Years in Prison for Virus Reports,"The Shanghai Pudong New District People’s Court, where the citizen journalist Zhang Zhan was sentenced after reporting on the early days of the pandemic. ",Leo Ramirez/Agence France-Presse — Getty Images,https://static01.nyt.com/images/2020/12/28/world/28CHINA-JOURNALIST01/merlin_181717527_8547ceab-4167-447b-b6f6-708f49c3a68c-articleLarge.jpg,400,600,https://static01.nyt.com/images/2020/12/28/world/28CHINA-JOURNALIST01/28CHINA-JOURNALIST01-thumbStandard.jpg,75,75,Chinese Citizen Journalist Sentenced to 4 Years for Covid Reporting,"Chinese Citizen Journalist Sentenced to 4 Years for Covid Reporting Zhang Zhan, a former lawyer, is the first known person to be tried for challenging the Chinese government’s narrative about the coronavirus pandemic. Zhang Zhan, a former lawyer, is the first known person to be tried for challenging the Chinese government’s narrative about the coronavirus pandemic."
,article,nyt://article/daec20c9-2bc5-5fc4-9109-aa1ccffc36d7,[],Foreign,,,2020-12-26 05:08:31+00:00,World,,The New York Times,,News,nyt://article/daec20c9-2bc5-5fc4-9109-aa1ccffc36d7,https://www.nytimes.com/2020/12/25/world/france-and-japan-report-cases-of-the-virus-variant-that-prompted-lockdowns-in-britain.html,316,By Mike Ives,France and Japan report cases of the virus variant that prompted lockdowns in Britain.,,,"A theater in Le Havre, France, that was transformed into a coronavirus screening center. The country reported its first case of the new virus variant on Friday.",Andrea Mantovani for The New York Times,https://static01.nyt.com/images/2020/12/25/multimedia/25virus-briefing-Japan-France-variant/25virus-briefing-Japan-France-variant-articleLarge.jpg,400,600,https://static01.nyt.com/images/2020/12/25/multimedia/25virus-briefing-Japan-France-variant/25virus-briefing-Japan-France-variant-thumbStandard.jpg,75,75,France and Japan report cases of the virus variant that prompted lockdowns in Britain.,France and Japan report cases of the virus variant that prompted lockdowns in Britain.
,article,nyt://article/23d29297-4564-5951-b341-1998dcc23f24,[],Foreign,,,2020-12-25 19:17:22+00:00,World,,The New York Times,,Live Blog Post,nyt://article/23d29297-4564-5951-b341-1998dcc23f24,https://www.nytimes.com/live/2020/12/25/world/covid-updates-coronavirus/in-a-first-for-the-moderna-vaccine-a-doctor-in-boston-reported-suffering-a-severe-allergic-reaction,425,By Katherine J. Wu,"In a first for the Moderna vaccine, a doctor in Boston reported suffering a severe allergic reaction.",,,Experts at the F.D.A. and the C.D.C. noted that anaphylaxis seemed to be occurring at an unusual frequency so soon into the vaccine distribution.,Hannah Yoon for The New York Times,https://static01.nyt.com/images/2020/12/25/us/25virus-briefing-moderna-allergy/merlin_181323690_05078930-08bc-4c38-bb8d-906f269da964-articleLarge.jpg,401,600,https://static01.nyt.com/images/2020/12/25/us/25virus-briefing-moderna-allergy/merlin_181323690_05078930-08bc-4c38-bb8d-906f269da964-thumbStandard.jpg,75,75,"In a first for the Moderna vaccine, a doctor in Boston reported suffering a severe allergic reaction.","In a first for the Moderna vaccine, a doctor in Boston reported suffering a severe allergic reaction."
"The officers were shot in an isolated hamlet in central France, the authorities said. The gunman, a heavily armed survivalist, was later found dead.",article,nyt://article/e61aa6d1-5b83-5670-80be-d1cf470c85e3,"[{'name': 'Location', 'value': 'France', 'rank': 1}, {'name': 'Subject', 'value': 'Police', 'rank': 2}, {'name': 'Subject', 'value': 'Murders, Attempted Murders and Homicides', 'rank': 3}, {'name': 'Subject', 'value': 'Domestic Violence', 'rank': 4}]",Foreign,,,2020-12-23 07:15:45+00:00,World,"The three officers were shot upon arriving at the scene of a domestic dispute in an isolated hamlet near the central French town of Saint-Just, authorities said. The gunman has not been arrested.",The New York Times,Europe,News,nyt://article/e61aa6d1-5b83-5670-80be-d1cf470c85e3,https://www.nytimes.com/2020/12/23/world/europe/france-police-shooting-domestic-abuse.html,892,By Aurelien Breeden,3 Police Officers in France Are Killed After Responding to Domestic Abuse Report,,,"Officers in St.-Just, France, a village with roughly 150 residents, after the fatal shootings there on Wednesday.",Olivier Chassignole/Agence France-Presse — Getty Images,https://static01.nyt.com/images/2020/12/23/world/23france-shooting/merlin_181592661_27dfbdad-5327-4deb-a8cf-8c3ffff2c204-articleLarge.jpg,400,600,https://static01.nyt.com/images/2020/12/23/world/23france-shooting/23france-shooting-thumbStandard.jpg,75,75,3 Police Officers in France Are Killed After Responding to Domestic Abuse Report,"3 Police Officers in France Are Killed After Responding to Domestic Abuse Report The officers were shot in an isolated hamlet in central France, the authorities said. The gunman, a heavily armed survivalist, was later found dead. The three officers were shot upon arriving at the scene of a domestic dispute in an isolated hamlet near the central French town of Saint-Just, authorities said. The gunman has not been arrested."
"At least 30 journalists were killed this year, according to the Committee to Protect Journalists, with 21 slain as a direct result of their work.",article,nyt://article/083b62a8-d340-5139-9327-011da51f7c9a,"[{'name': 'Location', 'value': 'Mexico', 'rank': 1}, {'name': 'Location', 'value': 'Afghanistan', 'rank': 2}, {'name': 'Location', 'value': 'Syria', 'rank': 3}, {'name': 'Location', 'value': 'Philippines', 'rank': 4}, {'name': 'Organization', 'value': 'Committee to Protect Journalists', 'rank': 5}, {'name': 'Subject', 'value': 'News and News Media', 'rank': 6}, {'name': 'Subject', 'value': 'Freedom of the Press', 'rank': 7}, {'name': 'Subject', 'value': 'Murders, Attempted Murders and Homicides', 'rank': 8}]",Foreign,10,A,2020-12-22 05:02:06+00:00,World,"At least 30 journalists were killed this year, according to the Committee to Protect Journalists, with 21 slain as a direct result of their work.",The New York Times,Americas,News,nyt://article/083b62a8-d340-5139-9327-011da51f7c9a,https://www.nytimes.com/2020/12/22/world/americas/mexico-journalists-killings-double.html,713,By Oscar Lopez,Number of Journalists Killed for Their Reporting Doubled in 2020,,Number of Journalists Killed  For Reporting Doubled in ’20,"Children of the slain journalist Julio Valdivia stood by his coffin at their home in Tezonapa, Veracruz, Mexico, in September. ",Felix Marquez/Associated Press,https://static01.nyt.com/images/2020/12/22/world/22-Mexico-photo/merlin_176823285_c9fff4a1-c60b-4195-adad-cd689415033f-articleLarge.jpg,400,600,https://static01.nyt.com/images/2020/12/22/world/22-Mexico-photo/22-Mexico-photo-thumbStandard.jpg,75,75,Number of Journalists Killed for Their Reporting Doubled in 2020,"Number of Journalists Killed for Their Reporting Doubled in 2020 At least 30 journalists were killed this year, according to the Committee to Protect Journalists, with 21 slain as a direct result of their work. At least 30 journalists were killed this year, according to the Committee to Protect Journalists, with 21 slain as a direct result of their work."
,article,nyt://article/eda4b641-8bcd-5d59-a915-1fed467e82ca,[],Foreign,,,2020-12-16 18:42:16+00:00,World,,The New York Times,,Live Blog Post,nyt://article/eda4b641-8bcd-5d59-a915-1fed467e82ca,https://www.nytimes.com/live/2020/12/16/world/covid-19-coronavirus/with-244365-new-cases-reported-in-a-single-day-the-us-enters-new-territory,763,By Karen Zraick,"With 244,365 new cases reported in a single day, the U.S. enters new territory.",,,A coronavirus test site at Grand Canyon University in Arizona on Saturday.,Adriana Zehbrauskas for The New York Times,https://static01.nyt.com/images/2020/12/16/us/16virus-briefing-notoveryet2/merlin_181144092_23ab13cc-b501-4267-aa3f-de57609e7376-articleLarge.jpg,400,600,https://static01.nyt.com/images/2020/12/16/us/16virus-briefing-notoveryet2/16virus-briefing-notoveryet2-thumbStandard.jpg,75,75,"With 244,365 new cases reported in a single day, the U.S. enters new territory.","With 244,365 new cases reported in a single day, the U.S. enters new territory."
"The agents, from a unit with poisonous chemicals expertise, were tracked by their telephones, the Bellingcat investigative group said, the strongest evidence of Moscow’s involvement in the nerve agent attack.",article,nyt://article/d53699ad-0921-578a-acb2-3ea645f5b84b,"[{'name': 'Subject', 'value': 'Espionage and Intelligence Services', 'rank': 1}, {'name': 'Subject', 'value': 'Poisoning and Poisons', 'rank': 2}, {'name': 'Subject', 'value': 'Assassinations and Attempted Assassinations', 'rank': 3}, {'name': 'Organization', 'value': 'Bellingcat', 'rank': 4}, {'name': 'Organization', 'value': 'Federal Security Service', 'rank': 5}, {'name': 'Location', 'value': 'Russia', 'rank': 6}, {'name': 'Person', 'value': 'Navalny, Aleksei A', 'rank': 7}, {'name': 'Location', 'value': 'Germany', 'rank': 8}]",Foreign,16,A,2020-12-14 21:04:46+00:00,World,"The agents, from a unit with poisonous chemicals expertise, were tracked by their telephones, the Bellingcat investigative group said, the strongest evidence of Moscow’s involvement in the nerve agent attack.",The New York Times,Europe,News,nyt://article/d53699ad-0921-578a-acb2-3ea645f5b84b,https://www.nytimes.com/2020/12/14/world/europe/navalny-russian-officers-poisoned.html,1370,By Michael Schwirtz,"Russian Officers Were Near Navalny When He Was Poisoned, Report Says",,"Russian Agents Were Close During Navalny Poisoning, Report Says","Aleksei Navalny, a Russian opposition leader, appeared by video during a hearing by the European Parliament’s foreign affairs committee in November. The European Parliament strongly condemned the assassination attempt on Mr. Navalny.","Olivier Hoslet/EPA, via Shutterstock",https://static01.nyt.com/images/2020/12/14/world/14navalny-1/merlin_180513453_190191e8-0f96-43c1-8830-31cf02f78e69-articleLarge.jpg,472,600,https://static01.nyt.com/images/2020/12/14/world/14navalny-1/14navalny-1-thumbStandard.jpg,75,75,"Russian Officers Were Near Navalny When He Was Poisoned, Report Says","Russian Officers Were Near Navalny When He Was Poisoned, Report Says The agents, from a unit with poisonous chemicals expertise, were tracked by their telephones, the Bellingcat investigative group said, the strongest evidence of Moscow’s involvement in the nerve agent attack. The agents, from a unit with poisonous chemicals expertise, were tracked by their telephones, the Bellingcat investigative group said, the strongest evidence of Moscow’s involvement in the nerve agent attack."
,article,nyt://article/cede6935-7d54-56d1-bdb4-af4a40ea3c78,[],Foreign,,,2020-12-11 11:15:31+00:00,World,,The New York Times,,News,nyt://article/cede6935-7d54-56d1-bdb4-af4a40ea3c78,https://www.nytimes.com/2020/12/11/world/secrecy-surrounds-the-reporting-of-covid-19-cases-in-college-athletics.html,345,"By Alan Blinder, Lauryn Higgins and Benjamin Guggenheim",Secrecy surrounds the reporting of Covid-19 cases in college athletics.,,,"Najee Harris of the Alabama Crimson Tide running against the LSU Tigers on Dec. 5, when the teams finally met after the game was postponed earlier in the season due to coronavirus infections.",Chris Graythen/Getty Images,https://static01.nyt.com/images/2020/12/11/world/11virus-briefing-collegesports-sub/merlin_180866493_3a6c2803-6daf-40b2-a1df-10486a3271e4-articleLarge.jpg,400,600,https://static01.nyt.com/images/2020/12/11/world/11virus-briefing-collegesports-sub/11virus-briefing-collegesports-sub-thumbStandard.jpg,75,75,Secrecy surrounds the reporting of Covid-19 cases in college athletics.,Secrecy surrounds the reporting of Covid-19 cases in college athletics.
"The more difficult the access to a story, the more often it is worth doing.",article,nyt://article/b7a7a491-1fec-5fc1-b932-7bd536ae05b8,[],Foreign,,,2020-12-11 04:59:48+00:00,World,"The more difficult the access to a story, the more often it is worth doing.",The New York Times,Australia,briefing,nyt://article/b7a7a491-1fec-5fc1-b932-7bd536ae05b8,https://www.nytimes.com/2020/12/10/world/australia/reporting-on-indigenous-australia.html,1196,By Livia Albeck-Ripka,Reporting on Indigenous Australia,Letter 188,,"Children cooling off in Wadeye, a remote Aboriginal community in the Northern Territory.",Matthew Abbott for The New York Times,https://static01.nyt.com/images/2020/12/04/world/11australialetter188-bushcourt/merlin_179231448_0655b7c7-87b5-444d-9c8f-5093655eb512-articleLarge.jpg,400,600,https://static01.nyt.com/images/2020/12/04/world/11australialetter188-bushcourt/00oz-bushcourt09-thumbStandard.jpg,75,75,Reporting on Indigenous Australia,"Reporting on Indigenous Australia The more difficult the access to a story, the more often it is worth doing. The more difficult the access to a story, the more often it is worth doing."
"At least 185 pro-government forces and 101 civilians were killed in Afghanistan in December. The Times confirmed 3,378 security-force and 1,468 civilian deaths in Afghanistan in 2020.",article,nyt://article/a37640b6-47cb-5471-9cf6-3921bbe41fb3,"[{'name': 'Subject', 'value': 'Civilian Casualties', 'rank': 1}, {'name': 'Subject', 'value': 'Afghanistan War (2001- )', 'rank': 2}, {'name': 'Location', 'value': 'Afghanistan', 'rank': 3}, {'name': 'Organization', 'value': 'Afghan National Police', 'rank': 4}, {'name': 'Organization', 'value': 'National Directorate of Security (Afghanistan)', 'rank': 5}, {'name': 'Organization', 'value': 'Taliban', 'rank': 6}]",Magazine,,,2020-12-10 20:12:02+00:00,World,At least 21 pro-government forces and eight civilians have been killed in Afghanistan so far this month.,The New York Times,Asia Pacific,News,nyt://article/a37640b6-47cb-5471-9cf6-3921bbe41fb3,https://www.nytimes.com/2020/12/10/world/asia/afghan-war-casualty-december-2020.html,4568,By Fahim Abed,Afghan War Casualty Report: December 2020,At War,,The site of a car bomb attack in Kabul on Dec. 20.,Zakeria Hashimi/Agence France-Presse — Getty Images,https://static01.nyt.com/images/2020/12/24/magazine/24atwar-casualty-report-december/merlin_181476807_8f4572c8-4f8e-43ce-96b3-0884e8bf62bf-articleLarge.jpg,400,600,https://static01.nyt.com/images/2020/12/24/magazine/24atwar-casualty-report-december/merlin_181476807_8f4572c8-4f8e-43ce-96b3-0884e8bf62bf-thumbStandard.jpg,75,75,Afghan War Casualty Report: December 2020,"Afghan War Casualty Report: December 2020 At least 185 pro-government forces and 101 civilians were killed in Afghanistan in December. The Times confirmed 3,378 security-force and 1,468 civilian deaths in Afghanistan in 2020. At least 21 pro-government forces and eight civilians have been killed in Afghanistan so far this month."
,article,nyt://article/d3969085-579a-5bc2-9905-6e1aadac59e8,[],Foreign,,,2020-12-10 15:32:10+00:00,World,,The New York Times,,Live Blog Post,nyt://article/d3969085-579a-5bc2-9905-6e1aadac59e8,https://www.nytimes.com/live/2020/12/10/world/covid-19-coronavirus/a-cdc-official-says-she-was-ordered-to-destroy-an-email-showing-a-trump-appointee-interfering-with-a-reports-publication,649,By Sheryl Gay Stolberg,A C.D.C. official says she was ordered to destroy an email showing a Trump appointee interfering with a report’s publication.,,,"Dr. Robert Redfield, director of the Centers for Disease Control and Prevention, testifying before Congress in September.",Anna Moneymaker for The New York Times,https://static01.nyt.com/images/2021/01/10/world/10virus-briefing-cdc-sub/merlin_177127071_7b99c0bf-aaca-46bb-8aac-135409f87819-articleLarge.jpg,400,600,https://static01.nyt.com/images/2021/01/10/world/10virus-briefing-cdc-sub/10virus-briefing-cdc-sub-thumbStandard.jpg,75,75,A C.D.C. official says she was ordered to destroy an email showing a Trump appointee interfering with a report’s publication.,A C.D.C. official says she was ordered to destroy an email showing a Trump appointee interfering with a report’s publication.
,article,nyt://article/435710b3-6d98-5084-b959-5693b1f214e7,[],Foreign,,,2020-12-03 18:01:34+00:00,World,,The New York Times,,Live Blog Post,nyt://article/435710b3-6d98-5084-b959-5693b1f214e7,https://www.nytimes.com/live/2020/12/03/world/covid-19-coronavirus/the-global-economy-could-suffer-without-equitable-access-to-vaccines-a-report-finds,277,By Jacey Fortin,"The global economy could suffer without equitable access to vaccines, a report finds.",,,An employee in the quarantine ward of an emergency shelter in Berlin on Tuesday. ,Lena Mucha for The New York Times,https://static01.nyt.com/images/2020/12/03/world/03VIRUS-BRIEFING-GLOBAL-ROUNDUP1/03VIRUS-BRIEFING-GLOBAL-ROUNDUP1-articleLarge.jpg,400,600,https://static01.nyt.com/images/2020/12/03/world/03VIRUS-BRIEFING-GLOBAL-ROUNDUP1/03VIRUS-BRIEFING-GLOBAL-ROUNDUP1-thumbStandard.jpg,75,75,"The global economy could suffer without equitable access to vaccines, a report finds.","The global economy could suffer without equitable access to vaccines, a report finds."
"After France’s president said NATO was suffering “brain death,” the alliance sought advice on how to stay vibrant as it faces new challenges from Russia and China.",article,nyt://article/3b52ba5f-96f8-50d3-b2e8-cfc5ec0fd8de,"[{'name': 'Subject', 'value': 'Politics and Government', 'rank': 1}, {'name': 'Subject', 'value': 'United States International Relations', 'rank': 2}, {'name': 'Subject', 'value': 'Defense and Military Forces', 'rank': 3}, {'name': 'Subject', 'value': 'International Relations', 'rank': 4}, {'name': 'Organization', 'value': 'European Union', 'rank': 5}, {'name': 'Person', 'value': 'Stoltenberg, Jens', 'rank': 6}, {'name': 'Location', 'value': 'Europe', 'rank': 7}, {'name': 'Organization', 'value': 'North Atlantic Treaty Organization', 'rank': 8}]",Foreign,15,A,2020-11-30 20:42:20+00:00,World,"After France’s president said NATO was suffering “brain death,” the alliance sought advice on how to stay vibrant as it faces new challenges from Russia and China.",The New York Times,Europe,News,nyt://article/3b52ba5f-96f8-50d3-b2e8-cfc5ec0fd8de,https://www.nytimes.com/2020/11/30/world/europe/nato-2030-russia-china.html,1001,By Steven Erlanger,"NATO Needs to Adapt Quickly to Stay Relevant for 2030, Report Urges",,NATO Report: Prepare For a Strategic Rivalry  With Russia and China,The NATO headquarters in Brussels earlier this year.,Virginia Mayo/Associated Press,https://static01.nyt.com/images/2020/11/30/world/30nato-1/merlin_180642834_1322c8e9-f517-4a9d-85e5-e3d94ef41ea5-articleLarge.jpg,366,600,https://static01.nyt.com/images/2020/11/30/world/30nato-1/merlin_180642834_1322c8e9-f517-4a9d-85e5-e3d94ef41ea5-thumbStandard.jpg,75,75,"NATO Needs to Adapt Quickly to Stay Relevant for 2030, Report Urges","NATO Needs to Adapt Quickly to Stay Relevant for 2030, Report Urges After France’s president said NATO was suffering “brain death,” the alliance sought advice on how to stay vibrant as it faces new challenges from Russia and China. After France’s president said NATO was suffering “brain death,” the alliance sought advice on how to stay vibrant as it faces new challenges from Russia and China."
,article,nyt://article/63da1781-d360-516d-a504-e0197db03263,[],Foreign,,,2020-11-28 14:31:20+00:00,World,,The New York Times,,Live Blog Post,nyt://article/63da1781-d360-516d-a504-e0197db03263,https://www.nytimes.com/live/2020/11/28/world/covid-19-coronavirus/us-coronavirus-infections-shoot-past-13-million-even-as-the-thanksgiving-holiday-blurs-state-reporting,566,"By Lauren Wolfe, Mitch Smith and Lisa Waananen Jones","U.S. coronavirus infections shoot past 13 million, even as the Thanksgiving holiday blurs state reporting.",,,"An ambulance drives past the John Peter Smith Hospital in Fort Worth, Texas, on Friday. ",Desiree Rios for The New York Times,https://static01.nyt.com/images/2020/11/28/world/28VIRUS-BRIEFING-STATEOFVIRUS1/28VIRUS-BRIEFING-STATEOFVIRUS1-articleLarge.jpg,400,600,https://static01.nyt.com/images/2020/11/28/world/28VIRUS-BRIEFING-STATEOFVIRUS1/28VIRUS-BRIEFING-STATEOFVIRUS1-thumbStandard.jpg,75,75,"U.S. coronavirus infections shoot past 13 million, even as the Thanksgiving holiday blurs state reporting.","U.S. coronavirus infections shoot past 13 million, even as the Thanksgiving holiday blurs state reporting."
,article,nyt://article/50e1a0ee-43e7-50a0-9cef-b3de33b31cab,[],Foreign,,,2020-11-26 13:22:32+00:00,World,,The New York Times,,News,nyt://article/50e1a0ee-43e7-50a0-9cef-b3de33b31cab,https://www.nytimes.com/2020/11/26/world/south-korea-reports-its-biggest-one-day-jump-in-cases-in-eight-months.html,188,By Choe Sang-Hun,South Korea reports its biggest one-day jump in cases in eight months.,,,"Wearing face masks in Seoul, South Korea, on Thursday. The latest surge in infections started this month, spreading through smaller clusters across the country.",Ed Jones/Agence France-Presse — Getty Images,https://static01.nyt.com/images/2020/11/26/world/26virus-briefing-skorea/merlin_180467958_46dcf3a5-6f47-499b-bac3-20c69c856307-articleLarge.jpg,399,600,https://static01.nyt.com/images/2020/11/26/world/26virus-briefing-skorea/26virus-briefing-skorea-thumbStandard.jpg,75,75,South Korea reports its biggest one-day jump in cases in eight months.,South Korea reports its biggest one-day jump in cases in eight months.
The results were based on an unspecified small group of volunteers during the ongoing Phase 3 trial of the vaccine.,article,nyt://article/531b605c-e70c-5641-9f0b-69630e9c8150,[],Foreign,,,2020-11-24 16:37:34+00:00,World,,The New York Times,,News,nyt://article/531b605c-e70c-5641-9f0b-69630e9c8150,https://www.nytimes.com/2020/11/24/world/sputnik-vaccine-russia.html,567,By Andrew E. Kramer,A Russian vaccine maker reports positive results based on an incomplete trial.,,,A volunteer received a trial coronavirus vaccine at a clinic in Moscow in September.,Sergey Ponomarev for The New York Times,https://static01.nyt.com/images/2020/12/24/world/24virus-briefing-sputnik/merlin_176855322_1932caac-9177-4524-96c6-4b4af39d3373-articleLarge.jpg,400,600,https://static01.nyt.com/images/2020/12/24/world/24virus-briefing-sputnik/24virus-briefing-sputnik-thumbStandard.jpg,75,75,A Russian vaccine maker reports positive results based on an incomplete trial.,A Russian vaccine maker reports positive results based on an incomplete trial. The results were based on an unspecified small group of volunteers during the ongoing Phase 3 trial of the vaccine.
"Clashing reports about the meeting, which would be the first between high-level Israeli and Saudi leaders, show how far apart the two countries remain.",article,nyt://article/f489ca61-6023-5836-83c3-3c0fb4e13a90,"[{'name': 'Location', 'value': 'Israel', 'rank': 1}, {'name': 'Location', 'value': 'Saudi Arabia', 'rank': 2}, {'name': 'Person', 'value': 'Netanyahu, Benjamin', 'rank': 3}, {'name': 'Person', 'value': 'Mohammed bin Salman (1985- )', 'rank': 4}, {'name': 'Subject', 'value': 'International Relations', 'rank': 5}]",Foreign,9,A,2020-11-23 09:28:47+00:00,World,"Clashing reports about the meeting, which would be the first between high-level Israeli and Saudi leaders, show how far apart the two countries remain.",The New York Times,Middle East,News,nyt://article/f489ca61-6023-5836-83c3-3c0fb4e13a90,https://www.nytimes.com/2020/11/23/world/middleeast/netanyahu-mohammed-bin-salman.html,1298,"By Ben Hubbard, David M. Halbfinger and Ronen Bergman",Israeli Reports Say Netanyahu Met Saudi Crown Prince. Saudis Deny It.,,"Israel Lauds Meeting of Netanyahu and Crown Prince, While Saudis Deny It",A visit to Saudi Arabia by Prime Minister Benjamin Netanyahu of Israel could signal an acceleration of gradually warming relations between the two powers.,Pool photo by Maya Alleruzzo,https://static01.nyt.com/images/2020/11/23/world/23israel-saudi01/merlin_180314610_86e92a61-2550-4a50-aa7c-1af5bdafb026-articleLarge.jpg,394,600,https://static01.nyt.com/images/2020/11/23/world/23israel-saudi01/23israel-saudi01-thumbStandard-v2.jpg,75,75,Israeli Reports Say Netanyahu Met Saudi Crown Prince. Saudis Deny It.,"Israeli Reports Say Netanyahu Met Saudi Crown Prince. Saudis Deny It. Clashing reports about the meeting, which would be the first between high-level Israeli and Saudi leaders, show how far apart the two countries remain. Clashing reports about the meeting, which would be the first between high-level Israeli and Saudi leaders, show how far apart the two countries remain."
,article,nyt://article/504bb5fb-1e3f-532b-a98c-a3c6c6c8e4b1,[],Foreign,,,2020-11-20 10:02:48+00:00,World,,The New York Times,,News,nyt://article/504bb5fb-1e3f-532b-a98c-a3c6c6c8e4b1,https://www.nytimes.com/2020/11/20/world/a-chinese-drugmaker-reports-progress-on-a-vaccine-candidate.html,432,By Amy Qin and Choe Sang-Hun,A Chinese drugmaker reports progress on a vaccine candidate.,,,"People participating in a large-scale trial of the Sinopharm coronavirus vaccine in August in Manama, Bahrain.",Mazen Mahdi/Agence France-Presse — Getty Images,https://static01.nyt.com/images/2020/11/20/world/20virus-briefing-china-vaccine/merlin_176464032_c976300b-07da-437c-9a99-21fc601956dd-articleLarge.jpg,398,600,https://static01.nyt.com/images/2020/11/20/world/20virus-briefing-china-vaccine/20virus-briefing-china-vaccine-thumbStandard.jpg,75,75,A Chinese drugmaker reports progress on a vaccine candidate.,A Chinese drugmaker reports progress on a vaccine candidate.
,article,nyt://article/93bb06f8-f54a-5115-ae1c-5f4ff0d9d90a,[],Foreign,,,2020-11-18 11:05:07+00:00,World,,The New York Times,,News,nyt://article/93bb06f8-f54a-5115-ae1c-5f4ff0d9d90a,https://www.nytimes.com/2020/11/18/world/children-in-the-us-may-miss-9-million-vaccine-doses-this-year-a-report-warns.html,318,By Neil Vigdor,"Children in the U.S. may miss 9 million vaccine doses this year, a report warns.",,,A pediatrician brings routine care and scheduled vaccinations to children at home in Boston.,Brian Snyder/Reuters,https://static01.nyt.com/images/2020/11/18/world/18virus-briefing-childhood-vaccinations/merlin_172323360_e93d10e6-5174-42f6-9d85-a16dfb4827a8-articleLarge.jpg,400,600,https://static01.nyt.com/images/2020/11/18/world/18virus-briefing-childhood-vaccinations/18virus-briefing-childhood-vaccinations-thumbStandard.jpg,75,75,"Children in the U.S. may miss 9 million vaccine doses this year, a report warns.","Children in the U.S. may miss 9 million vaccine doses this year, a report warns."
The former pope was fast-tracked for canonization immediately after his death. But a tarnished legacy in dealing with the church’s sex abuse scandals has left critics to wonder whether it was too fast.,article,nyt://article/701f855d-0215-511a-9165-35723a57f68c,"[{'name': 'Person', 'value': 'John Paul II', 'rank': 1}, {'name': 'Organization', 'value': 'Roman Catholic Church', 'rank': 2}, {'name': 'Subject', 'value': 'Beatifications and Canonizations', 'rank': 3}, {'name': 'Subject', 'value': 'Popes', 'rank': 4}, {'name': 'Subject', 'value': 'Priests', 'rank': 5}, {'name': 'Subject', 'value': 'Sex Crimes', 'rank': 6}, {'name': 'Subject', 'value': 'Child Abuse and Neglect', 'rank': 7}, {'name': 'Person', 'value': 'Francis', 'rank': 8}, {'name': 'Person', 'value': 'McCarrick, Theodore E', 'rank': 9}]",Foreign,1,A,2020-11-14 14:23:23+00:00,World,The former pope was fast-tracked for canonization immediately after his death. But a tarnished legacy in dealing with the church’s sex abuse scandals has left critics to wonder whether it was too fast.,The New York Times,Europe,News,nyt://article/701f855d-0215-511a-9165-35723a57f68c,https://www.nytimes.com/2020/11/14/world/europe/john-paul-vatican.html,1656,By Jason Horowitz,Sainted Too Soon? Vatican Report Cast John Paul II in Harsh New Light,,Vatican Report Puts a Saint in a Harsher Light,Pope John Paul II greeting worshipers in St. Peter’s Basilica at the Vatican in 1999.,James Hill for The New York Times,https://static01.nyt.com/images/2020/11/14/world/14vatican1sub/14vatican1sub-articleLarge.jpg,399,600,https://static01.nyt.com/images/2020/11/14/world/14vatican1sub/14vatican1sub-thumbStandard.jpg,75,75,Sainted Too Soon? Vatican Report Cast John Paul II in Harsh New Light,Sainted Too Soon? Vatican Report Cast John Paul II in Harsh New Light The former pope was fast-tracked for canonization immediately after his death. But a tarnished legacy in dealing with the church’s sex abuse scandals has left critics to wonder whether it was too fast. The former pope was fast-tracked for canonization immediately after his death. But a tarnished legacy in dealing with the church’s sex abuse scandals has left critics to wonder whether it was too fast.
"Dozens of officers converged on the offices of Ubisoft, a large video game company, but a shaken neighborhood later breathed a sigh of relief.",article,nyt://article/72a00ad5-c02f-521f-a258-b751bb2b6732,"[{'name': 'Organization', 'value': 'Ubisoft Entertainment', 'rank': 1}, {'name': 'Location', 'value': 'Montreal (Quebec)', 'rank': 2}]",Foreign,,,2020-11-13 20:28:02+00:00,World,"Dozens of officer converged on the offices of Ubisoft, a large video game company, but a shaken neighborhood later breathed a sigh of relief.",The New York Times,Canada,News,nyt://article/72a00ad5-c02f-521f-a258-b751bb2b6732,https://www.nytimes.com/2020/11/13/world/canada/canada-montreal-ubisoft.html,403,By Dan Bilefsky and Catherine Porter,"911 Call Spurs Fear and Evacuation, but Montreal Police Report No Threat",,,The police evacuated the Ubisoft office in Montreal on Friday.,Andrej Ivanov/Agence France-Presse — Getty Images,https://static01.nyt.com/images/2020/11/13/world/13montreal-ledesub/merlin_179988624_19590a82-f165-4036-bb8d-6b0f73ccdb69-articleLarge.jpg,400,600,https://static01.nyt.com/images/2020/11/13/world/13montreal-ledesub/13montreal-ledesub-thumbStandard.jpg,75,75,"911 Call Spurs Fear and Evacuation, but Montreal Police Report No Threat","911 Call Spurs Fear and Evacuation, but Montreal Police Report No Threat Dozens of officers converged on the offices of Ubisoft, a large video game company, but a shaken neighborhood later breathed a sigh of relief. Dozens of officer converged on the offices of Ubisoft, a large video game company, but a shaken neighborhood later breathed a sigh of relief."
"Mr. Cummings, who masterminded the Brexit campaign in 2016 and helped vault Mr. Johnson into office, quit amid fierce infighting.",article,nyt://article/b5025705-9885-572c-9691-0bf460e13194,"[{'name': 'Location', 'value': 'Great Britain', 'rank': 1}, {'name': 'Subject', 'value': 'Politics and Government', 'rank': 2}, {'name': 'Person', 'value': 'Johnson, Boris', 'rank': 3}, {'name': 'Person', 'value': 'Cummings, Dominic (1971- )', 'rank': 4}, {'name': 'Subject', 'value': 'Great Britain Withdrawal from EU (Brexit)', 'rank': 5}, {'name': 'Organization', 'value': 'Conservative Party (Great Britain)', 'rank': 6}]",Foreign,10,A,2020-11-13 17:49:57+00:00,World,"Mr. Cummings, who masterminded the Brexit campaign in 2016 and helped vault Mr. Johnson into office, quit amid fierce infighting.",The New York Times,Europe,News,nyt://article/b5025705-9885-572c-9691-0bf460e13194,https://www.nytimes.com/2020/11/13/world/europe/dominic-cummings-boris-johnson-uk.html,843,By Mark Landler and Stephen Castle,"Dominic Cummings, Powerful Aide to Boris Johnson, Resigns, Report Says",,Influential Johnson Aide Quits U.K. Government,Dominic Cummings leaving 10 Downing Street in London on Friday.,Henry Nicholls/Reuters,https://static01.nyt.com/images/2020/11/13/world/13cummings-1/merlin_179977326_cd436aa2-7ebe-4ae3-bb11-b181dc1fc7e5-articleLarge.jpg,400,600,https://static01.nyt.com/images/2020/11/13/world/13cummings-1/13cummings-1-thumbStandard.jpg,75,75,"Dominic Cummings, Powerful Aide to Boris Johnson, Resigns, Report Says","Dominic Cummings, Powerful Aide to Boris Johnson, Resigns, Report Says Mr. Cummings, who masterminded the Brexit campaign in 2016 and helped vault Mr. Johnson into office, quit amid fierce infighting. Mr. Cummings, who masterminded the Brexit campaign in 2016 and helped vault Mr. Johnson into office, quit amid fierce infighting."
"In elevating Theodore E. McCarrick to the position of cardinal, the former pope disregarded warnings and believed the prelate’s denials about sexual abuse, an inquiry found.",article,nyt://article/9d624ad4-bad0-5bd3-8608-e9ae015bcde4,"[{'name': 'Person', 'value': 'McCarrick, Theodore E', 'rank': 1}, {'name': 'Organization', 'value': 'Roman Catholic Church', 'rank': 2}, {'name': 'Subject', 'value': 'Priests', 'rank': 3}, {'name': 'Subject', 'value': 'Sex Crimes', 'rank': 4}, {'name': 'Subject', 'value': 'Child Abuse and Neglect', 'rank': 5}, {'name': 'Subject', 'value': 'Sexual Harassment', 'rank': 6}, {'name': 'Subject', 'value': 'Ethics and Official Misconduct', 'rank': 7}, {'name': 'Person', 'value': 'Francis', 'rank': 8}, {'name': 'Person', 'value': 'John Paul II', 'rank': 9}]",Foreign,1,A,2020-11-10 13:05:21+00:00,World,"In elevating Theodore E. McCarrick to the position of cardinal, the former pope disregarded warnings and believed the prelate’s denials about sexual abuse, an inquiry found.",The New York Times,Europe,News,nyt://article/9d624ad4-bad0-5bd3-8608-e9ae015bcde4,https://www.nytimes.com/2020/11/10/world/europe/theodore-mccarrick-vatican.html,1602,By Jason Horowitz,Vatican Report Places Blame for McCarrick’s Ascent on John Paul II,,Vatican Inquiry Says John Paul Knew of Abuse,"Theodore E. McCarrick, right, with Pope John Paul II in St. Peter’s Square in Vatican City in 2001.",Vincenzo Pinto/Reuters,https://static01.nyt.com/images/2020/11/10/world/10mccarrick8/merlin_10016857_ab7d9fd8-761b-4eb5-bff2-733b4a10a7d5-articleLarge.jpg,441,600,https://static01.nyt.com/images/2020/11/10/world/10mccarrick8/merlin_10016857_ab7d9fd8-761b-4eb5-bff2-733b4a10a7d5-thumbStandard.jpg,75,75,Vatican Report Places Blame for McCarrick’s Ascent on John Paul II,"Vatican Report Places Blame for McCarrick’s Ascent on John Paul II In elevating Theodore E. McCarrick to the position of cardinal, the former pope disregarded warnings and believed the prelate’s denials about sexual abuse, an inquiry found. In elevating Theodore E. McCarrick to the position of cardinal, the former pope disregarded warnings and believed the prelate’s denials about sexual abuse, an inquiry found."
,article,nyt://article/e3544c98-cc4a-5eb0-a8a6-b8046dead5a4,[],Foreign,,,2020-11-09 12:20:15+00:00,World,,The New York Times,,Live Blog Post,nyt://article/e3544c98-cc4a-5eb0-a8a6-b8046dead5a4,https://www.nytimes.com/live/2020/11/09/world/covid-19-coronavirus-live-updates/shanghai-reports-a-coronavirus-case,286,By Keith Bradsher,Shanghai reports a coronavirus case.,,,"Shanghai managed to avoid a widespread coronavirus outbreak last winter despite being in the same Yangtze River system as Wuhan, where the virus first emerged.",Hector Retamal/Agence France-Presse — Getty Images,https://static01.nyt.com/images/2020/11/09/world/09virus-briefing-shanghai/merlin_179448699_2534fe29-d855-44eb-be50-e07de5698ca5-articleLarge.jpg,399,600,https://static01.nyt.com/images/2020/11/09/world/09virus-briefing-shanghai/merlin_179448699_2534fe29-d855-44eb-be50-e07de5698ca5-thumbStandard.jpg,75,75,Shanghai reports a coronavirus case.,Shanghai reports a coronavirus case.
,article,nyt://article/778adf37-570f-5e26-9c03-80e60580722f,[],Foreign,,,2020-11-09 09:56:40+00:00,World,,The New York Times,Europe,News,nyt://article/778adf37-570f-5e26-9c03-80e60580722f,https://www.nytimes.com/2020/11/09/world/europe/france-and-italy-report-record-cases-as-virus-ravages-europe.html,248,By Bryan Pietsch,France and Italy report record cases as virus ravages Europe.,,,Police patrolling during the first day of a lockdown in Milan on Friday. Italy and France reported record numbers of coronavirus infections in recent days.,Alessandro Grassani for The New York Times,https://static01.nyt.com/images/2020/11/08/us/politics/08VIRUS-BRIEFING-EUROPERECORDS1/merlin_179680845_3320199f-bdfe-4268-a115-0bddf4de5e89-articleLarge.jpg,401,600,https://static01.nyt.com/images/2020/11/08/us/politics/08VIRUS-BRIEFING-EUROPERECORDS1/merlin_179680845_3320199f-bdfe-4268-a115-0bddf4de5e89-thumbStandard.jpg,75,75,France and Italy report record cases as virus ravages Europe.,France and Italy report record cases as virus ravages Europe.
,article,nyt://article/37ffe577-d33d-5f9c-8973-507a7ad65a97,[],Foreign,,,2020-11-09 00:50:59+00:00,World,,The New York Times,,Live Blog Post,nyt://article/37ffe577-d33d-5f9c-8973-507a7ad65a97,https://www.nytimes.com/live/2020/11/08/world/covid19-coronavirus-live-updates/france-and-italy-report-record-cases-as-virus-ravages-europe,252,By Bryan Pietsch,France and Italy report record cases as virus ravages Europe.,,,Police patrolling during the first day of a lockdown in Milan on Friday. Italy and France reported record numbers of coronavirus infections in recent days.,Alessandro Grassani for The New York Times,https://static01.nyt.com/images/2020/11/08/us/politics/08VIRUS-BRIEFING-EUROPERECORDS1/merlin_179680845_3320199f-bdfe-4268-a115-0bddf4de5e89-articleLarge.jpg,401,600,https://static01.nyt.com/images/2020/11/08/us/politics/08VIRUS-BRIEFING-EUROPERECORDS1/merlin_179680845_3320199f-bdfe-4268-a115-0bddf4de5e89-thumbStandard.jpg,75,75,France and Italy report record cases as virus ravages Europe.,France and Italy report record cases as virus ravages Europe.
,article,nyt://article/f8a46000-a4ae-5933-bd47-f7806f2e35cc,[],Foreign,,,2020-11-05 18:04:55+00:00,World,,The New York Times,,Live Blog Post,nyt://article/f8a46000-a4ae-5933-bd47-f7806f2e35cc,https://www.nytimes.com/live/2020/11/05/world/covid-19-coronavirus-updates/staten-island-coronavirus,307,By Troy Closson,"Two areas in Staten Island are reporting a concerning rise in cases, the mayor says.",,,"While two areas of Staten Island have reported positivity rates of over 3 percent, local officials said the uptick was caught in its early stages and was ultimately a “narrow problem.” ",Andrew Kelly/Reuters,https://static01.nyt.com/images/2020/11/05/us/05virus-briefing-statenisland/05virus-briefing-statenisland-articleLarge.jpg,400,600,https://static01.nyt.com/images/2020/11/05/us/05virus-briefing-statenisland/05virus-briefing-statenisland-thumbStandard.jpg,75,75,"Two areas in Staten Island are reporting a concerning rise in cases, the mayor says.","Two areas in Staten Island are reporting a concerning rise in cases, the mayor says."
,article,nyt://article/87d2f870-256c-55d9-895b-3eba97b8a786,[],Foreign,,,2020-11-02 03:51:47+00:00,World,,The New York Times,,Live Blog Post,nyt://article/87d2f870-256c-55d9-895b-3eba97b8a786,https://www.nytimes.com/live/2020/11/01/world/covid-19-coronavirus-updates/prince-william-covid,190,,British media report Prince William had Covid-19 in April.,,,Prince William last month.,Pool photo by Jack Hill,https://static01.nyt.com/images/2020/11/01/us/01virus-briefing-william/01virus-briefing-william-articleLarge-v2.jpg,447,600,https://static01.nyt.com/images/2020/11/01/us/01virus-briefing-william/01virus-briefing-william-thumbStandard.jpg,75,75,British media report Prince William had Covid-19 in April.,British media report Prince William had Covid-19 in April.
,article,nyt://article/6dcbf700-180c-51d1-b16b-dbea4ed690a5,[],Foreign,,,2020-11-02 02:11:15+00:00,World,,The New York Times,,Live Blog Post,nyt://article/6dcbf700-180c-51d1-b16b-dbea4ed690a5,https://www.nytimes.com/live/2020/11/01/world/covid-19-coronavirus-updates/australia-reports-no-new-cases-for-the-first-time-in-nearly-five-months,315,By Yan Zhuang and Raphael Minder,Australia reports no new cases for the first time in nearly five months.,GLOBAL ROUNDUP,,"Circular Quay, a tourist area in Sydney, Australia, last month.",Matthew Abbott for The New York Times,https://static01.nyt.com/images/2020/11/01/us/01virus-briefing-global-roundup/01virus-briefing-global-roundup-articleLarge.jpg,400,600,https://static01.nyt.com/images/2020/11/01/us/01virus-briefing-global-roundup/01virus-briefing-global-roundup-thumbStandard.jpg,75,75,Australia reports no new cases for the first time in nearly five months.,Australia reports no new cases for the first time in nearly five months.
,article,nyt://article/9d4927c7-b984-51ea-8589-b1425a86771e,[],Foreign,,,2020-10-30 22:17:44+00:00,World,,The New York Times,,Live Blog Post,nyt://article/9d4927c7-b984-51ea-8589-b1425a86771e,https://www.nytimes.com/live/2020/10/30/world/covid-19-coronavirus-updates/new-cdc-report-shows-how-quickly-the-virus-can-spread-within-households-even-when-the-first-case-is-a-child,327,By Denise Grady,"New C.D.C. report shows how quickly the virus can spread within households, even when the first case is a child.",,,A North Dakota family checks in on a tablet for self-administered coronavirus saliva tests at a testing site.,Bing Guan/Reuters,https://static01.nyt.com/images/2020/10/30/us/30virus-briefing-households1/merlin_179052618_88e32da8-5167-4ab8-9c64-58718cb4c4e9-articleLarge.jpg,400,600,https://static01.nyt.com/images/2020/10/30/us/30virus-briefing-households1/30virus-briefing-households1-thumbStandard.jpg,75,75,"New C.D.C. report shows how quickly the virus can spread within households, even when the first case is a child.","New C.D.C. report shows how quickly the virus can spread within households, even when the first case is a child."
"Izzat Ibrahim al-Douri, who had eluded capture for 17 years, was Mr. Hussein’s right-hand man in a government that dealt brutally with Iraqi civilians and unleashed catastrophic regional wars.",article,nyt://article/4dd02d57-5cf6-5247-8765-35f09c0a0557,"[{'name': 'Location', 'value': 'Iraq', 'rank': 1}, {'name': 'Person', 'value': 'Douri, Izzat Ibrahim al-', 'rank': 2}, {'name': 'Organization', 'value': 'Islamic State in Iraq and Syria (ISIS)', 'rank': 3}, {'name': 'Person', 'value': 'Hussein, Saddam', 'rank': 4}, {'name': 'Organization', 'value': 'Baath Party', 'rank': 5}]",Foreign,,,2020-10-29 19:07:45+00:00,World,"Izzat Ibrahim al-Douri, who had eluded capture for 17 years, was Mr. Hussein’s right-hand man in a government that dealt brutally with Iraqi civilians and unleashed catastrophic regional wars.",The New York Times,Middle East,News,nyt://article/4dd02d57-5cf6-5247-8765-35f09c0a0557,https://www.nytimes.com/2020/10/29/world/middleeast/izzat-al-douri-saddam-hussein-iraq.html,774,By Abdi Latif Dahir and Falih Hassan,A Top Aide to Saddam Hussein Is Reported Dead,,,"Izzat Ibrahim al-Douri, one of Saddam Hussein’s top aides, in Baghdad in 2002.",Tyler Hicks/The New York Times,https://static01.nyt.com/images/2020/10/29/world/29douri-obit1/29douri-obit1-articleLarge.jpg,398,600,https://static01.nyt.com/images/2020/10/29/world/29douri-obit1/29douri-obit1-thumbStandard.jpg,75,75,A Top Aide to Saddam Hussein Is Reported Dead,"A Top Aide to Saddam Hussein Is Reported Dead Izzat Ibrahim al-Douri, who had eluded capture for 17 years, was Mr. Hussein’s right-hand man in a government that dealt brutally with Iraqi civilians and unleashed catastrophic regional wars. Izzat Ibrahim al-Douri, who had eluded capture for 17 years, was Mr. Hussein’s right-hand man in a government that dealt brutally with Iraqi civilians and unleashed catastrophic regional wars."
,article,nyt://article/ff3f1269-32a7-5938-8154-bf7169851385,[],Foreign,,,2020-10-29 18:49:25+00:00,World,,The New York Times,,Live Blog Post,nyt://article/ff3f1269-32a7-5938-8154-bf7169851385,https://www.nytimes.com/live/2020/10/29/world/covid-19-coronavirus-updates/at-least-116-attendees-of-school-retreat-in-wisconsin-over-the-summer-tested-positive-cdc-report-says,394,By Roni Caryn Rabin,"At least 116 attendees of school retreat in Wisconsin over the summer tested positive, C.D.C. report says.",,,"A row of cabins at the Camp Winnebago summer camp in Fayette, Maine. ",Robert F. Bukaty/Associated Press,https://static01.nyt.com/images/2020/10/29/multimedia/29virus-briefing-summercamp/merlin_174258162_51bdc640-b56f-4e85-a5a9-85c426db04d7-articleLarge.jpg,400,600,https://static01.nyt.com/images/2020/10/29/multimedia/29virus-briefing-summercamp/29virus-briefing-summercamp-thumbStandard.jpg,75,75,"At least 116 attendees of school retreat in Wisconsin over the summer tested positive, C.D.C. report says.","At least 116 attendees of school retreat in Wisconsin over the summer tested positive, C.D.C. report says."
,article,nyt://article/6a2678c6-95f4-5975-b07f-5e9326b090a3,[],Foreign,,,2020-10-28 20:00:01+00:00,World,,The New York Times,,Live Blog Post,nyt://article/6a2678c6-95f4-5975-b07f-5e9326b090a3,https://www.nytimes.com/live/2020/10/28/world/covid-19-coronavirus-updates/mta-service-cuts-could-cost-the-new-york-metropolitan-area-450000-jobs-by-2022-a-report-finds,598,"By Christina Goldbaum, Mihir Zaveri and Troy Closson","M.T.A. service cuts could cost the New York metropolitan area 450,000 jobs by 2022, a report finds.",NEW YORK ROUNDUP,,An M.T.A. employee cleans the floors at the Essex street subway station in New York City.,Brittainy Newman/The New York Times,https://static01.nyt.com/images/2020/10/28/us/28virus-breifing-mta/merlin_172394604_7fdd683b-3aa4-48c0-8b9f-718dbb7ea6dc-articleLarge.jpg,400,600,https://static01.nyt.com/images/2020/10/28/us/28virus-breifing-mta/merlin_172394604_7fdd683b-3aa4-48c0-8b9f-718dbb7ea6dc-thumbStandard.jpg,75,75,"M.T.A. service cuts could cost the New York metropolitan area 450,000 jobs by 2022, a report finds.","M.T.A. service cuts could cost the New York metropolitan area 450,000 jobs by 2022, a report finds."
,article,nyt://article/b5e779ea-ba93-5e78-8536-c8e5404972cb,"[{'name': 'Subject', 'value': 'Coronavirus (2019-nCoV)', 'rank': 2}]",Foreign,,,2020-10-28 08:02:11+00:00,World,,The New York Times,,Live Blog Post,nyt://article/b5e779ea-ba93-5e78-8536-c8e5404972cb,https://www.nytimes.com/live/2020/10/28/world/covid-19-coronavirus-updates/us-reports-a-record-500000-new-cases-in-the-past-week-as-the-trump-administration-says-it-is-ending-the-pandemic,418,By John Ismay and Lucy Tompkins,"U.S. reports a record 500,000 new cases in the past week, as the Trump administration says it is ending the pandemic.",,,Self-administered coronavirus tests being distributed in Chicago.,Taylor Glascock for The New York Times,https://static01.nyt.com/images/2020/10/27/us/27virus-briefing-chicago2/merlin_179009079_37724abd-300e-4024-9941-76116eb96dd0-articleLarge.jpg,400,600,https://static01.nyt.com/images/2020/10/27/us/27virus-briefing-chicago2/merlin_179009079_37724abd-300e-4024-9941-76116eb96dd0-thumbStandard.jpg,75,75,"U.S. reports a record 500,000 new cases in the past week, as the Trump administration says it is ending the pandemic.","U.S. reports a record 500,000 new cases in the past week, as the Trump administration says it is ending the pandemic."
,article,nyt://article/449b7992-e519-56ba-be5a-866406ad9ba3,[],Foreign,,,2020-10-24 23:35:03+00:00,World,,The New York Times,,Live Blog Post,nyt://article/449b7992-e519-56ba-be5a-866406ad9ba3,https://www.nytimes.com/live/2020/10/24/world/covid-19-coronavirus-updates/record-numbers-of-daily-infections-are-reported-in-six-states-including-ohio-and-illinois,508,By Mitch Smith,"Record numbers of daily infections are reported in six states, including Ohio and Illinois.",,,Lining up for testing in Chicago this weekend.,Taylor Glascock for The New York Times,https://static01.nyt.com/images/2020/10/26/us/26virus-briefing-illinois/merlin_179009094_11bac8b7-145f-4340-b28e-f41d19014631-articleLarge.jpg,400,600,https://static01.nyt.com/images/2020/10/26/us/26virus-briefing-illinois/26virus-briefing-illinois-thumbStandard.jpg,75,75,"Record numbers of daily infections are reported in six states, including Ohio and Illinois.","Record numbers of daily infections are reported in six states, including Ohio and Illinois."
,article,nyt://article/14cfd358-acc1-56c7-860d-3c860ea0752a,[],Foreign,,,2020-10-23 12:08:10+00:00,World,,The New York Times,,Live Blog Post,nyt://article/14cfd358-acc1-56c7-860d-3c860ea0752a,https://www.nytimes.com/live/2020/10/23/world/covid-19-coronavirus-updates/istanbul-has-40-percent-of-turkeys-virus-cases-a-top-official-reports,165,By The New York Times,"Istanbul has 40 percent of Turkey’s virus cases, a top official reports.",,,On a ferry over the Bosphorus in Istanbul this week.,Murad Sezer/Reuters,https://static01.nyt.com/images/2020/10/23/multimedia/23virus-briefing-istanbul/merlin_178795047_2fd27745-cfee-4d71-ab44-798da19da383-articleLarge.jpg,400,600,https://static01.nyt.com/images/2020/10/23/multimedia/23virus-briefing-istanbul/23virus-briefing-istanbul-thumbStandard.jpg,75,75,"Istanbul has 40 percent of Turkey’s virus cases, a top official reports.","Istanbul has 40 percent of Turkey’s virus cases, a top official reports."
,article,nyt://article/922b95c6-88de-53bc-b2bd-65b7a075102f,[],Foreign,,,2020-10-23 08:16:26+00:00,World,,The New York Times,,News,nyt://article/922b95c6-88de-53bc-b2bd-65b7a075102f,https://www.nytimes.com/2020/10/23/world/the-us-reported-its-second-highest-daily-case-total-since-the-start-of-the-pandemic.html,193,By Elaine Yu and Mitch Smith,The U.S. reported its second-highest daily case total since the start of the pandemic.,,,Health care workers offered coronavirus testing outside an early-voting site in Miami this week.,Lynne Sladky/Associated Press,https://static01.nyt.com/images/2020/10/23/world/23virus-testing-usnumbers-1/merlin_178761858_00d4c7b8-6780-49b3-944e-4d6c854e605c-articleLarge.jpg,400,600,https://static01.nyt.com/images/2020/10/23/world/23virus-testing-usnumbers-1/23virus-testing-usnumbers-1-thumbStandard.jpg,75,75,The U.S. reported its second-highest daily case total since the start of the pandemic.,The U.S. reported its second-highest daily case total since the start of the pandemic.
Nigerians are stunned after police and soldiers opened fire on protesters against police brutality. The largely peaceful demonstrations have grown into a challenge for the government.,article,nyt://article/ac27b9c9-abe3-53ae-adf9-2384b3d4e5f4,"[{'name': 'Location', 'value': 'Nigeria', 'rank': 1}, {'name': 'Location', 'value': 'Lagos (Nigeria)', 'rank': 2}, {'name': 'Subject', 'value': 'Police Brutality, Misconduct and Shootings', 'rank': 3}, {'name': 'Subject', 'value': 'Demonstrations, Protests and Riots', 'rank': 4}, {'name': 'Person', 'value': 'Buhari, Muhammadu', 'rank': 5}, {'name': 'Subject', 'value': 'Politics and Government', 'rank': 6}, {'name': 'Subject', 'value': 'Deaths (Fatalities)', 'rank': 7}]",Foreign,9,A,2020-10-21 20:33:28+00:00,World,Nigerians are stunned after police and soldiers opened fire on protesters against police brutality. The largely peaceful demonstrations have grown into a challenge for the government.,The New York Times,Africa,News,nyt://article/ac27b9c9-abe3-53ae-adf9-2384b3d4e5f4,https://www.nytimes.com/2020/10/21/world/africa/nigeria-shooting-protesters-SARS-Lekki.html,1364,By Shola Lawal and Monica Mark,A Dozen Protesters in Nigeria Reported Killed by Security Forces,,Nigeria in Shock After Police and Soldiers Fatally Shoot Protesters,A Nigerian state security vehicle moved through a crowd of protesters in the Lagos area on Tuesday.,Benson Ibeabuchi/Agence France-Presse — Getty Images,https://static01.nyt.com/images/2020/10/21/world/21Nigeria-Shooting3/21Nigeria-Shooting3-articleLarge-v2.jpg,400,600,https://static01.nyt.com/images/2020/10/21/world/21Nigeria-Shooting3/21Nigeria-Shooting3-thumbStandard-v2.jpg,75,75,A Dozen Protesters in Nigeria Reported Killed by Security Forces,A Dozen Protesters in Nigeria Reported Killed by Security Forces Nigerians are stunned after police and soldiers opened fire on protesters against police brutality. The largely peaceful demonstrations have grown into a challenge for the government. Nigerians are stunned after police and soldiers opened fire on protesters against police brutality. The largely peaceful demonstrations have grown into a challenge for the government.
,article,nyt://article/db520549-7d1d-5f93-abb6-70d70eff5533,[],Foreign,,,2020-10-21 08:13:56+00:00,World,,The New York Times,,Live Blog Post,nyt://article/db520549-7d1d-5f93-abb6-70d70eff5533,https://www.nytimes.com/live/2020/10/21/world/covid-19-coronavirus-updates/as-mcconnell-advises-white-house-against-a-pre-election-stimulus-deal-pelosi-reports-progress-in-talks,344,By Emily Cochrane and Nicholas Fandos,"As McConnell advises White House against a pre-election stimulus deal, Pelosi reports progress in talks.",,,Senate Majority Leader Mitch McConnell of Kentucky spoke at his weekly news conference on Capitol Hill on Tuesday.,Anna Moneymaker for The New York Times,https://static01.nyt.com/images/2020/10/21/world/21virus-briefing-stimulus-deal/merlin_178809723_2720b3d7-ca07-486e-b4be-7751d09d70bc-articleLarge.jpg,400,600,https://static01.nyt.com/images/2020/10/21/world/21virus-briefing-stimulus-deal/merlin_178809723_2720b3d7-ca07-486e-b4be-7751d09d70bc-thumbStandard.jpg,75,75,"As McConnell advises White House against a pre-election stimulus deal, Pelosi reports progress in talks.","As McConnell advises White House against a pre-election stimulus deal, Pelosi reports progress in talks."
,article,nyt://article/eed5d7e6-2f68-5ffc-b324-01683771bdcd,[],Foreign,,,2020-10-20 21:07:41+00:00,World,,The New York Times,,Live Blog Post,nyt://article/eed5d7e6-2f68-5ffc-b324-01683771bdcd,https://www.nytimes.com/live/2020/10/20/world/covid-19-coronavirus-updates/argentina-which-had-early-success-in-controlling-the-virus-reports-its-millionth-case,337,By Daniel Politi,"Argentina, which had early success in controlling the virus, reports its millionth case.",,,"A Red Cross volunteer measures the temperature of man in Buenos Aires in June, during a government-ordered lockdown to curb the spread of the coronavirus.",Natacha Pisarenko/Associated Press,https://static01.nyt.com/images/2020/10/20/multimedia/20virus-briefing-argentina/merlin_178775268_0a1823f6-774d-42d6-9236-c06a3f85f74f-articleLarge.jpg,400,600,https://static01.nyt.com/images/2020/10/20/multimedia/20virus-briefing-argentina/20virus-briefing-argentina-thumbStandard.jpg,75,75,"Argentina, which had early success in controlling the virus, reports its millionth case.","Argentina, which had early success in controlling the virus, reports its millionth case."
,article,nyt://article/ad2b2ba2-3995-5c15-9b48-8d4200aa7925,[],Foreign,,,2020-10-18 13:57:28+00:00,World,,The New York Times,,Live Blog Post,nyt://article/ad2b2ba2-3995-5c15-9b48-8d4200aa7925,https://www.nytimes.com/live/2020/10/18/world/covid-coronavirus/indonesian-ex-pilot-convicted-in-midair-poison-plot-is-reported-dead-from-covid-19,384,By Richard C. Paddock and Dera Menra Sijabat,"Indonesian ex-pilot, convicted in midair poison plot, is reported dead from Covid-19.",,,"Pollycarpus Budihari Priyanto in a court room in Jakarta, Indonesia, in 2007.",Ahmad Zamroni/Agence France-Presse — Getty Images,https://static01.nyt.com/images/2020/10/18/world/18virus-briefing-indonesia/18virus-briefing-indonesia-articleLarge.jpg,410,600,https://static01.nyt.com/images/2020/10/18/world/18virus-briefing-indonesia/18virus-briefing-indonesia-thumbStandard.jpg,75,75,"Indonesian ex-pilot, convicted in midair poison plot, is reported dead from Covid-19.","Indonesian ex-pilot, convicted in midair poison plot, is reported dead from Covid-19."
A truce brokered just a week earlier failed to hold. The war between the two Caucasus countries has already killed hundreds.,article,nyt://article/46cf976d-3a52-52f3-90a3-b9488ab7d42c,"[{'name': 'Location', 'value': 'Azerbaijan', 'rank': 1}, {'name': 'Location', 'value': 'Armenia', 'rank': 2}, {'name': 'Location', 'value': 'Nagorno-Karabakh', 'rank': 3}, {'name': 'Subject', 'value': 'Defense and Military Forces', 'rank': 4}, {'name': 'Subject', 'value': 'War and Armed Conflicts', 'rank': 5}]",Foreign,11,A,2020-10-17 21:04:15+00:00,World,A truce brokered just a week earlier failed to hold. The war between the two Caucasus countries has already killed hundreds.,The New York Times,Europe,News,nyt://article/46cf976d-3a52-52f3-90a3-b9488ab7d42c,https://www.nytimes.com/2020/10/17/world/europe/armenia-azerbaijan-truce-nagorno-karabakh.html,405,By Anton Troianovski,"Armenia and Azerbaijan Reach New Cease-Fire for Nagorno-Karabakh, Then Report Violations",,Azerbaijan And Armenia Halt Fighting Over Territory,"Devastation on Saturday in Stepanakert, the capital of the disputed territory of Nagorno-Karabakh.",Sergey Ponomarev for The New York Times,https://static01.nyt.com/images/2020/11/17/world/17karabakh01sub/merlin_178686774_5b68d636-7990-496f-9303-8f960f8ac68e-articleLarge.jpg,400,600,https://static01.nyt.com/images/2020/11/17/world/17karabakh01sub/17karabakh01sub-thumbStandard.jpg,75,75,"Armenia and Azerbaijan Reach New Cease-Fire for Nagorno-Karabakh, Then Report Violations","Armenia and Azerbaijan Reach New Cease-Fire for Nagorno-Karabakh, Then Report Violations A truce brokered just a week earlier failed to hold. The war between the two Caucasus countries has already killed hundreds. A truce brokered just a week earlier failed to hold. The war between the two Caucasus countries has already killed hundreds."
,article,nyt://article/75035972-cce7-52d2-adf3-70aeaa2c5fe0,[],Foreign,,,2020-10-16 03:26:41+00:00,World,,The New York Times,,Live Blog Post,nyt://article/75035972-cce7-52d2-adf3-70aeaa2c5fe0,https://www.nytimes.com/live/2020/10/15/world/covid-coronavirus/quarantine-u-college-journalists-file-their-reports,254,By The New York Times,Quarantine U: College journalists file their reports.,,,A residence hall at the University of Wisconsin in Madison in September.,"Mark Hoffman/Milwaukee Journal-Sentinel, via Associated Press",https://static01.nyt.com/images/2020/10/15/us/politics/15virus-briefing-university/merlin_177798120_aeadffab-0505-4776-8622-4ee73e94288c-articleLarge.jpg,381,600,https://static01.nyt.com/images/2020/10/15/us/politics/15virus-briefing-university/15virus-briefing-university-thumbStandard.jpg,75,75,Quarantine U: College journalists file their reports.,Quarantine U: College journalists file their reports.
,article,nyt://article/1cace405-58c1-5391-bb29-36ae908b29be,[],Foreign,,,2020-10-08 20:19:57+00:00,World,,The New York Times,,Live Blog Post,nyt://article/1cace405-58c1-5391-bb29-36ae908b29be,https://www.nytimes.com/live/2020/10/08/world/covid-coronavirus/el-paso-officials-report-a-single-day-record-of-new-cases-and-caution-against-virus-fatigue,328,By Ruth Graham and Mitch Smith,"El Paso officials report a single-day record of new cases, and caution against ‘virus fatigue.’",,,Nurses conduct coronavirus testing at a drive-through site on a college campus in El Paso.,Cengiz Yar/Getty Images,https://static01.nyt.com/images/2020/10/08/world/08virus-briefings-elpaso3/merlin_174807972_91fdda96-4ed3-477e-a62a-c3290a49459f-articleLarge.jpg,400,600,https://static01.nyt.com/images/2020/10/08/world/08virus-briefings-elpaso3/08virus-briefings-elpaso3-thumbStandard-v2.jpg,75,75,"El Paso officials report a single-day record of new cases, and caution against ‘virus fatigue.’","El Paso officials report a single-day record of new cases, and caution against ‘virus fatigue.’"
,article,nyt://article/e85dd1ce-f8a1-5c26-8397-4d6267f8a6b6,[],Foreign,,,2020-10-04 06:19:15+00:00,World,,The New York Times,,Live Blog Post,nyt://article/e85dd1ce-f8a1-5c26-8397-4d6267f8a6b6,https://www.nytimes.com/live/2020/10/04/world/trump-covid-live-updates/a-timeline-of-statements-reveals-conflicting-reports-on-trumps-infection-and-condition,594,By Christina Morales and Allyson Waller,A timeline of statements reveals conflicting reports on Trump’s infection and condition.,,,President Trump boarded Marine One to travel to Walter Reed National Military Medical Center on Friday.,Anna Moneymaker for The New York Times,https://static01.nyt.com/images/2020/10/04/us/politics/04virus-briefing-trump/merlin_177970374_bc243591-810c-4746-801e-90d7586f3b80-articleLarge.jpg,400,600,https://static01.nyt.com/images/2020/10/04/us/politics/04virus-briefing-trump/04-elections-briefing-03-18-38-thumbStandard.jpg,75,75,A timeline of statements reveals conflicting reports on Trump’s infection and condition.,A timeline of statements reveals conflicting reports on Trump’s infection and condition.
,article,nyt://article/a2587923-d255-58e7-a041-1b667260056b,[],Foreign,,,2020-09-29 18:27:19+00:00,World,,The New York Times,,Live Blog Post,nyt://article/a2587923-d255-58e7-a041-1b667260056b,https://www.nytimes.com/live/2020/09/29/world/covid-19-coronavirus/venezuelan-doctors-say-the-virus-has-killed-at-least-200-health-workers-the-government-has-reported-only-12,265,By Simon Romero and Isayen Herrera,Venezuelan doctors say the virus has killed at least 200 health workers. The government has reported only 12.,,,"Workers adjusting signs showing the photos and names of health workers who have died of Covid-19 during a ceremony in their honor in Caracas, Venezuela earlier this month.",Federico Parra/Agence France-Presse — Getty Images,https://static01.nyt.com/images/2020/09/29/world/29virus-briefing-venez-sub/merlin_176825724_9daec8a4-0ae4-449e-b272-ddc075da0f7c-articleLarge.jpg,404,600,https://static01.nyt.com/images/2020/09/29/world/29virus-briefing-venez-sub/29virus-briefing-venez-sub-thumbStandard.jpg,75,75,Venezuelan doctors say the virus has killed at least 200 health workers. The government has reported only 12.,Venezuelan doctors say the virus has killed at least 200 health workers. The government has reported only 12.
,article,nyt://article/cc987b63-dc2b-5e75-a0c6-73591e872b62,[],Foreign,,,2020-09-29 17:09:16+00:00,World,,The New York Times,,Live Blog Post,nyt://article/cc987b63-dc2b-5e75-a0c6-73591e872b62,https://www.nytimes.com/live/2020/09/29/world/covid-19-coronavirus/the-titans-report-the-nfl-seasons-first-outbreak,250,By Ben Shpigel and Tariq Panja,The Titans report the N.F.L. season’s first outbreak.,SPORTS ROUNDUP,,The Tennessee Titans suspended all in-person activities Tuesday after announcing eight positive results among players and staff members.,Stephen Maturen/Getty Images,https://static01.nyt.com/images/2020/09/29/us/29virus-briefing-titans/merlin_177700071_d7e5589b-3946-47af-aa1c-c0b4097c13f3-articleLarge.jpg,385,600,https://static01.nyt.com/images/2020/09/29/us/29virus-briefing-titans/29virus-briefing-titans-thumbStandard.jpg,75,75,The Titans report the N.F.L. season’s first outbreak.,The Titans report the N.F.L. season’s first outbreak.
AstraZeneca’s vaccine trials resume in Britain after a safety review. Michigan State University students are asked to quarantine after an uptick in cases.,article,nyt://article/23adbd52-5f39-57ae-b477-e978099b701c,"[{'name': 'Subject', 'value': 'Coronavirus (2019-nCoV)', 'rank': 1}]",Foreign,,,2020-09-12 12:00:34+00:00,World,Political appointees sought to meddle in reports that they believed were unflattering to President Trump. AstraZeneca resumed vaccine trials in Britain. Catch up on the latest.,The New York Times,,News,nyt://article/23adbd52-5f39-57ae-b477-e978099b701c,https://www.nytimes.com/2020/09/12/world/covid-19-coronavirus.html,4707,,Trump Loyalists Tried to Influence C.D.C. Virus Reports,,,,The New York Times,https://static01.nyt.com/images/2020/09/28/us/28a2_rail/us-briefing-promo-image-articleLarge.jpg,338,600,https://static01.nyt.com/images/2020/09/28/us/28a2_rail/us-briefing-promo-image-thumbStandard-v2.jpg,75,75,Trump Loyalists Tried to Influence C.D.C. Virus Reports,Trump Loyalists Tried to Influence C.D.C. Virus Reports AstraZeneca’s vaccine trials resume in Britain after a safety review. Michigan State University students are asked to quarantine after an uptick in cases. Political appointees sought to meddle in reports that they believed were unflattering to President Trump. AstraZeneca resumed vaccine trials in Britain. Catch up on the latest.
"With large-scale demonstrations showing little sign of winding down, President Aleksandr G. Lukashenko’s security forces appear to have shifted from mass repression to more targeted disappearances.",article,nyt://article/43f57efc-5594-51aa-a8cc-db8a7d4efa4e,"[{'name': 'Person', 'value': 'Kolesnikova, Maria', 'rank': 1}, {'name': 'Subject', 'value': 'Demonstrations, Protests and Riots', 'rank': 2}, {'name': 'Person', 'value': 'Lukashenko, Aleksandr G', 'rank': 3}, {'name': 'Location', 'value': 'Lithuania', 'rank': 4}, {'name': 'Location', 'value': 'Poland', 'rank': 5}, {'name': 'Location', 'value': 'Russia', 'rank': 6}, {'name': 'Subject', 'value': 'Political Prisoners', 'rank': 7}, {'name': 'Subject', 'value': 'Elections', 'rank': 8}, {'name': 'Location', 'value': 'Belarus', 'rank': 9}, {'name': 'Location', 'value': 'Minsk (Belarus)', 'rank': 10}]",Foreign,10,A,2020-09-07 15:51:55+00:00,World,"With large-scale demonstrations showing little sign of winding down, President Aleksandr G. Lukashenko’s security forces appear to have shifted from mass repression to more targeted disappearances.",The New York Times,Europe,News,nyt://article/43f57efc-5594-51aa-a8cc-db8a7d4efa4e,https://www.nytimes.com/2020/09/07/world/europe/belarus-protest-kolesnikova-leader.html,865,By Andrew Higgins,Belarus Protest Leader Vanishes Amid Reports of Masked Abductors,,Last Prominent Protest Leader in Belarus Is Abducted in Minsk,"Maria Kolesnikova, center, at an antigovernment demonstration in Minsk, Belarus, last month.",Misha Friedman/Getty Images,https://static01.nyt.com/images/2020/09/07/world/07belarus/07belarus-articleLarge.jpg,400,600,https://static01.nyt.com/images/2020/09/07/world/07belarus/07belarus-thumbStandard.jpg,75,75,Belarus Protest Leader Vanishes Amid Reports of Masked Abductors,"Belarus Protest Leader Vanishes Amid Reports of Masked Abductors With large-scale demonstrations showing little sign of winding down, President Aleksandr G. Lukashenko’s security forces appear to have shifted from mass repression to more targeted disappearances. With large-scale demonstrations showing little sign of winding down, President Aleksandr G. Lukashenko’s security forces appear to have shifted from mass repression to more targeted disappearances."
"The Justice Department is considering an investigation of nursing-home outbreaks in four Democratic-led states, including New York. California makes a deal to more than double testing capacity.",article,nyt://article/0acb6731-199c-562e-b787-dc1c51c3290a,"[{'name': 'Subject', 'value': 'Coronavirus (2019-nCoV)', 'rank': 1}]",Foreign,,,2020-08-26 09:24:06+00:00,World,"The Justice Department is considering an investigation of nursing-home outbreaks in four Democratic-led states, including New York.  California makes a deal to more than double testing capacity.",The New York Times,,News,nyt://article/0acb6731-199c-562e-b787-dc1c51c3290a,https://www.nytimes.com/2020/08/26/world/covid-19-coronavirus.html,5773,,"Almost 500 Million Children Are Cut Off From School in Pandemic, Report Says",,,,The New York Times,https://static01.nyt.com/images/2020/09/28/us/28a2_rail/us-briefing-promo-image-articleLarge.jpg,338,600,https://static01.nyt.com/images/2020/09/28/us/28a2_rail/us-briefing-promo-image-thumbStandard-v2.jpg,75,75,"Almost 500 Million Children Are Cut Off From School in Pandemic, Report Says","Almost 500 Million Children Are Cut Off From School in Pandemic, Report Says The Justice Department is considering an investigation of nursing-home outbreaks in four Democratic-led states, including New York. California makes a deal to more than double testing capacity. The Justice Department is considering an investigation of nursing-home outbreaks in four Democratic-led states, including New York.  California makes a deal to more than double testing capacity."
North Korea lifted a lockdown as New Zealand extended one. Britain will require some travelers to self-isolate. France declared Paris a high-risk region for the virus.,article,nyt://article/d3eeb339-8bb5-5115-a64f-69d0530065c6,"[{'name': 'Subject', 'value': 'Coronavirus (2019-nCoV)', 'rank': 1}]",Foreign,,,2020-08-13 09:27:45+00:00,World,President Trump’s demands for reopening classrooms helped convince many teachers that it would be unsafe. Here’s the latest.,The New York Times,,News,nyt://article/d3eeb339-8bb5-5115-a64f-69d0530065c6,https://www.nytimes.com/2020/08/13/world/coronavirus-covid.html,5673,,"California Becomes First State to Report 600,000 Coronavirus Cases",,,,The New York Times,https://static01.nyt.com/images/2020/09/28/us/28a2_rail/us-briefing-promo-image-articleLarge.jpg,338,600,https://static01.nyt.com/images/2020/09/28/us/28a2_rail/us-briefing-promo-image-thumbStandard-v2.jpg,75,75,"California Becomes First State to Report 600,000 Coronavirus Cases","California Becomes First State to Report 600,000 Coronavirus Cases North Korea lifted a lockdown as New Zealand extended one. Britain will require some travelers to self-isolate. France declared Paris a high-risk region for the virus. President Trump’s demands for reopening classrooms helped convince many teachers that it would be unsafe. Here’s the latest."
"The journalist Khaled Drareni was convicted after reporting on the Hirak protest movement, which forced the removal of the country’s longtime ruler, Abdelaziz Bouteflika, last year.",article,nyt://article/68533da5-3663-5d00-aedf-5ff84e3bae0a,"[{'name': 'Location', 'value': 'Algeria', 'rank': 1}, {'name': 'Subject', 'value': 'Human Rights and Human Rights Violations', 'rank': 2}, {'name': 'Subject', 'value': 'News and News Media', 'rank': 3}, {'name': 'Subject', 'value': 'Freedom of the Press', 'rank': 4}, {'name': 'Person', 'value': 'Bouteflika, Abdelaziz', 'rank': 5}, {'name': 'Location', 'value': 'Algiers (Algeria)', 'rank': 6}, {'name': 'Person', 'value': 'Drareni, Khaled', 'rank': 7}, {'name': 'Person', 'value': 'Tebboune, Abdelmadjid', 'rank': 8}, {'name': 'Subject', 'value': 'Politics and Government', 'rank': 9}]",Foreign,10,A,2020-08-10 21:21:10+00:00,World,"The journalist Khaled Drareni was convicted after reporting on the Hirak protest movement, which forced the removal of the country’s longtime ruler, Abdelaziz Bouteflika, last year.",The New York Times,Africa,News,nyt://article/68533da5-3663-5d00-aedf-5ff84e3bae0a,https://www.nytimes.com/2020/08/10/world/africa/Algerian-journalist-Khaled-Drareni-convicted.html,699,By Adam Nossiter,Algerian Journalist Sentenced to 3 Years for Reporting on Protests,,Journalist in Algeria Sentenced for Reporting On Protest Movement,"Khaled Drareni at a protest in Algiers, Algeria, in March. Mr. Drareni was convicted of “inciting an unarmed gathering” and “endangering national unity.”",Ryad Kramdi/Agence France-Presse — Getty Images,https://static01.nyt.com/images/2020/08/10/world/10algeria/merlin_175269423_04d7914d-a964-4408-a859-ad3a00153507-articleLarge.jpg,399,600,https://static01.nyt.com/images/2020/08/10/world/10algeria/10algeria-thumbStandard.jpg,75,75,Algerian Journalist Sentenced to 3 Years for Reporting on Protests,"Algerian Journalist Sentenced to 3 Years for Reporting on Protests The journalist Khaled Drareni was convicted after reporting on the Hirak protest movement, which forced the removal of the country’s longtime ruler, Abdelaziz Bouteflika, last year. The journalist Khaled Drareni was convicted after reporting on the Hirak protest movement, which forced the removal of the country’s longtime ruler, Abdelaziz Bouteflika, last year."
"Even before it opened in 2014, the museum was dogged by controversy. Now, after discrimination accusations, it has been rebuked.",article,nyt://article/789d462a-7720-577c-a7d8-f572192c83d7,"[{'name': 'Subject', 'value': 'Museums', 'rank': 1}, {'name': 'Subject', 'value': 'Discrimination', 'rank': 2}, {'name': 'Location', 'value': 'Canada', 'rank': 3}, {'name': 'Location', 'value': 'Winnipeg (Manitoba)', 'rank': 4}, {'name': 'Organization', 'value': 'Canadian Museum for Human Rights', 'rank': 5}, {'name': 'Subject', 'value': 'Race and Ethnicity', 'rank': 6}, {'name': 'Subject', 'value': 'Workplace Hazards and Violations', 'rank': 7}, {'name': 'Subject', 'value': 'Homosexuality and Bisexuality', 'rank': 8}, {'name': 'Subject', 'value': 'Indigenous People', 'rank': 9}, {'name': 'Subject', 'value': 'Human Rights and Human Rights Violations', 'rank': 10}]",Foreign,12,A,2020-08-06 19:20:03+00:00,World,"Even before it opened in 2014, the museum was dogged by controversy. Now, after discrimination accusations, it has been rebuked.",The New York Times,Canada,News,nyt://article/789d462a-7720-577c-a7d8-f572192c83d7,https://www.nytimes.com/2020/08/06/world/canada/museum-of-human-rights-discrimination.html,1488,By Catherine Porter and Ian Austen,"‘Racism Is Pervasive and Systemic’ at Canada’s Museum of Human Rights, Report Says",, Racism ‘Pervasive’ at Canadian Human Rights Museum,"The Canadian Museum for Human Rights is a landmark in Winnipeg, with thousands of glass panels swooping around its limestone walls to resemble the folded wings of a dove.",Aaron Vincent Elkaim for The New York Times,https://static01.nyt.com/images/2020/07/28/world/00Canada-Museum/00Canada-Museum-articleLarge.jpg,400,600,https://static01.nyt.com/images/2020/07/28/world/00Canada-Museum/00Canada-Museum-thumbStandard.jpg,75,75,"‘Racism Is Pervasive and Systemic’ at Canada’s Museum of Human Rights, Report Says","‘Racism Is Pervasive and Systemic’ at Canada’s Museum of Human Rights, Report Says Even before it opened in 2014, the museum was dogged by controversy. Now, after discrimination accusations, it has been rebuked. Even before it opened in 2014, the museum was dogged by controversy. Now, after discrimination accusations, it has been rebuked."
The House Foreign Affairs Committee has begun an inquiry into multiple reports in the Brazilian media that the U.S. ambassador was framing negotiations over ethanol tariffs in partisan terms.,article,nyt://article/b3d5a43b-b6e9-599b-a3f5-2bc4e49400f8,"[{'name': 'Subject', 'value': 'United States International Relations', 'rank': 1}, {'name': 'Subject', 'value': 'International Trade and World Market', 'rank': 2}, {'name': 'Subject', 'value': 'Presidential Election of 2020', 'rank': 3}, {'name': 'Subject', 'value': 'United States Politics and Government', 'rank': 4}, {'name': 'Subject', 'value': 'Ethanol', 'rank': 5}, {'name': 'Organization', 'value': 'House Committee on Foreign Affairs', 'rank': 6}, {'name': 'Location', 'value': 'Brazil', 'rank': 7}, {'name': 'Location', 'value': 'Iowa', 'rank': 8}, {'name': 'Location', 'value': 'United States', 'rank': 9}, {'name': 'Subject', 'value': 'Elections', 'rank': 10}]",Foreign,12,A,2020-07-31 22:28:28+00:00,World,The House Foreign Affairs Committee has begun an inquiry into multiple reports in the Brazilian media that the U.S. ambassador was framing negotiations over ethanol tariffs in partisan terms.,The New York Times,Americas,News,nyt://article/b3d5a43b-b6e9-599b-a3f5-2bc4e49400f8,https://www.nytimes.com/2020/07/31/world/americas/brazil-trump-ethanol-chapman.html,1236,"By Ernesto Londoño, Manuela Andreoni and Letícia Casado",Lawmakers ‘Alarmed’ by Reports U.S. Envoy Told Brazil It Could Help Re-elect Trump,,Diplomat Is Said to Tie Tariffs to Election,"President Jair Bolsonaro of Brazil with the U.S. ambassador, Todd C. Chapman, in Brasilia this month.",Isac Nobrega/Brazilian Presidency,https://static01.nyt.com/images/2020/07/31/world/31brazil/merlin_175082043_1d8c79a7-ecda-45a1-be27-2a6be6ea4144-articleLarge.jpg,400,600,https://static01.nyt.com/images/2020/07/31/world/31brazil/31brazil-thumbStandard.jpg,75,75,Lawmakers ‘Alarmed’ by Reports U.S. Envoy Told Brazil It Could Help Re-elect Trump,Lawmakers ‘Alarmed’ by Reports U.S. Envoy Told Brazil It Could Help Re-elect Trump The House Foreign Affairs Committee has begun an inquiry into multiple reports in the Brazilian media that the U.S. ambassador was framing negotiations over ethanol tariffs in partisan terms. The House Foreign Affairs Committee has begun an inquiry into multiple reports in the Brazilian media that the U.S. ambassador was framing negotiations over ethanol tariffs in partisan terms.
A report released on Tuesday depicts the failure of successive British governments to combat Russian interference despite ample evidence of meddling.,article,nyt://article/f8d82aae-7d6d-5831-a177-d7b9a1f6bbba,"[{'name': 'Subject', 'value': 'Politics and Government', 'rank': 1}, {'name': 'Subject', 'value': 'Referendums', 'rank': 2}, {'name': 'Subject', 'value': 'Espionage and Intelligence Services', 'rank': 3}, {'name': 'Person', 'value': 'Johnson, Boris', 'rank': 4}, {'name': 'Location', 'value': 'Great Britain', 'rank': 5}, {'name': 'Location', 'value': 'Russia', 'rank': 6}]",Foreign,,,2020-07-21 18:13:45+00:00,World,A report released on Tuesday depicts the failure of successive British governments to combat Russian interference despite ample evidence of meddling.,The New York Times,Europe,News,nyt://article/f8d82aae-7d6d-5831-a177-d7b9a1f6bbba,https://www.nytimes.com/2020/07/21/world/europe/uk-russia-report-takeaways.html,711,By Stephen Castle,Five Takeaways From the Report on Russia’s Interference in Britain,,,The Houses of Parliament in London.,Andrew Testa for The New York Times,https://static01.nyt.com/images/2020/07/21/world/21takeaways-uk-russia1/merlin_171338757_feb90592-ad98-4c71-a4b4-4408117e0b99-articleLarge.jpg,400,600,https://static01.nyt.com/images/2020/07/21/world/21takeaways-uk-russia1/merlin_171338757_feb90592-ad98-4c71-a4b4-4408117e0b99-thumbStandard.jpg,75,75,Five Takeaways From the Report on Russia’s Interference in Britain,Five Takeaways From the Report on Russia’s Interference in Britain A report released on Tuesday depicts the failure of successive British governments to combat Russian interference despite ample evidence of meddling. A report released on Tuesday depicts the failure of successive British governments to combat Russian interference despite ample evidence of meddling.
"Russian efforts to interfere in the British political system were widely ignored by successive governments, according to a long-awaited report by Parliament.",article,nyt://article/bf403a5b-58b7-5c87-b8ca-5822e8200da8,"[{'name': 'Location', 'value': 'Russia', 'rank': 1}, {'name': 'Location', 'value': 'Great Britain', 'rank': 2}, {'name': 'Subject', 'value': 'Espionage and Intelligence Services', 'rank': 3}, {'name': 'Subject', 'value': 'Great Britain Withdrawal from EU (Brexit)', 'rank': 4}, {'name': 'Person', 'value': 'Johnson, Boris', 'rank': 5}, {'name': 'Person', 'value': 'Putin, Vladimir V', 'rank': 6}, {'name': 'Person', 'value': 'Skripal, Sergei V', 'rank': 7}, {'name': 'Person', 'value': 'Litvinenko, Alexander V', 'rank': 8}, {'name': 'Subject', 'value': 'Politics and Government', 'rank': 9}, {'name': 'Subject', 'value': 'Poisoning and Poisons', 'rank': 10}, {'name': 'Organization', 'value': 'Conservative Party (Great Britain)', 'rank': 11}]",Foreign,1,A,2020-07-21 10:01:24+00:00,World,"Russian efforts to interfere in the British political system were widely ignored by successive governments, according to a long-awaited report by Parliament.",The New York Times,Europe,News,nyt://article/bf403a5b-58b7-5c87-b8ca-5822e8200da8,https://www.nytimes.com/2020/07/21/world/europe/uk-russia-report-brexit-interference.html,1255,By Mark Landler and Stephen Castle,"‘No One’ Protected British Democracy From Russia, U.K. Report Concludes",,Britain Accused Of Discounting Russian Attacks,Anti-Brexit protesters in Parliament Square during a rally in September last year.,Andrew Testa for The New York Times,https://static01.nyt.com/images/2020/07/21/world/21uk-russia1/merlin_160190313_fbf10f2f-65e7-4f4b-aab7-383521aabab5-articleLarge.jpg,400,600,https://static01.nyt.com/images/2020/07/21/world/21uk-russia1/21uk-russia1-thumbStandard.jpg,75,75,"‘No One’ Protected British Democracy From Russia, U.K. Report Concludes","‘No One’ Protected British Democracy From Russia, U.K. Report Concludes Russian efforts to interfere in the British political system were widely ignored by successive governments, according to a long-awaited report by Parliament. Russian efforts to interfere in the British political system were widely ignored by successive governments, according to a long-awaited report by Parliament."
"Early trials showed a good immune response in vaccinated subjects, but one researcher sounded a note of caution: “There is still a long way to go.”",article,nyt://article/f5f161e5-d367-5c48-87b8-74170b0bebcd,"[{'name': 'Subject', 'value': 'Coronavirus (2019-nCoV)', 'rank': 1}, {'name': 'Subject', 'value': 'Vaccination and Immunization', 'rank': 2}, {'name': 'Subject', 'value': 'Clinical Trials', 'rank': 3}, {'name': 'Organization', 'value': 'AstraZeneca PLC', 'rank': 4}, {'name': 'Organization', 'value': 'Oxford University', 'rank': 5}, {'name': 'Organization', 'value': 'CanSino Biologics', 'rank': 6}, {'name': 'Organization', 'value': 'Lancet, The (Journal)', 'rank': 7}, {'name': 'Organization', 'value': 'BioNTech SE', 'rank': 8}, {'name': 'Organization', 'value': 'Pfizer Inc', 'rank': 9}, {'name': 'Organization', 'value': 'Moderna Inc', 'rank': 10}]",Foreign,6,A,2020-07-20 23:43:50+00:00,World,"Early trials showed a good immune response in vaccinated subjects, but one researcher sounded a note of caution: “There is still a long way to go.”",The New York Times,,News,nyt://article/f5f161e5-d367-5c48-87b8-74170b0bebcd,https://www.nytimes.com/2020/07/20/world/covid-coronavirus-vaccine.html,841,By David D. Kirkpatrick,Three Coronavirus Vaccine Developers Report Promising Initial Results,,Three Vaccine Developers Report Promising Results,A scientist at Oxford working with blood samples for vaccine trials.,"John Cairns/University of Oxford, via Associated Press",https://static01.nyt.com/images/2020/07/20/world/20virus-vaccine/merlin_174761532_68a309ee-ec3e-4cec-9aca-1059e5355a04-articleLarge.jpg,399,600,https://static01.nyt.com/images/2020/07/20/world/20virus-vaccine/20virus-vaccine-thumbStandard.jpg,75,75,Three Coronavirus Vaccine Developers Report Promising Initial Results,"Three Coronavirus Vaccine Developers Report Promising Initial Results Early trials showed a good immune response in vaccinated subjects, but one researcher sounded a note of caution: “There is still a long way to go.” Early trials showed a good immune response in vaccinated subjects, but one researcher sounded a note of caution: “There is still a long way to go.”"
A new outbreak in China hints at a continued struggle to stamp out infections. California’s governor announces rules that would force most schools to start the year with virtual learning.,article,nyt://article/1af39379-2fc9-52ff-acb4-b935c1f8563e,"[{'name': 'Subject', 'value': 'Coronavirus (2019-nCoV)', 'rank': 1}]",National,,,2020-07-17 09:16:23+00:00,World,"Across the U.S., leaders grappling with surging caseloads and a rising death toll introduced new measures to curb the outbreak’s severity.",The New York Times,,News,nyt://article/1af39379-2fc9-52ff-acb4-b935c1f8563e,https://www.nytimes.com/2020/07/17/world/coronavirus-cases-update.html,2835,,"U.S. Reports More Than 70,000 New Coronavirus Cases for the Second Time",,,,The New York Times,https://static01.nyt.com/images/2020/09/28/us/28a2_rail/us-briefing-promo-image-articleLarge.jpg,338,600,https://static01.nyt.com/images/2020/09/28/us/28a2_rail/us-briefing-promo-image-thumbStandard-v2.jpg,75,75,"U.S. Reports More Than 70,000 New Coronavirus Cases for the Second Time","U.S. Reports More Than 70,000 New Coronavirus Cases for the Second Time A new outbreak in China hints at a continued struggle to stamp out infections. California’s governor announces rules that would force most schools to start the year with virtual learning. Across the U.S., leaders grappling with surging caseloads and a rising death toll introduced new measures to curb the outbreak’s severity."
"Overhead surveillance is critical to fighting the Taliban, but the American military’s effort to equip Afghan forces has fallen short, according to an independent watchdog.",article,nyt://article/29248e76-c2f5-502c-b312-05cb491c6de8,"[{'name': 'Subject', 'value': 'Afghanistan War (2001- )', 'rank': 1}, {'name': 'Location', 'value': 'Afghanistan', 'rank': 2}, {'name': 'Subject', 'value': 'Drones (Pilotless Planes)', 'rank': 3}, {'name': 'Organization', 'value': 'Taliban', 'rank': 4}, {'name': 'Subject', 'value': 'United States Defense and Military Forces', 'rank': 5}, {'name': 'Subject', 'value': 'Defense and Military Forces', 'rank': 6}, {'name': 'Organization', 'value': 'Afghan National Army', 'rank': 7}, {'name': 'Organization', 'value': 'Afghan National Security Forces', 'rank': 8}, {'name': 'Organization', 'value': 'Defense Department', 'rank': 9}, {'name': 'Subject', 'value': 'United States Politics and Government', 'rank': 10}, {'name': 'Subject', 'value': 'United States International Relations', 'rank': 11}, {'name': 'Location', 'value': 'United States', 'rank': 12}]",Washington,11,A,2020-07-17 03:59:06+00:00,World,"Overhead surveillance is critical to fighting the Taliban, but the American military’s effort to equip Afghan forces has fallen short, according to an independent watchdog.",The New York Times,Asia Pacific,News,nyt://article/29248e76-c2f5-502c-b312-05cb491c6de8,https://www.nytimes.com/2020/07/16/world/asia/afghan-drone-program.html,872,By Thomas Gibbons-Neff,"$174 Million Afghan Drone Program Is Riddled With Problems, U.S. Report Says",,"$174 Million Drone Program for Afghans Is Riddled With Problems, Pentagon Says","An American effort to train Afghan forces on using small drones has faltered, according to a watchdog report.","Jalil Rezayee/EPA, via Shutterstock",https://static01.nyt.com/images/2020/07/16/us/politics/16dc-drones-sub/merlin_155584596_0e0d9e51-b648-428f-99d8-2460bd79aea3-articleLarge.jpg,400,600,https://static01.nyt.com/images/2020/07/16/us/politics/16dc-drones-sub/16dc-drones-sub-thumbStandard.jpg,75,75,"$174 Million Afghan Drone Program Is Riddled With Problems, U.S. Report Says","$174 Million Afghan Drone Program Is Riddled With Problems, U.S. Report Says Overhead surveillance is critical to fighting the Taliban, but the American military’s effort to equip Afghan forces has fallen short, according to an independent watchdog. Overhead surveillance is critical to fighting the Taliban, but the American military’s effort to equip Afghan forces has fallen short, according to an independent watchdog."
"Advocates for abuse victims had long asked the Roman Catholic Church to make this change, but said the new guidance still gives bishops too much leeway.",article,nyt://article/885c4def-7fd4-5d9d-9c3e-7f89afc3af0a,"[{'name': 'Person', 'value': 'Francis', 'rank': 1}, {'name': 'Organization', 'value': 'Roman Catholic Church', 'rank': 2}, {'name': 'Organization', 'value': 'Congregation for the Doctrine of the Faith', 'rank': 3}, {'name': 'Subject', 'value': 'Sex Crimes', 'rank': 4}, {'name': 'Subject', 'value': 'Priests', 'rank': 5}, {'name': 'Organization', 'value': 'Survivors Network of Those Abused by Priests', 'rank': 6}, {'name': 'Subject', 'value': 'Child Abuse and Neglect', 'rank': 7}]",Foreign,14,A,2020-07-16 19:51:23+00:00,World,"Advocates for abuse victims had long asked the Roman Catholic Church to make this change, but said the new guidance still gives bishops too much leeway.",The New York Times,Europe,News,nyt://article/885c4def-7fd4-5d9d-9c3e-7f89afc3af0a,https://www.nytimes.com/2020/07/16/world/europe/vatican-new-sex-abuse-rules.html,878,By Elisabetta Povoledo,Vatican Tells Bishops to Report Sex Abuse to Police (but Doesn’t Require It),,Vatican Urges Bishops to Report Abuse Cases to Police,St. Peter's Square and St. Peter's Basilica in the Vatican in late May.,Andreas Solaro/Agence France-Presse — Getty Images,https://static01.nyt.com/images/2020/07/16/world/16vatican/16vatican-articleLarge.jpg,400,600,https://static01.nyt.com/images/2020/07/16/world/16vatican/16vatican-thumbStandard.jpg,75,75,Vatican Tells Bishops to Report Sex Abuse to Police (but Doesn’t Require It),"Vatican Tells Bishops to Report Sex Abuse to Police (but Doesn’t Require It) Advocates for abuse victims had long asked the Roman Catholic Church to make this change, but said the new guidance still gives bishops too much leeway. Advocates for abuse victims had long asked the Roman Catholic Church to make this change, but said the new guidance still gives bishops too much leeway."
"For months, terrified residents of Djibo, a town in the West African nation, kept discovering corpses of men who had been shot, blindfolded and bound. They blame the military.",article,nyt://article/96513fc4-9bc2-5ed5-a5bf-8a060b6222bf,"[{'name': 'Subject', 'value': 'Human Rights and Human Rights Violations', 'rank': 1}, {'name': 'Organization', 'value': 'Human Rights Watch', 'rank': 2}, {'name': 'Location', 'value': 'Burkina Faso', 'rank': 3}, {'name': 'Location', 'value': 'Sahel (Africa)', 'rank': 4}, {'name': 'Subject', 'value': 'Murders, Attempted Murders and Homicides', 'rank': 5}]",Foreign,,,2020-07-08 01:24:50+00:00,World,"For months, terrified residents of Djibo, a town in the West African nation, kept discovering corpses of men who had been shot, blindfolded and bound. They blame the military.",The New York Times,Africa,News,nyt://article/96513fc4-9bc2-5ed5-a5bf-8a060b6222bf,https://www.nytimes.com/2020/07/07/world/africa/burkina-faso-bodies-military.html,615,By Ruth Maclean,"Over 180 Bodies Found Dumped in Burkina Faso Town, Report Says",,,"A family from the Fulani ethnic group at a camp for displaced people in the town of Kongoussi, in northern Burkina Faso, in March. Residents said most of the men found killed in the area were Fulani.",Finbarr O'Reilly for The New York Times,https://static01.nyt.com/images/2020/07/08/world/08burkina1/merlin_170867544_8b006599-c290-48b1-9629-d206e84ebd2c-articleLarge.jpg,400,600,https://static01.nyt.com/images/2020/07/08/world/08burkina1/08burkina1-thumbStandard.jpg,75,75,"Over 180 Bodies Found Dumped in Burkina Faso Town, Report Says","Over 180 Bodies Found Dumped in Burkina Faso Town, Report Says For months, terrified residents of Djibo, a town in the West African nation, kept discovering corpses of men who had been shot, blindfolded and bound. They blame the military. For months, terrified residents of Djibo, a town in the West African nation, kept discovering corpses of men who had been shot, blindfolded and bound. They blame the military."
"New Zealand’s health minister resigned. As nations try to rebuild their economies, many economists say that Europe may have the edge over the U.S.",article,nyt://article/92ac051b-763c-5ff9-9082-5033d48b203b,"[{'name': 'Subject', 'value': 'Coronavirus (2019-nCoV)', 'rank': 1}, {'name': 'Subject', 'value': 'Disease Rates', 'rank': 2}]",National,,,2020-07-01 09:17:32+00:00,World,"Officials in eight states announced single-day highs, as the Midwest sees the beginnings of a resurgence. A New Jersey family that lost five members is focused on a cure.",The New York Times,,News,nyt://article/92ac051b-763c-5ff9-9082-5033d48b203b,https://www.nytimes.com/2020/07/01/world/coronavirus-updates.html,5716,,"U.S. Reports Nearly 50,000 New Coronavirus Cases, Another Single-Day Record",,,,The New York Times,https://static01.nyt.com/images/2020/09/28/us/28a2_rail/us-briefing-promo-image-articleLarge.jpg,338,600,https://static01.nyt.com/images/2020/09/28/us/28a2_rail/us-briefing-promo-image-thumbStandard-v2.jpg,75,75,"U.S. Reports Nearly 50,000 New Coronavirus Cases, Another Single-Day Record","U.S. Reports Nearly 50,000 New Coronavirus Cases, Another Single-Day Record New Zealand’s health minister resigned. As nations try to rebuild their economies, many economists say that Europe may have the edge over the U.S. Officials in eight states announced single-day highs, as the Midwest sees the beginnings of a resurgence. A New Jersey family that lost five members is focused on a cure."
"After weeks of lockdown, getting in my car to cover a story was both a surreal and welcome experience.",article,nyt://article/e6bf45bb-96c6-51db-b0a9-d64eaf80a902,"[{'name': 'Subject', 'value': 'Coronavirus Reopenings', 'rank': 1}, {'name': 'Subject', 'value': 'Animal Cognition', 'rank': 2}, {'name': 'Subject', 'value': 'Horses', 'rank': 3}, {'name': 'Location', 'value': 'Australia', 'rank': 4}, {'name': 'Location', 'value': 'Melbourne (Australia)', 'rank': 5}]",Foreign,,,2020-06-26 08:17:24+00:00,World,"After weeks of lockdown, getting in my car to cover a story was both a surreal and welcome experience.",The New York Times,Australia,briefing,nyt://article/e6bf45bb-96c6-51db-b0a9-d64eaf80a902,https://www.nytimes.com/2020/06/26/world/australia/reporting-in-the-field-brumbies.html,1140,By Livia Albeck-Ripka,Horses and Reporting in the Field,Letter 164,,Philip Maguire searching for wild horses in bush land burned by the summer’s wildfires.,Matthew Abbott for The New York Times,https://static01.nyt.com/images/2020/06/20/world/26australialetter163-00oz-brumbies5-sub-copy/merlin_172944123_d9c2c079-de26-4f9b-9738-4c8fd1949883-articleLarge.jpg,400,600,https://static01.nyt.com/images/2020/06/20/world/26australialetter163-00oz-brumbies5-sub-copy/merlin_172944123_d9c2c079-de26-4f9b-9738-4c8fd1949883-thumbStandard.jpg,75,75,Horses and Reporting in the Field,"Horses and Reporting in the Field After weeks of lockdown, getting in my car to cover a story was both a surreal and welcome experience. After weeks of lockdown, getting in my car to cover a story was both a surreal and welcome experience."
"Nearly 80 million people, or 1 percent of humanity, now qualify as refugees, asylum seekers or internally displaced.",article,nyt://article/2145984e-50dc-593d-ac1a-466ea0a32db1,"[{'name': 'Subject', 'value': 'Immigration and Emigration', 'rank': 1}, {'name': 'Subject', 'value': 'Refugees and Displaced Persons', 'rank': 2}, {'name': 'Organization', 'value': 'United Nations', 'rank': 3}, {'name': 'Location', 'value': 'Syria', 'rank': 4}]",Foreign,,,2020-06-18 20:35:43+00:00,World,"Nearly 80 million people, or 1 percent of humanity, now qualify as refugees, asylum seekers or internally displaced.",The New York Times,Middle East,News,nyt://article/2145984e-50dc-593d-ac1a-466ea0a32db1,https://www.nytimes.com/2020/06/18/world/middleeast/united-nations-refugees-80-million.html,423,By Reuters,"Number of Refugees Worldwide Has Doubled in a Decade, U.N. Report Says",,,Displaced Syrian children at a camp in Idlib in February.&nbsp;,Burak Kara/Getty Images,https://static01.nyt.com/images/2020/06/18/world/18un-refugees/merlin_169154460_0783d67e-ea42-4831-b037-1f353b3b7a8c-articleLarge.jpg,400,600,https://static01.nyt.com/images/2020/06/18/world/18un-refugees/merlin_169154460_0783d67e-ea42-4831-b037-1f353b3b7a8c-thumbStandard.jpg,75,75,"Number of Refugees Worldwide Has Doubled in a Decade, U.N. Report Says","Number of Refugees Worldwide Has Doubled in a Decade, U.N. Report Says Nearly 80 million people, or 1 percent of humanity, now qualify as refugees, asylum seekers or internally displaced. Nearly 80 million people, or 1 percent of humanity, now qualify as refugees, asylum seekers or internally displaced."
"A steroid, dexamethasone, is the first drug shown to help save severely ill coronavirus patients, according to scientists in Britain.",article,nyt://article/c1fd5b1f-b0ba-57ea-a7ef-4f00efb6e566,"[{'name': 'Subject', 'value': 'Coronavirus (2019-nCoV)', 'rank': 1}, {'name': 'Organization', 'value': 'Oxford University', 'rank': 2}, {'name': 'Subject', 'value': 'Clinical Trials', 'rank': 3}, {'name': 'Subject', 'value': 'Drugs (Pharmaceuticals)', 'rank': 4}, {'name': 'Subject', 'value': 'Dexamethasone (Drug)', 'rank': 5}, {'name': 'Subject', 'value': 'Research', 'rank': 6}]",Foreign,1,A,2020-06-16 13:09:44+00:00,World,"A steroid, dexamethasone, is the first drug shown to help save severely ill coronavirus patients, according to scientists in Britain.",The New York Times,Europe,News,nyt://article/c1fd5b1f-b0ba-57ea-a7ef-4f00efb6e566,https://www.nytimes.com/2020/06/16/world/europe/dexamethasone-coronavirus-covid.html,1223,By Benjamin Mueller and Roni Caryn Rabin,"Common Drug Reduces Coronavirus Deaths, Scientists Report",,Hope Meets Caution as Steroid Is Said to Reduce Virus Deaths,"A patient at a hospital for those recuperating from the coronavirus in Surrey, England. Scientists have identified a steroid that helps with severe cases of the virus.",Pool photo by Victoria Jones,https://static01.nyt.com/images/2020/06/16/world/16virus-steroids2/merlin_172949055_a054e5d5-7b49-48c8-ba8a-1a6fe8c3b21d-articleLarge.jpg,400,600,https://static01.nyt.com/images/2020/06/16/world/16virus-steroids2/merlin_172949055_a054e5d5-7b49-48c8-ba8a-1a6fe8c3b21d-thumbStandard.jpg,75,75,"Common Drug Reduces Coronavirus Deaths, Scientists Report","Common Drug Reduces Coronavirus Deaths, Scientists Report A steroid, dexamethasone, is the first drug shown to help save severely ill coronavirus patients, according to scientists in Britain. A steroid, dexamethasone, is the first drug shown to help save severely ill coronavirus patients, according to scientists in Britain."
Officials closed a market that handles 90 percent of the capital’s fresh fruit and vegetables after dozens of people tested positive. It was China’s highest number of new infections in two months.,article,nyt://article/7789cbce-1853-583f-ba0b-965a5b4efece,"[{'name': 'Subject', 'value': 'Coronavirus (2019-nCoV)', 'rank': 1}]",Foreign,,,2020-06-13 11:51:21+00:00,World,Officials closed a market that handles 90 percent of the capital’s fresh fruit and vegetables after dozens of people tested positive. Catch up on the latest.,The New York Times,,News,nyt://article/7789cbce-1853-583f-ba0b-965a5b4efece,https://www.nytimes.com/2020/06/13/world/coronavirus-usa-world.html,4714,,China Reports 57 New Coronavirus Cases Amid Beijing Outbreak,,,Police officers outside the closed Xinfadi market in Beijing on Saturday.,"Roman Pilipey/EPA, via Shutterstock",https://static01.nyt.com/images/2020/07/13/world/13virus-briefing-beijing2/merlin_173489889_2c5c68f8-467a-4a99-8ca4-7f70472e9554-articleLarge.jpg,400,600,https://static01.nyt.com/images/2020/07/13/world/13virus-briefing-beijing2/merlin_173489889_2c5c68f8-467a-4a99-8ca4-7f70472e9554-thumbStandard.jpg,75,75,China Reports 57 New Coronavirus Cases Amid Beijing Outbreak,China Reports 57 New Coronavirus Cases Amid Beijing Outbreak Officials closed a market that handles 90 percent of the capital’s fresh fruit and vegetables after dozens of people tested positive. It was China’s highest number of new infections in two months. Officials closed a market that handles 90 percent of the capital’s fresh fruit and vegetables after dozens of people tested positive. Catch up on the latest.
"Guatemala’s leader protested U.S. deportations of infected migrants, as China imposed a Wuhan-style lockdown in a region where cases have flared.",article,nyt://article/cf5d8c47-79bb-5d4a-a536-ee1f9e75c2ac,"[{'name': 'Subject', 'value': 'Coronavirus (2019-nCoV)', 'rank': 1}]",Foreign,,,2020-05-21 04:04:53+00:00,World,Guatemala’s leader protested U.S. deportations of infected migrants. China imposed a Wuhan-style quarantine in its northeast. Here’s the latest.,The New York Times,,News,nyt://article/cf5d8c47-79bb-5d4a-a536-ee1f9e75c2ac,https://www.nytimes.com/2020/05/21/world/coronavirus-world-news-live.html,4643,,Reported Coronavirus Cases Top 5 Million Worldwide,,,"A family, wearing protective equipment at a Srinagar graveyard in the Kashmir Valley on Thursday, offered prayers for a woman who died of Covid-19.",Tauseef Mustafa/Agence France-Presse — Getty Images,https://static01.nyt.com/images/2020/05/21/world/21virus-int-briefing-lede-sub/merlin_172709505_c9a2f604-4c8b-4ecf-b89f-e9a4f0d7b939-articleLarge.jpg,400,600,https://static01.nyt.com/images/2020/05/21/world/21virus-int-briefing-lede-sub/21virus-int-briefing-lede-sub-thumbStandard.jpg,75,75,Reported Coronavirus Cases Top 5 Million Worldwide,"Reported Coronavirus Cases Top 5 Million Worldwide Guatemala’s leader protested U.S. deportations of infected migrants, as China imposed a Wuhan-style lockdown in a region where cases have flared. Guatemala’s leader protested U.S. deportations of infected migrants. China imposed a Wuhan-style quarantine in its northeast. Here’s the latest."
The Kenyan-registered aircraft was delivering much-needed humanitarian supplies for the fight against the coronavirus when it crashed.,article,nyt://article/1f4ab529-91e9-5789-a2cc-af8a3f35160d,"[{'name': 'Location', 'value': 'Somalia', 'rank': 1}, {'name': 'Subject', 'value': 'Aviation Accidents, Safety and Disasters', 'rank': 2}, {'name': 'Subject', 'value': 'Defense and Military Forces', 'rank': 3}, {'name': 'Location', 'value': 'Ethiopia', 'rank': 4}, {'name': 'Location', 'value': 'Kenya', 'rank': 5}, {'name': 'Subject', 'value': 'Coronavirus (2019-nCoV)', 'rank': 6}, {'name': 'Location', 'value': 'Bardale (Somalia)', 'rank': 7}, {'name': 'Organization', 'value': 'African Union', 'rank': 8}, {'name': 'Subject', 'value': 'Humanitarian Aid', 'rank': 9}, {'name': 'Subject', 'value': 'Civilian Casualties', 'rank': 10}]",Foreign,19,A,2020-05-10 21:57:51+00:00,World,The Kenyan-registered aircraft was delivering much-needed humanitarian supplies for the fight against the coronavirus when it crashed.,The New York Times,Africa,News,nyt://article/1f4ab529-91e9-5789-a2cc-af8a3f35160d,https://www.nytimes.com/2020/05/10/world/africa/coronavirus-aid-plane-crash-somalia.html,675,By Abdi Latif Dahir,"Ethiopian Troops May Have Shot Down Aid Plane in Somalia, Report Says",,Ethiopian Troops Suspected in Downing of Aid Plane Headed for Somalia,The site of the plane crash in Somalia.,Reuters,https://static01.nyt.com/images/2020/05/10/world/10kenya-plane/merlin_172201848_1bdd8291-32e0-4599-9a66-2b1abfaeb060-articleLarge.jpg,383,600,https://static01.nyt.com/images/2020/05/10/world/10kenya-plane/10aidplane-thumbStandard.jpg,75,75,"Ethiopian Troops May Have Shot Down Aid Plane in Somalia, Report Says","Ethiopian Troops May Have Shot Down Aid Plane in Somalia, Report Says The Kenyan-registered aircraft was delivering much-needed humanitarian supplies for the fight against the coronavirus when it crashed. The Kenyan-registered aircraft was delivering much-needed humanitarian supplies for the fight against the coronavirus when it crashed."
"The cardinal, whose sexual abuse conviction was overturned last month, knew decades ago that priests had victimized children but failed to take action, a government inquiry concluded.",article,nyt://article/ac65b526-c312-54b3-96e1-77845f17502a,"[{'name': 'Subject', 'value': 'Sex Crimes', 'rank': 1}, {'name': 'Subject', 'value': 'Priests', 'rank': 2}, {'name': 'Subject', 'value': 'Child Abuse and Neglect', 'rank': 3}, {'name': 'Subject', 'value': 'Clergy', 'rank': 4}, {'name': 'Organization', 'value': 'Roman Catholic Church', 'rank': 5}, {'name': 'Person', 'value': 'Pell, George (1941- )', 'rank': 6}, {'name': 'Location', 'value': 'Australia', 'rank': 7}]",Foreign,20,A,2020-05-07 14:22:58+00:00,World,"The cardinal, whose sexual abuse conviction was overturned last month, knew decades ago that priests had victimized children but failed to take action, a government inquiry concluded.",The New York Times,Australia,News,nyt://article/ac65b526-c312-54b3-96e1-77845f17502a,https://www.nytimes.com/2020/05/07/world/australia/cardinal-george-pell.html,504,By Livia Albeck-Ripka,"Cardinal George Pell Knew of Clergy Sex Abuse, Australian Report Finds",,"Cardinal ‘Conscious of’ Clergy Sex Abuse Since ’70s, Australian Commission Found","A Royal Commission said it was difficult to believe claims by Cardinal George Pell, center, that his superiors in the church had deceived him.",Andy Brownbill/Associated Press,https://static01.nyt.com/images/2020/05/07/world/07oz-pell02/merlin_151425339_3caad879-3cb1-4515-9380-aa8e9a0ff7c3-articleLarge.jpg,400,600,https://static01.nyt.com/images/2020/05/07/world/07oz-pell02/07oz-pell02-thumbStandard.jpg,75,75,"Cardinal George Pell Knew of Clergy Sex Abuse, Australian Report Finds","Cardinal George Pell Knew of Clergy Sex Abuse, Australian Report Finds The cardinal, whose sexual abuse conviction was overturned last month, knew decades ago that priests had victimized children but failed to take action, a government inquiry concluded. The cardinal, whose sexual abuse conviction was overturned last month, knew decades ago that priests had victimized children but failed to take action, a government inquiry concluded."
"A sample taken on Dec. 27 from a French patient with pneumonia has tested positive for coronavirus, nearly a month before the disease was first officially acknowledged to have emerged in France.",article,nyt://article/31e93441-b7ab-5945-a4bf-e05119789550,"[{'name': 'Subject', 'value': 'Coronavirus (2019-nCoV)', 'rank': 1}, {'name': 'Subject', 'value': 'Epidemics', 'rank': 2}, {'name': 'Location', 'value': 'France', 'rank': 3}, {'name': 'Person', 'value': 'Hammar, Amirouche', 'rank': 4}, {'name': 'Location', 'value': 'Europe', 'rank': 5}, {'name': 'Subject', 'value': 'Quarantines', 'rank': 6}, {'name': 'Organization', 'value': 'International Journal of Antimicrobial Agents', 'rank': 7}, {'name': 'Subject', 'value': 'Research', 'rank': 8}]",Foreign,8,A,2020-05-05 18:40:30+00:00,World,"A sample taken from a patient on Dec. 27, nearly a month before the virus was first officially recorded in the country, has tested positive.",The New York Times,Europe,News,nyt://article/31e93441-b7ab-5945-a4bf-e05119789550,https://www.nytimes.com/2020/05/05/world/europe/france-coronavirus-timeline.html,1209,By Adam Nossiter and Aurelien Breeden,New Report Says Coronavirus May Have Made Early Appearance in France,,"Europe’s First Case May Have Been in December in France, Doctors Say","Crowds on the grass near the Louvre on March 15. The next day, the French government ordered its lockdown.",Dmitry Kostyukov for The New York Times,https://static01.nyt.com/images/2020/05/05/world/05virus-france-promo/merlin_170542005_4abdb199-8dea-41c0-a6a1-a6e69083d293-articleLarge.jpg,400,600,https://static01.nyt.com/images/2020/05/05/world/05virus-france-promo/05virus-france-promo-thumbStandard-v2.jpg,75,75,New Report Says Coronavirus May Have Made Early Appearance in France,"New Report Says Coronavirus May Have Made Early Appearance in France A sample taken on Dec. 27 from a French patient with pneumonia has tested positive for coronavirus, nearly a month before the disease was first officially acknowledged to have emerged in France. A sample taken from a patient on Dec. 27, nearly a month before the virus was first officially recorded in the country, has tested positive."
"Josep Borrell said that China expressed its concerns over the report, but he would not explain how. European lawmakers appeared skeptical.",article,nyt://article/ab5419f7-9787-5c7e-b49d-bfee532d9e15,"[{'name': 'Subject', 'value': 'Politics and Government', 'rank': 1}, {'name': 'Subject', 'value': 'Coronavirus (2019-nCoV)', 'rank': 2}, {'name': 'Subject', 'value': 'Propaganda', 'rank': 3}, {'name': 'Organization', 'value': 'European Parliament', 'rank': 4}, {'name': 'Organization', 'value': 'European Union', 'rank': 5}, {'name': 'Person', 'value': 'Borrell, Josep', 'rank': 6}, {'name': 'Subject', 'value': 'Rumors and Misinformation', 'rank': 7}]",Foreign,6,A,2020-04-30 18:24:01+00:00,World,"Josep Borrell said that China expressed its concerns over the report, but he would not explain how. European lawmakers appeared skeptical.",The New York Times,Europe,News,nyt://article/ab5419f7-9787-5c7e-b49d-bfee532d9e15,https://www.nytimes.com/2020/04/30/world/europe/coronavirus-china-eu-disinformation.html,608,By Matt Apuzzo,Top E.U. Diplomat Says Disinformation Report Was Not Watered Down for China,,‘Daily Bread of Diplomacy’: Envoy Says China Didn’t Sway Report,"The European Union’s senior diplomat, Josep Borrell, acknowledged that Chinese officials had objected to the report, but said such objections are “are the daily bread of diplomacy.”",Pool photo by Olivier Hoslet,https://static01.nyt.com/images/2020/04/30/world/30virus-disinfo/merlin_171825888_ba028a61-42b8-4136-bde0-79fb4020ef2e-articleLarge.jpg,393,600,https://static01.nyt.com/images/2020/04/30/world/30virus-disinfo/30virus-disinfo-thumbStandard.jpg,75,75,Top E.U. Diplomat Says Disinformation Report Was Not Watered Down for China,"Top E.U. Diplomat Says Disinformation Report Was Not Watered Down for China Josep Borrell said that China expressed its concerns over the report, but he would not explain how. European lawmakers appeared skeptical. Josep Borrell said that China expressed its concerns over the report, but he would not explain how. European lawmakers appeared skeptical."
A revised report shows how Beijing reacts swiftly and effectively to tamp down Western criticism of its pandemic response.,article,nyt://article/86b41fa7-e2a7-5a6e-886b-4981f9a27f35,"[{'name': 'Subject', 'value': 'Coronavirus (2019-nCoV)', 'rank': 1}, {'name': 'Subject', 'value': 'Epidemics', 'rank': 2}, {'name': 'Organization', 'value': 'European Union', 'rank': 3}, {'name': 'Location', 'value': 'China', 'rank': 4}, {'name': 'Subject', 'value': 'Censorship', 'rank': 5}, {'name': 'Subject', 'value': 'Propaganda', 'rank': 6}, {'name': 'Subject', 'value': 'Politics and Government', 'rank': 7}, {'name': 'Subject', 'value': 'International Trade and World Market', 'rank': 8}, {'name': 'Person', 'value': 'Trump, Donald J', 'rank': 9}, {'name': 'Subject', 'value': 'United States International Relations', 'rank': 10}]",Foreign,1,A,2020-04-24 18:05:42+00:00,World,"European officials first delayed and then rewrote the document in ways that diluted the focus on China, a vital trading partner.",The New York Times,Europe,News,nyt://article/86b41fa7-e2a7-5a6e-886b-4981f9a27f35,https://www.nytimes.com/2020/04/24/world/europe/disinformation-china-eu-coronavirus.html,1324,By Matt Apuzzo,"Pressured by China, E.U. Softens Report on Covid-19 Disinformation",,"E.U., Yielding To Irate China, Stifles Critique",A Chinese flag on a billboard in Serbia last month.,Marko Djurica/Reuters,https://static01.nyt.com/images/2020/04/24/world/24virus-disinfo/merlin_170921169_91aeecdc-4f24-4604-a619-2ee158413bb9-articleLarge.jpg,400,600,https://static01.nyt.com/images/2020/04/24/world/24virus-disinfo/24virus-disinfo-thumbStandard.jpg,75,75,"Pressured by China, E.U. Softens Report on Covid-19 Disinformation","Pressured by China, E.U. Softens Report on Covid-19 Disinformation A revised report shows how Beijing reacts swiftly and effectively to tamp down Western criticism of its pandemic response. European officials first delayed and then rewrote the document in ways that diluted the focus on China, a vital trading partner."
Belgium said it would start gradually lifting lockdown measures in May.,article,nyt://article/506bf0b0-e584-500d-8de1-937fba240cb1,"[{'name': 'Subject', 'value': 'Coronavirus (2019-nCoV)', 'rank': 1}]",Foreign,,,2020-04-24 04:01:53+00:00,World,"As Ramadan begins, Pakistani doctors warn that the country is loosening its lockdown too soon. Japan is recalling masks it sent to every home. Here’s the latest.",The New York Times,,News,nyt://article/506bf0b0-e584-500d-8de1-937fba240cb1,https://www.nytimes.com/2020/04/24/world/coronavirus-world-tracker.html,6247,,E.U. Waters Down Report on China’s Coronavirus Propaganda,,,A Chinese flag on a billboard in Serbia last month.,Marko Djurica/Reuters,https://static01.nyt.com/images/2020/04/24/world/24intl-briefing-disinfo/merlin_170921169_91aeecdc-4f24-4604-a619-2ee158413bb9-articleLarge.jpg,400,600,https://static01.nyt.com/images/2020/04/24/world/24intl-briefing-disinfo/24virus-disinfo-thumbStandard.jpg,75,75,E.U. Waters Down Report on China’s Coronavirus Propaganda,"E.U. Waters Down Report on China’s Coronavirus Propaganda Belgium said it would start gradually lifting lockdown measures in May. As Ramadan begins, Pakistani doctors warn that the country is loosening its lockdown too soon. Japan is recalling masks it sent to every home. Here’s the latest."
"The United States, which ranked 45th out of 180 countries and territories, and Brazil were becoming models of hostility toward the news media, according to the World Press Freedom Index.",article,nyt://article/10ff0770-550a-5376-98e7-1419b3f630c0,"[{'name': 'Subject', 'value': 'Freedom of the Press', 'rank': 1}, {'name': 'Subject', 'value': 'Coronavirus (2019-nCoV)', 'rank': 2}, {'name': 'Organization', 'value': 'Reporters Without Borders', 'rank': 3}, {'name': 'Subject', 'value': 'News and News Media', 'rank': 4}, {'name': 'Subject', 'value': 'Surveillance of Citizens by Government', 'rank': 5}, {'name': 'Subject', 'value': 'Freedom of Speech and Expression', 'rank': 6}, {'name': 'Subject', 'value': 'Politics and Government', 'rank': 7}, {'name': 'Location', 'value': 'Africa', 'rank': 8}, {'name': 'Location', 'value': 'Europe', 'rank': 9}, {'name': 'Location', 'value': 'Norway', 'rank': 10}, {'name': 'Location', 'value': 'United States', 'rank': 11}, {'name': 'Location', 'value': 'China', 'rank': 12}]",Express,10,A,2020-04-21 21:24:38+00:00,World,"The United States, which ranked 45th out of 180 countries and territories, and Brazil were becoming models of hostility toward the news media, according to the World Press Freedom Index.",The New York Times,Americas,News,nyt://article/10ff0770-550a-5376-98e7-1419b3f630c0,https://www.nytimes.com/2020/04/21/world/americas/coronavirus-press-freedom-journalism.html,524,By Jenny Gross,"Coronavirus Threatens Press Freedom Around the World, Report Says",,"Health Crisis Tests Freedom Of the Press, A Report Says",,"The New York Times, via Reporters Without Borders",https://static01.nyt.com/images/2020/04/21/multimedia/21xp-virus-press-freedom-promo/21xp-virus-press-freedom-promo-articleLarge.png,336,600,https://static01.nyt.com/images/2020/04/21/multimedia/21xp-virus-press-freedom-promo/21xp-virus-press-freedom-promo-thumbStandard.png,75,75,"Coronavirus Threatens Press Freedom Around the World, Report Says","Coronavirus Threatens Press Freedom Around the World, Report Says The United States, which ranked 45th out of 180 countries and territories, and Brazil were becoming models of hostility toward the news media, according to the World Press Freedom Index. The United States, which ranked 45th out of 180 countries and territories, and Brazil were becoming models of hostility toward the news media, according to the World Press Freedom Index."
The report said North Korea’s leader underwent a cardiovascular procedure earlier this month.,article,nyt://article/64a1ef2e-ef4e-5fde-8385-34b097b41b91,"[{'name': 'Location', 'value': 'North Korea', 'rank': 1}, {'name': 'Person', 'value': 'Kim Jong-un', 'rank': 2}, {'name': 'Subject', 'value': 'Politics and Government', 'rank': 3}, {'name': 'Organization', 'value': 'Daily NK', 'rank': 4}, {'name': 'Organization', 'value': ""Workers' Party of Korea"", 'rank': 5}]",Foreign,19,A,2020-04-21 02:38:17+00:00,World,"North Korea’s leader underwent a cardiovascular procedure earlier this month, according to a South Korean media report citing unidentified sources in the North.",The New York Times,Asia Pacific,News,nyt://article/64a1ef2e-ef4e-5fde-8385-34b097b41b91,https://www.nytimes.com/2020/04/20/world/asia/Kim-jong-un-coronavirus.html,347,By Choe Sang-Hun,Is Kim Jong-un Ailing? South Korea Disputes Report Saying He Is,,Doubts Rise About Health Of Kim After Surgery Report,"The North Korean leader, Kim Jong-un, last appeared publicly in the state media on April 11, when he presided over a Politburo meeting.","Korean Central News Agency, via Associated Press",https://static01.nyt.com/images/2020/04/21/world/21nkorea-1sub/merlin_171514818_437d98fc-bd9e-45ac-823d-87ef3029d240-articleLarge.jpg,395,600,https://static01.nyt.com/images/2020/04/21/world/21nkorea-1sub/21nkorea-1sub-thumbStandard.jpg,75,75,Is Kim Jong-un Ailing? South Korea Disputes Report Saying He Is,"Is Kim Jong-un Ailing? South Korea Disputes Report Saying He Is The report said North Korea’s leader underwent a cardiovascular procedure earlier this month. North Korea’s leader underwent a cardiovascular procedure earlier this month, according to a South Korean media report citing unidentified sources in the North."
"The Finns, known for downplaying their emotions, are the happiest people in the world. Do they have something to teach us about how to respond to the pandemic?",article,nyt://article/a6355ec9-0992-54ce-b622-fa2590ce261a,"[{'name': 'Subject', 'value': 'Happiness', 'rank': 1}, {'name': 'Organization', 'value': 'United Nations', 'rank': 2}, {'name': 'Subject', 'value': 'Polls and Public Opinion', 'rank': 3}, {'name': 'Location', 'value': 'Finland', 'rank': 4}, {'name': 'Location', 'value': 'Nordic Countries', 'rank': 5}]",Express,,,2020-03-20 05:00:05+00:00,World,The Finnish are the happiest people in the world. Do they have something to teach us about how to respond to the pandemic?,The New York Times,Europe,News,nyt://article/a6355ec9-0992-54ce-b622-fa2590ce261a,https://www.nytimes.com/2020/03/20/world/europe/world-happiness-report.html,846,By Maria Cramer,Smile? The Results From the 2020 World Happiness Report Are In,,,"Revelers wore garlands of flowers to celebrate the summer solstice in Helsinki, Finland, in 2018.","Lehtikuva, via Reuters",https://static01.nyt.com/images/2020/03/17/world/00xp-happiness/merlin_152348016_77d544d3-c34a-4d56-9175-dccf3fc7d764-articleLarge.jpg,411,600,https://static01.nyt.com/images/2020/03/17/world/00xp-happiness/00xp-happiness-thumbStandard.jpg,75,75,Smile? The Results From the 2020 World Happiness Report Are In,"Smile? The Results From the 2020 World Happiness Report Are In The Finns, known for downplaying their emotions, are the happiest people in the world. Do they have something to teach us about how to respond to the pandemic? The Finnish are the happiest people in the world. Do they have something to teach us about how to respond to the pandemic?"
"Two congressmen tested positive for the virus, as work continued on a larger stimulus package. The European Union found that Russia was behind harmful misinformation circulating in the West.",article,nyt://article/b6bb7350-d39b-5140-869f-a6e3b53c06c0,"[{'name': 'Subject', 'value': 'Coronavirus (2019-nCoV)', 'rank': 1}, {'name': 'Location', 'value': 'United States', 'rank': 2}, {'name': 'Location', 'value': 'Europe', 'rank': 3}, {'name': 'Location', 'value': 'Great Britain', 'rank': 4}, {'name': 'Person', 'value': 'Trump, Donald J', 'rank': 5}]",Foreign,,,2020-03-18 04:07:49+00:00,World,"The Senate approved a bill to provide sick leave, jobless benefits, free coronavirus testing and aid. President Trump is expected to sign it.",The New York Times,,News,nyt://article/b6bb7350-d39b-5140-869f-a6e3b53c06c0,https://www.nytimes.com/2020/03/18/world/coronavirus-news.html,3699,,Trump Signs Relief Package; China Reports Zero New Local Infections,,,"Volunteers wait to check temperatures at the entrance of a street in Beijing, on Wednesday.",Giulia Marchi for The New York Times,https://static01.nyt.com/images/2020/03/19/world/18virus-briefing-zero/merlin_170682519_488ab2e0-8718-43f3-9afd-f4ce24086619-articleLarge.jpg,400,600,https://static01.nyt.com/images/2020/03/19/world/18virus-briefing-zero/19virus-briefing-zero-thumbStandard.jpg,75,75,Trump Signs Relief Package; China Reports Zero New Local Infections,"Trump Signs Relief Package; China Reports Zero New Local Infections Two congressmen tested positive for the virus, as work continued on a larger stimulus package. The European Union found that Russia was behind harmful misinformation circulating in the West. The Senate approved a bill to provide sick leave, jobless benefits, free coronavirus testing and aid. President Trump is expected to sign it."
"It wasn’t so much the numbers themselves, frightening though they were, as who reported them: Imperial College London.",article,nyt://article/6ef19a71-ddff-558d-ab65-b9d86f6130be,"[{'name': 'Subject', 'value': 'Coronavirus (2019-nCoV)', 'rank': 1}, {'name': 'Organization', 'value': 'Imperial College London', 'rank': 2}, {'name': 'Organization', 'value': 'World Health Organization', 'rank': 3}, {'name': 'Person', 'value': 'Johnson, Boris', 'rank': 4}, {'name': 'Location', 'value': 'London (England)', 'rank': 5}, {'name': 'Location', 'value': 'Italy', 'rank': 6}, {'name': 'Location', 'value': 'China', 'rank': 7}, {'name': 'Person', 'value': 'Ferguson, Neil M', 'rank': 8}]",Foreign,,,2020-03-17 22:00:26+00:00,World,"It wasn’t so much the numbers themselves, frightening though they were, as who reported them: Imperial College London.",The New York Times,Europe,News,nyt://article/6ef19a71-ddff-558d-ab65-b9d86f6130be,https://www.nytimes.com/2020/03/17/world/europe/coronavirus-imperial-college-johnson.html,1094,By Mark Landler and Stephen Castle,Behind the Virus Report That Jarred the U.S. and the U.K. to Action,,,An empty cafe near Picadilly Circus in central London on Tuesday.,Andrew Testa for The New York Times,https://static01.nyt.com/images/2020/03/17/world/17virus-uk/merlin_170625090_60bbda91-d91b-40f2-b667-ddd8bcd55f05-articleLarge.jpg,400,600,https://static01.nyt.com/images/2020/03/17/world/17virus-uk/17virus-uk-thumbStandard.jpg,75,75,Behind the Virus Report That Jarred the U.S. and the U.K. to Action,"Behind the Virus Report That Jarred the U.S. and the U.K. to Action It wasn’t so much the numbers themselves, frightening though they were, as who reported them: Imperial College London. It wasn’t so much the numbers themselves, frightening though they were, as who reported them: Imperial College London."
An analysis released on Monday about the Ethiopian Airlines crash a year ago did not blame the carrier or its pilots.,article,nyt://article/d67d678d-0f3f-5d7b-9af2-ae0d44a75dc5,"[{'name': 'Location', 'value': 'Ethiopia', 'rank': 1}, {'name': 'Subject', 'value': 'Aviation Accidents, Safety and Disasters', 'rank': 2}, {'name': 'Subject', 'value': 'Airlines and Airplanes', 'rank': 3}, {'name': 'Subject', 'value': 'Boeing 737 Max Groundings and Safety Concerns (2019)', 'rank': 4}, {'name': 'Organization', 'value': 'Ethiopian Airlines', 'rank': 5}, {'name': 'Organization', 'value': 'Boeing Company', 'rank': 6}, {'name': 'Location', 'value': 'Kenya', 'rank': 7}, {'name': 'Location', 'value': 'Indonesia', 'rank': 8}, {'name': 'Organization', 'value': 'Lion Air', 'rank': 9}]",Foreign,9,B,2020-03-09 13:31:52+00:00,World,An analysis released on Monday about the Ethiopian Airlines crash a year ago did not blame the carrier or its pilots.,The New York Times,Africa,News,nyt://article/d67d678d-0f3f-5d7b-9af2-ae0d44a75dc5,https://www.nytimes.com/2020/03/09/world/africa/ethiopia-crash-boeing.html,1033,By Simon Marks and Abdi Latif Dahir,Ethiopian Report on 737 Max Crash Blames Boeing,,Ethiopia Says Boeing Flaws Caused Crash,Mourners at the scene of the crash in March 2019. All 157 people aboard the jet were killed.,Tiksa Negeri/Reuters,https://static01.nyt.com/images/2019/03/16/us/09ethiopia-crash/09ethiopia-crash-articleLarge-v2.jpg,441,600,https://static01.nyt.com/images/2019/03/16/us/09ethiopia-crash/09ethiopia-crash-thumbStandard-v3.jpg,75,75,Ethiopian Report on 737 Max Crash Blames Boeing,Ethiopian Report on 737 Max Crash Blames Boeing An analysis released on Monday about the Ethiopian Airlines crash a year ago did not blame the carrier or its pilots. An analysis released on Monday about the Ethiopian Airlines crash a year ago did not blame the carrier or its pilots.
The second death was a man in his 70s in the Seattle area who had underlying health conditions.,article,nyt://article/b9b700c1-0367-56e9-bb73-cdf1cfc8b001,"[{'name': 'Subject', 'value': 'Coronavirus (2019-nCoV)', 'rank': 1}]",Foreign,,,2020-03-01 05:39:50+00:00,World,"Rhode Island officials said the person had recently traveled to Italy, and the Louvre closed for a meeting to address the virus and did not reopen.",The New York Times,,News,nyt://article/b9b700c1-0367-56e9-bb73-cdf1cfc8b001,https://www.nytimes.com/2020/03/01/world/coronavirus-news.html,3140,,Second Death From Virus Is Reported in the U.S.,,,"EvergreenHealth Medical Center in Kirkland, Wash., on Saturday.",Grant Hindsley for The New York Times,https://static01.nyt.com/images/2020/04/01/us/01virus-briefing-hospital2/01virus-briefing-hospital2-articleLarge.jpg,450,600,https://static01.nyt.com/images/2020/04/01/us/01virus-briefing-hospital2/01virus-briefing-hospital2-thumbStandard.jpg,75,75,Second Death From Virus Is Reported in the U.S.,"Second Death From Virus Is Reported in the U.S. The second death was a man in his 70s in the Seattle area who had underlying health conditions. Rhode Island officials said the person had recently traveled to Italy, and the Louvre closed for a meeting to address the virus and did not reopen."
"Iranian officials reported jumps in cases and deaths but denied a BBC Persia report that fatalities totaled at least 210, far higher than the official tally.",article,nyt://article/f536e96a-79b4-5c77-a97c-dcb2b5705cb1,"[{'name': 'Subject', 'value': 'Coronavirus (2019-nCoV)', 'rank': 1}, {'name': 'Subject', 'value': 'Epidemics', 'rank': 2}, {'name': 'Location', 'value': 'Iran', 'rank': 3}, {'name': 'Subject', 'value': 'Deaths (Fatalities)', 'rank': 4}]",Foreign,,,2020-02-28 21:54:41+00:00,World,"Iranian officials reported jumps in cases and deaths but denied a BBC Persia report that fatalities totaled at least 210, far higher than the official tally.",The New York Times,Middle East,News,nyt://article/f536e96a-79b4-5c77-a97c-dcb2b5705cb1,https://www.nytimes.com/2020/02/28/world/middleeast/coronavirus-iran-confusion.html,748,By Farnaz Fassihi and Rick Gladstone,Confusion and Contradiction Reign in Iran’s Coronavirus Reporting,,,"The Iranian authorities have moved to close schools, cancel Friday Prayers and restrict visitors from China.",Ebrahim Noroozi/Associated Press,https://static01.nyt.com/images/2020/02/28/world/28virus-iran2/merlin_169534593_f6bf709a-9dd2-47b7-acb6-994fcad62ab7-articleLarge.jpg,400,600,https://static01.nyt.com/images/2020/02/28/world/28virus-iran2/28virus-iran2-thumbStandard.jpg,75,75,Confusion and Contradiction Reign in Iran’s Coronavirus Reporting,"Confusion and Contradiction Reign in Iran’s Coronavirus Reporting Iranian officials reported jumps in cases and deaths but denied a BBC Persia report that fatalities totaled at least 210, far higher than the official tally. Iranian officials reported jumps in cases and deaths but denied a BBC Persia report that fatalities totaled at least 210, far higher than the official tally."
"Officials in both states raced to contact people who might have been exposed to the coronavirus, and experts warned that the cases could indicate signs of spread within the United States.",article,nyt://article/dcf979ab-a0c2-5531-a69a-2ec311b81a1a,"[{'name': 'Subject', 'value': 'Coronavirus (2019-nCoV)', 'rank': 1}, {'name': 'Subject', 'value': 'Epidemics', 'rank': 2}, {'name': 'Location', 'value': 'Nigeria', 'rank': 3}, {'name': 'Location', 'value': 'China', 'rank': 4}, {'name': 'Location', 'value': 'Europe', 'rank': 5}]",Foreign,,,2020-02-28 05:21:08+00:00,World,A stream of new cases fueled the sense that the epidemic may be turning into a global pandemic.,The New York Times,,News,nyt://article/dcf979ab-a0c2-5531-a69a-2ec311b81a1a,https://www.nytimes.com/2020/02/28/world/coronavirus-update.html,3327,,New Unexplained Cases Reported in Oregon and California,,,"The U.C.-Davis Medical Center in California, where a patient with the coronavirus is being treated.",Max Whittaker for The New York Times,https://static01.nyt.com/images/2020/02/28/us/28virus-briefing-ucdavis/merlin_169682550_476a9429-d94c-4e70-91ae-818d9e601c70-articleLarge.jpg,450,600,https://static01.nyt.com/images/2020/02/28/us/28virus-briefing-ucdavis/merlin_169682550_476a9429-d94c-4e70-91ae-818d9e601c70-thumbStandard.jpg,75,75,New Unexplained Cases Reported in Oregon and California,"New Unexplained Cases Reported in Oregon and California Officials in both states raced to contact people who might have been exposed to the coronavirus, and experts warned that the cases could indicate signs of spread within the United States. A stream of new cases fueled the sense that the epidemic may be turning into a global pandemic."
"After seven years of civil war, the president of South Sudan and his chief foe said they had agreed to form a government, just as the United Nations released a report documenting the war's toll.",article,nyt://article/467a2a26-94a0-50ed-990d-dcd3e4c18714,"[{'name': 'Person', 'value': 'Kiir Mayardit, Salva', 'rank': 1}, {'name': 'Person', 'value': 'Machar, Riek', 'rank': 2}, {'name': 'Location', 'value': 'South Sudan', 'rank': 3}, {'name': 'Subject', 'value': 'War Crimes, Genocide and Crimes Against Humanity', 'rank': 4}, {'name': 'Subject', 'value': 'Refugees and Displaced Persons', 'rank': 5}, {'name': 'Location', 'value': 'Geneva (Switzerland)', 'rank': 6}]",Foreign,9,A,2020-02-20 21:07:56+00:00,World,"After seven years of civil war, the president of South Sudan and his chief foe said they had agreed to form a government, just as the United Nations released a report documenting the war's toll.",The New York Times,Africa,News,nyt://article/467a2a26-94a0-50ed-990d-dcd3e4c18714,https://www.nytimes.com/2020/02/20/world/africa/south-sudan-peace-deal.html,719,By Nick Cumming-Bruce,"South Sudan’s Feuding Leaders Announce Unity Deal, Amid War Crimes Report",,Bitter Rivals Reach Deal To Govern South Sudan,"President Salva Kiir, second from right, and Vice President Riek Machar, second from left, after previous talks in November on a proposed unity government, which fell through. Now, they say they have a real deal.",Michael O'Hagan/Agence France-Presse — Getty Images,https://static01.nyt.com/images/2020/02/20/world/20southsudan/merlin_169203804_7efa0dfc-7ef8-4ab7-bbe2-1a7a755c1942-articleLarge.jpg,400,600,https://static01.nyt.com/images/2020/02/20/world/20southsudan/20southsudan-thumbStandard.jpg,75,75,"South Sudan’s Feuding Leaders Announce Unity Deal, Amid War Crimes Report","South Sudan’s Feuding Leaders Announce Unity Deal, Amid War Crimes Report After seven years of civil war, the president of South Sudan and his chief foe said they had agreed to form a government, just as the United Nations released a report documenting the war's toll. After seven years of civil war, the president of South Sudan and his chief foe said they had agreed to form a government, just as the United Nations released a report documenting the war's toll."
"The virus continues to spread in China, though more slowly. New cases in countries like Japan and Iran have experts concerned about getting it under control quickly.",article,nyt://article/6ecd9514-819f-533d-9a83-5117a5f4cbec,"[{'name': 'Subject', 'value': 'Coronavirus (2019-nCoV)', 'rank': 1}, {'name': 'Subject', 'value': 'Tests (Medical)', 'rank': 2}, {'name': 'Subject', 'value': 'Cruises', 'rank': 3}, {'name': 'Location', 'value': 'China', 'rank': 4}, {'name': 'Location', 'value': 'Hong Kong', 'rank': 5}, {'name': 'Location', 'value': 'Japan', 'rank': 6}, {'name': 'Location', 'value': 'Yokohama (Japan)', 'rank': 7}]",Foreign,,,2020-02-19 05:04:31+00:00,World,About 500 people who tested negative for the virus were to leave the boat on the first day of a three-day operation. More than half of all the recorded cases outside of China have been aboard the ship.,The New York Times,Asia Pacific,News,nyt://article/6ecd9514-819f-533d-9a83-5117a5f4cbec,https://www.nytimes.com/2020/02/19/world/asia/china-coronavirus.html,3276,,Japan Reports 2 Deaths Among Cruise Ship Passengers,,,"A bus carrying passengers who disembarked from the Diamond Princess cruise ship in Yokohama, Japan, on Thursday.",Kazuhiro Nogi/Agence France-Presse — Getty Images,https://static01.nyt.com/images/2020/03/19/world/19china-briefing-sub1/merlin_169185732_6bf19b44-6dd3-44ef-9e7f-063a22359ffe-articleLarge.jpg,399,600,https://static01.nyt.com/images/2020/03/19/world/19china-briefing-sub1/19china-briefing-sub1-thumbStandard.jpg,75,75,Japan Reports 2 Deaths Among Cruise Ship Passengers,"Japan Reports 2 Deaths Among Cruise Ship Passengers The virus continues to spread in China, though more slowly. New cases in countries like Japan and Iran have experts concerned about getting it under control quickly. About 500 people who tested negative for the virus were to leave the boat on the first day of a three-day operation. More than half of all the recorded cases outside of China have been aboard the ship."
The latest attack highlighted the rising ethnic and jihadi violence in West Africa’s vast Sahel region.,article,nyt://article/74f4c92e-5c4e-59c6-b0c0-197ce813948f,"[{'name': 'Location', 'value': 'Ogossagou (Mali)', 'rank': 1}, {'name': 'Subject', 'value': 'Terrorism', 'rank': 2}, {'name': 'Organization', 'value': 'Dan Na Ambassagou', 'rank': 3}, {'name': 'Location', 'value': 'Mali', 'rank': 4}]",Foreign,10,A,2020-02-15 15:19:15+00:00,World,The latest attack highlighted the rising ethnic and jihadi violence in West Africa’s vast Sahel region.,The New York Times,Africa,News,nyt://article/74f4c92e-5c4e-59c6-b0c0-197ce813948f,https://www.nytimes.com/2020/02/15/world/africa/mali-attack.html,232,By Reuters,"31 Reported Dead in Mali, as Attackers Return to Scene of a Massacre",,"31 Killed in Mali Village, Site of 2019 Massacre","The village of Ogossagou in Mali, where more than 150 people were killed in an attack last year.",Reuters,https://static01.nyt.com/images/2020/02/15/world/15mali/merlin_153720717_48c3ec0e-c695-4d9b-ab73-e00a531aecf0-articleLarge.jpg,450,600,https://static01.nyt.com/images/2020/02/15/world/15mali/15mali-thumbStandard.jpg,75,75,"31 Reported Dead in Mali, as Attackers Return to Scene of a Massacre","31 Reported Dead in Mali, as Attackers Return to Scene of a Massacre The latest attack highlighted the rising ethnic and jihadi violence in West Africa’s vast Sahel region. The latest attack highlighted the rising ethnic and jihadi violence in West Africa’s vast Sahel region."
The mandate came as the Chinese government disclosed that hundreds of medical workers who had been helping combat the coronavirus outbreak had become infected and at least six had died.,article,nyt://article/291c3155-5688-52d0-a568-c1ef54d31477,"[{'name': 'Subject', 'value': 'Coronavirus (2019-nCoV)', 'rank': 1}, {'name': 'Subject', 'value': 'Quarantines', 'rank': 2}, {'name': 'Subject', 'value': 'Tests (Medical)', 'rank': 3}, {'name': 'Location', 'value': 'China', 'rank': 4}, {'name': 'Location', 'value': 'Hubei Province (China)', 'rank': 5}]",Foreign,,,2020-02-14 05:11:11+00:00,World,"Everyone returning to the city will be required to isolate themselves for 14 days, under the new policy. Here’s the latest on the outbreak.",The New York Times,Asia Pacific,News,nyt://article/291c3155-5688-52d0-a568-c1ef54d31477,https://www.nytimes.com/2020/02/14/world/asia/china-coronavirus.html,2672,,New Cases Are Reported as Beijing Sets New Rules,,,"A checkpoint outside an office building in Beijing. Even before the capital issued its new rules, local committees had been playing an increasingly assertive role across China.",Gilles Sabrie for The New York Times,https://static01.nyt.com/images/2020/02/14/world/14china-briefing6/14china-briefing6-articleLarge.jpg,400,600,https://static01.nyt.com/images/2020/02/14/world/14china-briefing6/14china-briefing6-thumbStandard-v2.jpg,75,75,New Cases Are Reported as Beijing Sets New Rules,"New Cases Are Reported as Beijing Sets New Rules The mandate came as the Chinese government disclosed that hundreds of medical workers who had been helping combat the coronavirus outbreak had become infected and at least six had died. Everyone returning to the city will be required to isolate themselves for 14 days, under the new policy. Here’s the latest on the outbreak."
"Experts find it astonishing that Indonesia has yet to announce a case despite hosting some 5,000 Chinese tourists a day in Bali before halting flights last week.",article,nyt://article/88db6c88-c1cf-5095-8972-33b10ee3a65d,"[{'name': 'Subject', 'value': 'Coronavirus (2019-nCoV)', 'rank': 1}, {'name': 'Subject', 'value': 'Travel and Vacations', 'rank': 2}, {'name': 'Subject', 'value': 'Politics and Government', 'rank': 3}, {'name': 'Subject', 'value': 'Epidemics', 'rank': 4}, {'name': 'Subject', 'value': 'Viruses', 'rank': 5}, {'name': 'Subject', 'value': 'Hospitals', 'rank': 6}, {'name': 'Subject', 'value': 'MERS (Middle East Respiratory Syndrome)', 'rank': 7}, {'name': 'Organization', 'value': 'World Health Organization', 'rank': 8}, {'name': 'Location', 'value': 'Bali (Indonesia)', 'rank': 9}, {'name': 'Location', 'value': 'Far East, South and Southeast Asia and Pacific Areas', 'rank': 10}]",Foreign,9,A,2020-02-11 05:33:41+00:00,World,"Experts find it astonishing that Indonesia has yet to announce a case despite hosting some 5,000 Chinese tourists a day in Bali before halting flights last week.",The New York Times,Asia Pacific,News,nyt://article/88db6c88-c1cf-5095-8972-33b10ee3a65d,https://www.nytimes.com/2020/02/11/world/asia/coronavirus-indonesia-bali.html,1200,By Richard C. Paddock and Dera Menra Sijabat,Indonesia Has No Reported Coronavirus Cases. Is That the Whole Picture?,,Indonesia Still Has No Reported Cases. How Can That Be?,"Chai Yin, left, Chen Fung, center right, and their son and daughter grab lunch at a beach restaurant in Bali, Indonesia. The family, from Shenzhen, China, decided to go to Bali to ride out the coronavirus epidemic.",Nyimas Laula for The New York Times,https://static01.nyt.com/images/2020/02/10/world/00indonesia-virus-1/merlin_168524058_3971c21a-951f-4669-8882-b7608b4a6490-articleLarge.jpg,400,600,https://static01.nyt.com/images/2020/02/10/world/00indonesia-virus-1/00indonesia-virus-1-thumbStandard.jpg,75,75,Indonesia Has No Reported Coronavirus Cases. Is That the Whole Picture?,"Indonesia Has No Reported Coronavirus Cases. Is That the Whole Picture? Experts find it astonishing that Indonesia has yet to announce a case despite hosting some 5,000 Chinese tourists a day in Bali before halting flights last week. Experts find it astonishing that Indonesia has yet to announce a case despite hosting some 5,000 Chinese tourists a day in Bali before halting flights last week."
"Finance Secretary Derek Mackay is said to have sent a 16-year-old boy the messages over several months, telling him he was “really cute” and inviting him to a rugby match.",article,nyt://article/420a6b77-7ed7-58e0-9dd7-488666a46052,"[{'name': 'Location', 'value': 'Great Britain', 'rank': 1}, {'name': 'Location', 'value': 'Scotland', 'rank': 2}, {'name': 'Person', 'value': 'Sturgeon, Nicola', 'rank': 3}, {'name': 'Subject', 'value': 'Instant Messaging', 'rank': 4}, {'name': 'Organization', 'value': 'Scottish National Party', 'rank': 5}]",Foreign,4,A,2020-02-06 10:03:49+00:00,World,"Derek Mackay is said to have sent a 16-year-old boy hundreds of messages over several months, telling him he was “really cute” and inviting him to a rugby match.",The New York Times,Europe,News,nyt://article/420a6b77-7ed7-58e0-9dd7-488666a46052,https://www.nytimes.com/2020/02/06/world/europe/derek-mackay-scotland-resigns.html,760,By Megan Specia,Scottish Official Quits Amid Reports That He Messaged Teen Hundreds of Times,,Scottish Official Quits on Reports Of Messaging Boy With Invites,Derek Mackay in Glasgow in 2018. He had been seen as a rising star in the Scottish National Party.,Andy Buchanan/Agence France-Presse — Getty Images,https://static01.nyt.com/images/2020/02/06/world/06scotland/06scotland-articleLarge.jpg,400,600,https://static01.nyt.com/images/2020/02/06/world/06scotland/06scotland-thumbStandard.jpg,75,75,Scottish Official Quits Amid Reports That He Messaged Teen Hundreds of Times,"Scottish Official Quits Amid Reports That He Messaged Teen Hundreds of Times Finance Secretary Derek Mackay is said to have sent a 16-year-old boy the messages over several months, telling him he was “really cute” and inviting him to a rugby match. Derek Mackay is said to have sent a 16-year-old boy hundreds of messages over several months, telling him he was “really cute” and inviting him to a rugby match."
"Macau says it will close its casinos for two weeks, and Japan has quarantined a cruise ship with 3,700 people aboard. The number of cases and deaths in China continued to rise fast.",article,nyt://article/ea454a60-65cb-55d0-a53e-2d1cae496144,"[{'name': 'Subject', 'value': 'Coronavirus (2019-nCoV)', 'rank': 1}, {'name': 'Location', 'value': 'Hong Kong', 'rank': 2}, {'name': 'Subject', 'value': 'Epidemics', 'rank': 3}, {'name': 'Subject', 'value': 'Deaths (Fatalities)', 'rank': 4}, {'name': 'Subject', 'value': 'Hospitals', 'rank': 5}, {'name': 'Subject', 'value': 'Strikes', 'rank': 6}, {'name': 'Subject', 'value': 'Quarantines', 'rank': 7}, {'name': 'Person', 'value': 'Lam, Carrie (1957- )', 'rank': 8}, {'name': 'Location', 'value': 'China', 'rank': 9}, {'name': 'Subject', 'value': 'Casinos', 'rank': 10}, {'name': 'Location', 'value': 'Macau', 'rank': 11}, {'name': 'Subject', 'value': 'Politics and Government', 'rank': 12}]",Foreign,8,A,2020-02-04 22:53:46+00:00,World,"Macau says it will close its casinos for two weeks, and Japan has quarantined a cruise ship with 3,700 people aboard. The number of cases and deaths in China continued to rise fast.",The New York Times,Asia Pacific,News,nyt://article/ea454a60-65cb-55d0-a53e-2d1cae496144,https://www.nytimes.com/2020/02/04/world/asia/coronavirus-hong-kong-death.html,1376,By Austin Ramzy and Elaine Yu,Hong Kong Reports Its First Coronavirus Death as Outbreak Widens,,Hong Kong Reports Its First Death From Virus as Cases Multiply,"A ferry in Hong Kong on Tuesday. The city has 17 confirmed cases of the coronavirus, and a 39-year-old man there died of it.",Billy H.C. Kwok for The New York Times,https://static01.nyt.com/images/2020/02/05/world/04china-virus-sub/04china-virus-sub-articleLarge.jpg,400,600,https://static01.nyt.com/images/2020/02/05/world/04china-virus-sub/04china-virus-sub-thumbStandard.jpg,75,75,Hong Kong Reports Its First Coronavirus Death as Outbreak Widens,"Hong Kong Reports Its First Coronavirus Death as Outbreak Widens Macau says it will close its casinos for two weeks, and Japan has quarantined a cruise ship with 3,700 people aboard. The number of cases and deaths in China continued to rise fast. Macau says it will close its casinos for two weeks, and Japan has quarantined a cruise ship with 3,700 people aboard. The number of cases and deaths in China continued to rise fast."
The death was the second from the virus outside mainland China. The patient was a 39-year-old man who had visited Wuhan and returned to Hong Kong on Jan. 23.,article,nyt://article/278b7445-710c-59c8-a8eb-3d9e7160326d,"[{'name': 'Subject', 'value': 'SARS (Severe Acute Respiratory Syndrome)', 'rank': 1}, {'name': 'Subject', 'value': 'Coronavirus (2019-nCoV)', 'rank': 2}, {'name': 'Subject', 'value': 'Epidemics', 'rank': 3}, {'name': 'Subject', 'value': 'Infections', 'rank': 4}, {'name': 'Organization', 'value': 'Bellevue Hospital Center', 'rank': 5}, {'name': 'Organization', 'value': 'Centers for Disease Control and Prevention', 'rank': 6}, {'name': 'Organization', 'value': 'World Health Organization', 'rank': 7}, {'name': 'Location', 'value': 'China', 'rank': 8}, {'name': 'Location', 'value': 'Far East, South and Southeast Asia and Pacific Areas', 'rank': 9}, {'name': 'Location', 'value': 'Hubei Province (China)', 'rank': 10}, {'name': 'Location', 'value': 'New York City', 'rank': 11}, {'name': 'Location', 'value': 'Hong Kong', 'rank': 12}]",Foreign,,,2020-02-03 05:08:39+00:00,World,"The death toll in China exceeds that of the SARS outbreak, and the U.S. has 11 confirmed cases. Oil prices fell over concerns that the epidemic will reduce demand from China.",The New York Times,Asia Pacific,News,nyt://article/278b7445-710c-59c8-a8eb-3d9e7160326d,https://www.nytimes.com/2020/02/03/world/asia/coronavirus-china.html,4764,By The New York Times,Hong Kong Reports First Death From Coronavirus Outbreak,,,Commuters in masks taking the train in Hong Kong on Monday.,Billy H.C. Kwok for The New York Times,https://static01.nyt.com/images/2020/03/03/world/03china-briefing-hk/merlin_168335808_18e9af23-0fc9-4acf-88bd-11762d0dcfbe-articleLarge.jpg,400,600,https://static01.nyt.com/images/2020/03/03/world/03china-briefing-hk/03china-briefing-hk-thumbStandard.jpg,75,75,Hong Kong Reports First Death From Coronavirus Outbreak,"Hong Kong Reports First Death From Coronavirus Outbreak The death was the second from the virus outside mainland China. The patient was a 39-year-old man who had visited Wuhan and returned to Hong Kong on Jan. 23. The death toll in China exceeds that of the SARS outbreak, and the U.S. has 11 confirmed cases. Oil prices fell over concerns that the epidemic will reduce demand from China."
"A 44-year-old man who traveled from Wuhan, China, the center of the outbreak, died in the Philippines, officials said.",article,nyt://article/d897c7ee-95b9-5ed6-ae42-ac374febe330,"[{'name': 'Subject', 'value': 'Coronavirus (2019-nCoV)', 'rank': 1}, {'name': 'Subject', 'value': 'Travel Warnings', 'rank': 2}, {'name': 'Subject', 'value': 'Deaths (Fatalities)', 'rank': 3}, {'name': 'Location', 'value': 'Philippines', 'rank': 4}, {'name': 'Location', 'value': 'China', 'rank': 5}]",Foreign,8,A,2020-02-02 22:55:22+00:00,World,"A 44-year-old man who traveled from Wuhan, China, the center of the outbreak, died in the Philippines, officials said.",The New York Times,Asia Pacific,News,nyt://article/d897c7ee-95b9-5ed6-ae42-ac374febe330,https://www.nytimes.com/2020/02/02/world/asia/philippines-coronavirus-china.html,1291,By Austin Ramzy and Tiffany May,Philippines Reports First Coronavirus Death Outside China,,First Virus Death Reported Outside China as Countries Step Up Response,Students  at a school in Manila had their body temperatures checked with infrared thermometers on Friday as a precautionary measure against the coronavirus.,Aaron Favila/Associated Press,https://static01.nyt.com/images/2020/02/02/world/02china-virus1/merlin_168131283_0e7d58f9-57f3-4219-bed2-465b44954559-articleLarge.jpg,400,600,https://static01.nyt.com/images/2020/02/02/world/02china-virus1/02china-virus1-thumbStandard.jpg,75,75,Philippines Reports First Coronavirus Death Outside China,"Philippines Reports First Coronavirus Death Outside China A 44-year-old man who traveled from Wuhan, China, the center of the outbreak, died in the Philippines, officials said. A 44-year-old man who traveled from Wuhan, China, the center of the outbreak, died in the Philippines, officials said."
"The spread of the pneumonialike illness to two other cities comes ahead of the Lunar New Year, when hundreds of millions will travel.",article,nyt://article/bfd0a27f-78db-5e12-a966-975d5cdc3e87,"[{'name': 'Subject', 'value': 'Coronavirus (2019-nCoV)', 'rank': 1}, {'name': 'Subject', 'value': 'Viruses', 'rank': 2}, {'name': 'Location', 'value': 'China', 'rank': 3}, {'name': 'Location', 'value': 'Wuhan (China)', 'rank': 4}, {'name': 'Subject', 'value': 'Lunar New Year', 'rank': 5}, {'name': 'Subject', 'value': 'SARS (Severe Acute Respiratory Syndrome)', 'rank': 6}]",Foreign,6,A,2020-01-19 02:56:42+00:00,World,The spread of the pneumonialike illness adds to fears of a broader outbreak ahead of China’s busiest travel season.,The New York Times,Asia Pacific,News,nyt://article/bfd0a27f-78db-5e12-a966-975d5cdc3e87,https://www.nytimes.com/2020/01/18/world/asia/china-virus-wuhan-coronavirus.html,879,By Javier C. Hernández,Deadly Mystery Virus Reported in 2 New Chinese Cities and South Korea,,"China Reports New Cases of Mystery Virus, Raising Fears as Travel Season Begins","Members of the medical staff at Jinyintan Hospital in Wuhan, China, where people infected by the virus were being treated.",Getty Images,https://static01.nyt.com/images/2020/01/19/world/19china-virus/merlin_167281152_3126fb11-80e8-46b4-a234-85ba2da5c314-articleLarge.jpg,400,600,https://static01.nyt.com/images/2020/01/19/world/19china-virus/19china-virus-thumbStandard.jpg,75,75,Deadly Mystery Virus Reported in 2 New Chinese Cities and South Korea,"Deadly Mystery Virus Reported in 2 New Chinese Cities and South Korea The spread of the pneumonialike illness to two other cities comes ahead of the Lunar New Year, when hundreds of millions will travel. The spread of the pneumonialike illness adds to fears of a broader outbreak ahead of China’s busiest travel season."
Newly released documents suggest that Ms. Yovanovitch was being watched in Kyiv while she was the American ambassador there.,article,nyt://article/e1551392-5a5d-5df5-9e4a-1b5e818ca7cd,"[{'name': 'Location', 'value': 'Ukraine', 'rank': 1}, {'name': 'Person', 'value': 'Yovanovitch, Marie L', 'rank': 2}, {'name': 'Person', 'value': 'Trump, Donald J', 'rank': 3}, {'name': 'Subject', 'value': 'Impeachment', 'rank': 4}, {'name': 'Subject', 'value': 'Trump-Ukraine Whistle-Blower Complaint and Impeachment Inquiry', 'rank': 5}, {'name': 'Subject', 'value': 'Surveillance of Citizens by Government', 'rank': 6}, {'name': 'Subject', 'value': 'United States International Relations', 'rank': 7}, {'name': 'Subject', 'value': 'Politics and Government', 'rank': 8}, {'name': 'Person', 'value': 'Parnas, Lev', 'rank': 9}, {'name': 'Subject', 'value': 'Diplomatic Service, Embassies and Consulates', 'rank': 10}]",Foreign,13,A,2020-01-16 13:34:56+00:00,World,A text message exchange suggested that former Ambassador Marie Yovanovitch was being watched in Kyiv.,The New York Times,Europe,News,nyt://article/e1551392-5a5d-5df5-9e4a-1b5e818ca7cd,https://www.nytimes.com/2020/01/16/world/europe/ukraine-yovanovitch-investigation.html,749,By Anton Troianovski and Richard Pérez-Peña,Ukraine Investigates Trump Allies Amid Reports of Surveillance of Marie Yovanovitch,,Ukraine Reviews Claim That Allies of President Were Spying on Envoy,"Marie L. Yovanovitch, the former United States ambassador to Ukraine, in Washington in November.",Erin Schaff/The New York Times,https://static01.nyt.com/images/2020/01/16/world/16ukraine/merlin_164442051_0e050aaa-4518-4949-b21e-01086e529f1c-articleLarge.jpg,400,600,https://static01.nyt.com/images/2020/01/16/world/16ukraine/16ukraine-thumbStandard.jpg,75,75,Ukraine Investigates Trump Allies Amid Reports of Surveillance of Marie Yovanovitch,Ukraine Investigates Trump Allies Amid Reports of Surveillance of Marie Yovanovitch Newly released documents suggest that Ms. Yovanovitch was being watched in Kyiv while she was the American ambassador there. A text message exchange suggested that former Ambassador Marie Yovanovitch was being watched in Kyiv.
"The coronavirus, which surfaced in the city of Wuhan, has put the region on alert, but there is no evidence that it can spread among humans.",article,nyt://article/1029f931-23fd-5ba7-9fab-44981a424b83,"[{'name': 'Location', 'value': 'Wuhan (China)', 'rank': 1}, {'name': 'Subject', 'value': 'Coronavirus (2019-nCoV)', 'rank': 2}, {'name': 'Location', 'value': 'China', 'rank': 3}, {'name': 'Subject', 'value': 'SARS (Severe Acute Respiratory Syndrome)', 'rank': 4}, {'name': 'Subject', 'value': 'Epidemics', 'rank': 5}, {'name': 'Subject', 'value': 'Viruses', 'rank': 6}, {'name': 'Location', 'value': 'Far East, South and Southeast Asia and Pacific Areas', 'rank': 7}]",Foreign,6,A,2020-01-11 01:41:56+00:00,World,"The coronavirus, which surfaced in the city of Wuhan, has put the region on alert, but there is no evidence that it can spread among humans.",The New York Times,Asia Pacific,News,nyt://article/1029f931-23fd-5ba7-9fab-44981a424b83,https://www.nytimes.com/2020/01/10/world/asia/china-virus-wuhan-death.html,697,By Amy Qin and Javier C. Hernández,China Reports First Death From New Virus,,China Reports First Fatality From New Virus,"Researchers in Suwon, South Korea, examined material collected from a woman who had visited the Chinese city of Wuhan. A virus that appeared in the city has health officials in the region on alert.","Yonhap/EPA, via Shutterstock",https://static01.nyt.com/images/2020/01/10/multimedia/10china--virus/merlin_166870215_3d5ab7c2-7c03-4d0d-836c-06150ac43508-articleLarge.jpg,444,600,https://static01.nyt.com/images/2020/01/10/multimedia/10china--virus/merlin_166870215_3d5ab7c2-7c03-4d0d-836c-06150ac43508-thumbStandard.jpg,75,75,China Reports First Death From New Virus,"China Reports First Death From New Virus The coronavirus, which surfaced in the city of Wuhan, has put the region on alert, but there is no evidence that it can spread among humans. The coronavirus, which surfaced in the city of Wuhan, has put the region on alert, but there is no evidence that it can spread among humans."
