abstract,document_type,_id,keywords,news_desk,print_page,print_section,pub_date,section_name,snippet,source,subsection_name,type_of_material,uri,web_url,word_count,byline.original,headline.main,headline.kicker,headline.print_headline,multimedia.caption,multimedia.credit,multimedia.default.url,multimedia.default.height,multimedia.default.width,multimedia.thumbnail.url,multimedia.thumbnail.height,multimedia.thumbnail.width,headline,text
Problems at the Shrewsbury and Telford Hospital Trust over 40 years led to what some say may be the biggest maternity scandal in the history of the National Health Service.,article,nyt://article/a9726063-dd72-5a99-b0c5-9e04e2e57855,"[{'name': 'Subject', 'value': 'Malpractice', 'rank': 1}, {'name': 'Organization', 'value': 'National Health Service', 'rank': 2}, {'name': 'Organization', 'value': 'Shrewsbury and Telford Hospital NHS Trust', 'rank': 3}, {'name': 'Subject', 'value': 'Pregnancy and Childbirth', 'rank': 4}, {'name': 'Location', 'value': 'Great Britain', 'rank': 5}, {'name': 'Subject', 'value': 'Hospitals', 'rank': 6}, {'name': 'Subject', 'value': 'Stillbirth', 'rank': 7}, {'name': 'Subject', 'value': 'Infant Mortality', 'rank': 8}]",Foreign,9,A,2019-11-21 20:00:37+00:00,World,Problems at the Shrewsbury and Telford Hospital Trust over 40 years led to what some say may be the biggest maternity scandal in the history of the National Health Service.,The New York Times,Europe,News,nyt://article/a9726063-dd72-5a99-b0c5-9e04e2e57855,https://www.nytimes.com/2019/11/21/world/europe/britain-nhs-deaths.html,815,By Ceylan Yeginsu,"Dozens of Babies Died Because of U.K. Hospital Failings, Report Finds",,Report Faults U.K. Hospital Failings for Infant Deaths,The Royal Shrewsbury Hospital's maternity care has come under scrutiny.,Christopher Furlong/Getty Images,https://static01.nyt.com/images/2019/11/21/world/21nhs-hospital/merlin_164791782_1375dc77-b5ed-45a3-9c00-73c72b15ad4e-articleLarge.jpg,400,600,https://static01.nyt.com/images/2019/11/21/world/21nhs-hospital/merlin_164791782_1375dc77-b5ed-45a3-9c00-73c72b15ad4e-thumbStandard.jpg,75,75,"Dozens of Babies Died Because of U.K. Hospital Failings, Report Finds","Dozens of Babies Died Because of U.K. Hospital Failings, Report Finds Problems at the Shrewsbury and Telford Hospital Trust over 40 years led to what some say may be the biggest maternity scandal in the history of the National Health Service. Problems at the Shrewsbury and Telford Hospital Trust over 40 years led to what some say may be the biggest maternity scandal in the history of the National Health Service."
"Several current and former Iraqi officials, named in leaked spy cables, said they had not provided Tehran with sensitive information.",article,nyt://article/7d3f7477-9bab-5843-bacb-e6a2ab4f063d,"[{'name': 'Location', 'value': 'Iraq', 'rank': 1}, {'name': 'Location', 'value': 'Iran', 'rank': 2}, {'name': 'Subject', 'value': 'Espionage and Intelligence Services', 'rank': 3}, {'name': 'Person', 'value': 'Abadi, Haider al-', 'rank': 4}, {'name': 'Person', 'value': 'Mahdi, Adel Abdul', 'rank': 5}, {'name': 'Person', 'value': 'Suleimani, Qassim', 'rank': 6}, {'name': 'Organization', 'value': 'Quds Force', 'rank': 7}, {'name': 'Subject', 'value': 'Politics and Government', 'rank': 8}]",Foreign,9,A,2019-11-19 01:13:48+00:00,World,"Several current and former Iraqi officials, named in leaked spy cables, said they had not provided Tehran with sensitive information.",The New York Times,Middle East,News,nyt://article/7d3f7477-9bab-5843-bacb-e6a2ab4f063d,https://www.nytimes.com/2019/11/18/world/middleeast/iraqi-iran-spy-cables.html,754,By Alissa J. Rubin,"Iraq Officials, Responding to Times Report, Deny Aiding Iran",,Iraq Officials Deny Aiding Iran,,,,0,0,,0,0,"Iraq Officials, Responding to Times Report, Deny Aiding Iran","Iraq Officials, Responding to Times Report, Deny Aiding Iran Several current and former Iraqi officials, named in leaked spy cables, said they had not provided Tehran with sensitive information. Several current and former Iraqi officials, named in leaked spy cables, said they had not provided Tehran with sensitive information."
The document on Moscow’s meddling in British politics prepared by Parliament last year is becoming a hot issue as bits and pieces begin to leak out.,article,nyt://article/22dd29d7-73a3-5f48-a382-563a392e3f02,"[{'name': 'Subject', 'value': 'Cyberwarfare and Defense', 'rank': 1}, {'name': 'Subject', 'value': 'Great Britain Withdrawal from EU (Brexit)', 'rank': 2}, {'name': 'Organization', 'value': 'Conservative Party (Great Britain)', 'rank': 3}, {'name': 'Person', 'value': 'Browder, William F', 'rank': 4}, {'name': 'Person', 'value': 'Clinton, Hillary Rodham', 'rank': 5}, {'name': 'Person', 'value': 'Grieve, Dominic (1956- )', 'rank': 6}, {'name': 'Person', 'value': 'Johnson, Boris', 'rank': 7}, {'name': 'Location', 'value': 'London (England)', 'rank': 8}]",Foreign,9,A,2019-11-11 19:52:53+00:00,World,The document on Moscow’s meddling in British politics prepared by Parliament last year is becoming a hot issue as bits and pieces begin to leak out.,The New York Times,Europe,News,nyt://article/22dd29d7-73a3-5f48-a382-563a392e3f02,https://www.nytimes.com/2019/11/11/world/europe/hillary-clinton-boris-johnson-brexit-russia-election.html,1294,By Mark Landler and Stephen Castle,Hillary Clinton Raps Boris Johnson Over His Suppression of a Russia Report,,Clinton Balks at Suppression of U.K. Russia Report,Prime Minister Boris Johnson of Britain during a campaign event last week.,Frank Augstein/Associated Press,https://static01.nyt.com/images/2019/11/11/world/11uk-russia/11uk-russia-articleLarge.jpg,400,600,https://static01.nyt.com/images/2019/11/11/world/11uk-russia/11uk-russia-thumbStandard.jpg,75,75,Hillary Clinton Raps Boris Johnson Over His Suppression of a Russia Report,Hillary Clinton Raps Boris Johnson Over His Suppression of a Russia Report The document on Moscow’s meddling in British politics prepared by Parliament last year is becoming a hot issue as bits and pieces begin to leak out. The document on Moscow’s meddling in British politics prepared by Parliament last year is becoming a hot issue as bits and pieces begin to leak out.
"Fewer people might have died in a 2017 fire in a London high-rise if they had not been told to stay put, a government analysis concluded.",article,nyt://article/fcb2a7d5-d1b2-5d37-922e-7c12da7d56fe,"[{'name': 'Subject', 'value': 'Grenfell Tower Fire (June, 2017)', 'rank': 1}, {'name': 'Subject', 'value': 'Fires and Firefighters', 'rank': 2}, {'name': 'Subject', 'value': 'Politics and Government', 'rank': 3}, {'name': 'Location', 'value': 'London (England)', 'rank': 4}]",Foreign,9,A,2019-10-29 11:43:09+00:00,World,"Fewer people might have died in a 2017 fire in a London high-rise if they had not been told to stay put, a government analysis concluded.",The New York Times,Europe,News,nyt://article/fcb2a7d5-d1b2-5d37-922e-7c12da7d56fe,https://www.nytimes.com/2019/10/29/world/europe/grenfell-tower-fire-report.html,770,By Richard Pérez-Peña,Grenfell Tower Report Faults Fire Brigade’s Response,,Bad Advice and No Escape Plan: Grenfell Tower Report Faults Fire Brigade,"The burnt remains of Grenfell Tower in July 2017. The fire, the deadliest in Britain in more than a century, killed 72 people.",Andrew Testa for The New York Times,https://static01.nyt.com/images/2019/10/29/world/29grenfell1/merlin_124225526_37a6021c-7a29-4bfc-b90c-8716f9ffed94-articleLarge.jpg,401,600,https://static01.nyt.com/images/2019/10/29/world/29grenfell1/merlin_124225526_37a6021c-7a29-4bfc-b90c-8716f9ffed94-thumbStandard.jpg,75,75,Grenfell Tower Report Faults Fire Brigade’s Response,"Grenfell Tower Report Faults Fire Brigade’s Response Fewer people might have died in a 2017 fire in a London high-rise if they had not been told to stay put, a government analysis concluded. Fewer people might have died in a 2017 fire in a London high-rise if they had not been told to stay put, a government analysis concluded."
"Abu Hassan al-Muhajir, spokesman of the Islamic State, is believed to have been killed a day after the American raid that left the group’s leader Abu Bakr al-Baghdadi dead.",article,nyt://article/4e878391-3f8d-5324-a96c-a6d844ce694e,"[{'name': 'Organization', 'value': 'Islamic State in Iraq and Syria (ISIS)', 'rank': 1}, {'name': 'Person', 'value': 'Baghdadi, Abu Bakr al-', 'rank': 2}, {'name': 'Person', 'value': 'al-Muhajir, Abu Hassan', 'rank': 3}, {'name': 'Location', 'value': 'Syria', 'rank': 4}]",Foreign,,,2019-10-27 22:57:48+00:00,World,"Abu Hassan al-Muhajir, spokesman of the Islamic State, is believed to have been killed a day after the American raid that left the group’s leader Abu Bakr al-Baghdadi dead.",The New York Times,Middle East,News,nyt://article/4e878391-3f8d-5324-a96c-a6d844ce694e,https://www.nytimes.com/2019/10/27/world/middleeast/al-baghdadi-successor-reported-killed.html,213,By Ben Hubbard and Karam Shoumali,Likely Successor to Dead ISIS Leader Also Reported Killed,,,"A frame from an April video posted on a militant web site shows Abu Bakr al-Baghdadi, leader of the Islamic State. A day after an American raid killed him, a separate attack was reported to have killed the man considered a likely successor.","Al-Furqan media, via Associated Press",https://static01.nyt.com/images/2019/10/28/world/28successor/merlin_160897452_6487dedf-82bf-4e95-aebc-24f73ae1fb0d-articleLarge.jpg,367,600,https://static01.nyt.com/images/2019/10/28/world/28successor/28successor-thumbStandard.jpg,75,75,Likely Successor to Dead ISIS Leader Also Reported Killed,"Likely Successor to Dead ISIS Leader Also Reported Killed Abu Hassan al-Muhajir, spokesman of the Islamic State, is believed to have been killed a day after the American raid that left the group’s leader Abu Bakr al-Baghdadi dead. Abu Hassan al-Muhajir, spokesman of the Islamic State, is believed to have been killed a day after the American raid that left the group’s leader Abu Bakr al-Baghdadi dead."
"Design flaws in the Boeing 737 Max led to the disaster last year, but an investigator said that without other factors “the crash would not have happened.”",article,nyt://article/de3ab3e1-3013-532b-b30b-54fd4435213e,"[{'name': 'Subject', 'value': 'Boeing 737 Max Groundings and Safety Concerns (2019)', 'rank': 1}, {'name': 'Organization', 'value': 'Lion Air', 'rank': 2}, {'name': 'Location', 'value': 'Indonesia', 'rank': 3}, {'name': 'Organization', 'value': 'Boeing Company', 'rank': 4}, {'name': 'Subject', 'value': 'Aviation Accidents, Safety and Disasters', 'rank': 5}, {'name': 'Subject', 'value': 'Airlines and Airplanes', 'rank': 6}]",Foreign,3,B,2019-10-25 14:11:27+00:00,World,"Design flaws in the Boeing 737 Max led to the disaster last year, but an investigator said that without other factors “the crash would not have happened.”",The New York Times,Asia Pacific,News,nyt://article/de3ab3e1-3013-532b-b30b-54fd4435213e,https://www.nytimes.com/2019/10/25/world/asia/lion-air-crash-report.html,731,By Muktita Suhartono and Austin Ramzy,Indonesian Report on Lion Air Crash Finds Numerous Problems,,Indonesia Assesses Fatal Crash,Indonesian Navy personnel recovering wreckage from Lion Air Flight 610 last November.,Ulet Ifansasti/Getty Images,https://static01.nyt.com/images/2019/10/25/world/25lionair1/merlin_146253450_d2e24049-13f1-4204-9b46-1039a2cceb90-articleLarge.jpg,400,600,https://static01.nyt.com/images/2019/10/25/world/25lionair1/25lionair1-thumbStandard.jpg,75,75,Indonesian Report on Lion Air Crash Finds Numerous Problems,"Indonesian Report on Lion Air Crash Finds Numerous Problems Design flaws in the Boeing 737 Max led to the disaster last year, but an investigator said that without other factors “the crash would not have happened.” Design flaws in the Boeing 737 Max led to the disaster last year, but an investigator said that without other factors “the crash would not have happened.”"
"The protests started over a small transit fare increase, but have gained momentum over stagnant wages despite economic growth.",article,nyt://article/c1baa463-4c0d-57b0-83c8-0cdf34cf79cb,"[{'name': 'Location', 'value': 'Chile', 'rank': 1}, {'name': 'Subject', 'value': 'Looting (Crime)', 'rank': 2}, {'name': 'Subject', 'value': 'Demonstrations, Protests and Riots', 'rank': 3}, {'name': 'Subject', 'value': 'Arson', 'rank': 4}, {'name': 'Subject', 'value': 'Prices (Fares, Fees and Rates)', 'rank': 5}, {'name': 'Subject', 'value': 'Vandalism', 'rank': 6}, {'name': 'Person', 'value': 'Pinera, Sebastian', 'rank': 7}, {'name': 'Subject', 'value': 'Transit Systems', 'rank': 8}, {'name': 'Location', 'value': 'Santiago (Chile)', 'rank': 9}, {'name': 'Location', 'value': 'Concepcion (Chile)', 'rank': 10}, {'name': 'Location', 'value': 'Valparaiso (Chile)', 'rank': 11}, {'name': 'Person', 'value': 'Rancagua (Chile)', 'rank': 12}, {'name': 'Location', 'value': 'Coquimbo (Chile)', 'rank': 13}, {'name': 'Location', 'value': 'Antofagasta (Chile)', 'rank': 14}, {'name': 'Subject', 'value': 'Subways', 'rank': 15}]",Foreign,12,A,2019-10-21 02:25:17+00:00,World,"The protests started over an increase in transit fares, but have escalated over anger that, despite economic growth, people’s lives have not improved.",The New York Times,Americas,News,nyt://article/c1baa463-4c0d-57b0-83c8-0cdf34cf79cb,https://www.nytimes.com/2019/10/20/world/americas/chile-protests-riots.html,867,By Pascale Bonnefoy and Clifford Krauss,"Chile Unrest Spreads, With 15 Deaths Reported in Violence",,11 Are Dead As Chileans Overwhelm City Streets,"A demonstrator threw a gas canister back at the police on the fourth day of protests in Santiago, Chile.",Tomas Munita for The New York Times,https://static01.nyt.com/images/2019/10/21/world/21chile-sub10/merlin_163088700_43d1a29c-6b66-4501-a53c-57b2e817c1b9-articleLarge.jpg,400,600,https://static01.nyt.com/images/2019/10/21/world/21chile-sub10/21chile-sub10-thumbStandard-v2.jpg,75,75,"Chile Unrest Spreads, With 15 Deaths Reported in Violence","Chile Unrest Spreads, With 15 Deaths Reported in Violence The protests started over a small transit fare increase, but have gained momentum over stagnant wages despite economic growth. The protests started over an increase in transit fares, but have escalated over anger that, despite economic growth, people’s lives have not improved."
"Four nations — Britain, Russia, South Africa and the United  States — may be withholding information that could help solve the mystery, a prominent jurist concluded.",article,nyt://article/fa73e469-bda9-5b76-a64c-799489cb44ef,"[{'name': 'Subject', 'value': 'Aviation Accidents, Safety and Disasters', 'rank': 1}, {'name': 'Subject', 'value': 'Mercenaries and Private Military Contractors', 'rank': 2}, {'name': 'Organization', 'value': 'United Nations', 'rank': 3}, {'name': 'Person', 'value': 'Hammarskjold, Dag', 'rank': 4}, {'name': 'Location', 'value': 'Africa', 'rank': 5}]",Foreign,6,A,2019-10-08 23:33:55+00:00,World,"Four nations — Britain, Russia, South Africa and the United  States — may be withholding information that could help solve the mystery, a prominent jursit concluded.",The New York Times,Africa,News,nyt://article/fa73e469-bda9-5b76-a64c-799489cb44ef,https://www.nytimes.com/2019/10/08/world/africa/dag-hammarskjold.html,869,By Rick Gladstone and Mike Ives,U.N. Report Bolsters Theory That Hammarskjold Plane Was Downed,,U.N. Seeks More Answers on a 1961 Plane Crash,"The wreckage of Dag Hammarskjold’s plane, which crashed in 1961 near Ndola, then part of Northern Rhodesia in what is now Zambia.",Associated Press,https://static01.nyt.com/images/2019/10/08/world/08Hammarskjold1/merlin_158818701_bff2d799-ca70-46fe-89e8-d6e76c1cc650-articleLarge.jpg,388,600,https://static01.nyt.com/images/2019/10/08/world/08Hammarskjold1/merlin_158818701_bff2d799-ca70-46fe-89e8-d6e76c1cc650-thumbStandard.jpg,75,75,U.N. Report Bolsters Theory That Hammarskjold Plane Was Downed,"U.N. Report Bolsters Theory That Hammarskjold Plane Was Downed Four nations — Britain, Russia, South Africa and the United  States — may be withholding information that could help solve the mystery, a prominent jurist concluded. Four nations — Britain, Russia, South Africa and the United  States — may be withholding information that could help solve the mystery, a prominent jursit concluded."
"North Korea blocks the windows of high-rise apartments in Pyongyang to prevent their residents from looking down, or spying, on the party and government buildings, a news report says.",article,nyt://article/8bb7819a-cd5d-5f68-8418-f48e47251b84,"[{'name': 'Subject', 'value': 'Espionage and Intelligence Services', 'rank': 1}, {'name': 'Organization', 'value': 'Daily NK', 'rank': 2}, {'name': 'Person', 'value': 'Kim Jong-un', 'rank': 3}, {'name': 'Person', 'value': 'Sigley, Alek', 'rank': 4}, {'name': 'Location', 'value': 'North Korea', 'rank': 5}]",Foreign,8,A,2019-10-04 20:02:41+00:00,World,"North Korea blocks the windows of high-rise apartments in Pyongyang to prevent their residents from looking down, or spying, on the party and government buildings, a news report says.",The New York Times,Asia Pacific,News,nyt://article/8bb7819a-cd5d-5f68-8418-f48e47251b84,https://www.nytimes.com/2019/10/04/world/asia/north-korea-blocks-windows-buildings.html,505,By Choe Sang-Hun,"North Korea Blocks Windows of Tall Buildings in Pyongyang to Prevent Spying, Reports Say",,North Korea Sacrifices Views for Secrecy,High-rise buildings in Pyongyang last year.,Danish Siddiqui/Reuters,https://static01.nyt.com/images/2019/10/04/world/04nkorea/merlin_143608950_76667c52-d787-4e76-ad42-e7bcc3c19b1b-articleLarge.jpg,383,600,https://static01.nyt.com/images/2019/10/04/world/04nkorea/04nkorea-thumbStandard.jpg,75,75,"North Korea Blocks Windows of Tall Buildings in Pyongyang to Prevent Spying, Reports Say","North Korea Blocks Windows of Tall Buildings in Pyongyang to Prevent Spying, Reports Say North Korea blocks the windows of high-rise apartments in Pyongyang to prevent their residents from looking down, or spying, on the party and government buildings, a news report says. North Korea blocks the windows of high-rise apartments in Pyongyang to prevent their residents from looking down, or spying, on the party and government buildings, a news report says."
"A cybersecurity firm says evidence suggests the Egyptian government carried out cyberattacks on journalists, academics, lawyers and rights activists.",article,nyt://article/162e14b0-30bc-568a-b89b-809615796504,"[{'name': 'Location', 'value': 'Egypt', 'rank': 1}, {'name': 'Subject', 'value': 'Politics and Government', 'rank': 2}, {'name': 'Person', 'value': 'Sisi, Abdel Fattah el-', 'rank': 3}, {'name': 'Subject', 'value': 'Mobile Applications', 'rank': 4}, {'name': 'Subject', 'value': 'Surveillance of Citizens by Government', 'rank': 5}, {'name': 'Subject', 'value': 'Political Prisoners', 'rank': 6}, {'name': 'Subject', 'value': 'Demonstrations, Protests and Riots', 'rank': 7}, {'name': 'Subject', 'value': 'Human Rights and Human Rights Violations', 'rank': 8}, {'name': 'Subject', 'value': 'Cyberwarfare and Defense', 'rank': 9}, {'name': 'Subject', 'value': 'Computer Security', 'rank': 10}, {'name': 'Organization', 'value': 'Amnesty International', 'rank': 11}, {'name': 'Organization', 'value': 'Check Point Software Technologies Ltd', 'rank': 12}, {'name': 'Organization', 'value': 'Google Play', 'rank': 13}, {'name': 'Location', 'value': 'Canada', 'rank': 14}]",Foreign,8,A,2019-10-03 09:38:05+00:00,World,"A cybersecurity firm says evidence suggests the Egyptian government carried out cyberattacks on journalists, academics, lawyers and rights activists.",The New York Times,Middle East,News,nyt://article/162e14b0-30bc-568a-b89b-809615796504,https://www.nytimes.com/2019/10/03/world/middleeast/egypt-cyber-attack-phones.html,1401,By Ronen Bergman and Declan Walsh,"Egypt Is Using Apps to Track and Target Its Citizens, Report Says",,"Egypt Is Using Apps to Track and Target Citizens, Cybersecurity Firm Says",A protest in Cairo last month calling for the removal of President Abdel Fattah el-Sisi.,Nariman El-Mofty/Associated Press,https://static01.nyt.com/images/2019/10/03/world/03egypt-cyber7/03egypt-cyber7-articleLarge.jpg,400,600,https://static01.nyt.com/images/2019/10/03/world/03egypt-cyber7/03egypt-cyber7-thumbStandard.jpg,75,75,"Egypt Is Using Apps to Track and Target Its Citizens, Report Says","Egypt Is Using Apps to Track and Target Its Citizens, Report Says A cybersecurity firm says evidence suggests the Egyptian government carried out cyberattacks on journalists, academics, lawyers and rights activists. A cybersecurity firm says evidence suggests the Egyptian government carried out cyberattacks on journalists, academics, lawyers and rights activists."
"The woman, Jennifer Arcuri, reportedly told friends that she was having an affair with Mr. Johnson when he was mayor, deepening the scandal as he tries to navigate an impasse over Brexit.",article,nyt://article/f33081f8-19af-522c-b06c-faf6584b9bb9,"[{'name': 'Person', 'value': 'Johnson, Boris', 'rank': 1}, {'name': 'Person', 'value': 'Arcuri, Jennifer', 'rank': 2}, {'name': 'Subject', 'value': 'Great Britain Withdrawal from EU (Brexit)', 'rank': 3}, {'name': 'Location', 'value': 'Great Britain', 'rank': 4}]",Foreign,,,2019-09-29 08:48:18+00:00,World,"The woman, Jennifer Arcuri, reportedly told friends that she was having an affair with Mr. Johnson when he was mayor, deepening the scandal as he tries to navigate an impasse over Brexit.",The New York Times,Europe,News,nyt://article/f33081f8-19af-522c-b06c-faf6584b9bb9,https://www.nytimes.com/2019/09/29/world/europe/boris-johnson-jennifer-arcuri.html,835,By Benjamin Mueller,"U.S. Businesswoman Admitted Affair With Boris Johnson, U.K. Report Says",,,"Boris Johnson, center, then the mayor of London, and Jennifer Arcuri, left, at a conference in the British capital in 2014.",Vicki Couchman/Shutterstock,https://static01.nyt.com/images/2019/09/29/world/29johnson/merlin_161415354_6099a268-02c8-48de-ac05-e5979d5ef630-articleLarge.jpg,400,600,https://static01.nyt.com/images/2019/09/29/world/29johnson/29johnson-thumbStandard.jpg,75,75,"U.S. Businesswoman Admitted Affair With Boris Johnson, U.K. Report Says","U.S. Businesswoman Admitted Affair With Boris Johnson, U.K. Report Says The woman, Jennifer Arcuri, reportedly told friends that she was having an affair with Mr. Johnson when he was mayor, deepening the scandal as he tries to navigate an impasse over Brexit. The woman, Jennifer Arcuri, reportedly told friends that she was having an affair with Mr. Johnson when he was mayor, deepening the scandal as he tries to navigate an impasse over Brexit."
"Officials said that as many as 40 people, including children, may have died during a raid on an insurgent stronghold in the southern province of Helmand.",article,nyt://article/6f941664-58cf-595c-80a3-29f94d8faa7b,"[{'name': 'Subject', 'value': 'Afghanistan War (2001- )', 'rank': 1}, {'name': 'Subject', 'value': 'Civilian Casualties', 'rank': 2}, {'name': 'Location', 'value': 'Helmand Province (Afghanistan)', 'rank': 3}, {'name': 'Organization', 'value': 'Taliban', 'rank': 4}, {'name': 'Organization', 'value': 'Afghan National Army', 'rank': 5}, {'name': 'Subject', 'value': 'Defense and Military Forces', 'rank': 6}]",Foreign,14,A,2019-09-23 13:47:13+00:00,World,"Officials said that as many as 40 people, including children, may have died during a raid on an insurgent stronghold in the southern province of Helmand.",The New York Times,Asia Pacific,News,nyt://article/6f941664-58cf-595c-80a3-29f94d8faa7b,https://www.nytimes.com/2019/09/23/world/asia/afghanistan-civilian-deaths-army-airstrike.html,1077,By David Zucchino and Taimoor Shah,Dozens of Civilians Reported Killed in Afghan Commando Strike,,Afghan Raid on Rebels Has High Civilian Toll,Relatives on Monday moving the body of one of the people killed in a clash carried out by Afghan forces in Helmand Province.,"Watan Yar/EPA, via Shutterstock",https://static01.nyt.com/images/2019/09/23/world/23afghanistan/merlin_161337801_17139989-3100-4f5c-8fb6-f555e17f186e-articleLarge.jpg,400,600,https://static01.nyt.com/images/2019/09/23/world/23afghanistan/23afghanistan-thumbStandard.jpg,75,75,Dozens of Civilians Reported Killed in Afghan Commando Strike,"Dozens of Civilians Reported Killed in Afghan Commando Strike Officials said that as many as 40 people, including children, may have died during a raid on an insurgent stronghold in the southern province of Helmand. Officials said that as many as 40 people, including children, may have died during a raid on an insurgent stronghold in the southern province of Helmand."
The report by a watchdog group linked Dar Petroleum Operating Company to the president and outlined other major players it said were complicit in violence and corruption.,article,nyt://article/281dfaaa-79ac-518c-95a9-0f0547d1e7ba,"[{'name': 'Location', 'value': 'South Sudan', 'rank': 1}, {'name': 'Organization', 'value': 'Dar Petroleum Operating Co', 'rank': 2}, {'name': 'Subject', 'value': 'War Crimes, Genocide and Crimes Against Humanity', 'rank': 3}, {'name': 'Organization', 'value': 'Sentry/Enough Project', 'rank': 4}, {'name': 'Person', 'value': 'Kiir Mayardit, Salva', 'rank': 5}, {'name': 'Subject', 'value': 'Oil (Petroleum) and Gasoline', 'rank': 6}, {'name': 'Subject', 'value': 'Politics and Government', 'rank': 7}, {'name': 'Location', 'value': 'China', 'rank': 8}, {'name': 'Location', 'value': 'Malaysia', 'rank': 9}, {'name': 'Subject', 'value': 'Corruption (Institutional)', 'rank': 10}]",Foreign,6,A,2019-09-19 16:54:56+00:00,World,The report by a watchdog group linked Dar Petroleum Operating Company to the president and outlined other major players it said were complicit in violence and corruption.,The New York Times,Africa,News,nyt://article/281dfaaa-79ac-518c-95a9-0f0547d1e7ba,https://www.nytimes.com/2019/09/19/world/africa/south-sudan-oil-militias.html,1129,By Megan Specia,"South Sudan Oil Consortium Funded Militias Accused of Atrocities, Report Says",,"South Sudan Oil Consortium Funded Brutal Militias, Report Says",Soldiers from the Sudan People’s Liberation Army at an oil facility in South Sudan in 2014. Much of the government’s wealth comes from oil revenue.,Andreea Campeanu/Reuters,https://static01.nyt.com/images/2019/09/19/world/19southsudan1/19southsudan1-articleLarge.jpg,400,600,https://static01.nyt.com/images/2019/09/19/world/19southsudan1/19southsudan1-thumbStandard.jpg,75,75,"South Sudan Oil Consortium Funded Militias Accused of Atrocities, Report Says","South Sudan Oil Consortium Funded Militias Accused of Atrocities, Report Says The report by a watchdog group linked Dar Petroleum Operating Company to the president and outlined other major players it said were complicit in violence and corruption. The report by a watchdog group linked Dar Petroleum Operating Company to the president and outlined other major players it said were complicit in violence and corruption."
The names have yet to be checked against those who sought shelter or evacuated. The number of confirmed dead from the storm remained at 50.,article,nyt://article/e9f6bbde-240e-5323-b25d-37edd4df8109,"[{'name': 'Subject', 'value': 'Hurricane Dorian (2019)', 'rank': 1}, {'name': 'Location', 'value': 'Bahama Islands', 'rank': 2}, {'name': 'Location', 'value': 'Grand Bahama Island', 'rank': 3}, {'name': 'Location', 'value': 'Abaco Islands (Bahamas)', 'rank': 4}]",Foreign,4,A,2019-09-11 19:01:59+00:00,World,The names have yet to be checked against those who sought shelter or evacuated. The number of confirmed dead from the storm remained at 50.,The New York Times,Americas,News,nyt://article/e9f6bbde-240e-5323-b25d-37edd4df8109,https://www.nytimes.com/2019/09/11/world/americas/hurricane-dorian-missing-bahamas.html,746,By Rachel Knowles and Frances Robles,"After Hurricane Dorian, 2,500 Reported Missing in Bahamas",,"2,500 Reported Missing  In Bahamas After Storm","A rescue team from Miami working in McLean’s Town, on Grand Bahama, over the weekend.",Meridith Kohut for The New York Times,https://static01.nyt.com/images/2019/09/11/world/11bahamas-missing-1/merlin_160403532_99ad78b2-47b0-4f33-a263-afddda6dcf49-articleLarge.jpg,401,600,https://static01.nyt.com/images/2019/09/11/world/11bahamas-missing-1/11bahamas-missing-1-thumbStandard.jpg,75,75,"After Hurricane Dorian, 2,500 Reported Missing in Bahamas","After Hurricane Dorian, 2,500 Reported Missing in Bahamas The names have yet to be checked against those who sought shelter or evacuated. The number of confirmed dead from the storm remained at 50. The names have yet to be checked against those who sought shelter or evacuated. The number of confirmed dead from the storm remained at 50."
A lack of affordable housing and changes to welfare benefits crisis have resulted in tens of thousands of children being forced to live in temporary facilities.,article,nyt://article/6aba31d1-ee18-58ab-adb4-84c723722fa4,"[{'name': 'Subject', 'value': 'Homeless Persons', 'rank': 1}, {'name': 'Subject', 'value': 'Public and Subsidized Housing', 'rank': 2}, {'name': 'Organization', 'value': 'Conservative Party (Great Britain)', 'rank': 3}, {'name': 'Location', 'value': 'England', 'rank': 4}, {'name': 'Location', 'value': 'Great Britain', 'rank': 5}]",Foreign,6,A,2019-08-21 16:17:46+00:00,World,A lack of affordable housing and changes to welfare benefits crisis have resulted in tens of thousands of children being forced to live in temporary facilities.,The New York Times,Europe,News,nyt://article/6aba31d1-ee18-58ab-adb4-84c723722fa4,https://www.nytimes.com/2019/08/21/world/europe/homeless-children-england-shipping-containers.html,731,By Ceylan Yeginsu,"Homeless Children Are Being Housed in Shipping Containers, English Report Finds",,Children in England Living in Shipping Containers,"Temporary housing in Reading, England. A report said the number of children without permanent homes in the country had surged by 80 percent since 2010.",Chris J Ratcliffe/Getty Images,https://static01.nyt.com/images/2019/08/21/world/21homeless/21homeless-articleLarge.jpg,400,600,https://static01.nyt.com/images/2019/08/21/world/21homeless/21homeless-thumbStandard.jpg,75,75,"Homeless Children Are Being Housed in Shipping Containers, English Report Finds","Homeless Children Are Being Housed in Shipping Containers, English Report Finds A lack of affordable housing and changes to welfare benefits crisis have resulted in tens of thousands of children being forced to live in temporary facilities. A lack of affordable housing and changes to welfare benefits crisis have resulted in tens of thousands of children being forced to live in temporary facilities."
"The plane, a Ural Airlines flight carrying over 200 people, flew into a flock of gulls shortly after taking off from Moscow, damaging both engines.",article,nyt://article/a8ac6289-2b93-5fad-9899-c9015bf895be,"[{'name': 'Subject', 'value': 'Aviation Accidents, Safety and Disasters', 'rank': 1}, {'name': 'Organization', 'value': 'Ural Airlines', 'rank': 2}, {'name': 'Subject', 'value': 'Airlines and Airplanes', 'rank': 3}, {'name': 'Location', 'value': 'Moscow (Russia)', 'rank': 4}, {'name': 'Location', 'value': 'Russia', 'rank': 5}]",Foreign,11,A,2019-08-15 08:56:59+00:00,World,"The plane, a Ural Airlines flight carrying over 200 people, flew into a flock of gulls shortly after taking off from Moscow, damaging both engines.",The New York Times,Europe,News,nyt://article/a8ac6289-2b93-5fad-9899-c9015bf895be,https://www.nytimes.com/2019/08/15/world/europe/russia-plane-crash-landing.html,541,By Ivan Nechepurenko and Megan Specia,"Russian Plane Crash-Lands in Cornfield, and Reports Say All Survived",,Russian Jet Runs Into Gulls But Lands Safely in a Field,The Ural Airlines plane on the site of its emergency landing in a field outside Zhukovsky International Airport near Moscow on Thursday.,"Sergei Ilnitsky/EPA, via Shutterstock",https://static01.nyt.com/images/2019/08/15/world/15russia-plane/15russia-plane-articleLarge.jpg,372,600,https://static01.nyt.com/images/2019/08/15/world/15russia-plane/15russia-plane-thumbStandard.jpg,75,75,"Russian Plane Crash-Lands in Cornfield, and Reports Say All Survived","Russian Plane Crash-Lands in Cornfield, and Reports Say All Survived The plane, a Ural Airlines flight carrying over 200 people, flew into a flock of gulls shortly after taking off from Moscow, damaging both engines. The plane, a Ural Airlines flight carrying over 200 people, flew into a flock of gulls shortly after taking off from Moscow, damaging both engines."
"Russia’s government is trying to put Soviet-style restrictions on scientists’ contact with foreign peers, requiring them to ask permission and report back on meetings.",article,nyt://article/250b8ef8-f34e-5f95-a3a4-e9261db96123,"[{'name': 'Location', 'value': 'Russia', 'rank': 1}, {'name': 'Subject', 'value': 'Science and Technology', 'rank': 2}, {'name': 'Subject', 'value': 'Research', 'rank': 3}, {'name': 'Subject', 'value': 'Politics and Government', 'rank': 4}]",Foreign,9,A,2019-08-14 18:22:02+00:00,World,"Russia’s government is trying to put Soviet-style restrictions on scientists’ contact with foreign peers, requiring them to ask permission and report back on meetings.",The New York Times,Europe,News,nyt://article/250b8ef8-f34e-5f95-a3a4-e9261db96123,https://www.nytimes.com/2019/08/14/world/europe/russia-science-rules.html,631,By Ivan Nechepurenko,Meeting a Russian Scientist? He Might Need to Report on You,,Scientists Scoff at Soviet-Style Restraints,President Vladimir V. Putin toasting after a ceremony to honor young scientists in Moscow.,Mikhail Klimentyev/The Kremlin,https://static01.nyt.com/images/2019/08/14/world/14russia-scientists/merlin_150304923_98be4e3c-cd6f-43de-b2d9-b08bf23e3248-articleLarge.jpg,436,600,https://static01.nyt.com/images/2019/08/14/world/14russia-scientists/14russia-scientists-thumbStandard.jpg,75,75,Meeting a Russian Scientist? He Might Need to Report on You,"Meeting a Russian Scientist? He Might Need to Report on You Russia’s government is trying to put Soviet-style restrictions on scientists’ contact with foreign peers, requiring them to ask permission and report back on meetings. Russia’s government is trying to put Soviet-style restrictions on scientists’ contact with foreign peers, requiring them to ask permission and report back on meetings."
"The Foreign Ministry said security forces recently helped a foreign tanker in the Strait of Hormuz, but did not identify the ship or its owner.",article,nyt://article/ecc24f4c-7161-59cd-9a8c-aedd4ba21a24,"[{'name': 'Location', 'value': 'Iran', 'rank': 1}, {'name': 'Subject', 'value': 'Oil (Petroleum) and Gasoline', 'rank': 2}, {'name': 'Organization', 'value': 'Islamic Revolutionary Guards Corps', 'rank': 3}, {'name': 'Location', 'value': 'Gulf of Oman', 'rank': 4}, {'name': 'Location', 'value': 'Strait of Hormuz', 'rank': 5}, {'name': 'Location', 'value': 'Persian Gulf', 'rank': 6}, {'name': 'Location', 'value': 'United Arab Emirates', 'rank': 7}, {'name': 'Location', 'value': 'United States', 'rank': 8}]",Foreign,,,2019-07-17 09:34:59+00:00,World,"The Foreign Ministry said security forces recently helped a foreign tanker in the Strait of Hormuz, but did not identify the ship or its owner.",The New York Times,Middle East,News,nyt://article/ecc24f4c-7161-59cd-9a8c-aedd4ba21a24,https://www.nytimes.com/2019/07/17/world/middleeast/iran-oil-tanker.html,471,By Megan Specia,"Iran Says It Aided Oil Tanker, Amid Reports of Missing U.A.E. Ship",,,Tankers in the Strait of Hormuz in December. The waterway has recently been the site of several episodes that have strained the relationship between Iran and the United States.,Hamad I Mohammed/Reuters,https://static01.nyt.com/images/2019/07/17/world/17iran-tanker/merlin_157780200_c988ed5c-7090-4ef1-92b5-13b26f4103f7-articleLarge.jpg,373,600,https://static01.nyt.com/images/2019/07/17/world/17iran-tanker/merlin_157780200_c988ed5c-7090-4ef1-92b5-13b26f4103f7-thumbStandard.jpg,75,75,"Iran Says It Aided Oil Tanker, Amid Reports of Missing U.A.E. Ship","Iran Says It Aided Oil Tanker, Amid Reports of Missing U.A.E. Ship The Foreign Ministry said security forces recently helped a foreign tanker in the Strait of Hormuz, but did not identify the ship or its owner. The Foreign Ministry said security forces recently helped a foreign tanker in the Strait of Hormuz, but did not identify the ship or its owner."
The brief announcement on Saturday from the NATO-led mission did not provide a name or other details.,article,nyt://article/b5c444ef-1f59-54c9-8dc9-dbf3d593354c,"[{'name': 'Location', 'value': 'Afghanistan', 'rank': 1}, {'name': 'Subject', 'value': 'United States Defense and Military Forces', 'rank': 2}, {'name': 'Subject', 'value': 'Afghanistan War (2001- )', 'rank': 3}, {'name': 'Organization', 'value': 'North Atlantic Treaty Organization', 'rank': 4}]",Foreign,8,A,2019-07-13 08:38:13+00:00,World,The brief announcement on Saturday from the NATO-led mission did not provide a name or other details.,The New York Times,Asia Pacific,News,nyt://article/b5c444ef-1f59-54c9-8dc9-dbf3d593354c,https://www.nytimes.com/2019/07/13/world/asia/afghanistan-us-service-member-killed.html,287,By David Zucchino,U.S. Service Member Is Reported Killed in Afghanistan,,U.S. Reports Combat Death In Afghanistan,"Marines in Helmand Province in 2017. About 14,000 American troops are still in Afghanistan, about half training and supporting Afghan forces and half engaged in counterterrorism operations.",Andrew Renneisen/Getty Images,https://static01.nyt.com/images/2019/07/13/world/13afghan-soldier/merlin_147747978_15ef41bb-6d26-4ea0-803a-16655c254a82-articleLarge.jpg,400,600,https://static01.nyt.com/images/2019/07/13/world/13afghan-soldier/merlin_147747978_15ef41bb-6d26-4ea0-803a-16655c254a82-thumbStandard.jpg,75,75,U.S. Service Member Is Reported Killed in Afghanistan,U.S. Service Member Is Reported Killed in Afghanistan The brief announcement on Saturday from the NATO-led mission did not provide a name or other details. The brief announcement on Saturday from the NATO-led mission did not provide a name or other details.
"Employees described the conditions as deplorable, with one saying that sexual harassment was a “necessary evil” for young, ambitious staff members.",article,nyt://article/3ffc953b-e76b-5074-ac2e-e1b466ccc814,"[{'name': 'Location', 'value': 'Great Britain', 'rank': 1}, {'name': 'Subject', 'value': 'Sexual Harassment', 'rank': 2}, {'name': 'Subject', 'value': 'Legislatures and Parliaments', 'rank': 3}, {'name': 'Subject', 'value': 'Bullies', 'rank': 4}, {'name': 'Subject', 'value': '#MeToo Movement', 'rank': 5}, {'name': 'Organization', 'value': 'House of Commons (Great Britain)', 'rank': 6}, {'name': 'Location', 'value': 'London (England)', 'rank': 7}]",Foreign,5,A,2019-07-11 10:50:05+00:00,World,"The study found that sexual harassment was considered a “necessary evil” for young, ambitious workers and that the atmosphere was “stressful and hostile.”",The New York Times,Europe,News,nyt://article/3ffc953b-e76b-5074-ac2e-e1b466ccc814,https://www.nytimes.com/2019/07/11/world/europe/uk-parliament-sexual-harassment.html,1331,By Benjamin Mueller,"U.K. Parliament Workers Face ‘Unacceptable’ Abuse, Report Says",,"Parliament Workers in Britain Face ‘Unacceptable’ Abuse, Report Says","A study found that sexual harassment was considered a “necessary evil” for young, ambitious workers in the Houses of Parliament and that the atmosphere was “stressful and hostile.”",Kirsty Wigglesworth/Associated Press,https://static01.nyt.com/images/2019/07/11/world/11uk-parliament/merlin_155383830_8b1ebeac-eb56-49e6-9c01-67d8946f7a8f-articleLarge.jpg,408,600,https://static01.nyt.com/images/2019/07/11/world/11uk-parliament/merlin_155383830_8b1ebeac-eb56-49e6-9c01-67d8946f7a8f-thumbStandard.jpg,75,75,"U.K. Parliament Workers Face ‘Unacceptable’ Abuse, Report Says","U.K. Parliament Workers Face ‘Unacceptable’ Abuse, Report Says Employees described the conditions as deplorable, with one saying that sexual harassment was a “necessary evil” for young, ambitious staff members. The study found that sexual harassment was considered a “necessary evil” for young, ambitious workers and that the atmosphere was “stressful and hostile.”"
Gen. Asamnew Tsige had been accused of plotting the shooting of five political and military figures in an effort to seize power in the region of Amhara.,article,nyt://article/4b49c27d-d324-5c3e-874e-95d4c66c0582,"[{'name': 'Subject', 'value': ""Coups D'Etat and Attempted Coups D'Etat"", 'rank': 1}, {'name': 'Location', 'value': 'Ethiopia', 'rank': 2}, {'name': 'Person', 'value': 'Ahmed, Abiy', 'rank': 3}, {'name': 'Subject', 'value': 'Murders, Attempted Murders and Homicides', 'rank': 4}, {'name': 'Location', 'value': 'Addis Ababa (Ethiopia)', 'rank': 5}]",Foreign,9,A,2019-06-24 12:55:05+00:00,World,Gen. Asamnew Tsige had been accused of plotting the shooting of five political and military figures in an effort to seize power in the region of Amhara.,The New York Times,Africa,News,nyt://article/4b49c27d-d324-5c3e-874e-95d4c66c0582,https://www.nytimes.com/2019/06/24/world/africa/ethiopia-coup-amhara.html,526,By Reuters,General Accused in Ethiopian Coup Attempt Is Reported Killed,,"In Ethiopia, General Accused of Staging Attempted Coup Is Killed, Reports Say","Security forces in central Addis Ababa, Ethiopia, on Sunday.",Mulugeta Ayene/Associated Press,https://static01.nyt.com/images/2019/06/25/world/25Ethiopia1/merlin_156892494_134e11d7-201b-428a-934b-2d29c5c0ce11-articleLarge.jpg,393,600,https://static01.nyt.com/images/2019/06/25/world/25Ethiopia1/24Ethiopia1-thumbStandard.jpg,75,75,General Accused in Ethiopian Coup Attempt Is Reported Killed,General Accused in Ethiopian Coup Attempt Is Reported Killed Gen. Asamnew Tsige had been accused of plotting the shooting of five political and military figures in an effort to seize power in the region of Amhara. Gen. Asamnew Tsige had been accused of plotting the shooting of five political and military figures in an effort to seize power in the region of Amhara.
The New York Times reported that American intelligence had secretly inserted software that could allow it to disable the Russian energy system.,article,nyt://article/cc4ac16d-cae4-57eb-bbc8-7a826151727b,"[{'name': 'Subject', 'value': 'Cyberwarfare and Defense', 'rank': 1}, {'name': 'Subject', 'value': 'Russian Interference in 2016 US Elections and Ties to Trump Associates', 'rank': 2}, {'name': 'Subject', 'value': 'Power Failures and Blackouts', 'rank': 3}, {'name': 'Person', 'value': 'Putin, Vladimir V', 'rank': 4}, {'name': 'Person', 'value': 'Peskov, Dmitri S', 'rank': 5}, {'name': 'Person', 'value': 'Trump, Donald J', 'rank': 6}, {'name': 'Location', 'value': 'Russia', 'rank': 7}]",Foreign,4,A,2019-06-17 15:01:46+00:00,World,The New York Times reported that American intelligence had secretly inserted software that could allow it to disable the Russian energy system.,The New York Times,Europe,News,nyt://article/cc4ac16d-cae4-57eb-bbc8-7a826151727b,https://www.nytimes.com/2019/06/17/world/europe/russia-us-cyberwar-grid.html,524,By Ivan Nechepurenko,Kremlin Warns of Cyberwar After Report of U.S. Hacking Into Russian Power Grid,,Kremlin Warns of Cyberwar After Report of U.S. Hacking of Electrical Grid,"Electricity towers in the Republic of Khakassia, in Siberia, in 2018.",Ilya Naymushin/Reuters,https://static01.nyt.com/images/2019/06/17/world/17russia/17russia-articleLarge.jpg,400,600,https://static01.nyt.com/images/2019/06/17/world/17russia/17russia-thumbStandard.jpg,75,75,Kremlin Warns of Cyberwar After Report of U.S. Hacking Into Russian Power Grid,Kremlin Warns of Cyberwar After Report of U.S. Hacking Into Russian Power Grid The New York Times reported that American intelligence had secretly inserted software that could allow it to disable the Russian energy system. The New York Times reported that American intelligence had secretly inserted software that could allow it to disable the Russian energy system.
"Russian news reports say Russia and Turkey reached a cease-fire in Idlib, the last rebel-held province in Syria. But intense fighting continued.",article,nyt://article/ac174dbe-b9ed-50fd-bc84-b791a7d18eb9,"[{'name': 'Organization', 'value': 'Syrian Observatory for Human Rights', 'rank': 1}, {'name': 'Location', 'value': 'Idlib (Syria)', 'rank': 2}, {'name': 'Location', 'value': 'Syria', 'rank': 3}, {'name': 'Location', 'value': 'Turkey', 'rank': 4}, {'name': 'Location', 'value': 'Russia', 'rank': 5}]",Foreign,,,2019-06-12 23:24:02+00:00,World,"Russian news reports say Russia and Turkey reached a cease-fire in Idlib, the last rebel-held province in Syria. But intense fighting continued.",The New York Times,Middle East,News,nyt://article/ac174dbe-b9ed-50fd-bc84-b791a7d18eb9,https://www.nytimes.com/2019/06/12/world/middleeast/russia-syria-cease-fire.html,511,By Andrew E. Kramer and Vivian Yee,Russian Military Reports Cease-Fire in Syria,,,Airstrikes hit the town of Khan Sheikhun in Idlib Province this month. There were reports of a cease-fire on Wednesday.,Anas Al-Dyab/Agence France-Presse — Getty Images,https://static01.nyt.com/images/2019/06/12/world/12syria2/merlin_156035481_e7aa6bca-7f2c-49a2-80f6-c42db91ecfbc-articleLarge.jpg,397,600,https://static01.nyt.com/images/2019/06/12/world/12syria2/12syria2-thumbStandard.jpg,75,75,Russian Military Reports Cease-Fire in Syria,"Russian Military Reports Cease-Fire in Syria Russian news reports say Russia and Turkey reached a cease-fire in Idlib, the last rebel-held province in Syria. But intense fighting continued. Russian news reports say Russia and Turkey reached a cease-fire in Idlib, the last rebel-held province in Syria. But intense fighting continued."
"A 5-year-old Congolese boy died on Wednesday, a day after officials confirmed his case as the first outside the Democratic Republic of Congo since an outbreak began last summer.",article,nyt://article/0dfaef13-e559-5793-b3b7-d3d762f7fbe5,"[{'name': 'Subject', 'value': 'Ebola Virus', 'rank': 1}, {'name': 'Organization', 'value': 'World Health Organization', 'rank': 2}, {'name': 'Location', 'value': 'Congo, Democratic Republic of (Congo-Kinshasa)', 'rank': 3}, {'name': 'Location', 'value': 'Uganda', 'rank': 4}, {'name': 'Person', 'value': 'Tedros Adhanom Ghebreyesus', 'rank': 5}]",Foreign,7,A,2019-06-11 21:14:31+00:00,World,"The confirmed case, a 5-year-old Congolese boy, is the first outside the Democratic Republic of Congo since the outbreak began last summer.",The New York Times,Africa,News,nyt://article/0dfaef13-e559-5793-b3b7-d3d762f7fbe5,https://www.nytimes.com/2019/06/11/world/africa/ebola-congo-uganda.html,585,By Rick Gladstone,"First Ebola Cases Reported in Uganda, in Spillover From Congo Outbreak",,"W.H.O. Confirms an Ebola Case in Uganda, in Spillover From Congo","An Ebola treatment center in Beni, Democratic Republic of Congo. A new Ebola case in Uganda is the first outside Congo since the outbreak began last summer.",Baz Ratner/Reuters,https://static01.nyt.com/images/2019/06/11/world/11ebola/merlin_156032154_ba4389f4-4bc8-41fe-9603-f854e61653e1-articleLarge.jpg,400,600,https://static01.nyt.com/images/2019/06/11/world/11ebola/11ebola-thumbStandard.jpg,75,75,"First Ebola Cases Reported in Uganda, in Spillover From Congo Outbreak","First Ebola Cases Reported in Uganda, in Spillover From Congo Outbreak A 5-year-old Congolese boy died on Wednesday, a day after officials confirmed his case as the first outside the Democratic Republic of Congo since an outbreak began last summer. The confirmed case, a 5-year-old Congolese boy, is the first outside the Democratic Republic of Congo since the outbreak began last summer."
"The correspondent, Thomas Erdbrink, has been unable to work since February, when his press credential was revoked. The Iranian authorities have offered no explanation.",article,nyt://article/91eda301-7780-5306-a96c-cd75528ee991,"[{'name': 'Subject', 'value': 'News and News Media', 'rank': 1}, {'name': 'Organization', 'value': 'New York Times', 'rank': 2}, {'name': 'Person', 'value': 'Erdbrink, Thomas', 'rank': 3}, {'name': 'Location', 'value': 'Iran', 'rank': 4}]",Foreign,9,A,2019-06-10 18:30:43+00:00,World,"The correspondent, Thomas Erdbrink, has been unable to work since February, when his press credential was revoked. The Iranian authorities have offered no explanation.",The New York Times,Middle East,News,nyt://article/91eda301-7780-5306-a96c-cd75528ee991,https://www.nytimes.com/2019/06/10/world/middleeast/iran-times-erdbrink.html,373,By Rick Gladstone,Iran Bars Times Correspondent From Reporting,,Correspondent For The Times Barred by Iran From Working,,,,0,0,,0,0,Iran Bars Times Correspondent From Reporting,"Iran Bars Times Correspondent From Reporting The correspondent, Thomas Erdbrink, has been unable to work since February, when his press credential was revoked. The Iranian authorities have offered no explanation. The correspondent, Thomas Erdbrink, has been unable to work since February, when his press credential was revoked. The Iranian authorities have offered no explanation."
The report comes amid speculation that the North’s leader is changing tack after his summit meeting with President Trump failed to lift punishing sanctions.,article,nyt://article/2d419d6d-17ce-5f81-bf07-6006f3856241,"[{'name': 'Location', 'value': 'North Korea', 'rank': 1}, {'name': 'Subject', 'value': 'Capital Punishment', 'rank': 2}, {'name': 'Person', 'value': 'Kim Jong-un', 'rank': 3}, {'name': 'Person', 'value': 'Trump, Donald J', 'rank': 4}, {'name': 'Subject', 'value': 'United States International Relations', 'rank': 5}, {'name': 'Subject', 'value': 'Nuclear Weapons', 'rank': 6}, {'name': 'Subject', 'value': 'Arms Control and Limitation and Disarmament', 'rank': 7}, {'name': 'Person', 'value': 'Kim Hyok-chol', 'rank': 8}, {'name': 'Organization', 'value': 'Chosun Ilbo', 'rank': 9}, {'name': 'Organization', 'value': ""Workers' Party of Korea"", 'rank': 10}, {'name': 'Person', 'value': 'Kim Yong-chol', 'rank': 11}, {'name': 'Person', 'value': 'Kim Yo-jong', 'rank': 12}]",Foreign,9,A,2019-05-31 01:36:20+00:00,World,The report comes amid speculation that the North’s leader is changing tack after his summit meeting with President Trump failed to lift punishing sanctions.,The New York Times,Asia Pacific,News,nyt://article/2d419d6d-17ce-5f81-bf07-6006f3856241,https://www.nytimes.com/2019/05/30/world/asia/north-korea-envoy-execution.html,1204,By Choe Sang-Hun,"North Korea Executed and Purged Top Nuclear Negotiators, South Korean Report Says",,Report Says North Korea Executed Its Envoy to the U.S.,"Kim Hyok-chol, left, the special envoy to the United States, during summit preparations in Hanoi, Vietnam, in February.",Associated Press,https://static01.nyt.com/images/2019/05/30/world/30nkorea1/30nkorea1-articleLarge.jpg,400,600,https://static01.nyt.com/images/2019/05/30/world/30nkorea1/30nkorea1-thumbStandard.jpg,75,75,"North Korea Executed and Purged Top Nuclear Negotiators, South Korean Report Says","North Korea Executed and Purged Top Nuclear Negotiators, South Korean Report Says The report comes amid speculation that the North’s leader is changing tack after his summit meeting with President Trump failed to lift punishing sanctions. The report comes amid speculation that the North’s leader is changing tack after his summit meeting with President Trump failed to lift punishing sanctions."
"The surge, not seen since 2015, was yet another sign of the deteriorating security situation across Afghanistan.",article,nyt://article/edd356ea-1d9a-566b-9661-fd23a7fd421e,"[{'name': 'Subject', 'value': 'Education (K-12)', 'rank': 1}, {'name': 'Subject', 'value': 'Women and Girls', 'rank': 2}, {'name': 'Organization', 'value': 'Taliban', 'rank': 3}, {'name': 'Organization', 'value': ""United Nations Children's Fund"", 'rank': 4}, {'name': 'Location', 'value': 'Afghanistan', 'rank': 5}, {'name': 'Location', 'value': 'Kabul (Afghanistan)', 'rank': 6}, {'name': 'Location', 'value': 'Farah Province (Afghanistan)', 'rank': 7}]",Foreign,4,A,2019-05-28 00:01:05+00:00,World,"The surge, not seen since 2015, was yet another sign of the deteriorating security situation across Afghanistan.",The New York Times,Asia Pacific,News,nyt://article/edd356ea-1d9a-566b-9661-fd23a7fd421e,https://www.nytimes.com/2019/05/27/world/asia/afghanistan-attacks-schools-unicef.html,429,By Thomas Gibbons-Neff,"Attacks by Extremists on Afghan Schools Triple, Report Says",,"Attacks by Extremist Groups on Afghan Schools Triple, Unicef Reports","Debris inside a firebombed classroom in the village of Naw Deh, in Farah Province, Afghanistan, last month.",Najim Rahim/The New York Times,https://static01.nyt.com/images/2019/05/27/world/27Afghan/merlin_154441305_e08b1cba-ae4c-4851-a7e5-08b38f60e3bb-articleLarge.jpg,450,600,https://static01.nyt.com/images/2019/05/27/world/27Afghan/merlin_154441305_e08b1cba-ae4c-4851-a7e5-08b38f60e3bb-thumbStandard.jpg,75,75,"Attacks by Extremists on Afghan Schools Triple, Report Says","Attacks by Extremists on Afghan Schools Triple, Report Says The surge, not seen since 2015, was yet another sign of the deteriorating security situation across Afghanistan. The surge, not seen since 2015, was yet another sign of the deteriorating security situation across Afghanistan."
A research group at the University of Toronto has untangled look-alike websites and bogus news stories that appear to echo the Iranian government’s positions.,article,nyt://article/d4503162-78f4-550a-845c-8654c378becb,"[{'name': 'Subject', 'value': 'Cyberwarfare and Defense', 'rank': 1}, {'name': 'Organization', 'value': 'Endless Mayfly', 'rank': 2}, {'name': 'Subject', 'value': 'Rumors and Misinformation', 'rank': 3}, {'name': 'Subject', 'value': 'News and News Media', 'rank': 4}, {'name': 'Location', 'value': 'Iran', 'rank': 5}, {'name': 'Subject', 'value': 'Online Advertising', 'rank': 6}, {'name': 'Subject', 'value': 'Politics and Government', 'rank': 7}, {'name': 'Organization', 'value': 'Citizen Lab', 'rank': 8}, {'name': 'Location', 'value': 'Israel', 'rank': 9}, {'name': 'Subject', 'value': 'Social Media', 'rank': 10}, {'name': 'Person', 'value': 'Al-Ahmed, Ali (1966- )', 'rank': 11}]",Washington,9,A,2019-05-14 04:01:06+00:00,World,A research group at the University of Toronto has untangled look-alike websites and bogus news stories that appear to echo the Iranian government’s positions.,The New York Times,Middle East,News,nyt://article/d4503162-78f4-550a-845c-8654c378becb,https://www.nytimes.com/2019/05/14/world/middleeast/iran-fake-news-report.html,1168,By Scott Shane and Ronen Bergman,New Report Shows How a Pro-Iran Group Spread Fake News Online,,A ‘Disinformation Assembly Line:’ Spreading Fake News to Bolster Iran,"Hassan Rouhani, the president of Iran. A research group at the University of Toronto has untangled look-alike websites and bogus news articles with possible links to Iran.",Reuters,https://static01.nyt.com/images/2019/05/13/us/politics/13dc-cyber/merlin_153131190_f6581435-b665-4c45-bb68-0e7073975218-articleLarge.jpg,400,600,https://static01.nyt.com/images/2019/05/13/us/politics/13dc-cyber/13dc-cyber-thumbStandard.jpg,75,75,New Report Shows How a Pro-Iran Group Spread Fake News Online,New Report Shows How a Pro-Iran Group Spread Fake News Online A research group at the University of Toronto has untangled look-alike websites and bogus news stories that appear to echo the Iranian government’s positions. A research group at the University of Toronto has untangled look-alike websites and bogus news stories that appear to echo the Iranian government’s positions.
"In an unusually tough rebuke of the future king, independent probe finds that Prince Charles improperly intervened on behalf of an Anglican bishop.",article,nyt://article/acfeb087-f7e1-50b8-ae68-4bcf38f3450d,"[{'name': 'Subject', 'value': 'Royal Families', 'rank': 1}, {'name': 'Subject', 'value': 'Child Abuse and Neglect', 'rank': 2}, {'name': 'Subject', 'value': 'Sex Crimes', 'rank': 3}, {'name': 'Subject', 'value': 'Anglican Churches', 'rank': 4}, {'name': 'Subject', 'value': 'Clergy', 'rank': 5}, {'name': 'Organization', 'value': 'Church of England', 'rank': 6}, {'name': 'Person', 'value': 'Charles, Prince of Wales', 'rank': 7}, {'name': 'Location', 'value': 'Canterbury (England)', 'rank': 8}, {'name': 'Location', 'value': 'Great Britain', 'rank': 9}]",Foreign,11,A,2019-05-10 17:35:18+00:00,World,"In an unusually tough rebuke of the future king, independent probe finds that Prince Charles improperly intervened on behalf of an Anglican bishop.",The New York Times,Europe,News,nyt://article/acfeb087-f7e1-50b8-ae68-4bcf38f3450d,https://www.nytimes.com/2019/05/10/world/europe/prince-charles-peter-ball.html,1035,By Ellen Barry,"Prince Charles Misused Influence to Shield Cleric, Abuse Inquiry Reports",,Prince Called ‘Misguided’ in Aiding Abusive Cleric,"In an unusually tough rebuke of Prince Charles, an inquiry concluded that “the actions of the Prince of Wales were misguided.”",Ronny Hartmann/Agence France-Presse — Getty Images,https://static01.nyt.com/images/2019/05/10/world/10abuse1/merlin_154552704_3ff03936-668a-42e5-b77d-8e9a056412ad-articleLarge.jpg,394,600,https://static01.nyt.com/images/2019/05/10/world/10abuse1/10abuse1-thumbStandard.jpg,75,75,"Prince Charles Misused Influence to Shield Cleric, Abuse Inquiry Reports","Prince Charles Misused Influence to Shield Cleric, Abuse Inquiry Reports In an unusually tough rebuke of the future king, independent probe finds that Prince Charles improperly intervened on behalf of an Anglican bishop. In an unusually tough rebuke of the future king, independent probe finds that Prince Charles improperly intervened on behalf of an Anglican bishop."
The new church law orders officials to report misconduct to their superiors and empowers senior archbishops to investigate. But it says nothing about punishment.,article,nyt://article/21c28161-0abc-5393-bb8e-2999ae88d1b0,"[{'name': 'Organization', 'value': 'Roman Catholic Church', 'rank': 1}, {'name': 'Person', 'value': 'Francis', 'rank': 2}, {'name': 'Subject', 'value': 'Priests', 'rank': 3}, {'name': 'Subject', 'value': 'Sex Crimes', 'rank': 4}, {'name': 'Subject', 'value': 'Child Abuse and Neglect', 'rank': 5}]",Foreign,1,A,2019-05-09 10:42:34+00:00,World,"The procedures, which come into force on June 1, say church leaders must investigate abuse and cover-ups and must not interfere with secular inquiries.",The New York Times,Europe,News,nyt://article/21c28161-0abc-5393-bb8e-2999ae88d1b0,https://www.nytimes.com/2019/05/09/world/europe/pope-francis-abuse-catholic-church.html,1194,By Jason Horowitz,Pope Issues First Rules for Catholic Church Worldwide to Report Sex Abuse,,Pope Sets Law: Report Abuses To Top Clerics,The pope in Vatican City this month. The new procedures say church leaders must investigate abuse and cover-ups and must not interfere with secular inquiries.,Filippo Monteforte/Agence France-Presse &mdash; Getty Images,https://static01.nyt.com/images/2019/05/10/world/10vatican/merlin_154548228_1f61fc53-fa90-489d-a3f0-6ba800f32854-articleLarge.jpg,400,600,https://static01.nyt.com/images/2019/05/10/world/10vatican/09vatican-thumbStandard.jpg,75,75,Pope Issues First Rules for Catholic Church Worldwide to Report Sex Abuse,"Pope Issues First Rules for Catholic Church Worldwide to Report Sex Abuse The new church law orders officials to report misconduct to their superiors and empowers senior archbishops to investigate. But it says nothing about punishment. The procedures, which come into force on June 1, say church leaders must investigate abuse and cover-ups and must not interfere with secular inquiries."
"The two reporters, U Wa Lone, 33, and U Kyaw Soe Oo, 29, who received the Pulitzer Prize, were to serve seven years in prison.",article,nyt://article/4765914e-fd19-57db-8d1c-e315223dfe02,"[{'name': 'Person', 'value': 'Wa Lone', 'rank': 1}, {'name': 'Person', 'value': 'Kyaw Soe Oo', 'rank': 2}, {'name': 'Location', 'value': 'Myanmar', 'rank': 3}, {'name': 'Subject', 'value': 'Pulitzer Prizes', 'rank': 4}, {'name': 'Subject', 'value': 'Human Rights and Human Rights Violations', 'rank': 5}, {'name': 'Organization', 'value': 'Reuters Group PLC', 'rank': 6}, {'name': 'Subject', 'value': 'War Crimes, Genocide and Crimes Against Humanity', 'rank': 7}, {'name': 'Subject', 'value': 'Rohingya (Ethnic Group)', 'rank': 8}, {'name': 'Subject', 'value': 'News and News Media', 'rank': 9}, {'name': 'Subject', 'value': 'Political Prisoners', 'rank': 10}, {'name': 'Subject', 'value': 'Freedom of the Press', 'rank': 11}, {'name': 'Person', 'value': 'Aung San Suu Kyi', 'rank': 12}]",Foreign,10,A,2019-05-07 02:49:57+00:00,World,The two Pulitzer Prize-winning Reuters journalists were held in prison for over a year for their coverage of Myanmar’s deadly crackdown on the Rohingya minority group.,The New York Times,Asia Pacific,News,nyt://article/4765914e-fd19-57db-8d1c-e315223dfe02,https://www.nytimes.com/2019/05/06/world/asia/myanmar-releases-jailed-reuters-journalists.html,897,By Russell Goldman and Mike Ives,Myanmar Releases Reuters Journalists Jailed for Reporting on Rohingya Crackdown,,Myanmar Frees 2 Reporters Jailed for Covering Massacre of Rohingya,"The Reuters reporters U Wa Lone, left, and U Kyaw Soe Oo, walking free from prison in Yangon, Myanmar, on Tuesday.",Pool photo by Ann Wang,https://static01.nyt.com/images/2019/05/07/world/07myanmar-journalists-promo/07myanmar-journalists-promo-articleLarge-v2.jpg,400,600,https://static01.nyt.com/images/2019/05/07/world/07myanmar-journalists-promo/07myanmar-journalists-promo-thumbStandard-v2.jpg,75,75,Myanmar Releases Reuters Journalists Jailed for Reporting on Rohingya Crackdown,"Myanmar Releases Reuters Journalists Jailed for Reporting on Rohingya Crackdown The two reporters, U Wa Lone, 33, and U Kyaw Soe Oo, 29, who received the Pulitzer Prize, were to serve seven years in prison. The two Pulitzer Prize-winning Reuters journalists were held in prison for over a year for their coverage of Myanmar’s deadly crackdown on the Rohingya minority group."
"Afghan civilian deaths attributed to pro-government forces rose in the first quarter of this year, even as overall civilian casualties dropped, according to the U.N.",article,nyt://article/7461b7a7-9cb9-5743-92e1-7f9cddcc5087,"[{'name': 'Subject', 'value': 'Civilian Casualties', 'rank': 1}, {'name': 'Subject', 'value': 'Afghanistan War (2001- )', 'rank': 2}, {'name': 'Subject', 'value': 'United States Defense and Military Forces', 'rank': 3}, {'name': 'Organization', 'value': 'Afghan Air Force', 'rank': 4}, {'name': 'Organization', 'value': 'Afghan National Security Forces', 'rank': 5}, {'name': 'Organization', 'value': 'Al Qaeda', 'rank': 6}, {'name': 'Organization', 'value': 'Taliban', 'rank': 7}, {'name': 'Organization', 'value': 'Islamic State in Iraq and Syria (ISIS)', 'rank': 8}, {'name': 'Location', 'value': 'Afghanistan', 'rank': 9}, {'name': 'Organization', 'value': 'United Nations', 'rank': 10}]",Foreign,9,A,2019-04-24 06:38:37+00:00,World,Afghan civilian deaths attributed to pro-government forces rose in the first quarter of this year even as overall civilian casualties dropped.,The New York Times,Asia Pacific,News,nyt://article/7461b7a7-9cb9-5743-92e1-7f9cddcc5087,https://www.nytimes.com/2019/04/24/world/asia/afghanistan-civilian-casualties-united-nations.html,1041,By David Zucchino,"U.S. and Afghan Forces Killed More Civilians Than Taliban Did, Report Finds",,Toll of Fight Against Insurgents in Afghanistan,"Mourning civilians killed in a raid last year by a C.I.A.-sponsored strike force in Khogyani, Afghanistan.",Jim Huylebroek for The New York Times,https://static01.nyt.com/images/2019/04/24/world/24afghanistan-casualties-1/merlin_148314414_8467ab1e-507c-4b4b-8a3a-25ea0d0fff54-articleLarge.jpg,400,600,https://static01.nyt.com/images/2019/04/24/world/24afghanistan-casualties-1/24afghanistan-casualties-1-thumbStandard.jpg,75,75,"U.S. and Afghan Forces Killed More Civilians Than Taliban Did, Report Finds","U.S. and Afghan Forces Killed More Civilians Than Taliban Did, Report Finds Afghan civilian deaths attributed to pro-government forces rose in the first quarter of this year, even as overall civilian casualties dropped, according to the U.N. Afghan civilian deaths attributed to pro-government forces rose in the first quarter of this year even as overall civilian casualties dropped."
"At least 690 people were executed last year, Amnesty International said. China, Iran, Saudi Arabia, Vietnam and Iraq were the world’s death penalty leaders.",article,nyt://article/66dda9b3-a8a6-5128-86b9-2c9fe7476af4,"[{'name': 'Subject', 'value': 'Politics and Government', 'rank': 1}, {'name': 'Subject', 'value': 'Capital Punishment', 'rank': 2}, {'name': 'Organization', 'value': 'Amnesty International', 'rank': 3}, {'name': 'Location', 'value': 'Iran', 'rank': 4}, {'name': 'Location', 'value': 'China', 'rank': 5}]",Express,,,2019-04-10 19:00:44+00:00,World,"At least 690 people were executed last year, Amnesty International said. China, Iran, Saudi Arabia, Vietnam and Iraq were the world’s death penalty leaders.",The New York Times,,News,nyt://article/66dda9b3-a8a6-5128-86b9-2c9fe7476af4,https://www.nytimes.com/2019/04/10/world/death-penalty-iran-amnesty-international.html,435,By Niraj Chokshi,"Global Executions Fall 31 Percent, Driven by Iran, Report Finds",,,People protesting Iran’s use of the death penalty in London in October.,John Keeble/Getty Images,https://static01.nyt.com/images/2019/04/10/world/10xp-executions1/10xp-executions1-articleLarge.jpg,400,600,https://static01.nyt.com/images/2019/04/10/world/10xp-executions1/10xp-executions1-thumbStandard.jpg,75,75,"Global Executions Fall 31 Percent, Driven by Iran, Report Finds","Global Executions Fall 31 Percent, Driven by Iran, Report Finds At least 690 people were executed last year, Amnesty International said. China, Iran, Saudi Arabia, Vietnam and Iraq were the world’s death penalty leaders. At least 690 people were executed last year, Amnesty International said. China, Iran, Saudi Arabia, Vietnam and Iraq were the world’s death penalty leaders."
"Preliminary findings on the Ethiopian Airlines Flight 302 disaster, based on black box data, again put attention on the jet’s anti-stall system.",article,nyt://article/cc9304fe-2090-52b3-92be-8ebc83ac2292,"[{'name': 'Subject', 'value': 'Boeing 737 Max Groundings and Safety Concerns (2019)', 'rank': 1}, {'name': 'Organization', 'value': 'Ethiopian Airlines', 'rank': 2}, {'name': 'Organization', 'value': 'Boeing Company', 'rank': 3}, {'name': 'Subject', 'value': 'Aviation Accidents, Safety and Disasters', 'rank': 4}, {'name': 'Subject', 'value': 'Airlines and Airplanes', 'rank': 5}, {'name': 'Subject', 'value': 'Deaths (Fatalities)', 'rank': 6}, {'name': 'Subject', 'value': 'Sensors', 'rank': 7}, {'name': 'Subject', 'value': 'Pilots', 'rank': 8}, {'name': 'Organization', 'value': 'Lion Air', 'rank': 9}, {'name': 'Organization', 'value': 'Federal Aviation Administration', 'rank': 10}, {'name': 'Organization', 'value': 'Airbus Industrie', 'rank': 11}, {'name': 'Location', 'value': 'Addis Ababa (Ethiopia)', 'rank': 12}]",Business,,,2019-04-04 09:35:10+00:00,World,"Preliminary findings on the Ethiopian Airlines Flight 302 disaster, based on black box data, again put attention on the jet’s anti-stall system.",The New York Times,Asia Pacific,News,nyt://article/cc9304fe-2090-52b3-92be-8ebc83ac2292,https://www.nytimes.com/2019/04/04/world/asia/ethiopia-crash-boeing.html,1237,"By Hadra Ahmed, James Glanz and Hannah Beech","Ethiopian Airlines Pilots Followed Boeing’s Safety Procedures Before Crash, Report Shows",,,Emergency personnel at the scene of the Ethiopian Airlines crash last month.,Mulugeta Ayene/Associated Press,https://static01.nyt.com/images/2019/04/04/world/04ethiopia-plane-1-sub-copy2/merlin_153016764_c5ad43f4-b52b-4576-91c5-ecf6a17ea297-articleLarge.jpg,400,600,https://static01.nyt.com/images/2019/04/04/world/04ethiopia-plane-1-sub-copy2/04ethiopia1-sub-thumbStandard.jpg,75,75,"Ethiopian Airlines Pilots Followed Boeing’s Safety Procedures Before Crash, Report Shows","Ethiopian Airlines Pilots Followed Boeing’s Safety Procedures Before Crash, Report Shows Preliminary findings on the Ethiopian Airlines Flight 302 disaster, based on black box data, again put attention on the jet’s anti-stall system. Preliminary findings on the Ethiopian Airlines Flight 302 disaster, based on black box data, again put attention on the jet’s anti-stall system."
"Oleg V. Deripaska, a Russian billionaire, did not cooperate with the special counsel investigation but praised its results.",article,nyt://article/ea715925-17f7-5c1f-b18a-5748643d0803,"[{'name': 'Subject', 'value': 'Russian Interference in 2016 US Elections and Ties to Trump Associates', 'rank': 1}, {'name': 'Subject', 'value': 'Lobbying and Lobbyists', 'rank': 2}, {'name': 'Organization', 'value': 'Treasury Department', 'rank': 3}, {'name': 'Person', 'value': 'Deripaska, Oleg V', 'rank': 4}, {'name': 'Person', 'value': 'Kilimnik, Konstantin V', 'rank': 5}, {'name': 'Person', 'value': 'Manafort, Paul J', 'rank': 6}, {'name': 'Person', 'value': 'Mueller, Robert S III', 'rank': 7}, {'name': 'Location', 'value': 'Moscow (Russia)', 'rank': 8}]",Foreign,,,2019-04-03 21:06:21+00:00,World,"Oleg V. Deripaska, a Russian billionaire, did not cooperate with the special counsel investigation but praised its results.",The New York Times,Europe,News,nyt://article/ea715925-17f7-5c1f-b18a-5748643d0803,https://www.nytimes.com/2019/04/03/world/europe/mueller-trump-russia-deripaska.html,1307,By Andrew E. Kramer,"Praise for the Mueller Report, From an Unlikely Source: Oleg Deripaska",,,"In a two-hour interview, the Russian billionaire Oleg Deripaska said that on the advice of his lawyers he did not cooperate with the special counsel Robert S. Mueller III’s investigation, saying, “Why should I?”",Emile Ducke for The New York Times,https://static01.nyt.com/images/2019/03/29/world/29deripaska/merlin_152691150_757e6d4a-6b96-427d-92c6-9ea2fc5456ba-articleLarge.jpg,400,600,https://static01.nyt.com/images/2019/03/29/world/29deripaska/29deripaska-thumbStandard.jpg,75,75,"Praise for the Mueller Report, From an Unlikely Source: Oleg Deripaska","Praise for the Mueller Report, From an Unlikely Source: Oleg Deripaska Oleg V. Deripaska, a Russian billionaire, did not cooperate with the special counsel investigation but praised its results. Oleg V. Deripaska, a Russian billionaire, did not cooperate with the special counsel investigation but praised its results."
"After weeks of protests and a call by the army chief to declare him unfit, President Abdelaziz Bouteflika is ready to step down, according to a privately owned TV network.",article,nyt://article/7805f521-ba61-5e01-934c-392e858e03a7,"[{'name': 'Subject', 'value': 'Politics and Government', 'rank': 1}, {'name': 'Subject', 'value': 'Defense and Military Forces', 'rank': 2}, {'name': 'Location', 'value': 'Algeria', 'rank': 3}, {'name': 'Subject', 'value': 'Appointments and Executive Changes', 'rank': 4}, {'name': 'Subject', 'value': 'Demonstrations, Protests and Riots', 'rank': 5}, {'name': 'Person', 'value': 'Bouteflika, Abdelaziz', 'rank': 6}, {'name': 'Person', 'value': 'Gaid Salah, Ahmed', 'rank': 7}]",Foreign,8,A,2019-03-31 21:01:10+00:00,World,"After weeks of protests and a call by the army chief to declare him unfit, President Abdelaziz Bouteflika is ready to step down, according to a privately owned TV network.",The New York Times,Africa,News,nyt://article/7805f521-ba61-5e01-934c-392e858e03a7,https://www.nytimes.com/2019/03/31/world/africa/algeria-army-protest.html,421,By The Associated Press,Report Says Algeria’s President Is Preparing to Resign,,Algerian Army Keeps Its Chief Amid Shake-Up,Demonstrators carrying national flags and banners during a protest in Algiers on Friday to demand the resignation of President Abdelaziz Bouteflika.,Ramzi Boudina/Reuters,https://static01.nyt.com/images/2019/03/31/world/31algeria1/merlin_152791677_228306e6-ab6e-445a-8477-42ce55720d9d-articleLarge.jpg,400,600,https://static01.nyt.com/images/2019/03/31/world/31algeria1/31algeria1-thumbStandard.jpg,75,75,Report Says Algeria’s President Is Preparing to Resign,"Report Says Algeria’s President Is Preparing to Resign After weeks of protests and a call by the army chief to declare him unfit, President Abdelaziz Bouteflika is ready to step down, according to a privately owned TV network. After weeks of protests and a call by the army chief to declare him unfit, President Abdelaziz Bouteflika is ready to step down, according to a privately owned TV network."
The Truth and Dignity Commission published an archive of human rights violations and named President Béji Caïd Essebsi for his role in trials in 1963.,article,nyt://article/5df36a8a-5f6f-5768-a0ac-b2f95daeac2d,"[{'name': 'Subject', 'value': 'Politics and Government', 'rank': 1}, {'name': 'Organization', 'value': 'Truth and Dignity Commission (Tunisia)', 'rank': 2}, {'name': 'Person', 'value': 'Essebsi, Beji Caid', 'rank': 3}, {'name': 'Location', 'value': 'Tunisia', 'rank': 4}, {'name': 'Subject', 'value': 'Human Rights and Human Rights Violations', 'rank': 5}, {'name': 'Subject', 'value': 'Archives and Records', 'rank': 6}, {'name': 'Subject', 'value': 'Corruption (Institutional)', 'rank': 7}]",Foreign,,,2019-03-28 16:01:19+00:00,World,The Truth and Dignity Commission published an archive of human rights violations and named President Béji Caïd Essebsi for his role in trials in 1963.,The New York Times,Africa,News,nyt://article/5df36a8a-5f6f-5768-a0ac-b2f95daeac2d,https://www.nytimes.com/2019/03/28/world/africa/tunisia-president-commission-report.html,1148,By Lilia Blaise,Tunisia Commission Releases Final Report on 50 Years of Dictatorship,,,"Sihem Bensedrine, center, the president of the Truth and Dignity Commission, during a news conference in Tunis last year.","Mohamed Messara/EPA, via Shutterstock",https://static01.nyt.com/images/2019/03/28/world/28tunisia/merlin_136118619_9251999d-085d-4d11-99c8-83c24f927c43-articleLarge.jpg,414,600,https://static01.nyt.com/images/2019/03/28/world/28tunisia/28tunisia-thumbStandard.jpg,75,75,Tunisia Commission Releases Final Report on 50 Years of Dictatorship,Tunisia Commission Releases Final Report on 50 Years of Dictatorship The Truth and Dignity Commission published an archive of human rights violations and named President Béji Caïd Essebsi for his role in trials in 1963. The Truth and Dignity Commission published an archive of human rights violations and named President Béji Caïd Essebsi for his role in trials in 1963.
Some Russians crowed over the investigation not finding collusion by the Trump campaign. But the report’s focus on election interference tempered hopes for better relations.,article,nyt://article/fe066156-1dd0-56d2-b184-f7a505274142,"[{'name': 'Subject', 'value': 'Russian Interference in 2016 US Elections and Ties to Trump Associates', 'rank': 1}, {'name': 'Subject', 'value': 'United States International Relations', 'rank': 2}, {'name': 'Subject', 'value': 'Special Prosecutors (Independent Counsel)', 'rank': 3}, {'name': 'Organization', 'value': 'Internet Research Agency (Russia)', 'rank': 4}, {'name': 'Person', 'value': 'Putin, Vladimir V', 'rank': 5}, {'name': 'Person', 'value': 'Trump, Donald J', 'rank': 6}, {'name': 'Location', 'value': 'Russia', 'rank': 7}, {'name': 'Location', 'value': 'United States', 'rank': 8}]",Foreign,15,A,2019-03-25 11:52:07+00:00,World,"From some in the Kremlin elite, the main refrain was “we told you so,” along with some hope that Mr. Trump could improve relations with Russia.",The New York Times,Europe,News,nyt://article/fe066156-1dd0-56d2-b184-f7a505274142,https://www.nytimes.com/2019/03/25/world/europe/russia-mueller-report-trump.html,1134,By Neil MacFarquhar,Russians Hope Mueller Report Opens Door to Improved U.S. Ties,,"Feeling Vindicated, Russia Cautiously Hopes for Better Ties to U.S.","President Trump at the White House on Sunday. The special counsel found no evidence that he coordinated with the Russian government’s 2016 election interference, according to a summary of findings.",Al Drago for The New York Times,https://static01.nyt.com/images/2019/03/25/world/25Russia-mueller/merlin_152577306_a84fc6b9-e05b-4bbc-8556-2e7abf35b6d5-articleLarge.jpg,400,600,https://static01.nyt.com/images/2019/03/25/world/25Russia-mueller/25Russia-mueller-thumbStandard.jpg,75,75,Russians Hope Mueller Report Opens Door to Improved U.S. Ties,"Russians Hope Mueller Report Opens Door to Improved U.S. Ties Some Russians crowed over the investigation not finding collusion by the Trump campaign. But the report’s focus on election interference tempered hopes for better relations. From some in the Kremlin elite, the main refrain was “we told you so,” along with some hope that Mr. Trump could improve relations with Russia."
"The state statistics agency has halted monthly publication of personal income data, which had been downbeat for years. A flurry of optimistic economic data has followed.",article,nyt://article/4d5e6dad-719e-501d-b661-28ab30b69579,"[{'name': 'Subject', 'value': 'Income', 'rank': 1}, {'name': 'Subject', 'value': 'Statistics', 'rank': 2}, {'name': 'Person', 'value': 'Putin, Vladimir V', 'rank': 3}, {'name': 'Location', 'value': 'Moscow (Russia)', 'rank': 4}, {'name': 'Location', 'value': 'Russia', 'rank': 5}]",Foreign,,,2019-03-20 20:18:03+00:00,World,"The state statistics agency has halted monthly publication of personal income data, which had been downbeat for years. A flurry of optimistic economic data has followed.",The New York Times,Europe,News,nyt://article/4d5e6dad-719e-501d-b661-28ab30b69579,https://www.nytimes.com/2019/03/20/world/europe/russia-income-statistics.html,528,By Andrew E. Kramer,Russia Changes Economic Reporting. The Results Improve.,,,President Vladimir V. Putin had criticized what he called the poor quality of state statistics.,"Sputnik, via Reuters",https://static01.nyt.com/images/2019/03/20/world/20statistics/merlin_152340441_d6fb63fa-068a-4dfb-96e3-2b29fd19421d-articleLarge.jpg,389,600,https://static01.nyt.com/images/2019/03/20/world/20statistics/20statistics-thumbStandard.jpg,75,75,Russia Changes Economic Reporting. The Results Improve.,"Russia Changes Economic Reporting. The Results Improve. The state statistics agency has halted monthly publication of personal income data, which had been downbeat for years. A flurry of optimistic economic data has followed. The state statistics agency has halted monthly publication of personal income data, which had been downbeat for years. A flurry of optimistic economic data has followed."
"Since President Trump relaxed rules on airstrikes in Somalia, a number of civilians have been killed, Amnesty International said.",article,nyt://article/205e4bca-cd1b-55fd-8ac5-4d890743bae5,"[{'name': 'Subject', 'value': 'Civilian Casualties', 'rank': 1}, {'name': 'Subject', 'value': 'Terrorism', 'rank': 2}, {'name': 'Subject', 'value': 'Human Rights and Human Rights Violations', 'rank': 3}, {'name': 'Subject', 'value': 'United States Defense and Military Forces', 'rank': 4}, {'name': 'Organization', 'value': 'Amnesty International', 'rank': 5}, {'name': 'Organization', 'value': 'Shabab', 'rank': 6}, {'name': 'Organization', 'value': 'United States Africa Command', 'rank': 7}, {'name': 'Location', 'value': 'Somalia', 'rank': 8}]",Washington,10,A,2019-03-20 00:00:04+00:00,World,"Since President Trump relaxed rules on airstrikes in Somalia, a number of civilians have been killed, Amnesty International said.",The New York Times,Africa,News,nyt://article/205e4bca-cd1b-55fd-8ac5-4d890743bae5,https://www.nytimes.com/2019/03/19/world/africa/amnesty-international-pentagon-somalia.html,710,By Helene Cooper,Report Says U.S. Airstrikes Have Killed 14 Civilians in Somalia,,Report Cites Civilian Toll Of U.S. Raids In Somalia,"Somali soldiers at Sanguuni military base, near the capital of Mogadishu. To counter the Shabab, the United States has used Special Operations forces, airstrikes, private contractors and assistance from African allies.",Mohamed Abdiwahab/Agence France-Presse — Getty Images,https://static01.nyt.com/images/2019/03/19/us/politics/19dc-military/merlin_139519707_588196c8-e23d-4810-98bc-0ececceec47b-articleLarge.jpg,399,600,https://static01.nyt.com/images/2019/03/19/us/politics/19dc-military/merlin_139519707_588196c8-e23d-4810-98bc-0ececceec47b-thumbStandard.jpg,75,75,Report Says U.S. Airstrikes Have Killed 14 Civilians in Somalia,"Report Says U.S. Airstrikes Have Killed 14 Civilians in Somalia Since President Trump relaxed rules on airstrikes in Somalia, a number of civilians have been killed, Amnesty International said. Since President Trump relaxed rules on airstrikes in Somalia, a number of civilians have been killed, Amnesty International said."
"Two houses were struck, leaving nine children dead, a tribal elder said. The United States said the target was a Taliban operations center.",article,nyt://article/544eb5be-456d-5e5e-872a-bc49ebbea0d3,"[{'name': 'Subject', 'value': 'Civilian Casualties', 'rank': 1}, {'name': 'Location', 'value': 'Nangarhar Province (Afghanistan)', 'rank': 2}, {'name': 'Subject', 'value': 'Afghanistan War (2001- )', 'rank': 3}, {'name': 'Subject', 'value': 'United States Defense and Military Forces', 'rank': 4}, {'name': 'Organization', 'value': 'Taliban', 'rank': 5}, {'name': 'Organization', 'value': 'Central Intelligence Agency', 'rank': 6}]",Foreign,,,2019-03-10 18:25:06+00:00,World,"Two houses were struck, leaving nine children dead, a tribal elder said. The United States said the target was a Taliban operations center.",The New York Times,Asia Pacific,News,nyt://article/544eb5be-456d-5e5e-872a-bc49ebbea0d3,https://www.nytimes.com/2019/03/10/world/asia/airstrikes-nangarhar-afghanistan.html,509,By Zabihullah Ghazi and Fahim Abed,13 Civilians Reported Killed in U.S. Airstrikes in Afghanistan,,,,,,0,0,,0,0,13 Civilians Reported Killed in U.S. Airstrikes in Afghanistan,"13 Civilians Reported Killed in U.S. Airstrikes in Afghanistan Two houses were struck, leaving nine children dead, a tribal elder said. The United States said the target was a Taliban operations center. Two houses were struck, leaving nine children dead, a tribal elder said. The United States said the target was a Taliban operations center."
"Israel and its backers applauded the U.N.’s human rights commissioner for postponing the release of a database of companies that do business in the West Bank, while human rights groups were outraged.",article,nyt://article/bc1741b5-dbd1-584c-a6c2-5b9fa2b2da60,"[{'name': 'Subject', 'value': 'Palestinians', 'rank': 1}, {'name': 'Organization', 'value': 'United Nations', 'rank': 2}, {'name': 'Person', 'value': 'Bachelet, Michelle', 'rank': 3}, {'name': 'Location', 'value': 'West Bank', 'rank': 4}, {'name': 'Location', 'value': 'Israel', 'rank': 5}]",Foreign,10,A,2019-03-05 22:55:04+00:00,World,"Israel and its backers applauded the U.N.’s human rights commissioner for postponing the release of a database of companies that do business in the West Bank, while human rights groups were outraged.",The New York Times,Middle East,News,nyt://article/bc1741b5-dbd1-584c-a6c2-5b9fa2b2da60,https://www.nytimes.com/2019/03/05/world/middleeast/israel-united-nations-boycott-companies.html,643,By Nick Cumming-Bruce,Clash Over Israeli Settlements Has a New Front: A Delayed U.N. Report,,U.N. Database On West Bank Is Postponed,"The United Nations secretary general, António Guterres, with Michelle Bachelet, the high commissioner for human rights, in Geneva last month.","Salvatore Di Nolfi/Keystone, via Associated Press",https://static01.nyt.com/images/2019/03/05/world/05nations-israel1/merlin_151231215_ae7fdc1f-5544-454a-b9f2-caa7cd6ce6e8-articleLarge.jpg,402,600,https://static01.nyt.com/images/2019/03/05/world/05nations-israel1/05nations-israel1-thumbStandard.jpg,75,75,Clash Over Israeli Settlements Has a New Front: A Delayed U.N. Report,"Clash Over Israeli Settlements Has a New Front: A Delayed U.N. Report Israel and its backers applauded the U.N.’s human rights commissioner for postponing the release of a database of companies that do business in the West Bank, while human rights groups were outraged. Israel and its backers applauded the U.N.’s human rights commissioner for postponing the release of a database of companies that do business in the West Bank, while human rights groups were outraged."
"A global study from Greenpeace and a software company found that India, Bangladesh and Pakistan had the most polluted air.",article,nyt://article/3565afed-a7ca-5981-891f-9868a63f3b20,"[{'name': 'Subject', 'value': 'Air Pollution', 'rank': 1}, {'name': 'Organization', 'value': 'Greenpeace', 'rank': 2}, {'name': 'Location', 'value': 'India', 'rank': 3}, {'name': 'Location', 'value': 'South Asia', 'rank': 4}, {'name': 'Location', 'value': 'Bangladesh', 'rank': 5}, {'name': 'Location', 'value': 'Pakistan', 'rank': 6}]",Foreign,10,A,2019-03-05 12:26:32+00:00,World,"India, Bangladesh and Pakistan had the most polluted air, a study from Greenpeace and a software company found.",The New York Times,Asia Pacific,News,nyt://article/3565afed-a7ca-5981-891f-9868a63f3b20,https://www.nytimes.com/2019/03/05/world/asia/india-air-pollution.html,643,By Kai Schultz,"South Asia Is Smothered in Toxic Air, Report Finds",,South Asia Has Almost All the Cities With the Most Toxic Air,"The Taj Mahal as seen through polluted air in Agra, India, in January.",Andrew Kelly/Reuters,https://static01.nyt.com/images/2019/03/05/world/05india/merlin_149750457_30055519-9b70-48df-b0ff-211bc7953178-articleLarge.jpg,400,600,https://static01.nyt.com/images/2019/03/05/world/05india/05india-thumbStandard.jpg,75,75,"South Asia Is Smothered in Toxic Air, Report Finds","South Asia Is Smothered in Toxic Air, Report Finds A global study from Greenpeace and a software company found that India, Bangladesh and Pakistan had the most polluted air. India, Bangladesh and Pakistan had the most polluted air, a study from Greenpeace and a software company found."
"A new Amnesty International study detailed how the Nordic nation, long held up as a bastion of equality, has a problematic view of rape.",article,nyt://article/fe8ce2e7-e6b8-501c-bc39-3d85644eb16c,"[{'name': 'Location', 'value': 'Denmark', 'rank': 1}, {'name': 'Subject', 'value': ""Women's Rights"", 'rank': 2}, {'name': 'Location', 'value': 'Europe', 'rank': 3}, {'name': 'Subject', 'value': 'Sex Crimes', 'rank': 4}, {'name': 'Organization', 'value': 'Amnesty International', 'rank': 5}, {'name': 'Subject', 'value': 'Police', 'rank': 6}]",Foreign,9,A,2019-03-05 00:01:05+00:00,World,"A new Amnesty International study detailed how the Nordic nation, long held up as a bastion of equality, has a problematic view of rape.",The New York Times,Europe,News,nyt://article/fe8ce2e7-e6b8-501c-bc39-3d85644eb16c,https://www.nytimes.com/2019/03/04/world/europe/denmark-amnesty-rape-culture.html,978,By Martin Selsoe Sorensen,Denmark’s ‘Pervasive Rape Culture’ Is Detailed in New Report,,"Denmark Has an ‘Endemic Impunity for Rapists’ and Fails Victims, Report Finds","A women’s march in Copenhagen, Denmark, in 2017. The rights group Amnesty International wrote in a report that Denmark has a “pervasive ‘rape culture.’”","Aleksander Klug/NurPhoto, via Getty Images",https://static01.nyt.com/images/2019/03/05/world/05Denmark/fileupload-1551706775210-articleLarge.jpg,400,600,https://static01.nyt.com/images/2019/03/05/world/05Denmark/fileupload-1551706775210-thumbStandard.jpg,75,75,Denmark’s ‘Pervasive Rape Culture’ Is Detailed in New Report,"Denmark’s ‘Pervasive Rape Culture’ Is Detailed in New Report A new Amnesty International study detailed how the Nordic nation, long held up as a bastion of equality, has a problematic view of rape. A new Amnesty International study detailed how the Nordic nation, long held up as a bastion of equality, has a problematic view of rape."
The Pentagon scrambled to respond to President Trump’s remarks about how much land has been taken from the Islamic State.,article,nyt://article/c0247742-adbd-5385-84c1-723b0f9d40be,"[{'name': 'Subject', 'value': 'United States Politics and Government', 'rank': 1}, {'name': 'Subject', 'value': 'Terrorism', 'rank': 2}, {'name': 'Subject', 'value': 'Defense and Military Forces', 'rank': 3}, {'name': 'Subject', 'value': 'United States Defense and Military Forces', 'rank': 4}, {'name': 'Organization', 'value': 'Defense Department', 'rank': 5}, {'name': 'Organization', 'value': 'Islamic State in Iraq and Syria (ISIS)', 'rank': 6}, {'name': 'Person', 'value': 'Trump, Donald J', 'rank': 7}, {'name': 'Location', 'value': 'Syria', 'rank': 8}]",Washington,6,A,2019-02-28 23:52:12+00:00,World,The Pentagon scrambled to respond to President Trump’s remarks about how much land has been taken from the Islamic State.,The New York Times,Middle East,News,nyt://article/c0247742-adbd-5385-84c1-723b0f9d40be,https://www.nytimes.com/2019/02/28/world/middleeast/trump-isis-territory.html,678,"By Katie Rogers, Rukmini Callimachi and Helene Cooper","Trump Declares ISIS ‘100%’ Defeated in Syria. ‘100% Not True,’ Ground Reports Say.",,Allies Dispute  Trump Boast Of Seizing All Of Caliphate,"Women and children evacuating from the last territory held by Islamic State militants in Baghuz, Syria, last week.",Felipe Dana/Associated Press,https://static01.nyt.com/images/2019/03/01/us/politics/01dc-isis/merlin_151056999_1265c32e-c0be-442e-8bde-85d14b3e211b-articleLarge.jpg,400,600,https://static01.nyt.com/images/2019/03/01/us/politics/01dc-isis/01dc-isis-thumbStandard.jpg,75,75,"Trump Declares ISIS ‘100%’ Defeated in Syria. ‘100% Not True,’ Ground Reports Say.","Trump Declares ISIS ‘100%’ Defeated in Syria. ‘100% Not True,’ Ground Reports Say. The Pentagon scrambled to respond to President Trump’s remarks about how much land has been taken from the Islamic State. The Pentagon scrambled to respond to President Trump’s remarks about how much land has been taken from the Islamic State."
"Mr. Clain, who had navigated French jihadi circles for two decades, recorded propaganda messages for ISIS.",article,nyt://article/e722af46-b97c-5cb3-8212-e42f3fd7ae60,"[{'name': 'Person', 'value': 'Clain, Fabien', 'rank': 1}, {'name': 'Organization', 'value': 'Islamic State in Iraq and Syria (ISIS)', 'rank': 2}, {'name': 'Subject', 'value': 'Paris Attacks (November 2015)', 'rank': 3}, {'name': 'Subject', 'value': 'Terrorism', 'rank': 4}, {'name': 'Location', 'value': 'Toulouse (France)', 'rank': 5}, {'name': 'Location', 'value': 'France', 'rank': 6}, {'name': 'Location', 'value': 'Syria', 'rank': 7}, {'name': 'Subject', 'value': 'Targeted Killings', 'rank': 8}, {'name': 'Person', 'value': 'Merah, Abdelkader', 'rank': 9}]",Foreign,6,A,2019-02-28 20:38:29+00:00,World,"Mr. Clain, who had navigated French jihadi circles for two decades, recorded propaganda messages for ISIS.",The New York Times,Europe,News,nyt://article/e722af46-b97c-5cb3-8212-e42f3fd7ae60,https://www.nytimes.com/2019/02/28/world/europe/fabien-clain-death-isis-france.html,895,By Elian Peltier,"Fabien Clain, Prominent French Voice of ISIS, Is Reported Killed in Syria",,Prominent French Voice of ISIS Is Reported Killed in Syria,"Fabien Clain, shown on an Interpol web page, was killed by a targeted airstrike in the village of Baghuz, Syria. He was one of the most prominent foreign members of the Islamic State.","Interpol, via Associated Press",https://static01.nyt.com/images/2019/03/01/world/01france-isis-print/merlin_150999369_057cc063-13a5-4e3e-bffe-f87b63b67ba0-articleLarge.jpg,811,600,https://static01.nyt.com/images/2019/03/01/world/01france-isis-print/22ISIS-fighter1-thumbStandard.jpg,75,75,"Fabien Clain, Prominent French Voice of ISIS, Is Reported Killed in Syria","Fabien Clain, Prominent French Voice of ISIS, Is Reported Killed in Syria Mr. Clain, who had navigated French jihadi circles for two decades, recorded propaganda messages for ISIS. Mr. Clain, who had navigated French jihadi circles for two decades, recorded propaganda messages for ISIS."
"According to a report, last year was the single deadliest for Afghan civilians since the United Nations began documenting casualties a decade ago.",article,nyt://article/3b317fe6-32ed-5fba-acdb-2dd212fdf3a8,"[{'name': 'Location', 'value': 'Afghanistan', 'rank': 1}, {'name': 'Subject', 'value': 'Afghanistan War (2001- )', 'rank': 2}, {'name': 'Subject', 'value': 'Civilian Casualties', 'rank': 3}, {'name': 'Organization', 'value': 'Taliban', 'rank': 4}, {'name': 'Organization', 'value': 'Islamic State in Iraq and Syria (ISIS)', 'rank': 5}, {'name': 'Organization', 'value': 'Afghan National Security Forces', 'rank': 6}, {'name': 'Subject', 'value': 'United States Defense and Military Forces', 'rank': 7}, {'name': 'Subject', 'value': 'Defense and Military Forces', 'rank': 8}, {'name': 'Subject', 'value': 'Terrorism', 'rank': 9}, {'name': 'Subject', 'value': 'Children and Childhood', 'rank': 10}]",Foreign,7,A,2019-02-24 06:21:12+00:00,World,"Civilian deaths rose to nearly 4,000 in 2018, the single deadliest year for civilians since the U.N. began recording casualties in 2009.",The New York Times,Asia Pacific,News,nyt://article/3b317fe6-32ed-5fba-acdb-2dd212fdf3a8,https://www.nytimes.com/2019/02/24/world/asia/afghanistan-civilian-casualties.html,998,By David Zucchino,"Amid Afghan Peace Talks, U.N. Reports Record Civilian Deaths in 2018",,"For Afghan Civilians, 2018 Was the Deadliest in a Decade",A funeral in June for victims of a suicide bombing in the Rodat district of Afghanistan. Last year was the single deadliest for Afghan civilians since the United Nations began documenting casualties a decade ago.,"Ghulamullah Habibi/EPA, via Shutterstock",https://static01.nyt.com/images/2019/02/25/world/25afghan-casualties1/merlin_139718280_423fd4f5-cb10-4c7e-a47b-2df467ceddf9-articleLarge.jpg,400,600,https://static01.nyt.com/images/2019/02/25/world/25afghan-casualties1/merlin_139718280_423fd4f5-cb10-4c7e-a47b-2df467ceddf9-thumbStandard.jpg,75,75,"Amid Afghan Peace Talks, U.N. Reports Record Civilian Deaths in 2018","Amid Afghan Peace Talks, U.N. Reports Record Civilian Deaths in 2018 According to a report, last year was the single deadliest for Afghan civilians since the United Nations began documenting casualties a decade ago. Civilian deaths rose to nearly 4,000 in 2018, the single deadliest year for civilians since the U.N. began recording casualties in 2009."
"Researchers found sensitive details about a NATO military exercise through social media platforms like Facebook, exposing vulnerabilities and privacy loopholes.",article,nyt://article/539a3938-3573-5884-8837-075b95e1c7b8,"[{'name': 'Subject', 'value': 'Social Media', 'rank': 1}, {'name': 'Subject', 'value': 'Defense and Military Forces', 'rank': 2}, {'name': 'Organization', 'value': 'Facebook Inc', 'rank': 3}, {'name': 'Organization', 'value': 'Instagram Inc', 'rank': 4}, {'name': 'Organization', 'value': 'North Atlantic Treaty Organization', 'rank': 5}]",Foreign,9,A,2019-02-21 17:51:17+00:00,World,"Researchers found sensitive details about a NATO military exercise through social media platforms like Facebook, exposing vulnerabilities and privacy loopholes.",The New York Times,Europe,News,nyt://article/539a3938-3573-5884-8837-075b95e1c7b8,https://www.nytimes.com/2019/02/21/world/europe/nato-social-media.html,849,By Palko Karasz,"Social Media Posts Reveal NATO Soldiers’ Activities, Report Says",,NATO Wants Troops to Share. That May Be a Risk.,British soldiers taking part in NATO&rsquo;s Trident Juncture exercise last year. Instagram photos and tagged locations offered outsiders opportunities to monitor the exercise.,Leon Neal/Getty Images,https://static01.nyt.com/images/2019/02/22/world/22nato-print/merlin_146305800_4714c658-a61c-4ef1-82ad-4b8b32a01a4b-articleLarge.jpg,400,600,https://static01.nyt.com/images/2019/02/22/world/22nato-print/22nato1-thumbStandard.jpg,75,75,"Social Media Posts Reveal NATO Soldiers’ Activities, Report Says","Social Media Posts Reveal NATO Soldiers’ Activities, Report Says Researchers found sensitive details about a NATO military exercise through social media platforms like Facebook, exposing vulnerabilities and privacy loopholes. Researchers found sensitive details about a NATO military exercise through social media platforms like Facebook, exposing vulnerabilities and privacy loopholes."
Human Rights Watch said the police have stalled investigations into some vigilante-style murders of Muslims and lower-caste Indians.,article,nyt://article/40e620d1-0b18-5758-86c5-86a6a13b25b6,"[{'name': 'Subject', 'value': 'Vigilantes', 'rank': 1}, {'name': 'Subject', 'value': 'Cattle', 'rank': 2}, {'name': 'Location', 'value': 'India', 'rank': 3}, {'name': 'Subject', 'value': 'Hate Crimes', 'rank': 4}, {'name': 'Organization', 'value': 'Human Rights Watch', 'rank': 5}, {'name': 'Subject', 'value': 'Caste Systems', 'rank': 6}, {'name': 'Subject', 'value': 'Minorities', 'rank': 7}, {'name': 'Subject', 'value': 'Murders, Attempted Murders and Homicides', 'rank': 8}, {'name': 'Subject', 'value': 'Human Rights and Human Rights Violations', 'rank': 9}, {'name': 'Subject', 'value': 'Hinduism', 'rank': 10}, {'name': 'Subject', 'value': 'Sex Crimes', 'rank': 11}, {'name': 'Organization', 'value': 'Bharatiya Janata Party', 'rank': 12}, {'name': 'Person', 'value': 'Modi, Narendra', 'rank': 13}]",Foreign,11,A,2019-02-19 03:24:34+00:00,World,Human Rights Watch said the police have stalled investigations into some vigilante-style murders of Muslims and lower-caste Indians.,The New York Times,Asia Pacific,News,nyt://article/40e620d1-0b18-5758-86c5-86a6a13b25b6,https://www.nytimes.com/2019/02/18/world/asia/india-cow-religious-attacks.html,621,By Kai Schultz,"Murders of Religious Minorities in India Go Unpunished, Report Finds",,"Murders of Muslims in India Go Unpunished, Report Finds","Villagers mourn a cattle trader killed by a mob in Kolgaon, India, last year.",Altaf Qadri/Associated Press,https://static01.nyt.com/images/2019/02/20/world/20india-report-print/merlin_141715464_e5244a9f-2e67-4804-b50a-e043fa0b670a-articleLarge.jpg,400,600,https://static01.nyt.com/images/2019/02/20/world/20india-report-print/19india-report-1-thumbStandard.jpg,75,75,"Murders of Religious Minorities in India Go Unpunished, Report Finds","Murders of Religious Minorities in India Go Unpunished, Report Finds Human Rights Watch said the police have stalled investigations into some vigilante-style murders of Muslims and lower-caste Indians. Human Rights Watch said the police have stalled investigations into some vigilante-style murders of Muslims and lower-caste Indians."
"The daughter of Gui Minhai, a Swedish bookseller detained in China, said the ambassador arranged a meeting with men who first offered to help, then cajoled and pressured her.",article,nyt://article/d5fb7928-1b61-580a-9cf4-307e43047949,"[{'name': 'Subject', 'value': 'Books and Literature', 'rank': 1}, {'name': 'Subject', 'value': 'Politics and Government', 'rank': 2}, {'name': 'Subject', 'value': 'Diplomatic Service, Embassies and Consulates', 'rank': 3}, {'name': 'Organization', 'value': 'Mighty Current Media', 'rank': 4}, {'name': 'Person', 'value': 'Gui Minhai', 'rank': 5}, {'name': 'Location', 'value': 'Hong Kong', 'rank': 6}, {'name': 'Location', 'value': 'Sweden', 'rank': 7}, {'name': 'Location', 'value': 'China', 'rank': 8}]",Foreign,10,A,2019-02-14 08:02:29+00:00,World,"The daughter of Gui Minhai, a Swedish bookseller detained in China, said the ambassador arranged a meeting with men who first offered to help, then cajoled and pressured her.",The New York Times,Europe,News,nyt://article/d5fb7928-1b61-580a-9cf4-307e43047949,https://www.nytimes.com/2019/02/14/world/europe/gui-minhai-sweden-china.html,1152,By Chris Buckley and Christina Anderson,Sweden Investigates Its Ambassador to China After Report of Secret Talks to Free Publisher,,"In Sweden, Bizarre Turn For Detained Bookseller","Hong Kong protesters in 2016 posted photos of booksellers based in the city who had disappeared into Chinese custody, including Gui Minhai, left, a Swedish citizen.",Vincent Yu/Associated Press,https://static01.nyt.com/images/2019/02/15/world/15china-sweden-print/merlin_105197564_a195a52d-47a0-4c45-9ec0-311fc64bb9f3-articleLarge.jpg,401,600,https://static01.nyt.com/images/2019/02/15/world/15china-sweden-print/14china-sweden1-thumbStandard.jpg,75,75,Sweden Investigates Its Ambassador to China After Report of Secret Talks to Free Publisher,"Sweden Investigates Its Ambassador to China After Report of Secret Talks to Free Publisher The daughter of Gui Minhai, a Swedish bookseller detained in China, said the ambassador arranged a meeting with men who first offered to help, then cajoled and pressured her. The daughter of Gui Minhai, a Swedish bookseller detained in China, said the ambassador arranged a meeting with men who first offered to help, then cajoled and pressured her."
"Officials said there were no indications that data had been stolen in the attack, which an expert said was probably the work of a foreign government.",article,nyt://article/f12d6808-4d4a-5294-8fcd-5c8149b3dc28,"[{'name': 'Subject', 'value': 'Politics and Government', 'rank': 1}, {'name': 'Subject', 'value': 'Cyberwarfare and Defense', 'rank': 2}, {'name': 'Subject', 'value': 'Computer Security', 'rank': 3}, {'name': 'Subject', 'value': 'Classified Information and State Secrets', 'rank': 4}, {'name': 'Subject', 'value': 'Legislatures and Parliaments', 'rank': 5}, {'name': 'Location', 'value': 'Australia', 'rank': 6}]",Foreign,,,2019-02-08 04:44:21+00:00,World,"Officials said there were no indications that data had been stolen in the attack, which an expert said was probably the work of a foreign government.",The New York Times,Australia,News,nyt://article/f12d6808-4d4a-5294-8fcd-5c8149b3dc28,https://www.nytimes.com/2019/02/07/world/australia/cyberattack-parliament-hack.html,537,By Isabella Kwai,Australian Parliament Reports Cyberattack on Its Computer Network,,,"Parliament House in Canberra, Australia. There were no indications that any data had been stolen in an attempted hack of Parliament’s computer network.",Tracey Nearmy/Getty Images,https://static01.nyt.com/images/2019/02/09/world/09oz-hacker-1sub/merlin_150342345_aba6c63a-59bb-4faa-9852-4a8a72bccc54-articleLarge.jpg,400,600,https://static01.nyt.com/images/2019/02/09/world/09oz-hacker-1sub/09oz-hacker-1sub-thumbStandard.jpg,75,75,Australian Parliament Reports Cyberattack on Its Computer Network,"Australian Parliament Reports Cyberattack on Its Computer Network Officials said there were no indications that data had been stolen in the attack, which an expert said was probably the work of a foreign government. Officials said there were no indications that data had been stolen in the attack, which an expert said was probably the work of a foreign government."
"Authorities in China have ordered an emergency recall of more than 12,000 units of a blood plasma product, potentially the latest scandal to undermine public trust in the nation’s health care system.",article,nyt://article/c575beb4-f557-553c-9a78-1dcc730a1519,"[{'name': 'Subject', 'value': 'Drugs (Pharmaceuticals)', 'rank': 1}, {'name': 'Subject', 'value': 'Medicine and Health', 'rank': 2}, {'name': 'Subject', 'value': 'Blood', 'rank': 3}, {'name': 'Subject', 'value': 'Recalls and Bans of Products', 'rank': 4}, {'name': 'Location', 'value': 'China', 'rank': 5}, {'name': 'Location', 'value': 'Shanghai (China)', 'rank': 6}, {'name': 'Subject', 'value': 'Acquired Immune Deficiency Syndrome', 'rank': 7}, {'name': 'Organization', 'value': 'Shanghai Xinxing Medicine Co', 'rank': 8}]",Foreign,11,A,2019-02-06 19:53:31+00:00,World,"Authorities in China have ordered an emergency recall of more than 12,000 units of a blood plasma product, potentially the latest scandal to undermine public trust in the nation’s health care system.",The New York Times,Asia Pacific,News,nyt://article/c575beb4-f557-553c-9a78-1dcc730a1519,https://www.nytimes.com/2019/02/06/world/asia/china-blood-plasma-treatment.html,653,By Amy Qin,China Investigates Reports of H.I.V.-Tainted Blood Plasma Treatment,,Blood Product Recalled  In China Over H.I.V. Fear,Blood being taken for an H.I.V. test in Beijing. A series of scandals have threatened to undermine public trust in China’s medical institutions and health care system.,David Gray/Reuters,https://static01.nyt.com/images/2019/02/07/world/07china-plasma-1/merlin_150289665_6843306a-cec6-491e-8075-2e4e64b93da9-articleLarge.jpg,407,600,https://static01.nyt.com/images/2019/02/07/world/07china-plasma-1/07china-plasma-1-thumbStandard.jpg,75,75,China Investigates Reports of H.I.V.-Tainted Blood Plasma Treatment,"China Investigates Reports of H.I.V.-Tainted Blood Plasma Treatment Authorities in China have ordered an emergency recall of more than 12,000 units of a blood plasma product, potentially the latest scandal to undermine public trust in the nation’s health care system. Authorities in China have ordered an emergency recall of more than 12,000 units of a blood plasma product, potentially the latest scandal to undermine public trust in the nation’s health care system."
"A government-appointed commission called for tougher regulations on the country’s financial industry, but a softening economy could hinder efforts to rein it in.",article,nyt://article/54edb9ab-aad3-59ba-ae7e-b8f183d5948a,"[{'name': 'Location', 'value': 'Australia', 'rank': 1}, {'name': 'Subject', 'value': 'Banking and Financial Institutions', 'rank': 2}, {'name': 'Subject', 'value': 'Politics and Government', 'rank': 3}, {'name': 'Subject', 'value': 'Economic Conditions and Trends', 'rank': 4}, {'name': 'Organization', 'value': 'Commonwealth Bank of Australia', 'rank': 5}]",Foreign,9,A,2019-02-04 12:41:21+00:00,World,"A government-appointed commission called for tougher regulations on the country’s financial industry, but a softening economy could hinder efforts to rein it in.",The New York Times,Australia,News,nyt://article/54edb9ab-aad3-59ba-ae7e-b8f183d5948a,https://www.nytimes.com/2019/02/04/world/australia/banks-commission-report.html,919,By Jamie Tarabay,"Australian Banks Overcharged Clients, Even After Some Died, Report Finds",,"Australian Banks Collected Fees From Dead Customers, Report Finds","A Commonwealth Bank automatic teller machine in Sydney. Australia&rsquo;s financial industry is concentrated among a handful of homegrown banks, leading to higher costs for consumers.",Jason Reed/Reuters,https://static01.nyt.com/images/2019/02/05/world/05oz-banks-1-print/merlin_150030000_746ee627-6b7a-43b8-832c-1654cf367a73-articleLarge.jpg,382,600,https://static01.nyt.com/images/2019/02/05/world/05oz-banks-1-print/05oz-banks-1-thumbStandard.jpg,75,75,"Australian Banks Overcharged Clients, Even After Some Died, Report Finds","Australian Banks Overcharged Clients, Even After Some Died, Report Finds A government-appointed commission called for tougher regulations on the country’s financial industry, but a softening economy could hinder efforts to rein it in. A government-appointed commission called for tougher regulations on the country’s financial industry, but a softening economy could hinder efforts to rein it in."
A government analysis found victims increasingly willing to talk to the authorities. It was published as two police officers were convicted in a closely watched rape case.,article,nyt://article/bb682084-bfe1-5f9d-a53f-615860b05faf,"[{'name': 'Subject', 'value': '#MeToo Movement', 'rank': 1}, {'name': 'Subject', 'value': 'Sex Crimes', 'rank': 2}, {'name': 'Subject', 'value': 'Police Brutality, Misconduct and Shootings', 'rank': 3}, {'name': 'Subject', 'value': 'Politics and Government', 'rank': 4}, {'name': 'Location', 'value': 'France', 'rank': 5}, {'name': 'Person', 'value': 'Spanton, Emily', 'rank': 6}]",Foreign,5,A,2019-02-01 18:03:58+00:00,World,A government analysis found victims increasingly willing to talk to the authorities. It was published as two police officers were convicted in a closely watched rape case.,The New York Times,Europe,News,nyt://article/bb682084-bfe1-5f9d-a53f-615860b05faf,https://www.nytimes.com/2019/02/01/world/europe/france-sex-crimes.html,803,By Aurelien Breeden,Sex Crime Reports Are Up in France. Officials See a #MeToo Effect.,,French Police Cite an Increase in Number of Sex Crimes Reported,A protest in Paris last year against sexism and sexual violence against women.,Philippe Lopez/Agence France-Presse — Getty Images,https://static01.nyt.com/images/2019/02/02/world/02France-assault/merlin_144909927_64366f4d-b501-4f1f-98f0-024dbe8fe2eb-articleLarge.jpg,400,600,https://static01.nyt.com/images/2019/02/02/world/02France-assault/02France-assault-thumbStandard.jpg,75,75,Sex Crime Reports Are Up in France. Officials See a #MeToo Effect.,Sex Crime Reports Are Up in France. Officials See a #MeToo Effect. A government analysis found victims increasingly willing to talk to the authorities. It was published as two police officers were convicted in a closely watched rape case. A government analysis found victims increasingly willing to talk to the authorities. It was published as two police officers were convicted in a closely watched rape case.
"The Afghan government’s control of its country declined last year, in terms of both territory and population, according to a United States government report.",article,nyt://article/06edcc0b-e37c-52fb-85b1-7b994c8e84fa,"[{'name': 'Location', 'value': 'Afghanistan', 'rank': 1}, {'name': 'Subject', 'value': 'Afghanistan War (2001- )', 'rank': 2}, {'name': 'Organization', 'value': 'Special Inspector General for Afghanistan Reconstruction', 'rank': 3}, {'name': 'Person', 'value': 'Sopko, John F', 'rank': 4}, {'name': 'Subject', 'value': 'United States Defense and Military Forces', 'rank': 5}, {'name': 'Subject', 'value': 'Defense and Military Forces', 'rank': 6}, {'name': 'Organization', 'value': 'Afghan National Security Forces', 'rank': 7}, {'name': 'Organization', 'value': 'Taliban', 'rank': 8}]",Foreign,6,A,2019-01-31 09:38:20+00:00,World,"The Afghan government’s control of its country declined last year, in terms of both territory and population, according to a United States government report.",The New York Times,Asia Pacific,News,nyt://article/06edcc0b-e37c-52fb-85b1-7b994c8e84fa,https://www.nytimes.com/2019/01/31/world/asia/afghanistan-taliban-territory-control.html,761,By Rod Nordland,"Afghan Government Control Over Country Falters, U.S. Report Says",,"In 2018, Taliban Gained  On Afghans, Report Says","Afghan soldiers during a training exercise in Kabul in October. A United States government report said the Afghan government controlled territory on which 63.5 percent of the country&rsquo;s population lived, a decrease from the previous quarter.",Rahmat Gul/Associated Press,https://static01.nyt.com/images/2019/02/01/world/01afghan-report-print/merlin_149986809_dc155683-6b04-4936-ad6a-f6cdba356f1d-articleLarge.jpg,400,600,https://static01.nyt.com/images/2019/02/01/world/01afghan-report-print/01afghan-report-1-thumbStandard.jpg,75,75,"Afghan Government Control Over Country Falters, U.S. Report Says","Afghan Government Control Over Country Falters, U.S. Report Says The Afghan government’s control of its country declined last year, in terms of both territory and population, according to a United States government report. The Afghan government’s control of its country declined last year, in terms of both territory and population, according to a United States government report."
"Analysts have located six factories believed to be linked to North Korea’s missile program, visits to which by the country’s leaders were concealed by the state news media to protect them.",article,nyt://article/8f154970-7999-5379-98cb-c52cb7578574,"[{'name': 'Subject', 'value': 'Cyberwarfare and Defense', 'rank': 1}, {'name': 'Subject', 'value': 'Arms Control and Limitation and Disarmament', 'rank': 2}, {'name': 'Subject', 'value': 'Missiles and Missile Defense Systems', 'rank': 3}, {'name': 'Subject', 'value': 'Nuclear Weapons', 'rank': 4}, {'name': 'Organization', 'value': 'Defense Department', 'rank': 5}, {'name': 'Organization', 'value': 'Middlebury Institute of International Studies', 'rank': 6}, {'name': 'Person', 'value': 'Kim Jong-un', 'rank': 7}, {'name': 'Person', 'value': 'Lewis, Jeffrey (Author)', 'rank': 8}, {'name': 'Person', 'value': 'Schmerler, David', 'rank': 9}, {'name': 'Location', 'value': 'North Korea', 'rank': 10}]",Foreign,,,2019-01-17 21:51:03+00:00,World,"North Korea has been concealing Kim Jong-un’s visits to certain factories believed to be linked to its missile program, according to new research.",The New York Times,Asia Pacific,News,nyt://article/8f154970-7999-5379-98cb-c52cb7578574,https://www.nytimes.com/2019/01/17/world/asia/north-korea-missile-kim-jong-un.html,1019,By Choe Sang-Hun,"North Korea Obscures Leaders’ Visits to Missile Development Sites, Report Says",,,,Middlebury Institute of International Studies,https://static01.nyt.com/images/2019/01/28/world/asia/28nkorea-missile-promo/28nkorea-missile-promo-articleLarge.jpg,338,600,https://static01.nyt.com/images/2019/01/28/world/asia/28nkorea-missile-promo/28nkorea-missile-promo-thumbStandard.jpg,75,75,"North Korea Obscures Leaders’ Visits to Missile Development Sites, Report Says","North Korea Obscures Leaders’ Visits to Missile Development Sites, Report Says Analysts have located six factories believed to be linked to North Korea’s missile program, visits to which by the country’s leaders were concealed by the state news media to protect them. North Korea has been concealing Kim Jong-un’s visits to certain factories believed to be linked to its missile program, according to new research."
