abstract,document_type,_id,keywords,news_desk,print_page,print_section,pub_date,section_name,snippet,source,subsection_name,type_of_material,uri,web_url,word_count,byline.original,headline.main,headline.kicker,headline.print_headline,multimedia.caption,multimedia.credit,multimedia.default.url,multimedia.default.height,multimedia.default.width,multimedia.thumbnail.url,multimedia.thumbnail.height,multimedia.thumbnail.width,headline,text
Mayor John Cranley called the challenges a “public danger” that would undermine the city’s ability to respond to fire emergencies.,article,nyt://article/8399ae5a-5f91-5eb4-8985-cda110d1cada,"[{'name': 'Subject', 'value': 'Coronavirus (2019-nCoV)', 'rank': 1}, {'name': 'Subject', 'value': 'Fires and Firefighters', 'rank': 2}, {'name': 'Location', 'value': 'Cincinnati (Ohio)', 'rank': 3}]",Foreign,,,2021-12-29 19:43:42+00:00,World,Mayor John Cranley called the challenges a “public danger” that would undermine the city’s ability to respond to fire emergencies.,The New York Times,,News,nyt://article/8399ae5a-5f91-5eb4-8985-cda110d1cada,https://www.nytimes.com/2021/12/29/world/cincinnati-fire-department-state-of-emergency.html,379,By Madeleine Ngo,Cincinnati declares a state of emergency to help alleviate Fire Department staffing shortages.,,,Mayor John Cranley of Cincinnati said the fire department staffing challenges were a “public danger.”,"Sam Greene/The Cincinnati Enquirer, via Associated Press",https://static01.nyt.com/images/2021/12/29/world/29virus-briefing-cincinnati-1/merlin_197333196_00997b35-dc92-47f7-be37-140fbdc28239-articleLarge.jpg,400,600,https://static01.nyt.com/images/2021/12/29/world/29virus-briefing-cincinnati-1/29virus-briefing-cincinnati-1-thumbStandard.jpg,75,75,Cincinnati declares a state of emergency to help alleviate Fire Department staffing shortages.,Cincinnati declares a state of emergency to help alleviate Fire Department staffing shortages. Mayor John Cranley called the challenges a “public danger” that would undermine the city’s ability to respond to fire emergencies. Mayor John Cranley called the challenges a “public danger” that would undermine the city’s ability to respond to fire emergencies.
Doug Ericksen was a Republican who helped lead opposition to Washington State’s Covid-19 emergency orders and vaccine mandates.,article,nyt://article/28e92762-cfe3-55ba-b368-88fd05e09f03,"[{'name': 'Subject', 'value': 'Coronavirus (2019-nCoV)', 'rank': 1}, {'name': 'Subject', 'value': 'Vaccination and Immunization', 'rank': 2}, {'name': 'Subject', 'value': 'State Legislatures', 'rank': 3}, {'name': 'Location', 'value': 'Washington (State)', 'rank': 4}]",National,,,2021-12-19 02:52:40+00:00,World,Doug Ericksen was a Republican who helped lead opposition to Washington State’s Covid-19 emergency orders and vaccine mandates.,The New York Times,,News,nyt://article/28e92762-cfe3-55ba-b368-88fd05e09f03,https://www.nytimes.com/2021/12/18/world/washington-senator-covid-dead-doug-eriksen.html,277,By Mike Baker,A Washington State senator died at 52 after a Covid infection.,,,State Senator Doug Ericksen in 2017. He represented Whatcom County in the northwestern corner of Washington State.,Ted S. Warren/Associated Press,https://static01.nyt.com/images/2022/01/18/world/18virus-briefing-washington-state-lawmaker/merlin_199443876_79d336ac-23ad-4098-8ce7-59598e09b6dd-articleLarge.jpg,431,600,https://static01.nyt.com/images/2022/01/18/world/18virus-briefing-washington-state-lawmaker/18virus-briefing-washington-state-lawmaker-thumbStandard.jpg,75,75,A Washington State senator died at 52 after a Covid infection.,A Washington State senator died at 52 after a Covid infection. Doug Ericksen was a Republican who helped lead opposition to Washington State’s Covid-19 emergency orders and vaccine mandates. Doug Ericksen was a Republican who helped lead opposition to Washington State’s Covid-19 emergency orders and vaccine mandates.
,article,nyt://article/72075f70-997d-5b95-9712-177d87ff919e,[],Foreign,,,2021-12-15 17:51:10+00:00,World,,The New York Times,,News,nyt://article/72075f70-997d-5b95-9712-177d87ff919e,https://www.nytimes.com/2021/12/15/world/germany-is-investigating-vaccine-opponents-over-a-plot-to-kill-a-state-governor.html,197,By Christopher F. Schuetze,Germany is investigating vaccine opponents over a plot to kill a state governor.,,,"Police officers block the entrance to the Saxony Parliament building in Dresden, Germany, during a protest against pandemic measures.",Matthias Rietschel/Reuters,https://static01.nyt.com/images/2021/12/15/multimedia/15virus-briefing-germany02/15virus-briefing-germany02-articleLarge.jpg,400,600,https://static01.nyt.com/images/2021/12/15/multimedia/15virus-briefing-germany02/15virus-briefing-germany02-thumbStandard.jpg,75,75,Germany is investigating vaccine opponents over a plot to kill a state governor.,Germany is investigating vaccine opponents over a plot to kill a state governor.
"A Frenchwoman died of health complications in a detention camp in Syria on Tuesday, her lawyer said. She had repeatedly asked to be repatriated to treat severe diabetes.",article,nyt://article/735cb420-8baa-5e26-9d79-71b557296946,"[{'name': 'Subject', 'value': 'Deaths (Fatalities)', 'rank': 1}, {'name': 'Subject', 'value': 'Detainees', 'rank': 2}, {'name': 'Organization', 'value': 'Islamic State in Iraq and Syria (ISIS)', 'rank': 3}, {'name': 'Location', 'value': 'France', 'rank': 4}, {'name': 'Location', 'value': 'Syria', 'rank': 5}]",Foreign,6,A,2021-12-15 16:44:11+00:00,World,"A Frenchwoman died of health complications in a detention camp in Syria on Tuesday, her lawyer said. She had repeatedly asked to be repatriated to treat severe diabetes.",The New York Times,Europe,News,nyt://article/735cb420-8baa-5e26-9d79-71b557296946,https://www.nytimes.com/2021/12/15/world/europe/frenchwoman-dead-syria-detention-camp.html,878,By Constant Méheut,France Refused to Repatriate a Sick Woman Who Joined the Islamic State. She Died.,,"Denied Repatriation, Frenchwoman Who Joined ISIS Dies","A woman walking through Roj, the camp where relatives of people suspected of belonging to the Islamic State are being detained in Syria’s northeastern Hasakah Province.",Delil Souleiman/Agence France-Presse — Getty Images,https://static01.nyt.com/images/2021/12/15/multimedia/15france-isis-06/15france-isis-06-articleLarge.jpg,400,600,https://static01.nyt.com/images/2021/12/15/multimedia/15france-isis-06/15france-isis-06-thumbStandard.jpg,75,75,France Refused to Repatriate a Sick Woman Who Joined the Islamic State. She Died.,"France Refused to Repatriate a Sick Woman Who Joined the Islamic State. She Died. A Frenchwoman died of health complications in a detention camp in Syria on Tuesday, her lawyer said. She had repeatedly asked to be repatriated to treat severe diabetes. A Frenchwoman died of health complications in a detention camp in Syria on Tuesday, her lawyer said. She had repeatedly asked to be repatriated to treat severe diabetes."
,article,nyt://article/314ebea9-09ea-5870-9a47-0ad5a8be2c12,[],Foreign,,,2021-12-15 14:37:17+00:00,World,,The New York Times,,News,nyt://article/314ebea9-09ea-5870-9a47-0ad5a8be2c12,https://www.nytimes.com/2021/12/15/world/the-us-secretary-of-state-cuts-his-asia-trip-short-after-a-journalist-on-his-plane-tests-positive.html,269,By Lara Jakes,The U.S. secretary of state cuts his Asia trip short after a journalist on his plane tests positive.,,,"Secretary of State Antony J. Blinken at the U.S. Embassy in Jakarta, Indonesia, on Tuesday.",Olivier Douliery/Pool,https://static01.nyt.com/images/2021/12/15/us/15virus-briefing-blinken/15virus-briefing-blinken-articleLarge.jpg,404,600,https://static01.nyt.com/images/2021/12/15/us/15virus-briefing-blinken/15virus-briefing-blinken-thumbStandard.jpg,75,75,The U.S. secretary of state cuts his Asia trip short after a journalist on his plane tests positive.,The U.S. secretary of state cuts his Asia trip short after a journalist on his plane tests positive.
The authorities in Dresden raided the homes of a group of people who they said were targeting the leader of the state of Saxony. A number of weapons were seized.,article,nyt://article/d93170fa-f811-55d1-93ee-35f73efb0216,"[{'name': 'Subject', 'value': 'Vaccination and Immunization', 'rank': 1}, {'name': 'Location', 'value': 'Dresden (Germany)', 'rank': 2}, {'name': 'Location', 'value': 'Germany', 'rank': 3}, {'name': 'Subject', 'value': 'Coronavirus (2019-nCoV)', 'rank': 4}]",Foreign,12,A,2021-12-15 14:17:40+00:00,World,The authorities in Dresden raided the homes of a group of people who they said were targeting the leader of the state of Saxony. A number of weapons were seized.,The New York Times,Europe,News,nyt://article/d93170fa-f811-55d1-93ee-35f73efb0216,https://www.nytimes.com/2021/12/15/world/europe/germany-michael-kretschmer-plot-saxony-vaccines.html,560,By Christopher F. Schuetze,Vaccine Opponents in Germany Investigated Over Plot to Kill State Governor,,Vaccine Foes  Said to Plot  Assassination In Germany,"Police officers leading a suspect out of a building in Dresden, Germany, on Wednesday.","Sebastian Kahnert/DPA, via Associated Press",https://static01.nyt.com/images/2021/12/15/world/15virus-Germany01/merlin_199287441_44794eef-88d7-41d5-9aca-4d017251d45a-articleLarge.jpg,400,600,https://static01.nyt.com/images/2021/12/15/world/15virus-Germany01/15virus-Germany01-thumbStandard.jpg,75,75,Vaccine Opponents in Germany Investigated Over Plot to Kill State Governor,Vaccine Opponents in Germany Investigated Over Plot to Kill State Governor The authorities in Dresden raided the homes of a group of people who they said were targeting the leader of the state of Saxony. A number of weapons were seized. The authorities in Dresden raided the homes of a group of people who they said were targeting the leader of the state of Saxony. A number of weapons were seized.
"The province announced annual and monthly record numbers of opioid-related overdose deaths, further prompting calls for changes to laws.",article,nyt://article/ffe0afd2-ebd3-577e-892d-7622abbb249b,"[{'name': 'Subject', 'value': 'Drug Abuse and Traffic', 'rank': 1}, {'name': 'Subject', 'value': 'Opioids and Opiates', 'rank': 2}, {'name': 'Person', 'value': 'Blais, Marie-Claire', 'rank': 3}, {'name': 'Location', 'value': 'British Columbia (Canada)', 'rank': 4}, {'name': 'Location', 'value': 'Canada', 'rank': 5}]",Foreign,,,2021-12-10 21:09:31+00:00,World,"The province announced annual and monthly record numbers of opioid-related overdose deaths, further prompting calls for changes to laws.",The New York Times,Canada,News,nyt://article/ffe0afd2-ebd3-577e-892d-7622abbb249b,https://www.nytimes.com/2021/12/10/world/canada/british-columbia-opioid-overdoses.html,918,By Ian Austen,"The Other, Seemingly Endless, State of Emergency in British Columbia",Canada Letter,,An ambulance driving through downtown Vancouver as the local health unit has started prescribing a “safe supply” of opioid alternatives to combat overdoses.,Jesse Winter/Reuters,https://static01.nyt.com/images/2021/12/10/world/10CANADA-LETTER-OPIOIDS2/merlin_171644394_abe90771-7949-4917-9c4d-dd478efac030-articleLarge.jpg,400,600,https://static01.nyt.com/images/2021/12/10/world/10CANADA-LETTER-OPIOIDS2/10CANADA-LETTER-OPIOIDS2-thumbStandard.jpg,75,75,"The Other, Seemingly Endless, State of Emergency in British Columbia","The Other, Seemingly Endless, State of Emergency in British Columbia The province announced annual and monthly record numbers of opioid-related overdose deaths, further prompting calls for changes to laws. The province announced annual and monthly record numbers of opioid-related overdose deaths, further prompting calls for changes to laws."
,article,nyt://article/cbb40e8a-b8b3-5ba4-9791-746bdce77bc5,[],Metro,,,2021-12-10 16:22:03+00:00,World,,The New York Times,Americas,Live Blog Post,nyt://article/cbb40e8a-b8b3-5ba4-9791-746bdce77bc5,https://www.nytimes.com/live/2021/12/10/world/covid-omicron-vaccines/new-york-state-will-require-masking-in-any-indoor-public-spaces-that-dont-require-proof-of-vaccination,494,By Luis Ferré-Sadurní,New York State will require masks in indoor public spaces that do not ask for proof of vaccination.,,,"Concertgoers, many unmasked, at the Rainbow Room in Manhattan last month.",Jonah Rosenberg for The New York Times,https://static01.nyt.com/images/2021/12/10/world/10-virus-briefing-hochul/10-virus-briefing-hochul-articleLarge.jpg,400,600,https://static01.nyt.com/images/2021/12/10/world/10-virus-briefing-hochul/10-virus-briefing-hochul-thumbStandard.jpg,75,75,New York State will require masks in indoor public spaces that do not ask for proof of vaccination.,New York State will require masks in indoor public spaces that do not ask for proof of vaccination.
"Two journalists and one politician said they received alerts warning them of “state-sponsored” attacks on their iPhones. At least one of those attacks was linked to the powerful Israeli cyberespionage tool, Pegasus.",article,nyt://article/7519e2ce-4635-5498-9878-01d4eb90e9d7,"[{'name': 'Location', 'value': 'Uganda', 'rank': 1}, {'name': 'Person', 'value': 'Museveni, Yoweri', 'rank': 2}, {'name': 'Organization', 'value': 'NSO Group', 'rank': 3}]",Foreign,13,A,2021-12-04 19:17:55+00:00,World,"Two journalists and one politician said they received alerts warning them of “state-sponsored” attacks on their iPhones. At least one of those attacks was linked to the powerful Israeli cyberespionage tool, Pegasus.",The New York Times,Africa,News,nyt://article/7519e2ce-4635-5498-9878-01d4eb90e9d7,https://www.nytimes.com/2021/12/04/world/africa/uganda-hack-pegasus-spyware.html,878,By Abdi Latif Dahir,Spy Tool Was Deployed in State-Sponsored Hack of Ugandans,,Spyware Hacks in Uganda Expand to Journalists and Opposition Figure,"An office of the Israeli NSO group in November. The company, which developed the hacking software known as Pegasus, said it was unaware it had been used in Africa. ",Amir Levy/Getty Images,https://static01.nyt.com/images/2021/12/04/world/04uganda-hack1/merlin_197671977_549dcd99-5221-46e2-9e12-fc56d1a434b5-articleLarge.jpg,400,600,https://static01.nyt.com/images/2021/12/04/world/04uganda-hack1/04uganda-hack1-thumbStandard.jpg,75,75,Spy Tool Was Deployed in State-Sponsored Hack of Ugandans,"Spy Tool Was Deployed in State-Sponsored Hack of Ugandans Two journalists and one politician said they received alerts warning them of “state-sponsored” attacks on their iPhones. At least one of those attacks was linked to the powerful Israeli cyberespionage tool, Pegasus. Two journalists and one politician said they received alerts warning them of “state-sponsored” attacks on their iPhones. At least one of those attacks was linked to the powerful Israeli cyberespionage tool, Pegasus."
,article,nyt://article/e7c0f7c2-d98b-5cf9-958c-120e96e24cbb,"[{'name': 'Location', 'value': 'Trenton (NJ)', 'rank': 1}]",National,,,2021-12-03 22:44:46+00:00,World,,The New York Times,,News,nyt://article/e7c0f7c2-d98b-5cf9-958c-120e96e24cbb,https://www.nytimes.com/2021/12/04/world/republican-legislators-protest-vaccination-rule-at-new-jerseys-state-house.html,453,By Adeel Hassan,Republican legislators protest vaccination rule at New Jersey’s State House.,,,"Brian Bergen, left, and Erik Peterson, Republican representatives, were briefly denied access to the State House chamber on Thursday because they did not show proof of a coronavirus vaccination or a negative Covid-19 test.",Mike Catalini/Associated Press,https://static01.nyt.com/images/2021/12/03/multimedia/03virus-briefing-newjersey/03virus-briefing-newjersey-articleLarge.jpg,400,600,https://static01.nyt.com/images/2021/12/03/multimedia/03virus-briefing-newjersey/03virus-briefing-newjersey-thumbStandard.jpg,75,75,Republican legislators protest vaccination rule at New Jersey’s State House.,Republican legislators protest vaccination rule at New Jersey’s State House.
,article,nyt://article/a4a31531-4b60-50b3-8866-1b460aa7864d,[],Metro,,,2021-11-27 02:06:19+00:00,World,,The New York Times,,Live Blog Post,nyt://article/a4a31531-4b60-50b3-8866-1b460aa7864d,https://www.nytimes.com/live/2021/11/27/world/covid-omicron-variant-news/new-york-governor-declares-a-state-of-emergency-in-anticipation-of-new-coronavirus-surge,292,By Jesse McKinley,New York’s governor declares a state of emergency in anticipation of new coronavirus surge.,,,Governor Kathy Hochul at a COVID-19 Briefing in September.,Hiroko Masuike/The New York Times,https://static01.nyt.com/images/2021/11/26/multimedia/26virus-briefing-nys-hochul/26virus-briefing-nys-hochul-articleLarge.jpg,400,600,https://static01.nyt.com/images/2021/11/26/multimedia/26virus-briefing-nys-hochul/26virus-briefing-nys-hochul-thumbStandard.jpg,75,75,New York’s governor declares a state of emergency in anticipation of new coronavirus surge.,New York’s governor declares a state of emergency in anticipation of new coronavirus surge.
,article,nyt://article/629251e1-0baf-50d7-90dc-c4012ec96e1c,[],Graphics,,,2021-11-24 01:17:36+00:00,World,,The New York Times,,Live Blog Post,nyt://article/629251e1-0baf-50d7-90dc-c4012ec96e1c,https://www.nytimes.com/live/2021/11/23/world/covid-vaccine-boosters-mandates/about-1-2-million-extra-vaccine-doses-were-reported-in-pennsylvania-according-to-the-cdc,422,By Matt Craig and Kristine White,The C.D.C. reports the largest revision of state vaccine numbers to date.,,,"Dr. Mayank Amin administers the Pfizer-BioNTech vaccine to Evan Schuster, 7, in Collegeville, Pa.",Hannah Beier/Reuters,https://static01.nyt.com/images/2021/11/23/multimedia/23-virusbrief-pennsylvania/23-virusbrief-pennsylvania-articleLarge.jpg,400,600,https://static01.nyt.com/images/2021/11/23/multimedia/23-virusbrief-pennsylvania/23-virusbrief-pennsylvania-thumbStandard.jpg,75,75,The C.D.C. reports the largest revision of state vaccine numbers to date.,The C.D.C. reports the largest revision of state vaccine numbers to date.
"Almost a dozen migrants have died in recent weeks in the standoff between Belarus, a close ally of Russia, and Poland, a member of NATO and the European Union, each determined not to bend.",article,nyt://article/97557439-6a32-5f27-9fdb-83c19877c71a,"[{'name': 'Subject', 'value': 'Belarus-Poland Border Crisis (2021)', 'rank': 1}, {'name': 'Subject', 'value': 'Immigration and Emigration', 'rank': 2}, {'name': 'Subject', 'value': 'International Relations', 'rank': 3}, {'name': 'Subject', 'value': 'Politics and Government', 'rank': 4}, {'name': 'Organization', 'value': 'European Union', 'rank': 5}, {'name': 'Person', 'value': 'Lukashenko, Aleksandr G', 'rank': 6}, {'name': 'Location', 'value': 'Belarus', 'rank': 7}, {'name': 'Location', 'value': 'Poland', 'rank': 8}, {'name': 'Location', 'value': 'Russia', 'rank': 9}]",Foreign,1,A,2021-11-16 13:00:21+00:00,World,"Almost a dozen migrants have died in recent weeks in the standoff between Belarus, a close ally of Russia, and Poland, a member of NATO and the European Union, each determined not to bend.",The New York Times,Europe,News,nyt://article/97557439-6a32-5f27-9fdb-83c19877c71a,https://www.nytimes.com/2021/11/16/world/europe/poland-belarus-border-crisis.html,1333,By Andrew Higgins and Marc Santora,Cold and Marooned in a Police State as Desperation Takes Hold,,"Angry and Out of Options, Migrants Rush Border",,James Hill for The New York Times,https://static01.nyt.com/images/2021/11/16/world/16poland-promo/merlin_197946183_8d73637e-3376-417b-8015-e5585ae6b2a6-articleLarge.jpg,400,600,https://static01.nyt.com/images/2021/11/16/world/16poland-promo/16poland-promo-thumbStandard.jpg,75,75,Cold and Marooned in a Police State as Desperation Takes Hold,"Cold and Marooned in a Police State as Desperation Takes Hold Almost a dozen migrants have died in recent weeks in the standoff between Belarus, a close ally of Russia, and Poland, a member of NATO and the European Union, each determined not to bend. Almost a dozen migrants have died in recent weeks in the standoff between Belarus, a close ally of Russia, and Poland, a member of NATO and the European Union, each determined not to bend."
"The judges said that the state’s acting health secretary had overstepped her authority in issuing the mandate, and that they were not taking a position on “the science or efficacy of mask-wearing.”",article,nyt://article/26bdce72-6fcd-549a-8ba3-d5321f921950,"[{'name': 'Subject', 'value': 'Coronavirus (2019-nCoV)', 'rank': 1}, {'name': 'Subject', 'value': 'Masks', 'rank': 2}, {'name': 'Organization', 'value': 'Centers for Disease Control and Prevention', 'rank': 3}, {'name': 'Person', 'value': 'Wolf, Thomas W', 'rank': 4}, {'name': 'Location', 'value': 'Pennsylvania', 'rank': 5}]",Foreign,,,2021-11-10 19:23:01+00:00,World,"The judges said that the state’s acting health secretary had overstepped her authority in issuing the mandate, and that they were not taking a position on “the science or efficacy of mask-wearing.”",The New York Times,,News,nyt://article/26bdce72-6fcd-549a-8ba3-d5321f921950,https://www.nytimes.com/2021/11/10/world/pennsylvanias-school-mask-mandate.html,296,By Campbell Robertson,"A judge rejects Pennsylvania’s school mask mandate, but it remains in place while the state appeals.",,,"Students catching a bus in September in Ambridge, Pa.","Andrew Rush/Pittsburgh Post-Gazette, via Associated Press",https://static01.nyt.com/images/2021/11/10/multimedia/10virus-briefing-pennsylvania-masks1/10virus-briefing-pennsylvania-masks1-articleLarge.jpg,438,600,https://static01.nyt.com/images/2021/11/10/multimedia/10virus-briefing-pennsylvania-masks1/10virus-briefing-pennsylvania-masks1-thumbStandard.jpg,75,75,"A judge rejects Pennsylvania’s school mask mandate, but it remains in place while the state appeals.","A judge rejects Pennsylvania’s school mask mandate, but it remains in place while the state appeals. The judges said that the state’s acting health secretary had overstepped her authority in issuing the mandate, and that they were not taking a position on “the science or efficacy of mask-wearing.” The judges said that the state’s acting health secretary had overstepped her authority in issuing the mandate, and that they were not taking a position on “the science or efficacy of mask-wearing.”"
"Young climate activists on Wednesday called on the U.N. to declare a “Level 3” emergency, as it did for Covid-19, allowing the institution to deploy resources to vulnerable countries.",article,nyt://article/3bc9a106-3fbe-5bc6-818d-252e22535441,[],Foreign,,,2021-11-10 16:45:08+00:00,World,"Young climate activists on Wednesday called on the U.N. to declare a “Level 3” emergency, as it did for Covid-19, allowing the institution to deploy resources to vulnerable countries.",The New York Times,,News,nyt://article/3bc9a106-3fbe-5bc6-818d-252e22535441,https://www.nytimes.com/2021/11/10/world/greta-thunberg-cop26-state-emergency.html,334,By Isabella Kwai,Greta Thunberg and other activists petition the U.N. to declare a state of emergency on climate change.,,,Greta Thunberg at a Fridays for Future rally in Glasgow last week.,Daniel Leal-Olivas/AFP — Getty Images,https://static01.nyt.com/images/2021/11/10/multimedia/10cop26-briefing-greta-petition1/10cop26-briefing-greta-petition1-articleLarge.jpg,400,600,https://static01.nyt.com/images/2021/11/10/multimedia/10cop26-briefing-greta-petition1/10cop26-briefing-greta-petition1-thumbStandard.jpg,75,75,Greta Thunberg and other activists petition the U.N. to declare a state of emergency on climate change.,"Greta Thunberg and other activists petition the U.N. to declare a state of emergency on climate change. Young climate activists on Wednesday called on the U.N. to declare a “Level 3” emergency, as it did for Covid-19, allowing the institution to deploy resources to vulnerable countries. Young climate activists on Wednesday called on the U.N. to declare a “Level 3” emergency, as it did for Covid-19, allowing the institution to deploy resources to vulnerable countries."
,article,nyt://article/6f8c0813-f2d4-5226-94e2-01459676b4c4,[],Foreign,,,2021-11-10 15:18:10+00:00,World,,The New York Times,Europe,Live Blog Post,nyt://article/6f8c0813-f2d4-5226-94e2-01459676b4c4,https://www.nytimes.com/live/2021/11/10/world/poland-belarus-border-migrants/lithuania-sharing-a-border-with-belarus-declares-state-of-emergency,419,By Andrew Higgins and Marc Santora,"Lithuania, sharing a border with Belarus, declares state of emergency.",,,"Lithuanian soldiers near the border with Belarus, in Kapciamiestis, on Wednesday.",Ints Kalnins/Reuters,https://static01.nyt.com/images/2021/11/10/world/00poland-belarus-border-lithuania-state-of-emergency/merlin_197606796_aca83973-cad9-469f-a9a9-c3f19fb55151-articleLarge.jpg,400,600,https://static01.nyt.com/images/2021/11/10/world/00poland-belarus-border-lithuania-state-of-emergency/merlin_197606796_aca83973-cad9-469f-a9a9-c3f19fb55151-thumbStandard.jpg,75,75,"Lithuania, sharing a border with Belarus, declares state of emergency.","Lithuania, sharing a border with Belarus, declares state of emergency."
"In a milestone in the yearlong conflict, the government called on civilians to arm themselves and defend Addis Ababa after Tigrayan forces captured two towns nearby.",article,nyt://article/71183c39-43c5-5352-baf8-efcda04959ff,"[{'name': 'Location', 'value': 'Ethiopia', 'rank': 1}, {'name': 'Location', 'value': 'Addis Ababa (Ethiopia)', 'rank': 2}, {'name': 'Person', 'value': 'Ahmed, Abiy', 'rank': 3}, {'name': 'Subject', 'value': 'War and Armed Conflicts', 'rank': 4}, {'name': 'Subject', 'value': 'Defense and Military Forces', 'rank': 5}, {'name': 'Subject', 'value': 'Tigrayans (Ethnic Group)', 'rank': 6}, {'name': 'Location', 'value': 'Tigray (Ethiopia)', 'rank': 7}, {'name': 'Subject', 'value': 'Famine', 'rank': 8}, {'name': 'Subject', 'value': 'Human Rights and Human Rights Violations', 'rank': 9}]",Foreign,10,A,2021-11-02 17:24:47+00:00,World,"In a milestone in the yearlong conflict, the government called on civilians to arm themselves and defend Addis Ababa after Tigrayan forces captured two towns nearby.",The New York Times,Africa,News,nyt://article/71183c39-43c5-5352-baf8-efcda04959ff,https://www.nytimes.com/2021/11/02/world/africa/ethiopia-state-of-emergency.html,1286,By Declan Walsh and Simon Marks,Ethiopia Declares State of Emergency as Rebels Advance Toward Capital,,Ethiopia Declares State of Emergency as Tigrayans Advance Toward Capital,"Tigrayan fighters have been battling the army of the central government in Ethiopia for year. They are pictured here in June in Mekelle, capital of the Tigray region.",Finbarr O'Reilly for The New York Times,https://static01.nyt.com/images/2021/11/02/world/02ethiopia01/merlin_190185846_9498b4dc-e7a9-4f80-ae3f-337042ba1cad-articleLarge.jpg,400,600,https://static01.nyt.com/images/2021/11/02/world/02ethiopia01/02ethiopia01-thumbStandard.jpg,75,75,Ethiopia Declares State of Emergency as Rebels Advance Toward Capital,"Ethiopia Declares State of Emergency as Rebels Advance Toward Capital In a milestone in the yearlong conflict, the government called on civilians to arm themselves and defend Addis Ababa after Tigrayan forces captured two towns nearby. In a milestone in the yearlong conflict, the government called on civilians to arm themselves and defend Addis Ababa after Tigrayan forces captured two towns nearby."
Iowa passed legislation requiring that people who are fired for not meeting federal mandates are still eligible for unemployment.,article,nyt://article/4242cbbb-d665-5e8c-8347-908cd30fff15,"[{'name': 'Subject', 'value': 'Workplace Hazards and Violations', 'rank': 1}, {'name': 'Subject', 'value': 'State Legislatures', 'rank': 2}, {'name': 'Subject', 'value': 'Coronavirus (2019-nCoV)', 'rank': 3}, {'name': 'Location', 'value': 'Iowa', 'rank': 4}, {'name': 'Location', 'value': 'Tennessee', 'rank': 5}, {'name': 'Location', 'value': 'Illinois', 'rank': 6}]",National,,,2021-10-31 14:33:22+00:00,World,Iowa passed legislation requiring that people who are fired for not meeting federal mandates are still eligible for unemployment.,The New York Times,,Live Blog Post,nyt://article/4242cbbb-d665-5e8c-8347-908cd30fff15,https://www.nytimes.com/live/2021/10/30/world/covid-vaccine-boosters/state-legislatures-federal-vaccine-mandate,633,By Adeel Hassan,State legislatures rush to pass bills on vaccine and mask mandates.,,,"Protesters gather at the Iowa Capitol in Des Moines on Thursday, to push the Iowa Legislature to pass a bill that would prohibit vaccine mandates from being imposed on employees.",David Pitt/Associated Press,https://static01.nyt.com/images/2021/10/29/us/29virus-briefing-state-legislatures-mandates/merlin_196958988_fe901d5e-19ba-4df8-a0c1-edd163ff7943-articleLarge.jpg,450,600,https://static01.nyt.com/images/2021/10/29/us/29virus-briefing-state-legislatures-mandates/29virus-briefing-state-legislatures-mandates-thumbStandard.jpg,75,75,State legislatures rush to pass bills on vaccine and mask mandates.,State legislatures rush to pass bills on vaccine and mask mandates. Iowa passed legislation requiring that people who are fired for not meeting federal mandates are still eligible for unemployment. Iowa passed legislation requiring that people who are fired for not meeting federal mandates are still eligible for unemployment.
"The move by President Abdel Fattah el-Sisi theoretically rolls back sweeping powers the government wielded in the name of fighting terrorism, but critics called it a cosmetic change.",article,nyt://article/2e57579a-011f-50be-914c-1bfdf2f143b7,"[{'name': 'Subject', 'value': 'Human Rights and Human Rights Violations', 'rank': 1}, {'name': 'Subject', 'value': 'Politics and Government', 'rank': 2}, {'name': 'Subject', 'value': 'Political Prisoners', 'rank': 3}, {'name': 'Subject', 'value': 'Foreign Aid', 'rank': 4}, {'name': 'Organization', 'value': 'Egyptian Initiative for Personal Rights', 'rank': 5}, {'name': 'Person', 'value': 'Bahgat, Hossam', 'rank': 6}, {'name': 'Person', 'value': 'Sisi, Abdel Fattah el-', 'rank': 7}, {'name': 'Location', 'value': 'Egypt', 'rank': 8}]",Foreign,6,A,2021-10-25 22:17:15+00:00,World,"The move by President Abdel Fattah el-Sisi theoretically rolls back sweeping powers the government wielded in the name of fighting terrorism, but critics called it a cosmetic change.",The New York Times,Middle East,News,nyt://article/2e57579a-011f-50be-914c-1bfdf2f143b7,https://www.nytimes.com/2021/10/25/world/middleeast/egypt-sisi-state-emergency.html,800,By Vivian Yee,"Egypt’s Leader Ends State of Emergency, Says It’s No Longer Needed",,Egypt’s President Lifts National State of Emergency,President Abdel Fattah el-Sisi of Egypt last year.,Amr Abdallah Dalsh/Reuters,https://static01.nyt.com/images/2021/10/25/world/25egypt-sisi-1/merlin_169557207_664e68d9-50ec-49d7-82f3-14bfbbe2f45d-articleLarge.jpg,400,600,https://static01.nyt.com/images/2021/10/25/world/25egypt-sisi-1/25egypt-sisi-1-thumbStandard.jpg,75,75,"Egypt’s Leader Ends State of Emergency, Says It’s No Longer Needed","Egypt’s Leader Ends State of Emergency, Says It’s No Longer Needed The move by President Abdel Fattah el-Sisi theoretically rolls back sweeping powers the government wielded in the name of fighting terrorism, but critics called it a cosmetic change. The move by President Abdel Fattah el-Sisi theoretically rolls back sweeping powers the government wielded in the name of fighting terrorism, but critics called it a cosmetic change."
"Infections have increased by 57 percent in the past two weeks, while deaths on average in the same period have increased by 11 percent.",article,nyt://article/354f1bb1-013e-5449-bb41-a09198573cfb,"[{'name': 'Subject', 'value': 'Coronavirus (2019-nCoV)', 'rank': 1}, {'name': 'Location', 'value': 'Germany', 'rank': 2}, {'name': 'Subject', 'value': 'Disease Rates', 'rank': 3}]",Foreign,,,2021-10-24 15:00:05+00:00,World,"Infections have increased by 57 percent in the past two weeks, while deaths on average in the same period have increased by 11 percent.",The New York Times,,News,nyt://article/354f1bb1-013e-5449-bb41-a09198573cfb,https://www.nytimes.com/2021/10/24/world/germany-covid-surge.html,437,By Isabella Kwai,"Cases grow in Germany, as a national state of emergency is set to expire next month.",,,"Germany’s health minister, Jens Spahn, has said that the emergency order could be lifted while other rules are put in place.","Ina Fassbender/Agence France-Presse, via Pool/Afp Via Getty Images",https://static01.nyt.com/images/2021/10/24/world/24virus-briefing-germany/merlin_196535706_bcbdb595-959f-42ed-8d16-7a0dd8def256-articleLarge.jpg,427,600,https://static01.nyt.com/images/2021/10/24/world/24virus-briefing-germany/merlin_196535706_bcbdb595-959f-42ed-8d16-7a0dd8def256-thumbStandard.jpg,75,75,"Cases grow in Germany, as a national state of emergency is set to expire next month.","Cases grow in Germany, as a national state of emergency is set to expire next month. Infections have increased by 57 percent in the past two weeks, while deaths on average in the same period have increased by 11 percent. Infections have increased by 57 percent in the past two weeks, while deaths on average in the same period have increased by 11 percent."
"The country’s Parliament chose Sandra Mason, the governor general, to assume the symbolic title, a decisive move to distance itself from Barbados’s colonial past.",article,nyt://article/05869928-e96d-5670-b7e2-95778e9ebde7,"[{'name': 'Subject', 'value': 'Politics and Government', 'rank': 1}, {'name': 'Subject', 'value': 'Elections', 'rank': 2}, {'name': 'Subject', 'value': 'Secession and Independence Movements', 'rank': 3}, {'name': 'Subject', 'value': 'Colonization', 'rank': 4}, {'name': 'Subject', 'value': 'Royal Families', 'rank': 5}, {'name': 'Person', 'value': 'Mason, Sandra Prunella (1949- )', 'rank': 6}, {'name': 'Location', 'value': 'Barbados', 'rank': 7}, {'name': 'Location', 'value': 'Great Britain', 'rank': 8}, {'name': 'Person', 'value': 'Elizabeth II, Queen of Great Britain', 'rank': 9}, {'name': 'Location', 'value': 'Caribbean Area', 'rank': 10}]",Express,13,A,2021-10-22 20:10:29+00:00,World,"The country’s Parliament chose Sandra Mason, the governor general, to assume the symbolic title, a decisive move to distance itself from Barbados’s colonial past.",The New York Times,Americas,News,nyt://article/05869928-e96d-5670-b7e2-95778e9ebde7,https://www.nytimes.com/2021/10/22/world/americas/sandra-mason-barbados.html,668,By Christine Hauser,"Barbados Elects Its First Head of State, Replacing Queen Elizabeth",,Barbados Elects Its First Head of State,"Sandra Mason, the governor general of Barbados, meeting with Prince Charles in 2019.",Tim Rooke/Pool,https://static01.nyt.com/images/2021/10/22/lens/22xp-barbados1/merlin_196615482_cb26e183-01e7-48d7-a4df-2fd4230fdfb0-articleLarge.jpg,425,600,https://static01.nyt.com/images/2021/10/22/lens/22xp-barbados1/22xp-barbados1-thumbStandard.jpg,75,75,"Barbados Elects Its First Head of State, Replacing Queen Elizabeth","Barbados Elects Its First Head of State, Replacing Queen Elizabeth The country’s Parliament chose Sandra Mason, the governor general, to assume the symbolic title, a decisive move to distance itself from Barbados’s colonial past. The country’s Parliament chose Sandra Mason, the governor general, to assume the symbolic title, a decisive move to distance itself from Barbados’s colonial past."
,article,nyt://article/c3260344-633d-5331-8f1c-08eced67d0dd,[],Foreign,,,2021-10-20 03:19:53+00:00,World,,The New York Times,,Live Blog Post,nyt://article/c3260344-633d-5331-8f1c-08eced67d0dd,https://www.nytimes.com/live/2021/10/19/world/covid-vaccine-boosters/hawaiis-governor-says-state-will-safely-open-to-visitors-in-november,303,By Isabella Grullón Paz,Hawaii’s governor says state will reopen to fully vaccinated visitors in November.,,,Tourists explore and watch the sunset near the Mauna Kea Visitor Information Station on the Big Island of Hawai'i.,Megan Spelman for The New York Times,https://static01.nyt.com/images/2021/10/19/lens/19-virus-hawaii/merlin_192905493_7e69589c-23bd-4891-b5a0-0d8be644cede-articleLarge.jpg,399,600,https://static01.nyt.com/images/2021/10/19/lens/19-virus-hawaii/19-virus-hawaii-thumbStandard.jpg,75,75,Hawaii’s governor says state will reopen to fully vaccinated visitors in November.,Hawaii’s governor says state will reopen to fully vaccinated visitors in November.
Guillermo Lasso said the military and the police would patrol the streets to provide security to confront drug trafficking and other crimes.,article,nyt://article/7ef5f0ce-ab52-55e6-81c3-f38b4792c5c4,"[{'name': 'Location', 'value': 'Ecuador', 'rank': 1}, {'name': 'Person', 'value': 'Lasso, Guillermo', 'rank': 2}, {'name': 'Subject', 'value': 'Drug Abuse and Traffic', 'rank': 3}, {'name': 'Subject', 'value': 'Murders, Attempted Murders and Homicides', 'rank': 4}, {'name': 'Subject', 'value': 'Robberies and Thefts', 'rank': 5}]",Foreign,,,2021-10-19 04:02:11+00:00,World,Guillermo Lasso said the military and the police would patrol the streets to provide security to confront drug trafficking and other crimes.,The New York Times,Americas,News,nyt://article/7ef5f0ce-ab52-55e6-81c3-f38b4792c5c4,https://www.nytimes.com/2021/10/19/world/americas/ecuador-state-of-emergency.html,296,By The Associated Press,Ecuador’s President Declares State of Emergency to Battle Crime,,,"The Ecuadorian Armed Forces, in conjunction with members of the police force, carried out an operation in a prison in Guayaquil in September.","Marcos Pin/EPA, via Shutterstock",https://static01.nyt.com/images/2021/10/19/world/19ecuador-wire/19ecuador-wire-articleLarge.jpg,400,600,https://static01.nyt.com/images/2021/10/19/world/19ecuador-wire/19ecuador-wire-thumbStandard.jpg,75,75,Ecuador’s President Declares State of Emergency to Battle Crime,Ecuador’s President Declares State of Emergency to Battle Crime Guillermo Lasso said the military and the police would patrol the streets to provide security to confront drug trafficking and other crimes. Guillermo Lasso said the military and the police would patrol the streets to provide security to confront drug trafficking and other crimes.
"New daily cases have risen by 29 percent in the last two weeks and hospitalizations by 17 percent, according to a New York Times database.",article,nyt://article/858c822d-9cd6-5cc2-8575-abbf38ffa25d,"[{'name': 'Location', 'value': 'Minnesota', 'rank': 1}, {'name': 'Subject', 'value': 'Coronavirus (2019-nCoV)', 'rank': 2}, {'name': 'Subject', 'value': 'Hospitals', 'rank': 3}, {'name': 'Subject', 'value': 'Medicine and Health', 'rank': 4}, {'name': 'Subject', 'value': 'Vaccination and Immunization', 'rank': 5}]",Foreign,,,2021-10-13 09:46:38+00:00,World,"New daily cases have risen by 29 percent in the last two weeks and hospitalizations by 17 percent, according to a New York Times database.",The New York Times,,News,nyt://article/858c822d-9cd6-5cc2-8575-abbf38ffa25d,https://www.nytimes.com/2021/10/13/world/minnesota-hospitals-capacity-virus-surge.html,528,By Isabella Grullón Paz,Minnesota hospitals are nearing capacity as a virus surge batters the state.,,,"Despite efforts like this mobile vaccination clinic for farmworkers last May, Minnesota hospitals are experiencing increased Covid-19 caseloads this fall.",Liam James Doyle for The New York Times,https://static01.nyt.com/images/2021/10/12/us/12virus-brief-minnesota/12virus-brief-minnesota-articleLarge.jpg,423,600,https://static01.nyt.com/images/2021/10/12/us/12virus-brief-minnesota/12virus-brief-minnesota-thumbStandard.jpg,75,75,Minnesota hospitals are nearing capacity as a virus surge batters the state.,"Minnesota hospitals are nearing capacity as a virus surge batters the state. New daily cases have risen by 29 percent in the last two weeks and hospitalizations by 17 percent, according to a New York Times database. New daily cases have risen by 29 percent in the last two weeks and hospitalizations by 17 percent, according to a New York Times database."
One of the most senior ISIS leaders ever to be taken alive is now reported to be in custody. The U.S. had offered a reward of up to $5 million for his capture.,article,nyt://article/3f8aaf5f-b92e-571e-ba8f-40234674e65c,"[{'name': 'Organization', 'value': 'Islamic State in Iraq and Syria (ISIS)', 'rank': 1}, {'name': 'Location', 'value': 'Iraq', 'rank': 2}, {'name': 'Person', 'value': 'Baghdadi, Abu Bakr al-', 'rank': 3}, {'name': 'Location', 'value': 'Syria', 'rank': 4}]",Foreign,9,A,2021-10-12 21:43:11+00:00,World,One of the most senior ISIS leaders ever to be taken alive is now reported to be in custody. The U.S. had offered a reward of up to $5 million for his capture.,The New York Times,Middle East,News,nyt://article/3f8aaf5f-b92e-571e-ba8f-40234674e65c,https://www.nytimes.com/2021/10/12/world/middleeast/isis-leader-captured-iraq.html,546,By Jane Arraf and Eric Schmitt,Iraq Says It Arrested a Leading Islamic State Figure,,Iraq Says It Caught ISIS Money Chief,"A handout photo made available by Iraqi security forces that they said shows Sami Jassem al-Ajuz, the finance chief of the Islamic State, after his arrest.",Photo by Iraqi Security Forces ,https://static01.nyt.com/images/2021/10/12/world/12Iraq-ISIS/merlin_196132272_73ac7485-573e-49df-9bd7-a890d2606fb5-articleLarge.jpg,395,600,https://static01.nyt.com/images/2021/10/12/world/12Iraq-ISIS/12Iraq-ISIS-thumbStandard.jpg,75,75,Iraq Says It Arrested a Leading Islamic State Figure,Iraq Says It Arrested a Leading Islamic State Figure One of the most senior ISIS leaders ever to be taken alive is now reported to be in custody. The U.S. had offered a reward of up to $5 million for his capture. One of the most senior ISIS leaders ever to be taken alive is now reported to be in custody. The U.S. had offered a reward of up to $5 million for his capture.
,article,nyt://article/f929a3ae-1160-5932-bf71-57c1ff7ff50a,[],Foreign,,,2021-09-28 09:38:51+00:00,World,,The New York Times,,Live Blog Post,nyt://article/f929a3ae-1160-5932-bf71-57c1ff7ff50a,https://www.nytimes.com/live/2021/09/28/world/covid-coronavirus-vaccine/japan-will-lift-its-state-of-emergency-as-inoculations-rise-and-cases-drop,301,By Hikari Hida,Japan will lift its state of emergency as inoculations rise and cases drop.,,,"Vaccinating at a pachinko parlor in Osaka, Japan, this month. Close to 60 percent of the country’s population is fully inoculated.","Jiji Press, via Agence France-Presse — Getty Images",https://static01.nyt.com/images/2021/09/28/world/28virus-briefing-japan2/merlin_194732940_6a6e3868-b24e-445a-be63-a6ba58af39b9-articleLarge.jpg,400,600,https://static01.nyt.com/images/2021/09/28/world/28virus-briefing-japan2/28virus-briefing-japan2-thumbStandard.jpg,75,75,Japan will lift its state of emergency as inoculations rise and cases drop.,Japan will lift its state of emergency as inoculations rise and cases drop.
"With a Monday deadline looming, thousands of health care workers in the state are risking their jobs by not getting a coronavirus vaccine.",article,nyt://article/616808f6-149e-5d34-a92b-8d72fd4cf913,[],Foreign,,,2021-09-24 21:18:08+00:00,World,"With a Monday deadline looming, thousands of health care workers in the state are risking their jobs by not getting a coronavirus vaccine.",The New York Times,,Live Blog Post,nyt://article/616808f6-149e-5d34-a92b-8d72fd4cf913,https://www.nytimes.com/live/2021/09/24/world/covid-delta-variant-vaccine/new-york-hospitals-are-poised-to-fire-thousands-of-workers-who-are-not-vaccinated-by-the-states-deadline,301,By Sharon Otterman and Joseph Goldstein,New York hospitals are poised to fire thousands of workers who are not vaccinated by the state’s deadline.,,,,James Estrin/The New York Times,https://static01.nyt.com/images/2021/09/24/nyregion/00nyvaxx-mandate/merlin_195200199_c42d3879-54cc-462c-9bda-e7681f5a03e4-articleLarge.jpg,400,600,https://static01.nyt.com/images/2021/09/24/nyregion/00nyvaxx-mandate/00nyvaxx-mandate-thumbStandard.jpg,75,75,New York hospitals are poised to fire thousands of workers who are not vaccinated by the state’s deadline.,"New York hospitals are poised to fire thousands of workers who are not vaccinated by the state’s deadline. With a Monday deadline looming, thousands of health care workers in the state are risking their jobs by not getting a coronavirus vaccine. With a Monday deadline looming, thousands of health care workers in the state are risking their jobs by not getting a coronavirus vaccine."
,article,nyt://article/db2adc61-84f9-5404-8c33-a044193f4691,[],Foreign,,,2021-09-23 09:05:43+00:00,World,,The New York Times,,Live Blog Post,nyt://article/db2adc61-84f9-5404-8c33-a044193f4691,https://www.nytimes.com/live/2021/09/22/world/covid-delta-variant-vaccine/victoria-state-in-australia-will-allow-stranded-residents-to-return,370,By Jin Yu Young,Victoria State in Australia will allow stranded residents to return.,,,"People gathered at a park in Melbourne, Australia, on Sunday, after the easing of some Covid-19 restrictions in Victoria State.","Daniel Pockett/EPA, via Shutterstock",https://static01.nyt.com/images/2021/10/22/world/22virus-briefing-victoria/merlin_194952654_a96f203a-e1ff-477a-8298-3b57154bcbf0-articleLarge.jpg,360,600,https://static01.nyt.com/images/2021/10/22/world/22virus-briefing-victoria/merlin_194952654_a96f203a-e1ff-477a-8298-3b57154bcbf0-thumbStandard.jpg,75,75,Victoria State in Australia will allow stranded residents to return.,Victoria State in Australia will allow stranded residents to return.
"Anne Sacoolas was charged in the death of 19-year-old Harry Dunn in 2019, while she was a State Department employee. The police said she had been driving on the wrong side of the road.",article,nyt://article/5929985b-4d74-54d7-a20d-d4c8a24ee6ef,"[{'name': 'Subject', 'value': 'Traffic Accidents and Safety', 'rank': 1}, {'name': 'Subject', 'value': 'Diplomatic Immunity', 'rank': 2}, {'name': 'Subject', 'value': 'Deaths (Fatalities)', 'rank': 3}, {'name': 'Subject', 'value': 'Extradition', 'rank': 4}, {'name': 'Person', 'value': 'Dunn, Harry (d 2019)', 'rank': 5}, {'name': 'Person', 'value': 'Sacoolas, Anne', 'rank': 6}, {'name': 'Location', 'value': 'Great Britain', 'rank': 7}]",Express,,,2021-09-21 17:43:42+00:00,World,"Anne Sacoolas was charged in the death of 19-year-old Harry Dunn in 2019, while she was a State Department employee. The police said she had been driving on the wrong side of the road.",The New York Times,Europe,News,nyt://article/5929985b-4d74-54d7-a20d-d4c8a24ee6ef,https://www.nytimes.com/2021/09/21/world/europe/anne-sacoolas-harry-dunn.html,599,By Jenny Gross,Family of U.K. Teen Reaches Deal With U.S. State Department Employee After Car Accident,,,"Charlotte Charles and Tim Dunn, the parents of Harry Dunn, in north Oxfordshire, England, after watching online court proceedings in their son’s case last year.","Jacob King/PA Images, via Getty Images",https://static01.nyt.com/images/2021/09/21/us/21xp-ukdiplo/21xp-ukdiplo-articleLarge.jpg,400,600,https://static01.nyt.com/images/2021/09/21/us/21xp-ukdiplo/21xp-ukdiplo-thumbStandard-v2.jpg,75,75,Family of U.K. Teen Reaches Deal With U.S. State Department Employee After Car Accident,"Family of U.K. Teen Reaches Deal With U.S. State Department Employee After Car Accident Anne Sacoolas was charged in the death of 19-year-old Harry Dunn in 2019, while she was a State Department employee. The police said she had been driving on the wrong side of the road. Anne Sacoolas was charged in the death of 19-year-old Harry Dunn in 2019, while she was a State Department employee. The police said she had been driving on the wrong side of the road."
Gov. Tate Reeves calls the death rate a “lagging indicator” of how Mississippi is faring during the pandemic.,article,nyt://article/a1011dbe-9ad9-5272-819e-af39a5b23f0b,"[{'name': 'Subject', 'value': 'Coronavirus (2019-nCoV)', 'rank': 1}, {'name': 'Subject', 'value': 'Deaths (Fatalities)', 'rank': 2}, {'name': 'Person', 'value': 'Reeves, Tate (1974- )', 'rank': 3}, {'name': 'Location', 'value': 'Mississippi', 'rank': 4}]",Foreign,,,2021-09-19 17:08:24+00:00,World,Gov. Tate Reeves calls the death rate a “lagging indicator” of how Mississippi is faring during the pandemic.,The New York Times,,News,nyt://article/a1011dbe-9ad9-5272-819e-af39a5b23f0b,https://www.nytimes.com/2021/09/19/world/covid-deaths-mississippi-governor.html,338,By Giulia Heyward,Mississippi’s governor plays down state’s high death rate.,,,"Governor Tate Reeves speaking at a news briefing regarding Mississippi’s Covid-19 response in Jackson, Miss., last month.",Rogelio V. Solis/Associated Press,https://static01.nyt.com/images/2021/09/19/us/19virus-briefing-Mississippi1/19virus-briefing-Mississippi1-articleLarge.jpg,400,600,https://static01.nyt.com/images/2021/09/19/us/19virus-briefing-Mississippi1/19virus-briefing-Mississippi1-thumbStandard.jpg,75,75,Mississippi’s governor plays down state’s high death rate.,Mississippi’s governor plays down state’s high death rate. Gov. Tate Reeves calls the death rate a “lagging indicator” of how Mississippi is faring during the pandemic. Gov. Tate Reeves calls the death rate a “lagging indicator” of how Mississippi is faring during the pandemic.
,article,nyt://article/51f94047-59af-531b-a3c5-6386a6b349ce,[],Foreign,,,2021-09-13 12:16:06+00:00,World,,The New York Times,,Live Blog Post,nyt://article/51f94047-59af-531b-a3c5-6386a6b349ce,https://www.nytimes.com/live/2021/09/13/world/covid-delta-variant-vaccine/hospitals-in-washington-state-already-strained-are-taking-on-covid-patients-from-idaho,298,By Mike Baker,"Hospitals in Washington State, already strained, are taking on Covid patients from Idaho.",,,"A hospital staffer tending to a Covid-19 patient at Providence Sacred Heart Medical Center in Spokane, Wash., on Friday.",Grant Hindsley for The New York Times,https://static01.nyt.com/images/2021/09/13/world/13virus-briefing-statelines/merlin_194533461_c0f440e0-7d86-4730-ae8b-6e9df73e0587-articleLarge.jpg,450,600,https://static01.nyt.com/images/2021/09/13/world/13virus-briefing-statelines/merlin_194533461_c0f440e0-7d86-4730-ae8b-6e9df73e0587-thumbStandard.jpg,75,75,"Hospitals in Washington State, already strained, are taking on Covid patients from Idaho.","Hospitals in Washington State, already strained, are taking on Covid patients from Idaho."
,article,nyt://article/53d111d2-b12f-5071-9acf-1cc7b43f31e0,[],Foreign,,,2021-09-09 11:03:41+00:00,World,,The New York Times,,Live Blog Post,nyt://article/53d111d2-b12f-5071-9acf-1cc7b43f31e0,https://www.nytimes.com/live/2021/09/09/world/covid-delta-variant-vaccine/a-judge-grants-an-injunction-to-end-anti-mask-protests-in-a-washington-state-school-district,299,By Isabella Grullón Paz,A judge grants an injunction to end anti-mask protests in a Washington State school district.,,,"Students at Skyview High School in Vancouver, Wash., showing support for masks on Tuesday. An anti-mask protest last week resulted in a lockdown at the school.","Amanda Cowan/The Columbian, via Associated Press",https://static01.nyt.com/images/2021/09/08/multimedia/08virus-briefing-wash-state-03/08virus-briefing-wash-state-03-articleLarge.jpg,400,600,https://static01.nyt.com/images/2021/09/08/multimedia/08virus-briefing-wash-state-03/08virus-briefing-wash-state-03-thumbStandard.jpg,75,75,A judge grants an injunction to end anti-mask protests in a Washington State school district.,A judge grants an injunction to end anti-mask protests in a Washington State school district.
"Kentucky recorded a seven-day average of 4,423 new daily cases on Saturday, according to a Times database.",article,nyt://article/b52ece50-f64a-5b6c-95fe-38cf1cea6390,"[{'name': 'Subject', 'value': 'Vaccination and Immunization', 'rank': 1}, {'name': 'Person', 'value': 'Beshear, Andrew G (1977- )', 'rank': 2}, {'name': 'Location', 'value': 'Kentucky', 'rank': 3}, {'name': 'Subject', 'value': 'Coronavirus (2019-nCoV)', 'rank': 4}]",Foreign,,,2021-09-05 18:13:50+00:00,World,"Kentucky recorded a seven-day average of 4,423 new daily cases on Saturday, according to a Times database.",The New York Times,,News,nyt://article/b52ece50-f64a-5b6c-95fe-38cf1cea6390,https://www.nytimes.com/2021/09/05/world/kentucky-covid-surge.html,439,By Melina Delkic,Kentucky governor says the state’s Covid surge is ‘dire.’,,,"Gov. Andy Beshear speaking to reporters about the pandemic, in Frankfort, Ky., last month.",Ryan C. Hermens/Lexington Herald-Leader,https://static01.nyt.com/images/2021/09/05/business/05virus-briefing-beshear-kentucky/05virus-briefing-beshear-kentucky-articleLarge.jpg,400,600,https://static01.nyt.com/images/2021/09/05/business/05virus-briefing-beshear-kentucky/05virus-briefing-beshear-kentucky-thumbStandard.jpg,75,75,Kentucky governor says the state’s Covid surge is ‘dire.’,"Kentucky governor says the state’s Covid surge is ‘dire.’ Kentucky recorded a seven-day average of 4,423 new daily cases on Saturday, according to a Times database. Kentucky recorded a seven-day average of 4,423 new daily cases on Saturday, according to a Times database."
,article,nyt://article/b2597efc-d145-5da3-97bd-14b30caac10e,"[{'name': 'Location', 'value': 'Australia', 'rank': 1}, {'name': 'Subject', 'value': 'Coronavirus (2019-nCoV)', 'rank': 2}, {'name': 'Subject', 'value': 'Indigenous Australians', 'rank': 3}, {'name': 'Subject', 'value': 'Vaccination and Immunization', 'rank': 4}, {'name': 'Location', 'value': 'New South Wales (Australia)', 'rank': 5}, {'name': 'Location', 'value': 'Melbourne (Australia)', 'rank': 6}, {'name': 'Location', 'value': 'Victoria (Australia)', 'rank': 7}]",Foreign,,,2021-08-30 09:16:05+00:00,World,,The New York Times,Australia,News,nyt://article/b2597efc-d145-5da3-97bd-14b30caac10e,https://www.nytimes.com/2021/08/30/world/australia/new-south-wales-australias-most-populous-state-has-a-record-rise-in-daily-cases.html,713,By Livia Albeck-Ripka,"New South Wales, Australia’s most populous state, has a record rise in daily cases.",Global Roundup,,"Waiting for vaccinations in Melbourne, Australia, on Friday. The city, in the state of Victoria, is now in its sixth lockdown.",William West/Agence France-Presse — Getty Images,https://static01.nyt.com/images/2021/08/30/world/30virus-briefing-australia-sub/30virus-briefing-australia-sub-articleLarge.jpg,400,600,https://static01.nyt.com/images/2021/08/30/world/30virus-briefing-australia-sub/30virus-briefing-australia-sub-thumbStandard.jpg,75,75,"New South Wales, Australia’s most populous state, has a record rise in daily cases.","New South Wales, Australia’s most populous state, has a record rise in daily cases."
"Founded in 2015, the Afghan branch of the Islamic State counts both U.S. forces and the Taliban as its foes.",article,nyt://article/c24f4e12-92a9-5e51-a44d-7dc65551061a,"[{'name': 'Organization', 'value': 'Islamic State Khorasan', 'rank': 1}, {'name': 'Subject', 'value': 'Terrorism', 'rank': 2}, {'name': 'Organization', 'value': 'Kabul International Airport', 'rank': 3}, {'name': 'Location', 'value': 'Afghanistan', 'rank': 4}, {'name': 'Organization', 'value': 'Taliban', 'rank': 5}, {'name': 'Subject', 'value': 'Deaths (Fatalities)', 'rank': 6}, {'name': 'Subject', 'value': 'Civilian Casualties', 'rank': 7}, {'name': 'Subject', 'value': 'Afghanistan War (2001- )', 'rank': 8}, {'name': 'Subject', 'value': 'Muslims and Islam', 'rank': 9}, {'name': 'Organization', 'value': 'Al Qaeda', 'rank': 10}, {'name': 'Person', 'value': 'Baghdadi, Abu Bakr al-', 'rank': 11}, {'name': 'Organization', 'value': 'Islamic State in Iraq and Syria (ISIS)', 'rank': 12}, {'name': 'Person', 'value': 'Biden, Joseph R Jr', 'rank': 13}, {'name': 'Location', 'value': 'United States', 'rank': 14}]",Foreign,,,2021-08-27 08:46:20+00:00,World,"Founded in 2015, the Afghan branch of the Islamic State counts both U.S. forces and the Taliban as its foes.",The New York Times,Asia Pacific,News,nyt://article/c24f4e12-92a9-5e51-a44d-7dc65551061a,https://www.nytimes.com/2021/08/27/world/asia/who-isis-k-afghanistan.html,647,By Azi Paybarah,"What Is the Islamic State Khorasan, a.k.a. ISIS-K?",,,,Victor J. Blue for The New York Times,https://static01.nyt.com/images/2021/08/27/lens/27afghan-isis-k-promo/27afghan-isis-k-promo-articleLarge.jpg,400,600,https://static01.nyt.com/images/2021/08/27/lens/27afghan-isis-k-promo/27afghan-isis-k-promo-thumbStandard.jpg,75,75,"What Is the Islamic State Khorasan, a.k.a. ISIS-K?","What Is the Islamic State Khorasan, a.k.a. ISIS-K? Founded in 2015, the Afghan branch of the Islamic State counts both U.S. forces and the Taliban as its foes. Founded in 2015, the Afghan branch of the Islamic State counts both U.S. forces and the Taliban as its foes."
"After judges in the San Antonio and Dallas areas ruled to uphold locally issued mask mandates, the state’s attorney general took a case to the state’s top court.",article,nyt://article/a26f4778-8a39-50c0-bdfb-c04dd8ceab49,"[{'name': 'Subject', 'value': 'Masks', 'rank': 1}, {'name': 'Subject', 'value': 'Coronavirus (2019-nCoV)', 'rank': 2}, {'name': 'Person', 'value': 'Abbott, Gregory W (1957- )', 'rank': 3}, {'name': 'Person', 'value': 'DeSantis, Ron', 'rank': 4}, {'name': 'Location', 'value': 'Florida', 'rank': 5}, {'name': 'Location', 'value': 'Texas', 'rank': 6}, {'name': 'Subject', 'value': 'Executive Orders and Memorandums', 'rank': 7}]",Live,,,2021-08-14 20:41:41+00:00,World,"After judges in the San Antonio and Dallas areas ruled to uphold locally issued mask mandates, the state’s attorney general took a case to the state’s top court.",The New York Times,,Live Blog Post,nyt://article/a26f4778-8a39-50c0-bdfb-c04dd8ceab49,https://www.nytimes.com/live/2021/08/14/world/covid-delta-variant-vaccine/texas-abbott-battle-mask-mandate,610,By Andrea Kannapell,Texas takes its ban on school mask mandates to the state Supreme Court.,,,A visitor in a mask touring the Texas State Capitol in Austin on Thursday.,Eric Gay/Associated Press,https://static01.nyt.com/images/2021/08/14/world/14virus-briefing-texas/merlin_193193742_9524916a-2984-4584-8a7d-2bc47d4f54ae-articleLarge.jpg,400,600,https://static01.nyt.com/images/2021/08/14/world/14virus-briefing-texas/14virus-briefing-texas-thumbStandard.jpg,75,75,Texas takes its ban on school mask mandates to the state Supreme Court.,"Texas takes its ban on school mask mandates to the state Supreme Court. After judges in the San Antonio and Dallas areas ruled to uphold locally issued mask mandates, the state’s attorney general took a case to the state’s top court. After judges in the San Antonio and Dallas areas ruled to uphold locally issued mask mandates, the state’s attorney general took a case to the state’s top court."
"Premier Gladys Berejiklian called the case numbers in New South Wales, now at the highest daily level since the pandemic began, “extremely concerning.”",article,nyt://article/1592b6e4-8a8e-5f2f-8bfd-b4a7ea4ac85f,"[{'name': 'Subject', 'value': 'Shutdowns (Institutional)', 'rank': 1}, {'name': 'Subject', 'value': 'Vaccination and Immunization', 'rank': 2}, {'name': 'Location', 'value': 'Australia', 'rank': 3}, {'name': 'Location', 'value': 'New South Wales (Australia)', 'rank': 4}, {'name': 'Subject', 'value': 'Coronavirus (2019-nCoV)', 'rank': 5}]",Foreign,,,2021-08-14 13:50:05+00:00,World,"Premier Gladys Berejiklian called the case numbers in New South Wales, now at the highest daily level since the pandemic began, “extremely concerning.”",The New York Times,Australia,News,nyt://article/1592b6e4-8a8e-5f2f-8bfd-b4a7ea4ac85f,https://www.nytimes.com/2021/08/14/world/australia/australia-nsw-lockdown.html,381,By Damien Cave,Australian state goes into lockdown as Sydney’s outbreak spreads.,,,"A coronavirus testing site in Dubbo, Australia, on Friday. Several virus cases have emerged in Dubbo, an agricultural area in the state of New South Wales.",Belinda Soole/Getty Images,https://static01.nyt.com/images/2021/08/14/world/14virus-briefing-australia-nsw-lockdown/14virus-briefing-australia-nsw-lockdown-articleLarge.jpg,398,600,https://static01.nyt.com/images/2021/08/14/world/14virus-briefing-australia-nsw-lockdown/14virus-briefing-australia-nsw-lockdown-thumbStandard.jpg,75,75,Australian state goes into lockdown as Sydney’s outbreak spreads.,"Australian state goes into lockdown as Sydney’s outbreak spreads. Premier Gladys Berejiklian called the case numbers in New South Wales, now at the highest daily level since the pandemic began, “extremely concerning.” Premier Gladys Berejiklian called the case numbers in New South Wales, now at the highest daily level since the pandemic began, “extremely concerning.”"
Gov. Asa Hutchinson signed the ban into law in the spring but had been trying to modify it recently in the face of skyrocketing case counts.,article,nyt://article/1a17e2c9-43b9-55a0-b973-fd9cc83fc466,"[{'name': 'Subject', 'value': 'Coronavirus (2019-nCoV)', 'rank': 1}, {'name': 'Subject', 'value': 'Masks', 'rank': 2}, {'name': 'Location', 'value': 'Arkansas', 'rank': 3}, {'name': 'Person', 'value': 'Hutchinson, Asa', 'rank': 4}, {'name': 'Person', 'value': 'Fox, Timothy D', 'rank': 5}]",Foreign,,,2021-08-06 20:00:31+00:00,World,Gov. Asa Hutchinson signed the ban into law in the spring but had been trying to modify it recently in the face of skyrocketing case counts.,The New York Times,,News,nyt://article/1a17e2c9-43b9-55a0-b973-fd9cc83fc466,https://www.nytimes.com/2021/08/06/world/arkansas-mask-mandate-asa-hutchinson.html,381,By Richard Fausset,An Arkansas judge temporarily blocks the state’s ban on mask mandates.,,,"Gov. Asa Hutchinson in Little Rock, Ark., in July. In the face of skyrocketing cases, he is trying to persuade the state legislature to ease a ban on mask mandates he signed in the spring.",Andrew Demillo/Associated Press,https://static01.nyt.com/images/2021/08/06/us/06virus-briefing-arkansas-masks/06virus-briefing-arkansas-masks-articleLarge.jpg,400,600,https://static01.nyt.com/images/2021/08/06/us/06virus-briefing-arkansas-masks/06virus-briefing-arkansas-masks-thumbStandard.jpg,75,75,An Arkansas judge temporarily blocks the state’s ban on mask mandates.,An Arkansas judge temporarily blocks the state’s ban on mask mandates. Gov. Asa Hutchinson signed the ban into law in the spring but had been trying to modify it recently in the face of skyrocketing case counts. Gov. Asa Hutchinson signed the ban into law in the spring but had been trying to modify it recently in the face of skyrocketing case counts.
,article,nyt://article/7e83b8ed-2da9-55fc-8800-e878c33c8379,[],Foreign,,,2021-08-05 08:59:44+00:00,World,,The New York Times,,News,nyt://article/7e83b8ed-2da9-55fc-8800-e878c33c8379,https://www.nytimes.com/2021/08/05/world/the-australian-state-of-victoria-goes-back-into-lockdown.html,267,By Shashank Bengali,The Australian state of Victoria goes back into lockdown.,,,"Downtown in Melbourne, Australia, on Thursday as the state of Victoria prepared to enter a sixth lockdown.",Con Chronis/Agence France-Presse — Getty Images,https://static01.nyt.com/images/2021/08/05/world/05virus-briefing-global-roundup/merlin_192741435_8f1321cb-191b-4e1d-aaba-187074c1a1ac-articleLarge.jpg,400,600,https://static01.nyt.com/images/2021/08/05/world/05virus-briefing-global-roundup/05virus-briefing-global-roundup-thumbStandard.jpg,75,75,The Australian state of Victoria goes back into lockdown.,The Australian state of Victoria goes back into lockdown.
"Nearly 300 fires in British Columbia have prompted evacuation orders affecting more than 5,700 people, officials said.",article,nyt://article/94ce0c38-6f9b-5b5a-9902-ad9371c833bb,"[{'name': 'Subject', 'value': 'Wildfires', 'rank': 1}, {'name': 'Subject', 'value': 'Disasters and Emergencies', 'rank': 2}, {'name': 'Subject', 'value': 'Evacuations and Evacuees', 'rank': 3}, {'name': 'Location', 'value': 'British Columbia (Canada)', 'rank': 4}]",National,,,2021-07-21 09:48:04+00:00,World,"Nearly 300 fires in British Columbia have prompted evacuation orders affecting more than 5,700 people, officials said.",The New York Times,Canada,News,nyt://article/94ce0c38-6f9b-5b5a-9902-ad9371c833bb,https://www.nytimes.com/2021/07/21/world/canada/british-columbia-wildfires.html,316,By Derrick Bryson Taylor,"Canadian province declares a state of emergency, evacuating thousands.",,,"Smoke from a wildfire near Osoyoos, British Columbia, on Monday.","Twitter @Dylangaleas/@Dylangaleas, via Reuters",https://static01.nyt.com/images/2021/07/21/world/21weather-climate-briefing-canada-wildfires/21weather-climate-briefing-canada-wildfires-articleLarge.jpg,400,600,https://static01.nyt.com/images/2021/07/21/world/21weather-climate-briefing-canada-wildfires/21weather-climate-briefing-canada-wildfires-thumbStandard.jpg,75,75,"Canadian province declares a state of emergency, evacuating thousands.","Canadian province declares a state of emergency, evacuating thousands. Nearly 300 fires in British Columbia have prompted evacuation orders affecting more than 5,700 people, officials said. Nearly 300 fires in British Columbia have prompted evacuation orders affecting more than 5,700 people, officials said."
"The Texas House Democratic Caucus did not name the five lawmakers, but said they were all fully vaccinated.",article,nyt://article/1aaa8616-c058-5a21-8f14-53c877e95e4e,"[{'name': 'Subject', 'value': 'Coronavirus (2019-nCoV)', 'rank': 1}, {'name': 'Subject', 'value': 'Vaccination and Immunization', 'rank': 2}, {'name': 'Location', 'value': 'Texas', 'rank': 3}, {'name': 'Location', 'value': 'Washington (DC)', 'rank': 4}, {'name': 'Subject', 'value': 'State Legislatures', 'rank': 5}, {'name': 'Person', 'value': 'Turner, Chris', 'rank': 6}]",Express,,,2021-07-17 20:10:10+00:00,World,"The Texas House Democratic Caucus did not name the three lawmakers, but said they were all fully vaccinated.",The New York Times,,News,nyt://article/1aaa8616-c058-5a21-8f14-53c877e95e4e,https://www.nytimes.com/2021/07/17/world/Texas-covid.html,386,By Jennifer Jett and Jesus Jiménez,5 Texas Democrats who fled their state to stall a voting bill test positive in Washington.,,,Representative Chris Turner of Texas in Washington on Monday.,Kenny Holston for The New York Times,https://static01.nyt.com/images/2021/07/17/world/17virus-briefing-texas-democrats/merlin_190775523_be6f9519-6d60-4f4e-aecc-7d167649a50f-articleLarge.jpg,399,600,https://static01.nyt.com/images/2021/07/17/world/17virus-briefing-texas-democrats/17virus-briefing-texas-democrats-thumbStandard.jpg,75,75,5 Texas Democrats who fled their state to stall a voting bill test positive in Washington.,"5 Texas Democrats who fled their state to stall a voting bill test positive in Washington. The Texas House Democratic Caucus did not name the five lawmakers, but said they were all fully vaccinated. The Texas House Democratic Caucus did not name the three lawmakers, but said they were all fully vaccinated."
"Ursula von der Leyen, the president of the European Commission, was among several other officials who made the connection. “It shows the urgency to act,” she said.",article,nyt://article/3938102b-c3d4-5e39-bbc5-a5ccf068d0c4,"[{'name': 'Subject', 'value': 'Floods', 'rank': 1}, {'name': 'Subject', 'value': 'Global Warming', 'rank': 2}, {'name': 'Subject', 'value': 'Weather', 'rank': 3}, {'name': 'Subject', 'value': 'Rain', 'rank': 4}, {'name': 'Location', 'value': 'Europe', 'rank': 5}, {'name': 'Location', 'value': 'Germany', 'rank': 6}, {'name': 'Person', 'value': 'von der Leyen, Ursula', 'rank': 7}, {'name': 'Person', 'value': 'Steinmeier, Frank-Walter', 'rank': 8}, {'name': 'Person', 'value': 'Laschet, Armin', 'rank': 9}]",Foreign,,,2021-07-16 11:52:38+00:00,World,"Ursula von der Leyen, the president of the European Commission, was among several other officials who made the connection. “It shows the urgency to act,” she said.",The New York Times,Europe,News,nyt://article/3938102b-c3d4-5e39-bbc5-a5ccf068d0c4,https://www.nytimes.com/2021/07/16/world/europe/climate-change-germany-flooding.html,353,By Melissa Eddy and Jack Ewing,"‘We have to make the state more climate-proof,’ one official says in response to Germany’s floods.",,,"The village of Schuld, Germany, on Thursday.","Sascha Steinbach/EPA, via Shutterstock",https://static01.nyt.com/images/2021/07/16/world/16europe-flood-climate-change-SUB/merlin_190891416_82598cc5-b228-40ea-95ba-d9cb87b3946e-articleLarge.jpg,400,600,https://static01.nyt.com/images/2021/07/16/world/16europe-flood-climate-change-SUB/merlin_190891416_82598cc5-b228-40ea-95ba-d9cb87b3946e-thumbStandard.jpg,75,75,"‘We have to make the state more climate-proof,’ one official says in response to Germany’s floods.","‘We have to make the state more climate-proof,’ one official says in response to Germany’s floods. Ursula von der Leyen, the president of the European Commission, was among several other officials who made the connection. “It shows the urgency to act,” she said. Ursula von der Leyen, the president of the European Commission, was among several other officials who made the connection. “It shows the urgency to act,” she said."
,article,nyt://article/6732b1ff-c917-5558-9856-606384dfd0ba,[],Foreign,,,2021-07-13 10:29:11+00:00,World,,The New York Times,Americas,Live Blog Post,nyt://article/6732b1ff-c917-5558-9856-606384dfd0ba,https://www.nytimes.com/live/2021/07/13/world/haiti-president-assassinated/as-haiti-plans-a-state-funeral-how-much-can-it-unite-the-nation,665,By Dan Bilefsky and Constant Méheut,"As Haiti plans a state funeral, how much can it unite the nation?",,,The Haitian national flag was flown at half-staff in Port-au-Prince on Saturday after the assassination of President Jovenel Moïse.,Ricardo Arduengo/Reuters,https://static01.nyt.com/images/2021/07/13/world/13haiti-presidential-briefing-funeral/merlin_190649646_188ea63d-415c-404b-95bf-66a8c6fba3f1-articleLarge.jpg,400,600,https://static01.nyt.com/images/2021/07/13/world/13haiti-presidential-briefing-funeral/merlin_190649646_188ea63d-415c-404b-95bf-66a8c6fba3f1-thumbStandard.jpg,75,75,"As Haiti plans a state funeral, how much can it unite the nation?","As Haiti plans a state funeral, how much can it unite the nation?"
"An explosion in a park near the state broadcasting company rocked Iran’s capital early Saturday morning. No casualties were reported, and it was uncertain if the blast was an attack or accident.",article,nyt://article/59c7d712-d1e5-5cd7-9441-a635af6d7a37,"[{'name': 'Location', 'value': 'Iran', 'rank': 1}, {'name': 'Location', 'value': 'Tehran (Iran)', 'rank': 2}]",Foreign,,,2021-07-09 22:22:35+00:00,World,"An explosion in a park near the state broadcasting company rocked Iran’s capital early Saturday morning. No casualties were reported, and it was uncertain if the blast was an attack or accident.",The New York Times,Middle East,News,nyt://article/59c7d712-d1e5-5cd7-9441-a635af6d7a37,https://www.nytimes.com/2021/07/09/world/middleeast/iran-tehran-explosion-state-tv.html,200,By Farnaz Fassihi,Blast in Tehran Near State Broadcasting Headquarters Rattles Iran,,,,,,0,0,,0,0,Blast in Tehran Near State Broadcasting Headquarters Rattles Iran,"Blast in Tehran Near State Broadcasting Headquarters Rattles Iran An explosion in a park near the state broadcasting company rocked Iran’s capital early Saturday morning. No casualties were reported, and it was uncertain if the blast was an attack or accident. An explosion in a park near the state broadcasting company rocked Iran’s capital early Saturday morning. No casualties were reported, and it was uncertain if the blast was an attack or accident."
The decision is likely to force officials to abandon plans to allow domestic spectators at Olympic events.,article,nyt://article/fc9a1e82-9652-5bdb-a09a-e99506f0ac05,[],Foreign,,,2021-07-08 10:08:18+00:00,World,The decision is likely to force officials to abandon plans to allow domestic spectators at Olympic events.,The New York Times,Asia Pacific,Live Blog Post,nyt://article/fc9a1e82-9652-5bdb-a09a-e99506f0ac05,https://www.nytimes.com/live/2021/07/08/world/covid-19-vaccine-coronavirus-updates/spectators-will-be-barred-from-the-olympics-as-japan-declares-a-new-state-of-emergency-for-tokyo,298,By Ben Dooley,Spectators will be barred from the Olympics as Japan declares a new state of emergency for Tokyo.,,,Walking past a banner for the Summer Olympics on Wednesday.,Kazuhiro Nogi/Agence France-Presse — Getty Images,https://static01.nyt.com/images/2021/07/08/world/08virus-briefing-tokyo-olympics-HFO/merlin_190481484_f1a9ae9d-61e3-41b8-8998-83d7ae868c90-articleLarge.jpg,400,600,https://static01.nyt.com/images/2021/07/08/world/08virus-briefing-tokyo-olympics-HFO/08virus-briefing-tokyo-olympics-HFO-thumbStandard.jpg,75,75,Spectators will be barred from the Olympics as Japan declares a new state of emergency for Tokyo.,Spectators will be barred from the Olympics as Japan declares a new state of emergency for Tokyo. The decision is likely to force officials to abandon plans to allow domestic spectators at Olympic events. The decision is likely to force officials to abandon plans to allow domestic spectators at Olympic events.
,article,nyt://article/106a9b86-16b9-58c9-ac71-ddacb9c77194,[],Foreign,,,2021-06-26 20:13:55+00:00,World,,The New York Times,,Live Blog Post,nyt://article/106a9b86-16b9-58c9-ac71-ddacb9c77194,https://www.nytimes.com/live/2021/06/26/world/covid-vaccine-coronavirus-mask/due-to-covid-19-protocols-a-college-world-series-run-ends-abruptly-for-north-carolina-state,506,By Lauren McCarthy,"Due to Covid-19 protocols, a College World Series run ends abruptly for North Carolina State.",,,"Able to field only 13 eligible players, North Carolina State lost to Vanderbilt on Friday.",Rebecca S. Gratz/Associated Press,https://static01.nyt.com/images/2021/06/26/world/26virus-briefing-cws-final/merlin_189899397_02c60e6a-edbb-4836-bafd-ab739f774f7c-articleLarge.jpg,375,600,https://static01.nyt.com/images/2021/06/26/world/26virus-briefing-cws-final/merlin_189899397_02c60e6a-edbb-4836-bafd-ab739f774f7c-thumbStandard.jpg,75,75,"Due to Covid-19 protocols, a College World Series run ends abruptly for North Carolina State.","Due to Covid-19 protocols, a College World Series run ends abruptly for North Carolina State."
"Japan’s latest outbreak is receding and vaccinations are slowly picking up, but health experts warn that the government must remain vigilant.",article,nyt://article/f3070936-de72-522a-b210-81988b7dee28,"[{'name': 'Location', 'value': 'Japan', 'rank': 2}, {'name': 'Subject', 'value': 'Olympic Games', 'rank': 3}, {'name': 'Organization', 'value': 'International Olympic Committee', 'rank': 4}, {'name': 'Subject', 'value': 'Coronavirus (2019-nCoV)', 'rank': 5}, {'name': 'Location', 'value': 'Tokyo (Japan)', 'rank': 6}]",Foreign,,,2021-06-17 08:59:07+00:00,World,"Japan’s latest outbreak is receding and vaccinations are slowly picking up, but health experts warn that the government must remain vigilant.",The New York Times,Asia Pacific,News,nyt://article/f3070936-de72-522a-b210-81988b7dee28,https://www.nytimes.com/2021/06/17/world/asia/tokyo-olympics-state-of-emergency.html,355,By Hikari Hida,"Five weeks before the Olympics, Tokyo’s state of emergency will be eased.",,,"Tokyo on Thursday. Some restrictions will remain in place in the capital and in six other areas until at least July 11, officials said. ",Charly Triballeau/Agence France-Presse — Getty Images,https://static01.nyt.com/images/2021/06/17/world/17virus-briefing-japan-emergency/merlin_189384897_e42b8c4d-7d70-468a-bd27-521dcb8e7df0-articleLarge.jpg,400,600,https://static01.nyt.com/images/2021/06/17/world/17virus-briefing-japan-emergency/17virus-briefing-japan-emergency-thumbStandard.jpg,75,75,"Five weeks before the Olympics, Tokyo’s state of emergency will be eased.","Five weeks before the Olympics, Tokyo’s state of emergency will be eased. Japan’s latest outbreak is receding and vaccinations are slowly picking up, but health experts warn that the government must remain vigilant. Japan’s latest outbreak is receding and vaccinations are slowly picking up, but health experts warn that the government must remain vigilant."
"The state has done so well with vaccination that it can now safely drop its pandemic restrictions, Gov. Phil Scott said on Monday.",article,nyt://article/aa807be9-ac10-55ff-8eec-f7b027b681d7,"[{'name': 'Subject', 'value': 'Coronavirus (2019-nCoV)', 'rank': 2}, {'name': 'Subject', 'value': 'Vaccination and Immunization', 'rank': 3}, {'name': 'Subject', 'value': 'States (US)', 'rank': 4}, {'name': 'Subject', 'value': 'Disease Rates', 'rank': 5}, {'name': 'Person', 'value': 'Scott, Phil (1958- )', 'rank': 6}, {'name': 'Location', 'value': 'Vermont', 'rank': 7}]",National,,,2021-06-14 19:56:39+00:00,World,"The state has done so well with vaccination that it can now safely drop its pandemic restrictions, Gov. Phil Scott said on Monday.",The New York Times,,News,nyt://article/aa807be9-ac10-55ff-8eec-f7b027b681d7,https://www.nytimes.com/2021/06/14/world/vermont-vaccination-rate-restrictions.html,474,By Daniel E. Slotnik,Vermont is the first state to partially vaccinate at least 80 percent of its eligible population.,,,"A man receives a Covid-19 vaccine shot in May at Brattleboro Memorial Hospital in Brattleboro, Vt.","Kristopher Radder/The Brattleboro Reformer, via Associated Press",https://static01.nyt.com/images/2021/06/14/world/14virus-briefing-vermont-80-percent-1/merlin_187723392_a42ce15f-9bb2-4bcc-8a20-5f0b2c00886d-articleLarge.jpg,400,600,https://static01.nyt.com/images/2021/06/14/world/14virus-briefing-vermont-80-percent-1/14virus-briefing-vermont-80-percent-1-thumbStandard.jpg,75,75,Vermont is the first state to partially vaccinate at least 80 percent of its eligible population.,"Vermont is the first state to partially vaccinate at least 80 percent of its eligible population. The state has done so well with vaccination that it can now safely drop its pandemic restrictions, Gov. Phil Scott said on Monday. The state has done so well with vaccination that it can now safely drop its pandemic restrictions, Gov. Phil Scott said on Monday."
,article,nyt://article/34c7845b-b4c2-5ffc-9acf-585e5b200b63,[],Foreign,,,2021-06-10 10:10:48+00:00,World,,The New York Times,,Live Blog Post,nyt://article/34c7845b-b4c2-5ffc-9acf-585e5b200b63,https://www.nytimes.com/live/2021/06/10/world/covid-vaccine-coronavirus-mask/indias-death-toll-spikes-after-one-states-audit-showed-a-huge-undercount-and-other-international-news,667,By Emily Schmall and Sameer Yasir,"India’s death toll spikes after one state’s audit showed a huge undercount, and other international news.",Global Roundup,,"A hospital in Bhagalpur, in the Indian state of Bihar, last year. A review found that more than 9,000 people had died from Covid-related complications  in the northern state since March 2020.",Danish Siddiqui/Reuters,https://static01.nyt.com/images/2021/06/10/world/10virus-briefing-india-deaths/merlin_180161817_914157e4-62d2-4702-819d-0970cd20fa48-articleLarge.jpg,411,600,https://static01.nyt.com/images/2021/06/10/world/10virus-briefing-india-deaths/merlin_180161817_914157e4-62d2-4702-819d-0970cd20fa48-thumbStandard.jpg,75,75,"India’s death toll spikes after one state’s audit showed a huge undercount, and other international news.","India’s death toll spikes after one state’s audit showed a huge undercount, and other international news."
"Three young men filed a suit saying they had been discriminated against during ID checks in Paris in 2017, when they were high school students. An appeals court ruled in their favor this week.",article,nyt://article/0195a7eb-26ec-5ab6-b964-8002efb1962a,"[{'name': 'Subject', 'value': 'Suits and Litigation (Civil)', 'rank': 1}, {'name': 'Subject', 'value': 'Racial Profiling', 'rank': 2}, {'name': 'Subject', 'value': 'Discrimination', 'rank': 3}, {'name': 'Subject', 'value': 'Race and Ethnicity', 'rank': 4}, {'name': 'Person', 'value': 'Macron, Emmanuel (1977- )', 'rank': 5}, {'name': 'Location', 'value': 'France', 'rank': 6}, {'name': 'Location', 'value': 'Paris (France)', 'rank': 7}]",Foreign,9,A,2021-06-09 17:26:12+00:00,World,"Three young men filed a suit saying they had been discriminated against during ID checks in Paris in 2017, when they were high school students. An appeals court ruled in their favor this week.",The New York Times,Europe,News,nyt://article/0195a7eb-26ec-5ab6-b964-8002efb1962a,https://www.nytimes.com/2021/06/09/world/europe/france-racial-profiling-police-court.html,797,By Aurelien Breeden,Former Students Win Racial Profiling Case Against French State,,French Court  Finds Bias  In ID Checks  By the Police,Police and a train employee check a passenger’s train tickets during a patrol at the Gare du Nord train station in Paris in 2018.,Philippe Wojazer/Reuters,https://static01.nyt.com/images/2021/06/09/world/09france-discrimination1/merlin_145722741_059d568c-dc7a-48bf-9d6f-9b1bb249c326-articleLarge.jpg,411,600,https://static01.nyt.com/images/2021/06/09/world/09france-discrimination1/09france-discrimination1-thumbStandard.jpg,75,75,Former Students Win Racial Profiling Case Against French State,"Former Students Win Racial Profiling Case Against French State Three young men filed a suit saying they had been discriminated against during ID checks in Paris in 2017, when they were high school students. An appeals court ruled in their favor this week. Three young men filed a suit saying they had been discriminated against during ID checks in Paris in 2017, when they were high school students. An appeals court ruled in their favor this week."
"The contest in an eastern state, a stronghold of the Alternative for Germany, had been closely watched for signs of the far-right party’s appeal, which dipped slightly.",article,nyt://article/dfd18b03-4909-5fc4-ba1b-7ed8862b1839,"[{'name': 'Subject', 'value': 'Politics and Government', 'rank': 1}, {'name': 'Subject', 'value': 'Elections', 'rank': 2}, {'name': 'Location', 'value': 'Germany', 'rank': 3}, {'name': 'Location', 'value': 'East Germany', 'rank': 4}, {'name': 'Person', 'value': 'Laschet, Armin', 'rank': 5}, {'name': 'Person', 'value': 'Merkel, Angela', 'rank': 6}, {'name': 'Subject', 'value': 'Voting and Voters', 'rank': 7}]",Foreign,6,A,2021-06-06 21:55:24+00:00,World,"The contest in an eastern state, a stronghold of the Alternative for Germany, had been closely watched for signs of the far-right party’s appeal, which dipped slightly.",The New York Times,Europe,News,nyt://article/dfd18b03-4909-5fc4-ba1b-7ed8862b1839,https://www.nytimes.com/2021/06/06/world/europe/germany-conservatives-election-Saxony-Anhalt.html,722,By Melissa Eddy,German Conservatives Win Last State Election Before National Vote,,German Conservatives Appear to Lead in Last State Election Before National Vote,"Reiner Haseloff, the premier of Germany’s Saxony-Anhalt state, as results in the regional elections were released on Sunday.",Pool photo by Ronny Hartmann,https://static01.nyt.com/images/2021/06/06/world/06GERMANY-ELECTIONHFO2/06GERMANY-ELECTIONHFO2-articleLarge.jpg,400,600,https://static01.nyt.com/images/2021/06/06/world/06GERMANY-ELECTIONHFO2/06GERMANY-ELECTIONHFO2-thumbStandard.jpg,75,75,German Conservatives Win Last State Election Before National Vote,"German Conservatives Win Last State Election Before National Vote The contest in an eastern state, a stronghold of the Alternative for Germany, had been closely watched for signs of the far-right party’s appeal, which dipped slightly. The contest in an eastern state, a stronghold of the Alternative for Germany, had been closely watched for signs of the far-right party’s appeal, which dipped slightly."
"With infections still high, restrictions in nine prefectures will remain in place until at least June 20, casting more doubt on the start of the Summer Games in Tokyo.",article,nyt://article/716809dc-b23f-5b3e-9408-4b7fb507cff8,"[{'name': 'Subject', 'value': 'Olympic Games', 'rank': 2}, {'name': 'Subject', 'value': 'Coronavirus (2019-nCoV)', 'rank': 3}, {'name': 'Organization', 'value': 'International Olympic Committee', 'rank': 4}, {'name': 'Location', 'value': 'Tokyo (Japan)', 'rank': 5}, {'name': 'Location', 'value': 'Japan', 'rank': 6}, {'name': 'Person', 'value': 'Suga, Yoshihide', 'rank': 7}]",Foreign,,,2021-05-28 10:24:06+00:00,World,"With infections still high, restrictions in nine prefectures will remain in place until at least June 20, casting more doubt on the start of the Summer Games in Tokyo.",The New York Times,Asia Pacific,News,nyt://article/716809dc-b23f-5b3e-9408-4b7fb507cff8,https://www.nytimes.com/2021/05/28/world/asia/tokyo-olympics-covid-japan.html,327,By Hisako Ueno and Motoko Rich,Japan extends a state of emergency until one month before the Olympics.,,,"Lining up to take a shuttle bus to a vaccination center in Osaka, Japan, on Friday.",Buddhika Weerasinghe/Getty Images,https://static01.nyt.com/images/2021/05/28/world/28virus-briefing-japan-emergency/merlin_188412324_1d2277b9-a00e-495a-a676-57745681ba6c-articleLarge.jpg,400,600,https://static01.nyt.com/images/2021/05/28/world/28virus-briefing-japan-emergency/28virus-briefing-japan-emergency-thumbStandard.jpg,75,75,Japan extends a state of emergency until one month before the Olympics.,"Japan extends a state of emergency until one month before the Olympics. With infections still high, restrictions in nine prefectures will remain in place until at least June 20, casting more doubt on the start of the Summer Games in Tokyo. With infections still high, restrictions in nine prefectures will remain in place until at least June 20, casting more doubt on the start of the Summer Games in Tokyo."
"After nearly three months without an infection, health officials have found 26 cases in the Melbourne area. Critics blamed ill-equipped quarantine facilities and a slow vaccine rollout.",article,nyt://article/8fc73b85-c498-5955-b879-fca2a01e78e6,"[{'name': 'Location', 'value': 'Melbourne (Australia)', 'rank': 2}, {'name': 'Location', 'value': 'Australia', 'rank': 3}, {'name': 'Subject', 'value': 'Coronavirus (2019-nCoV)', 'rank': 4}, {'name': 'Location', 'value': 'Victoria (Australia)', 'rank': 5}]",Foreign,,,2021-05-27 09:28:25+00:00,World,"After nearly three months without an infection, health officials have found 26 cases in the Melbourne area. Critics blamed ill-equipped quarantine facilities and a slow vaccine rollout.",The New York Times,Australia,News,nyt://article/8fc73b85-c498-5955-b879-fca2a01e78e6,https://www.nytimes.com/2021/05/27/world/australia/victoria-melbourne-covid-lockdown-australia.html,505,By Livia Albeck-Ripka,"A lockdown in Victoria State, Australia, follows a variant-fueled outbreak.",,,"A testing site in Melbourne, Australia, on Thursday.","James Ross/EPA, via Shutterstock",https://static01.nyt.com/images/2021/05/27/world/26virus-briefing-australia-melbourne/merlin_188361927_d3c850b1-b867-4d11-8ea3-afcfb07e0272-articleLarge.jpg,400,600,https://static01.nyt.com/images/2021/05/27/world/26virus-briefing-australia-melbourne/26virus-briefing-australia-melbourne-thumbStandard.jpg,75,75,"A lockdown in Victoria State, Australia, follows a variant-fueled outbreak.","A lockdown in Victoria State, Australia, follows a variant-fueled outbreak. After nearly three months without an infection, health officials have found 26 cases in the Melbourne area. Critics blamed ill-equipped quarantine facilities and a slow vaccine rollout. After nearly three months without an infection, health officials have found 26 cases in the Melbourne area. Critics blamed ill-equipped quarantine facilities and a slow vaccine rollout."
,article,nyt://article/74c80964-27eb-525e-8546-93796f8277a2,[],Foreign,,,2021-05-23 19:32:50+00:00,World,,The New York Times,Asia Pacific,Live Blog Post,nyt://article/74c80964-27eb-525e-8546-93796f8277a2,https://www.nytimes.com/live/2021/05/23/world/covid-vaccine-coronavirus-mask/as-india-stumbles-one-state-charts-its-own-covid-course,275,By Shalini Venugopal Bhagat,"As India stumbles, one state charts its own Covid course.",,,Police officers checking the credentials of commuters during a lockdown imposed to curb the spread of the coronavirus in the Indian state of Kerala this month.,R S Iyer/Associated Press,https://static01.nyt.com/images/2021/05/23/world/23virus-briefing-india-kerala/merlin_187459866_93cbf5e2-0151-4383-9828-fb71fcf5ddf0-articleLarge.jpg,400,600,https://static01.nyt.com/images/2021/05/23/world/23virus-briefing-india-kerala/23virus-briefing-india-kerala-thumbStandard.jpg,75,75,"As India stumbles, one state charts its own Covid course.","As India stumbles, one state charts its own Covid course."
"The dissident, Roman Protasevich, co-founded a Telegram channel that is a popular opposition outlet in Belarus. The plane was flying from Athens to Lithuania when it was forced down.",article,nyt://article/1e551828-e1c9-52cd-bc9b-3254ee7af34e,"[{'name': 'Location', 'value': 'Belarus', 'rank': 1}, {'name': 'Person', 'value': 'Lukashenko, Aleksandr G', 'rank': 2}, {'name': 'Subject', 'value': 'Airlines and Airplanes', 'rank': 3}, {'name': 'Subject', 'value': 'News and News Media', 'rank': 4}, {'name': 'Location', 'value': 'Minsk (Belarus)', 'rank': 5}, {'name': 'Organization', 'value': 'Ryanair Holdings PLC', 'rank': 6}, {'name': 'Subject', 'value': 'Politics and Government', 'rank': 7}, {'name': 'Subject', 'value': 'Freedom of the Press', 'rank': 8}, {'name': 'Subject', 'value': 'Political Prisoners', 'rank': 9}, {'name': 'Person', 'value': 'Protasevich, Roman', 'rank': 10}, {'name': 'Subject', 'value': 'International Relations', 'rank': 11}, {'name': 'Location', 'value': 'Greece', 'rank': 12}, {'name': 'Location', 'value': 'Lithuania', 'rank': 13}, {'name': 'Organization', 'value': 'Telegram LLC', 'rank': 14}, {'name': 'Subject', 'value': 'Hijacking', 'rank': 15}]",Foreign,1,A,2021-05-23 15:16:49+00:00,World,"The dissident, Roman Protasevich, co-founded a Telegram channel that is a popular opposition outlet in Belarus. The plane was flying from Athens to Lithuania when it was forced down.",The New York Times,Europe,News,nyt://article/1e551828-e1c9-52cd-bc9b-3254ee7af34e,https://www.nytimes.com/2021/05/23/world/europe/ryanair-belarus.html,1317,By Anton Troianovski and Ivan Nechepurenko,Belarus Forces Down Plane to Seize Dissident; Europe Sees ‘State Hijacking’,,"Belarus Forces Plane to Land, Seizing Activist",A Belarusian dog handler checking luggage from a Ryanair flight at Minsk International Airport on Sunday.,Onliner.by/Agence France-Presse — Getty Images,https://static01.nyt.com/images/2021/05/23/world/23BELARUS-SUB/merlin_188207463_a60a62c1-3042-4672-a781-f2705c2527b4-articleLarge.jpg,400,600,https://static01.nyt.com/images/2021/05/23/world/23BELARUS-SUB/23BELARUS-SUB-thumbStandard.jpg,75,75,Belarus Forces Down Plane to Seize Dissident; Europe Sees ‘State Hijacking’,"Belarus Forces Down Plane to Seize Dissident; Europe Sees ‘State Hijacking’ The dissident, Roman Protasevich, co-founded a Telegram channel that is a popular opposition outlet in Belarus. The plane was flying from Athens to Lithuania when it was forced down. The dissident, Roman Protasevich, co-founded a Telegram channel that is a popular opposition outlet in Belarus. The plane was flying from Athens to Lithuania when it was forced down."
"Kerala uses tracking of patients and supplies, a network of health care workers and coronavirus “war rooms” to succeed where the national government has fallen short.",article,nyt://article/35462d15-7ed8-5580-a9e8-b72949cc336b,"[{'name': 'Location', 'value': 'Kerala (India)', 'rank': 1}, {'name': 'Person', 'value': 'Shailaja, K K', 'rank': 2}, {'name': 'Subject', 'value': 'Shortages', 'rank': 3}, {'name': 'Subject', 'value': 'Disease Rates', 'rank': 4}, {'name': 'Subject', 'value': 'Politics and Government', 'rank': 5}, {'name': 'Subject', 'value': 'Coronavirus (2019-nCoV)', 'rank': 6}, {'name': 'Subject', 'value': 'Quarantines', 'rank': 7}, {'name': 'Subject', 'value': 'Local Government', 'rank': 8}, {'name': 'Subject', 'value': 'Hospitals', 'rank': 9}, {'name': 'Subject', 'value': 'Oxygen', 'rank': 10}, {'name': 'Subject', 'value': 'Vaccination and Immunization', 'rank': 11}, {'name': 'Subject', 'value': 'Deaths (Fatalities)', 'rank': 12}, {'name': 'Location', 'value': 'India', 'rank': 13}, {'name': 'Person', 'value': 'Modi, Narendra', 'rank': 14}]",Foreign,6,A,2021-05-23 09:00:14+00:00,World,"Kerala uses tracking of patients and supplies, a network of health care workers and coronavirus “war rooms” to succeed where the national government has fallen short.",The New York Times,Asia Pacific,News,nyt://article/35462d15-7ed8-5580-a9e8-b72949cc336b,https://www.nytimes.com/2021/05/23/world/asia/coronavirus-kerala.html,1363,By Shalini Venugopal Bhagat,"As India Stumbles, One State Charts Its Own Covid Course",,‘War Rooms’ Help One State Manage the Virus,"Waiting for shots at a Covid-19 vaccination camp in Kochi, a city in the southern Indian state of Kerala,  in March.",R S Iyer/Associated Press,https://static01.nyt.com/images/2021/05/21/world/00virus-india-state-1/00virus-india-state-1-articleLarge.jpg,400,600,https://static01.nyt.com/images/2021/05/21/world/00virus-india-state-1/00virus-india-state-1-thumbStandard.jpg,75,75,"As India Stumbles, One State Charts Its Own Covid Course","As India Stumbles, One State Charts Its Own Covid Course Kerala uses tracking of patients and supplies, a network of health care workers and coronavirus “war rooms” to succeed where the national government has fallen short. Kerala uses tracking of patients and supplies, a network of health care workers and coronavirus “war rooms” to succeed where the national government has fallen short."
,article,nyt://article/ca8812fc-60f2-57bb-a5c9-aa473d2f62d1,[],Foreign,,,2021-05-22 04:03:48+00:00,World,,The New York Times,,Live Blog Post,nyt://article/ca8812fc-60f2-57bb-a5c9-aa473d2f62d1,https://www.nytimes.com/live/2021/05/21/world/covid-vaccine-coronavirus-mask/olympic-games-will-go-on-even-in-state-of-emergency-committee-says,194,By Motoko Rich and Victor Mather,"Olympic games will go on even in state of emergency, committee says.",,,"Appearing via videoconference with the organizing committee chief Seiko Hashimoto, the I.O.C.’s John Coates insisted the Summer Olympics would proceed.",Pool photo by Nicolas Datiche,https://static01.nyt.com/images/2021/05/21/sports/21virus-briefing-olympics1/merlin_188088237_afe8a3f8-c290-49f7-b460-3c5bf6a8efa3-articleLarge.jpg,400,600,https://static01.nyt.com/images/2021/05/21/sports/21virus-briefing-olympics1/21virus-briefing-olympics1-thumbStandard-v2.jpg,75,75,"Olympic games will go on even in state of emergency, committee says.","Olympic games will go on even in state of emergency, committee says."
,article,nyt://article/5325a2b7-982e-50fd-b4c6-f33ee0b3300b,[],Foreign,,,2021-05-19 08:59:59+00:00,World,,The New York Times,,Live Blog Post,nyt://article/5325a2b7-982e-50fd-b4c6-f33ee0b3300b,https://www.nytimes.com/live/2021/05/19/world/covid-vaccine-coronavirus-mask/heres-what-the-new-rules-in-new-york-mean-as-the-state-reopens,761,"By Bryan Pietsch, Sharon Otterman, Daniel E. Slotnik and Mihir Zaveri",Here’s what the new rules in New York mean as the state reopens.,,,"At Carmine's restaurant on the Upper West Side on Tuesday, plastic dividers were in between tables. ",James Estrin/The New York Times,https://static01.nyt.com/images/2021/05/19/lens/19virus-briefing-ny-reopen-explainer1/19virus-briefing-ny-reopen-explainer1-articleLarge.jpg,400,600,https://static01.nyt.com/images/2021/05/19/lens/19virus-briefing-ny-reopen-explainer1/19virus-briefing-ny-reopen-explainer1-thumbStandard.jpg,75,75,Here’s what the new rules in New York mean as the state reopens.,Here’s what the new rules in New York mean as the state reopens.
,article,nyt://article/951d98e5-b9dd-51c2-8d51-38dc92fda2b4,[],Foreign,,,2021-05-19 08:02:11+00:00,World,,The New York Times,Middle East,Live Blog Post,nyt://article/951d98e5-b9dd-51c2-8d51-38dc92fda2b4,https://www.nytimes.com/live/2021/05/19/world/israel-palestine-gaza/israel-criticized-chinese-state-media-over-a-video-that-asked-whether-jews-had-a-powerful-lobby,357,By Alexandra Stevenson,Israel criticized Chinese state media over a video that asked whether Jews had a ‘powerful lobby.’,,,Damaged apartment buildings that Israeli aircraft destroyed in central Gaza this week.,Samar Abu Elouf for The New York Times,https://static01.nyt.com/images/2021/05/19/world/19israel-gaza-briefing-china-israel/merlin_187895538_cb95bec7-6058-44ff-9b95-edd2e51391b5-articleLarge.jpg,400,600,https://static01.nyt.com/images/2021/05/19/world/19israel-gaza-briefing-china-israel/19israel-gaza-briefing-china-israel-thumbStandard.jpg,75,75,Israel criticized Chinese state media over a video that asked whether Jews had a ‘powerful lobby.’,Israel criticized Chinese state media over a video that asked whether Jews had a ‘powerful lobby.’
,article,nyt://article/6495fc75-4074-56e0-8e46-4b32c1ebe623,[],Foreign,,,2021-05-13 23:28:10+00:00,World,,The New York Times,,Live Blog Post,nyt://article/6495fc75-4074-56e0-8e46-4b32c1ebe623,https://www.nytimes.com/live/2021/05/13/world/covid-vaccine-coronavirus-cases/gov-ron-desantis-said-he-would-pardon-any-floridian-who-violated-mask-mandates-in-the-state,229,By Bryan Pietsch,Gov. Ron DeSantis said he would pardon ‘any Floridian’ who violated mask mandates in the state.,,,Gov. Ron DeSantis of Florida on Sunday.,Cliff Hawkins/Getty Images,https://static01.nyt.com/images/2021/05/13/us/13virus-briefing-xp-desantis2/merlin_187468686_a4830f29-a44e-409d-b86f-b4a2e35df399-articleLarge.jpg,400,600,https://static01.nyt.com/images/2021/05/13/us/13virus-briefing-xp-desantis2/13virus-briefing-xp-desantis2-thumbStandard.jpg,75,75,Gov. Ron DeSantis said he would pardon ‘any Floridian’ who violated mask mandates in the state.,Gov. Ron DeSantis said he would pardon ‘any Floridian’ who violated mask mandates in the state.
The sprawling SUNY system joins a growing list of academic institutions that plan to make a Covid-19 vaccination mandatory on their campuses.,article,nyt://article/ebb94cfd-304b-5274-8275-a73122ec8350,"[{'name': 'Subject', 'value': 'Coronavirus Reopenings', 'rank': 2}, {'name': 'Subject', 'value': 'Colleges and Universities', 'rank': 3}, {'name': 'Subject', 'value': 'Vaccination and Immunization', 'rank': 4}, {'name': 'Subject', 'value': 'Generation Z', 'rank': 5}, {'name': 'Subject', 'value': 'Coronavirus (2019-nCoV)', 'rank': 6}, {'name': 'Organization', 'value': 'City University of New York', 'rank': 7}, {'name': 'Organization', 'value': 'State University of New York', 'rank': 8}, {'name': 'Person', 'value': 'Cuomo, Andrew M', 'rank': 9}, {'name': 'Location', 'value': 'New York State', 'rank': 10}]",Metropolitan,,,2021-05-11 00:35:10+00:00,World,The sprawling SUNY system joins a growing list of academic institutions that plan to make a Covid-19 vaccination mandatory on their campuses.,The New York Times,,News,nyt://article/ebb94cfd-304b-5274-8275-a73122ec8350,https://www.nytimes.com/2021/05/10/world/covid-vaccine-suny-cuny-cuomo.html,366,By Mihir Zaveri and Ethan Hauser,State and city universities in N.Y. will require vaccinations once the shots have full approval.,,,Gov. Andrew M. Cuomo of New York spoke at a news conference on Monday about requiring students on public college campuses in New York to be vaccinated against Covid-19. ,Pool photo by Mary Altaffer,https://static01.nyt.com/images/2021/05/10/us/10virus-briefing-suny-vaccination/merlin_187565562_4d247b35-7198-4fb2-b164-ca54c34392f6-articleLarge.jpg,400,600,https://static01.nyt.com/images/2021/05/10/us/10virus-briefing-suny-vaccination/10virus-briefing-suny-vaccination-thumbStandard-v2.jpg,75,75,State and city universities in N.Y. will require vaccinations once the shots have full approval.,State and city universities in N.Y. will require vaccinations once the shots have full approval. The sprawling SUNY system joins a growing list of academic institutions that plan to make a Covid-19 vaccination mandatory on their campuses. The sprawling SUNY system joins a growing list of academic institutions that plan to make a Covid-19 vaccination mandatory on their campuses.
,article,nyt://article/91c906d5-600d-5591-b394-4951ef9300bc,[],Foreign,,,2021-05-09 21:24:28+00:00,World,,The New York Times,,Live Blog Post,nyt://article/91c906d5-600d-5591-b394-4951ef9300bc,https://www.nytimes.com/live/2021/05/09/world/covid-vaccine-coronavirus-cases/spain-ended-its-state-of-emergency-and-streets-erupted-in-celebrations,244,By Raphael Minder,"Spain ended its state of emergency, and streets erupted in celebrations.",,,People gathered at Puerta del Sol square in Madrid on Sunday to celebrate the end of the state of emergency decreed by the Spanish government. ,Susana Vera/Reuters,https://static01.nyt.com/images/2021/05/09/world/09virus-briefing-spain2/merlin_187494612_2db54e6c-e58d-48b4-8c5d-2f6a2efe4c98-articleLarge.jpg,400,600,https://static01.nyt.com/images/2021/05/09/world/09virus-briefing-spain2/09virus-briefing-spain2-thumbStandard.jpg,75,75,"Spain ended its state of emergency, and streets erupted in celebrations.","Spain ended its state of emergency, and streets erupted in celebrations."
The United States is also urging its citizens to leave the country.,article,nyt://article/9be9e887-b055-52ab-930d-3f14b5856c5e,"[{'name': 'Subject', 'value': 'Coronavirus (2019-nCoV)', 'rank': 2}, {'name': 'Organization', 'value': 'State Department', 'rank': 3}, {'name': 'Location', 'value': 'India', 'rank': 4}]",Foreign,,,2021-05-06 02:31:07+00:00,World,The United States is also urging its citizens to leave the country.,The New York Times,,News,nyt://article/9be9e887-b055-52ab-930d-3f14b5856c5e,https://www.nytimes.com/2021/05/05/world/state-department-india-covid.html,189,By Allyson Waller,State Department approves voluntary departure of nonemergency personnel from India.,,,"Italian residents returned to Bergamo, Italy, on Monday from the northern Indian city of Amritsar after taking a charter flight. The United States government is urging its citizens to leave the country. ","Filippo Venezia/EPA, via Shutterstock",https://static01.nyt.com/images/2021/05/05/world/05virus-brief-state-dept-india/merlin_187259409_e9c5ba07-6272-41b2-b300-54da577a9a1d-articleLarge.jpg,431,600,https://static01.nyt.com/images/2021/05/05/world/05virus-brief-state-dept-india/merlin_187259409_e9c5ba07-6272-41b2-b300-54da577a9a1d-thumbStandard.jpg,75,75,State Department approves voluntary departure of nonemergency personnel from India.,State Department approves voluntary departure of nonemergency personnel from India. The United States is also urging its citizens to leave the country. The United States is also urging its citizens to leave the country.
,article,nyt://article/14ce630f-63ec-5b23-814a-11611fd2924b,[],Foreign,,,2021-05-01 22:00:05+00:00,World,,The New York Times,,Live Blog Post,nyt://article/14ce630f-63ec-5b23-814a-11611fd2924b,https://www.nytimes.com/live/2021/05/02/world/covid-vaccine-coronavirus-cases/15-counties-in-oregon-are-pushed-into-the-states-most-severe-level-of-restrictions,393,By Dan Levin and Madeleine Ngo,15 counties in Oregon are pushed into the state’s most severe level of restrictions.,,,"Crowds gather along the waterfront in downtown Portland, Ore. last month.",Kristina Barker for The New York Times,https://static01.nyt.com/images/2021/05/01/us/01virus-briefing-oregon-1/merlin_185935068_c2d01f70-2cdf-41c1-82f7-e741a3af6263-articleLarge.jpg,400,600,https://static01.nyt.com/images/2021/05/01/us/01virus-briefing-oregon-1/01virus-briefing-oregon-1-thumbStandard.jpg,75,75,15 counties in Oregon are pushed into the state’s most severe level of restrictions.,15 counties in Oregon are pushed into the state’s most severe level of restrictions.
,article,nyt://article/37b9a4b5-e36b-5422-8727-c243385df4b1,[],Foreign,,,2021-04-26 22:10:40+00:00,World,,The New York Times,,Live Blog Post,nyt://article/37b9a4b5-e36b-5422-8727-c243385df4b1,https://www.nytimes.com/live/2021/04/26/world/covid-vaccine-coronavirus-cases/alaska-airlines-suspended-a-state-senator-from-flights-after-she-violated-its-mask-policy,177,By Jesus Jiménez,Alaska Airlines suspended a state senator from flights after she violated its mask policy.,,,State Senator Lora Reinbold of Alaska during the Senate floor session in Juneau on Monday.,Pool photo by Becky Bohrer,https://static01.nyt.com/images/2021/05/26/world/26virus-briefing-alaska-sub/26virus-briefing-alaska-sub-articleLarge.jpg,400,600,https://static01.nyt.com/images/2021/05/26/world/26virus-briefing-alaska-sub/26virus-briefing-alaska-sub-thumbStandard.jpg,75,75,Alaska Airlines suspended a state senator from flights after she violated its mask policy.,Alaska Airlines suspended a state senator from flights after she violated its mask policy.
"Three months before the Tokyo Olympics, the government is imposing new restrictions covering a quarter of the population.",article,nyt://article/6b952fd7-7c1e-5901-8006-502fe0b49c36,"[{'name': 'Subject', 'value': 'Coronavirus (2019-nCoV)', 'rank': 2}]",Foreign,,,2021-04-23 10:16:33+00:00,World,"Three months before the Tokyo Olympics, the government is imposing new restrictions covering a quarter of the population.",The New York Times,,News,nyt://article/6b952fd7-7c1e-5901-8006-502fe0b49c36,https://www.nytimes.com/2021/04/23/world/japan-declares-a-state-of-emergency-in-tokyo-and-osaka-as-cases-continue-to-rise.html,546,By Hisako Ueno and Shashank Bengali,Japan declares a state of emergency in Tokyo and Osaka as cases continue to rise.,,,"On Friday in Osaka, where a state of emergency will come into effect this weekend.",Buddhika Weerasinghe/Getty Images,https://static01.nyt.com/images/2021/04/23/world/23virus-briefing-japan-1/merlin_186791439_063879af-af67-4dc9-8a55-78a69ae514eb-articleLarge.jpg,400,600,https://static01.nyt.com/images/2021/04/23/world/23virus-briefing-japan-1/23virus-briefing-japan-1-thumbStandard.jpg,75,75,Japan declares a state of emergency in Tokyo and Osaka as cases continue to rise.,"Japan declares a state of emergency in Tokyo and Osaka as cases continue to rise. Three months before the Tokyo Olympics, the government is imposing new restrictions covering a quarter of the population. Three months before the Tokyo Olympics, the government is imposing new restrictions covering a quarter of the population."
"Few analysts believe that Moscow intends to invade. But as Russia’s military buildup proceeds, the tension is rising in war-weary Eastern Ukraine.",article,nyt://article/9c1ab175-857f-5351-bee1-ad6f9a752b89,"[{'name': 'Location', 'value': 'Ukraine', 'rank': 1}, {'name': 'Location', 'value': 'Russia', 'rank': 2}, {'name': 'Subject', 'value': 'Defense and Military Forces', 'rank': 3}, {'name': 'Person', 'value': 'Putin, Vladimir V', 'rank': 4}, {'name': 'Person', 'value': 'Zelensky, Volodymyr', 'rank': 5}, {'name': 'Location', 'value': 'Avdiivka (Ukraine)', 'rank': 6}, {'name': 'Location', 'value': 'Mariupol (Ukraine)', 'rank': 7}, {'name': 'Subject', 'value': 'Politics and Government', 'rank': 8}]",Foreign,9,A,2021-04-20 07:00:14+00:00,World,"Few analysts believe that Moscow intends to invade. But as Russia’s military buildup proceeds, the tension is rising in war-weary Eastern Ukraine.",The New York Times,Europe,News,nyt://article/9c1ab175-857f-5351-bee1-ad6f9a752b89,https://www.nytimes.com/2021/04/20/world/europe/-ukraine-russia-putin-invasion.html,1393,By Anton Troianovski,‘A Threat From the Russian State’: Ukrainians Alarmed as Troops Mass on Their Doorstep,,Ukraine Casts Wary Eye on Overt Russian Troop Buildup,"Ukrainian soldiers north of Luhansk, in eastern Ukraine, on Friday. Moscow has used the pretext of a separatist conflict to pressure the country after its Westward-looking revolution.",Brendan Hoffman for The New York Times,https://static01.nyt.com/images/2021/04/19/world/19ukraine0/merlin_186594210_2312ea28-dc91-49ef-a865-180579116e52-articleLarge.jpg,400,600,https://static01.nyt.com/images/2021/04/19/world/19ukraine0/19ukraine0-thumbStandard-v2.jpg,75,75,‘A Threat From the Russian State’: Ukrainians Alarmed as Troops Mass on Their Doorstep,"‘A Threat From the Russian State’: Ukrainians Alarmed as Troops Mass on Their Doorstep Few analysts believe that Moscow intends to invade. But as Russia’s military buildup proceeds, the tension is rising in war-weary Eastern Ukraine. Few analysts believe that Moscow intends to invade. But as Russia’s military buildup proceeds, the tension is rising in war-weary Eastern Ukraine."
,article,nyt://article/67360b59-9b94-549f-b682-fd01f0f9c085,[],Foreign,,,2021-04-19 20:37:41+00:00,World,,The New York Times,,Live Blog Post,nyt://article/67360b59-9b94-549f-b682-fd01f0f9c085,https://www.nytimes.com/live/2021/04/19/world/covid-vaccine-coronavirus-cases/cuomo-faces-an-inquiry-over-use-of-state-resources-for-his-pandemic-book,192,By Jesse McKinley,Cuomo faces an inquiry over use of state resources for his pandemic book.,,,Gov. Andrew M. Cuomo at a news conference on Monday.,Pool photo by Shannon Stapleton,https://static01.nyt.com/images/2021/04/19/world/19virus-briefing-cuomo/merlin_186636888_8a1f7b70-716e-4a8c-b965-28d65c3e37b4-articleLarge.jpg,400,600,https://static01.nyt.com/images/2021/04/19/world/19virus-briefing-cuomo/merlin_186636888_8a1f7b70-716e-4a8c-b965-28d65c3e37b4-thumbStandard.jpg,75,75,Cuomo faces an inquiry over use of state resources for his pandemic book.,Cuomo faces an inquiry over use of state resources for his pandemic book.
The state’s Department of Labor alarmed some unemployment recipients on Friday afternoon when it told them they may have to repay an unspecified amount of their benefits.,article,nyt://article/b810bb76-0b35-54ad-a45e-f1c9ab2f9b21,[],Foreign,,,2021-04-19 16:19:10+00:00,World,The state’s Department of Labor alarmed some unemployment recipients on Friday afternoon when it told them they may have to repay an unspecified amount of their benefits.,The New York Times,,Live Blog Post,nyt://article/b810bb76-0b35-54ad-a45e-f1c9ab2f9b21,https://www.nytimes.com/live/2021/04/19/world/covid-vaccine-coronavirus-cases/some-in-new-york-got-too-much-unemployment-money-and-may-have-to-give-it-back-the-state-says,515,By Daniel E. Slotnik,"Some in New York got too much unemployment money and may have to give it back, the state says.",,,People marched over the Brooklyn Bridge in March to demand unemployment benefits for workers who had been excluded from eligibility.,Jose A. Alvarado Jr. for The New York Times,https://static01.nyt.com/images/2021/04/19/nyregion/19virus-briefing-ny-unemployment1/merlin_184624422_21ee81a2-d4c2-4edd-8772-1873ca973ac2-articleLarge.jpg,400,600,https://static01.nyt.com/images/2021/04/19/nyregion/19virus-briefing-ny-unemployment1/merlin_184624422_21ee81a2-d4c2-4edd-8772-1873ca973ac2-thumbStandard.jpg,75,75,"Some in New York got too much unemployment money and may have to give it back, the state says.","Some in New York got too much unemployment money and may have to give it back, the state says. The state’s Department of Labor alarmed some unemployment recipients on Friday afternoon when it told them they may have to repay an unspecified amount of their benefits. The state’s Department of Labor alarmed some unemployment recipients on Friday afternoon when it told them they may have to repay an unspecified amount of their benefits."
"“We need to get to the bottom of this,” Antony J. Blinken said of the origins of Covid-19.",article,nyt://article/d37522e7-8180-5a80-9bb2-f8599a083361,[],Washington,,,2021-04-11 16:21:44+00:00,World,"“We need to get to the bottom of this,” Antony J. Blinken said of the origins of Covid-19.",The New York Times,,News,nyt://article/d37522e7-8180-5a80-9bb2-f8599a083361,https://www.nytimes.com/2021/04/11/world/blinken-covid-investigation-china-origins.html,515,By Chris Cameron,U.S. secretary of state calls for more thorough investigation of Covid origins in China.,,,Secretary of State Antony J. Blinken at the State Department in Washington this month.,Pool photo by Alexander Drago,https://static01.nyt.com/images/2021/04/11/world/11virus-briefing-blinken-china1/merlin_186011442_c54a3db3-2f25-4e13-851b-0cf29db58d91-articleLarge.jpg,400,600,https://static01.nyt.com/images/2021/04/11/world/11virus-briefing-blinken-china1/11virus-briefing-blinken-china1-thumbStandard.jpg,75,75,U.S. secretary of state calls for more thorough investigation of Covid origins in China.,"U.S. secretary of state calls for more thorough investigation of Covid origins in China. “We need to get to the bottom of this,” Antony J. Blinken said of the origins of Covid-19. “We need to get to the bottom of this,” Antony J. Blinken said of the origins of Covid-19."
,article,nyt://article/51511931-c7ea-54f4-be71-4865494240e0,[],National,,,2021-04-10 15:08:09+00:00,World,,The New York Times,,Live Blog Post,nyt://article/51511931-c7ea-54f4-be71-4865494240e0,https://www.nytimes.com/live/2021/04/10/world/covid-vaccine-coronavirus-cases/michigans-governor-avoids-another-shutdown-despite-the-states-worst-in-nation-outbreak,257,By Julie Bosman and Mitch Smith,Michigan’s governor avoids another shutdown despite the state’s worst-in-nation outbreak.,,,"People dining outdoors at a restaurant in Birmingham, Mich., on Friday. Nine of the 10 hardest-hit metro areas in the country are currently in Michigan.",Emily Elconin for The New York Times,https://static01.nyt.com/images/2021/04/10/us/10virus-briefing-michigan/merlin_186193827_4a6b0909-f268-4259-a9f5-a32fe36de2e9-articleLarge.jpg,400,600,https://static01.nyt.com/images/2021/04/10/us/10virus-briefing-michigan/10virus-briefing-michigan-thumbStandard.jpg,75,75,Michigan’s governor avoids another shutdown despite the state’s worst-in-nation outbreak.,Michigan’s governor avoids another shutdown despite the state’s worst-in-nation outbreak.
Every state has now heeded President Biden’s call to begin opening vaccinations to all adults by April 19.,article,nyt://article/98189b7d-9416-5b68-bcab-ab6d08c30fe3,"[{'name': 'Subject', 'value': 'Coronavirus (2019-nCoV)', 'rank': 2}, {'name': 'Subject', 'value': 'Vaccination and Immunization', 'rank': 3}, {'name': 'Location', 'value': 'Hawaii', 'rank': 4}]",Foreign,,,2021-04-07 23:44:25+00:00,World,Every state has now heeded President Biden’s call to begin opening vaccinations to all adults by April 19.,The New York Times,,News,nyt://article/98189b7d-9416-5b68-bcab-ab6d08c30fe3,https://www.nytimes.com/2021/04/07/world/hawaii-covid-vaccine-eligibility.html,324,By Allyson Waller,Hawaii just became the 50th state to broaden vaccine eligibility.,,,A vaccination last month on the island of Kauai.,Caleb Jones/Associated Press,https://static01.nyt.com/images/2021/04/07/us/07virus-brief-hawaii/merlin_185186274_56741992-e692-4665-b373-32cea75d5697-articleLarge.jpg,400,600,https://static01.nyt.com/images/2021/04/07/us/07virus-brief-hawaii/07virus-brief-hawaii-thumbStandard.jpg,75,75,Hawaii just became the 50th state to broaden vaccine eligibility.,Hawaii just became the 50th state to broaden vaccine eligibility. Every state has now heeded President Biden’s call to begin opening vaccinations to all adults by April 19. Every state has now heeded President Biden’s call to begin opening vaccinations to all adults by April 19.
,article,nyt://article/023b4cd5-d3cf-553c-84a5-ff9ab9008d10,[],Foreign,,,2021-04-06 13:43:48+00:00,World,,The New York Times,,Live Blog Post,nyt://article/023b4cd5-d3cf-553c-84a5-ff9ab9008d10,https://www.nytimes.com/live/2021/04/06/world/covid-vaccine-coronavirus-cases/a-tiny-german-state-pilots-a-cautious-reopening,547,"By Christopher F. Schuetze, Abdi Latif Dahir and Yan Zhuang",A tiny German state pilots a cautious reopening.,Global Roundup,,"A gym in Saarbrücken, Germany, reopened on Tuesday to anyone with a negative coronavirus test in the previous 24 hours.","Oliver Dietze/DPA, via Associated Press",https://static01.nyt.com/images/2021/04/06/us/06virus-briefing-global-roundup/merlin_186033483_f9f3241c-096d-4540-aaf7-cc293de46b8c-articleLarge.jpg,399,600,https://static01.nyt.com/images/2021/04/06/us/06virus-briefing-global-roundup/06virus-briefing-global-roundup-thumbStandard.jpg,75,75,A tiny German state pilots a cautious reopening.,A tiny German state pilots a cautious reopening.
"Around 300 proposals to curb governors’ emergency powers have won approval or are awaiting action in state legislatures. Almost all were written by Republicans, but the targets are governors of both parties.",article,nyt://article/6b5dfe0c-7120-5eeb-ab83-68acc5bb7cf6,"[{'name': 'Subject', 'value': 'Politics and Government', 'rank': 2}, {'name': 'Subject', 'value': 'Coronavirus (2019-nCoV)', 'rank': 3}, {'name': 'Subject', 'value': 'Law and Legislation', 'rank': 4}, {'name': 'Subject', 'value': 'Governors (US)', 'rank': 5}, {'name': 'Subject', 'value': 'States (US)', 'rank': 6}, {'name': 'Subject', 'value': 'Shutdowns (Institutional)', 'rank': 7}]",National,,,2021-03-27 19:16:08+00:00,World,"Around 300 proposals to curb governors’ emergency powers have won approval or are awaiting action in state legislatures. Almost all were written by Republicans, but the targets are governors of both parties.",The New York Times,,News,nyt://article/6b5dfe0c-7120-5eeb-ab83-68acc5bb7cf6,https://www.nytimes.com/2021/03/26/world/covid-governors-emergency-powers.html,669,By Michael Wines,State lawmakers take aim at the emergency powers governors have relied on in the pandemic.,,,"Protesters gathered at the statehouse in Columbus, Ohio, last April. This week, legislators overrode Gov. Mike DeWine’s veto on a bill limiting his powers to make emergency declarations and barring cities and counties from issuing their own rules.",Gene J. Puskar/Associated Press,https://static01.nyt.com/images/2021/03/26/world/26virus-briefing-governors-powers2/merlin_171768255_aca35f6d-a08f-4715-8e86-2a4f6366008a-articleLarge.jpg,400,600,https://static01.nyt.com/images/2021/03/26/world/26virus-briefing-governors-powers2/26virus-briefing-governors-powers2-thumbStandard-v2.jpg,75,75,State lawmakers take aim at the emergency powers governors have relied on in the pandemic.,"State lawmakers take aim at the emergency powers governors have relied on in the pandemic. Around 300 proposals to curb governors’ emergency powers have won approval or are awaiting action in state legislatures. Almost all were written by Republicans, but the targets are governors of both parties. Around 300 proposals to curb governors’ emergency powers have won approval or are awaiting action in state legislatures. Almost all were written by Republicans, but the targets are governors of both parties."
An unusual truce between the government and the Taliban has kept the Islamic State out of one former stronghold. But there is a peace paradox: Unemployed fighters looking for work.,article,nyt://article/a2ac7f5a-8cf1-53bc-b552-d1e173b86b25,"[{'name': 'Location', 'value': 'Afghanistan', 'rank': 1}, {'name': 'Subject', 'value': 'Afghanistan War (2001- )', 'rank': 2}, {'name': 'Subject', 'value': 'Terrorism', 'rank': 3}, {'name': 'Subject', 'value': 'Hazaras (Ethnic Group)', 'rank': 4}, {'name': 'Organization', 'value': 'Afghan National Security Forces', 'rank': 5}, {'name': 'Organization', 'value': 'Islamic State in Iraq and Syria (ISIS)', 'rank': 6}, {'name': 'Organization', 'value': 'Taliban', 'rank': 7}, {'name': 'Location', 'value': 'Pech Valley (Afghanistan)', 'rank': 8}]",Foreign,13,A,2021-03-22 16:45:31+00:00,World,An unusual truce between the government and the Taliban has kept the Islamic State out of one former stronghold. But there is a peace paradox: Unemployed fighters looking for work.,The New York Times,Asia Pacific,News,nyt://article/a2ac7f5a-8cf1-53bc-b552-d1e173b86b25,https://www.nytimes.com/2021/03/22/world/asia/islamic-state-afghanistan.html,1329,By Thomas Gibbons-Neff and Zabihullah Ghazi,Foes in Afghan War See a Common Threat of Islamic State’s Return,,Foes in Afghan War See Islamic State as Common Threat,"“The Islamic State is just looking for a foothold,” said Wahid Talash, second from right, a resident in the Pech Valley. “The potential is always there.”",Jim Huylebroek for The New York Times,https://static01.nyt.com/images/2021/03/22/world/22afghan-isis-1/merlin_185155179_30393145-6e62-4687-b20c-22a38a4ecb1d-articleLarge.jpg,400,600,https://static01.nyt.com/images/2021/03/22/world/22afghan-isis-1/22afghan-isis-1-thumbStandard.jpg,75,75,Foes in Afghan War See a Common Threat of Islamic State’s Return,Foes in Afghan War See a Common Threat of Islamic State’s Return An unusual truce between the government and the Taliban has kept the Islamic State out of one former stronghold. But there is a peace paradox: Unemployed fighters looking for work. An unusual truce between the government and the Taliban has kept the Islamic State out of one former stronghold. But there is a peace paradox: Unemployed fighters looking for work.
A New Hampshire resident who teaches high school in Maine was denied shots by both states. She finally received her first shot at a health center in Maine.,article,nyt://article/81148cc4-77c8-5633-b2c2-3d57a3728c6e,"[{'name': 'Subject', 'value': 'Vaccination and Immunization', 'rank': 1}, {'name': 'Subject', 'value': 'Coronavirus (2019-nCoV)', 'rank': 2}, {'name': 'Subject', 'value': 'States (US)', 'rank': 3}]",Foreign,,,2021-03-21 15:11:43+00:00,World,A New Hampshire resident who teaches high school in Maine was denied shots by both states. She finally received her first shot at a health center in Maine.,The New York Times,,News,nyt://article/81148cc4-77c8-5633-b2c2-3d57a3728c6e,https://www.nytimes.com/2021/03/21/world/covid-vaccine-residency-requirements.html,334,By Will Wright,Live in one state and work in another? It can be tricky getting a vaccination.,,,"Pharmacy technicians filling syringes with vaccine in Portland, Maine, this month.",Robert F. Bukaty/Associated Press,https://static01.nyt.com/images/2021/04/15/world/15virus-briefing-maine-madness-sub/merlin_184472832_d6f5bee5-5b7b-468c-b2fc-fc9488d997bf-articleLarge.jpg,400,600,https://static01.nyt.com/images/2021/04/15/world/15virus-briefing-maine-madness-sub/15virus-briefing-maine-madness-sub-thumbStandard.jpg,75,75,Live in one state and work in another? It can be tricky getting a vaccination.,Live in one state and work in another? It can be tricky getting a vaccination. A New Hampshire resident who teaches high school in Maine was denied shots by both states. She finally received her first shot at a health center in Maine. A New Hampshire resident who teaches high school in Maine was denied shots by both states. She finally received her first shot at a health center in Maine.
,article,nyt://article/252853dc-534b-5013-b0d5-55aa98167833,[],Washington,,,2021-03-19 09:09:45+00:00,World,,The New York Times,,Live Blog Post,nyt://article/252853dc-534b-5013-b0d5-55aa98167833,https://www.nytimes.com/live/2021/03/19/world/covid-vaccine-coronavirus-cases/florida-is-the-latest-state-to-widen-eligibility-for-vaccinations,654,"By Eileen Sullivan, Jim Tankersley, Amy Schoenfeld Walker, Remy Tumin and Isabella Grullón Paz",Florida is the latest state to widen eligibility for vaccinations.,,,"Drivers, medical staff, and health department employees at a mass vaccination site in Louisville, Ky.",Jon Cherry for The New York Times,https://static01.nyt.com/images/2021/03/18/us/18virus-briefing-USvaccinepace-1/merlin_185118186_31ceba99-b07b-44c8-a3d6-8004658e73e5-articleLarge.jpg,399,600,https://static01.nyt.com/images/2021/03/18/us/18virus-briefing-USvaccinepace-1/merlin_185118186_31ceba99-b07b-44c8-a3d6-8004658e73e5-thumbStandard.jpg,75,75,Florida is the latest state to widen eligibility for vaccinations.,Florida is the latest state to widen eligibility for vaccinations.
,article,nyt://article/bac0df70-0e4d-5c09-95e0-e7f36d390a29,[],National,,,2021-03-14 22:19:25+00:00,World,,The New York Times,,Live Blog Post,nyt://article/bac0df70-0e4d-5c09-95e0-e7f36d390a29,https://www.nytimes.com/live/2021/03/14/world/covid-19-coronavirus/a-texas-noodle-shop-is-vandalized-after-its-owner-said-on-tv-that-lifting-the-states-mask-mandate-was-selfish,301,By James Dobbins,A Texas noodle shop is vandalized after its owner said on TV that lifting the state’s mask mandate was ‘selfish.’,,,Mike Nguyen looked at the anti-Asian graffiti defacing his restaurant in San Antonio on Sunday morning. Friends came later in the day to help him remove it.,Tyler Prince/214 Digital,https://static01.nyt.com/images/2021/03/14/multimedia/14virus-briefing-noodle-shop1/14virus-briefing-noodle-shop1-articleLarge.jpg,401,600,https://static01.nyt.com/images/2021/03/14/multimedia/14virus-briefing-noodle-shop1/14virus-briefing-noodle-shop1-thumbStandard.jpg,75,75,A Texas noodle shop is vandalized after its owner said on TV that lifting the state’s mask mandate was ‘selfish.’,A Texas noodle shop is vandalized after its owner said on TV that lifting the state’s mask mandate was ‘selfish.’
,article,nyt://article/39280936-fb16-5b19-bb64-8d1cff15b4ca,[],Foreign,,,2021-03-12 11:27:51+00:00,World,,The New York Times,,Live Blog Post,nyt://article/39280936-fb16-5b19-bb64-8d1cff15b4ca,https://www.nytimes.com/live/2021/03/12/world/covid-19-coronavirus/indias-cases-rise-with-an-outbreak-in-the-state-that-includes-mumbai,645,By Karan Deep Singh,India’s cases rise with an outbreak in the state that includes Mumbai.,Global roundup,,A vaccination center in Mumbai on Wednesday.,Rajanish Kakade/Associated Press,https://static01.nyt.com/images/2021/03/12/world/12virus-briefing-global-roundup/merlin_184922256_ced3f420-70d9-417b-9c21-7f6f3fb63a24-articleLarge.jpg,400,600,https://static01.nyt.com/images/2021/03/12/world/12virus-briefing-global-roundup/merlin_184922256_ced3f420-70d9-417b-9c21-7f6f3fb63a24-thumbStandard.jpg,75,75,India’s cases rise with an outbreak in the state that includes Mumbai.,India’s cases rise with an outbreak in the state that includes Mumbai.
Legislation that the Mexican president has pushed would curtail private investors in the energy industry and possibly reverse gains in lowering carbon emissions.,article,nyt://article/8c5c6171-9dbc-5bee-b494-08f4a1b7c686,"[{'name': 'Subject', 'value': 'Foreign Investments', 'rank': 1}, {'name': 'Subject', 'value': 'Alternative and Renewable Energy', 'rank': 2}, {'name': 'Subject', 'value': 'Greenhouse Gas Emissions', 'rank': 3}, {'name': 'Subject', 'value': 'Energy and Power', 'rank': 4}, {'name': 'Organization', 'value': 'National Action Party (Mexico)', 'rank': 5}, {'name': 'Person', 'value': 'Lopez Obrador, Andres Manuel', 'rank': 6}, {'name': 'Location', 'value': 'Mexico', 'rank': 7}, {'name': 'Subject', 'value': 'Law and Legislation', 'rank': 8}, {'name': 'Subject', 'value': 'Politics and Government', 'rank': 9}]",Foreign,12,A,2021-03-07 20:23:25+00:00,World,Legislation that the Mexican president has pushed would curtail private investors in the energy industry and possibly reverse gains in lowering carbon emissions.,The New York Times,Americas,News,nyt://article/8c5c6171-9dbc-5bee-b494-08f4a1b7c686,https://www.nytimes.com/2021/03/07/world/americas/mexico-energy-sector-privatization.html,1292,By Kirk Semple and Oscar Lopez,Mexico Set to Reshape Power Sector to Favor the State,,Mexico Set to Increase Clout Of State Electricity Company,"A wind turbine in La Ventosa, Mexico. New legislation could benefit state-run, fossil-fuel-driven plants that generate power at higher costs and produce greater carbon emissions.",Kirsten Luce for The New York Times,https://static01.nyt.com/images/2021/03/08/world/08mexico-energy-print1/08mexico-energy-print1-articleLarge-v3.jpg,400,600,https://static01.nyt.com/images/2021/03/08/world/08mexico-energy-print1/08mexico-energy-print1-thumbStandard-v3.jpg,75,75,Mexico Set to Reshape Power Sector to Favor the State,Mexico Set to Reshape Power Sector to Favor the State Legislation that the Mexican president has pushed would curtail private investors in the energy industry and possibly reverse gains in lowering carbon emissions. Legislation that the Mexican president has pushed would curtail private investors in the energy industry and possibly reverse gains in lowering carbon emissions.
,article,nyt://article/ae856e59-b84e-56fa-8044-5f67df2b0fe3,[],Foreign,,,2021-03-06 23:57:02+00:00,World,,The New York Times,,Live Blog Post,nyt://article/ae856e59-b84e-56fa-8044-5f67df2b0fe3,https://www.nytimes.com/live/2021/03/06/world/covid-19-coronavirus/parents-urged-children-to-burn-masks-at-a-demonstration-on-the-steps-of-the-idaho-state-capitol,306,By Anushka Patil,Parents urged children to burn masks at a demonstration on the steps of the Idaho State Capitol.,,,A child tossed a surgical mask into a fire during a protest at the Idaho Statehouse in Boise on Saturday.,Nathan Howard/Getty Images,https://static01.nyt.com/images/2021/03/06/multimedia/06virus-briefing-idaho-mask-burning1/06virus-briefing-idaho-mask-burning1-articleLarge.jpg,407,600,https://static01.nyt.com/images/2021/03/06/multimedia/06virus-briefing-idaho-mask-burning1/06virus-briefing-idaho-mask-burning1-thumbStandard.jpg,75,75,Parents urged children to burn masks at a demonstration on the steps of the Idaho State Capitol.,Parents urged children to burn masks at a demonstration on the steps of the Idaho State Capitol.
,article,nyt://article/17a12505-eb29-51d4-9c49-0339a7fb13cc,[],Foreign,,,2021-03-01 20:36:07+00:00,World,,The New York Times,,Live Blog Post,nyt://article/17a12505-eb29-51d4-9c49-0339a7fb13cc,https://www.nytimes.com/live/2021/03/01/world/covid-19-coronavirus/new-analysis-shows-that-state-revenue-in-us-did-not-take-the-hit-in-the-past-year-that-economists-expected,306,By Mary Williams Walsh and Karl Russell,New analysis shows that state revenue in U.S. did not take the hit in the past year that economists expected.,,,,,https://static01.nyt.com/images/2021/02/25/business/state-tax-revenue-map-1614295652582/state-tax-revenue-map-1614295652582-articleLarge-v3.png,399,600,https://static01.nyt.com/images/2021/02/25/business/state-tax-revenue-map-1614295652582/state-tax-revenue-map-1614295652582-thumbStandard-v3.png,75,75,New analysis shows that state revenue in U.S. did not take the hit in the past year that economists expected.,New analysis shows that state revenue in U.S. did not take the hit in the past year that economists expected.
,article,nyt://article/37d32f62-967c-5b48-b148-9afff089feb3,[],National,,,2021-02-28 19:32:08+00:00,World,,The New York Times,,Live Blog Post,nyt://article/37d32f62-967c-5b48-b148-9afff089feb3,https://www.nytimes.com/live/2021/02/28/world/covid-19-coronavirus/kentucky-vaccines,229,By Lucy Tompkins,Gov. Beshear of Kentucky says his state is leading in the rush to vaccinate teachers.,,,"Joanne Collins Brock teaching second graders remotely last April from her classroom at the St. Francis School in Goshen, Ky.",Andy Lyons/Getty Images,https://static01.nyt.com/images/2021/02/28/us/28virus-briefing-schools-ky/merlin_171611568_55158309-cdf9-4cb5-9935-082b04b39b61-articleLarge.jpg,400,600,https://static01.nyt.com/images/2021/02/28/us/28virus-briefing-schools-ky/28virus-briefing-schools-ky-thumbStandard.jpg,75,75,Gov. Beshear of Kentucky says his state is leading in the rush to vaccinate teachers.,Gov. Beshear of Kentucky says his state is leading in the rush to vaccinate teachers.
,article,nyt://article/3fb099e9-3779-5651-bd1a-3a85d2888cb5,[],National,,,2021-02-27 00:16:36+00:00,World,,The New York Times,,Live Blog Post,nyt://article/3fb099e9-3779-5651-bd1a-3a85d2888cb5,https://www.nytimes.com/live/2021/02/26/world/covid-19-coronavirus/the-top-health-official-in-memphis-resigns-after-the-state-finds-2400-wasted-doses,253,By Nicholas Bogel-Burroughs,"The top health official in Memphis resigns after the state finds 2,400 wasted doses.",,,"Alisa Haushalter, the director of the Shelby County Health Department in Tennessee, in March. The county’s mayor said Ms. Haushalter had submitted her resignation on Friday.","Mark Weber/Daily Memphian, via Associated Press",https://static01.nyt.com/images/2021/02/26/world/26virus-briefing-tennessee-shelby-county-health-dept/merlin_170373162_cf3143c7-dac5-4e82-9fa0-7304b8f0cbe1-articleLarge.jpg,401,600,https://static01.nyt.com/images/2021/02/26/world/26virus-briefing-tennessee-shelby-county-health-dept/26virus-briefing-tennessee-shelby-county-health-dept-thumbStandard.jpg,75,75,"The top health official in Memphis resigns after the state finds 2,400 wasted doses.","The top health official in Memphis resigns after the state finds 2,400 wasted doses."
A bleak reminder that the recent progress the state has made against the pandemic may be fragile.,article,nyt://article/38b74c4f-002d-527e-9218-f997a07d5353,"[{'name': 'Location', 'value': 'California', 'rank': 2}, {'name': 'Subject', 'value': 'Deaths (Fatalities)', 'rank': 3}, {'name': 'Subject', 'value': 'Disease Rates', 'rank': 4}, {'name': 'Subject', 'value': 'Coronavirus (2019-nCoV)', 'rank': 5}]",National,,,2021-02-25 01:33:34+00:00,World,A bleak reminder that the recent progress the state has made against the pandemic may be fragile.,The New York Times,,News,nyt://article/38b74c4f-002d-527e-9218-f997a07d5353,https://www.nytimes.com/2021/02/24/world/california-50000-covid-deaths.html,525,By Jill Cowan,California has now lost more people to Covid-19 than any other state in the U.S.,,,"A Covid-19 victim being placed in a hearse in El Cajon, Calif., in January.",Mario Tama/Getty Images,https://static01.nyt.com/images/2021/02/24/world/24virus-briefing-50KCAdeaths/merlin_182396199_c0aef5b4-15d4-45ec-bc19-e099fc91215f-articleLarge.jpg,394,600,https://static01.nyt.com/images/2021/02/24/world/24virus-briefing-50KCAdeaths/24virus-briefing-50KCAdeaths-thumbStandard.jpg,75,75,California has now lost more people to Covid-19 than any other state in the U.S.,California has now lost more people to Covid-19 than any other state in the U.S. A bleak reminder that the recent progress the state has made against the pandemic may be fragile. A bleak reminder that the recent progress the state has made against the pandemic may be fragile.
,article,nyt://article/6d0fdfed-5b61-5e7e-82e5-551e7008b6d8,[],Foreign,,,2021-02-23 09:47:26+00:00,World,,The New York Times,,News,nyt://article/6d0fdfed-5b61-5e7e-82e5-551e7008b6d8,https://www.nytimes.com/2021/02/23/world/state-lawmakers-defy-governors-in-a-covid-era-battle-for-power.html,322,By Trip Gabriel,State lawmakers defy governors in a Covid-era battle for power.,,,"A Trump rally in Freeland, Mich., in September.",Doug Mills/The New York Times,https://static01.nyt.com/images/2021/02/23/world/23virus-briefing-rearguard/merlin_176830149_66c0659b-5bb2-4fa8-8f1d-8d353cbb14f0-articleLarge.jpg,400,600,https://static01.nyt.com/images/2021/02/23/world/23virus-briefing-rearguard/23virus-briefing-rearguard-thumbStandard.jpg,75,75,State lawmakers defy governors in a Covid-era battle for power.,State lawmakers defy governors in a Covid-era battle for power.
,article,nyt://article/fde01fec-149d-5d50-bda6-2da030f0f8c7,[],National,,,2021-02-13 18:19:14+00:00,World,,The New York Times,,Live Blog Post,nyt://article/fde01fec-149d-5d50-bda6-2da030f0f8c7,https://www.nytimes.com/live/2021/02/13/world/covid-19-coronavirus/montana-becomes-the-latest-state-to-undo-its-mask-order,419,By Nicholas Bogel-Burroughs,Montana becomes the latest state to undo its mask order.,,,Gov. Greg Gianforte of Montana is one of several Republican governors to lift statewide mask mandates.,"Thom Bridge/Independent Record, via Associated Press",https://static01.nyt.com/images/2021/02/13/world/13virus-briefing-montana-1/merlin_183631425_ad4267c0-d0c9-4576-af8a-d1bd524d41a9-articleLarge.jpg,399,600,https://static01.nyt.com/images/2021/02/13/world/13virus-briefing-montana-1/13virus-briefing-montana-1-thumbStandard.jpg,75,75,Montana becomes the latest state to undo its mask order.,Montana becomes the latest state to undo its mask order.
,article,nyt://article/901cb553-051a-51e1-8c78-8deb759350cd,[],Graphics,,,2021-02-12 10:04:18+00:00,World,,The New York Times,,Live Blog Post,nyt://article/901cb553-051a-51e1-8c78-8deb759350cd,https://www.nytimes.com/live/2021/02/12/world/covid-19-coronavirus/the-us-vaccine-rollout-is-improving-in-every-state-but-still-hindered-by-supply,535,"By Lauren Leatherby, Amy Schoenfeld Walker and Jacey Fortin","The U.S. vaccine rollout is improving in every state, but still hindered by supply.",,,"Rosario Sabio, 77, receiving a coronavirus vaccine in San Diego last month.",Ariana Drehsler for The New York Times,https://static01.nyt.com/images/2021/01/28/us/politics/12virus-briefing-vaccine-distribution/merlin_182911761_6e4b1d3f-d7ae-41bb-aae1-754c29bbb8af-articleLarge.jpg,400,600,https://static01.nyt.com/images/2021/01/28/us/politics/12virus-briefing-vaccine-distribution/merlin_182911761_6e4b1d3f-d7ae-41bb-aae1-754c29bbb8af-thumbStandard.jpg,75,75,"The U.S. vaccine rollout is improving in every state, but still hindered by supply.","The U.S. vaccine rollout is improving in every state, but still hindered by supply."
,article,nyt://article/2ed554f4-0e19-5c34-a25d-8b6571232109,[],National,,,2021-02-09 21:25:04+00:00,World,,The New York Times,,Live Blog Post,nyt://article/2ed554f4-0e19-5c34-a25d-8b6571232109,https://www.nytimes.com/live/2021/02/09/world/covid-19-coronavirus/the-us-is-nearing-bidens-goal-of-1-5-million-vaccine-doses-a-day-but-state-leaders-warn-of-limited-supply,315,By Danielle Ivory and Mitch Smith,"The U.S. is nearing Biden’s goal of 1.5 million vaccine doses a day, but state leaders warn of limited supply.",,,"People waited to get their injections in a parking lot at Golden Gate Fields, a horse racing track, in Berkeley, Calif., last week.",Jim Wilson/The New York Times,https://static01.nyt.com/images/2021/02/09/us/09virus-briefing-vaccines1/merlin_183290199_1dd0c65a-fcf9-4f58-9417-97748b17547b-articleLarge.jpg,400,600,https://static01.nyt.com/images/2021/02/09/us/09virus-briefing-vaccines1/09virus-briefing-vaccines1-thumbStandard.jpg,75,75,"The U.S. is nearing Biden’s goal of 1.5 million vaccine doses a day, but state leaders warn of limited supply.","The U.S. is nearing Biden’s goal of 1.5 million vaccine doses a day, but state leaders warn of limited supply."
,article,nyt://article/ec6e636a-5620-53ba-87fc-d01afdd4baa5,[],National,,,2021-02-05 10:04:21+00:00,World,,The New York Times,,Live Blog Post,nyt://article/ec6e636a-5620-53ba-87fc-d01afdd4baa5,https://www.nytimes.com/live/2021/02/05/world/covid-19-coronavirus/seeking-shots-vaccine-hunters-cross-state-lines,468,"By Simon Romero, Amy Harmon, Lucy Tompkins, Giulia McDonnell Nieto del Rio and Remy Tumin","Seeking shots, ‘vaccine hunters’ cross state lines.",,,"Preparing a shot at a health center in Mound Bayou, Miss., on Saturday.",Rory Doyle for The New York Times,https://static01.nyt.com/images/2021/02/01/us/04virus-brief-statelines/04virus-brief-statelines-articleLarge-v3.jpg,400,600,https://static01.nyt.com/images/2021/02/01/us/04virus-brief-statelines/04virus-brief-statelines-thumbStandard-v2.jpg,75,75,"Seeking shots, ‘vaccine hunters’ cross state lines.","Seeking shots, ‘vaccine hunters’ cross state lines."
,article,nyt://article/c6289acd-42af-518f-9345-181dc51c2710,[],National,,,2021-02-03 22:43:03+00:00,World,,The New York Times,,News,nyt://article/c6289acd-42af-518f-9345-181dc51c2710,https://www.nytimes.com/2021/02/03/world/oregon-prison-inmates-vaccine.html,560,"By Maura Turcotte, Rachel Sherman and Derek M. Norman","In a first, a federal judge orders Oregon state prisons to vaccinate inmates.",,,"The Oregon State Penitentiary, in Salem, Ore., where some inmates have received Covid-19 vaccines.","Danielle Peterson/Statesman-Journal, via Associated Press",https://static01.nyt.com/images/2021/02/03/us/03virus-brief-oregon-prison/merlin_136665210_331d9119-c4e0-4955-b1c8-a403b4258a53-articleLarge.jpg,403,600,https://static01.nyt.com/images/2021/02/03/us/03virus-brief-oregon-prison/03virus-brief-oregon-prison-thumbStandard.jpg,75,75,"In a first, a federal judge orders Oregon state prisons to vaccinate inmates.","In a first, a federal judge orders Oregon state prisons to vaccinate inmates."
,article,nyt://article/1d11ec1a-eefe-5864-9cae-47bf796b1335,[],Foreign,,,2021-02-01 19:11:23+00:00,World,,The New York Times,,News,nyt://article/1d11ec1a-eefe-5864-9cae-47bf796b1335,https://www.nytimes.com/2021/02/01/world/sidelined-by-cuomo-nine-top-new-york-state-health-officials-have-quit-in-recent-months.html,491,"By J. David Goodman, Joseph Goldstein and Jesse McKinley","Sidelined by Cuomo, nine top New York State health officials have quit in recent months.",,,Gov. Andrew M. Cuomo of New York has said that he believed he had no choice but to seize more control over pandemic policy from state and local public health officials.,Pool photo by Mary Altaffer,https://static01.nyt.com/images/2021/02/01/world/01virus-briefing-cuomo/01virus-briefing-cuomo-articleLarge.jpg,400,600,https://static01.nyt.com/images/2021/02/01/world/01virus-briefing-cuomo/01virus-briefing-cuomo-thumbStandard.jpg,75,75,"Sidelined by Cuomo, nine top New York State health officials have quit in recent months.","Sidelined by Cuomo, nine top New York State health officials have quit in recent months."
,article,nyt://article/fcfb74fb-da53-5c76-835f-03127fc3f229,[],Foreign,,,2021-01-27 17:38:18+00:00,World,,The New York Times,,Live Blog Post,nyt://article/fcfb74fb-da53-5c76-835f-03127fc3f229,https://www.nytimes.com/live/2021/01/27/world/covid-19-coronavirus/cuomo-says-state-officials-are-looking-at-bringing-back-nyc-indoor-dining-soon-at-25-percent-capacity,569,By Troy Closson,Cuomo says state officials are looking at bringing back N.Y.C. indoor dining soon at 25 percent capacity.,,,"Gov. Andrew M. Cuomo of New York said officials are looking into bringing back indoor dining with limited capacity at restaurants, like Bogota Latin Bistro in Park Slope in Brooklyn.",Ryan Christopher Jones for The New York Times,https://static01.nyt.com/images/2021/01/27/world/27virus-briefing-virus-2/merlin_181167726_06b435b7-fde1-48fc-acd9-74a27c5a3d37-articleLarge.jpg,400,600,https://static01.nyt.com/images/2021/01/27/world/27virus-briefing-virus-2/27virus-briefing-virus-2-thumbStandard.jpg,75,75,Cuomo says state officials are looking at bringing back N.Y.C. indoor dining soon at 25 percent capacity.,Cuomo says state officials are looking at bringing back N.Y.C. indoor dining soon at 25 percent capacity.
"In a first, six nongovernmental organizations are taking legal steps to force an overhaul of the country’s policing.",article,nyt://article/db8bf131-3d2c-5f82-a60b-dc3b7fea1af0,"[{'name': 'Subject', 'value': 'Police Brutality, Misconduct and Shootings', 'rank': 1}, {'name': 'Location', 'value': 'France', 'rank': 2}, {'name': 'Subject', 'value': 'Racial Profiling', 'rank': 3}, {'name': 'Subject', 'value': 'Discrimination', 'rank': 4}, {'name': 'Subject', 'value': 'Race and Ethnicity', 'rank': 5}, {'name': 'Subject', 'value': 'Police', 'rank': 6}, {'name': 'Organization', 'value': 'Amnesty International', 'rank': 7}, {'name': 'Organization', 'value': 'Human Rights Watch', 'rank': 8}]",Foreign,8,A,2021-01-27 06:00:08+00:00,World,"In a first, six nongovernmental organizations are taking legal steps to force an overhaul of the country’s policing.",The New York Times,Europe,News,nyt://article/db8bf131-3d2c-5f82-a60b-dc3b7fea1af0,https://www.nytimes.com/2021/01/27/world/europe/france-police-racism.html,832,By Constant Méheut,Groups Put French State on Legal Notice Over Police Racism,,"In a First, 6 Rights Groups Challenge France’s State Police Over Systematic Racism",Police officers walking alongside protesters during a demonstration against a proposed security law in Paris this month.,Lewis Joly/Associated Press,https://static01.nyt.com/images/2021/01/26/world/26France-police1/merlin_182407890_e6e45ef5-891c-4d59-baba-05d71c9d6f11-articleLarge.jpg,404,600,https://static01.nyt.com/images/2021/01/26/world/26France-police1/26France-police1-thumbStandard.jpg,75,75,Groups Put French State on Legal Notice Over Police Racism,"Groups Put French State on Legal Notice Over Police Racism In a first, six nongovernmental organizations are taking legal steps to force an overhaul of the country’s policing. In a first, six nongovernmental organizations are taking legal steps to force an overhaul of the country’s policing."
,article,nyt://article/ab2ee5cf-4b60-59bf-8192-c428238eb6a3,[],Foreign,,,2021-01-26 10:24:16+00:00,World,,The New York Times,,News,nyt://article/ab2ee5cf-4b60-59bf-8192-c428238eb6a3,https://www.nytimes.com/2021/01/26/world/the-state-department-is-warning-americans-that-help-will-be-limited-if-they-go-abroad-for-nonessential-reasons.html,627,By Tariro Mzezewa and Ceylan Yeginsu,The State Department is warning Americans that help will be limited if they go abroad for nonessential reasons.,,,"A testing center at Pueblo Bonito Sunset Beach Golf &amp; Spa Resort in Los Cabos, Mexico.",Pueblo Bonito Sunset Beach,https://static01.nyt.com/images/2021/01/25/travel/26virus-briefing-testing-travel-promo/26virus-briefing-testing-travel-promo-articleLarge-v2.jpg,400,600,https://static01.nyt.com/images/2021/01/25/travel/26virus-briefing-testing-travel-promo/26virus-briefing-testing-travel-promo-thumbStandard-v2.jpg,75,75,The State Department is warning Americans that help will be limited if they go abroad for nonessential reasons.,The State Department is warning Americans that help will be limited if they go abroad for nonessential reasons.
,article,nyt://article/66a1acc8-6ff2-5c22-9291-41eaa45b960c,[],Foreign,,,2021-01-22 20:04:51+00:00,World,,The New York Times,,News,nyt://article/66a1acc8-6ff2-5c22-9291-41eaa45b960c,https://www.nytimes.com/2021/01/22/world/new-york-runs-out-of-vaccine-doses.html,717,By Juliana Kim and Rebecca Halleck,"New York State is temporarily running out of vaccine doses, Cuomo says.",,,A screener checks in patients at a Covid-19 vaccination site in Jones Beach last week. Vaccine manufacturers are having difficulty meeting demand.,Mary Altaffer/Associated Press,https://static01.nyt.com/images/2021/01/22/us/22virus-briefing-nyvaccine2/merlin_182330880_ab6e0048-81a7-4b4e-8599-dd6414eae7f6-articleLarge.jpg,400,600,https://static01.nyt.com/images/2021/01/22/us/22virus-briefing-nyvaccine2/22virus-briefing-nyvaccine2-thumbStandard.jpg,75,75,"New York State is temporarily running out of vaccine doses, Cuomo says.","New York State is temporarily running out of vaccine doses, Cuomo says."
,article,nyt://article/a7cc868f-7621-575f-ac24-8819c06ccc70,[],Foreign,,,2021-01-19 23:10:44+00:00,World,,The New York Times,,Live Blog Post,nyt://article/a7cc868f-7621-575f-ac24-8819c06ccc70,https://www.nytimes.com/live/2021/01/19/world/covid-19-coronavirus/a-new-california-variant-may-be-driving-the-virus-surge-in-the-state-a-study-suggests,536,By Carl Zimmer,"A new California variant may be driving the virus surge in the state, a study suggests.",,,A Covid-19 testing site in Los Angeles earlier this month.,Alex Welsh for The New York Times,https://static01.nyt.com/images/2021/01/19/world/19virus-briefing-california-variant/merlin_182224137_6ab31ff4-e580-4e84-8f7b-1096e065b049-articleLarge.jpg,400,600,https://static01.nyt.com/images/2021/01/19/world/19virus-briefing-california-variant/19virus-briefing-california-variant-thumbStandard.jpg,75,75,"A new California variant may be driving the virus surge in the state, a study suggests.","A new California variant may be driving the virus surge in the state, a study suggests."
,article,nyt://article/64065a22-a87c-5d2c-9477-1fbc98e23d31,[],Foreign,,,2021-01-19 20:23:41+00:00,World,,The New York Times,,Live Blog Post,nyt://article/64065a22-a87c-5d2c-9477-1fbc98e23d31,https://www.nytimes.com/live/2021/01/19/world/covid-19-coronavirus/demanding-federal-relief-cuomo-warns-that-new-york-state-is-facing-a-possible-15-billion-deficit,555,"By Luis Ferré-Sadurní, Jesse McKinley and Christina Goldbaum","Demanding federal relief, Cuomo warns that New York State is facing a possible $15 billion deficit.",,,"Gov. Andrew M. Cuomo of New York, unveiling a budget proposal, said the state was facing a $15 billion shortfall.",Pool photo by Hans Pennink,https://static01.nyt.com/images/2021/01/20/multimedia/20nybudget-print/19virus-briefing-nybudget1-articleLarge-v2.jpg,400,600,https://static01.nyt.com/images/2021/01/20/multimedia/20nybudget-print/19virus-briefing-nybudget1-thumbStandard-v2.jpg,75,75,"Demanding federal relief, Cuomo warns that New York State is facing a possible $15 billion deficit.","Demanding federal relief, Cuomo warns that New York State is facing a possible $15 billion deficit."
,article,nyt://article/28996696-5ed8-584c-858a-1eb78335ef61,[],Foreign,,,2021-01-19 04:23:39+00:00,World,,The New York Times,,Live Blog Post,nyt://article/28996696-5ed8-584c-858a-1eb78335ef61,https://www.nytimes.com/live/2021/01/18/world/covid-19-coronavirus/ny-nursing-homes-vaccine,396,By Bryan Pietsch and Jesse McKinley,Many nursing home workers in New York State have declined to be vaccinated.,,,A CVS pharmacist preparing a Covid-19 vaccination for residents of a nursing home in Harlem on Friday. Nearly a third of nursing home workers in New York State have declined to be vaccinated.,Yuki Iwamura/Associated Press,https://static01.nyt.com/images/2021/01/18/world/18virus-briefing-ny-nursing-home-vaccines/18virus-briefing-ny-nursing-home-vaccines-articleLarge.jpg,400,600,https://static01.nyt.com/images/2021/01/18/world/18virus-briefing-ny-nursing-home-vaccines/18virus-briefing-ny-nursing-home-vaccines-thumbStandard.jpg,75,75,Many nursing home workers in New York State have declined to be vaccinated.,Many nursing home workers in New York State have declined to be vaccinated.
,article,nyt://article/607234e7-85aa-543b-aa3f-a45ddd713c61,[],Foreign,,,2021-01-13 11:48:35+00:00,World,,The New York Times,,Live Blog Post,nyt://article/607234e7-85aa-543b-aa3f-a45ddd713c61,https://www.nytimes.com/live/2021/01/13/world/covid19-coronavirus/the-state-of-the-pandemic-in-america,517,,The state of the pandemic in America.,,,Medical tents outside a hospital in Los Angeles on Monday.,Alex Welsh for The New York Times,https://static01.nyt.com/images/2021/01/11/us/13virus-briefing-david-leonhardt/merlin_182229834_411a2e2b-6ffe-48b1-9ff3-7cc7f4a9cb84-articleLarge.jpg,400,600,https://static01.nyt.com/images/2021/01/11/us/13virus-briefing-david-leonhardt/live-blog-20210111-covid-19-coronavirus-header2Edit-Asset4-thumbStandard.jpg,75,75,The state of the pandemic in America.,The state of the pandemic in America.
