abstract,document_type,_id,keywords,news_desk,print_page,print_section,pub_date,section_name,snippet,source,subsection_name,type_of_material,uri,web_url,word_count,byline.original,headline.main,headline.kicker,headline.print_headline,multimedia.caption,multimedia.credit,multimedia.default.url,multimedia.default.height,multimedia.default.width,multimedia.thumbnail.url,multimedia.thumbnail.height,multimedia.thumbnail.width,headline,text
,article,nyt://article/83dcca38-a7a4-5689-a8d6-0d4826e8ce54,[],Foreign,,,2022-12-21 23:56:56+00:00,World,,The New York Times,Europe,Live Blog Post,nyt://article/83dcca38-a7a4-5689-a8d6-0d4826e8ce54,https://www.nytimes.com/live/2022/12/21/world/volodymyr-zelensky-russia-ukraine-news/biden-officials-are-talking-to-congress-about-declaring-russia-an-aggressor-state,330,By Michael Crowley,Biden officials are talking to Congress about declaring Russia an ‘aggressor state.’,,,"The village of Kamyanka in the Kharkiv region on Wednesday, which was occupied by the Russian military from March until September.",Tyler Hicks/The New York Times,https://static01.nyt.com/images/2022/12/21/multimedia/21ukraine-briefing-aggressor-state-1-446e/21ukraine-briefing-aggressor-state-1-446e-articleLarge.jpg,400,600,https://static01.nyt.com/images/2022/12/21/multimedia/21ukraine-briefing-aggressor-state-1-446e/21ukraine-briefing-aggressor-state-1-446e-thumbStandard-v2.jpg,75,75,Biden officials are talking to Congress about declaring Russia an ‘aggressor state.’,Biden officials are talking to Congress about declaring Russia an ‘aggressor state.’
,article,nyt://article/bec26897-fced-5924-8b80-6b0610f78345,[],Foreign,,,2022-12-21 10:01:11+00:00,World,,The New York Times,Europe,Live Blog Post,nyt://article/bec26897-fced-5924-8b80-6b0610f78345,https://www.nytimes.com/live/2022/12/21/world/volodymyr-zelensky-russia-ukraine-news/russian-assaults-have-left-ukraines-energy-system-in-a-precarious-state-the-prime-minister-says,291,By Marc Santora,"Russian assaults have left Ukraine’s energy system in a precarious state, the prime minister says.",,,"During a power outage in Kyiv, Ukraine, on Saturday.",Laura Boushnak for The New York Times,https://static01.nyt.com/images/2022/12/21/multimedia/21ukraine-briefing-electricity-1-a913/21ukraine-briefing-electricity-1-a913-articleLarge.jpg,450,600,https://static01.nyt.com/images/2022/12/21/multimedia/21ukraine-briefing-electricity-1-a913/21ukraine-briefing-electricity-1-a913-thumbStandard.jpg,75,75,"Russian assaults have left Ukraine’s energy system in a precarious state, the prime minister says.","Russian assaults have left Ukraine’s energy system in a precarious state, the prime minister says."
"The measure suspended some civil rights, including the freedom of assembly, and deepens a crisis set off when the elected president was impeached by Congress last week.",article,nyt://article/f2f5ae54-969f-5940-8f4b-a4edb36c2593,"[{'name': 'Location', 'value': 'Peru', 'rank': 1}, {'name': 'Subject', 'value': 'Politics and Government', 'rank': 2}, {'name': 'Person', 'value': 'Castillo, Pedro (1969- )', 'rank': 3}, {'name': 'Person', 'value': 'Boluarte, Dina', 'rank': 4}, {'name': 'Subject', 'value': 'Demonstrations, Protests and Riots', 'rank': 5}, {'name': 'Location', 'value': 'Lima (Peru)', 'rank': 6}]",Foreign,6,A,2022-12-14 19:52:11+00:00,World,"The measure suspended some civil rights, including the freedom of assembly, and deepens a crisis set off when the elected president was impeached by Congress last week.",The New York Times,Americas,News,nyt://article/f2f5ae54-969f-5940-8f4b-a4edb36c2593,https://www.nytimes.com/2022/12/14/world/americas/peru-state-of-emergency-protests.html,1023,By Mitra Taj and Julie Turkewitz,"Amid Deadly Protests, Peru Declares a National State of Emergency",,"Amid Fatal Protests, Peru  Calls State of Emergency","Members of Indigenous communities and farmers during a protest in Cuzco, Peru, against the removal of former President Pedro Castillo.",Paul Gambin/Reuters,https://static01.nyt.com/images/2022/12/14/multimedia/14peru-unrest-1/14peru-1-0848-articleLarge.jpg,406,600,https://static01.nyt.com/images/2022/12/14/multimedia/14peru-unrest-1/14peru-1-0848-thumbStandard.jpg,75,75,"Amid Deadly Protests, Peru Declares a National State of Emergency","Amid Deadly Protests, Peru Declares a National State of Emergency The measure suspended some civil rights, including the freedom of assembly, and deepens a crisis set off when the elected president was impeached by Congress last week. The measure suspended some civil rights, including the freedom of assembly, and deepens a crisis set off when the elected president was impeached by Congress last week."
"The images, verified by The New York Times, show Ms. Griner being traded for the arms dealer Viktor Bout on the tarmac at Al Bateen Executive Airport in Abu Dhabi.",article,nyt://article/624e3151-b66c-5fcc-aed5-d047e7b805bc,"[{'name': 'Subject', 'value': 'Video Recordings, Downloads and Streaming', 'rank': 1}, {'name': 'Person', 'value': 'Griner, Brittney', 'rank': 2}, {'name': 'Person', 'value': 'Bout, Viktor', 'rank': 3}, {'name': 'Organization', 'value': ""Women's National Basketball Assn"", 'rank': 4}, {'name': 'Location', 'value': 'Russia', 'rank': 5}, {'name': 'Subject', 'value': 'Prisons and Prisoners', 'rank': 6}, {'name': 'Subject', 'value': 'Drug Abuse and Traffic', 'rank': 7}, {'name': 'Subject', 'value': 'Russian Invasion of Ukraine (2022)', 'rank': 8}, {'name': 'Subject', 'value': 'International Relations', 'rank': 9}, {'name': 'Subject', 'value': 'Political Prisoners', 'rank': 10}, {'name': 'Subject', 'value': 'United States International Relations', 'rank': 11}, {'name': 'Location', 'value': 'United Arab Emirates', 'rank': 12}]",Foreign,,,2022-12-08 21:27:26+00:00,World,"The images, verified by The New York Times, show Ms. Griner being traded for the arms dealer Viktor Bout on the tarmac at Al Bateen Executive Airport in Abu Dhabi.",The New York Times,Europe,News,nyt://article/624e3151-b66c-5fcc-aed5-d047e7b805bc,https://www.nytimes.com/2022/12/08/world/europe/brittney-griner-viktor-bout-video.html,310,By Yonette Joseph and Kaly Soto,Russian state media releases video footage of the Brittney Griner prisoner swap.,,,,Russian State Media,https://static01.nyt.com/images/2022/12/08/autossell/Griner-prisoner-swap-1/Griner-prisoner-swap-articleLarge.jpg,338,600,https://static01.nyt.com/images/2022/12/08/autossell/Griner-prisoner-swap-1/Griner-prisoner-swap-thumbStandard.jpg,75,75,Russian state media releases video footage of the Brittney Griner prisoner swap.,"Russian state media releases video footage of the Brittney Griner prisoner swap. The images, verified by The New York Times, show Ms. Griner being traded for the arms dealer Viktor Bout on the tarmac at Al Bateen Executive Airport in Abu Dhabi. The images, verified by The New York Times, show Ms. Griner being traded for the arms dealer Viktor Bout on the tarmac at Al Bateen Executive Airport in Abu Dhabi."
The threat of U.S. sanctions jeopardized completion of a second direct gas pipeline from Russia. So Gazprom and German officials concocted a phony climate foundation to get the job done.,article,nyt://article/b146c1c5-72d2-5116-aec1-3e098d520582,"[{'name': 'Subject', 'value': 'Pipelines', 'rank': 1}, {'name': 'Location', 'value': 'Russia', 'rank': 2}, {'name': 'Location', 'value': 'Germany', 'rank': 3}, {'name': 'Organization', 'value': 'Gazprom', 'rank': 4}, {'name': 'Organization', 'value': 'Nord Stream AG', 'rank': 5}, {'name': 'Subject', 'value': 'Natural Gas', 'rank': 6}, {'name': 'Subject', 'value': 'International Relations', 'rank': 7}, {'name': 'Subject', 'value': 'Politics and Government', 'rank': 8}, {'name': 'Subject', 'value': 'Embargoes and Sanctions', 'rank': 9}, {'name': 'Subject', 'value': 'United States International Relations', 'rank': 10}, {'name': 'Subject', 'value': 'Ships and Shipping', 'rank': 11}, {'name': 'Subject', 'value': 'Russian Invasion of Ukraine (2022)', 'rank': 12}, {'name': 'Person', 'value': 'Merkel, Angela', 'rank': 13}, {'name': 'Person', 'value': 'Putin, Vladimir V', 'rank': 14}, {'name': 'Person', 'value': 'Scholz, Olaf (1958- )', 'rank': 15}, {'name': 'Person', 'value': 'Schroder, Gerhard', 'rank': 16}, {'name': 'Location', 'value': 'Europe', 'rank': 17}, {'name': 'Location', 'value': 'Lubmin (Germany)', 'rank': 18}, {'name': 'Location', 'value': 'Rostock (Germany)', 'rank': 19}, {'name': 'Location', 'value': 'Sassnitz (Germany)', 'rank': 20}, {'name': 'Location', 'value': 'Ukraine', 'rank': 21}, {'name': 'Location', 'value': 'Mecklenburg-West Pomerania (Germany)', 'rank': 22}]",Foreign,4,A,2022-12-02 10:00:43+00:00,World,The threat of U.S. sanctions jeopardized completion of a second direct gas pipeline from Russia. So Gazprom and German officials concocted a phony climate foundation to get the job done.,The New York Times,Europe,News,nyt://article/b146c1c5-72d2-5116-aec1-3e098d520582,https://www.nytimes.com/2022/12/02/world/europe/germany-russia-nord-stream-pipeline.html,1800,By Katrin Bennhold and Erika Solomon,Shadowy Arm of a German State Helped Russia Finish Nord Stream 2,,How a Shadowy Arm of a German State Financed a Russian Pipeline,"Pipes from Nord Stream 2 work in Sassnitz, Germany. Russia invaded Ukraine weeks after the pipeline was finished.",Laetitia Vancon for The New York Times,https://static01.nyt.com/images/2022/11/29/multimedia/00germany-fake-foundation-1-68f3/00germany-fake-foundation-1-68f3-articleLarge.jpg,400,600,https://static01.nyt.com/images/2022/11/29/multimedia/00germany-fake-foundation-1-68f3/00germany-fake-foundation-1-68f3-thumbStandard.jpg,75,75,Shadowy Arm of a German State Helped Russia Finish Nord Stream 2,Shadowy Arm of a German State Helped Russia Finish Nord Stream 2 The threat of U.S. sanctions jeopardized completion of a second direct gas pipeline from Russia. So Gazprom and German officials concocted a phony climate foundation to get the job done. The threat of U.S. sanctions jeopardized completion of a second direct gas pipeline from Russia. So Gazprom and German officials concocted a phony climate foundation to get the job done.
The group has been reduced from the world’s most fearsome terrorist organization to a low-level insurgency operating in limited parts of countries torn by conflict.,article,nyt://article/cc441901-0d01-5f2e-a7cd-e80fcac58208,"[{'name': 'Subject', 'value': 'Terrorism', 'rank': 1}, {'name': 'Subject', 'value': 'Muslims and Islam', 'rank': 2}, {'name': 'Organization', 'value': 'Islamic State in Iraq and Syria (ISIS)', 'rank': 3}, {'name': 'Location', 'value': 'Syria', 'rank': 4}, {'name': 'Location', 'value': 'Iraq', 'rank': 5}]",Foreign,9,A,2022-11-30 21:26:22+00:00,World,The group has been reduced from the world’s most fearsome terrorist organization to a low-level insurgency operating in limited parts of countries torn by conflict.,The New York Times,Middle East,News,nyt://article/cc441901-0d01-5f2e-a7cd-e80fcac58208,https://www.nytimes.com/2022/11/30/world/middleeast/new-isis-leader.html,398,By Ben Hubbard,Islamic State Chief Is Dead and New One Is Picked. Both Are Unknown.,,Islamic State Says Its Chief Was Killed,"American soldiers and Syrian militia members in Dayrik, Syria, near the border with Iraq and Turkey, in September.","Ahmed Mardnli/EPA, via Shutterstock",https://static01.nyt.com/images/2022/11/30/multimedia/30isis-1-b7a5/30isis-1-b7a5-articleLarge.jpg,397,600,https://static01.nyt.com/images/2022/11/30/multimedia/30isis-1-b7a5/30isis-1-b7a5-thumbStandard.jpg,75,75,Islamic State Chief Is Dead and New One Is Picked. Both Are Unknown.,Islamic State Chief Is Dead and New One Is Picked. Both Are Unknown. The group has been reduced from the world’s most fearsome terrorist organization to a low-level insurgency operating in limited parts of countries torn by conflict. The group has been reduced from the world’s most fearsome terrorist organization to a low-level insurgency operating in limited parts of countries torn by conflict.
"The French president goes to Washington with differences over how to end the war in Ukraine, and how to share its burdens, at the heart of talks with President Biden.",article,nyt://article/e0ffba8f-c0dc-56b1-9e63-3245656ebe53,"[{'name': 'Location', 'value': 'France', 'rank': 1}, {'name': 'Person', 'value': 'Macron, Emmanuel (1977- )', 'rank': 2}, {'name': 'Person', 'value': 'Biden, Joseph R Jr', 'rank': 3}, {'name': 'Subject', 'value': 'United States International Relations', 'rank': 4}, {'name': 'Subject', 'value': 'Politics and Government', 'rank': 5}, {'name': 'Subject', 'value': 'United States Economy', 'rank': 6}, {'name': 'Subject', 'value': 'United States Politics and Government', 'rank': 7}, {'name': 'Subject', 'value': 'Russian Invasion of Ukraine (2022)', 'rank': 8}, {'name': 'Subject', 'value': 'Economic Conditions and Trends', 'rank': 9}, {'name': 'Subject', 'value': 'Inflation Reduction Act of 2022', 'rank': 10}, {'name': 'Subject', 'value': 'Alternative and Renewable Energy', 'rank': 11}, {'name': 'Subject', 'value': 'International Trade and World Market', 'rank': 12}, {'name': 'Location', 'value': 'Russia', 'rank': 13}, {'name': 'Location', 'value': 'Ukraine', 'rank': 14}, {'name': 'Person', 'value': 'Putin, Vladimir V', 'rank': 15}]",Foreign,4,A,2022-11-29 17:26:53+00:00,World,"The French president goes to Washington with differences over how to end the war in Ukraine, and how to share its burdens, at the heart of talks with President Biden.",The New York Times,Europe,News,nyt://article/e0ffba8f-c0dc-56b1-9e63-3245656ebe53,https://www.nytimes.com/2022/11/29/world/europe/biden-macron-state-visit.html,1123,By Roger Cohen,"As Macron Pays State Visit to U.S., Ukraine Tests an Old Alliance",,Trouble in Europe Tests Old but Strained France-U.S. Bonds,"President Biden and President Emmanuel Macron of France in Rome, last year.",Erin Schaff/The New York Times,https://static01.nyt.com/images/2022/11/29/multimedia/29macron-biden-1-1-b78a/29marcon-biden-1-1-b78a-articleLarge.jpg,400,600,https://static01.nyt.com/images/2022/11/29/multimedia/29macron-biden-1-1-b78a/29marcon-biden-1-1-b78a-thumbStandard.jpg,75,75,"As Macron Pays State Visit to U.S., Ukraine Tests an Old Alliance","As Macron Pays State Visit to U.S., Ukraine Tests an Old Alliance The French president goes to Washington with differences over how to end the war in Ukraine, and how to share its burdens, at the heart of talks with President Biden. The French president goes to Washington with differences over how to end the war in Ukraine, and how to share its burdens, at the heart of talks with President Biden."
"Vladimir Makei served 10 years as the foreign minister of Belarus, a key geopolitical battleground between Russia and the West.",article,nyt://article/1021dacb-baea-5dfd-b33a-b903a4dbb110,"[{'name': 'Subject', 'value': 'Russian Invasion of Ukraine (2022)', 'rank': 1}, {'name': 'Location', 'value': 'Belarus', 'rank': 2}]",Foreign,,,2022-11-28 15:29:39+00:00,World,"Vladimir Makei served 10 years as the foreign minister of Belarus, a key geopolitical battleground between Russia and the West.",The New York Times,Europe,News,nyt://article/1021dacb-baea-5dfd-b33a-b903a4dbb110,https://www.nytimes.com/2022/11/28/world/europe/belarus-minister-makei-dead.html,658,By Anatoly Kurmanaev and Andrew Higgins,"Belarus’s architect of Western outreach dies suddenly, state media reports.",,,"Vladimir Makei in Minsk, Belarus, in February during a news conference.",Associated Press,https://static01.nyt.com/images/2022/11/28/world/28ukraine-briefing-belarus-foreign-minister/merlin_217387308_a074fab0-8a40-4a07-83c9-618a9451ba48-articleLarge.jpg,400,600,https://static01.nyt.com/images/2022/11/28/world/28ukraine-briefing-belarus-foreign-minister/28ukraine-briefing-belarus-foreign-minister-thumbStandard.jpg,75,75,"Belarus’s architect of Western outreach dies suddenly, state media reports.","Belarus’s architect of Western outreach dies suddenly, state media reports. Vladimir Makei served 10 years as the foreign minister of Belarus, a key geopolitical battleground between Russia and the West. Vladimir Makei served 10 years as the foreign minister of Belarus, a key geopolitical battleground between Russia and the West."
The European Union’s only directly elected institution called on the bloc to “further isolate Russia internationally.”,article,nyt://article/1c59be0b-c536-50f6-a6e8-c4e103723f5b,"[{'name': 'Location', 'value': 'Russia', 'rank': 1}, {'name': 'Subject', 'value': 'Russian Invasion of Ukraine (2022)', 'rank': 2}, {'name': 'Subject', 'value': 'Terrorism', 'rank': 3}, {'name': 'Organization', 'value': 'European Parliament', 'rank': 4}, {'name': 'Organization', 'value': 'European Union', 'rank': 5}]",Foreign,,,2022-11-23 14:58:53+00:00,World,The European Union’s only directly elected institution called on the bloc to “further isolate Russia internationally.”,The New York Times,Europe,News,nyt://article/1c59be0b-c536-50f6-a6e8-c4e103723f5b,https://www.nytimes.com/2022/11/23/world/europe/russia-terrorism-sponsor-european-parliament.html,304,By Matthew Mpoke Bigg,The European Parliament backs designating Russia as a state sponsor of terrorism.,,,"Civilians lined up for humanitarian aid in Kherson, Ukraine, last week. Millions have been displaced because of the war, while thousands are believed to have been killed.",Lynsey Addario for The New York Times,https://static01.nyt.com/images/2022/11/23/multimedia/23ukraine-briefing-europe-parliament-topart-1-d653/23ukraine-briefing-europe-parliament-topart-1-d653-articleLarge.jpg,400,600,https://static01.nyt.com/images/2022/11/23/multimedia/23ukraine-briefing-europe-parliament-topart-1-d653/23ukraine-briefing-europe-parliament-topart-1-d653-thumbStandard.jpg,75,75,The European Parliament backs designating Russia as a state sponsor of terrorism.,The European Parliament backs designating Russia as a state sponsor of terrorism. The European Union’s only directly elected institution called on the bloc to “further isolate Russia internationally.” The European Union’s only directly elected institution called on the bloc to “further isolate Russia internationally.”
,article,nyt://article/7602e357-8d4a-5691-b11d-baa07e42910d,[],Foreign,,,2022-11-18 14:30:36+00:00,World,,The New York Times,Europe,Live Blog Post,nyt://article/7602e357-8d4a-5691-b11d-baa07e42910d,https://www.nytimes.com/live/2022/11/18/world/russia-ukraine-war-news/how-ukraine-has-become-a-testing-ground-for-state-of-the-art-weapons-and-information-systems,191,By Lara Jakes,How Ukraine has become a testing ground for state-of-the-art weapons and information systems.,,,"Ukrainian soldiers operating a drone near Kherson, in southern Ukraine, in September.",Jim Huylebroek for The New York Times,https://static01.nyt.com/images/2022/10/08/world/15ukraine-briefing-weapons-VERSION-02/merlin_212739768_d1774e84-a9ea-4bc9-82b4-e9aaa5594ad6-articleLarge.jpg,400,600,https://static01.nyt.com/images/2022/10/08/world/15ukraine-briefing-weapons-VERSION-02/merlin_212739768_d1774e84-a9ea-4bc9-82b4-e9aaa5594ad6-thumbStandard.jpg,75,75,How Ukraine has become a testing ground for state-of-the-art weapons and information systems.,How Ukraine has become a testing ground for state-of-the-art weapons and information systems.
,article,nyt://article/3f868a0d-0c3d-5253-a678-b59f85b86eb1,[],Foreign,,,2022-11-11 19:04:57+00:00,World,,The New York Times,Europe,Live Blog Post,nyt://article/3f868a0d-0c3d-5253-a678-b59f85b86eb1,https://www.nytimes.com/live/2022/11/12/world/russia-ukraine-war-news/russian-media-all-state-controlled-offers-only-muted-coverage-of-the-retreat-from-kherson,505,By Neil MacFarquhar,"Russia’s news media, all state-controlled, offers only muted coverage of the retreat from Kherson.",,,"Roman Kostenko, a Ukrainian colonel and lawmaker, checked for mines as he and his detail made their way into the village of Snihurivka along the Kherson front in southern Ukraine on Thursday.",Lynsey Addario for The New York Times,https://static01.nyt.com/images/2022/11/11/multimedia/11ukraine-briefing-russia-reaction-1-bff8/11ukraine-briefing-russia-reaction-1-bff8-articleLarge.jpg,400,600,https://static01.nyt.com/images/2022/11/11/multimedia/11ukraine-briefing-russia-reaction-1-bff8/11ukraine-briefing-russia-reaction-1-bff8-thumbStandard.jpg,75,75,"Russia’s news media, all state-controlled, offers only muted coverage of the retreat from Kherson.","Russia’s news media, all state-controlled, offers only muted coverage of the retreat from Kherson."
,article,nyt://article/871623a2-e700-5a36-a40d-04d0c496fa66,[],Foreign,,,2022-11-07 19:45:13+00:00,World,,The New York Times,Europe,Live Blog Post,nyt://article/871623a2-e700-5a36-a40d-04d0c496fa66,https://www.nytimes.com/live/2022/11/07/world/ukraine-war-news-russia-updates/a-polarizing-influencer-and-sometime-kremlin-critic-has-returned-to-russia-state-media-says,319,By Anatoly Kurmanaev,"A polarizing influencer and sometime Kremlin critic has returned to Russia, state media says.",,,"The Russian social media influencer, Ksenia Sobchak, in Moscow, in 2018.",Pavel Golovkin/Associated Press,https://static01.nyt.com/images/2022/11/07/world/07ukraine-briefing-sobchak-russia/merlin_139088490_3bd29704-0229-4321-8683-d5ba9429eaa9-articleLarge.jpg,400,600,https://static01.nyt.com/images/2022/11/07/world/07ukraine-briefing-sobchak-russia/07ukraine-briefing-sobchak-russia-thumbStandard.jpg,75,75,"A polarizing influencer and sometime Kremlin critic has returned to Russia, state media says.","A polarizing influencer and sometime Kremlin critic has returned to Russia, state media says."
Col. Gen. Alexander Lapin had been publicly bashed by a close ally of President Vladimir V. Putin over his performance in Ukraine.,article,nyt://article/46d96c79-4ba4-50d8-891d-043a222f5318,"[{'name': 'Subject', 'value': 'Russian Invasion of Ukraine (2022)', 'rank': 1}, {'name': 'Location', 'value': 'Russia', 'rank': 2}]",Foreign,,,2022-11-06 17:30:04+00:00,World,Col. Gen. Alexander Lapin had been publicly bashed by a close ally of President Vladimir V. Putin over his performance in Ukraine.,The New York Times,Europe,News,nyt://article/46d96c79-4ba4-50d8-891d-043a222f5318,https://www.nytimes.com/2022/11/06/world/europe/russian-general-putin-war.html,391,By Cassandra Vinograd and Oleg Matsnev,Russian state media confirms that a top general is no longer in his post.,,,Colonel General Alexander Lapin in 2021.,"Maksim Bogodvid/Sputnik, via Associated Press",https://static01.nyt.com/images/2022/11/06/world/06ukraine-briefing-lapin/06ukraine-briefing-lapin-articleLarge.jpg,400,600,https://static01.nyt.com/images/2022/11/06/world/06ukraine-briefing-lapin/06ukraine-briefing-lapin-thumbStandard.jpg,75,75,Russian state media confirms that a top general is no longer in his post.,Russian state media confirms that a top general is no longer in his post. Col. Gen. Alexander Lapin had been publicly bashed by a close ally of President Vladimir V. Putin over his performance in Ukraine. Col. Gen. Alexander Lapin had been publicly bashed by a close ally of President Vladimir V. Putin over his performance in Ukraine.
,article,nyt://article/1ad9f4a1-3bfc-54b3-bf9a-964e8cbc4466,[],Washington,,,2022-10-24 22:10:54+00:00,World,,The New York Times,Europe,Live Blog Post,nyt://article/1ad9f4a1-3bfc-54b3-bf9a-964e8cbc4466,https://www.nytimes.com/live/2022/10/24/world/-russia-ukraine-war-news/dirty-bomb-russia,499,"By David E. Sanger, Eric Schmitt and Edward Wong",The State Dept. warns that ‘dirty bomb’ claims could be a pretext for Russian escalation.,,,Ukrainian soldiers collected unexploded ordnance on Monday in a region that was previously occupied by Russian forces.,Finbarr O'Reilly for The New York Times,https://static01.nyt.com/images/2022/11/24/multimedia/24ukraine-briefing-nukes-dc-sub-1-39ee/24ukraine-briefing-nukes-dc-sub-1-39ee-articleLarge.jpg,400,600,https://static01.nyt.com/images/2022/11/24/multimedia/24ukraine-briefing-nukes-dc-sub-1-39ee/24ukraine-briefing-nukes-dc-sub-1-39ee-thumbStandard.jpg,75,75,The State Dept. warns that ‘dirty bomb’ claims could be a pretext for Russian escalation.,The State Dept. warns that ‘dirty bomb’ claims could be a pretext for Russian escalation.
,article,nyt://article/da091972-6cd6-5294-8d50-e650fa4853a5,[],Foreign,,,2022-10-23 08:00:04+00:00,World,,The New York Times,Asia Pacific,Live Blog Post,nyt://article/da091972-6cd6-5294-8d50-e650fa4853a5,https://www.nytimes.com/live/2022/10/22/world/china-xi-jinping-congress/xi-supercharged-state-surveillance-in-his-3rd-term-its-power-will-continue-to-grow,462,By Paul Mozur,"Xi supercharged state surveillance. In his 3rd term, its power will continue to grow.",,,A worker installing a closed circuit television surveillance camera in Beijing in 2019.,Nicolas Asfouri/Agence France-Presse — Getty Images,https://static01.nyt.com/images/2022/10/23/world/23china-party-congress-surveillance-sub/merlin_214849494_2fca1638-f0f2-45b8-8d62-11ca1fc098aa-articleLarge.jpg,400,600,https://static01.nyt.com/images/2022/10/23/world/23china-party-congress-surveillance-sub/23china-party-congress-surveillance-sub-thumbStandard.jpg,75,75,"Xi supercharged state surveillance. In his 3rd term, its power will continue to grow.","Xi supercharged state surveillance. In his 3rd term, its power will continue to grow."
,article,nyt://article/dca3ff5f-8039-5884-8b79-5d6a5646766a,[],Foreign,,,2022-10-16 11:30:05+00:00,World,,The New York Times,Asia Pacific,Live Blog Post,nyt://article/dca3ff5f-8039-5884-8b79-5d6a5646766a,https://www.nytimes.com/live/2022/10/15/world/china-party-congress-xi-jinping/xi-highlights-efforts-to-build-a-state-focused-on-security,452,By Austin Ramzy,Xi highlights efforts to build a state focused on security.,,,"In Beijing on Sunday, People’s Liberation Army soldiers marched past a poster depicting President Xi Jinping.",Andy Wong/Associated Press,https://static01.nyt.com/images/2022/10/16/world/16china-party-congress-security-sub/16china-party-congress-security-sub-articleLarge.jpg,400,600,https://static01.nyt.com/images/2022/10/16/world/16china-party-congress-security-sub/16china-party-congress-security-sub-thumbStandard.jpg,75,75,Xi highlights efforts to build a state focused on security.,Xi highlights efforts to build a state focused on security.
"Mr. Xi signaled that little would change on tech policy, as he emphasized internet controls, state-led innovation projects and a battle for key core technology.",article,nyt://article/d63325fe-1b6e-55c3-80a5-7d3a9c040aea,"[{'name': 'Subject', 'value': 'Science and Technology', 'rank': 1}, {'name': 'Location', 'value': 'China', 'rank': 2}, {'name': 'Subject', 'value': 'Computer Chips', 'rank': 3}, {'name': 'Person', 'value': 'Xi Jinping', 'rank': 4}]",Foreign,,,2022-10-16 10:20:04+00:00,World,"Mr. Xi signaled that little would change on tech policy, as he emphasized internet controls, state-led innovation projects and a battle for key core technology.",The New York Times,Asia Pacific,News,nyt://article/d63325fe-1b6e-55c3-80a5-7d3a9c040aea,https://www.nytimes.com/2022/10/16/world/asia/on-tech-xi-points-to-self-reliance-and-state-led-initiatives.html,401,By Paul Mozur and John Liu,"On tech, Xi points to self-reliance and state-led initiatives.",,,Looking at a computer chip through a microscope at the China Beijing International High-tech Expo in 2018. China has struggled to free itself from reliance on foreign countries for microchips.,Ng Han Guan/Associated Press,https://static01.nyt.com/images/2022/10/16/world/16china-party-congress-tech/merlin_179099631_cfa525fa-5838-4799-b335-ec5e72b07ad5-articleLarge.jpg,400,600,https://static01.nyt.com/images/2022/10/16/world/16china-party-congress-tech/16china-party-congress-tech-thumbStandard.jpg,75,75,"On tech, Xi points to self-reliance and state-led initiatives.","On tech, Xi points to self-reliance and state-led initiatives. Mr. Xi signaled that little would change on tech policy, as he emphasized internet controls, state-led innovation projects and a battle for key core technology. Mr. Xi signaled that little would change on tech policy, as he emphasized internet controls, state-led innovation projects and a battle for key core technology."
,article,nyt://article/d7bf3cad-2ce8-577f-8cc2-3031ecaf8216,"[{'name': 'Subject', 'value': 'Russian Invasion of Ukraine (2022)', 'rank': 1}]",Foreign,,,2022-10-15 20:29:41+00:00,World,,The New York Times,Europe,Live Blog Post,nyt://article/d7bf3cad-2ce8-577f-8cc2-3031ecaf8216,https://www.nytimes.com/live/2022/10/16/world/russia-ukraine-war-news/two-russian-soldiers-opened-fire-on-their-comrades-killing-15-state-news-agencies-say,537,By James C. McKinley Jr.,"A shooting at a Russian training camp in the border area kills 11 soldiers, state media reports.",,,"Billboard of a Russian soldier at a bus stop in Moscow, in August.", Nanna Heitmann for The New York Times,https://static01.nyt.com/images/2022/09/06/world/15ukraine-briefing-russia-terrorist-attacktop2/merlin_212433573_d19ac406-fab1-4bee-96fb-a315306c2f79-articleLarge.jpg,450,600,https://static01.nyt.com/images/2022/09/06/world/15ukraine-briefing-russia-terrorist-attacktop2/06moscow-mood16-thumbStandard.jpg,75,75,"A shooting at a Russian training camp in the border area kills 11 soldiers, state media reports.","A shooting at a Russian training camp in the border area kills 11 soldiers, state media reports."
"The fallout from Shinzo Abe’s death has taken a number of unexpected turns, casting a critical light on both his long-governing party and a fringe religious group.",article,nyt://article/8bb5f893-e3b1-55b8-b1bd-00dc4664f0c9,"[{'name': 'Location', 'value': 'Japan', 'rank': 1}, {'name': 'Subject', 'value': 'Politics and Government', 'rank': 2}, {'name': 'Person', 'value': 'Abe, Shinzo', 'rank': 3}, {'name': 'Person', 'value': 'Kishida, Fumio', 'rank': 4}, {'name': 'Organization', 'value': 'Liberal Democratic Party (Japan)', 'rank': 5}, {'name': 'Subject', 'value': 'Funerals and Memorials', 'rank': 6}, {'name': 'Subject', 'value': 'Religious Cults', 'rank': 7}, {'name': 'Organization', 'value': 'Soka Gakkai', 'rank': 8}, {'name': 'Organization', 'value': 'Unification Church', 'rank': 9}, {'name': 'Person', 'value': 'Yamagami, Tetsuya', 'rank': 10}, {'name': 'Subject', 'value': 'Assassinations and Attempted Assassinations', 'rank': 11}]",Foreign,14,A,2022-09-24 14:50:27+00:00,World,"The fallout from Shinzo Abe’s death has taken a number of unexpected turns, casting a critical light on both his long-governing party and a fringe religious group.",The New York Times,Asia Pacific,News,nyt://article/8bb5f893-e3b1-55b8-b1bd-00dc4664f0c9,https://www.nytimes.com/2022/09/24/world/asia/shinzo-abe-funeral-unification-church.html,1384,By Motoko Rich and Ben Dooley,Why Japan Is Angry About a State Funeral for an Assassinated Leader,,Japan Facing Backlash Over Abe’s State Funeral,"A protest against the planned state funeral for Shinzo Abe, Japan’s former prime minister, in Tokyo on Monday. Many are voicing their critique of his actions in life by opposing the effort to honor him in death.",Noriko Hayashi for The New York Times,https://static01.nyt.com/images/2022/09/24/world/24japan-abe1/merlin_213425511_a67a67a5-1866-449f-85f2-4a96f6270f67-articleLarge.jpg,400,600,https://static01.nyt.com/images/2022/09/24/world/24japan-abe1/merlin_213425511_a67a67a5-1866-449f-85f2-4a96f6270f67-thumbStandard.jpg,75,75,Why Japan Is Angry About a State Funeral for an Assassinated Leader,"Why Japan Is Angry About a State Funeral for an Assassinated Leader The fallout from Shinzo Abe’s death has taken a number of unexpected turns, casting a critical light on both his long-governing party and a fringe religious group. The fallout from Shinzo Abe’s death has taken a number of unexpected turns, casting a critical light on both his long-governing party and a fringe religious group."
,article,nyt://article/09b252d0-5c60-59ed-abfb-a0e7d825e680,[],Foreign,,,2022-09-19 12:56:34+00:00,World,,The New York Times,Europe,Live Blog Post,nyt://article/09b252d0-5c60-59ed-abfb-a0e7d825e680,https://www.nytimes.com/live/2022/09/19/world/queen-elizabeth-funeral/after-the-state-funeral-comes-a-family-service,304,By Enjoli Liston,After the state funeral comes a family service.,,,"A moment of silence on the steps of St. George’s Chapel in Windsor, England, during the funeral service for the queen’s husband, Prince Philip, last year.",Pool photo by Kirsty Wigglesworth,https://static01.nyt.com/images/2022/09/19/multimedia/19queen-elizabeth-st-georges-chapel-01/19queen-elizabeth-st-georges-chapel-01-articleLarge.jpg,400,600,https://static01.nyt.com/images/2022/09/19/multimedia/19queen-elizabeth-st-georges-chapel-01/19queen-elizabeth-st-georges-chapel-01-thumbStandard.jpg,75,75,After the state funeral comes a family service.,After the state funeral comes a family service.
"The service for the queen’s funeral at Westminster Abbey on Sept. 19 included a reading from Prime Minister Liz Truss, a sermon from the archbishop of Canterbury, and hymns.",interactive,nyt://interactive/0e2bdae8-2396-553d-9325-4d690f04da73,"[{'name': 'Person', 'value': 'Elizabeth II, Queen of Great Britain', 'rank': 1}, {'name': 'Subject', 'value': 'Funerals and Memorials', 'rank': 2}, {'name': 'Location', 'value': 'London (England)', 'rank': 3}]",,,,2022-09-19 10:48:23+00:00,World,"The service for the queen’s funeral at Westminster Abbey on Sept. 19 included a reading from Prime Minister Liz Truss, a sermon from the archbishop of Canterbury, and hymns.",The New York Times,Europe,Interactive Feature,nyt://interactive/0e2bdae8-2396-553d-9325-4d690f04da73,https://www.nytimes.com/interactive/2022/09/19/world/europe/queen-funeral-order-of-service.html,0,,Read the Order of Service for Queen Elizabeth II’s State Funeral,,,,,https://static01.nyt.com/images/2022/09/19/doc-1378025-order-of-service--promo/doc-1378025-order-of-service--promo-articleLarge.png,849,600,https://static01.nyt.com/images/2022/09/19/doc-1378025-order-of-service--promo/doc-1378025-order-of-service--promo-thumbStandard.png,75,75,Read the Order of Service for Queen Elizabeth II’s State Funeral,"Read the Order of Service for Queen Elizabeth II’s State Funeral The service for the queen’s funeral at Westminster Abbey on Sept. 19 included a reading from Prime Minister Liz Truss, a sermon from the archbishop of Canterbury, and hymns. The service for the queen’s funeral at Westminster Abbey on Sept. 19 included a reading from Prime Minister Liz Truss, a sermon from the archbishop of Canterbury, and hymns."
,article,nyt://article/d245de71-c69a-5cbd-8b59-8bc5cae31755,[],Washington,,,2022-09-14 22:21:25+00:00,World,,The New York Times,Europe,News,nyt://article/d245de71-c69a-5cbd-8b59-8bc5cae31755,https://www.nytimes.com/2022/09/15/world/europe/the-state-department-warned-private-citizens-not-to-negotiate-prisoner-swaps-with-russia.html,315,By Michael Crowley,The State Department warned private citizens not to negotiate prisoner swaps with Russia.,,,"A State Department spokesman was asked on Wednesday about a report that Bill Richardson, a former U.S. ambassador to the United Nations, met with Russian officials in Moscow this week.",Seth Wenig/Associated Press,https://static01.nyt.com/images/2022/09/14/multimedia/14ukraine-blog-griner-richardson-01/14ukraine-blog-griner-richardson-01-articleLarge.jpg,400,600,https://static01.nyt.com/images/2022/09/14/multimedia/14ukraine-blog-griner-richardson-01/14ukraine-blog-griner-richardson-01-thumbStandard-v2.jpg,75,75,The State Department warned private citizens not to negotiate prisoner swaps with Russia.,The State Department warned private citizens not to negotiate prisoner swaps with Russia.
,article,nyt://article/5d6e3099-fc0c-593c-8092-01263818a04f,[],Washington,,,2022-09-06 19:25:22+00:00,World,,The New York Times,Europe,News,nyt://article/5d6e3099-fc0c-593c-8092-01263818a04f,https://www.nytimes.com/2022/09/07/world/europe/biden-will-not-designate-russia-a-state-sponsor-of-terrorism.html,254,By Michael Crowley,Biden will not designate Russia a state sponsor of terrorism.,,,Russian officials have suggested that President Biden would rupture what remains of U.S.-Russian relations if he were to designate their country a state sponsor of terrorism.,Doug Mills/The New York Times,https://static01.nyt.com/images/2022/09/06/06ukraine-briefing-russia-terror-sponsor-1/06ukraine-briefing-russia-terror-sponsor-1-articleLarge-v2.jpg,400,600,https://static01.nyt.com/images/2022/09/06/06ukraine-briefing-russia-terror-sponsor-1/06ukraine-briefing-russia-terror-sponsor-1-thumbStandard-v2.jpg,75,75,Biden will not designate Russia a state sponsor of terrorism.,Biden will not designate Russia a state sponsor of terrorism.
,article,nyt://article/1c951ed8-6b85-5947-b6d0-0c3c2e6dda38,[],Foreign,,,2022-09-05 00:09:43+00:00,World,,The New York Times,Canada,Live Blog Post,nyt://article/1c951ed8-6b85-5947-b6d0-0c3c2e6dda38,https://www.nytimes.com/live/2022/09/04/world/canada-stabbing-attacks/the-cree-nation-indigenous-community-declares-an-emergency,291,By Yonette Joseph,A Cree Nation community declares a state of emergency.,,,"Rhonda Blackmore, a commanding officer in the Royal Canadian Mounted Police, at a news conference in Regina, Saskatchewan, on Sunday.","Michael Bell/The Canadian Press, via Associated Press",https://static01.nyt.com/images/2022/09/04/world/04canada-stabbing-1/04canada-stabbing1a-articleLarge.jpg,400,600,https://static01.nyt.com/images/2022/09/04/world/04canada-stabbing-1/04canada-stabbing1a-thumbStandard.jpg,75,75,A Cree Nation community declares a state of emergency.,A Cree Nation community declares a state of emergency.
,article,nyt://article/2daa09c4-ed1f-5c19-a179-ff7612bf355a,[],Foreign,,,2022-08-31 11:16:46+00:00,World,,The New York Times,Europe,Live Blog Post,nyt://article/2daa09c4-ed1f-5c19-a179-ff7612bf355a,https://www.nytimes.com/live/2022/08/31/world/ukraine-russia-war-news/the-state-department-warns-that-russia-is-planning-sham-referendums-in-kharkiv,395,By Victoria Kim,The State Department warns that Russia is planning ‘sham’ referendums in Kharkiv.,,,"Kharkiv, Ukraine, has been hit by Russian attacks even after Moscow’s forces were thwarted in their attempts to take the city.",Viktoriia Yakymenko/Reuters,https://static01.nyt.com/images/2022/08/31/world/31ukraine-briefing-kharkiv/merlin_212188560_4f087154-c63f-4f5f-b29c-76859924bfe6-articleLarge.jpg,400,600,https://static01.nyt.com/images/2022/08/31/world/31ukraine-briefing-kharkiv/31ukraine-briefing-kharkiv-thumbStandard.jpg,75,75,The State Department warns that Russia is planning ‘sham’ referendums in Kharkiv.,The State Department warns that Russia is planning ‘sham’ referendums in Kharkiv.
The sites are sometimes used to deport prisoners. And researchers found evidence of disturbed earth on two recent occasions consistent with mass graves.,article,nyt://article/1c37dcdf-88b8-58b4-84df-d5d6abcf5e15,[],Washington,,,2022-08-25 21:53:53+00:00,World,The sites are sometimes used to deport prisoners. And researchers found evidence of disturbed earth on two recent occasions consistent with mass graves.,The New York Times,Europe,News,nyt://article/1c37dcdf-88b8-58b4-84df-d5d6abcf5e15,https://www.nytimes.com/2022/08/26/world/europe/the-us-state-department-and-yale-identify-21-detention-sites-in-russian-controlled-territory.html,634,By Edward Wong,The U.S. State Department and Yale identify 21 detention sites in Russian-controlled territory.,,,"A satellite image showed a general view of a prison in Olenivka, Ukraine, in July. Researchers said they found evidence of disturbed earth there consistent with mass graves.",Maxar Technologies/Via Reuters,https://static01.nyt.com/images/2022/08/25/multimedia/25ukraine-briefing-filtration-camps-study01/25ukraine-briefing-filtration-camps-study01-articleLarge.jpg,400,600,https://static01.nyt.com/images/2022/08/25/multimedia/25ukraine-briefing-filtration-camps-study01/25ukraine-briefing-filtration-camps-study01-thumbStandard.jpg,75,75,The U.S. State Department and Yale identify 21 detention sites in Russian-controlled territory.,The U.S. State Department and Yale identify 21 detention sites in Russian-controlled territory. The sites are sometimes used to deport prisoners. And researchers found evidence of disturbed earth on two recent occasions consistent with mass graves. The sites are sometimes used to deport prisoners. And researchers found evidence of disturbed earth on two recent occasions consistent with mass graves.
The authorities said for the first time that the state had been a key player in the likely massacre of students from a teachers’ college in 2014.,article,nyt://article/38ada75d-4e9f-512b-9fe6-4f0b0d230c02,"[{'name': 'Organization', 'value': 'Escuela Normal Rural Raul Isidro Burgos (Guerrero, Mexico)', 'rank': 1}, {'name': 'Subject', 'value': 'Police Brutality, Misconduct and Shootings', 'rank': 2}, {'name': 'Organization', 'value': 'Guerreros Unidos (Gang)', 'rank': 3}, {'name': 'Person', 'value': 'Lopez Obrador, Andres Manuel', 'rank': 4}, {'name': 'Person', 'value': 'Pena Nieto, Enrique', 'rank': 5}, {'name': 'Subject', 'value': 'Drug Cartels', 'rank': 6}, {'name': 'Location', 'value': 'Iguala (Mexico)', 'rank': 7}, {'name': 'Location', 'value': 'Mexico', 'rank': 8}, {'name': 'Subject', 'value': 'Human Rights and Human Rights Violations', 'rank': 9}, {'name': 'Subject', 'value': 'Missing Persons', 'rank': 10}, {'name': 'Subject', 'value': 'Murders, Attempted Murders and Homicides', 'rank': 11}]",Foreign,9,A,2022-08-18 23:43:19+00:00,World,The authorities said for the first time that the state had been a key player in the likely massacre of students from a teachers’ college in 2014.,The New York Times,Americas,News,nyt://article/38ada75d-4e9f-512b-9fe6-4f0b0d230c02,https://www.nytimes.com/2022/08/18/world/americas/mexico-students-disappearance.html,1026,By Oscar Lopez,Mexico Says Disappearance of 43 Students Was a ‘Crime of the State’,,Mexico Describes the Disappearance of 43 Students in 2014 as a ‘Crime of the State’,A memorial to the 43 disappeared students in Mexico City in 2019.,Celia Talbot Tobin for The New York Times,https://static01.nyt.com/images/2022/08/18/world/18mexico/merlin_161131596_842edf22-0770-4ab1-bdcb-1bc42cf10d5d-articleLarge.jpg,400,600,https://static01.nyt.com/images/2022/08/18/world/18mexico/18mexico-thumbStandard.jpg,75,75,Mexico Says Disappearance of 43 Students Was a ‘Crime of the State’,Mexico Says Disappearance of 43 Students Was a ‘Crime of the State’ The authorities said for the first time that the state had been a key player in the likely massacre of students from a teachers’ college in 2014. The authorities said for the first time that the state had been a key player in the likely massacre of students from a teachers’ college in 2014.
,article,nyt://article/ff0e1383-beb7-5706-92a9-317264cd63da,[],Foreign,,,2022-08-11 15:49:01+00:00,World,,The New York Times,Europe,News,nyt://article/ff0e1383-beb7-5706-92a9-317264cd63da,https://www.nytimes.com/2022/08/11/world/europe/a-moscow-court-places-a-former-state-television-journalist-under-house-arrest-over-her-anti-war-protest.html,472,By Ivan Nechepurenko,A Moscow court places a former state television journalist under house arrest over her anti-war protest.,,,"Marina Ovsyannikova, who was detained and fined after protesting the war on television in March, has been sentenced to house arrest over her protest outside the Kremlin in July.",Natalia Kolesnikova/Agence France-Presse — Getty Images,https://static01.nyt.com/images/2022/08/11/multimedia/11ukraine-briefing-journalist-protest-topart/11ukraine-briefing-journalist-protest-topart-articleLarge.jpg,400,600,https://static01.nyt.com/images/2022/08/11/multimedia/11ukraine-briefing-journalist-protest-topart/11ukraine-briefing-journalist-protest-topart-thumbStandard.jpg,75,75,A Moscow court places a former state television journalist under house arrest over her anti-war protest.,A Moscow court places a former state television journalist under house arrest over her anti-war protest.
,article,nyt://article/cd259679-526b-5e1a-abc8-f7ecb4fa3eee,"[{'name': 'Subject', 'value': 'Russian Invasion of Ukraine (2022)', 'rank': 1}, {'name': 'Subject', 'value': 'Demonstrations, Protests and Riots', 'rank': 2}, {'name': 'Person', 'value': 'Ovsyannikova, Marina', 'rank': 3}, {'name': 'Location', 'value': 'Russia', 'rank': 4}]",Foreign,,,2022-08-10 19:08:41+00:00,World,,The New York Times,Europe,News,nyt://article/cd259679-526b-5e1a-abc8-f7ecb4fa3eee,https://www.nytimes.com/2022/08/10/world/europe/russian-journalist-detained-marina-ovsyannikova.html,344,By Ivan Nechepurenko,Russia detains a former state television journalist who protested over the war.,,,"Marina Ovsyannikova, a former state television employee, during a court hearing in Moscow last month.",Alexander Zemlianichenko/Associated Press,https://static01.nyt.com/images/2022/08/10/multimedia/10ukraine-briefing-journalist-detained-topart/10ukraine-briefing-journalist-detained-topart-articleLarge.jpg,400,600,https://static01.nyt.com/images/2022/08/10/multimedia/10ukraine-briefing-journalist-detained-topart/10ukraine-briefing-journalist-detained-topart-thumbStandard.jpg,75,75,Russia detains a former state television journalist who protested over the war.,Russia detains a former state television journalist who protested over the war.
"Tamil Nadu’s ban on single-use plastic has gotten results, thanks to relentless policing. Now, India says it will tackle the problem nationwide.",article,nyt://article/b6130065-53cd-5938-998b-7ff933102dba,"[{'name': 'Subject', 'value': 'Plastic Bags', 'rank': 1}, {'name': 'Subject', 'value': 'Recalls and Bans of Products', 'rank': 2}, {'name': 'Location', 'value': 'Tamil Nadu (India)', 'rank': 3}, {'name': 'Subject', 'value': 'Fines (Penalties)', 'rank': 4}, {'name': 'Subject', 'value': 'Environment', 'rank': 5}, {'name': 'Location', 'value': 'India', 'rank': 6}, {'name': 'Subject', 'value': 'Plastics', 'rank': 7}]",Foreign,4,A,2022-07-31 18:26:37+00:00,World,"Tamil Nadu’s ban on single-use plastic has gotten results, thanks to relentless policing. Now, India says it will tackle the problem nationwide.",The New York Times,Asia Pacific,News,nyt://article/b6130065-53cd-5938-998b-7ff933102dba,https://www.nytimes.com/2022/07/31/world/asia/india-plastic-ban.html,1064,By Sameer Yasir,"As India Takes On Throwaway Plastic, This State Shows How It’s Done",,"As India Bans Disposable Plastic, One State Offers a Playbook","Amul Vasudevan, right, selling vegetables in July along a busy road in Chennai, India. “Plastic bags can only be eliminated if the customer decides it, not the seller,” she said.",Anindito Mukherjee for The New York Times,https://static01.nyt.com/images/2022/07/26/world/00india-plastic-ban-01/00india-plastic-ban-01-articleLarge.jpg,400,600,https://static01.nyt.com/images/2022/07/26/world/00india-plastic-ban-01/00india-plastic-ban-01-thumbStandard.jpg,75,75,"As India Takes On Throwaway Plastic, This State Shows How It’s Done","As India Takes On Throwaway Plastic, This State Shows How It’s Done Tamil Nadu’s ban on single-use plastic has gotten results, thanks to relentless policing. Now, India says it will tackle the problem nationwide. Tamil Nadu’s ban on single-use plastic has gotten results, thanks to relentless policing. Now, India says it will tackle the problem nationwide."
,article,nyt://article/0c0232b5-2c16-5016-9e97-65a82f2906ea,[],Foreign,,,2022-07-23 05:18:47+00:00,World,,The New York Times,Europe,News,nyt://article/0c0232b5-2c16-5016-9e97-65a82f2906ea,https://www.nytimes.com/2022/07/24/world/europe/the-state-department-says-two-americans-died-recently-in-the-donbas.html,249,By Victoria Kim,The State Department says two Americans died recently in Donbas.,,,Ukrainian military vehicles in the Donbas region this week.,Gleb Garanich/Reuters,https://static01.nyt.com/images/2022/07/23/world/23ukraine-briefing-american-deaths/23ukraine-briefing-american-deaths-articleLarge.jpg,400,600,https://static01.nyt.com/images/2022/07/23/world/23ukraine-briefing-american-deaths/23ukraine-briefing-american-deaths-thumbStandard.jpg,75,75,The State Department says two Americans died recently in Donbas.,The State Department says two Americans died recently in Donbas.
,article,nyt://article/cbd63cab-a74e-5048-a9ad-e3551e4ee7db,[],Foreign,,,2022-07-13 09:32:28+00:00,World,,The New York Times,Asia Pacific,News,nyt://article/cbd63cab-a74e-5048-a9ad-e3551e4ee7db,https://www.nytimes.com/2022/07/12/world/asia/protesters-take-over-prime-ministers-office-and-state-broadcaster.html,117,By Emily Schmall and Skandha Gunasekara,Protesters take over the prime minister’s office and state broadcaster.,,,Demonstrators outside Prime Minister Ranil Wickremesinghe’s office on Wednesday.,Atul Loke for The New York Times,https://static01.nyt.com/images/2022/08/12/world/12sri-lanka-resign-office-sub-01/merlin_209980455_97182f0d-7bbe-4988-aa80-9a4f3659fd56-articleLarge.jpg,400,600,https://static01.nyt.com/images/2022/08/12/world/12sri-lanka-resign-office-sub-01/merlin_209980455_97182f0d-7bbe-4988-aa80-9a4f3659fd56-thumbStandard.jpg,75,75,Protesters take over the prime minister’s office and state broadcaster.,Protesters take over the prime minister’s office and state broadcaster.
"Iran’s state news agency said the quake, which did extensive damage to a village, was followed by two more.",article,nyt://article/e4b36058-5472-5e4d-b871-60b5481dd51f,"[{'name': 'Subject', 'value': 'Earthquakes', 'rank': 1}, {'name': 'Location', 'value': 'Iran', 'rank': 2}]",Foreign,,,2022-07-02 00:35:31+00:00,World,"Iran’s state news agency said the quake, which did extensive damage to a village, was followed by two more.",The New York Times,Middle East,News,nyt://article/e4b36058-5472-5e4d-b871-60b5481dd51f,https://www.nytimes.com/2022/07/01/world/middleeast/iran-earthquake.html,231,By Reuters,"Iran Earthquake Kills at Least 5, State Media Says",,,"Clearing away debris on Saturday in the Iranian village of Sayeh Khosh, in Hormozgan Province.",Abdolhossein Rezvani/Associated Press,https://static01.nyt.com/images/2022/07/01/multimedia/01iran-quake/01iran-quake-articleLarge.jpg,400,600,https://static01.nyt.com/images/2022/07/01/multimedia/01iran-quake/01iran-quake-thumbStandard.jpg,75,75,"Iran Earthquake Kills at Least 5, State Media Says","Iran Earthquake Kills at Least 5, State Media Says Iran’s state news agency said the quake, which did extensive damage to a village, was followed by two more. Iran’s state news agency said the quake, which did extensive damage to a village, was followed by two more."
 ,article,nyt://article/20a1d668-0987-5fce-a9cf-ff1a064d819e,[],Foreign,,,2022-06-29 00:40:04+00:00,World, ,The New York Times,Europe,News,nyt://article/20a1d668-0987-5fce-a9cf-ff1a064d819e,https://www.nytimes.com/2022/06/29/world/europe/zelensky-urges-the-un-to-label-russia-a-terrorist-state-over-a-missile-strike-on-a-shopping-mall.html,415,By Farnaz Fassihi,Zelensky urges the U.N. to label Russia a terrorist state over a missile strike on a shopping mall.,,,"Ukrainian servicemen standing guard near the remains of a shopping center in Kremenchuk, Ukraine, on Tuesday, a day after it was hit by a Russian missile.","Oleg Petrasyuk/EPA, via Shutterstock",https://static01.nyt.com/images/2022/06/28/world/28ukraine-briefing-UN-security-council-sub/merlin_209285292_39a831f9-e925-40b6-902b-96ea8a39d4cc-articleLarge.jpg,400,600,https://static01.nyt.com/images/2022/06/28/world/28ukraine-briefing-UN-security-council-sub/28ukraine-briefing-UN-security-council-sub-thumbStandard.jpg,75,75,Zelensky urges the U.N. to label Russia a terrorist state over a missile strike on a shopping mall.,Zelensky urges the U.N. to label Russia a terrorist state over a missile strike on a shopping mall.
Times reporters spent over a year combing through government bidding documents that reveal the country’s technological road map to ensure the longevity of its authoritarian rule.,article,nyt://article/f6d70d9d-1328-5b8d-b141-cf7196b0e01a,"[{'name': 'Subject', 'value': 'Surveillance of Citizens by Government', 'rank': 1}, {'name': 'Subject', 'value': 'your-feed-visual-investigations', 'rank': 2}, {'name': 'Location', 'value': 'China', 'rank': 3}, {'name': 'Subject', 'value': 'Facial Recognition Software', 'rank': 4}, {'name': 'Subject', 'value': 'Computer Vision', 'rank': 5}, {'name': 'Subject', 'value': 'Video Recordings, Downloads and Streaming', 'rank': 6}, {'name': 'Subject', 'value': 'Chinese Language', 'rank': 7}, {'name': 'Organization', 'value': 'Asia Society', 'rank': 8}, {'name': 'Organization', 'value': 'ChinaFile (Magazine)', 'rank': 9}, {'name': 'Organization', 'value': 'Megvii Technology Ltd', 'rank': 10}, {'name': 'Organization', 'value': ""Ministry of Public Security of the People's Republic of China"", 'rank': 11}, {'name': 'Organization', 'value': 'New York Times', 'rank': 12}, {'name': 'Location', 'value': 'Beijing (China)', 'rank': 13}, {'name': 'Location', 'value': 'Far East, South and Southeast Asia and Pacific Areas', 'rank': 14}, {'name': 'Location', 'value': 'Fujian Province (China)', 'rank': 15}, {'name': 'Location', 'value': 'Guangdong Province (China)', 'rank': 16}, {'name': 'Location', 'value': 'Henan Province (China)', 'rank': 17}, {'name': 'Location', 'value': 'Xinjiang (China)', 'rank': 18}, {'name': 'Subject', 'value': 'vis-video', 'rank': 19}]",Foreign,10,A,2022-06-21 07:00:11+00:00,World,Times reporters spent over a year combing through government bidding documents that reveal the country’s technological road map to ensure the longevity of its authoritarian rule.,The New York Times,Asia Pacific,News,nyt://article/f6d70d9d-1328-5b8d-b141-cf7196b0e01a,https://www.nytimes.com/2022/06/21/world/asia/china-surveillance-investigation.html,1261,"By Isabelle Qian, Muyi Xiao, Paul Mozur and Alexander Cardia",Four Takeaways From a Times Investigation Into China’s Expanding Surveillance State,Visual Investigations,China’s Expanding Surveillance State,,,https://static01.nyt.com/images/2022/06/21/video/21vid-takeaways-english-promo/21vid-takeaways-english-promo-articleLarge.jpg,338,600,https://static01.nyt.com/images/2022/06/21/video/21vid-takeaways-english-promo/21vid-takeaways-english-promo-thumbStandard-v2.jpg,75,75,Four Takeaways From a Times Investigation Into China’s Expanding Surveillance State,Four Takeaways From a Times Investigation Into China’s Expanding Surveillance State Times reporters spent over a year combing through government bidding documents that reveal the country’s technological road map to ensure the longevity of its authoritarian rule. Times reporters spent over a year combing through government bidding documents that reveal the country’s technological road map to ensure the longevity of its authoritarian rule.
,article,nyt://article/385c1acd-9f49-54ec-ad2e-90de9c99235a,[],Foreign,,,2022-06-19 09:05:50+00:00,World,,The New York Times,Europe,Live Blog Post,nyt://article/385c1acd-9f49-54ec-ad2e-90de9c99235a,https://www.nytimes.com/live/2022/06/19/world/ukraine-russia-news/the-state-department-says-it-has-seen-videos-that-appear-to-show-2-missing-americans,653,By Maham Javaid,The State Department says it has seen videos that appear to show 2 missing Americans.,,,"Andy Tai Ngoc Huynh and Alex Drueke, two American veterans who traveled to Ukraine to fight Russia’s invasion.","Via Darla Black, Lois Drueke",https://static01.nyt.com/images/2022/06/16/world/19ukraine-briefing-americans/16ukraine-briefing-missing-americans-dyp-articleLarge.jpg,300,600,https://static01.nyt.com/images/2022/06/16/world/19ukraine-briefing-americans/16ukraine-briefing-missing-americans-dyp-thumbStandard.jpg,75,75,The State Department says it has seen videos that appear to show 2 missing Americans.,The State Department says it has seen videos that appear to show 2 missing Americans.
A State Department spokesman did not provide specifics. Earlier reports that two U.S. veterans had been captured by Russian forces remain unconfirmed.,article,nyt://article/8eec01e8-f6ee-54a6-a5e1-d9948271e456,"[{'name': 'Subject', 'value': 'Russian Invasion of Ukraine (2022)', 'rank': 1}, {'name': 'Subject', 'value': 'Missing in Action', 'rank': 2}, {'name': 'Person', 'value': 'Drueke, Alex', 'rank': 3}, {'name': 'Person', 'value': 'Huynh, Andy Tai Ngoc', 'rank': 4}, {'name': 'Location', 'value': 'Ukraine', 'rank': 5}, {'name': 'Location', 'value': 'Russia', 'rank': 6}, {'name': 'Subject', 'value': 'Defense and Military Forces', 'rank': 7}, {'name': 'Subject', 'value': 'Veterans', 'rank': 8}]",Foreign,,,2022-06-16 21:13:58+00:00,World,A State Department spokesman did not provide specifics. Earlier reports that two U.S. veterans had been captured by Russian forces remain unconfirmed.,The New York Times,Europe,News,nyt://article/8eec01e8-f6ee-54a6-a5e1-d9948271e456,https://www.nytimes.com/2022/06/16/world/europe/missing-american-ukraine.html,525,By Anushka Patil,The State Department says a third American fighter may be missing in Ukraine.,,,"Ned Price, a U.S. State Department spokesperson, said a possible third American fighter had gone missing in Ukraine in recent weeks.",Pool photo by Andrew Harnik,https://static01.nyt.com/images/2022/07/16/world/16ukraine-briefing-missing-americans-sub/merlin_203013414_43b8a3bc-137f-4e9c-81d0-084c57ed7c72-articleLarge.jpg,400,600,https://static01.nyt.com/images/2022/07/16/world/16ukraine-briefing-missing-americans-sub/16ukraine-briefing-missing-americans-sub-thumbStandard.jpg,75,75,The State Department says a third American fighter may be missing in Ukraine.,The State Department says a third American fighter may be missing in Ukraine. A State Department spokesman did not provide specifics. Earlier reports that two U.S. veterans had been captured by Russian forces remain unconfirmed. A State Department spokesman did not provide specifics. Earlier reports that two U.S. veterans had been captured by Russian forces remain unconfirmed.
,article,nyt://article/f561be11-f0b5-5ee5-aa07-b7cc88524449,[],Foreign,,,2022-06-07 03:05:10+00:00,World,,The New York Times,Europe,Live Blog Post,nyt://article/f561be11-f0b5-5ee5-aa07-b7cc88524449,https://www.nytimes.com/live/2022/06/06/world/russia-ukraine-war-news/russia-threatened-american-reporters-in-moscow-the-state-dept-said,395,By Michael Crowley,"Russia threatened American reporters in Moscow, the State Dept. said.",,,"Ned Price, a spokesman for the State Department, said that “qualified” Russian journalists were still being given visas to work in the United States, but that American journalists in Moscow had been threatened that their credentials were at risk.",Pool photo by Andrew Harnik,https://static01.nyt.com/images/2022/06/06/multimedia/06ukraine-blog-state-dept-visas-01/06ukraine-blog-state-dept-visas-01-articleLarge.jpg,400,600,https://static01.nyt.com/images/2022/06/06/multimedia/06ukraine-blog-state-dept-visas-01/06ukraine-blog-state-dept-visas-01-thumbStandard.jpg,75,75,"Russia threatened American reporters in Moscow, the State Dept. said.","Russia threatened American reporters in Moscow, the State Dept. said."
,article,nyt://article/9b40991e-2c98-5631-bbf0-3aedfe20e0ed,[],Foreign,,,2022-06-03 07:00:11+00:00,World,,The New York Times,Europe,Live Blog Post,nyt://article/9b40991e-2c98-5631-bbf0-3aedfe20e0ed,https://www.nytimes.com/live/2022/06/03/world/queen-elizabeth-jubilee/a-service-in-st-pauls-cathedral-will-highlight-the-queens-role-as-head-of-church-and-state,341,By Stephen Castle,The service in St. Paul’s Cathedral highlights the queen’s role as head of church and state.,,,St. Paul’s Cathedral in London.,Paul Ellis/Agence France-Presse — Getty Images,https://static01.nyt.com/images/2022/06/03/world/03queen-jubilee-friday-head-of-state-sub/merlin_207966009_68029c1a-cf26-41d1-bab7-929dc89b619e-articleLarge.jpg,400,600,https://static01.nyt.com/images/2022/06/03/world/03queen-jubilee-friday-head-of-state-sub/merlin_207966009_68029c1a-cf26-41d1-bab7-929dc89b619e-thumbStandard.jpg,75,75,The service in St. Paul’s Cathedral highlights the queen’s role as head of church and state.,The service in St. Paul’s Cathedral highlights the queen’s role as head of church and state.
,article,nyt://article/99123d6a-1e72-52de-ab85-c135c44cf1f9,[],Foreign,,,2022-05-25 15:23:43+00:00,World,,The New York Times,Europe,Live Blog Post,nyt://article/99123d6a-1e72-52de-ab85-c135c44cf1f9,https://www.nytimes.com/live/2022/05/25/world/russia-ukraine-war/hungarys-viktor-orban-declares-state-of-emergency-citing-the-ukraine-war-to-expand-his-power,530,By Benjamin Novak,"Hungary’s Viktor Orban declares state of emergency, citing the Ukraine war to expand his power.",,,"Prime Minister Viktor Orban of Hungary, front right, declared a “state of emergency” in the country over the war in Ukraine on Wednesday.",Attila Kisbenedek/Agence France-Presse — Getty Images,https://static01.nyt.com/images/2022/05/25/multimedia/25ukraine-blog-orban-topart/25ukraine-blog-orban-topart-articleLarge.jpg,400,600,https://static01.nyt.com/images/2022/05/25/multimedia/25ukraine-blog-orban-topart/25ukraine-blog-orban-topart-thumbStandard.jpg,75,75,"Hungary’s Viktor Orban declares state of emergency, citing the Ukraine war to expand his power.","Hungary’s Viktor Orban declares state of emergency, citing the Ukraine war to expand his power."
"The ban in Bihar State, championed by local women, was aimed at tackling alcoholism and domestic violence. But a drinking scene has sprung up across the border in Nepal.",article,nyt://article/0b06555b-7a5a-5344-b48b-ad1d95a79aa0,"[{'name': 'Subject', 'value': 'Alcoholic Beverages', 'rank': 1}, {'name': 'Subject', 'value': 'Alcohol Abuse', 'rank': 2}, {'name': 'Location', 'value': 'Nepal', 'rank': 3}, {'name': 'Location', 'value': 'Bihar (India)', 'rank': 4}, {'name': 'Subject', 'value': 'Bars and Nightclubs', 'rank': 5}, {'name': 'Subject', 'value': 'Politics and Government', 'rank': 6}, {'name': 'Subject', 'value': 'Fines (Penalties)', 'rank': 7}, {'name': 'Subject', 'value': 'Smuggling', 'rank': 8}]",Foreign,4,A,2022-05-19 07:00:15+00:00,World,"The ban in Bihar State, championed by local women, was aimed at tackling alcoholism and domestic violence. But a drinking scene has sprung up across the border in Nepal.",The New York Times,Asia Pacific,News,nyt://article/0b06555b-7a5a-5344-b48b-ad1d95a79aa0,https://www.nytimes.com/2022/05/19/world/asia/nepal-india-bihar-alcohol.html,1330,By Mujib Mashal and Bhadra Sharma,An Indian State Banned Alcohol. The Drinking Moved to Nearby Nepal.,Nepal-India Border Dispatch,An Indian State Banned Alcohol. The Party Moved Next Door.,"Sharing food and drinks at a bar in Mahottari, Nepal, just across the border with India.",Saumya Khandelwal for The New York Times,https://static01.nyt.com/images/2022/04/20/world/00nepal-dispatch-04/merlin_205629348_f94a4ad3-0d65-429a-a465-5cff2d5fc4b9-articleLarge.jpg,401,600,https://static01.nyt.com/images/2022/04/20/world/00nepal-dispatch-04/00nepal-dispatch-04-thumbStandard.jpg,75,75,An Indian State Banned Alcohol. The Drinking Moved to Nearby Nepal.,"An Indian State Banned Alcohol. The Drinking Moved to Nearby Nepal. The ban in Bihar State, championed by local women, was aimed at tackling alcoholism and domestic violence. But a drinking scene has sprung up across the border in Nepal. The ban in Bihar State, championed by local women, was aimed at tackling alcoholism and domestic violence. But a drinking scene has sprung up across the border in Nepal."
,article,nyt://article/2e785ff5-979f-525b-a95c-70ce859125a1,[],Foreign,,,2022-05-18 15:26:28+00:00,World,,The New York Times,Europe,Live Blog Post,nyt://article/2e785ff5-979f-525b-a95c-70ce859125a1,https://www.nytimes.com/live/2022/05/18/world/russia-ukraine-war/on-russian-state-media-the-fall-of-the-mariupol-steel-plant-is-greeted-with-glee,464,By Ivan Nechepurenko,"On Russian state media, the fall of the Mariupol steel plant is greeted with glee.",,,,Alexander Ermochenko/Reuters,https://static01.nyt.com/images/2022/05/18/world/18ukraine-blog-russian-media-azovstal/merlin_206814882_8f1048f1-4793-428f-9b07-cf6bbcc4a2e6-articleLarge.jpg,390,600,https://static01.nyt.com/images/2022/05/18/world/18ukraine-blog-russian-media-azovstal/merlin_206814882_8f1048f1-4793-428f-9b07-cf6bbcc4a2e6-thumbStandard.jpg,75,75,"On Russian state media, the fall of the Mariupol steel plant is greeted with glee.","On Russian state media, the fall of the Mariupol steel plant is greeted with glee."
Chancellor Olaf Scholz’s Social Democrats scored record-low votes in the first major electoral test he has faced since taking office.,article,nyt://article/708ba4fb-9026-5ef6-8ea8-e56afdd00a82,"[{'name': 'Location', 'value': 'Germany', 'rank': 1}, {'name': 'Subject', 'value': 'Elections', 'rank': 2}, {'name': 'Person', 'value': 'Scholz, Olaf (1958- )', 'rank': 3}, {'name': 'Subject', 'value': 'Russian Invasion of Ukraine (2022)', 'rank': 4}, {'name': 'Organization', 'value': 'Christian Democratic Union (Germany)', 'rank': 5}, {'name': 'Location', 'value': 'North Rhine-Westphalia (Germany)', 'rank': 6}, {'name': 'Organization', 'value': 'Social Democratic Party (Germany)', 'rank': 7}, {'name': 'Subject', 'value': 'Politics and Government', 'rank': 8}]",Foreign,11,A,2022-05-15 21:54:36+00:00,World,Chancellor Olaf Scholz’s Social Democrats scored record-low votes in the first major electoral test he has faced since taking office.,The New York Times,Europe,News,nyt://article/708ba4fb-9026-5ef6-8ea8-e56afdd00a82,https://www.nytimes.com/2022/05/15/world/europe/germany-elections-scholz.html,1014,By Christopher F. Schuetze,"In a Setback for Scholz, Conservatives Keep Western State in Germany",,Social Democrats Brace for Defeat  In Germany’s Most Populous State,"The top candidate of the Christian Democratic Union in North Rhine-Westphalia, Hendrik Wüst, arrived at a polling station Sunday with his family. ",Ina Fassbender/Agence France-Presse — Getty Images,https://static01.nyt.com/images/2022/05/15/world/15germany-nrw-1/merlin_206890530_2ee7eeb7-d193-4e92-a0bf-b669fc723c87-articleLarge.jpg,384,600,https://static01.nyt.com/images/2022/05/15/world/15germany-nrw-1/15germany-nrw-1-thumbStandard.jpg,75,75,"In a Setback for Scholz, Conservatives Keep Western State in Germany","In a Setback for Scholz, Conservatives Keep Western State in Germany Chancellor Olaf Scholz’s Social Democrats scored record-low votes in the first major electoral test he has faced since taking office. Chancellor Olaf Scholz’s Social Democrats scored record-low votes in the first major electoral test he has faced since taking office."
"Patron has found more than 200 explosives, President Zelensky said. The dog has gone viral as Ukraine wages an information war.",article,nyt://article/f194f9c9-8ff9-550a-94aa-83fac33d030e,"[{'name': 'Subject', 'value': 'Russian Invasion of Ukraine (2022)', 'rank': 1}, {'name': 'Subject', 'value': 'Dogs', 'rank': 2}, {'name': 'Subject', 'value': 'Social Media', 'rank': 3}, {'name': 'Location', 'value': 'Ukraine', 'rank': 4}]",Foreign,,,2022-05-09 00:45:04+00:00,World,"Patron has found more than 200 explosives, President Zelensky said. The dog has gone viral as Ukraine wages an information war.",The New York Times,Europe,News,nyt://article/f194f9c9-8ff9-550a-94aa-83fac33d030e,https://www.nytimes.com/2022/05/08/world/europe/bomb-sniffing-dog-patron-zelensky.html,355,By Anushka Patil,A bomb-sniffing dog named Patron received state honors from Zelensky.,,,"Patron on the job at the Gostomel airfield near Kyiv, Ukraine, on Thursday.","Oleg Petrasyuk/EPA, via Shutterstock",https://static01.nyt.com/images/2022/05/08/world/08ukraine-blog-patron-dog-2/08ukraine-blog-patron-dog-2-articleLarge.jpg,400,600,https://static01.nyt.com/images/2022/05/08/world/08ukraine-blog-patron-dog-2/08ukraine-blog-patron-dog-2-thumbStandard.jpg,75,75,A bomb-sniffing dog named Patron received state honors from Zelensky.,"A bomb-sniffing dog named Patron received state honors from Zelensky. Patron has found more than 200 explosives, President Zelensky said. The dog has gone viral as Ukraine wages an information war. Patron has found more than 200 explosives, President Zelensky said. The dog has gone viral as Ukraine wages an information war."
,article,nyt://article/342fc3ae-ac7a-532d-aaeb-766148561fc3,[],Foreign,,,2022-05-08 04:26:52+00:00,World,,The New York Times,Asia Pacific,Live Blog Post,nyt://article/342fc3ae-ac7a-532d-aaeb-766148561fc3,https://www.nytimes.com/live/2022/05/07/world/hong-kong-john-lee/state-media-lionizes-john-lee-while-his-predecessor-gets-the-cold-shoulder,342,By Austin Ramzy,State media lionizes John Lee while his predecessor gets the cold shoulder.,,,"John Lee, the sole candidate for chief executive of Hong Kong, chatting with some residents days before the election.",Tyrone Siu/Reuters,https://static01.nyt.com/images/2022/05/08/world/08hongkong-briefing-beijing-01/merlin_206367744_e0fbecad-3613-40fd-bd44-65759690abf6-articleLarge.jpg,400,600,https://static01.nyt.com/images/2022/05/08/world/08hongkong-briefing-beijing-01/08hongkong-briefing-beijing-01-thumbStandard.jpg,75,75,State media lionizes John Lee while his predecessor gets the cold shoulder.,State media lionizes John Lee while his predecessor gets the cold shoulder.
"It was the second such declaration in weeks by Gotabaya Rajapaksa, whose government is being blamed for the country’s deepening economic crisis.",article,nyt://article/4955e771-874f-515e-8a2b-33e8a9926e9f,"[{'name': 'Location', 'value': 'Sri Lanka', 'rank': 1}, {'name': 'Location', 'value': 'Colombo (Sri Lanka)', 'rank': 2}, {'name': 'Person', 'value': 'Rajapaksa, Gotabaya', 'rank': 3}, {'name': 'Person', 'value': 'Rajapaksa, Mahinda', 'rank': 4}, {'name': 'Subject', 'value': 'Demonstrations, Protests and Riots', 'rank': 5}, {'name': 'Subject', 'value': 'Economic Conditions and Trends', 'rank': 6}]",Foreign,6,A,2022-05-07 13:38:23+00:00,World,"It was the second such declaration in weeks by Gotabaya Rajapaksa, whose government is being blamed for the country’s deepening economic crisis.",The New York Times,Asia Pacific,News,nyt://article/4955e771-874f-515e-8a2b-33e8a9926e9f,https://www.nytimes.com/2022/05/07/world/asia/sri-lanka-protests-emergency.html,753,By Skandha Gunasekara,Sri Lanka’s President Declares State of Emergency Again Amid Protests,,Protests Send Sri Lanka Into State of Emergency,"The police dispersed protesters near Parliament in Colombo, Sri Lanka, on Friday. Protesters say the political elite has failed a country trying to emerge from the shadow of civil war.",Ishara S. Kodikara/Agence France-Presse — Getty Images,https://static01.nyt.com/images/2022/05/07/world/07srilanka1/merlin_206474721_8f13fce8-4fb9-4491-ad8f-384c0687a522-articleLarge.jpg,399,600,https://static01.nyt.com/images/2022/05/07/world/07srilanka1/07srilanka1-thumbStandard.jpg,75,75,Sri Lanka’s President Declares State of Emergency Again Amid Protests,"Sri Lanka’s President Declares State of Emergency Again Amid Protests It was the second such declaration in weeks by Gotabaya Rajapaksa, whose government is being blamed for the country’s deepening economic crisis. It was the second such declaration in weeks by Gotabaya Rajapaksa, whose government is being blamed for the country’s deepening economic crisis."
,article,nyt://article/f4546d78-ef47-5c6e-8bd4-04817cc5ce7d,[],Foreign,,,2022-05-05 21:35:39+00:00,World,,The New York Times,,News,nyt://article/f4546d78-ef47-5c6e-8bd4-04817cc5ce7d,https://www.nytimes.com/2022/05/05/world/north-carolina-state-employees-will-receive-paid-time-off-to-get-booster-shots-the-governor-said.html,439,By Alexandra E. Petri,"North Carolina state employees will receive paid time off to get booster shots, the governor said.",,,"A pharmacist administering a Covid-19 booster shot on Thursday in Durham, N.C.",Veasey Conway for The New York Times,https://static01.nyt.com/images/2022/05/05/multimedia/05virus-briefing-north-carolina/05virus-briefing-north-carolina-articleLarge.jpg,400,600,https://static01.nyt.com/images/2022/05/05/multimedia/05virus-briefing-north-carolina/05virus-briefing-north-carolina-thumbStandard.jpg,75,75,"North Carolina state employees will receive paid time off to get booster shots, the governor said.","North Carolina state employees will receive paid time off to get booster shots, the governor said."
,article,nyt://article/bff5a057-1470-5df3-a86b-e2c075afbb6b,[],Foreign,,,2022-04-23 20:11:00+00:00,World,,The New York Times,Europe,Live Blog Post,nyt://article/bff5a057-1470-5df3-a86b-e2c075afbb6b,https://www.nytimes.com/live/2022/04/24/world/ukraine-russia-war-news/zelensky-blinken-austin-ukraine-visit,544,By Andrew E. Kramer,A defiant Zelensky tells reporters the U.S. secretaries of state and defense will visit Kyiv.,,,"Ukraine’s president, Volodymyr Zelensky, at a news conference in the capital, Kyiv, on Saturday.",Daniel Berehulak for The New York Times,https://static01.nyt.com/images/2022/04/23/multimedia/23ukraine-blog-zelensky-presser-01/23ukraine-blog-zelensky-presser-01-articleLarge.jpg,410,600,https://static01.nyt.com/images/2022/04/23/multimedia/23ukraine-blog-zelensky-presser-01/23ukraine-blog-zelensky-presser-01-thumbStandard.jpg,75,75,A defiant Zelensky tells reporters the U.S. secretaries of state and defense will visit Kyiv.,A defiant Zelensky tells reporters the U.S. secretaries of state and defense will visit Kyiv.
,article,nyt://article/fe722b37-0120-51eb-86f7-e2dc15d12c87,[],Foreign,,,2022-04-12 20:30:06+00:00,World,,The New York Times,Europe,News,nyt://article/fe722b37-0120-51eb-86f7-e2dc15d12c87,https://www.nytimes.com/2022/04/12/world/europe/germanys-smallest-state-is-no-1-in-vaccines.html,206,By Christopher F. Schuetze,Germany’s smallest state is No. 1 in vaccines.,,,"A mobile vaccination center in Bremen, Germany, in February. Bremen has the highest level of vaccination among the 16 German states.",Laetitia Vancon for The New York Times,https://static01.nyt.com/images/2022/04/12/world/12virus-briefing-germany-vaccines-versiongo/merlin_202219956_e715a292-3abc-4c40-aa75-a52fe99f84fa-articleLarge.jpg,400,600,https://static01.nyt.com/images/2022/04/12/world/12virus-briefing-germany-vaccines-versiongo/00germany-vaccines-03-thumbStandard.jpg,75,75,Germany’s smallest state is No. 1 in vaccines.,Germany’s smallest state is No. 1 in vaccines.
Bremen — Germany’s smallest state — managed its vaccination campaign better than any other place in Germany. It succeeded by activating community networks.,article,nyt://article/76b0eb8c-515d-5493-983f-64dd87838f43,"[{'name': 'Location', 'value': 'Bremen (Germany)', 'rank': 1}, {'name': 'Subject', 'value': 'Vaccination and Immunization', 'rank': 2}, {'name': 'Subject', 'value': 'Coronavirus (2019-nCoV)', 'rank': 3}, {'name': 'Location', 'value': 'Germany', 'rank': 4}]",Foreign,6,A,2022-04-12 16:36:18+00:00,World,Bremen — Germany’s smallest state — managed its vaccination campaign better than any other place in Germany. It succeeded by activating community networks.,The New York Times,Europe,News,nyt://article/76b0eb8c-515d-5493-983f-64dd87838f43,https://www.nytimes.com/2022/04/12/world/europe/germany-covid-vaccine-strategy.html,1298,By Christopher F. Schuetze,A German State Is Last in Almost Everything. But It’s No. 1 in Vaccines.,,How Germany’s Smallest State Is Leading the Way on Vaccines,"A mobile vaccination center, left, parked in the multicultural and densely populated district of Gröpelingen, in Bremen, Germany. The bus at right was used as a place for people to rest after being vaccinated.",Laetitia Vancon for The New York Times,https://static01.nyt.com/images/2022/04/12/world/00germany-vaccines-01/merlin_202219737_2d2a1f5c-6166-4c43-8866-f713ee80098f-articleLarge.jpg,400,600,https://static01.nyt.com/images/2022/04/12/world/00germany-vaccines-01/00germany-vaccines-01-thumbStandard.jpg,75,75,A German State Is Last in Almost Everything. But It’s No. 1 in Vaccines.,A German State Is Last in Almost Everything. But It’s No. 1 in Vaccines. Bremen — Germany’s smallest state — managed its vaccination campaign better than any other place in Germany. It succeeded by activating community networks. Bremen — Germany’s smallest state — managed its vaccination campaign better than any other place in Germany. It succeeded by activating community networks.
"A lockdown in the city of 25 million people “severely impacts travel and access to public services,” the State Department said.",article,nyt://article/2faec20f-ec34-5257-bf29-55f9f20fda72,[],Foreign,,,2022-04-12 03:26:31+00:00,World,"A lockdown in the city of 25 million people “severely impacts travel and access to public services,” the State Department said.",The New York Times,Asia Pacific,Live Blog Post,nyt://article/2faec20f-ec34-5257-bf29-55f9f20fda72,https://www.nytimes.com/live/2022/04/12/world/covid-19-mandates-cases-vaccine/us-shanghai-lockdown,367,By John Yoon,The U.S. State Department orders nonemergency workers and their families to leave Shanghai.,,,A worker in a protective suit kept watch next to barricades set around a sealed-off area during a lockdown to curb the spread of the coronavirus in Shanghai on Monday.,Aly Song/Reuters,https://static01.nyt.com/images/2022/04/12/world/12virus-briefing-shanghai-02/merlin_205347513_4c26efec-afa9-4aa6-a9bf-50274c7190fa-articleLarge.jpg,400,600,https://static01.nyt.com/images/2022/04/12/world/12virus-briefing-shanghai-02/12virus-briefing-shanghai-02-thumbStandard.jpg,75,75,The U.S. State Department orders nonemergency workers and their families to leave Shanghai.,"The U.S. State Department orders nonemergency workers and their families to leave Shanghai. A lockdown in the city of 25 million people “severely impacts travel and access to public services,” the State Department said. A lockdown in the city of 25 million people “severely impacts travel and access to public services,” the State Department said."
"Public health measures imposed under the declaration have often been strict, including bans on alcohol sales and certain types of clothing.",article,nyt://article/554e6c85-a8ac-54e8-bc8a-bb903f864369,[],Foreign,,,2022-04-04 21:11:10+00:00,World,"Public health measures imposed under the declaration have often been strict, including bans on alcohol sales and certain types of clothing.",The New York Times,,News,nyt://article/554e6c85-a8ac-54e8-bc8a-bb903f864369,https://www.nytimes.com/2022/04/04/world/south-africa-lifts-its-covid-state-of-disaster-after-two-years.html,529,By Lynsey Chutel,South Africa lifts its Covid ‘state of disaster’ after two years.,,,"Walking past an informative graffiti art work educating local Soweto residents about the dangers of the coronavirus, Johannesburg, in November.","Kim Ludbrook/EPA, via Shutterstock",https://static01.nyt.com/images/2022/05/04/world/04virus-briefing-safrica-sub/merlin_198567513_9bb0203e-c185-4a11-b471-7b1c250e184c-articleLarge.jpg,420,600,https://static01.nyt.com/images/2022/05/04/world/04virus-briefing-safrica-sub/04virus-briefing-safrica-sub-thumbStandard.jpg,75,75,South Africa lifts its Covid ‘state of disaster’ after two years.,"South Africa lifts its Covid ‘state of disaster’ after two years. Public health measures imposed under the declaration have often been strict, including bans on alcohol sales and certain types of clothing. Public health measures imposed under the declaration have often been strict, including bans on alcohol sales and certain types of clothing."
,article,nyt://article/0972ef67-dcc1-57a8-988b-a668d7731a32,[],National,,,2022-03-26 19:42:09+00:00,World,,The New York Times,,Live Blog Post,nyt://article/0972ef67-dcc1-57a8-988b-a668d7731a32,https://www.nytimes.com/live/2022/03/27/world/covid-19-mandates-cases-vaccine/hawaii-lifts-its-indoor-mask-mandate-and-travel-restrictions-the-last-state-to-do-so,658,By Meghan Miner Murray,"Hawaii lifts its indoor mask mandate and travel restrictions, the last state to do so.",,,"Hawaii dropped its indoor mask mandate as of Saturday, but many residents say they will continue to wear them anyway. The federal mask mandate for transportation remains in effect for all U.S. states.",Caleb Jones/Associated Press,https://static01.nyt.com/images/2022/03/26/lens/26virus-briefing-hawaii-01/26virus-briefing-hawaii-01-articleLarge.jpg,400,600,https://static01.nyt.com/images/2022/03/26/lens/26virus-briefing-hawaii-01/26virus-briefing-hawaii-01-thumbStandard-v2.jpg,75,75,"Hawaii lifts its indoor mask mandate and travel restrictions, the last state to do so.","Hawaii lifts its indoor mask mandate and travel restrictions, the last state to do so."
,article,nyt://article/f34f371a-420b-5553-a625-7ef06bf0fb43,[],Foreign,,,2022-03-23 20:10:32+00:00,World,,The New York Times,Europe,Live Blog Post,nyt://article/f34f371a-420b-5553-a625-7ef06bf0fb43,https://www.nytimes.com/live/2022/03/23/world/ukraine-russia-war/in-israel-the-ukraine-war-brings-new-urgency-to-arguments-about-the-purpose-of-a-jewish-state,272,By Isabel Kershner,"In Israel, the Ukraine war brings new urgency to arguments about the purpose of a Jewish state.",,,"New immigrants from Ukraine arrive in Israel on a flight sponsored by the Jewish Agency, a quasi-governmental body that assists with rescue and immigration.",Amit Elkayam for The New York Times,https://static01.nyt.com/images/2022/03/23/world/23ukraine-blog-israel-immigration-grid1/merlin_203863818_8a5a079e-4933-4d0a-886c-fab98abbd715-articleLarge.jpg,400,600,https://static01.nyt.com/images/2022/03/23/world/23ukraine-blog-israel-immigration-grid1/merlin_203863818_8a5a079e-4933-4d0a-886c-fab98abbd715-thumbStandard.jpg,75,75,"In Israel, the Ukraine war brings new urgency to arguments about the purpose of a Jewish state.","In Israel, the Ukraine war brings new urgency to arguments about the purpose of a Jewish state."
"Most Ukrainians seeking refuge in Israel are non-Jews. Some Israelis see a moral imperative to take them in, but others see a threat to the country’s Jewish character.",article,nyt://article/88364d78-d07e-5fd2-aef4-7f0b1b3ea98e,"[{'name': 'Subject', 'value': 'Jews and Judaism', 'rank': 1}, {'name': 'Subject', 'value': 'Russian Invasion of Ukraine (2022)', 'rank': 2}, {'name': 'Subject', 'value': 'Refugees and Displaced Persons', 'rank': 3}, {'name': 'Subject', 'value': 'Immigration and Emigration', 'rank': 4}, {'name': 'Organization', 'value': 'Jewish Agency for Israel', 'rank': 5}, {'name': 'Person', 'value': 'Lau, David (1966- )', 'rank': 6}]",Foreign,14,A,2022-03-23 13:59:40+00:00,World,"Most Ukrainians seeking refuge in Israel are non-Jews. Some Israelis see a moral imperative to take them in, but others see a threat to the country’s Jewish character.",The New York Times,Middle East,News,nyt://article/88364d78-d07e-5fd2-aef4-7f0b1b3ea98e,https://www.nytimes.com/2022/03/23/world/middleeast/israel-ukraine-refugees-jewish.html,1265,By Isabel Kershner,Ukraine War Ignites Israeli Debate Over Purpose of a Jewish State,,"Israelis Debate How Many, and What Kind of, Refugees to Accept","Lida Stryzhkovl, from Kyiv, Ukraine, and her grandson, Dima, waiting at Ben-Gurion Airport's train station, on their way to Beersheba, where a relative lives.",Amit Elkayam for The New York Times,https://static01.nyt.com/images/2022/03/17/world/xxISRAEL-IMMIGRATION01/merlin_203863938_9f2a9d8a-1e44-463f-877b-c4871bf2e3e5-articleLarge.jpg,400,600,https://static01.nyt.com/images/2022/03/17/world/xxISRAEL-IMMIGRATION01/xxISRAEL-IMMIGRATION01-thumbStandard.jpg,75,75,Ukraine War Ignites Israeli Debate Over Purpose of a Jewish State,"Ukraine War Ignites Israeli Debate Over Purpose of a Jewish State Most Ukrainians seeking refuge in Israel are non-Jews. Some Israelis see a moral imperative to take them in, but others see a threat to the country’s Jewish character. Most Ukrainians seeking refuge in Israel are non-Jews. Some Israelis see a moral imperative to take them in, but others see a threat to the country’s Jewish character."
,article,nyt://article/7f46dcbb-2428-5067-b751-b22666f1f12b,[],Foreign,,,2022-03-18 12:21:42+00:00,World,,The New York Times,Europe,Live Blog Post,nyt://article/7f46dcbb-2428-5067-b751-b22666f1f12b,https://www.nytimes.com/live/2022/03/18/world/ukraine-russia-war/china-media-russia-ukraine-war,563,"By Mike Ives, Amy Chang Chien and Joy Dong",China’s state media (subtly) softens its tone on the war.,,,Reading Chinese state media’s coverage on Russia’s invasion of Ukraine last month.,Jade Gao/Agence France-Presse — Getty Images,https://static01.nyt.com/images/2022/04/17/world/17ukraine-blog-china-media/merlin_202758567_8712903f-81a6-4cb0-850d-d983566134a2-articleLarge.jpg,399,600,https://static01.nyt.com/images/2022/04/17/world/17ukraine-blog-china-media/17ukraine-blog-china-media-thumbStandard.jpg,75,75,China’s state media (subtly) softens its tone on the war.,China’s state media (subtly) softens its tone on the war.
,article,nyt://article/e35ecf62-9b3c-5952-913b-b5a98ce81b85,[],Express,,,2022-03-17 02:14:44+00:00,World,,The New York Times,Europe,Live Blog Post,nyt://article/e35ecf62-9b3c-5952-913b-b5a98ce81b85,https://www.nytimes.com/live/2022/03/17/world/ukraine-russia-war/zelensky-calls-for-more-economic-sanctions-against-the-terrorist-state-of-russia,349,By Azi Paybarah,Zelensky calls for more economic sanctions against the ‘terrorist state’ of Russia.,,,Damaged vehicles and buildings in Kharkiv on Wednesday.,Pavel Dorogoy/Associated Press,https://static01.nyt.com/images/2022/03/16/world/16ukraine-blog-zelensky-speech/merlin_203939658_5ce746d6-3728-4092-9643-739dc66e2d4c-articleLarge.jpg,400,600,https://static01.nyt.com/images/2022/03/16/world/16ukraine-blog-zelensky-speech/16ukraine-blog-zelensky-speech-thumbStandard.jpg,75,75,Zelensky calls for more economic sanctions against the ‘terrorist state’ of Russia.,Zelensky calls for more economic sanctions against the ‘terrorist state’ of Russia.
,article,nyt://article/e5eed494-6c5a-57ba-8c5c-3124d1375930,"[{'name': 'Subject', 'value': 'Coronavirus (2019-nCoV)', 'rank': 1}, {'name': 'Person', 'value': 'Brown, Kate (1960- )', 'rank': 2}, {'name': 'Person', 'value': 'Inslee, Jay', 'rank': 3}, {'name': 'Location', 'value': 'Oregon', 'rank': 4}, {'name': 'Location', 'value': 'Washington (State)', 'rank': 5}, {'name': 'Subject', 'value': 'Masks', 'rank': 6}, {'name': 'Subject', 'value': 'Vaccination and Immunization', 'rank': 7}, {'name': 'Subject', 'value': 'Coronavirus Omicron Variant', 'rank': 8}]",National,,,2022-03-12 23:57:35+00:00,World,,The New York Times,,News,nyt://article/e5eed494-6c5a-57ba-8c5c-3124d1375930,https://www.nytimes.com/2022/03/13/world/oregon-washington-state-lift-statewide-mask-mandates.html,427,By Daniel Walters,"Oregon and Washington State, known for cautious Covid strategies, lift their statewide mask mandates.",,,"Placing an order at a bakery in Yakima, Wash., in 2020.",Elaine Thompson/Associated Press,https://static01.nyt.com/images/2022/04/03/us/politics/0312virus-briefing-Washington-State-Oregon/merlin_174208089_bd56176d-31ef-4baf-a9e7-5cd782592b4f-articleLarge.jpg,400,600,https://static01.nyt.com/images/2022/04/03/us/politics/0312virus-briefing-Washington-State-Oregon/merlin_174208089_bd56176d-31ef-4baf-a9e7-5cd782592b4f-thumbStandard.jpg,75,75,"Oregon and Washington State, known for cautious Covid strategies, lift their statewide mask mandates.","Oregon and Washington State, known for cautious Covid strategies, lift their statewide mask mandates."
The western state of Maharashtra on Wednesday reported no daily fatalities from the virus for the third time this month.,article,nyt://article/f8721ca6-74bb-500c-b776-425549bbc840,"[{'name': 'Subject', 'value': 'Coronavirus (2019-nCoV)', 'rank': 1}, {'name': 'Subject', 'value': 'Deaths (Fatalities)', 'rank': 2}, {'name': 'Subject', 'value': 'Vaccination and Immunization', 'rank': 3}, {'name': 'Location', 'value': 'Maharashtra (India)', 'rank': 4}]",Foreign,,,2022-03-11 10:36:47+00:00,World,The western state of Maharashtra on Wednesday reported no daily fatalities from the virus for the third time this month.,The New York Times,Asia Pacific,News,nyt://article/f8721ca6-74bb-500c-b776-425549bbc840,https://www.nytimes.com/2022/03/11/world/asia/covid-india-maharashtra-deaths.html,501,By Sameer Yasir,An Indian state that Covid once hit hard is now recording sharply lower deaths.,,,Commuters at a train station in Mumbai last week.,Jewel Samad/Agence France-Presse — Getty Images,https://static01.nyt.com/images/2022/03/11/world/11virus-briefing-india/11virus-briefing-india-articleLarge.jpg,400,600,https://static01.nyt.com/images/2022/03/11/world/11virus-briefing-india/11virus-briefing-india-thumbStandard.jpg,75,75,An Indian state that Covid once hit hard is now recording sharply lower deaths.,An Indian state that Covid once hit hard is now recording sharply lower deaths. The western state of Maharashtra on Wednesday reported no daily fatalities from the virus for the third time this month. The western state of Maharashtra on Wednesday reported no daily fatalities from the virus for the third time this month.
"Uttar Pradesh, India’s most populous state, is staying in the Bharatiya Janata Party’s hands, as the party maintains its electoral success despite mounting economic hardship.",article,nyt://article/36dce0ab-b903-570f-9b9f-d4496f547308,"[{'name': 'Location', 'value': 'India', 'rank': 1}, {'name': 'Location', 'value': 'Uttar Pradesh State (India)', 'rank': 2}, {'name': 'Person', 'value': 'Adityanath, Yogi', 'rank': 3}, {'name': 'Organization', 'value': 'Bharatiya Janata Party', 'rank': 4}, {'name': 'Person', 'value': 'Modi, Narendra', 'rank': 5}, {'name': 'Organization', 'value': 'Aam Aadmi Party (India)', 'rank': 6}, {'name': 'Organization', 'value': 'Indian National Congress', 'rank': 7}]",Foreign,7,A,2022-03-10 07:28:00+00:00,World,"Uttar Pradesh, India’s most populous state, is staying in the Bharatiya Janata Party’s hands, as the party maintains its electoral success despite mounting economic hardship.",The New York Times,Asia Pacific,News,nyt://article/36dce0ab-b903-570f-9b9f-d4496f547308,https://www.nytimes.com/2022/03/10/world/asia/india-elections-modi.html,1185,By Karan Deep Singh and Mujib Mashal,Modi’s Party Wins the Biggest Prize in India’s State Elections,,Modi’s Party Keeps Power in Key State,"B.J.P. supporters celebrate victory in Lucknow, the state capital of Uttar Pradesh, on Thursday.",Saumya Khandelwal for The New York Times,https://static01.nyt.com/images/2022/03/10/world/10India-elections-15/merlin_203578365_b7d01b8f-5f27-44a9-b276-b518524b4af6-articleLarge.jpg,400,600,https://static01.nyt.com/images/2022/03/10/world/10India-elections-15/10India-elections-15-thumbStandard.jpg,75,75,Modi’s Party Wins the Biggest Prize in India’s State Elections,"Modi’s Party Wins the Biggest Prize in India’s State Elections Uttar Pradesh, India’s most populous state, is staying in the Bharatiya Janata Party’s hands, as the party maintains its electoral success despite mounting economic hardship. Uttar Pradesh, India’s most populous state, is staying in the Bharatiya Janata Party’s hands, as the party maintains its electoral success despite mounting economic hardship."
About two-thirds of Ukraine’s population of 44 million people lived in cities before Russia’s invasion began. Now many urban areas are in the cross-hairs of war.,article,nyt://article/419a48e2-58b8-5529-9348-c7b3d38bbf1d,"[{'name': 'Location', 'value': 'Ukraine', 'rank': 1}, {'name': 'Location', 'value': 'Russia', 'rank': 2}, {'name': 'Subject', 'value': 'Russian Invasion of Ukraine (2022)', 'rank': 3}, {'name': 'Subject', 'value': 'War and Armed Conflicts', 'rank': 4}, {'name': 'Location', 'value': 'Kyiv (Ukraine)', 'rank': 5}, {'name': 'Location', 'value': 'Kherson (Ukraine)', 'rank': 6}, {'name': 'Location', 'value': 'Mariupol (Ukraine)', 'rank': 7}, {'name': 'Location', 'value': 'Kharkiv (Ukraine)', 'rank': 8}]",Foreign,,,2022-03-05 20:23:45+00:00,World,About two-thirds of Ukraine’s population of 44 million people lived in cities before Russia’s invasion began. Now many urban areas are in the cross-hairs of war.,The New York Times,Europe,News,nyt://article/419a48e2-58b8-5529-9348-c7b3d38bbf1d,https://www.nytimes.com/article/ukraine-cities.html,1835,By Damien Cave and Vjosa Isai,The State of Fighting in Ukraine’s Besieged Cities,,,Cleaning up debris after a residential building was hit by missiles in Kyiv in February.,Lynsey Addario for The New York Times,https://static01.nyt.com/images/2022/04/04/world/04ukraine-tracker01/merlin_202841250_d8485e71-aca3-4439-84fc-97a0720b6c91-articleLarge.jpg,404,600,https://static01.nyt.com/images/2022/04/04/world/04ukraine-tracker01/merlin_202841250_d8485e71-aca3-4439-84fc-97a0720b6c91-thumbStandard.jpg,75,75,The State of Fighting in Ukraine’s Besieged Cities,The State of Fighting in Ukraine’s Besieged Cities About two-thirds of Ukraine’s population of 44 million people lived in cities before Russia’s invasion began. Now many urban areas are in the cross-hairs of war. About two-thirds of Ukraine’s population of 44 million people lived in cities before Russia’s invasion began. Now many urban areas are in the cross-hairs of war.
,article,nyt://article/082d13bf-f693-53fc-ae7e-bae9d3087969,[],Foreign,,,2022-03-05 16:57:47+00:00,World,,The New York Times,Europe,Live Blog Post,nyt://article/082d13bf-f693-53fc-ae7e-bae9d3087969,https://www.nytimes.com/live/2022/03/05/world/russia-ukraine/secretary-of-state-blinken-assesses-refugee-needs-at-the-ukraine-border,319,By Lara Jakes,Secretary of State Blinken assesses refugee needs at the Ukraine border.,,,Ukrainian refugees sheltering in what a week ago was functioning as a shopping mall were visited by U.S. Secretary of State Antony J. Blinken on Saturday.,Pool photo by Olivier Douliery,https://static01.nyt.com/images/2022/03/05/multimedia/05ukraine-blog-blinken-poland-topart/05ukraine-blog-blinken-poland-topart-articleLarge.jpg,400,600,https://static01.nyt.com/images/2022/03/05/multimedia/05ukraine-blog-blinken-poland-topart/05ukraine-blog-blinken-poland-topart-thumbStandard.jpg,75,75,Secretary of State Blinken assesses refugee needs at the Ukraine border.,Secretary of State Blinken assesses refugee needs at the Ukraine border.
,article,nyt://article/ce0b8e2a-cf48-532d-b6a1-c5bb60643c7e,[],Foreign,,,2022-03-05 15:15:05+00:00,World,,The New York Times,,Live Blog Post,nyt://article/ce0b8e2a-cf48-532d-b6a1-c5bb60643c7e,https://www.nytimes.com/live/2022/03/05/world/covid-19-tests-cases-vaccine/bidens-state-of-the-virus-and-omicron-surges-in-hong-kong-and-new-zealand-the-week-in-covid-news,517,By Adeel Hassan,Biden’s state of the virus and Omicron surges in Hong Kong and New Zealand: The week in Covid news.,,,President Biden announced a “test to treat” program that would allow Americans who test positive at a pharmacy to “receive antiviral pills on the spot at no cost.”,Kenny Holston for The New York Times,https://static01.nyt.com/images/2022/03/05/us/05virus-briefing-the-week-in-covid-news/merlin_203147328_b700e775-6671-4bde-a1c9-7cc4ef3e3f30-articleLarge.jpg,400,600,https://static01.nyt.com/images/2022/03/05/us/05virus-briefing-the-week-in-covid-news/05virus-briefing-the-week-in-covid-news-thumbStandard.jpg,75,75,Biden’s state of the virus and Omicron surges in Hong Kong and New Zealand: The week in Covid news.,Biden’s state of the virus and Omicron surges in Hong Kong and New Zealand: The week in Covid news.
,article,nyt://article/7e45b191-966f-5734-883e-558ccc0db849,[],Foreign,,,2022-03-04 10:55:39+00:00,World,,The New York Times,Europe,Live Blog Post,nyt://article/7e45b191-966f-5734-883e-558ccc0db849,https://www.nytimes.com/live/2022/03/04/world/russia-ukraine/the-us-secretary-of-state-promises-nato-unity-amid-russias-invasion-of-ukraine,267,By Lara Jakes,The U.S. secretary of state promises NATO unity amid Russia’s invasion of Ukraine.,,,"Jens Stoltenberg, NATO’s secretary general, right, and Secretary of State Antony J. Blinken before a NATO meeting in Brussels on Friday.",Pool photo by Yves Herman,https://static01.nyt.com/images/2022/04/03/world/03ukraine-briefing-NATO-01/merlin_203207250_c79a40e5-282b-49c4-8230-d7b73b1af5fd-articleLarge.jpg,400,600,https://static01.nyt.com/images/2022/04/03/world/03ukraine-briefing-NATO-01/03ukraine-briefing-NATO-01-thumbStandard.jpg,75,75,The U.S. secretary of state promises NATO unity amid Russia’s invasion of Ukraine.,The U.S. secretary of state promises NATO unity amid Russia’s invasion of Ukraine.
,article,nyt://article/aac95928-8c1e-5744-8b40-62eeef153ae1,[],Foreign,,,2022-03-01 10:00:29+00:00,World,,The New York Times,Americas,News,nyt://article/aac95928-8c1e-5744-8b40-62eeef153ae1,https://www.nytimes.com/2022/03/01/world/americas/biden-will-lay-out-new-nursing-home-protections-in-his-state-of-the-union-speech.html,503,By Sheryl Gay Stolberg,Biden will lay out new nursing home protections in his State of the Union speech.,,,Nursing home residents waited to receive a Covid-19 vaccine in New York last year.,Yuki Iwamura/Associated Press,https://static01.nyt.com/images/2022/03/01/world/01virus-briefing-SOTU-nursing-homes-sub/merlin_191257761_cdefdb23-2673-4324-ae7b-68dd1883c446-articleLarge.jpg,400,600,https://static01.nyt.com/images/2022/03/01/world/01virus-briefing-SOTU-nursing-homes-sub/01virus-briefing-SOTU-nursing-homes-sub-thumbStandard.jpg,75,75,Biden will lay out new nursing home protections in his State of the Union speech.,Biden will lay out new nursing home protections in his State of the Union speech.
"This year’s address from the president, unlike last year’s, is open to all members of Congress.",article,nyt://article/e0e71e93-9b46-5a43-82e7-c80adf1eba02,"[{'name': 'Subject', 'value': 'State of the Union Message (US)', 'rank': 1}, {'name': 'Person', 'value': 'Biden, Joseph R Jr', 'rank': 2}, {'name': 'Subject', 'value': 'Coronavirus (2019-nCoV)', 'rank': 3}, {'name': 'Subject', 'value': 'Capitol Building (Washington, DC)', 'rank': 4}, {'name': 'Person', 'value': 'Greene, Marjorie Taylor (1974- )', 'rank': 5}, {'name': 'Person', 'value': 'Clyde, Andrew (1963- )', 'rank': 6}, {'name': 'Subject', 'value': 'Masks', 'rank': 7}]",Washington,,,2022-02-28 02:06:31+00:00,World,"This year’s address from the president, unlike last year’s, is open to all members of Congress.",The New York Times,,News,nyt://article/e0e71e93-9b46-5a43-82e7-c80adf1eba02,https://www.nytimes.com/2022/02/28/world/state-of-the-union-mask-mandate.html,316,By Jonathan Weisman,The mask mandate in the Capitol is being lifted in time for the State of the Union.,,,The mask mandate on the House floor at the U.S. Capitol is being lifted.,Al Drago for The New York Times,https://static01.nyt.com/images/2022/02/27/multimedia/27virus-briefing-no-masks-capitol-01/27virus-briefing-no-masks-capitol-01-articleLarge.jpg,400,600,https://static01.nyt.com/images/2022/02/27/multimedia/27virus-briefing-no-masks-capitol-01/27virus-briefing-no-masks-capitol-01-thumbStandard.jpg,75,75,The mask mandate in the Capitol is being lifted in time for the State of the Union.,"The mask mandate in the Capitol is being lifted in time for the State of the Union. This year’s address from the president, unlike last year’s, is open to all members of Congress. This year’s address from the president, unlike last year’s, is open to all members of Congress."
,article,nyt://article/3fbd777b-6fb5-5e09-8ba0-c887152228c8,[],National,,,2022-02-26 21:32:18+00:00,World,,The New York Times,,Live Blog Post,nyt://article/3fbd777b-6fb5-5e09-8ba0-c887152228c8,https://www.nytimes.com/live/2022/02/26/world/covid-19-tests-cases-vaccine/gov-newsom-lifts-many-covid-executive-orders-but-not-californias-state-of-emergency,308,By Sophie Kasakove,"Gov. Newsom lifts many Covid executive orders, but not California’s state of emergency.",,,"Gov. Gavin Newsom of California at a news conference on Feb. 17. On Friday, he said that the last of the state’s pandemic executive orders would be lifted by the end of June.","Watchara Phomicinda/The Orange County Register, via Associated Press",https://static01.nyt.com/images/2022/02/26/multimedia/26virus-briefing-california-02/26virus-briefing-california-02-articleLarge.jpg,400,600,https://static01.nyt.com/images/2022/02/26/multimedia/26virus-briefing-california-02/26virus-briefing-california-02-thumbStandard.jpg,75,75,"Gov. Newsom lifts many Covid executive orders, but not California’s state of emergency.","Gov. Newsom lifts many Covid executive orders, but not California’s state of emergency."
,article,nyt://article/2ff929cd-6ba8-584a-a314-39e62c213f84,[],Foreign,,,2022-02-26 19:32:09+00:00,World,,The New York Times,Europe,Live Blog Post,nyt://article/2ff929cd-6ba8-584a-a314-39e62c213f84,https://www.nytimes.com/live/2022/02/26/world/ukraine-russia-war/youtube-blocks-advertising-from-russian-state-owned-media,263,By Daisuke Wakabayashi,YouTube blocks advertising from Russian state-owned media.,,,,,,0,0,,0,0,YouTube blocks advertising from Russian state-owned media.,YouTube blocks advertising from Russian state-owned media.
,article,nyt://article/5735625d-0bb2-5d0d-b07d-b4739f48f855,[],Foreign,,,2022-02-26 13:02:03+00:00,World,,The New York Times,Europe,Live Blog Post,nyt://article/5735625d-0bb2-5d0d-b07d-b4739f48f855,https://www.nytimes.com/live/2022/02/26/world/ukraine-russia-war/the-state-department-says-moscows-diplomacy-was-a-pretense,183,By Michael Crowley,The State Department says Moscow’s diplomacy was a ‘pretense.’,,,"Secretary of State Antony J. Blinken, left, with the Russia’s foreign minister, Sergey V. Lavrov, before a meeting in Geneva last month.",Pool photo by Alex Brandon,https://static01.nyt.com/images/2022/03/25/world/25ukraine-briefing-diplomacy-moscow/merlin_200667282_e5f299ff-6492-4035-94e6-3fcf3ee625d9-articleLarge.jpg,400,600,https://static01.nyt.com/images/2022/03/25/world/25ukraine-briefing-diplomacy-moscow/25ukraine-briefing-diplomacy-moscow-thumbStandard.jpg,75,75,The State Department says Moscow’s diplomacy was a ‘pretense.’,The State Department says Moscow’s diplomacy was a ‘pretense.’
,article,nyt://article/5dd30175-a84b-58dc-b788-e209a288b29a,"[{'name': 'Subject', 'value': 'Defense and Military Forces', 'rank': 1}, {'name': 'Subject', 'value': 'War and Armed Conflicts', 'rank': 2}, {'name': 'Subject', 'value': 'Nuclear Weapons', 'rank': 3}, {'name': 'Person', 'value': 'Putin, Vladimir V', 'rank': 4}, {'name': 'Location', 'value': 'Russia', 'rank': 5}]",Foreign,,,2022-02-24 14:39:21+00:00,World,,The New York Times,Europe,Live Blog Post,nyt://article/5dd30175-a84b-58dc-b788-e209a288b29a,https://www.nytimes.com/live/2022/02/24/world/russia-attacks-ukraine/putin-nuclear-war-ukraine,385,By Roger Cohen,"Putin, warning against interference, says that Russia is a ‘powerful nuclear state.’",,,President Vladimir V. Putin of Russia speaking at the Kremlin in Moscow on Thursday.,"Russian Presidency, via Agence France-Presse — Getty Images",https://static01.nyt.com/images/2022/02/24/world/24ukraine-briefing-putin-nuclear-1/24ukraine-briefing-putin-nuclear-1-articleLarge.jpg,400,600,https://static01.nyt.com/images/2022/02/24/world/24ukraine-briefing-putin-nuclear-1/24ukraine-briefing-putin-nuclear-1-thumbStandard.jpg,75,75,"Putin, warning against interference, says that Russia is a ‘powerful nuclear state.’","Putin, warning against interference, says that Russia is a ‘powerful nuclear state.’"
Prime Minister Mario Draghi said on Wednesday that the situation in Italy had improved enough to allow the emergency declaration to lapse after more than two years.,article,nyt://article/306cafa1-52c1-5327-8cde-b716d2bd67ff,[],Foreign,,,2022-02-23 20:36:31+00:00,World,Prime Minister Mario Draghi said on Wednesday that the situation in Italy had improved enough to allow the emergency declaration to lapse after more than two years.,The New York Times,,Live Blog Post,nyt://article/306cafa1-52c1-5327-8cde-b716d2bd67ff,https://www.nytimes.com/live/2022/02/23/world/covid-19-tests-cases-vaccine/italy-says-it-will-end-its-pandemic-state-of-emergency-on-march-31,309,By Elisabetta Povoledo,Italy says it will end its pandemic state of emergency on March 31.,,,"People walked through Milan without masks on Feb. 11, the first day after an outdoor mask mandate was partially lifted.","Daniel Dal Zennaro/EPA, via Shutterstock",https://static01.nyt.com/images/2022/02/23/multimedia/23virus-briefing-italy-emergency/23virus-briefing-italy-emergency-articleLarge.jpg,417,600,https://static01.nyt.com/images/2022/02/23/multimedia/23virus-briefing-italy-emergency/23virus-briefing-italy-emergency-thumbStandard.jpg,75,75,Italy says it will end its pandemic state of emergency on March 31.,Italy says it will end its pandemic state of emergency on March 31. Prime Minister Mario Draghi said on Wednesday that the situation in Italy had improved enough to allow the emergency declaration to lapse after more than two years. Prime Minister Mario Draghi said on Wednesday that the situation in Italy had improved enough to allow the emergency declaration to lapse after more than two years.
,article,nyt://article/50176483-df3b-5444-9ba5-538e3c8540fd,[],Foreign,,,2022-02-23 11:53:38+00:00,World,,The New York Times,Europe,Live Blog Post,nyt://article/50176483-df3b-5444-9ba5-538e3c8540fd,https://www.nytimes.com/live/2022/02/23/world/russia-ukraine-putin/ukraine-is-set-to-declare-a-state-of-emergency,328,By Valerie Hopkins,Ukraine declares a 30-day state of emergency.,,,Some residents fled the town of Shchastia in eastern Ukraine on Tuesday.,Tyler Hicks/The New York Times,https://static01.nyt.com/images/2022/02/23/world/23ukraine-briefing-ukraine-emergency-sub/merlin_202688412_55df1d11-d564-4973-9f9f-f0fb101c8506-articleLarge.jpg,400,600,https://static01.nyt.com/images/2022/02/23/world/23ukraine-briefing-ukraine-emergency-sub/merlin_202688412_55df1d11-d564-4973-9f9f-f0fb101c8506-thumbStandard.jpg,75,75,Ukraine declares a 30-day state of emergency.,Ukraine declares a 30-day state of emergency.
"Ukraine’s minister of digital transformation, Mykhailo Fedorov, said the attack “bore traces of foreign intelligence services.”",article,nyt://article/ccab067a-dde5-57ea-833c-b76b2e9ad516,"[{'name': 'Subject', 'value': 'Cyberattacks and Hackers', 'rank': 1}, {'name': 'Subject', 'value': 'Cyberwarfare and Defense', 'rank': 2}, {'name': 'Location', 'value': 'Ukraine', 'rank': 3}, {'name': 'Subject', 'value': 'Computers and the Internet', 'rank': 4}, {'name': 'Subject', 'value': 'War and Armed Conflicts', 'rank': 5}]",Foreign,,,2022-02-15 18:43:42+00:00,World,"Ukraine’s minister of digital transformation, Mykhailo Fedorov, said the attack “bore traces of foreign intelligence services.”",The New York Times,Europe,News,nyt://article/ccab067a-dde5-57ea-833c-b76b2e9ad516,https://www.nytimes.com/2022/02/15/world/europe/ukraine-cyberattack.html,694,By Valerie Hopkins,"A hack of the Defense Ministry, army and state banks was the largest of its kind in Ukraine’s history.",,,"Serhiy Prokopenko, head of Ukraine’s Head of the National Center of Cyber Security on February 14, 2022.",Michael Downey for The New York Times,https://static01.nyt.com/images/2022/02/15/world/europe/UKRAINE-CYBER/UKRAINE-CYBER-articleLarge.jpg,338,600,https://static01.nyt.com/images/2022/02/15/world/europe/UKRAINE-CYBER/UKRAINE-CYBER-thumbStandard.jpg,75,75,"A hack of the Defense Ministry, army and state banks was the largest of its kind in Ukraine’s history.","A hack of the Defense Ministry, army and state banks was the largest of its kind in Ukraine’s history. Ukraine’s minister of digital transformation, Mykhailo Fedorov, said the attack “bore traces of foreign intelligence services.” Ukraine’s minister of digital transformation, Mykhailo Fedorov, said the attack “bore traces of foreign intelligence services.”"
Some thoughts on a better politics — and some relief Australia isn’t America.,article,nyt://article/fd75aeb1-2c17-582b-b69b-2793bb5e5873,"[{'name': 'Subject', 'value': 'Politics and Government', 'rank': 1}, {'name': 'Location', 'value': 'Australia', 'rank': 2}]",Foreign,,,2022-02-11 07:52:23+00:00,World,Some thoughts on a better politics — and some relief Australia isn’t America.,The New York Times,Australia,News,nyt://article/fd75aeb1-2c17-582b-b69b-2793bb5e5873,https://www.nytimes.com/2022/02/11/world/australia/state-of-politics.html,1334,By Besha Rodell,Readers Reflect on the State of Australian Politics,Letter 244,,Prime Minister Scott Morrison of Australia.,"Mick Tsikas/EPA, via Shutterstock",https://static01.nyt.com/images/2022/02/04/world/04ausletter243-1/04ausletter243-1-articleLarge.jpg,400,600,https://static01.nyt.com/images/2022/02/04/world/04ausletter243-1/04ausletter243-1-thumbStandard.jpg,75,75,Readers Reflect on the State of Australian Politics,Readers Reflect on the State of Australian Politics Some thoughts on a better politics — and some relief Australia isn’t America. Some thoughts on a better politics — and some relief Australia isn’t America.
"While many voters say they are concerned about the economy, the prime minister’s party has placed a focus on religion, with often polarizing effects.",article,nyt://article/d21ff53a-8980-59f8-93c1-de845eaa5afe,"[{'name': 'Subject', 'value': 'Politics and Government', 'rank': 1}, {'name': 'Subject', 'value': 'Elections', 'rank': 2}, {'name': 'Subject', 'value': 'Voting and Voters', 'rank': 3}, {'name': 'Subject', 'value': 'Economic Conditions and Trends', 'rank': 4}, {'name': 'Subject', 'value': 'Coronavirus (2019-nCoV)', 'rank': 5}, {'name': 'Subject', 'value': 'Hinduism', 'rank': 6}, {'name': 'Person', 'value': 'Modi, Narendra', 'rank': 7}, {'name': 'Person', 'value': 'Adityanath, Yogi', 'rank': 8}, {'name': 'Location', 'value': 'Uttar Pradesh State (India)', 'rank': 9}]",Foreign,8,A,2022-02-10 10:37:30+00:00,World,"While many voters say they are concerned about the economy, the prime minister’s party has placed a focus on religion, with often polarizing effects.",The New York Times,Asia Pacific,News,nyt://article/d21ff53a-8980-59f8-93c1-de845eaa5afe,https://www.nytimes.com/2022/02/10/world/asia/india-election-modi-uttar-pradesh.html,1159,By Hari Kumar and Emily Schmall,A Bellwether for Narendra Modi as India’s Largest State Goes to the Polls,,Modi’s Focus on Religion Is Tested as States Vote,Voting began on Thursday in the state of Uttar Pradesh in northern India.,Manish Swarup/Associated Press,https://static01.nyt.com/images/2022/02/10/world/10india-election-01/10india-election-01-articleLarge.jpg,400,600,https://static01.nyt.com/images/2022/02/10/world/10india-election-01/10india-election-01-thumbStandard.jpg,75,75,A Bellwether for Narendra Modi as India’s Largest State Goes to the Polls,"A Bellwether for Narendra Modi as India’s Largest State Goes to the Polls While many voters say they are concerned about the economy, the prime minister’s party has placed a focus on religion, with often polarizing effects. While many voters say they are concerned about the economy, the prime minister’s party has placed a focus on religion, with often polarizing effects."
"Though case numbers are at a record level, Germany is recording relatively few Covid deaths and stable hospitalization rates.",article,nyt://article/5e6b2164-c600-52e3-a1e1-a411f61a1a24,"[{'name': 'Subject', 'value': 'Coronavirus (2019-nCoV)', 'rank': 1}, {'name': 'Subject', 'value': 'Vaccination and Immunization', 'rank': 2}, {'name': 'Location', 'value': 'Germany', 'rank': 3}, {'name': 'Location', 'value': 'Saarland (Germany)', 'rank': 4}, {'name': 'Location', 'value': 'Schleswig-Holstein (Germany)', 'rank': 5}, {'name': 'Location', 'value': 'Bavaria (Germany)', 'rank': 6}, {'name': 'Location', 'value': 'Berlin (Germany)', 'rank': 7}, {'name': 'Location', 'value': 'Brandenburg (Germany)', 'rank': 8}, {'name': 'Location', 'value': 'Hesse (Germany)', 'rank': 9}]",Foreign,,,2022-02-09 13:22:13+00:00,World,"Though case numbers are at a record level, Germany is recording relatively few Covid deaths and stable hospitalization rates.",The New York Times,Europe,News,nyt://article/5e6b2164-c600-52e3-a1e1-a411f61a1a24,https://www.nytimes.com/2022/02/09/world/europe/germany-covid-restrictions.html,312,By Christopher F. Schuetze,"State by state, Germany relaxes its Covid rules, even as cases surge.",,,A department store in Berlin last year. Several German states are loosening Covid restrictions even as the country’s caseload rises.,Sean Gallup/Getty Images,https://static01.nyt.com/images/2022/02/09/world/09virus-briefing-germany-update-02/merlin_198583440_00976fd1-8096-4531-b09a-1922849dfcbf-articleLarge.jpg,400,600,https://static01.nyt.com/images/2022/02/09/world/09virus-briefing-germany-update-02/09virus-briefing-germany-update-02-thumbStandard.jpg,75,75,"State by state, Germany relaxes its Covid rules, even as cases surge.","State by state, Germany relaxes its Covid rules, even as cases surge. Though case numbers are at a record level, Germany is recording relatively few Covid deaths and stable hospitalization rates. Though case numbers are at a record level, Germany is recording relatively few Covid deaths and stable hospitalization rates."
A 10-day demonstration by truckers and other protesters has ensnarled Canada’s capital and led officials to warn that things could turn violent.,article,nyt://article/f6ac6884-3885-56cc-b3b6-ea048a6125d8,"[{'name': 'Location', 'value': 'Canada', 'rank': 1}, {'name': 'Subject', 'value': 'Demonstrations, Protests and Riots', 'rank': 2}, {'name': 'Location', 'value': 'Ottawa (Ontario)', 'rank': 3}, {'name': 'Subject', 'value': 'Trucks and Trucking', 'rank': 4}, {'name': 'Subject', 'value': 'Politics and Government', 'rank': 5}]",Foreign,8,A,2022-02-07 00:53:48+00:00,World,A 10-day demonstration by truckers and other protesters has ensnarled Canada’s capital and led officials to warn that things could turn violent.,The New York Times,Americas,News,nyt://article/f6ac6884-3885-56cc-b3b6-ea048a6125d8,https://www.nytimes.com/2022/02/06/world/americas/canada-trucker-protest-ottawa.html,837,By Ian Austen and Dan Bilefsky,Ottawa Mayor Declares State of Emergency Amid Antigovernment Protests,,Truckers’ Protests Grow in Canada,Protesters in Ottawa on Sunday.,Lars Hagberg/Reuters,https://static01.nyt.com/images/2022/02/07/multimedia/07canada-truckers/07canada-truckers-articleLarge.jpg,400,600,https://static01.nyt.com/images/2022/02/07/multimedia/07canada-truckers/07canada-truckers-thumbStandard.jpg,75,75,Ottawa Mayor Declares State of Emergency Amid Antigovernment Protests,Ottawa Mayor Declares State of Emergency Amid Antigovernment Protests A 10-day demonstration by truckers and other protesters has ensnarled Canada’s capital and led officials to warn that things could turn violent. A 10-day demonstration by truckers and other protesters has ensnarled Canada’s capital and led officials to warn that things could turn violent.
,article,nyt://article/8257c743-e94c-53b3-b9b5-a0b4a6c283e4,[],Foreign,,,2022-02-05 16:24:34+00:00,World,,The New York Times,Canada,Live Blog Post,nyt://article/8257c743-e94c-53b3-b9b5-a0b4a6c283e4,https://www.nytimes.com/live/2022/02/06/world/covid-test-vaccine-cases/canadas-capital-paralyzed-by-a-trucker-led-protest-against-vaccine-mandates-braces-for-more-protesters,351,By Ian Austen and Vjosa Isai,Ottawa declares a state of emergency as protests against pandemic measures spread across Canada.,,,Canadian truckers and their supporters gathered on a closed street in Ottawa on Friday during protests against Covid vaccine mandates.,Lars Hagberg/Reuters,https://static01.nyt.com/images/2022/03/04/world/05virus-briefing-canada-truckers/merlin_201364047_8818c7c2-14fd-420b-b725-e47c85296e10-articleLarge.jpg,400,600,https://static01.nyt.com/images/2022/03/04/world/05virus-briefing-canada-truckers/04virus-briefing-canada-truckers-thumbStandard.jpg,75,75,Ottawa declares a state of emergency as protests against pandemic measures spread across Canada.,Ottawa declares a state of emergency as protests against pandemic measures spread across Canada.
A daring raid by U.S. Special Operations forces that resulted in the death of the ISIS leader offered a vivid reminder that the chaos in Syria continues to reverberate.,article,nyt://article/f5268f2a-9854-59d6-8914-dda9dddfd5a5,"[{'name': 'Subject', 'value': 'Terrorism', 'rank': 1}, {'name': 'Subject', 'value': 'Civilian Casualties', 'rank': 2}, {'name': 'Subject', 'value': 'United States Defense and Military Forces', 'rank': 3}, {'name': 'Subject', 'value': 'War and Armed Conflicts', 'rank': 4}, {'name': 'Organization', 'value': 'Islamic State in Iraq and Syria (ISIS)', 'rank': 5}, {'name': 'Person', 'value': 'al-Qurayshi, Abu Ibrahim al-Hashemi', 'rank': 6}, {'name': 'Location', 'value': 'Afghanistan', 'rank': 7}, {'name': 'Location', 'value': 'Iraq', 'rank': 8}, {'name': 'Location', 'value': 'Syria', 'rank': 9}]",Foreign,8,A,2022-02-04 16:03:01+00:00,World,A daring raid by U.S. Special Operations forces that resulted in the death of the ISIS leader offered a vivid reminder that the chaos in Syria continues to reverberate.,The New York Times,Middle East,News,nyt://article/f5268f2a-9854-59d6-8914-dda9dddfd5a5,https://www.nytimes.com/2022/02/04/world/middleeast/islamic-state-syria-raid-takeaways.html,1442,By Shashank Bengali and Marc Santora,Five Takeaways From the U.S. Raid That Killed the Islamic State’s Leader,,U.S. Raid on Islamic State Offers Reminder of Enduring Chaos in Syria,"The house in Atmeh, Syria, in which Abu Ibrahim al-Hashimi al-Qurayshi, the leader of the Islamic State, was living.",Aaref Watad/Agence France-Presse — Getty Images,https://static01.nyt.com/images/2022/02/04/world/04syria-takeaways/04syria-takeaways-articleLarge.jpg,400,600,https://static01.nyt.com/images/2022/02/04/world/04syria-takeaways/04syria-takeaways-thumbStandard.jpg,75,75,Five Takeaways From the U.S. Raid That Killed the Islamic State’s Leader,Five Takeaways From the U.S. Raid That Killed the Islamic State’s Leader A daring raid by U.S. Special Operations forces that resulted in the death of the ISIS leader offered a vivid reminder that the chaos in Syria continues to reverberate. A daring raid by U.S. Special Operations forces that resulted in the death of the ISIS leader offered a vivid reminder that the chaos in Syria continues to reverberate.
,article,nyt://article/5f43964b-d28a-5f4d-acfb-2d701838e0da,[],Foreign,,,2022-02-04 10:35:56+00:00,World,,The New York Times,Asia Pacific,Live Blog Post,nyt://article/5f43964b-d28a-5f4d-acfb-2d701838e0da,https://www.nytimes.com/live/2022/02/03/world/russia-ukraine-xi-putin/chinese-state-media-offered-breathless-coverage-of-the-meeting,434,By Vivian Wang and Joy Dong,Chinese state media offered breathless coverage of the meeting.,,,"President Vladimir V. Putin of Russia met with China’s leader, Xi Jinping, in Beijing on Friday.","Alexei Druzhinin/Sputnik, via Agence France-Presse — Getty Images",https://static01.nyt.com/images/2022/02/04/world/04ukraine-briefing-china-react/merlin_201319821_ef470e1c-7bcb-4da6-bdf6-506a60798f3b-articleLarge.jpg,398,600,https://static01.nyt.com/images/2022/02/04/world/04ukraine-briefing-china-react/merlin_201319821_ef470e1c-7bcb-4da6-bdf6-506a60798f3b-thumbStandard.jpg,75,75,Chinese state media offered breathless coverage of the meeting.,Chinese state media offered breathless coverage of the meeting.
"Amid rising tensions with the West, Moscow is taking harsh action against DW, which it said was retaliation for Germany barring a Russian broadcaster, RT.",article,nyt://article/2ddb7701-ff2f-5b2a-809b-9eb43c8f1fc7,"[{'name': 'Subject', 'value': 'Freedom of the Press', 'rank': 1}, {'name': 'Subject', 'value': 'News and News Media', 'rank': 2}, {'name': 'Subject', 'value': 'Censorship', 'rank': 3}, {'name': 'Organization', 'value': 'Deutsche Welle', 'rank': 4}, {'name': 'Organization', 'value': 'RT (TV Network)', 'rank': 5}, {'name': 'Location', 'value': 'Russia', 'rank': 6}, {'name': 'Location', 'value': 'Germany', 'rank': 7}]",Foreign,,,2022-02-03 17:25:09+00:00,World,"Amid rising tensions with the West, Moscow is taking harsh action against DW, which it said was retaliation for Germany barring a Russian broadcaster, RT.",The New York Times,Europe,Live Blog Post,nyt://article/2ddb7701-ff2f-5b2a-809b-9eb43c8f1fc7,https://www.nytimes.com/live/2022/02/03/world/ukraine-russia-news/russia-deutsche-welle,481,By Valerie Hopkins,Russia says it will shut down a German state broadcaster.,,,The building housing Germany’s state-owned broadcaster Deutsche Welle in Moscow on Thursday.,"Yuri Kochetkov/EPA, via Shutterstock",https://static01.nyt.com/images/2022/02/03/world/03ukraine-briefing-dw1/merlin_201278373_2ddbecf7-7afc-4557-8925-60850b87d1fc-articleLarge.jpg,409,600,https://static01.nyt.com/images/2022/02/03/world/03ukraine-briefing-dw1/03ukraine-briefing-dw1-thumbStandard.jpg,75,75,Russia says it will shut down a German state broadcaster.,"Russia says it will shut down a German state broadcaster. Amid rising tensions with the West, Moscow is taking harsh action against DW, which it said was retaliation for Germany barring a Russian broadcaster, RT. Amid rising tensions with the West, Moscow is taking harsh action against DW, which it said was retaliation for Germany barring a Russian broadcaster, RT."
,article,nyt://article/479f6b47-00db-5261-a17e-e6feaa04b428,[],Washington,,,2022-02-03 12:56:40+00:00,World,,The New York Times,,News,nyt://article/479f6b47-00db-5261-a17e-e6feaa04b428,https://www.nytimes.com/2022/02/03/world/the-islamic-state-has-shown-in-that-it-can-still-pull-off-military-operations.html,324,By Ben Hubbard,The Islamic State has shown that it can still pull off military operations.,,,"Kurdish security forces searching for Islamic State fighters near the Ghweiran prison in Hasaka, northeastern Syria, in January.",Diego Ibarra Sanchez for The New York Times,https://static01.nyt.com/images/2022/02/03/world/03isis-briefing-lede/merlin_200963796_93182da9-6d45-4e6a-8ea8-a1924bdf3796-articleLarge.jpg,400,600,https://static01.nyt.com/images/2022/02/03/world/03isis-briefing-lede/03isis-briefing-lede-thumbStandard.jpg,75,75,The Islamic State has shown that it can still pull off military operations.,The Islamic State has shown that it can still pull off military operations.
“ISIS is not over”: Attacks in Syria and Iraq make clear that the militants have lost neither their will to fight nor their ability to do so.,article,nyt://article/174a3934-68f2-56fa-bcf8-d48bf2feebb3,"[{'name': 'Organization', 'value': 'Islamic State in Iraq and Syria (ISIS)', 'rank': 1}, {'name': 'Subject', 'value': 'United States Defense and Military Forces', 'rank': 2}, {'name': 'Subject', 'value': 'Terrorism', 'rank': 3}, {'name': 'Subject', 'value': 'War and Armed Conflicts', 'rank': 4}, {'name': 'Organization', 'value': 'Syrian Democratic Forces', 'rank': 5}, {'name': 'Location', 'value': 'Syria', 'rank': 6}, {'name': 'Location', 'value': 'Iraq', 'rank': 7}, {'name': 'Subject', 'value': 'Prison Escapes', 'rank': 8}]",Foreign,6,A,2022-01-25 23:16:00+00:00,World,“ISIS is not over”: Attacks in Syria and Iraq make clear that the militants have lost neither their will to fight nor their ability to do so.,The New York Times,Middle East,News,nyt://article/174a3934-68f2-56fa-bcf8-d48bf2feebb3,https://www.nytimes.com/2022/01/25/world/middleeast/isis-syria.html,1206,By Jane Arraf and Ben Hubbard,"As Islamic State Resurges, U.S. Is Drawn Back Into the Fray",,"In Its Biggest Confrontation With ISIS in Years, the U.S. Fights a Resurgence","An American military vehicle patrolling on Monday in Hasaka, Syria.","Ahmed Mardnli/EPA, via Shutterstock",https://static01.nyt.com/images/2022/01/25/world/25syria-ledeall-1/merlin_200833671_c52a8b0b-36e0-413e-bdca-b685912a88af-articleLarge.jpg,366,600,https://static01.nyt.com/images/2022/01/25/world/25syria-ledeall-1/25syria-ledeall-1-thumbStandard.jpg,75,75,"As Islamic State Resurges, U.S. Is Drawn Back Into the Fray","As Islamic State Resurges, U.S. Is Drawn Back Into the Fray “ISIS is not over”: Attacks in Syria and Iraq make clear that the militants have lost neither their will to fight nor their ability to do so. “ISIS is not over”: Attacks in Syria and Iraq make clear that the militants have lost neither their will to fight nor their ability to do so."
,article,nyt://article/e4bb1097-1efe-57ec-abb7-68a0bbbbfbc5,"[{'name': 'Location', 'value': 'Japan', 'rank': 1}, {'name': 'Subject', 'value': 'Coronavirus (2019-nCoV)', 'rank': 2}, {'name': 'Location', 'value': 'Osaka (Japan)', 'rank': 3}, {'name': 'Location', 'value': 'Okinawa and Other Ryukyu Islands (Japan)', 'rank': 4}, {'name': 'Location', 'value': 'Tokyo (Japan)', 'rank': 5}]",Foreign,,,2022-01-19 10:35:14+00:00,World,,The New York Times,Asia Pacific,News,nyt://article/e4bb1097-1efe-57ec-abb7-68a0bbbbfbc5,https://www.nytimes.com/2022/01/19/world/asia/japan-places-tokyo-and-12-other-prefectures-under-a-quasi-state-of-emergency-because-of-omicron.html,218,By Hikari Hida,Japan places Tokyo and 12 other prefectures under a quasi-state of emergency because of Omicron.,,,Tokyo last week. Thirteen additional prefectures in Japan will be placed under a quasi-state of emergency because of a rise in Omicron cases.,Carl Court/Getty Images,https://static01.nyt.com/images/2022/01/19/world/19virus-briefing-japan-emergency/merlin_200234739_53d1f560-73ec-4e1e-8915-5d894f52f52c-articleLarge.jpg,400,600,https://static01.nyt.com/images/2022/01/19/world/19virus-briefing-japan-emergency/19virus-briefing-japan-emergency-thumbStandard.jpg,75,75,Japan places Tokyo and 12 other prefectures under a quasi-state of emergency because of Omicron.,Japan places Tokyo and 12 other prefectures under a quasi-state of emergency because of Omicron.
A German court found a former Syrian intelligence officer guilty of crimes against humanity and sentenced him to life in prison — a first after a decade of war.,article,nyt://article/9b2e9447-86e6-5360-91fe-c947ad433fe2,"[{'name': 'Location', 'value': 'Germany', 'rank': 1}, {'name': 'Location', 'value': 'Syria', 'rank': 2}, {'name': 'Person', 'value': 'Raslan, Anwar (1963- )', 'rank': 3}, {'name': 'Subject', 'value': 'War Crimes, Genocide and Crimes Against Humanity', 'rank': 4}, {'name': 'Subject', 'value': 'Defense and Military Forces', 'rank': 5}, {'name': 'Subject', 'value': 'Torture', 'rank': 6}, {'name': 'Person', 'value': 'Assad, Bashar al-', 'rank': 7}, {'name': 'Subject', 'value': 'Decisions and Verdicts', 'rank': 8}]",Foreign,1,A,2022-01-13 21:53:52+00:00,World,A German court found a former Syrian intelligence officer guilty of crimes against humanity and sentenced him to life in prison — a first after a decade of war.,The New York Times,Middle East,News,nyt://article/9b2e9447-86e6-5360-91fe-c947ad433fe2,https://www.nytimes.com/2022/01/13/world/middleeast/verdict-syria-war-crimes.html,1262,By Ben Hubbard and Katrin Bennhold,"Murder, Torture, Rape: A Landmark Conviction on State Violence in Syria",,A Landmark Conviction on Syrian War Crimes,"The former Syrian intelligence officer Anwar Raslan in the courtroom on Thursday in Koblenz, Germany.",Pool photo by Thomas Frey,https://static01.nyt.com/images/2022/01/13/world/13syria-germany/merlin_200294628_a61c80ca-6326-4f34-8f4b-96c4d4c7d814-articleLarge.jpg,419,600,https://static01.nyt.com/images/2022/01/13/world/13syria-germany/13syria-germany-thumbStandard.jpg,75,75,"Murder, Torture, Rape: A Landmark Conviction on State Violence in Syria","Murder, Torture, Rape: A Landmark Conviction on State Violence in Syria A German court found a former Syrian intelligence officer guilty of crimes against humanity and sentenced him to life in prison — a first after a decade of war. A German court found a former Syrian intelligence officer guilty of crimes against humanity and sentenced him to life in prison — a first after a decade of war."
,article,nyt://article/89b99a1b-ebd6-5fa5-9199-494bec2b02d7,[],Foreign,,,2022-01-10 11:52:07+00:00,World,,The New York Times,Europe,Live Blog Post,nyt://article/89b99a1b-ebd6-5fa5-9199-494bec2b02d7,https://www.nytimes.com/live/2022/01/10/world/russia-us-ukraine-talks/how-russias-state-media-are-portraying-the-talks,312,By Valerie Hopkins,How Russia’s state media are portraying the talks.,,,"In Moscow earlier this month. Fear of a third world war is the second most common worry held by Russians, according to a recent poll.","Yuri Kochetkov/EPA, via Shutterstock",https://static01.nyt.com/images/2022/01/10/world/10us-russia-briefing-media/merlin_199884558_3725f019-88d6-4f01-890a-2a91b843ee9b-articleLarge.jpg,365,600,https://static01.nyt.com/images/2022/01/10/world/10us-russia-briefing-media/merlin_199884558_3725f019-88d6-4f01-890a-2a91b843ee9b-thumbStandard.jpg,75,75,How Russia’s state media are portraying the talks.,How Russia’s state media are portraying the talks.
,article,nyt://article/914c4c96-1292-50d7-9520-0139896683ac,[],Metro,,,2022-01-08 23:27:59+00:00,World,,The New York Times,,Live Blog Post,nyt://article/914c4c96-1292-50d7-9520-0139896683ac,https://www.nytimes.com/live/2022/01/08/world/omicron-covid-vaccine-tests/the-number-of-new-york-state-hospitals-that-must-cancel-elective-surgeries-grows-to-40,472,By Andrés R. Martínez,The number of New York State hospitals that must cancel elective surgeries grows to 40.,,,"With more hospitals approaching capacity, New York has ordered 40 across the state to cancel elective procedures for at least two weeks, starting on Thursday.",John Minchillo/Associated Press,https://static01.nyt.com/images/2022/01/08/multimedia/08virus-briefing-ny-hospitals-surgery-01/08virus-briefing-ny-hospitals-surgery-01-articleLarge.jpg,400,600,https://static01.nyt.com/images/2022/01/08/multimedia/08virus-briefing-ny-hospitals-surgery-01/08virus-briefing-ny-hospitals-surgery-01-thumbStandard.jpg,75,75,The number of New York State hospitals that must cancel elective surgeries grows to 40.,The number of New York State hospitals that must cancel elective surgeries grows to 40.
",",article,nyt://article/7460df29-05b6-5a4c-b3f3-a3dd6cb79655,[],Live,,,2022-01-05 02:51:05+00:00,World,",",The New York Times,,Live Blog Post,nyt://article/7460df29-05b6-5a4c-b3f3-a3dd6cb79655,https://www.nytimes.com/live/2022/01/04/world/omicron-covid-vaccine-tests/a-lawsuit-filed-by-texas-governor-reveals-that-many-of-the-states-army-national-guard-refused-vaccines,484,By Andrea Kannapell,A lawsuit filed by Texas governor reveals that many of the state’s Army National Guard refused vaccines.,,,"Gov. Greg Abbott of Texas greeting members of the National Guard in September after a news conference in the city of Del Rio, where thousands of Haitian migrants attempted to cross the border from Mexico. ",Julio Cortez/Associated Press,https://static01.nyt.com/images/2022/01/04/multimedia/04virus-briefing-texas-national-guard/04virus-briefing-texas-national-guard-articleLarge.jpg,400,600,https://static01.nyt.com/images/2022/01/04/multimedia/04virus-briefing-texas-national-guard/04virus-briefing-texas-national-guard-thumbStandard.jpg,75,75,A lawsuit filed by Texas governor reveals that many of the state’s Army National Guard refused vaccines.,"A lawsuit filed by Texas governor reveals that many of the state’s Army National Guard refused vaccines. , ,"
,article,nyt://article/82b812ae-92d9-5f1a-a941-a8e2527c9482,[],Foreign,,,2022-01-05 00:54:03+00:00,World,,The New York Times,,Live Blog Post,nyt://article/82b812ae-92d9-5f1a-a941-a8e2527c9482,https://www.nytimes.com/live/2022/01/04/world/omicron-covid-vaccine-tests/marylands-governor-declares-a-30-day-state-of-emergency-as-cases-soar,312,By Azi Paybarah,Maryland’s governor declares a 30-day state of emergency as cases soar.,,,"Maryland Gov. Larry Hogan with Maryland Health Secretary Dennis Schrader during a news conference last month in Annapolis, Md. Gov. Hogan declared a 30-day state of emergency on Tuesday.",Brian Witte/Associated Press,https://static01.nyt.com/images/2022/01/04/multimedia/04virus-briefing-maryland-emergency/04virus-briefing-maryland-emergency-articleLarge.jpg,400,600,https://static01.nyt.com/images/2022/01/04/multimedia/04virus-briefing-maryland-emergency/04virus-briefing-maryland-emergency-thumbStandard.jpg,75,75,Maryland’s governor declares a 30-day state of emergency as cases soar.,Maryland’s governor declares a 30-day state of emergency as cases soar.
Thousands took to the street as gas prices doubled. The government responded with curfews and tear gas. The president later announced the resignation of the government.,article,nyt://article/c7bf0dc7-8686-525d-9d52-7caa8099ed80,"[{'name': 'Location', 'value': 'Kazakhstan', 'rank': 1}, {'name': 'Subject', 'value': 'Demonstrations, Protests and Riots', 'rank': 2}, {'name': 'Subject', 'value': 'Prices (Fares, Fees and Rates)', 'rank': 3}, {'name': 'Subject', 'value': 'Oil (Petroleum) and Gasoline', 'rank': 4}, {'name': 'Person', 'value': 'Tokayev, Kassym-Jomart', 'rank': 5}, {'name': 'Person', 'value': 'Nazarbayev, Nursultan A', 'rank': 6}, {'name': 'Subject', 'value': 'Politics and Government', 'rank': 7}]",Foreign,9,A,2022-01-05 00:48:48+00:00,World,Thousands took to the street as gas prices doubled. The government responded with curfews and tear gas. The president later announced the resignation of the government.,The New York Times,Europe,News,nyt://article/c7bf0dc7-8686-525d-9d52-7caa8099ed80,https://www.nytimes.com/2022/01/04/world/europe/kazakhstan-emergency-protests-fuel.html,526,By Valerie Hopkins,Kazakhstan Declares State of Emergency as Protests Over Fuel Prices Spread,,Rising Fuel Prices Spur Anger in Kazakhstan,"Protesters facing off against riot police early Wednesday morning in the center of Almaty, Kazakhstan’s largest city.",Vladimir Tretyakov/Associated Press,https://static01.nyt.com/images/2022/01/04/world/04Kazakhstan-emergency-1/merlin_199923705_292a037d-40d4-45a9-afcc-e028896c0ed5-articleLarge.jpg,400,600,https://static01.nyt.com/images/2022/01/04/world/04Kazakhstan-emergency-1/04Kazakhstan-emergency-1-thumbStandard.jpg,75,75,Kazakhstan Declares State of Emergency as Protests Over Fuel Prices Spread,Kazakhstan Declares State of Emergency as Protests Over Fuel Prices Spread Thousands took to the street as gas prices doubled. The government responded with curfews and tear gas. The president later announced the resignation of the government. Thousands took to the street as gas prices doubled. The government responded with curfews and tear gas. The president later announced the resignation of the government.
