abstract,document_type,_id,keywords,news_desk,print_page,print_section,pub_date,section_name,snippet,source,subsection_name,type_of_material,uri,web_url,word_count,byline.original,headline.main,headline.kicker,headline.print_headline,multimedia.caption,multimedia.credit,multimedia.default.url,multimedia.default.height,multimedia.default.width,multimedia.thumbnail.url,multimedia.thumbnail.height,multimedia.thumbnail.width,headline,text
"As the renewed clashes in the north of the enclave neared the three-month mark, there was no sign of them abating.",article,nyt://article/8ea53bbf-c7a0-528e-9ef0-9be10a0310c9,"[{'name': 'Subject', 'value': 'Israel-Gaza War (2023- )', 'rank': 1}, {'name': 'Subject', 'value': 'Defense and Military Forces', 'rank': 2}, {'name': 'Organization', 'value': 'Kamal Adwan Hospital (Gaza Strip)', 'rank': 3}, {'name': 'Location', 'value': 'Gaza Strip', 'rank': 4}, {'name': 'Location', 'value': 'Israel', 'rank': 5}, {'name': 'Organization', 'value': 'Hamas', 'rank': 6}, {'name': 'Location', 'value': 'Beit Hanoun (Gaza Strip)', 'rank': 7}, {'name': 'Location', 'value': 'Jabaliya Refugee Camp (Gaza Strip)', 'rank': 8}]",Foreign,,,2024-12-30 21:48:54+00:00,World,"As the renewed clashes in the north of the enclave neared the three-month mark, there was no sign of them abating.",The New York Times,Middle East,News,nyt://article/8ea53bbf-c7a0-528e-9ef0-9be10a0310c9,https://www.nytimes.com/2024/12/30/world/middleeast/israel-hamas-northern-gaza.html,825,By Ephrat Livni,Israel and Hamas Each Claim Wins in Fierce Fighting in Northern Gaza,,,A funeral for an Israel soldier killed in northern Gaza on Sunday.,Amir Levy/Getty Images,https://static01.nyt.com/images/2024/12/30/multimedia/30northern-gaza-jglm/30northern-gaza-jglm-articleLarge.jpg,400,600,https://static01.nyt.com/images/2024/12/30/multimedia/30northern-gaza-jglm/30northern-gaza-jglm-thumbStandard.jpg,75,75,Israel and Hamas Each Claim Wins in Fierce Fighting in Northern Gaza,"Israel and Hamas Each Claim Wins in Fierce Fighting in Northern Gaza As the renewed clashes in the north of the enclave neared the three-month mark, there was no sign of them abating. As the renewed clashes in the north of the enclave neared the three-month mark, there was no sign of them abating."
"For Israel’s leaders, Bashar al-Assad’s downfall was made possible by their recent assaults on Hezbollah, Iran and Syria, all of which weakened the Iran-backed axis.",article,nyt://article/e690f04e-3c36-54b9-ac58-cbc3b7d42193,"[{'name': 'Location', 'value': 'Israel', 'rank': 1}, {'name': 'Location', 'value': 'Syria', 'rank': 2}, {'name': 'Location', 'value': 'Golan Heights', 'rank': 3}, {'name': 'Location', 'value': 'Turkey', 'rank': 4}, {'name': 'Location', 'value': 'Lebanon', 'rank': 5}, {'name': 'Organization', 'value': 'Hezbollah', 'rank': 6}, {'name': 'Location', 'value': 'Iran', 'rank': 7}]",Foreign,13.0,A,2024-12-09 11:44:21+00:00,World,"For Israel’s leaders, Bashar al-Assad’s downfall was made possible by their recent assaults on Hezbollah, Iran and Syria, all of which weakened the Iran-backed axis.",The New York Times,Middle East,News,nyt://article/e690f04e-3c36-54b9-ac58-cbc3b7d42193,https://www.nytimes.com/2024/12/09/world/middleeast/israel-assad-syria.html,1057,By Patrick Kingsley,"Israel Claims Credit for al-Assad’s Ouster, but Sees Risk in His Absence",,"Israel Claims Credit for al-Assad’s Ouster, but Sees Risk in His Absence","Celebrating the fall of Bashar al-Assad on a road leading to Syria’s Masnaa border crossing in Bar Elias, Lebanon, on Sunday.",Daniel Berehulak/The New York Times,https://static01.nyt.com/images/2024/12/09/multimedia/09Israel-Syria-sub-gltk/09Israel-Syria-sub-gltk-articleLarge.jpg,400,600,https://static01.nyt.com/images/2024/12/09/multimedia/09Israel-Syria-sub-gltk/09Israel-Syria-sub-gltk-thumbStandard.jpg,75,75,"Israel Claims Credit for al-Assad’s Ouster, but Sees Risk in His Absence","Israel Claims Credit for al-Assad’s Ouster, but Sees Risk in His Absence For Israel’s leaders, Bashar al-Assad’s downfall was made possible by their recent assaults on Hezbollah, Iran and Syria, all of which weakened the Iran-backed axis. For Israel’s leaders, Bashar al-Assad’s downfall was made possible by their recent assaults on Hezbollah, Iran and Syria, all of which weakened the Iran-backed axis."
"Adm. Rob Bauer warned against any peace deal that was too favorable to Russia, arguing that it could undermine American interests.",article,nyt://article/156fcc70-5977-58e9-b473-1b29a3b6b5f4,"[{'name': 'Organization', 'value': 'North Atlantic Treaty Organization', 'rank': 1}, {'name': 'Subject', 'value': 'Defense and Military Forces', 'rank': 2}, {'name': 'Subject', 'value': 'United States International Relations', 'rank': 3}, {'name': 'Subject', 'value': 'Russian Invasion of Ukraine (2022)', 'rank': 4}, {'name': 'Person', 'value': 'Bauer, Robert P (1962- )', 'rank': 5}, {'name': 'Subject', 'value': 'Arms Trade', 'rank': 6}, {'name': 'Subject', 'value': 'Foreign Aid', 'rank': 7}, {'name': 'Location', 'value': 'Europe', 'rank': 8}, {'name': 'Location', 'value': 'Russia', 'rank': 9}, {'name': 'Location', 'value': 'Ukraine', 'rank': 10}, {'name': 'Person', 'value': 'Trump, Donald J', 'rank': 11}, {'name': 'Person', 'value': 'Zelensky, Volodymyr', 'rank': 12}, {'name': 'Person', 'value': 'Putin, Vladimir V', 'rank': 13}]",Foreign,10.0,A,2024-11-10 00:03:06+00:00,World,"Adm. Rob Bauer warned against any peace deal that was too favorable to Russia, arguing that it could undermine American interests.",The New York Times,Europe,News,nyt://article/156fcc70-5977-58e9-b473-1b29a3b6b5f4,https://www.nytimes.com/2024/11/09/world/europe/trump-nato-putin-ukraine.html,1070,By Lara Jakes,"Trump Should Not Let Putin Claim Victory in Ukraine, Says NATO Official",,"Trump Shouldn’t Let Putin Claim Win in Ukraine, NATO Officer Says","Admiral Rob Bauer, NATO’s top military official, in September. “It’s important enough to talk about Ukraine on its own, but there is more at stake than just Ukraine,” he said in an interview on Saturday.",Lee Jin-Man/Associated Press,https://static01.nyt.com/images/2024/11/09/multimedia/09nato-europe-01-bthq/09nato-europe-01-bthq-articleLarge.jpg,408,600,https://static01.nyt.com/images/2024/11/09/multimedia/09nato-europe-01-bthq/09nato-europe-01-bthq-thumbStandard.jpg,75,75,"Trump Should Not Let Putin Claim Victory in Ukraine, Says NATO Official","Trump Should Not Let Putin Claim Victory in Ukraine, Says NATO Official Adm. Rob Bauer warned against any peace deal that was too favorable to Russia, arguing that it could undermine American interests. Adm. Rob Bauer warned against any peace deal that was too favorable to Russia, arguing that it could undermine American interests."
The video shows a room that matches photographs obtained by The Times that show the corpse of a man closely resembling the Hamas leader.,article,nyt://article/8c670d32-105a-521e-ba12-8b877db59ef9,"[{'name': 'Subject', 'value': 'Israel-Gaza War (2023- )', 'rank': 1}, {'name': 'Person', 'value': 'Sinwar, Yehya', 'rank': 2}, {'name': 'Organization', 'value': 'Hamas', 'rank': 3}, {'name': 'Location', 'value': 'Gaza Strip', 'rank': 4}, {'name': 'Subject', 'value': 'Palestinians', 'rank': 5}, {'name': 'Location', 'value': 'Rafah (Gaza Strip)', 'rank': 6}, {'name': 'Subject', 'value': 'vis-video', 'rank': 7}]",Video,,,2024-10-17 23:19:46+00:00,World,The video shows a room that matches photographs obtained by The Times that show the corpse of a man closely resembling the Hamas leader.,The New York Times,Middle East,News,nyt://article/8c670d32-105a-521e-ba12-8b877db59ef9,https://www.nytimes.com/2024/10/17/world/middleeast/yahya-sinwar-death-drone-footage.html,288,By Aric Toler and Christiaan Triebert,Israeli Military Drone Footage Claims to Show Sinwar Shortly Before He Was Killed,,,A still frame from video filmed by an Israel Defense Forces drone shows a man the Israeli military identified as Yahya Sinwar sitting in a chair.,Israel Defense Forces,https://static01.nyt.com/images/2024/10/17/video/17vid-sinwar-drone/17vid-sinwar-drone-articleLarge.png,331,600,https://static01.nyt.com/images/2024/10/17/video/17vid-sinwar-drone/17vid-sinwar-drone-thumbStandard.png,75,75,Israeli Military Drone Footage Claims to Show Sinwar Shortly Before He Was Killed,Israeli Military Drone Footage Claims to Show Sinwar Shortly Before He Was Killed The video shows a room that matches photographs obtained by The Times that show the corpse of a man closely resembling the Hamas leader. The video shows a room that matches photographs obtained by The Times that show the corpse of a man closely resembling the Hamas leader.
"Facing a revolt in his own party, Prime Minister Justin Trudeau attacked both the Conservative opposition and India’s government, which he said had made “a horrific mistake” in the killing of a Sikh activist.",article,nyt://article/4ee93bf2-8c43-558d-8b3c-2212f5f0830a,"[{'name': 'Subject', 'value': 'Politics and Government', 'rank': 1}, {'name': 'Subject', 'value': 'International Relations', 'rank': 2}, {'name': 'Subject', 'value': 'Sikhs and Sikhism', 'rank': 3}, {'name': 'Organization', 'value': 'Conservative Party (Canada)', 'rank': 4}, {'name': 'Organization', 'value': 'Liberal Party (Canada)', 'rank': 5}, {'name': 'Person', 'value': 'Modi, Narendra', 'rank': 6}, {'name': 'Person', 'value': 'Trudeau, Justin', 'rank': 7}]",Foreign,9.0,A,2024-10-16 20:48:42+00:00,World,"Facing a revolt in his own party, Prime Minister Justin Trudeau attacked both the Conservative opposition and India’s government, which he said had made “a horrific mistake” in the killing of a Sikh activist.",The New York Times,Canada,News,nyt://article/4ee93bf2-8c43-558d-8b3c-2212f5f0830a,https://www.nytimes.com/2024/10/16/world/canada/trudeau-india-canada-sovereignty.html,947,By Norimitsu Onishi,Trudeau Goes on Offensive Over Foreign Interference Claims,,Trudeau Goes on Attack Over Foreign Interference Claims,Prime Minister Justin Trudeau speaking on Wednesday during a hearing in Ottawa focused on foreign interference into internal Canadian affairs. ,Blair Gable/Reuters,https://static01.nyt.com/images/2024/10/16/multimedia/16canada-trudeau-interference-bvtg/16canada-trudeau-interference-bvtg-articleLarge.jpg,400,600,https://static01.nyt.com/images/2024/10/16/multimedia/16canada-trudeau-interference-bvtg/16canada-trudeau-interference-bvtg-thumbStandard.jpg,75,75,Trudeau Goes on Offensive Over Foreign Interference Claims,"Trudeau Goes on Offensive Over Foreign Interference Claims Facing a revolt in his own party, Prime Minister Justin Trudeau attacked both the Conservative opposition and India’s government, which he said had made “a horrific mistake” in the killing of a Sikh activist. Facing a revolt in his own party, Prime Minister Justin Trudeau attacked both the Conservative opposition and India’s government, which he said had made “a horrific mistake” in the killing of a Sikh activist."
"In a rare case of legal action tied to rising prices, the government sued Woolworths and Coles for what it described as a pattern of deceiving consumers.",article,nyt://article/98dfd0f6-afd3-565a-938a-4c8b0208c5c7,"[{'name': 'Subject', 'value': 'Politics and Government', 'rank': 1}, {'name': 'Subject', 'value': 'Supermarkets and Grocery Stores', 'rank': 2}, {'name': 'Subject', 'value': 'Shopping and Retail', 'rank': 3}, {'name': 'Subject', 'value': 'Regulation and Deregulation of Industry', 'rank': 4}, {'name': 'Subject', 'value': 'Food', 'rank': 5}, {'name': 'Subject', 'value': 'Antitrust Laws and Competition Issues', 'rank': 6}, {'name': 'Subject', 'value': 'Consumer Protection', 'rank': 7}, {'name': 'Organization', 'value': 'Coles Group Ltd', 'rank': 8}, {'name': 'Person', 'value': 'Albanese, Anthony (1963- )', 'rank': 9}, {'name': 'Location', 'value': 'Australia', 'rank': 10}, {'name': 'Organization', 'value': 'Woolworths Supermarkets', 'rank': 11}, {'name': 'Subject', 'value': 'Discount Selling', 'rank': 12}]",Foreign,9.0,A,2024-09-23 11:24:32+00:00,World,"In a rare case of legal action tied to rising prices, the government sued Woolworths and Coles for what it described as a pattern of deceiving consumers.",The New York Times,Australia,News,nyt://article/98dfd0f6-afd3-565a-938a-4c8b0208c5c7,https://www.nytimes.com/2024/09/23/world/australia/woolworths-coles-fake-discounts.html,541,By Damien Cave,Supermarkets in Australia Sued Over Claims of Fake Discounts,,Australia Sues Markets Over Fake Price Claims,Coles and Woolworths control 65 percent of the grocery store market in Australia.,AnnaMaria Antoinette D'Addario for The New York Times,https://static01.nyt.com/images/2024/09/23/multimedia/23oz-supermarkets-hqfp/23oz-supermarkets-hqfp-articleLarge.jpg,400,600,https://static01.nyt.com/images/2024/09/23/multimedia/23oz-supermarkets-hqfp/23oz-supermarkets-hqfp-thumbStandard.jpg,75,75,Supermarkets in Australia Sued Over Claims of Fake Discounts,"Supermarkets in Australia Sued Over Claims of Fake Discounts In a rare case of legal action tied to rising prices, the government sued Woolworths and Coles for what it described as a pattern of deceiving consumers. In a rare case of legal action tied to rising prices, the government sued Woolworths and Coles for what it described as a pattern of deceiving consumers."
An extremist group that claims allegiance to Al Qaeda said it was responsible for assaults on a military police school and an air base in the West African country of Mali.,article,nyt://article/87fe3e20-52b8-5b20-bbf7-f3464a41f3ca,"[{'name': 'Location', 'value': 'Mali', 'rank': 1}, {'name': 'Subject', 'value': 'Terrorism', 'rank': 2}, {'name': 'Subject', 'value': 'Defense and Military Forces', 'rank': 3}, {'name': 'Subject', 'value': 'Military Bases and Installations', 'rank': 4}]",Foreign,6.0,A,2024-09-17 10:51:56+00:00,World,An extremist group that claims allegiance to Al Qaeda said it was responsible for assaults on a military police school and an air base in the West African country of Mali.,The New York Times,Africa,News,nyt://article/87fe3e20-52b8-5b20-bbf7-f3464a41f3ca,https://www.nytimes.com/2024/09/17/world/africa/mali-capital-attack-military.html,1052,By Elian Peltier and Ruth Maclean,An Al Qaeda Affiliate Claimed Attacks in Mali. What Does It Want?,,Group Linked  To Al Qaeda  Says It Struck  Mali’s Capital,"Smoking rising in the distance behind crowds in Bamako, Mali, on Tuesday after an attack. The violence could raise questions about the security strategy of the country’s military leaders.","Hadama Diakite/EPA, via Shutterstock",https://static01.nyt.com/images/2024/09/17/multimedia/17mali-flmc/17mali-flmc-articleLarge.jpg,400,600,https://static01.nyt.com/images/2024/09/17/multimedia/17mali-flmc/17mali-flmc-thumbStandard.jpg,75,75,An Al Qaeda Affiliate Claimed Attacks in Mali. What Does It Want?,An Al Qaeda Affiliate Claimed Attacks in Mali. What Does It Want? An extremist group that claims allegiance to Al Qaeda said it was responsible for assaults on a military police school and an air base in the West African country of Mali. An extremist group that claims allegiance to Al Qaeda said it was responsible for assaults on a military police school and an air base in the West African country of Mali.
,article,nyt://article/7e1e0699-7e4c-58e5-9c29-7122171b1d2a,[],Foreign,,,2024-08-30 11:44:05+00:00,World,,The New York Times,Middle East,Live Blog Post,nyt://article/7e1e0699-7e4c-58e5-9c29-7122171b1d2a,https://www.nytimes.com/live/2024/08/30/world/israel-hamas-gaza-war/israeli-forces-pull-back-from-tulkarm-but-press-on-with-their-raid-of-jenin-officials-say,744,By Aaron Boxerman,Criticism was mounting over the operation; Israel’s military claims 20 militants were killed.,,,,,,0,0,,0,0,Criticism was mounting over the operation; Israel’s military claims 20 militants were killed.,Criticism was mounting over the operation; Israel’s military claims 20 militants were killed.
"The two groups described the attack as a suicide bombing, but an Israeli statement did not. If confirmed, it would be the first suicide bombing in Israel in roughly eight years.",article,nyt://article/26b6eaef-739e-545f-9b9e-e8dafea2b4c1,"[{'name': 'Subject', 'value': 'Terrorism', 'rank': 1}, {'name': 'Subject', 'value': 'Palestinians', 'rank': 2}, {'name': 'Subject', 'value': 'Israel-Gaza War (2023- )', 'rank': 3}, {'name': 'Subject', 'value': 'Israeli Settlements', 'rank': 4}, {'name': 'Location', 'value': 'Gaza Strip', 'rank': 5}, {'name': 'Location', 'value': 'Iran', 'rank': 6}, {'name': 'Location', 'value': 'Israel', 'rank': 7}, {'name': 'Location', 'value': 'Tel Aviv (Israel)', 'rank': 8}, {'name': 'Location', 'value': 'Yemen', 'rank': 9}, {'name': 'Location', 'value': 'West Bank', 'rank': 10}, {'name': 'Person', 'value': 'Netanyahu, Benjamin', 'rank': 11}, {'name': 'Organization', 'value': 'Hamas', 'rank': 12}, {'name': 'Organization', 'value': 'Hezbollah', 'rank': 13}, {'name': 'Organization', 'value': 'Houthis', 'rank': 14}, {'name': 'Organization', 'value': 'Palestinian Islamic Jihad', 'rank': 15}, {'name': 'Organization', 'value': 'Shin Bet', 'rank': 16}, {'name': 'Subject', 'value': 'Deaths (Fatalities)', 'rank': 17}, {'name': 'Subject', 'value': 'Defense and Military Forces', 'rank': 18}, {'name': 'Subject', 'value': 'Civilian Casualties', 'rank': 19}, {'name': 'Subject', 'value': 'Peace Process', 'rank': 20}]",Foreign,5.0,A,2024-08-19 19:34:11+00:00,World,"The two groups described the attack as a suicide bombing, but an Israeli statement did not. If confirmed, it would be the first suicide bombing in Israel in roughly eight years.",The New York Times,Middle East,News,nyt://article/26b6eaef-739e-545f-9b9e-e8dafea2b4c1,https://www.nytimes.com/2024/08/19/world/middleeast/tel-aviv-bomb-hamas.html,586,By Matthew Mpoke Bigg and Gabby Sobelman,Hamas and Islamic Jihad Claim Responsibility for Tel Aviv Bombing,,Hamas and Islamic Jihad Claim Responsibility for a Bombing in Tel Aviv,The Israeli police at the site of a bombing late Sunday in Tel Aviv.,Moti Milrod/Associated Press,https://static01.nyt.com/images/2024/08/19/multimedia/19mideast-crisis-telaviv-bomb-gktj/19mideast-crisis-telaviv-bomb-gktj-articleLarge.jpg,400,600,https://static01.nyt.com/images/2024/08/19/multimedia/19mideast-crisis-telaviv-bomb-gktj/19mideast-crisis-telaviv-bomb-gktj-thumbStandard.jpg,75,75,Hamas and Islamic Jihad Claim Responsibility for Tel Aviv Bombing,"Hamas and Islamic Jihad Claim Responsibility for Tel Aviv Bombing The two groups described the attack as a suicide bombing, but an Israeli statement did not. If confirmed, it would be the first suicide bombing in Israel in roughly eight years. The two groups described the attack as a suicide bombing, but an Israeli statement did not. If confirmed, it would be the first suicide bombing in Israel in roughly eight years."
The seizure of the military’s northeastern command post gives the resistance control of a city and airport on a crucial trade corridor to China.,article,nyt://article/db7ea6c7-3ef8-5fc0-9686-987e3c26a8e4,"[{'name': 'Subject', 'value': 'War and Armed Conflicts', 'rank': 1}, {'name': 'Subject', 'value': 'Defense and Military Forces', 'rank': 2}, {'name': 'Subject', 'value': 'Military Bases and Installations', 'rank': 3}, {'name': 'Subject', 'value': 'International Relations', 'rank': 4}, {'name': 'Organization', 'value': 'Myanmar National Democratic Alliance Army', 'rank': 5}, {'name': 'Location', 'value': 'Myanmar', 'rank': 6}, {'name': 'Location', 'value': 'Shan State (Myanmar)', 'rank': 7}, {'name': 'Location', 'value': 'China', 'rank': 8}, {'name': 'Person', 'value': 'Min Aung Hlaing', 'rank': 9}, {'name': 'Location', 'value': 'Lashio (Myanmar)', 'rank': 10}]",Foreign,8.0,A,2024-08-05 12:06:52+00:00,World,The seizure of the military’s northeastern command post gives the resistance control of a city and airport on a crucial trade corridor to China.,The New York Times,Asia Pacific,News,nyt://article/db7ea6c7-3ef8-5fc0-9686-987e3c26a8e4,https://www.nytimes.com/2024/08/05/world/asia/myanmar-rebels-lashio.html,718,By Vivek Shankar,Myanmar Rebels Claim Regional Military Base in Major Victory,,"Rebels in Myanmar Claim Major Victory, Seizing a Military Base on a Vital Trade Route to China",Soldiers of the Myanmar National Democratic Alliance Army patrolling in the Kokang region in 2015.,Reuters,https://static01.nyt.com/images/2024/08/05/multimedia/05myanmar-rebels-jmvg/05myanmar-rebels-jmvg-articleLarge.jpg,397,600,https://static01.nyt.com/images/2024/08/05/multimedia/05myanmar-rebels-jmvg/05myanmar-rebels-jmvg-thumbStandard.jpg,75,75,Myanmar Rebels Claim Regional Military Base in Major Victory,Myanmar Rebels Claim Regional Military Base in Major Victory The seizure of the military’s northeastern command post gives the resistance control of a city and airport on a crucial trade corridor to China. The seizure of the military’s northeastern command post gives the resistance control of a city and airport on a crucial trade corridor to China.
Noah Lyles came from behind to beat out Kishane Thompson of Jamaica.,article,nyt://article/05515ed1-218e-596c-b0d5-db117c97361d,[],Foreign,,,2024-08-04 20:55:55+00:00,World,Noah Lyles came from behind to beat out Kishane Thompson of Jamaica.,The New York Times,Olympics,News,nyt://article/05515ed1-218e-596c-b0d5-db117c97361d,https://www.nytimes.com/2024/07/27/world/olympics/noah-lyles-100-meters.html,229,"By Talya Minsberg, Ben Shpigel, Gabriela Bhaskar and Daniel Berehulak","After a photo finish, Noah Lyles waits, and waits, and then claims the title of world’s fastest man.",,,,Daniel Berehulak/The New York Times,https://static01.nyt.com/images/2024/08/27/multimedia/27olympics-fast-photos-100-meter-men-tmlh/27olympics-fast-photos-100-meter-men-tmlh-articleLarge.jpg,400,600,https://static01.nyt.com/images/2024/08/27/multimedia/27olympics-fast-photos-100-meter-men-tmlh/27olympics-fast-photos-100-meter-men-tmlh-thumbStandard-v2.jpg,75,75,"After a photo finish, Noah Lyles waits, and waits, and then claims the title of world’s fastest man.","After a photo finish, Noah Lyles waits, and waits, and then claims the title of world’s fastest man. Noah Lyles came from behind to beat out Kishane Thompson of Jamaica. Noah Lyles came from behind to beat out Kishane Thompson of Jamaica."
Secretary of State Antony J. Blinken and Defense Secretary Lloyd J. Austin III warned Beijing against engaging in hostilities with U.S. allies in the South and East China Seas.,article,nyt://article/84093b59-54a2-55a0-b8e4-bb75c4316940,"[{'name': 'Location', 'value': 'Philippines', 'rank': 1}, {'name': 'Person', 'value': 'Marcos, Ferdinand Jr', 'rank': 2}, {'name': 'Location', 'value': 'South China Sea', 'rank': 3}, {'name': 'Person', 'value': 'Blinken, Antony J', 'rank': 4}, {'name': 'Person', 'value': 'Austin, Lloyd J III', 'rank': 5}, {'name': 'Location', 'value': 'China', 'rank': 6}, {'name': 'Subject', 'value': 'Foreign Aid', 'rank': 7}]",Foreign,5.0,A,2024-07-30 11:01:49+00:00,World,Secretary of State Antony J. Blinken and Defense Secretary Lloyd J. Austin III warned Beijing against engaging in hostilities with U.S. allies in the South and East China Seas.,The New York Times,Asia Pacific,News,nyt://article/84093b59-54a2-55a0-b8e4-bb75c4316940,https://www.nytimes.com/2024/07/30/world/asia/us-philippines-military-aid-china.html,1328,By Edward Wong,"U.S. Pledges $500 Million in New Military Aid to the Philippines, as China Asserts Sea Claims",,"U.S. Giving Manila $500 Million in New Military Aid, as China Looms","Secretary of State Antony J. Blinken and Defense Secretary Lloyd J. Austin III with their Philippine counterparts at Camp Aguinaldo, the headquarters of the Philippine military, on Tuesday.",Jam Sta Rosa/Agence France-Presse — Getty Images,https://static01.nyt.com/images/2024/07/30/multimedia/30blinken-austin-philippines-01-ctvk/30blinken-austin-philippines-01-ctvk-articleLarge.jpg,400,600,https://static01.nyt.com/images/2024/07/30/multimedia/30blinken-austin-philippines-01-ctvk/30blinken-austin-philippines-01-ctvk-thumbStandard.jpg,75,75,"U.S. Pledges $500 Million in New Military Aid to the Philippines, as China Asserts Sea Claims","U.S. Pledges $500 Million in New Military Aid to the Philippines, as China Asserts Sea Claims Secretary of State Antony J. Blinken and Defense Secretary Lloyd J. Austin III warned Beijing against engaging in hostilities with U.S. allies in the South and East China Seas. Secretary of State Antony J. Blinken and Defense Secretary Lloyd J. Austin III warned Beijing against engaging in hostilities with U.S. allies in the South and East China Seas."
,article,nyt://article/69e137fc-d665-5d8c-8eff-35a98b8c446c,[],Foreign,,,2024-07-03 22:20:44+00:00,World,,The New York Times,Middle East,Live Blog Post,nyt://article/69e137fc-d665-5d8c-8eff-35a98b8c446c,https://www.nytimes.com/live/2024/07/03/world/israel-gaza-war-hamas/israel-releases-palestinian-authority-funds-while-claiming-more-west-bank-land,594,By Ephrat Livni,Israel releases Palestinian Authority funds while claiming more West Bank land.,,,"Residents checking their balances last month in Ramallah, in the occupied West Bank. Israel has withheld tax revenue from the Palestinian Authority, contributing to a looming economic crisis there. ",Sergey Ponomarev for The New York Times,https://static01.nyt.com/images/2024/07/03/multimedia/03mideast-crisis-west-bank-htzg/03mideast-crisis-west-bank-htzg-articleLarge.jpg,400,600,https://static01.nyt.com/images/2024/07/03/multimedia/03mideast-crisis-west-bank-htzg/03mideast-crisis-west-bank-htzg-thumbStandard.jpg,75,75,Israel releases Palestinian Authority funds while claiming more West Bank land.,Israel releases Palestinian Authority funds while claiming more West Bank land.
,article,nyt://article/b0b2d9ce-383e-5cf3-b5ab-d4fc3dfa075b,[],Foreign,,,2024-06-03 11:54:28+00:00,World,,The New York Times,Middle East,Live Blog Post,nyt://article/b0b2d9ce-383e-5cf3-b5ab-d4fc3dfa075b,https://www.nytimes.com/live/2024/06/03/world/israel-gaza-war-hamas/netanyahu-will-meet-with-ben-gvir-to-discuss-israels-cease-fire-proposal-an-official-says,744,By Adam Rasgon,"‘Claims that we have agreed to a cease-fire without our conditions being met are incorrect,’ Netanyahu says.",,,"Itamar Ben-Gvir, a far-right member of the Israeli government, at the Israeli Parliament in Jerusalem on Monday.",Amir Levy/Getty Images,https://static01.nyt.com/images/2024/06/03/multimedia/03mideast-crisis-israel-right-02-qgcz/03mideast-crisis-israel-right-02-qgcz-articleLarge.jpg,400,600,https://static01.nyt.com/images/2024/06/03/multimedia/03mideast-crisis-israel-right-02-qgcz/03mideast-crisis-israel-right-02-qgcz-thumbStandard.jpg,75,75,"‘Claims that we have agreed to a cease-fire without our conditions being met are incorrect,’ Netanyahu says.","‘Claims that we have agreed to a cease-fire without our conditions being met are incorrect,’ Netanyahu says."
"People have long claimed sightings of the Virgin Mary or bleeding crucifixes, and some endorsed by the Roman Catholic Church have become hugely popular pilgrimage destinations.",article,nyt://article/74ec83a0-944c-51eb-b145-fa7cfe9efb6e,"[{'name': 'Organization', 'value': 'Roman Catholic Church', 'rank': 1}, {'name': 'Subject', 'value': 'Social Media', 'rank': 2}, {'name': 'Person', 'value': 'Mary, Mother of Jesus', 'rank': 3}, {'name': 'Subject', 'value': 'Pilgrimages', 'rank': 4}, {'name': 'Subject', 'value': 'Occult Sciences', 'rank': 5}]",Foreign,10.0,A,2024-05-17 10:50:56+00:00,World,"People have long claimed sightings of the Virgin Mary or bleeding crucifixes, and some endorsed by the Roman Catholic Church have become hugely popular pilgrimage destinations.",The New York Times,Europe,News,nyt://article/74ec83a0-944c-51eb-b145-fa7cfe9efb6e,https://www.nytimes.com/2024/05/17/world/europe/vatican-apparitions-supernatural.html,933,By Elisabetta Povoledo,"As Supernatural Claims Spread Online, Vatican Updates Its Rules on Them",,"As Internet Claims Spread, the Vatican Updates Its Rules on Supernatural Sightings","Praying in 2020 at the site where the Virgin Mary is said to have appeared in Medjugorje, Bosnia-Herzegovina.",Damir Sagolj/Getty Images,https://static01.nyt.com/images/2024/05/17/multimedia/17vatican-apparitions-hkpv/17vatican-apparitions-hkpv-articleLarge.jpg,400,600,https://static01.nyt.com/images/2024/05/17/multimedia/17vatican-apparitions-hkpv/17vatican-apparitions-hkpv-thumbStandard.jpg,75,75,"As Supernatural Claims Spread Online, Vatican Updates Its Rules on Them","As Supernatural Claims Spread Online, Vatican Updates Its Rules on Them People have long claimed sightings of the Virgin Mary or bleeding crucifixes, and some endorsed by the Roman Catholic Church have become hugely popular pilgrimage destinations. People have long claimed sightings of the Virgin Mary or bleeding crucifixes, and some endorsed by the Roman Catholic Church have become hugely popular pilgrimage destinations."
"The Israeli military said that about 14 rockets and mortars were fired toward Kerem Shalom, a conduit for aid into Gaza. Three other soldiers were badly wounded.",article,nyt://article/0299af4b-6bf3-5461-8b56-6c4e7cc5dc8e,"[{'name': 'Subject', 'value': 'Humanitarian Aid', 'rank': 1}, {'name': 'Organization', 'value': 'Hamas', 'rank': 2}, {'name': 'Subject', 'value': 'Israel-Gaza War (2023- )', 'rank': 3}, {'name': 'Location', 'value': 'Rafah (Gaza Strip)', 'rank': 4}]",Foreign,,,2024-05-05 14:05:11+00:00,World,"The Israeli military said that about 14 rockets and mortars were fired toward Kerem Shalom, a conduit for aid into Gaza. Three other soldiers were badly wounded.",The New York Times,Middle East,News,nyt://article/0299af4b-6bf3-5461-8b56-6c4e7cc5dc8e,https://www.nytimes.com/2024/05/05/world/middleeast/hamas-rocket-kerem-shalom-israel.html,392,By Liam Stack,Three Israeli Soldiers Killed in Rocket Attack Claimed by Hamas,,,Israeli soldiers and medics by an ambulance in southern Israel near the border with Gaza on Sunday.,Amir Cohen/Reuters,https://static01.nyt.com/images/2024/05/05/multimedia/05mideast-crisis-gaza-rockets-hljq/05mideast-crisis-gaza-rockets-hljq-articleLarge.jpg,400,600,https://static01.nyt.com/images/2024/05/05/multimedia/05mideast-crisis-gaza-rockets-hljq/05mideast-crisis-gaza-rockets-hljq-thumbStandard.jpg,75,75,Three Israeli Soldiers Killed in Rocket Attack Claimed by Hamas,"Three Israeli Soldiers Killed in Rocket Attack Claimed by Hamas The Israeli military said that about 14 rockets and mortars were fired toward Kerem Shalom, a conduit for aid into Gaza. Three other soldiers were badly wounded. The Israeli military said that about 14 rockets and mortars were fired toward Kerem Shalom, a conduit for aid into Gaza. Three other soldiers were badly wounded."
"The West African country said it killed Abu Huzeifa, a commander in an Islamic State affiliate who was involved in a 2017 attack in neighboring Niger that killed American Green Berets and Nigerien forces.",article,nyt://article/69a3d453-aed3-50b2-a7d2-4651a47fafdf,"[{'name': 'Location', 'value': 'Mali', 'rank': 1}, {'name': 'Location', 'value': 'Niger', 'rank': 2}, {'name': 'Location', 'value': 'Africa', 'rank': 3}, {'name': 'Subject', 'value': 'Terrorism', 'rank': 4}, {'name': 'Subject', 'value': 'United States Defense and Military Forces', 'rank': 5}, {'name': 'Subject', 'value': 'United States International Relations', 'rank': 6}, {'name': 'Location', 'value': 'Russia', 'rank': 7}]",Foreign,,,2024-04-30 15:12:47+00:00,World,"The West African country said it killed Abu Huzeifa, a commander in an Islamic State affiliate who was involved in a 2017 attack in neighboring Niger that killed American Green Berets and Nigerien forces.",The New York Times,Africa,News,nyt://article/69a3d453-aed3-50b2-a7d2-4651a47fafdf,https://www.nytimes.com/2024/04/30/world/africa/mali-isis-niger-attack.html,801,By Ruth Maclean,Mali Claims Death of Terrorist Who Helped Lead Deadly Ambush in Niger,,,"A photograph released by militants in 2018, purporting to show commander Abu Huzeifa of the Islamic State Greater Sahara.","The Movement for the Salvation of Azawad, via Associated Press",https://static01.nyt.com/images/2024/04/30/multimedia/30mali-isis-2-kmwz/30mali-isis-2-kmwz-articleLarge.jpg,800,600,https://static01.nyt.com/images/2024/04/30/multimedia/30mali-isis-2-kmwz/30mali-isis-2-kmwz-thumbStandard.jpg,75,75,Mali Claims Death of Terrorist Who Helped Lead Deadly Ambush in Niger,"Mali Claims Death of Terrorist Who Helped Lead Deadly Ambush in Niger The West African country said it killed Abu Huzeifa, a commander in an Islamic State affiliate who was involved in a 2017 attack in neighboring Niger that killed American Green Berets and Nigerien forces. The West African country said it killed Abu Huzeifa, a commander in an Islamic State affiliate who was involved in a 2017 attack in neighboring Niger that killed American Green Berets and Nigerien forces."
,article,nyt://article/885d0009-b962-5fc8-b66b-7b9f80388dc5,"[{'name': 'Subject', 'value': 'Israel-Gaza War (2023- )', 'rank': 1}, {'name': 'Location', 'value': 'Iraq', 'rank': 2}, {'name': 'Location', 'value': 'Kurdistan', 'rank': 3}]",Foreign,,,2024-04-26 21:44:18+00:00,World,,The New York Times,Middle East,Live Blog Post,nyt://article/885d0009-b962-5fc8-b66b-7b9f80388dc5,https://www.nytimes.com/live/2024/04/26/world/israel-gaza-war-hamas/drone-attack-kills-4-workers-in-an-iraqi-gas-field-but-no-one-claims-responsibility,456,By Alissa J. Rubin,"Drone attack kills 4 workers in an Iraqi gas field, but no one claims responsibility.",,,,,,0,0,,0,0,"Drone attack kills 4 workers in an Iraqi gas field, but no one claims responsibility.","Drone attack kills 4 workers in an Iraqi gas field, but no one claims responsibility."
"Prosecutors in Guatemala, which has a history of targeting nonprofit groups, said they were probing claims of child abuse, which the charity denied.",article,nyt://article/ca91199d-94ec-5536-af2b-754028b6173f,"[{'name': 'Location', 'value': 'Guatemala', 'rank': 1}, {'name': 'Organization', 'value': 'Save the Children', 'rank': 2}, {'name': 'Subject', 'value': 'Child Abuse and Neglect', 'rank': 3}, {'name': 'Subject', 'value': 'Ethics and Official Misconduct', 'rank': 4}, {'name': 'Subject', 'value': 'Philanthropy', 'rank': 5}, {'name': 'Location', 'value': 'United States', 'rank': 6}, {'name': 'Person', 'value': 'Curruchiche, Rafael', 'rank': 7}]",Express,5.0,A,2024-04-26 06:44:42+00:00,World,"Prosecutors in Guatemala, which has a history of targeting nonprofit groups, said they were probing claims of child abuse, which the charity denied.",The New York Times,Americas,News,nyt://article/ca91199d-94ec-5536-af2b-754028b6173f,https://www.nytimes.com/2024/04/26/world/americas/guatemala-save-the-children-raid.html,642,"By Jody García, John Yoon and James Wagner",Save the Children Says Its Guatemala Offices Were Searched Over Abuse Claims,,"Guatemala, Historically Against Nonprofits, Searches Charity’s Offices Over Abuse Claims",Police officers standing guard on the perimeter of a Save the Children office in Guatemala.,Moises Castillo/Associated Press,https://static01.nyt.com/images/2024/04/26/multimedia/26xp-guatemala-pgfl/26xp-guatemala-pgfl-articleLarge.jpg,400,600,https://static01.nyt.com/images/2024/04/26/multimedia/26xp-guatemala-pgfl/26xp-guatemala-pgfl-thumbStandard.jpg,75,75,Save the Children Says Its Guatemala Offices Were Searched Over Abuse Claims,"Save the Children Says Its Guatemala Offices Were Searched Over Abuse Claims Prosecutors in Guatemala, which has a history of targeting nonprofit groups, said they were probing claims of child abuse, which the charity denied. Prosecutors in Guatemala, which has a history of targeting nonprofit groups, said they were probing claims of child abuse, which the charity denied."
"The assertion is just “psychological warfare,” says one Lebanese expert on the militant group.",article,nyt://article/41bf7121-f7cb-517e-9999-6966d73363e7,"[{'name': 'Location', 'value': 'Lebanon', 'rank': 1}, {'name': 'Location', 'value': 'Israel', 'rank': 2}, {'name': 'Location', 'value': 'Iran', 'rank': 3}, {'name': 'Person', 'value': 'Gallant, Yoav', 'rank': 4}, {'name': 'Organization', 'value': 'Hezbollah', 'rank': 5}, {'name': 'Organization', 'value': 'Hamas', 'rank': 6}, {'name': 'Subject', 'value': 'Israel-Gaza War (2023- )', 'rank': 7}, {'name': 'Subject', 'value': 'Palestinians', 'rank': 8}, {'name': 'Subject', 'value': 'Terrorism', 'rank': 9}, {'name': 'Subject', 'value': 'Drones (Pilotless Planes)', 'rank': 10}, {'name': 'Subject', 'value': 'Defense and Military Forces', 'rank': 11}, {'name': 'Subject', 'value': 'International Relations', 'rank': 12}, {'name': 'Subject', 'value': 'Civilian Casualties', 'rank': 13}, {'name': 'Subject', 'value': 'Targeted Killings', 'rank': 14}, {'name': 'Subject', 'value': 'Assassinations and Attempted Assassinations', 'rank': 15}]",Foreign,6.0,A,2024-04-25 20:03:57+00:00,World,"The assertion is just “psychological warfare,” says one Lebanese expert on the militant group.",The New York Times,Middle East,News,nyt://article/41bf7121-f7cb-517e-9999-6966d73363e7,https://www.nytimes.com/2024/04/25/world/middleeast/hezbollah-commanders-south-lebanon.html,698,By Euan Ward and Hwaida Saad,Israel’s Claim of Killing ‘Half’ of Hezbollah Commanders in Southern Lebanon Draws Skepticism,,Israeli Claim  On Hezbollah  Is Questioned,Residents of the southern Lebanese village of Aita al-Shaab near debris after the funeral of a Hezbollah fighter this month.,Hasan Fneich/Agence France-Presse — Getty Images,https://static01.nyt.com/images/2024/04/25/multimedia/25mideast-crisis-hezbollah-czpf/25mideast-crisis-hezbollah-czpf-articleLarge.jpg,400,600,https://static01.nyt.com/images/2024/04/25/multimedia/25mideast-crisis-hezbollah-czpf/25mideast-crisis-hezbollah-czpf-thumbStandard.jpg,75,75,Israel’s Claim of Killing ‘Half’ of Hezbollah Commanders in Southern Lebanon Draws Skepticism,"Israel’s Claim of Killing ‘Half’ of Hezbollah Commanders in Southern Lebanon Draws Skepticism The assertion is just “psychological warfare,” says one Lebanese expert on the militant group. The assertion is just “psychological warfare,” says one Lebanese expert on the militant group."
The Israeli military later said that no bases had been hit and no casualties reported.,article,nyt://article/ab9e1bde-0970-55f9-8649-35ad36f8bf09,"[{'name': 'Organization', 'value': 'Hezbollah', 'rank': 1}, {'name': 'Location', 'value': 'Israel', 'rank': 2}, {'name': 'Location', 'value': 'Lebanon', 'rank': 3}, {'name': 'Location', 'value': 'Middle East', 'rank': 4}, {'name': 'Subject', 'value': 'War and Armed Conflicts', 'rank': 5}]",Foreign,,,2024-04-23 15:43:34+00:00,World,The Israeli military later said that no bases had been hit and no casualties reported.,The New York Times,Middle East,News,nyt://article/ab9e1bde-0970-55f9-8649-35ad36f8bf09,https://www.nytimes.com/2024/04/23/world/middleeast/hezbollah-strike-israel-lebanon.html,311,By Euan Ward,Hezbollah Claims Drone Attack 10 Miles Inside Israel,,,,Jalaa Marey/Agence France-Presse — Getty Images,https://static01.nyt.com/images/2024/04/23/multimedia/23mideast-crisis-hezbollah-promo-khwt/23mideast-crisis-hezbollah-promo-khwt-articleLarge.jpg,400,600,https://static01.nyt.com/images/2024/04/23/multimedia/23mideast-crisis-hezbollah-promo-khwt/23mideast-crisis-hezbollah-promo-khwt-thumbStandard.jpg,75,75,Hezbollah Claims Drone Attack 10 Miles Inside Israel,Hezbollah Claims Drone Attack 10 Miles Inside Israel The Israeli military later said that no bases had been hit and no casualties reported. The Israeli military later said that no bases had been hit and no casualties reported.
"Germany argued against the accusation brought by Nicaragua at the International Court of Justice, but Germans are questioning their country’s unwavering support for Israel.",article,nyt://article/1419b46f-2919-5d5d-b577-6c071e393f49,"[{'name': 'Subject', 'value': 'Israel-Gaza War (2023- )', 'rank': 1}, {'name': 'Subject', 'value': 'War Crimes, Genocide and Crimes Against Humanity', 'rank': 2}, {'name': 'Subject', 'value': 'Palestinians', 'rank': 3}, {'name': 'Subject', 'value': 'International Relations', 'rank': 4}, {'name': 'Subject', 'value': 'Arms Trade', 'rank': 5}, {'name': 'Subject', 'value': 'Defense and Military Forces', 'rank': 6}, {'name': 'Subject', 'value': 'Humanitarian Aid', 'rank': 7}, {'name': 'Subject', 'value': 'Civilian Casualties', 'rank': 8}, {'name': 'Subject', 'value': 'Holocaust and the Nazi Era', 'rank': 9}, {'name': 'Organization', 'value': 'International Court of Justice (UN)', 'rank': 10}, {'name': 'Organization', 'value': 'United Nations', 'rank': 11}, {'name': 'Organization', 'value': 'General Assembly (UN)', 'rank': 12}, {'name': 'Organization', 'value': 'Hamas', 'rank': 13}, {'name': 'Person', 'value': 'Ortega, Daniel', 'rank': 14}, {'name': 'Location', 'value': 'Germany', 'rank': 15}, {'name': 'Location', 'value': 'Gaza Strip', 'rank': 16}]",Foreign,6.0,A,2024-04-09 23:28:30+00:00,World,"Germany argued against the accusation brought by Nicaragua at the International Court of Justice, but Germans are questioning their country’s unwavering support for Israel.",The New York Times,Europe,News,nyt://article/1419b46f-2919-5d5d-b577-6c071e393f49,https://www.nytimes.com/2024/04/09/world/europe/germany-israel-genocide-icj.html,988,"By Marlise Simons, Erika Solomon and Christopher F. Schuetze",Germany Rebuffs Claim Its Arms Sales to Israel Abet Genocide in Gaza,,Germany Rebuffs Claim That Its Arms Sales Abet Genocide in Gaza,The aftermath of an Israeli airstrike in the southern Gazan city of Khan Younis on Tuesday.,Ahmad Hasaballah/Getty Images,https://static01.nyt.com/images/2024/04/09/multimedia/09mideast-crisis-leadall-01-hgtm/09mideast-crisis-leadall-01-hgtm-articleLarge.jpg,400,600,https://static01.nyt.com/images/2024/04/09/multimedia/09mideast-crisis-leadall-01-hgtm/09mideast-crisis-leadall-01-hgtm-thumbStandard.jpg,75,75,Germany Rebuffs Claim Its Arms Sales to Israel Abet Genocide in Gaza,"Germany Rebuffs Claim Its Arms Sales to Israel Abet Genocide in Gaza Germany argued against the accusation brought by Nicaragua at the International Court of Justice, but Germans are questioning their country’s unwavering support for Israel. Germany argued against the accusation brought by Nicaragua at the International Court of Justice, but Germans are questioning their country’s unwavering support for Israel."
Defense Secretary Lloyd J. Austin III made the comments during a hearing that was disrupted several times by protests of U.S. support for Israel’s assault on Hamas.,article,nyt://article/2d7de7c6-1a14-5bff-89dc-1527566c87d9,"[{'name': 'Subject', 'value': 'Israel-Gaza War (2023- )', 'rank': 1}, {'name': 'Person', 'value': 'Austin, Lloyd J III', 'rank': 2}, {'name': 'Subject', 'value': 'War Crimes, Genocide and Crimes Against Humanity', 'rank': 3}, {'name': 'Location', 'value': 'Israel', 'rank': 4}, {'name': 'Location', 'value': 'Gaza Strip', 'rank': 5}, {'name': 'Subject', 'value': 'Palestinians', 'rank': 6}, {'name': 'Subject', 'value': 'Demonstrations, Protests and Riots', 'rank': 7}]",Foreign,,,2024-04-09 19:27:31+00:00,World,Defense Secretary Lloyd J. Austin III made the comments during a hearing that was disrupted several times by protests of U.S. support for Israel’s assault on Hamas.,The New York Times,Middle East,News,nyt://article/2d7de7c6-1a14-5bff-89dc-1527566c87d9,https://www.nytimes.com/2024/04/09/world/middleeast/austin-genocide-gaza-israel.html,484,By John Ismay,Austin Pushes Back on Claims of Israel Carrying Out Genocide in Gaza,,,Defense Secretary Lloyd J. Austin III testifying before a Senate committee on Tuesday.,Kenny Holston/The New York Times,https://static01.nyt.com/images/2024/04/09/multimedia/09mideast-crisis-austin-no-genocide-ljhf/09mideast-crisis-austin-no-genocide-ljhf-articleLarge.jpg,400,600,https://static01.nyt.com/images/2024/04/09/multimedia/09mideast-crisis-austin-no-genocide-ljhf/09mideast-crisis-austin-no-genocide-ljhf-thumbStandard.jpg,75,75,Austin Pushes Back on Claims of Israel Carrying Out Genocide in Gaza,Austin Pushes Back on Claims of Israel Carrying Out Genocide in Gaza Defense Secretary Lloyd J. Austin III made the comments during a hearing that was disrupted several times by protests of U.S. support for Israel’s assault on Hamas. Defense Secretary Lloyd J. Austin III made the comments during a hearing that was disrupted several times by protests of U.S. support for Israel’s assault on Hamas.
,article,nyt://article/cb926702-1d88-5b3d-b6ca-e070eace099e,[],Foreign,,,2024-03-25 18:30:09+00:00,World,,The New York Times,Middle East,Live Blog Post,nyt://article/cb926702-1d88-5b3d-b6ca-e070eace099e,https://www.nytimes.com/live/2024/03/25/world/israel-hamas-war-gaza-news/unrwa-claims-israel-has-banned-it-from-bringing-aid-to-northern-gaza,619,By Matthew Mpoke Bigg,UNRWA claims Israel has banned it from bringing aid to northern Gaza.,,,Palestinians gathered to receive aid outside an UNRWA warehouse in Gaza City last week. ,Mahmoud Issa/Reuters,https://static01.nyt.com/images/2024/03/25/multimedia/25mideast-crisis-unrwa-israel-1-fbht/25mideast-crisis-unrwa-israel-1-fbht-articleLarge.jpg,400,600,https://static01.nyt.com/images/2024/03/25/multimedia/25mideast-crisis-unrwa-israel-1-fbht/25mideast-crisis-unrwa-israel-1-fbht-thumbStandard.jpg,75,75,UNRWA claims Israel has banned it from bringing aid to northern Gaza.,UNRWA claims Israel has banned it from bringing aid to northern Gaza.
,article,nyt://article/d60a7dc3-cd32-5de3-bf91-33d6268c9617,[],Foreign,7.0,A,2024-03-06 16:03:05+00:00,World,,The New York Times,Middle East,Live Blog Post,nyt://article/d60a7dc3-cd32-5de3-bf91-33d6268c9617,https://www.nytimes.com/live/2024/03/06/world/israel-hamas-war-gaza-news/a-commercial-vessel-has-been-hit-in-the-red-sea-a-british-naval-organization-says,568,By Gaya Gupta and Matthew Mpoke Bigg,The Houthis claim a deadly attack on a commercial ship off Yemen’s coast.,,Houthis Say  They Warned  Of an Attack  That Killed 2,"The True Confidence in Ravenna, Italy, in 2022.","Dario Bonazza/UGC, via Reuters",https://static01.nyt.com/images/2024/03/06/multimedia/06mideast-crisis-ship-hit-bklg/06mideast-crisis-ship-hit-bklg-articleLarge.jpg,400,600,https://static01.nyt.com/images/2024/03/06/multimedia/06mideast-crisis-ship-hit-bklg/06mideast-crisis-ship-hit-bklg-thumbStandard.jpg,75,75,The Houthis claim a deadly attack on a commercial ship off Yemen’s coast.,The Houthis claim a deadly attack on a commercial ship off Yemen’s coast.
"The Ukrainian military says it has sunk a large Russian landing ship off the coast of Crimea, although Ukrainian troops inland find themselves in a precarious position.",article,nyt://article/eb1ac312-cb4a-559b-8002-f04ab5e3f1d6,"[{'name': 'Subject', 'value': 'Defense and Military Forces', 'rank': 1}, {'name': 'Subject', 'value': 'International Relations', 'rank': 2}, {'name': 'Subject', 'value': 'Russian Invasion of Ukraine (2022)', 'rank': 3}, {'name': 'Location', 'value': 'Crimea (Ukraine)', 'rank': 4}, {'name': 'Location', 'value': 'Black Sea', 'rank': 5}, {'name': 'Location', 'value': 'Ukraine', 'rank': 6}, {'name': 'Location', 'value': 'Russia', 'rank': 7}]",Foreign,8.0,A,2024-02-14 14:43:22+00:00,World,"The Ukrainian military says it has sunk a large Russian landing ship off the coast of Crimea, although Ukrainian troops inland find themselves in a precarious position.",The New York Times,Europe,News,nyt://article/eb1ac312-cb4a-559b-8002-f04ab5e3f1d6,https://www.nytimes.com/2024/02/14/world/europe/ukraine-strike-russia-black-sea.html,973,By Maria Varenikova and Marc Santora,"Ukraine, Struggling on Land, Claims to Deal Blow to Russia at Sea",,Ukraine Says Forces Sank Russian Ship,"Members of Ukraine’s 10th Brigade at a frontline position in Ukraine’s eastern Donetsk region in December. On land, Ukraine is desperately trying to maintain the current front lines in a costly war of attrition.",Finbarr O'Reilly for The New York Times,https://static01.nyt.com/images/2024/02/14/multimedia/14ukraine-1-chmj/14ukraine-1-chmj-articleLarge.jpg,400,600,https://static01.nyt.com/images/2024/02/14/multimedia/14ukraine-1-chmj/14ukraine-1-chmj-thumbStandard.jpg,75,75,"Ukraine, Struggling on Land, Claims to Deal Blow to Russia at Sea","Ukraine, Struggling on Land, Claims to Deal Blow to Russia at Sea The Ukrainian military says it has sunk a large Russian landing ship off the coast of Crimea, although Ukrainian troops inland find themselves in a precarious position. The Ukrainian military says it has sunk a large Russian landing ship off the coast of Crimea, although Ukrainian troops inland find themselves in a precarious position."
Russia has not confirmed that a Zircon hypersonic missile was used. The United States says it’s looking into the claim.,article,nyt://article/3718683a-3d98-58de-8e8e-c8d061b05f40,"[{'name': 'Subject', 'value': 'Russian Invasion of Ukraine (2022)', 'rank': 1}, {'name': 'Subject', 'value': 'Missiles and Missile Defense Systems', 'rank': 2}, {'name': 'Subject', 'value': 'Defense and Military Forces', 'rank': 3}, {'name': 'Location', 'value': 'Ukraine', 'rank': 4}, {'name': 'Location', 'value': 'Russia', 'rank': 5}, {'name': 'Keyword', 'value': 'Zircon', 'rank': 6}]",Foreign,9.0,A,2024-02-13 22:28:47+00:00,World,Russia has not confirmed that a Zircon hypersonic missile was used. The United States says it’s looking into the claim.,The New York Times,Europe,News,nyt://article/3718683a-3d98-58de-8e8e-c8d061b05f40,https://www.nytimes.com/2024/02/13/world/europe/russia-hypersonic-missile-ukraine.html,783,By Constant Méheut,Ukraine Claims Russia Used New Hypersonic Missile for First Time,,Kyiv Says Russia Fired  Formidable New Missile,"This image from a 2022 video, released by the Russian Defense Ministry, shows a hypersonic Zircon cruise missile being fired from a frigate during a test in the Barents Sea.",Russian Defense Ministry/via Reuters,https://static01.nyt.com/images/2024/02/13/multimedia/13ukraine-missile-1-fkmz/13ukraine-missile-1-fkmz-articleLarge.jpg,400,600,https://static01.nyt.com/images/2024/02/13/multimedia/13ukraine-missile-1-fkmz/13ukraine-missile-1-fkmz-thumbStandard.jpg,75,75,Ukraine Claims Russia Used New Hypersonic Missile for First Time,Ukraine Claims Russia Used New Hypersonic Missile for First Time Russia has not confirmed that a Zircon hypersonic missile was used. The United States says it’s looking into the claim. Russia has not confirmed that a Zircon hypersonic missile was used. The United States says it’s looking into the claim.
"While votes were still being counted, Nayib Bukele easily won a second term, riding enormous support for his crackdown on gangs, even if the price has been restricting civil liberties.",article,nyt://article/ba8024e8-95ba-50e4-8ab4-c2767b8d7a79,"[{'name': 'Person', 'value': 'Bukele, Nayib', 'rank': 1}, {'name': 'Location', 'value': 'El Salvador', 'rank': 2}, {'name': 'Subject', 'value': 'Elections', 'rank': 3}, {'name': 'Subject', 'value': 'Politics and Government', 'rank': 4}, {'name': 'Subject', 'value': 'Civil Rights and Liberties', 'rank': 5}, {'name': 'Subject', 'value': 'Gangs', 'rank': 6}]",Foreign,8.0,A,2024-02-04 10:03:24+00:00,World,"While votes were still being counted, Nayib Bukele easily won a second term, riding enormous support for his crackdown on gangs, even if the price has been restricting civil liberties.",The New York Times,Americas,News,nyt://article/ba8024e8-95ba-50e4-8ab4-c2767b8d7a79,https://www.nytimes.com/2024/02/04/world/americas/election-el-salvador-bukele.html,1211,By Gabriel Labrador and Natalie Kitroeff,El Salvador’s President Claims Election Victory in a Landslide,,"Salvadorans, Pleased With Gang Crackdown, Expected to Re-elect President",Some legal scholars say President Nayib Bukele of El Salvador violated the Constitution by seeking a second consecutive term.,Dave Sanders for The New York Times,https://static01.nyt.com/images/2024/02/04/multimedia/04salvador-election-top-gkvl/04salvador-election-top-gkvl-articleLarge.jpg,400,600,https://static01.nyt.com/images/2024/02/04/multimedia/04salvador-election-top-gkvl/04salvador-election-top-gkvl-thumbStandard.jpg,75,75,El Salvador’s President Claims Election Victory in a Landslide,"El Salvador’s President Claims Election Victory in a Landslide While votes were still being counted, Nayib Bukele easily won a second term, riding enormous support for his crackdown on gangs, even if the price has been restricting civil liberties. While votes were still being counted, Nayib Bukele easily won a second term, riding enormous support for his crackdown on gangs, even if the price has been restricting civil liberties."
,article,nyt://article/38d78e84-61fc-5377-b7dc-3543da92c149,[],Foreign,,,2024-01-26 22:48:53+00:00,World,,The New York Times,Middle East,Live Blog Post,nyt://article/38d78e84-61fc-5377-b7dc-3543da92c149,https://www.nytimes.com/live/2024/01/26/world/israel-hamas-gaza-news/houthis-claim-a-hit-on-an-oil-tanker-off-yemeni-coast-that-set-it-on-fire,433,By Gaya Gupta,Houthi militants claim a hit on an oil tanker off Yemeni coast that set it on fire.,,,"Houthi supporters attended a rally in Sana, Yemen on Friday.",Osamah Abdulrahman/Associated Press,https://static01.nyt.com/images/2024/01/26/multimedia/26israel-hamas-houthis-gqmw/26israel-hamas-houthis-gqmw-articleLarge.jpg,400,600,https://static01.nyt.com/images/2024/01/26/multimedia/26israel-hamas-houthis-gqmw/26israel-hamas-houthis-gqmw-thumbStandard.jpg,75,75,Houthi militants claim a hit on an oil tanker off Yemeni coast that set it on fire.,Houthi militants claim a hit on an oil tanker off Yemeni coast that set it on fire.
"The United States temporarily cut off funding to UNRWA, the agency that aids Palestinians, citing allegations that 12 of its workers were involved in the Hamas-led assault on southern Israel.",article,nyt://article/ef2e7572-4a88-558e-92e8-95c7fe299fc3,"[{'name': 'Subject', 'value': 'Israel-Gaza War (2023- )', 'rank': 1}, {'name': 'Subject', 'value': 'Terrorism', 'rank': 2}, {'name': 'Subject', 'value': 'Palestinians', 'rank': 3}, {'name': 'Person', 'value': 'Blinken, Antony J', 'rank': 4}, {'name': 'Person', 'value': 'Guterres, Antonio', 'rank': 5}, {'name': 'Location', 'value': 'Israel', 'rank': 6}, {'name': 'Location', 'value': 'United States', 'rank': 7}, {'name': 'Location', 'value': 'Gaza Strip', 'rank': 8}, {'name': 'Organization', 'value': 'United Nations Relief and Works Agency', 'rank': 9}, {'name': 'Organization', 'value': 'Hamas', 'rank': 10}]",Foreign,1.0,A,2024-01-26 16:10:25+00:00,World,"The United States temporarily cut off funding to UNRWA, the agency that aids Palestinians, citing allegations that 12 of its workers were involved in the Hamas-led assault on southern Israel.",The New York Times,Middle East,News,nyt://article/ef2e7572-4a88-558e-92e8-95c7fe299fc3,https://www.nytimes.com/2024/01/26/world/middleeast/un-aid-israel-oct-7-attacks.html,937,"By Farnaz Fassihi, Edward Wong, Russell Goldman and Ronen Bergman",U.N. to Investigate Claim That Employees Participated in Oct. 7 Attack,,U.N. to Explore Workers’ Link To Oct. 7 Raid,Palestinians receiving bags of flour at the United Nations Relief and Works Agency for Palestine Refugees (UNRWA) distribution center in Rafah in November.,Said Khatib/Agence France-Presse — Getty Images,https://static01.nyt.com/images/2024/01/26/multimedia/26israel-hamas-unrwa-cbml/26israel-hamas-unrwa-cbml-articleLarge.jpg,400,600,https://static01.nyt.com/images/2024/01/26/multimedia/26israel-hamas-unrwa-cbml/26israel-hamas-unrwa-cbml-thumbStandard.jpg,75,75,U.N. to Investigate Claim That Employees Participated in Oct. 7 Attack,"U.N. to Investigate Claim That Employees Participated in Oct. 7 Attack The United States temporarily cut off funding to UNRWA, the agency that aids Palestinians, citing allegations that 12 of its workers were involved in the Hamas-led assault on southern Israel. The United States temporarily cut off funding to UNRWA, the agency that aids Palestinians, citing allegations that 12 of its workers were involved in the Hamas-led assault on southern Israel."
"The prince had been suing Associated Newspapers over a 2022 article suggesting he misled the public over his security arrangements, claiming it was defamatory.",article,nyt://article/faf63e77-08e1-51f1-b358-875d85775de4,"[{'name': 'Subject', 'value': 'Royal Families', 'rank': 1}, {'name': 'Subject', 'value': 'Libel and Slander', 'rank': 2}, {'name': 'Subject', 'value': 'Newspapers', 'rank': 3}, {'name': 'Subject', 'value': 'Suits and Litigation (Civil)', 'rank': 4}, {'name': 'Person', 'value': 'Harry, Duke of Sussex', 'rank': 5}, {'name': 'Organization', 'value': 'Mail on Sunday, The (Newspaper)', 'rank': 6}, {'name': 'Organization', 'value': 'Daily Mail', 'rank': 7}, {'name': 'Location', 'value': 'Great Britain', 'rank': 8}]",Foreign,,,2024-01-19 18:42:51+00:00,World,"The prince had been suing Associated Newspapers over a 2022 article suggesting he misled the public over his security arrangements, claiming it was defamatory.",The New York Times,Europe,News,nyt://article/faf63e77-08e1-51f1-b358-875d85775de4,https://www.nytimes.com/2024/01/19/world/europe/prince-harry-libel-claim.html,626,By Mark Landler,Prince Harry Withdraws Libel Claim Against Mail on Sunday Publisher,,,"Prince Harry leaving the Royal Courts of Justice, Britain’s High Court, in London in June.",Adrian Dennis/Agence France-Presse — Getty Images,https://static01.nyt.com/images/2024/01/19/multimedia/19uk-harry-1-tvzm/19uk-harry-1-tvzm-articleLarge.jpg,400,600,https://static01.nyt.com/images/2024/01/19/multimedia/19uk-harry-1-tvzm/19uk-harry-1-tvzm-thumbStandard.jpg,75,75,Prince Harry Withdraws Libel Claim Against Mail on Sunday Publisher,"Prince Harry Withdraws Libel Claim Against Mail on Sunday Publisher The prince had been suing Associated Newspapers over a 2022 article suggesting he misled the public over his security arrangements, claiming it was defamatory. The prince had been suing Associated Newspapers over a 2022 article suggesting he misled the public over his security arrangements, claiming it was defamatory."
A,article,nyt://article/41034152-60a3-5cf7-8b47-5d7be0791e3a,[],Foreign,,,2024-01-12 16:20:08+00:00,World,A,The New York Times,Middle East,Live Blog Post,nyt://article/41034152-60a3-5cf7-8b47-5d7be0791e3a,https://www.nytimes.com/live/2024/01/11/world/israel-hamas-houthi-yemen-news/israel-presents-its-defense-against-claims-of-genocide-in-gaza,722,By Patrick Kingsley,Israel presents its defense against claims of genocide in Gaza.,,,"Tal Becker, left, the legal counselor for Israel’s Ministry of Foreign Affairs, and Malcolm Shaw, a lawyer, on Thursday at the International Court of Justice in The Hague.",Remko De Waal/Agence France-Presse — Getty Images,https://static01.nyt.com/images/2024/01/12/multimedia/12israel-hamas-ICJ-hearing-fpmk/12israel-hamas-ICJ-hearing-fpmk-articleLarge.jpg,400,600,https://static01.nyt.com/images/2024/01/12/multimedia/12israel-hamas-ICJ-hearing-fpmk/12israel-hamas-ICJ-hearing-fpmk-thumbStandard.jpg,75,75,Israel presents its defense against claims of genocide in Gaza.,Israel presents its defense against claims of genocide in Gaza. A A
"Plus, 52 travel destinations for 2024.",article,nyt://article/1dee8fc2-6b79-58f1-bfba-ae4015beba09,"[{'name': 'Location', 'value': 'Far East, South and Southeast Asia and Pacific Areas', 'rank': 1}]",NYTNow,,,2024-01-09 21:08:14+00:00,World,"Plus, 52 travel destinations for 2024.",The New York Times,,briefing,nyt://article/1dee8fc2-6b79-58f1-bfba-ae4015beba09,https://www.nytimes.com/2024/01/09/world/trump-immunity-claim-asia.html,1151,By Amelia Nierenberg,Wednesday Briefing: Trump’s Immunity Claim in Court,,,Donald Trump after a court hearing yesterday.,Susan Walsh/Associated Press,https://static01.nyt.com/images/2024/01/09/multimedia/011023ambriefing-asia-promo/10ambriefing-asia-trump1-articleLarge.jpg,480,600,https://static01.nyt.com/images/2024/01/09/multimedia/011023ambriefing-asia-promo/011023ambriefing-asia-promo-thumbStandard.jpg,75,75,Wednesday Briefing: Trump’s Immunity Claim in Court,"Wednesday Briefing: Trump’s Immunity Claim in Court Plus, 52 travel destinations for 2024. Plus, 52 travel destinations for 2024."
"The group, which has struck before in Iran, has a long history of division with the country.",article,nyt://article/dfba5526-4436-58c8-807b-96c17df0d426,"[{'name': 'Location', 'value': 'Iran', 'rank': 1}, {'name': 'Subject', 'value': 'Terrorism', 'rank': 2}, {'name': 'Organization', 'value': 'Islamic State in Iraq and Syria (ISIS)', 'rank': 3}, {'name': 'Organization', 'value': 'Islamic State Khorasan', 'rank': 4}, {'name': 'Person', 'value': 'Suleimani, Qassim', 'rank': 5}, {'name': 'Subject', 'value': 'Funerals and Memorials', 'rank': 6}]",Foreign,8.0,A,2024-01-04 11:07:36+00:00,World,"The group, which has struck before in Iran, has a long history of division with the country.",The New York Times,Middle East,News,nyt://article/dfba5526-4436-58c8-807b-96c17df0d426,https://www.nytimes.com/2024/01/04/world/middleeast/us-isis-iran-general-suleimani.html,1155,"By Vivian Yee, Hwaida Saad and Eric Schmitt",Islamic State Claims Responsibility for Deadly Bombings in Iran,,Islamic State Takes Responsibility for Deadly Bombings at Memorial in Iran,A photo released by Iran’s state-run news media on Wednesday of the site of the explosions in the city of Kerman.,"Sare Tajalli/ISNA, via Agence France-Presse — Getty Images",https://static01.nyt.com/images/2024/01/04/multimedia/04iran-blasts-wqlh/04iran-blasts-wqlh-articleLarge.jpg,391,600,https://static01.nyt.com/images/2024/01/04/multimedia/04iran-blasts-wqlh/04iran-blasts-wqlh-thumbStandard.jpg,75,75,Islamic State Claims Responsibility for Deadly Bombings in Iran,"Islamic State Claims Responsibility for Deadly Bombings in Iran The group, which has struck before in Iran, has a long history of division with the country. The group, which has struck before in Iran, has a long history of division with the country."
President-elect Donald J. Trump has threatened to impose tariffs on Canadian exports unless the country stops the flow of migrants and fentanyl to the U.S.,article,nyt://article/057efa19-09d5-5377-a996-48e669c07379,"[{'name': 'Location', 'value': 'Canada', 'rank': 1}, {'name': 'Person', 'value': 'Trudeau, Justin', 'rank': 2}, {'name': 'Subject', 'value': 'Politics and Government', 'rank': 3}, {'name': 'Subject', 'value': 'United States International Relations', 'rank': 4}, {'name': 'Subject', 'value': 'International Trade and World Market', 'rank': 5}, {'name': 'Subject', 'value': 'Customs (Tariff)', 'rank': 6}, {'name': 'Subject', 'value': 'Protectionism (Trade)', 'rank': 7}, {'name': 'Person', 'value': 'Trump, Donald J', 'rank': 8}, {'name': 'Subject', 'value': 'Illegal Immigration', 'rank': 9}, {'name': 'Subject', 'value': 'Fentanyl', 'rank': 10}]",Washington,3.0,B,2024-12-27 17:40:59+00:00,World,President-elect Donald J. Trump has threatened to impose tariffs on Canadian exports unless the country stops the flow of migrants and fentanyl to the U.S.,The New York Times,Canada,News,nyt://article/057efa19-09d5-5377-a996-48e669c07379,https://www.nytimes.com/2024/12/27/world/canada/canada-ministers-trump-border-tariffs.html,837,By Ian Austen and Lisa Friedman,"Canadian Ministers Meet Trump Aides at Mar-a-Lago to Discuss Border, and Tariffs",,Two Ministers From Canada Meeting Aides At Mar-a-Lago,"Mélanie Joly, Canada’s foreign minister, and Dominic LeBlanc, who recently became finance minister, last year in Ottawa.","Justin Tang/The Canadian Press, via Associated Press",https://static01.nyt.com/images/2024/12/27/multimedia/27dc-trump-lhpf/27dc-trump-lhpf-articleLarge.jpg,415,600,https://static01.nyt.com/images/2024/12/27/multimedia/27dc-trump-lhpf/27dc-trump-lhpf-thumbStandard.jpg,75,75,"Canadian Ministers Meet Trump Aides at Mar-a-Lago to Discuss Border, and Tariffs","Canadian Ministers Meet Trump Aides at Mar-a-Lago to Discuss Border, and Tariffs President-elect Donald J. Trump has threatened to impose tariffs on Canadian exports unless the country stops the flow of migrants and fentanyl to the U.S. President-elect Donald J. Trump has threatened to impose tariffs on Canadian exports unless the country stops the flow of migrants and fentanyl to the U.S."
"As Donald J. Trump prepares to take office in the United States, President Volodymyr Zelensky attended a meeting hosted by the NATO chief to plot the path forward in the war with Russia.",article,nyt://article/5b2ae543-8135-5f2f-8a46-caf1be5c5729,"[{'name': 'Subject', 'value': 'International Relations', 'rank': 1}, {'name': 'Subject', 'value': 'Peace Process', 'rank': 2}, {'name': 'Subject', 'value': 'Russian Invasion of Ukraine (2022)', 'rank': 3}, {'name': 'Subject', 'value': 'Defense and Military Forces', 'rank': 4}, {'name': 'Person', 'value': 'Trump, Donald J', 'rank': 5}, {'name': 'Person', 'value': 'Zelensky, Volodymyr', 'rank': 6}, {'name': 'Location', 'value': 'Europe', 'rank': 7}, {'name': 'Location', 'value': 'Ukraine', 'rank': 8}, {'name': 'Organization', 'value': 'North Atlantic Treaty Organization', 'rank': 9}, {'name': 'Organization', 'value': 'European Union', 'rank': 10}, {'name': 'Person', 'value': 'Rutte, Mark', 'rank': 11}]",Foreign,8.0,A,2024-12-18 14:48:33+00:00,World,"As Donald J. Trump prepares to take office in the United States, President Volodymyr Zelensky attended a meeting hosted by the NATO chief to plot the path forward in the war with Russia.",The New York Times,Europe,News,nyt://article/5b2ae543-8135-5f2f-8a46-caf1be5c5729,https://www.nytimes.com/2024/12/18/world/europe/zelensky-eu-ukraine.html,713,By Jenny Gross and Steven Erlanger,Zelensky Meets With European Leaders to Discuss Ukraine’s Future,,E.U. Leaders And Zelensky Discussing Kyiv’s Future,"President Volodymyr Zelensky of Ukraine, left, with Mark Rutte, the head of NATO, in Brussels, in October.","Olivier Matthys/EPA, via Shutterstock",https://static01.nyt.com/images/2024/12/18/multimedia/18eu-ukraine-zkhb/18eu-ukraine-zkhb-articleLarge.jpg,400,600,https://static01.nyt.com/images/2024/12/18/multimedia/18eu-ukraine-zkhb/18eu-ukraine-zkhb-thumbStandard.jpg,75,75,Zelensky Meets With European Leaders to Discuss Ukraine’s Future,"Zelensky Meets With European Leaders to Discuss Ukraine’s Future As Donald J. Trump prepares to take office in the United States, President Volodymyr Zelensky attended a meeting hosted by the NATO chief to plot the path forward in the war with Russia. As Donald J. Trump prepares to take office in the United States, President Volodymyr Zelensky attended a meeting hosted by the NATO chief to plot the path forward in the war with Russia."
"Defense Secretary Lloyd J. Austin III spoke with his Israeli counterpart, Yoav Gallant, on Thursday, the Pentagon said.",article,nyt://article/9ae01d40-79c0-5505-aa93-12f793a0e633,"[{'name': 'Subject', 'value': 'Israel-Gaza War (2023- )', 'rank': 1}, {'name': 'Subject', 'value': 'Iran-Israel Proxy Conflict', 'rank': 2}, {'name': 'Person', 'value': 'Austin, Lloyd J III', 'rank': 3}, {'name': 'Person', 'value': 'Gallant, Yoav', 'rank': 4}, {'name': 'Organization', 'value': 'Hezbollah', 'rank': 5}, {'name': 'Location', 'value': 'Iran', 'rank': 6}, {'name': 'Location', 'value': 'Israel', 'rank': 7}, {'name': 'Location', 'value': 'Lebanon', 'rank': 8}, {'name': 'Subject', 'value': 'Defense and Military Forces', 'rank': 9}, {'name': 'Subject', 'value': 'War and Armed Conflicts', 'rank': 10}]",Foreign,,,2024-10-11 18:00:52+00:00,World,"Defense Secretary Lloyd J. Austin III spoke with his Israeli counterpart, Yoav Gallant, on Thursday, the Pentagon said.",The New York Times,Middle East,News,nyt://article/9ae01d40-79c0-5505-aa93-12f793a0e633,https://www.nytimes.com/2024/10/11/world/middleeast/gallant-austin-israel-war.html,415,By Eric Schmitt,Israeli and U.S. Defense Ministers Discuss Israel’s Expanding Conflicts in Mideast,,,"Defense Minister Yoav Gallant of Israel at the Pentagon in June. Mr. Gallant and Defense Secretary Lloyd J. Austin III had been scheduled to meet in Washington this week, but the visit was postponed.",Kevin Lamarque/Reuters,https://static01.nyt.com/images/2024/10/11/multimedia/11mideast-crisis-austin-gallant-twkh/11mideast-crisis-austin-gallant-twkh-articleLarge.jpg,400,600,https://static01.nyt.com/images/2024/10/11/multimedia/11mideast-crisis-austin-gallant-twkh/11mideast-crisis-austin-gallant-twkh-thumbStandard.jpg,75,75,Israeli and U.S. Defense Ministers Discuss Israel’s Expanding Conflicts in Mideast,"Israeli and U.S. Defense Ministers Discuss Israel’s Expanding Conflicts in Mideast Defense Secretary Lloyd J. Austin III spoke with his Israeli counterpart, Yoav Gallant, on Thursday, the Pentagon said. Defense Secretary Lloyd J. Austin III spoke with his Israeli counterpart, Yoav Gallant, on Thursday, the Pentagon said."
"The cabinet was expected to authorize initiating a retaliatory attack, officials said. They didn’t make their decision public.",article,nyt://article/32341277-c267-5ee8-82b3-7fb1252deebd,"[{'name': 'Subject', 'value': 'Israel-Gaza War (2023- )', 'rank': 1}, {'name': 'Subject', 'value': 'Nuclear Weapons', 'rank': 2}, {'name': 'Subject', 'value': 'Iran-Israel Proxy Conflict', 'rank': 3}, {'name': 'Location', 'value': 'Israel', 'rank': 4}, {'name': 'Location', 'value': 'Iran', 'rank': 5}, {'name': 'Organization', 'value': 'Hezbollah', 'rank': 6}]",Foreign,,,2024-10-10 14:38:00+00:00,World,"The cabinet was expected to authorize initiating a retaliatory attack, officials said. They didn’t make their decision public.",The New York Times,Middle East,News,nyt://article/32341277-c267-5ee8-82b3-7fb1252deebd,https://www.nytimes.com/2024/10/10/world/middleeast/israel-iran-attack-response-security-cabinet-meeting.html,364,By Aaron Boxerman,Israel’s Security Cabinet Met to Discuss Response to Iran Attack,,,An Israeli soldier inspects the remains of an Iranian ballistic missile in southern Israel on Wednesday.,Amir Cohen/Reuters,https://static01.nyt.com/images/2024/10/09/multimedia/10mideast-israel-security-cabinet/09mideast-crisis-carousel-vmlq-articleLarge.jpg,400,600,https://static01.nyt.com/images/2024/10/09/multimedia/10mideast-israel-security-cabinet/09mideast-crisis-carousel-vmlq-thumbStandard.jpg,75,75,Israel’s Security Cabinet Met to Discuss Response to Iran Attack,"Israel’s Security Cabinet Met to Discuss Response to Iran Attack The cabinet was expected to authorize initiating a retaliatory attack, officials said. They didn’t make their decision public. The cabinet was expected to authorize initiating a retaliatory attack, officials said. They didn’t make their decision public."
"The president was asked about a potential strike on the oil infrastructure of Iran, which accounts for about 2 percent of the world’s supply.",article,nyt://article/97a461d2-7d56-5d3f-b37a-707428c54989,"[{'name': 'Subject', 'value': 'Oil (Petroleum) and Gasoline', 'rank': 1}, {'name': 'Subject', 'value': 'Israel-Gaza War (2023- )', 'rank': 2}, {'name': 'Subject', 'value': 'Iran-Israel Proxy Conflict', 'rank': 3}, {'name': 'Subject', 'value': 'War and Armed Conflicts', 'rank': 4}, {'name': 'Location', 'value': 'Iran', 'rank': 5}, {'name': 'Location', 'value': 'Israel', 'rank': 6}, {'name': 'Person', 'value': 'Biden, Joseph R Jr', 'rank': 7}, {'name': 'Subject', 'value': 'United States International Relations', 'rank': 8}, {'name': 'Organization', 'value': 'Hezbollah', 'rank': 9}, {'name': 'Subject', 'value': 'Prices (Fares, Fees and Rates)', 'rank': 10}, {'name': 'Subject', 'value': 'International Relations', 'rank': 11}, {'name': 'Subject', 'value': 'Embargoes and Sanctions', 'rank': 12}, {'name': 'Subject', 'value': 'Missiles and Missile Defense Systems', 'rank': 13}, {'name': 'Person', 'value': 'Netanyahu, Benjamin', 'rank': 14}]",Foreign,,,2024-10-03 17:37:56+00:00,World,"The president was asked about a potential strike on the oil infrastructure of Iran, which accounts for about 2 percent of the world’s supply.",The New York Times,Middle East,News,nyt://article/97a461d2-7d56-5d3f-b37a-707428c54989,https://www.nytimes.com/2024/10/03/world/middleeast/oil-price-biden-iran-strike.html,391,By Jason Karaian and Stanley Reed,Oil Prices Jump After Biden Says ‘Discussing’ Israeli Strike on Iranian Facilities,,,President Biden spoke to the news media as he prepared to board Marine One from the White House on Thursday. ,Tierney L. Cross for The New York Times,https://static01.nyt.com/images/2024/10/03/multimedia/03mideast-crisis-oil-biden-zhck/03mideast-crisis-oil-biden-zhck-articleLarge.jpg,400,600,https://static01.nyt.com/images/2024/10/03/multimedia/03mideast-crisis-oil-biden-zhck/03mideast-crisis-oil-biden-zhck-thumbStandard.jpg,75,75,Oil Prices Jump After Biden Says ‘Discussing’ Israeli Strike on Iranian Facilities,"Oil Prices Jump After Biden Says ‘Discussing’ Israeli Strike on Iranian Facilities The president was asked about a potential strike on the oil infrastructure of Iran, which accounts for about 2 percent of the world’s supply. The president was asked about a potential strike on the oil infrastructure of Iran, which accounts for about 2 percent of the world’s supply."
"On the agenda for Prime Minister Keir Starmer in New York: private talks with the U.S. over whether to allow Ukraine to use long range weapons in Russia, and Middle East tensions.",article,nyt://article/e89ce15e-0291-5e98-ba52-009f6e04e937,"[{'name': 'Subject', 'value': 'International Relations', 'rank': 1}, {'name': 'Subject', 'value': 'United States International Relations', 'rank': 2}, {'name': 'Organization', 'value': 'Labour Party (Great Britain)', 'rank': 3}, {'name': 'Organization', 'value': 'General Assembly (UN)', 'rank': 4}, {'name': 'Person', 'value': 'Lammy, David', 'rank': 5}, {'name': 'Person', 'value': 'Starmer, Keir', 'rank': 6}, {'name': 'Location', 'value': 'Europe', 'rank': 7}, {'name': 'Location', 'value': 'United States', 'rank': 8}, {'name': 'Location', 'value': 'Ukraine', 'rank': 9}, {'name': 'Location', 'value': 'Gaza Strip', 'rank': 10}, {'name': 'Location', 'value': 'Israel', 'rank': 11}, {'name': 'Location', 'value': 'Great Britain', 'rank': 12}]",Foreign,,,2024-09-25 19:44:51+00:00,World,"On the agenda for Prime Minister Keir Starmer in New York: private talks with the U.S. over whether to allow Ukraine to use long range weapons in Russia, and Middle East tensions.",The New York Times,Europe,Live Blog Post,nyt://article/e89ce15e-0291-5e98-ba52-009f6e04e937,https://www.nytimes.com/live/2024/09/25/world/united-nations-zelensky-speeches/for-the-second-time-in-two-weeks-uks-starmer-will-discuss-the-ukraine-weapons-dilemma,552,By Stephen Castle,"For the second time in two weeks, U.K.’s Starmer will discuss the Ukraine weapons dilemma.",,,"Britain’s prime minister, Keir Starmer, in Liverpool, Britain, on Tuesday.",Temilade Adelaja/Reuters,https://static01.nyt.com/images/2024/09/25/multimedia/25uk-unga-lwpk/25uk-unga-lwpk-articleLarge.jpg,374,600,https://static01.nyt.com/images/2024/09/25/multimedia/25uk-unga-lwpk/25uk-unga-lwpk-thumbStandard.jpg,75,75,"For the second time in two weeks, U.K.’s Starmer will discuss the Ukraine weapons dilemma.","For the second time in two weeks, U.K.’s Starmer will discuss the Ukraine weapons dilemma. On the agenda for Prime Minister Keir Starmer in New York: private talks with the U.S. over whether to allow Ukraine to use long range weapons in Russia, and Middle East tensions. On the agenda for Prime Minister Keir Starmer in New York: private talks with the U.S. over whether to allow Ukraine to use long range weapons in Russia, and Middle East tensions."
,article,nyt://article/9cd3b60f-3249-5acc-88cb-efab2e3aaf42,[],Foreign,,,2024-09-19 17:42:36+00:00,World,,The New York Times,Middle East,Live Blog Post,nyt://article/9cd3b60f-3249-5acc-88cb-efab2e3aaf42,https://www.nytimes.com/live/2024/09/19/world/israel-hezbollah-gaza-hamas/an-israeli-man-is-charged-with-meeting-with-iranian-agents-and-discussing-a-plot-to-kill-netanyahu,326,By Matthew Mpoke Bigg,An Israeli man is charged with meeting with Iranian agents and discussing a plot to kill Netanyahu.,,,"Motti Maman, 73, appears in Beersheba District Court in southern Israel on Thursday where he was accused of being involved in an Iranian plot to assassinate the Israeli prime minister, Benjamin Netanyahu.",Reuters,https://static01.nyt.com/images/2024/09/19/multimedia/19mideast-crisis-iran-indictment-khbg/19mideast-crisis-iran-indictment-khbg-articleLarge.jpg,450,600,https://static01.nyt.com/images/2024/09/19/multimedia/19mideast-crisis-iran-indictment-khbg/19mideast-crisis-iran-indictment-khbg-thumbStandard.jpg,75,75,An Israeli man is charged with meeting with Iranian agents and discussing a plot to kill Netanyahu.,An Israeli man is charged with meeting with Iranian agents and discussing a plot to kill Netanyahu.
"Secretary of State Antony J. Blinken and his British counterpart, David Lammy, made a rare joint trip to Ukraine to show allied solidarity as the American presidential election looms.",article,nyt://article/4b5b8d54-60a6-5047-b3a6-2a45206a6539,"[{'name': 'Person', 'value': 'Blinken, Antony J', 'rank': 1}, {'name': 'Organization', 'value': 'State Department', 'rank': 2}, {'name': 'Location', 'value': 'Kyiv (Ukraine)', 'rank': 3}, {'name': 'Subject', 'value': 'Russian Invasion of Ukraine (2022)', 'rank': 4}, {'name': 'Subject', 'value': 'Foreign Aid', 'rank': 5}, {'name': 'Location', 'value': 'Ukraine', 'rank': 6}]",Foreign,7.0,A,2024-09-11 08:31:42+00:00,World,"Secretary of State Antony J. Blinken and his British counterpart, David Lammy, made a rare joint trip to Ukraine to show allied solidarity as the American presidential election looms.",The New York Times,Europe,News,nyt://article/4b5b8d54-60a6-5047-b3a6-2a45206a6539,https://www.nytimes.com/2024/09/11/world/europe/ukraine-war-blinken-visit-kyiv.html,1258,By Edward Wong,"In Kyiv, Blinken Discusses Ukraine’s Push for Deep Missile Strikes into Russia",,Blinken Discusses Strikes on Kyiv Trip,"Secretary of State Antony J. Blinken, center, walking beside his British counterpart, David Lammy, as they arrived via train in Kyiv, Ukraine, on Wednesday.",Mark Schiefelbein/Associated Press,https://static01.nyt.com/images/2024/09/11/multimedia/11ukraine-blinken-hlck/11ukraine-blinken-hlck-articleLarge.jpg,400,600,https://static01.nyt.com/images/2024/09/11/multimedia/11ukraine-blinken-hlck/11ukraine-blinken-hlck-thumbStandard.jpg,75,75,"In Kyiv, Blinken Discusses Ukraine’s Push for Deep Missile Strikes into Russia","In Kyiv, Blinken Discusses Ukraine’s Push for Deep Missile Strikes into Russia Secretary of State Antony J. Blinken and his British counterpart, David Lammy, made a rare joint trip to Ukraine to show allied solidarity as the American presidential election looms. Secretary of State Antony J. Blinken and his British counterpart, David Lammy, made a rare joint trip to Ukraine to show allied solidarity as the American presidential election looms."
"In discussions in Beijing, the two sides made clear that many differences remain over Taiwan, technology export controls and trade disputes.",article,nyt://article/275ed32b-45a7-558b-b062-2f7a88f065a6,"[{'name': 'Subject', 'value': 'United States International Relations', 'rank': 1}, {'name': 'Subject', 'value': 'International Relations', 'rank': 2}, {'name': 'Subject', 'value': 'United States Politics and Government', 'rank': 3}, {'name': 'Person', 'value': 'Austin, Lloyd J III', 'rank': 4}, {'name': 'Person', 'value': 'Biden, Joseph R Jr', 'rank': 5}, {'name': 'Person', 'value': 'Sullivan, Jacob J (1976- )', 'rank': 6}, {'name': 'Person', 'value': 'Xi Jinping', 'rank': 7}, {'name': 'Location', 'value': 'China', 'rank': 8}, {'name': 'Location', 'value': 'United States', 'rank': 9}]",Foreign,10.0,A,2024-08-28 15:36:59+00:00,World,"In discussions in Beijing, the two sides made clear that many differences remain over Taiwan, technology export controls and trade disputes.",The New York Times,Asia Pacific,News,nyt://article/275ed32b-45a7-558b-b062-2f7a88f065a6,https://www.nytimes.com/2024/08/28/world/asia/us-china-biden-xi.html,848,By Keith Bradsher and David Pierson,U.S. and Chinese Officials Discuss Future Talks Between Biden and Xi,,U.S. and Chinese Officials Weigh Next Talks Between Leaders and Militaries,"Jake Sullivan, President Biden’s national security adviser, and Wang Yi, China’s top foreign policy official, in Beijing on Wednesday.",Pool photo by Ng Han Guan,https://static01.nyt.com/images/2024/08/29/multimedia/29china-us-photo-jqfh/29china-us-photo-jqfh-articleLarge.jpg,400,600,https://static01.nyt.com/images/2024/08/29/multimedia/29china-us-photo-jqfh/29china-us-photo-jqfh-thumbStandard.jpg,75,75,U.S. and Chinese Officials Discuss Future Talks Between Biden and Xi,"U.S. and Chinese Officials Discuss Future Talks Between Biden and Xi In discussions in Beijing, the two sides made clear that many differences remain over Taiwan, technology export controls and trade disputes. In discussions in Beijing, the two sides made clear that many differences remain over Taiwan, technology export controls and trade disputes."
"Aides to the two men, who met last month at Mar-a-Lago, had denied that such a call had taken place.",article,nyt://article/0aff542c-f417-58bc-919f-3b31cb1cdfa6,"[{'name': 'Person', 'value': 'Woodruff, Judy', 'rank': 1}, {'name': 'Organization', 'value': 'Public Broadcasting Service', 'rank': 2}, {'name': 'Person', 'value': 'Netanyahu, Benjamin', 'rank': 3}, {'name': 'Person', 'value': 'Trump, Donald J', 'rank': 4}, {'name': 'Subject', 'value': 'Israel-Gaza War (2023- )', 'rank': 5}, {'name': 'Organization', 'value': 'Axios Media Inc', 'rank': 6}, {'name': 'Organization', 'value': 'Thomson Reuters Corporation', 'rank': 7}]",Foreign,,,2024-08-21 21:04:44+00:00,World,"Aides to the two men, who met last month at Mar-a-Lago, had denied that such a call had taken place.",The New York Times,Middle East,News,nyt://article/0aff542c-f417-58bc-919f-3b31cb1cdfa6,https://www.nytimes.com/2024/08/22/world/middleeast/trump-netanyahu-cease-fire-talks-israel-woodruff-pbs.html,394,"By Maggie Haberman, Jonathan Swan and Isabel Kershner",PBS’s Woodruff Calls Comments Suggesting Trump and Netanyahu Discussed Cease-Fire a ‘Mistake’,,,"Former President Donald J. Trump greeting Prime Minister Benjamin Netanyahu of Israel and his wife, Sara Netanyahu, at Mar-a-Lago in West Palm Beach on July 26. ",Doug Mills/The New York Times,https://static01.nyt.com/images/2024/08/21/multimedia/21mideast-crisis-trump-denial-tfzk/21mideast-crisis-trump-denial-tfzk-articleLarge.jpg,390,600,https://static01.nyt.com/images/2024/08/21/multimedia/21mideast-crisis-trump-denial-tfzk/21mideast-crisis-trump-denial-tfzk-thumbStandard.jpg,75,75,PBS’s Woodruff Calls Comments Suggesting Trump and Netanyahu Discussed Cease-Fire a ‘Mistake’,"PBS’s Woodruff Calls Comments Suggesting Trump and Netanyahu Discussed Cease-Fire a ‘Mistake’ Aides to the two men, who met last month at Mar-a-Lago, had denied that such a call had taken place. Aides to the two men, who met last month at Mar-a-Lago, had denied that such a call had taken place."
"The Group of 7 gathers major industrialized countries, but its leaders are politically weak and Ukraine and Gaza remain unsolved.",article,nyt://article/937d629e-5c21-5863-9358-9b93767b194d,"[{'name': 'Organization', 'value': 'Group of Seven', 'rank': 1}, {'name': 'Subject', 'value': 'International Relations', 'rank': 2}, {'name': 'Subject', 'value': 'Politics and Government', 'rank': 3}, {'name': 'Subject', 'value': 'United States International Relations', 'rank': 4}, {'name': 'Subject', 'value': 'Protectionism (Trade)', 'rank': 5}, {'name': 'Subject', 'value': 'Right-Wing Extremism and Alt-Right', 'rank': 6}, {'name': 'Subject', 'value': 'International Trade and World Market', 'rank': 7}, {'name': 'Person', 'value': 'Meloni, Giorgia (1977- )', 'rank': 8}, {'name': 'Person', 'value': 'Biden, Joseph R Jr', 'rank': 9}, {'name': 'Person', 'value': 'Macron, Emmanuel (1977- )', 'rank': 10}, {'name': 'Person', 'value': 'Scholz, Olaf (1958- )', 'rank': 11}, {'name': 'Person', 'value': 'Trudeau, Justin', 'rank': 12}, {'name': 'Location', 'value': 'Italy', 'rank': 13}, {'name': 'Location', 'value': 'Canada', 'rank': 14}, {'name': 'Location', 'value': 'France', 'rank': 15}, {'name': 'Location', 'value': 'Germany', 'rank': 16}, {'name': 'Location', 'value': 'Great Britain', 'rank': 17}, {'name': 'Location', 'value': 'Japan', 'rank': 18}, {'name': 'Location', 'value': 'Europe', 'rank': 19}, {'name': 'Location', 'value': 'China', 'rank': 20}, {'name': 'Location', 'value': 'Russia', 'rank': 21}, {'name': 'Subject', 'value': 'Russian Invasion of Ukraine (2022)', 'rank': 22}, {'name': 'Subject', 'value': 'Embargoes and Sanctions', 'rank': 23}]",Foreign,,,2024-06-13 04:01:18+00:00,World,"The Group of 7 gathers major industrialized countries, but its leaders are politically weak and Ukraine and Gaza remain unsolved.",The New York Times,Europe,News,nyt://article/937d629e-5c21-5863-9358-9b93767b194d,https://www.nytimes.com/2024/06/13/world/europe/g7-leaders-weakened.html,1302,By Mark Landler and Steven Erlanger,Weakened Leaders of the West Gather in Italy to Discuss an Unruly World,,,"World leaders at this year’s G7 meeting, in Savelletri, Italy on June 13, 2024.",Erin Schaff/The New York Times,https://static01.nyt.com/images/2024/06/13/multimedia/13g7-leaders-home-fvgm/13g7-leaders-home-fvgm-articleLarge.jpg,400,600,https://static01.nyt.com/images/2024/06/13/multimedia/13g7-leaders-home-fvgm/13g7-leaders-home-fvgm-thumbStandard.jpg,75,75,Weakened Leaders of the West Gather in Italy to Discuss an Unruly World,"Weakened Leaders of the West Gather in Italy to Discuss an Unruly World The Group of 7 gathers major industrialized countries, but its leaders are politically weak and Ukraine and Gaza remain unsolved. The Group of 7 gathers major industrialized countries, but its leaders are politically weak and Ukraine and Gaza remain unsolved."
,article,nyt://article/648516c1-bf9d-53cd-96b8-bc8e8f160477,[],Foreign,,,2024-06-02 08:45:11+00:00,World,,The New York Times,Middle East,Live Blog Post,nyt://article/648516c1-bf9d-53cd-96b8-bc8e8f160477,https://www.nytimes.com/live/2024/06/02/world/israel-gaza-war-hamas-rafah/two-of-netanyahus-coalition-partners-push-back-on-a-cease-fire-proposal-and-other-news,395,,"Israel’s defense minister discusses a ‘governing alternative’ to Hamas, and other news.",Key Developments,,,,,0,0,,0,0,"Israel’s defense minister discusses a ‘governing alternative’ to Hamas, and other news.","Israel’s defense minister discusses a ‘governing alternative’ to Hamas, and other news."
,article,nyt://article/cc44ff3e-2ae3-5358-bb3f-3dd181bff640,[],Foreign,,,2024-06-01 11:50:00+00:00,World,,The New York Times,Middle East,Live Blog Post,nyt://article/cc44ff3e-2ae3-5358-bb3f-3dd181bff640,https://www.nytimes.com/live/2024/06/01/world/israel-gaza-war-hamas-rafah/world-leaders-and-officials-welcome-the-cease-fire-proposal-and-other-news,194,,"Israeli, Egyptian and U.S. officials will discuss reopening Rafah, and other news.",Key Developments,,,,,0,0,,0,0,"Israeli, Egyptian and U.S. officials will discuss reopening Rafah, and other news.","Israeli, Egyptian and U.S. officials will discuss reopening Rafah, and other news."
"“The only thing standing between the people of Gaza and a cease-fire is Hamas,” said Secretary of State Antony J. Blinken.",article,nyt://article/a8acf88b-c2e4-5b69-af41-98e691cdc332,"[{'name': 'Person', 'value': 'Blinken, Antony J', 'rank': 1}, {'name': 'Location', 'value': 'Saudi Arabia', 'rank': 2}, {'name': 'Location', 'value': 'Israel', 'rank': 3}, {'name': 'Location', 'value': 'Gaza Strip', 'rank': 4}, {'name': 'Organization', 'value': 'Hamas', 'rank': 5}, {'name': 'Subject', 'value': 'Israel-Gaza War (2023- )', 'rank': 6}]",Foreign,,,2024-04-29 05:14:47+00:00,World,"“The only thing standing between the people of Gaza and a cease-fire is Hamas,” said Secretary of State Antony J. Blinken.",The New York Times,Middle East,News,nyt://article/a8acf88b-c2e4-5b69-af41-98e691cdc332,https://www.nytimes.com/2024/04/29/world/middleeast/us-antony-blinken-saudi-arabia.html,874,By Edward Wong,Blinken Meets With Arab Officials to Discuss Gaza and Postwar Plans,,,"Secretary of State Antony J. Blinken, right, attended a joint ministerial meeting of the Gulf Cooperation Council in Riyadh, Saudi Arabia, on Monday.",Pool photo by Evelyn Hockstein,https://static01.nyt.com/images/2024/04/29/multimedia/29mideast-crisis-blinken-new-qhzf/29mideast-crisis-blinken-new-qhzf-articleLarge.jpg,400,600,https://static01.nyt.com/images/2024/04/29/multimedia/29mideast-crisis-blinken-new-qhzf/29mideast-crisis-blinken-new-qhzf-thumbStandard.jpg,75,75,Blinken Meets With Arab Officials to Discuss Gaza and Postwar Plans,"Blinken Meets With Arab Officials to Discuss Gaza and Postwar Plans “The only thing standing between the people of Gaza and a cease-fire is Hamas,” said Secretary of State Antony J. Blinken. “The only thing standing between the people of Gaza and a cease-fire is Hamas,” said Secretary of State Antony J. Blinken."
,article,nyt://article/f07f0b5b-2321-5cf8-8501-47ebd894f5e4,[],Foreign,,,2024-04-28 09:18:58+00:00,World,,The New York Times,Middle East,Live Blog Post,nyt://article/f07f0b5b-2321-5cf8-8501-47ebd894f5e4,https://www.nytimes.com/live/2024/04/28/world/israel-gaza-war-hamas/frances-foreign-minister-is-in-lebanon-first-to-discuss-tensions-between-hezbollah-and-israel,430,By Vivek Shankar,France’s foreign minister is in Lebanon to discuss tensions between Hezbollah and Israel.,,,"Stéphane Séjourné, left, the French foreign minister, with Nabih Berri, Lebanon’s parliamentary speaker, in Beirut, Lebanon, on Sunday.",Hassan Ammar/Associated Press,https://static01.nyt.com/images/2024/04/28/multimedia/28mideast-crisis-diplo-bpqw/28mideast-crisis-diplo-bpqw-articleLarge.jpg,400,600,https://static01.nyt.com/images/2024/04/28/multimedia/28mideast-crisis-diplo-bpqw/28mideast-crisis-diplo-bpqw-thumbStandard.jpg,75,75,France’s foreign minister is in Lebanon to discuss tensions between Hezbollah and Israel.,France’s foreign minister is in Lebanon to discuss tensions between Hezbollah and Israel.
The visit next week will come as talks on a cease-fire deal have stalled and tensions have risen over the treatment of civilians in the war.,article,nyt://article/d6f67917-c518-5972-8f14-b4cf6293ca5c,"[{'name': 'Subject', 'value': 'Israel-Gaza War (2023- )', 'rank': 1}, {'name': 'Person', 'value': 'Blinken, Antony J', 'rank': 2}, {'name': 'Location', 'value': 'Israel', 'rank': 3}, {'name': 'Subject', 'value': 'United States International Relations', 'rank': 4}, {'name': 'Subject', 'value': 'Defense and Military Forces', 'rank': 5}, {'name': 'Subject', 'value': 'Palestinians', 'rank': 6}, {'name': 'Organization', 'value': 'Hamas', 'rank': 7}, {'name': 'Location', 'value': 'Gaza Strip', 'rank': 8}, {'name': 'Location', 'value': 'Rafah (Gaza Strip)', 'rank': 9}, {'name': 'Subject', 'value': 'Kidnapping and Hostages', 'rank': 10}, {'name': 'Subject', 'value': 'Humanitarian Aid', 'rank': 11}, {'name': 'Location', 'value': 'Egypt', 'rank': 12}, {'name': 'Location', 'value': 'Qatar', 'rank': 13}, {'name': 'Subject', 'value': 'International Relations', 'rank': 14}, {'name': 'Subject', 'value': 'Peace Process', 'rank': 15}, {'name': 'Person', 'value': 'Netanyahu, Benjamin', 'rank': 16}]",Foreign,7.0,A,2024-04-26 19:10:27+00:00,World,The visit next week will come as talks on a cease-fire deal have stalled and tensions have risen over the treatment of civilians in the war.,The New York Times,Middle East,News,nyt://article/d6f67917-c518-5972-8f14-b4cf6293ca5c,https://www.nytimes.com/2024/04/26/world/middleeast/israel-gaza-blinken-rafah.html,895,"By Patrick Kingsley, Peter Baker and Euan Ward",Blinken to Return to Israel to Discuss Hostages and Planned Rafah Incursion,,Blinken Plans Return to Israel to Discuss Rafah,"A damaged house in Rafah, in the southern Gaza Strip, on Thursday.",Hatem Khaled/Reuters,https://static01.nyt.com/images/2024/04/26/multimedia/26mideast-crisis-leadall-01-gtql/26mideast-crisis-leadall-01-gtql-articleLarge.jpg,400,600,https://static01.nyt.com/images/2024/04/26/multimedia/26mideast-crisis-leadall-01-gtql/26mideast-crisis-leadall-01-gtql-thumbStandard.jpg,75,75,Blinken to Return to Israel to Discuss Hostages and Planned Rafah Incursion,Blinken to Return to Israel to Discuss Hostages and Planned Rafah Incursion The visit next week will come as talks on a cease-fire deal have stalled and tensions have risen over the treatment of civilians in the war. The visit next week will come as talks on a cease-fire deal have stalled and tensions have risen over the treatment of civilians in the war.
,article,nyt://article/f57b0a9b-c38f-5aed-89ff-3755bea58a93,[],Foreign,,,2024-04-20 11:05:01+00:00,World,,The New York Times,Middle East,Live Blog Post,nyt://article/f57b0a9b-c38f-5aed-89ff-3755bea58a93,https://www.nytimes.com/live/2024/04/20/world/israel-iran-gaza-war-news/hamass-political-leader-is-in-turkey-for-a-meeting-with-erdogan,535,By Liam Stack and Safak Timur,"At a meeting in Turkey, Hamas’s political leader and Erdogan discussed how to achieve a ‘fair and permanent peace in the region.’",,,"Ismail Haniyeh, the political leader of Hamas, visiting Tehran in March.",Vahid Salemi/Associated Press,https://static01.nyt.com/images/2024/04/20/multimedia/20mideast-crisis-erdogan-haniyeh-tqfv/20mideast-crisis-erdogan-haniyeh-tqfv-articleLarge.jpg,400,600,https://static01.nyt.com/images/2024/04/20/multimedia/20mideast-crisis-erdogan-haniyeh-tqfv/20mideast-crisis-erdogan-haniyeh-tqfv-thumbStandard.jpg,75,75,"At a meeting in Turkey, Hamas’s political leader and Erdogan discussed how to achieve a ‘fair and permanent peace in the region.’","At a meeting in Turkey, Hamas’s political leader and Erdogan discussed how to achieve a ‘fair and permanent peace in the region.’"
,article,nyt://article/9ae5c28a-5aea-5a75-a461-010927399448,[],Foreign,,,2024-04-16 20:02:06+00:00,World,,The New York Times,Middle East,Live Blog Post,nyt://article/9ae5c28a-5aea-5a75-a461-010927399448,https://www.nytimes.com/live/2024/04/16/world/iran-israel-gaza-war-news/eu-ministers-discuss-expanding-sanctions-against-irans-weapons-program,432,By Lara Jakes,E.U. ministers discuss expanding sanctions against Iran’s weapons program.,,,"Josep Borrell Fontelles, the foreign policy chief of the European Union, said on Tuesday that economic sanctions could be broadened to include Iran’s missile program, as well as the delivery of those weapons systems to its proxy militias.",John Thys/Agence France-Presse — Getty Images,https://static01.nyt.com/images/2024/04/16/multimedia/16mideast-crisis-eu-ministers-gjzq/16mideast-crisis-eu-ministers-gjzq-articleLarge.jpg,400,600,https://static01.nyt.com/images/2024/04/16/multimedia/16mideast-crisis-eu-ministers-gjzq/16mideast-crisis-eu-ministers-gjzq-thumbStandard.jpg,75,75,E.U. ministers discuss expanding sanctions against Iran’s weapons program.,E.U. ministers discuss expanding sanctions against Iran’s weapons program.
"The Biden administration has expressed concern about Israel’s planned ground invasion in the city, where nearly half of Gaza’s population has sheltered.",article,nyt://article/3269c1d0-f1a6-5e79-922a-bfabf766dd27,"[{'name': 'Subject', 'value': 'Israel-Gaza War (2023- )', 'rank': 1}, {'name': 'Subject', 'value': 'United States International Relations', 'rank': 2}, {'name': 'Subject', 'value': 'Palestinians', 'rank': 3}, {'name': 'Organization', 'value': 'Hamas', 'rank': 4}, {'name': 'Person', 'value': 'Biden, Joseph R Jr', 'rank': 5}, {'name': 'Person', 'value': 'Netanyahu, Benjamin', 'rank': 6}, {'name': 'Location', 'value': 'Gaza Strip', 'rank': 7}, {'name': 'Location', 'value': 'Israel', 'rank': 8}, {'name': 'Location', 'value': 'Rafah (Gaza Strip)', 'rank': 9}]",Washington,,,2024-03-18 21:15:34+00:00,World,"The Biden administration has expressed concern about Israel’s planned ground invasion in the city, where nearly half of Gaza’s population has sheltered.",The New York Times,Middle East,News,nyt://article/3269c1d0-f1a6-5e79-922a-bfabf766dd27,https://www.nytimes.com/2024/03/19/world/middleeast/rafah-netanyahu-biden.html,660,By Zach Montague,Netanyahu to Send Israeli Team to Washington to Discuss Rafah Plans,,,"Debris-filled streets in Rafah, Gaza, this month.",Fatima Shbair/Associated Press,https://static01.nyt.com/images/2024/04/18/multimedia/18mideast-crisis-biden-netanyahu-tcwp/18mideast-crisis-biden-netanyahu-tcwp-articleLarge.jpg,400,600,https://static01.nyt.com/images/2024/04/18/multimedia/18mideast-crisis-biden-netanyahu-tcwp/18mideast-crisis-biden-netanyahu-tcwp-thumbStandard.jpg,75,75,Netanyahu to Send Israeli Team to Washington to Discuss Rafah Plans,"Netanyahu to Send Israeli Team to Washington to Discuss Rafah Plans The Biden administration has expressed concern about Israel’s planned ground invasion in the city, where nearly half of Gaza’s population has sheltered. The Biden administration has expressed concern about Israel’s planned ground invasion in the city, where nearly half of Gaza’s population has sheltered."
,article,nyt://article/18435e2b-13ee-5d1f-acd7-d70b114c8a23,[],Foreign,,,2024-03-11 23:38:36+00:00,World,,The New York Times,Middle East,Live Blog Post,nyt://article/18435e2b-13ee-5d1f-acd7-d70b114c8a23,https://www.nytimes.com/live/2024/03/12/world/israel-hamas-war-gaza-news/the-un-security-council-discusses-sexual-violence-against-israeli-women,518,By Farnaz Fassihi,The U.N. Security Council discusses sexual violence against Israeli women.,,,"Pramila Patten, Special Representative of the Secretary-General on Sexual Violence in Conflict, briefed the United Nations Security Council during an emergency session on Monday.",David Dee Delgado/Reuters,https://static01.nyt.com/images/2024/03/11/multimedia/11mideast-crisis-un-sexual-violence01-qkmc/11mideast-crisis-un-sexual-violence01-qkmc-articleLarge.jpg,400,600,https://static01.nyt.com/images/2024/03/11/multimedia/11mideast-crisis-un-sexual-violence01-qkmc/11mideast-crisis-un-sexual-violence01-qkmc-thumbStandard.jpg,75,75,The U.N. Security Council discusses sexual violence against Israeli women.,The U.N. Security Council discusses sexual violence against Israeli women.
,article,nyt://article/a24b3906-1806-51f2-8ac5-49123d8acc6d,[],Foreign,,,2024-02-19 15:16:15+00:00,World,,The New York Times,Middle East,Live Blog Post,nyt://article/a24b3906-1806-51f2-8ac5-49123d8acc6d,https://www.nytimes.com/live/2024/02/19/world/israel-hamas-war-gaza-news/israel-is-discussing-new-limits-on-access-to-an-important-mosque-in-jerusalem,478,By Patrick Kingsley,Israel is discussing new limits on access to an important mosque in Jerusalem.,,,Israeli security forces look on as Palestinians pray near the Aqsa Mosque in Jerusalem in October.,Afif Amireh for The New York Times,https://static01.nyt.com/images/2023/11/20/multimedia/19mideast-crisis-aqsa/20israel-palestinians-psychology-top-tvfh-articleLarge.jpg,391,600,https://static01.nyt.com/images/2023/11/20/multimedia/19mideast-crisis-aqsa/20israel-palestinians-psychology-top-tvfh-thumbStandard.jpg,75,75,Israel is discussing new limits on access to an important mosque in Jerusalem.,Israel is discussing new limits on access to an important mosque in Jerusalem.
"The U.S. secretary of state also planned to talk about how to prevent the violence in the Mideast from escalating further, as Iran-backed militias ramp up attacks.",article,nyt://article/adb8bd1e-34f9-51bb-8a0f-9520a13d82df,"[{'name': 'Subject', 'value': 'Israel-Gaza War (2023- )', 'rank': 1}, {'name': 'Subject', 'value': 'Palestinians', 'rank': 2}, {'name': 'Organization', 'value': 'Hamas', 'rank': 3}, {'name': 'Person', 'value': 'Blinken, Antony J', 'rank': 4}, {'name': 'Person', 'value': 'Sisi, Abdel Fattah el-', 'rank': 5}, {'name': 'Location', 'value': 'Cairo (Egypt)', 'rank': 6}, {'name': 'Location', 'value': 'Gaza Strip', 'rank': 7}, {'name': 'Location', 'value': 'Israel', 'rank': 8}]",Foreign,7.0,A,2024-01-11 11:03:13+00:00,World,"The U.S. secretary of state also planned to talk about how to prevent the violence in the Mideast from escalating further, as Iran-backed militias ramp up attacks.",The New York Times,Middle East,News,nyt://article/adb8bd1e-34f9-51bb-8a0f-9520a13d82df,https://www.nytimes.com/2024/01/11/world/middleeast/blinken-gaza-egypt-sisi.html,499,By Edward Wong,Blinken Meets With el-Sisi in Egypt to Discuss Plight of Palestinians in Gaza,,Blinken and el-Sisi Discuss Palestinians in Gaza,"Antony J. Blinken, the U.S. secretary of state, left, met with President Abdel Fattah el-Sisi of Egypt in Cairo on Thursday.",Pool photo by Evelyn Hockstein,https://static01.nyt.com/images/2024/01/11/multimedia/11israel-hamas-blinken-egypt-bchv/11israel-hamas-blinken-egypt-bchv-articleLarge.jpg,400,600,https://static01.nyt.com/images/2024/01/11/multimedia/11israel-hamas-blinken-egypt-bchv/11israel-hamas-blinken-egypt-bchv-thumbStandard.jpg,75,75,Blinken Meets With el-Sisi in Egypt to Discuss Plight of Palestinians in Gaza,"Blinken Meets With el-Sisi in Egypt to Discuss Plight of Palestinians in Gaza The U.S. secretary of state also planned to talk about how to prevent the violence in the Mideast from escalating further, as Iran-backed militias ramp up attacks. The U.S. secretary of state also planned to talk about how to prevent the violence in the Mideast from escalating further, as Iran-backed militias ramp up attacks."
"Cecilia Sala, 29, was arrested on Dec. 19, but news of her detention only became public on Friday. The reason for the arrest of Ms. Sala, a well-known reporter, has not been made public.",article,nyt://article/a2476fb6-ab6a-596c-b6ba-6a9b54d910ed,"[{'name': 'Subject', 'value': 'News and News Media', 'rank': 1}, {'name': 'Subject', 'value': 'Political Prisoners', 'rank': 2}, {'name': 'Subject', 'value': 'Freedom of the Press', 'rank': 3}, {'name': 'Location', 'value': 'Tehran (Iran)', 'rank': 4}, {'name': 'Location', 'value': 'Iran', 'rank': 5}, {'name': 'Location', 'value': 'Italy', 'rank': 6}, {'name': 'Person', 'value': 'Sala, Cecilia (1995- )', 'rank': 7}]",Foreign,5.0,A,2024-12-27 15:26:57+00:00,World,"Cecilia Sala, 29, was arrested on Dec. 19, but news of her detention only became public on Friday. The reason for the arrest of Ms. Sala, a well-known reporter, has not been made public.",The New York Times,Middle East,News,nyt://article/a2476fb6-ab6a-596c-b6ba-6a9b54d910ed,https://www.nytimes.com/2024/12/27/world/middleeast/cecilia-sala-italian-journalist-arrested-iran.html,507,By Emma Bubola,Italian Journalist Is Detained While Reporting in Iran,,Journalist  From Italy Held in Iran,"Cecilia Sala, a journalist who has been detained in Iran, speaking in Milan, Italy, in February.","Elena Di Vincenzo/Mondadori Portfolio, via Getty Images",https://static01.nyt.com/images/2024/12/27/world/27iran-journalist-sala/27iran-journalist-sala-articleLarge.jpg,400,600,https://static01.nyt.com/images/2024/12/27/world/27iran-journalist-sala/27iran-journalist-sala-thumbStandard.jpg,75,75,Italian Journalist Is Detained While Reporting in Iran,"Italian Journalist Is Detained While Reporting in Iran Cecilia Sala, 29, was arrested on Dec. 19, but news of her detention only became public on Friday. The reason for the arrest of Ms. Sala, a well-known reporter, has not been made public. Cecilia Sala, 29, was arrested on Dec. 19, but news of her detention only became public on Friday. The reason for the arrest of Ms. Sala, a well-known reporter, has not been made public."
"Police leaders waited too long — three days — to trigger a national mobilization to tackle the anti-immigrant violence that broke out in Britain this year, a report found.",article,nyt://article/41efbc35-57c3-55df-9cc4-e596ea4159bd,"[{'name': 'Subject', 'value': 'Demonstrations, Protests and Riots', 'rank': 1}, {'name': 'Subject', 'value': 'Police', 'rank': 2}, {'name': 'Subject', 'value': 'Immigration and Emigration', 'rank': 3}, {'name': 'Location', 'value': 'Great Britain', 'rank': 4}, {'name': 'Subject', 'value': 'Rumors and Misinformation', 'rank': 5}, {'name': 'Subject', 'value': 'Arson', 'rank': 6}, {'name': 'Subject', 'value': 'Hate Crimes', 'rank': 7}, {'name': 'Subject', 'value': 'Attacks on Police', 'rank': 8}, {'name': 'Location', 'value': 'England', 'rank': 9}]",Foreign,10.0,A,2024-12-18 05:01:04+00:00,World,"Police leaders waited too long — three days — to trigger a national mobilization to tackle the anti-immigrant violence that broke out in Britain this year, a report found.",The New York Times,Europe,News,nyt://article/41efbc35-57c3-55df-9cc4-e596ea4159bd,https://www.nytimes.com/2024/12/18/world/europe/uk-riots-police-response-report.html,848,By Megan Specia,"U.K. Police Chiefs Were Too Slow to React to Summer Riots, Report Says",,British Police Chiefs Faulted for Response to Riots,"Rioters attacking a hotel that was housing asylum seekers in Rotherham, Britain, on Aug. 4. “Intelligence assessments didn’t predict the rising tide of violent disorder well enough,” a report said Wednesday. ",Hollie Adams/Reuters,https://static01.nyt.com/images/2024/12/18/multimedia/18UK-riots-qclb/18UK-riots-qclb-articleLarge.jpg,399,600,https://static01.nyt.com/images/2024/12/18/multimedia/18UK-riots-qclb/18UK-riots-qclb-thumbStandard.jpg,75,75,"U.K. Police Chiefs Were Too Slow to React to Summer Riots, Report Says","U.K. Police Chiefs Were Too Slow to React to Summer Riots, Report Says Police leaders waited too long — three days — to trigger a national mobilization to tackle the anti-immigrant violence that broke out in Britain this year, a report found. Police leaders waited too long — three days — to trigger a national mobilization to tackle the anti-immigrant violence that broke out in Britain this year, a report found."
An unpublished report on the soccer governing body’s responsibility for migrant workers recommends that it should compensate those harmed.,article,nyt://article/dd5f642d-6687-5060-b0b6-8d7bfa66f08a,"[{'name': 'Subject', 'value': 'Soccer', 'rank': 1}, {'name': 'Subject', 'value': 'World Cup 2022 (Soccer)', 'rank': 2}, {'name': 'Subject', 'value': 'Workplace Hazards and Violations', 'rank': 3}, {'name': 'Subject', 'value': 'Migrant Labor (Non-Agriculture)', 'rank': 4}, {'name': 'Subject', 'value': 'Foreign Workers', 'rank': 5}, {'name': 'Subject', 'value': 'Human Rights and Human Rights Violations', 'rank': 6}, {'name': 'Subject', 'value': 'Compensation for Damages (Law)', 'rank': 7}, {'name': 'Subject', 'value': 'World Cup (Soccer)', 'rank': 8}, {'name': 'Organization', 'value': 'International Federation of Association Football (FIFA)', 'rank': 9}, {'name': 'Location', 'value': 'Qatar', 'rank': 10}]",Foreign,11.0,A,2024-11-29 15:23:33+00:00,World,An unpublished report on the soccer governing body’s responsibility for migrant workers recommends that it should compensate those harmed.,The New York Times,Middle East,News,nyt://article/dd5f642d-6687-5060-b0b6-8d7bfa66f08a,https://www.nytimes.com/2024/11/29/world/middleeast/qatar-world-cup-2022-fifa-migrant-workers.html,1121,By Tariq Panja,"FIFA Should Pay Workers Injured Building the Qatar World Cup, Internal Report Says",,Secret Report Urges  FIFA To Pay Workers Harmed at Qatar Sites,"Workers on the construction site of the Al-Wakrah Stadium, a FIFA World Cup venue, during its construction in 2018.",Karim Jaafar/Agence France-Presse — Getty Images,https://static01.nyt.com/images/2024/11/29/world/29qatar-fifa-00001/29qatar-fifa-00001-articleLarge.jpg,400,600,https://static01.nyt.com/images/2024/11/29/world/29qatar-fifa-00001/29qatar-fifa-00001-thumbStandard.jpg,75,75,"FIFA Should Pay Workers Injured Building the Qatar World Cup, Internal Report Says","FIFA Should Pay Workers Injured Building the Qatar World Cup, Internal Report Says An unpublished report on the soccer governing body’s responsibility for migrant workers recommends that it should compensate those harmed. An unpublished report on the soccer governing body’s responsibility for migrant workers recommends that it should compensate those harmed."
"Rights groups said that Reza Valizadeh, an Iranian-American journalist, was recently arrested in Iran, although the State Department did not confirm that he was the person detained.",article,nyt://article/891442b5-8b66-5ffc-a6b0-0c388d1bb778,"[{'name': 'Subject', 'value': 'United States International Relations', 'rank': 1}, {'name': 'Subject', 'value': 'News and News Media', 'rank': 2}, {'name': 'Subject', 'value': 'Political Prisoners', 'rank': 3}, {'name': 'Subject', 'value': 'Freedom of the Press', 'rank': 4}, {'name': 'Subject', 'value': 'Human Rights and Human Rights Violations', 'rank': 5}, {'name': 'Subject', 'value': 'Iranian-Americans', 'rank': 6}, {'name': 'Person', 'value': 'Valizadeh, Reza', 'rank': 7}, {'name': 'Organization', 'value': 'Committee to Protect Journalists', 'rank': 8}, {'name': 'Organization', 'value': 'Evin Prison', 'rank': 9}, {'name': 'Location', 'value': 'Iran', 'rank': 10}]",Foreign,,,2024-11-03 19:24:17+00:00,World,"Rights groups said that Reza Valizadeh, an Iranian-American journalist, was recently arrested in Iran, although the State Department did not confirm that he was the person detained.",The New York Times,Middle East,News,nyt://article/891442b5-8b66-5ffc-a6b0-0c388d1bb778,https://www.nytimes.com/2024/11/03/world/middleeast/iran-arrest-reza-valizadeh-journalist-detention.html,781,By Amelia Nierenberg,U.S. Confirms Reports That Iran Arrested an Iranian-American Citizen,,,Demonstrators mark the 45th anniversary of Iran’s takeover of the U.S. embassy in Tehran.,Arash Khamooshi for The New York Times,https://static01.nyt.com/images/2024/11/03/multimedia/03iran-arrest-jzqv/03iran-arrest-jzqv-articleLarge.jpg,400,600,https://static01.nyt.com/images/2024/11/03/multimedia/03iran-arrest-jzqv/03iran-arrest-jzqv-thumbStandard.jpg,75,75,U.S. Confirms Reports That Iran Arrested an Iranian-American Citizen,"U.S. Confirms Reports That Iran Arrested an Iranian-American Citizen Rights groups said that Reza Valizadeh, an Iranian-American journalist, was recently arrested in Iran, although the State Department did not confirm that he was the person detained. Rights groups said that Reza Valizadeh, an Iranian-American journalist, was recently arrested in Iran, although the State Department did not confirm that he was the person detained."
The report is intended to assess efforts by the Roman Catholic Church to safeguard minors and others. Advocates for survivors called it an exercise in obfuscation.,article,nyt://article/114c625b-0d39-5527-8f5f-7372732d13d5,"[{'name': 'Subject', 'value': 'Priests', 'rank': 1}, {'name': 'Subject', 'value': 'Sex Crimes', 'rank': 2}, {'name': 'Subject', 'value': 'Child Abuse and Neglect', 'rank': 3}, {'name': 'Subject', 'value': 'Clergy', 'rank': 4}, {'name': 'Subject', 'value': 'Compensation for Damages (Law)', 'rank': 5}, {'name': 'Organization', 'value': 'Roman Catholic Church', 'rank': 6}, {'name': 'Person', 'value': 'Francis', 'rank': 7}]",Foreign,6.0,A,2024-10-29 13:14:53+00:00,World,The report is intended to assess efforts by the Roman Catholic Church to safeguard minors and others. Advocates for survivors called it an exercise in obfuscation.,The New York Times,Europe,News,nyt://article/114c625b-0d39-5527-8f5f-7372732d13d5,https://www.nytimes.com/2024/10/29/world/europe/vatican-sex-abuse-report.html,1220,By Elisabetta Povoledo,"Vatican Issues First Report on Sexual Abuse, to Immediate Criticism",,"Vatican Panel Issues First Report on Sexual Abuse, to Immediate Criticism",Pope Francis tasked the commission with verifying that countries were following a new church law that set out rules for reporting and combating clerical sexual abuse.,Tiziana Fabi/Agence France-Presse — Getty Images,https://static01.nyt.com/images/2024/10/29/multimedia/29vatican-sex-abuse-bhwc/29vatican-sex-abuse-bhwc-articleLarge.jpg,400,600,https://static01.nyt.com/images/2024/10/29/multimedia/29vatican-sex-abuse-bhwc/29vatican-sex-abuse-bhwc-thumbStandard.jpg,75,75,"Vatican Issues First Report on Sexual Abuse, to Immediate Criticism","Vatican Issues First Report on Sexual Abuse, to Immediate Criticism The report is intended to assess efforts by the Roman Catholic Church to safeguard minors and others. Advocates for survivors called it an exercise in obfuscation. The report is intended to assess efforts by the Roman Catholic Church to safeguard minors and others. Advocates for survivors called it an exercise in obfuscation."
"Palestinians in the enclave were divided over whether the death of Yahya Sinwar, if confirmed, would bring the war in Gaza closer to an end.",article,nyt://article/53df5fcb-f142-5899-9c02-68e98ee48a84,[],Foreign,,,2024-10-17 16:23:01+00:00,World,"Palestinians in the enclave were divided over whether the death of Yahya Sinwar, if confirmed, would bring the war in Gaza closer to an end.",The New York Times,Middle East,Live Blog Post,nyt://article/53df5fcb-f142-5899-9c02-68e98ee48a84,https://www.nytimes.com/live/2024/10/17/world/israel-lebanon-iran-gaza-news/gaza-sinwar-reaction-death,420,By Raja Abdulrahim and Ameera Harouda,Gazans react to reports that the leader of Hamas was killed.,,,"A Palestinian woman in Khan Younis, southern Gaza, on Thursday.",Bashar Taleb/Agence France-Presse — Getty Images,https://static01.nyt.com/images/2024/10/17/multimedia/17mideast-crisis-gaza-react-cvqg/17mideast-crisis-gaza-react-cvqg-articleLarge.jpg,400,600,https://static01.nyt.com/images/2024/10/17/multimedia/17mideast-crisis-gaza-react-cvqg/17mideast-crisis-gaza-react-cvqg-thumbStandard.jpg,75,75,Gazans react to reports that the leader of Hamas was killed.,"Gazans react to reports that the leader of Hamas was killed. Palestinians in the enclave were divided over whether the death of Yahya Sinwar, if confirmed, would bring the war in Gaza closer to an end. Palestinians in the enclave were divided over whether the death of Yahya Sinwar, if confirmed, would bring the war in Gaza closer to an end."
"A hunger emergency has affected nearly all of Gaza, but the situation is worst for people in the north, where Israeli forces intensified operations this month, the report said.",article,nyt://article/78b14f0c-becc-5cc0-a332-c87b4600bfce,"[{'name': 'Subject', 'value': 'Israel-Gaza War (2023- )', 'rank': 1}, {'name': 'Subject', 'value': 'Malnutrition', 'rank': 2}, {'name': 'Subject', 'value': 'Famine', 'rank': 3}, {'name': 'Organization', 'value': 'United Nations', 'rank': 4}, {'name': 'Location', 'value': 'Gaza Strip', 'rank': 5}]",Foreign,,,2024-10-17 15:34:56+00:00,World,"A hunger emergency has affected nearly all of Gaza, but the situation is worst for people in the north, where Israeli forces intensified operations this month, the report said.",The New York Times,Middle East,News,nyt://article/78b14f0c-becc-5cc0-a332-c87b4600bfce,https://www.nytimes.com/2024/10/17/world/middleeast/gaza-malnourished-famine-warnings.html,628,By Matthew Mpoke Bigg,"Gazans Are So Malnourished That They Could Face Famine, Report Warns",,,"Palestinians gathering to receive food aid in Jabaliya, in northern Gaza, in August.",Mahmoud Issa/Reuters,https://static01.nyt.com/images/2024/10/17/multimedia/17mideast-crisis-ipc-hunger-qfmj/17mideast-crisis-ipc-hunger-qfmj-articleLarge.jpg,400,600,https://static01.nyt.com/images/2024/10/17/multimedia/17mideast-crisis-ipc-hunger-qfmj/17mideast-crisis-ipc-hunger-qfmj-thumbStandard.jpg,75,75,"Gazans Are So Malnourished That They Could Face Famine, Report Warns","Gazans Are So Malnourished That They Could Face Famine, Report Warns A hunger emergency has affected nearly all of Gaza, but the situation is worst for people in the north, where Israeli forces intensified operations this month, the report said. A hunger emergency has affected nearly all of Gaza, but the situation is worst for people in the north, where Israeli forces intensified operations this month, the report said."
"A weapons facility near a Russian air base in a coastal Syrian city was destroyed on Thursday, according to a monitoring group.",article,nyt://article/8c914938-d9df-5b67-b1c4-4b607c8c685e,"[{'name': 'Subject', 'value': 'War and Armed Conflicts', 'rank': 1}, {'name': 'Subject', 'value': 'Military Bases and Installations', 'rank': 2}, {'name': 'Subject', 'value': 'International Relations', 'rank': 3}, {'name': 'Subject', 'value': 'Missiles and Missile Defense Systems', 'rank': 4}, {'name': 'Subject', 'value': 'Iran-Israel Proxy Conflict', 'rank': 5}, {'name': 'Organization', 'value': 'Islamic Revolutionary Guards Corps', 'rank': 6}, {'name': 'Organization', 'value': 'Syrian Observatory for Human Rights', 'rank': 7}, {'name': 'Organization', 'value': 'Hezbollah', 'rank': 8}, {'name': 'Location', 'value': 'Latakia (Syria)', 'rank': 9}, {'name': 'Location', 'value': 'Iran', 'rank': 10}]",Foreign,6.0,A,2024-10-04 18:06:08+00:00,World,"A weapons facility near a Russian air base in a coastal Syrian city was destroyed on Thursday, according to a monitoring group.",The New York Times,Middle East,News,nyt://article/8c914938-d9df-5b67-b1c4-4b607c8c685e,https://www.nytimes.com/2024/10/04/world/middleeast/israel-strikes-russian-airbase-syria.html,637,"By Eve Sampson, Anton Troianovski, Aric Toler and Oleg Matsnev","Syria, Russia Remain Silent on Reported Airstrikes Near a Russian Base in Syria",,Group in Syria Reports Attack At Warehouse Tied to Russia,,"Hannibal Hanschke/EPA, via Shutterstock",https://static01.nyt.com/images/2024/10/04/multimedia/04mideast-crisis-syria-russia-strike-jptb/04mideast-crisis-syria-russia-strike-jptb-articleLarge.jpg,600,600,https://static01.nyt.com/images/2024/10/04/multimedia/04mideast-crisis-syria-russia-strike-jptb/04mideast-crisis-syria-russia-strike-jptb-thumbStandard.jpg,75,75,"Syria, Russia Remain Silent on Reported Airstrikes Near a Russian Base in Syria","Syria, Russia Remain Silent on Reported Airstrikes Near a Russian Base in Syria A weapons facility near a Russian air base in a coastal Syrian city was destroyed on Thursday, according to a monitoring group. A weapons facility near a Russian air base in a coastal Syrian city was destroyed on Thursday, according to a monitoring group."
"Sameh al-Asali, who was sheltering in the city of Jericho in the Israeli-occupied West Bank, was killed when a large missile fragment slammed into him.",article,nyt://article/90ed0ee2-eb76-52fc-b385-074ac47212fc,"[{'name': 'Subject', 'value': 'War and Armed Conflicts', 'rank': 1}, {'name': 'Subject', 'value': 'Iran-Israel Proxy Conflict', 'rank': 2}, {'name': 'Subject', 'value': 'Israel-Gaza War (2023- )', 'rank': 3}, {'name': 'Subject', 'value': 'Civilian Casualties', 'rank': 4}, {'name': 'Subject', 'value': 'Missiles and Missile Defense Systems', 'rank': 5}, {'name': 'Subject', 'value': 'Palestinians', 'rank': 6}, {'name': 'Location', 'value': 'West Bank', 'rank': 7}, {'name': 'Location', 'value': 'Israel', 'rank': 8}, {'name': 'Location', 'value': 'Gaza Strip', 'rank': 9}, {'name': 'Location', 'value': 'Iran', 'rank': 10}, {'name': 'Organization', 'value': 'Palestinian Authority', 'rank': 11}, {'name': 'Person', 'value': 'Sameh al-Asali', 'rank': 12}]",Foreign,,,2024-10-01 23:27:20+00:00,World,"Sameh al-Asali, who was sheltering in the city of Jericho in the Israeli-occupied West Bank, was killed when a large missile fragment slammed into him.",The New York Times,Middle East,News,nyt://article/90ed0ee2-eb76-52fc-b385-074ac47212fc,https://www.nytimes.com/2024/10/01/world/middleeast/gaza-palestinian-dead-iran-attack.html,548,By Adam Rasgon,Laborer From Gaza Is First Reported Fatality of Iran’s Missile Attack,,,"People gathered around a fallen projectile that had been moved to the center of a square in the village of Dura in the occupied West Bank on Tuesday, after Iran launched a missile barrage at Israel.",Hazem Bader/Agence France-Presse — Getty Images,https://static01.nyt.com/images/2024/10/01/multimedia/01mideast-crisis-iran-attack-impact-bkfz/01mideast-crisis-iran-attack-impact-bkfz-articleLarge.jpg,400,600,https://static01.nyt.com/images/2024/10/01/multimedia/01mideast-crisis-iran-attack-impact-bkfz/01mideast-crisis-iran-attack-impact-bkfz-thumbStandard.jpg,75,75,Laborer From Gaza Is First Reported Fatality of Iran’s Missile Attack,"Laborer From Gaza Is First Reported Fatality of Iran’s Missile Attack Sameh al-Asali, who was sheltering in the city of Jericho in the Israeli-occupied West Bank, was killed when a large missile fragment slammed into him. Sameh al-Asali, who was sheltering in the city of Jericho in the Israeli-occupied West Bank, was killed when a large missile fragment slammed into him."
,article,nyt://article/94d01a02-394f-5f5a-8a06-c9e2602b7b43,[],Foreign,,,2024-09-26 15:30:55+00:00,World,,The New York Times,Middle East,Live Blog Post,nyt://article/94d01a02-394f-5f5a-8a06-c9e2602b7b43,https://www.nytimes.com/live/2024/09/26/world/israel-lebanon-hezbollah-hamas/israel-says-it-targeted-hamas-in-a-strike-on-a-school-turned-shelter-gazan-officials-report-women-and-children-were-killed,389,By Matthew Mpoke Bigg,Israel says it targeted Hamas in a strike on a school compound. Gazan officials report women and children were killed.,,,Palestinians at a school turned shelter following a strike near Jabaliya in the northern Gaza Strip on Thursday.,Omar Al-Qattaa/Agence France-Presse — Getty Images,https://static01.nyt.com/images/2024/09/26/multimedia/26mideast-crisis-gaza-school-ptfl/26mideast-crisis-gaza-school-ptfl-articleLarge.jpg,400,600,https://static01.nyt.com/images/2024/09/26/multimedia/26mideast-crisis-gaza-school-ptfl/26mideast-crisis-gaza-school-ptfl-thumbStandard.jpg,75,75,Israel says it targeted Hamas in a strike on a school compound. Gazan officials report women and children were killed.,Israel says it targeted Hamas in a strike on a school compound. Gazan officials report women and children were killed.
The Swiss police said they had detained “several individuals” after a 64-year-old American woman reportedly died by suicide using the controversial device.,article,nyt://article/af070df6-7a40-5594-a775-b545a2ea31e6,"[{'name': 'Subject', 'value': 'Euthanasia and Assisted Suicide', 'rank': 1}, {'name': 'Organization', 'value': 'Last Resort (Nonprofit)', 'rank': 2}, {'name': 'Location', 'value': 'Schaffhausen (Switzerland)', 'rank': 3}, {'name': 'Location', 'value': 'Switzerland', 'rank': 4}]",Express,4.0,A,2024-09-25 18:16:43+00:00,World,The Swiss police said they had detained “several individuals” after a 64-year-old American woman reportedly died by suicide using the controversial device.,The New York Times,Europe,News,nyt://article/af070df6-7a40-5594-a775-b545a2ea31e6,https://www.nytimes.com/2024/09/25/world/europe/switzerland-sarco-capsule-suicide.html,809,By Ali Watkins,"In Switzerland, Reported Use of Suicide Capsule Inflames Debate",,Use of Suicide Capsule in Switzerland Renews a Debate Over Assisted Death,The Sarco capsule on display at a news conference in Zurich in July. ,"Ennio Leanza/EPA, via Shutterstock",https://static01.nyt.com/images/2024/09/25/multimedia/25xp-swisspod-czvl/25xp-swisspod-czvl-articleLarge.jpg,400,600,https://static01.nyt.com/images/2024/09/25/multimedia/25xp-swisspod-czvl/25xp-swisspod-czvl-thumbStandard.jpg,75,75,"In Switzerland, Reported Use of Suicide Capsule Inflames Debate","In Switzerland, Reported Use of Suicide Capsule Inflames Debate The Swiss police said they had detained “several individuals” after a 64-year-old American woman reportedly died by suicide using the controversial device. The Swiss police said they had detained “several individuals” after a 64-year-old American woman reportedly died by suicide using the controversial device."
"The ambassador, Mojtaba Amini, lost an eye, according to two members of Iran’s Revolutionary Guards Corps who were briefed on the attack.",article,nyt://article/f4e0e573-1c2a-5068-824a-b687486170a6,"[{'name': 'Location', 'value': 'Iran', 'rank': 1}, {'name': 'Organization', 'value': 'Hezbollah', 'rank': 2}, {'name': 'Location', 'value': 'Israel', 'rank': 3}, {'name': 'Subject', 'value': 'Wireless Communications', 'rank': 4}, {'name': 'Subject', 'value': 'Diplomatic Service, Embassies and Consulates', 'rank': 5}]",Foreign,,,2024-09-17 18:17:34+00:00,World,"The ambassador, Mojtaba Amini, lost an eye, according to two members of Iran’s Revolutionary Guards Corps who were briefed on the attack.",The New York Times,Middle East,News,nyt://article/f4e0e573-1c2a-5068-824a-b687486170a6,https://www.nytimes.com/2024/09/18/world/middleeast/iran-ambassador-mojtaba-amini-pager-attack.html,756,By Farnaz Fassihi,"Iran’s Ambassador to Lebanon Is Injured in Pager Attack, State Media Reports",,,"Iran’s ambassador to Lebanon, Mojtaba Amini, center, in Beirut, Lebanon, in July.",Mohamed Azakir/Reuters,https://static01.nyt.com/images/2024/09/17/multimedia/17mideast-crisis-iranian-ambassador-vkpq/17mideast-crisis-iranian-ambassador-vkpq-articleLarge.jpg,396,600,https://static01.nyt.com/images/2024/09/17/multimedia/17mideast-crisis-iranian-ambassador-vkpq/17mideast-crisis-iranian-ambassador-vkpq-thumbStandard.jpg,75,75,"Iran’s Ambassador to Lebanon Is Injured in Pager Attack, State Media Reports","Iran’s Ambassador to Lebanon Is Injured in Pager Attack, State Media Reports The ambassador, Mojtaba Amini, lost an eye, according to two members of Iran’s Revolutionary Guards Corps who were briefed on the attack. The ambassador, Mojtaba Amini, lost an eye, according to two members of Iran’s Revolutionary Guards Corps who were briefed on the attack."
An investigator hired by the global antidoping regulator found no bias toward China in a case that has outraged Olympic athletes and led to an F.B.I. investigation.,article,nyt://article/dc964c71-c1ca-56f8-a591-4769a736eca3,"[{'name': 'Location', 'value': 'China', 'rank': 1}, {'name': 'Subject', 'value': 'Doping (Sports)', 'rank': 2}, {'name': 'Subject', 'value': 'Olympic Games', 'rank': 3}, {'name': 'Subject', 'value': 'Olympic Games (2024)', 'rank': 4}, {'name': 'Subject', 'value': 'Swimming', 'rank': 5}, {'name': 'Organization', 'value': 'World Anti-Doping Agency', 'rank': 6}, {'name': 'Organization', 'value': 'International Olympic Committee', 'rank': 7}, {'name': 'Person', 'value': 'Cottier, Eric', 'rank': 8}, {'name': 'Person', 'value': 'Gupta, Rahul', 'rank': 9}, {'name': 'Organization', 'value': 'Federal Bureau of Investigation', 'rank': 10}]",Foreign,8.0,B,2024-09-12 19:59:35+00:00,World,An investigator hired by the global antidoping regulator found no bias toward China in a case that has outraged Olympic athletes and led to an F.B.I. investigation.,The New York Times,Europe,News,nyt://article/dc964c71-c1ca-56f8-a591-4769a736eca3,https://www.nytimes.com/2024/09/12/world/europe/wada-china-doping.html,1206,By Tariq Panja and Michael S. Schmidt,Report Concludes China Broke Rules in Doping Case but Clears WADA,,Report Clears WADA Over a Doping Case Of Chinese Swimmers,Chinese swimmers who had tested positive for a banned drug months earlier were allowed to compete at the Tokyo Olympics in 2021.,Oli Scarff/Agence France-Presse — Getty Images,https://static01.nyt.com/images/2024/09/12/multimedia/12doping-1-fzvh/12doping-1-fzvh-articleLarge.jpg,400,600,https://static01.nyt.com/images/2024/09/12/multimedia/12doping-1-fzvh/12doping-1-fzvh-thumbStandard.jpg,75,75,Report Concludes China Broke Rules in Doping Case but Clears WADA,Report Concludes China Broke Rules in Doping Case but Clears WADA An investigator hired by the global antidoping regulator found no bias toward China in a case that has outraged Olympic athletes and led to an F.B.I. investigation. An investigator hired by the global antidoping regulator found no bias toward China in a case that has outraged Olympic athletes and led to an F.B.I. investigation.
A government-commissioned review into the National Health Service laid bare the challenge Prime Minister Keir Starmer faces after years of underinvestment.,article,nyt://article/80e6a895-2bcb-5cb2-b841-0097cbbb3061,"[{'name': 'Location', 'value': 'Great Britain', 'rank': 1}, {'name': 'Subject', 'value': 'Politics and Government', 'rank': 2}, {'name': 'Organization', 'value': 'National Health Service', 'rank': 3}, {'name': 'Subject', 'value': 'Finances', 'rank': 4}, {'name': 'Subject', 'value': 'Medicine and Health', 'rank': 5}, {'name': 'Subject', 'value': 'Health Insurance and Managed Care', 'rank': 6}, {'name': 'Organization', 'value': 'Conservative Party (Great Britain)', 'rank': 7}, {'name': 'Organization', 'value': 'Labour Party (Great Britain)', 'rank': 8}, {'name': 'Person', 'value': 'Starmer, Keir', 'rank': 9}, {'name': 'Location', 'value': 'England', 'rank': 10}]",Foreign,9.0,A,2024-09-11 21:30:15+00:00,World,A government-commissioned review into the National Health Service laid bare the challenge Prime Minister Keir Starmer faces after years of underinvestment.,The New York Times,Europe,News,nyt://article/80e6a895-2bcb-5cb2-b841-0097cbbb3061,https://www.nytimes.com/2024/09/11/world/europe/nhs-starmer-darzi-report.html,850,By Stephen Castle,"England’s Health Service Is in Deep Trouble, Report Finds",,"In England, Review Says Health Service Is Seriously Afflicted","The emergency room at Queen’s Hospital in Romford, England, last year. A new report said the National Health Service had been “starved of capital.”",Andrew Testa for The New York Times,https://static01.nyt.com/images/2024/09/11/multimedia/11uk-nhs-2-pflz/11uk-nhs-2-pflz-articleLarge.jpg,400,600,https://static01.nyt.com/images/2024/09/11/multimedia/11uk-nhs-2-pflz/11uk-nhs-2-pflz-thumbStandard.jpg,75,75,"England’s Health Service Is in Deep Trouble, Report Finds","England’s Health Service Is in Deep Trouble, Report Finds A government-commissioned review into the National Health Service laid bare the challenge Prime Minister Keir Starmer faces after years of underinvestment. A government-commissioned review into the National Health Service laid bare the challenge Prime Minister Keir Starmer faces after years of underinvestment."
"An extensive public inquiry found that the causes of the Grenfell Tower tragedy stretched back decades, and that the deaths of 72 people were avoidable.",article,nyt://article/8d329be2-a798-52a2-972c-78b1ad53f72e,"[{'name': 'Subject', 'value': 'Fires and Firefighters', 'rank': 1}, {'name': 'Subject', 'value': 'Grenfell Tower Fire (June, 2017)', 'rank': 2}, {'name': 'Organization', 'value': 'Grenfell Tower (London, England)', 'rank': 3}, {'name': 'Organization', 'value': 'Scotland Yard (Metropolitan Police Service)', 'rank': 4}, {'name': 'Subject', 'value': 'Accidents and Safety', 'rank': 5}, {'name': 'Subject', 'value': 'Ethics and Official Misconduct', 'rank': 6}, {'name': 'Subject', 'value': 'Deaths (Fatalities)', 'rank': 7}]",Foreign,,,2024-09-04 17:03:55+00:00,World,"An extensive public inquiry found that the causes of the Grenfell Tower tragedy stretched back decades, and that the deaths of 72 people were avoidable.",The New York Times,Europe,News,nyt://article/8d329be2-a798-52a2-972c-78b1ad53f72e,https://www.nytimes.com/2024/09/04/world/europe/uk-grenfell-fire-takeaways.html,877,By Megan Specia,‘Path to Disaster’: 4 Takeaways From the U.K. Grenfell Fire Final Report,,,"The fire at Grenfell Tower in west London on June 14, 2017, killed 72 people. “The simple truth is that the deaths that occurred were all avoidable,” the chairman of a public inquiry said last week.",Natalie Oxford/Agence France-Presse — Getty Images,https://static01.nyt.com/images/2024/09/04/multimedia/04uk-grenfell-takeaways-01-pcjh/04uk-grenfell-takeaways-01-pcjh-articleLarge.jpg,393,600,https://static01.nyt.com/images/2024/09/04/multimedia/04uk-grenfell-takeaways-01-pcjh/04uk-grenfell-takeaways-01-pcjh-thumbStandard.jpg,75,75,‘Path to Disaster’: 4 Takeaways From the U.K. Grenfell Fire Final Report,"‘Path to Disaster’: 4 Takeaways From the U.K. Grenfell Fire Final Report An extensive public inquiry found that the causes of the Grenfell Tower tragedy stretched back decades, and that the deaths of 72 people were avoidable. An extensive public inquiry found that the causes of the Grenfell Tower tragedy stretched back decades, and that the deaths of 72 people were avoidable."
"Thick fog was a factor in the May crash that killed President Ebrahim Raisi, an armed forces investigation found. His death shook Iran at a strained moment for the country.",article,nyt://article/b1946380-83ce-536f-8e6e-f0cefe7fd8a4,"[{'name': 'Subject', 'value': 'Aviation Accidents, Safety and Disasters', 'rank': 1}, {'name': 'Subject', 'value': 'Deaths (Fatalities)', 'rank': 2}, {'name': 'Person', 'value': 'Raisi, Ebrahim', 'rank': 3}, {'name': 'Person', 'value': 'Khamenei, Ali', 'rank': 4}, {'name': 'Person', 'value': 'Amir Abdollahian, Hossein', 'rank': 5}, {'name': 'Location', 'value': 'Iran', 'rank': 6}]",Foreign,6.0,A,2024-09-02 08:54:19+00:00,World,"Thick fog was a factor in the May crash that killed President Ebrahim Raisi, an armed forces investigation found. His death shook Iran at a strained moment for the country.",The New York Times,Middle East,News,nyt://article/b1946380-83ce-536f-8e6e-f0cefe7fd8a4,https://www.nytimes.com/2024/09/02/world/middleeast/iran-president-helicopter-crash.html,487,By Alan Yuhas,"Bad Weather Caused Helicopter Crash That Killed Iran’s President, Report Says",,Bad Weather Is Cited in Crash That Killed Iran’s President,A funeral ceremony for President Ebrahim Raisi of Iran in Tehran in May. A reformist candidate was elected to replace him in July.,Arash Khamooshi for The New York Times,https://static01.nyt.com/images/2024/09/01/multimedia/00iran-helicopter-qjzb/00iran-helicopter-qjzb-articleLarge.jpg,400,600,https://static01.nyt.com/images/2024/09/01/multimedia/00iran-helicopter-qjzb/00iran-helicopter-qjzb-thumbStandard.jpg,75,75,"Bad Weather Caused Helicopter Crash That Killed Iran’s President, Report Says","Bad Weather Caused Helicopter Crash That Killed Iran’s President, Report Says Thick fog was a factor in the May crash that killed President Ebrahim Raisi, an armed forces investigation found. His death shook Iran at a strained moment for the country. Thick fog was a factor in the May crash that killed President Ebrahim Raisi, an armed forces investigation found. His death shook Iran at a strained moment for the country."
Ukraine said Russia struck the country’s second-largest city with missiles and bombs. Russian state media and local officials earlier reported that Ukraine attacked power plants and refineries with drones.,article,nyt://article/d918efb7-d901-53c8-a800-1247115a0a5b,"[{'name': 'Subject', 'value': 'Drones (Pilotless Planes)', 'rank': 1}, {'name': 'Subject', 'value': 'United States International Relations', 'rank': 2}, {'name': 'Subject', 'value': 'Russian Invasion of Ukraine (2022)', 'rank': 3}, {'name': 'Subject', 'value': 'Oil (Petroleum) and Gasoline', 'rank': 4}, {'name': 'Person', 'value': 'Zelensky, Volodymyr', 'rank': 5}, {'name': 'Location', 'value': 'Ukraine', 'rank': 6}, {'name': 'Location', 'value': 'Russia', 'rank': 7}]",Foreign,8.0,A,2024-09-01 10:47:11+00:00,World,Ukraine said Russia struck the country’s second-largest city with missiles and bombs. Russian state media and local officials earlier reported that Ukraine attacked power plants and refineries with drones.,The New York Times,Europe,News,nyt://article/d918efb7-d901-53c8-a800-1247115a0a5b,https://www.nytimes.com/2024/09/01/world/europe/ukraine-russia-energy-strikes.html,1281,By Marc Santora and David Guttenfelder,"Russians Bomb Kharkiv, Ukraine Says, After Russia Reports Wave of Attacks",,Explosions Rock Kharkiv After Russia Reports a Wave of Drone Attacks,"A Ukrainian rescue worker comforting a resident after what Ukrainian officials said was a Russian missile strike in Kharkiv, Ukraine, on Sunday.",,https://static01.nyt.com/images/2024/09/01/multimedia/01ukraine-russia-strikes-jbtw/01ukraine-russia-strikes-jbtw-articleLarge-v2.jpg,400,600,https://static01.nyt.com/images/2024/09/01/multimedia/01ukraine-russia-strikes-jbtw/01ukraine-russia-strikes-jbtw-thumbStandard-v3.jpg,75,75,"Russians Bomb Kharkiv, Ukraine Says, After Russia Reports Wave of Attacks","Russians Bomb Kharkiv, Ukraine Says, After Russia Reports Wave of Attacks Ukraine said Russia struck the country’s second-largest city with missiles and bombs. Russian state media and local officials earlier reported that Ukraine attacked power plants and refineries with drones. Ukraine said Russia struck the country’s second-largest city with missiles and bombs. Russian state media and local officials earlier reported that Ukraine attacked power plants and refineries with drones."
"Officials are testing if the patient has the new version of the virus. If confirmed, it would be Thailand’s first case involving Clade Ib mpox.",article,nyt://article/4b22c9ab-46da-56a8-a15d-57afb466a942,"[{'name': 'Location', 'value': 'Thailand', 'rank': 1}, {'name': 'Subject', 'value': 'Monkeypox', 'rank': 2}, {'name': 'Subject', 'value': 'Disease Rates', 'rank': 3}]",Foreign,10.0,A,2024-08-21 11:10:39+00:00,World,"Officials are testing if the patient has the new version of the virus. If confirmed, it would be Thailand’s first case involving Clade Ib mpox.",The New York Times,Asia Pacific,News,nyt://article/4b22c9ab-46da-56a8-a15d-57afb466a942,https://www.nytimes.com/2024/08/21/world/asia/thailand-mpox.html,490,By Sui-Lee Wee,Thailand Reports Mpox Case in Traveler Who Arrived From Africa,,Mpox Case Of New Type Is Suspected  In Thailand,Thai officials are awaiting test results — likely due Friday — to determine if a recently arrived traveler has been infected with the Clade Ib version of mpox.,"Narong Sangnak/EPA, via Shutterstock",https://static01.nyt.com/images/2024/08/21/multimedia/21thailand-mpox-kpml/kpml-articleLarge.jpg,402,600,https://static01.nyt.com/images/2024/08/21/multimedia/21thailand-mpox-kpml/21thailand-mpox-kpml-thumbStandard.jpg,75,75,Thailand Reports Mpox Case in Traveler Who Arrived From Africa,"Thailand Reports Mpox Case in Traveler Who Arrived From Africa Officials are testing if the patient has the new version of the virus. If confirmed, it would be Thailand’s first case involving Clade Ib mpox. Officials are testing if the patient has the new version of the virus. If confirmed, it would be Thailand’s first case involving Clade Ib mpox."
"It was not clear if the patient had contracted the new, potentially more deadly strain of the disease, which first appeared outside of Africa in Sweden last week.",article,nyt://article/00b100ce-963e-527f-a5ad-62887a1d1a6c,"[{'name': 'Subject', 'value': 'Monkeypox', 'rank': 1}, {'name': 'Subject', 'value': 'Epidemics', 'rank': 2}, {'name': 'Organization', 'value': 'World Health Organization', 'rank': 3}, {'name': 'Location', 'value': 'Philippines', 'rank': 4}, {'name': 'Location', 'value': 'Congo, Democratic Republic of (Congo-Kinshasa)', 'rank': 5}, {'name': 'Location', 'value': 'Sweden', 'rank': 6}]",Foreign,7.0,A,2024-08-19 18:48:29+00:00,World,"It was not clear if the patient had contracted the new, potentially more deadly strain of the disease, which first appeared outside of Africa in Sweden last week.",The New York Times,Asia Pacific,News,nyt://article/00b100ce-963e-527f-a5ad-62887a1d1a6c,https://www.nytimes.com/2024/08/19/world/asia/philippines-mpox-case.html,737,By Eve Sampson,Philippines Reports First Mpox Case Since W.H.O. Declared Global Emergency,,Philippines Has Its First Mpox Case of 2024,"The Geneva-based World Health Organization declared mpox a global health emergency, last week.",Denis Balibouse/Reuters,https://static01.nyt.com/images/2024/08/19/multimedia/19philippines-mpox-1-lwgm/19philippines-mpox-1-lwgm-articleLarge.jpg,395,600,https://static01.nyt.com/images/2024/08/19/multimedia/19philippines-mpox-1-lwgm/19philippines-mpox-1-lwgm-thumbStandard.jpg,75,75,Philippines Reports First Mpox Case Since W.H.O. Declared Global Emergency,"Philippines Reports First Mpox Case Since W.H.O. Declared Global Emergency It was not clear if the patient had contracted the new, potentially more deadly strain of the disease, which first appeared outside of Africa in Sweden last week. It was not clear if the patient had contracted the new, potentially more deadly strain of the disease, which first appeared outside of Africa in Sweden last week."
"The Russian authorities said Aleksei A. Navalny had died of a grab bag of diseases, including heart arrhythmia triggered by hypertension.",article,nyt://article/bd3faa2c-52c1-570e-bda3-ecc256b5d781,"[{'name': 'Location', 'value': 'Russia', 'rank': 1}, {'name': 'Person', 'value': 'Navalny, Aleksei A', 'rank': 2}, {'name': 'Subject', 'value': 'Deaths (Fatalities)', 'rank': 3}, {'name': 'Subject', 'value': 'Political Prisoners', 'rank': 4}, {'name': 'Person', 'value': 'Navalnaya, Yulia B', 'rank': 5}, {'name': 'Subject', 'value': 'Politics and Government', 'rank': 6}, {'name': 'Person', 'value': 'Putin, Vladimir V', 'rank': 7}, {'name': 'Subject', 'value': 'Assassinations and Attempted Assassinations', 'rank': 8}]",Foreign,9.0,A,2024-08-15 19:29:52+00:00,World,"The Russian authorities said Aleksei A. Navalny had died of a grab bag of diseases, including heart arrhythmia triggered by hypertension.",The New York Times,Europe,News,nyt://article/bd3faa2c-52c1-570e-bda3-ecc256b5d781,https://www.nytimes.com/2024/08/15/world/europe/russia-navalny-putin.html,800,By Neil MacFarquhar,Navalny’s Widow Disputes Russian Report on Her Husband’s Death,,Navalny’s Widow Says Russian Report on Cause of Death ‘Is a Lie’,Mourning Aleksei A. Navalny in Moscow in March.,Nanna Heitmann for The New York Times,https://static01.nyt.com/images/2024/08/15/multimedia/15navalny-1-fjmw/15navalny-1-fjmw-articleLarge.jpg,429,600,https://static01.nyt.com/images/2024/08/15/multimedia/15navalny-1-fjmw/15navalny-1-fjmw-thumbStandard.jpg,75,75,Navalny’s Widow Disputes Russian Report on Her Husband’s Death,"Navalny’s Widow Disputes Russian Report on Her Husband’s Death The Russian authorities said Aleksei A. Navalny had died of a grab bag of diseases, including heart arrhythmia triggered by hypertension. The Russian authorities said Aleksei A. Navalny had died of a grab bag of diseases, including heart arrhythmia triggered by hypertension."
,article,nyt://article/97f880f3-4e4a-5083-a0c1-7fa72cd04353,[],Foreign,,,2024-08-08 09:52:14+00:00,World,,The New York Times,Middle East,Live Blog Post,nyt://article/97f880f3-4e4a-5083-a0c1-7fa72cd04353,https://www.nytimes.com/live/2024/08/08/world/israel-iran-hamas-gaza-war/the-eu-condemns-comments-by-a-far-right-israeli-minister-and-other-news,281,,"Four soldiers are injured in ‘air attack’ on Syria, state media reports, and other news.",Key Developments,,,,,0,0,,0,0,"Four soldiers are injured in ‘air attack’ on Syria, state media reports, and other news.","Four soldiers are injured in ‘air attack’ on Syria, state media reports, and other news."
,article,nyt://article/a1b83873-ffc2-521e-9d21-5383fe2bc296,"[{'name': 'Subject', 'value': 'Israel-Gaza War (2023- )', 'rank': 1}, {'name': 'Subject', 'value': 'Palestinians', 'rank': 2}, {'name': 'Subject', 'value': 'Civilian Casualties', 'rank': 3}, {'name': 'Subject', 'value': 'Deaths (Fatalities)', 'rank': 4}, {'name': 'Location', 'value': 'Gaza Strip', 'rank': 5}]",Foreign,,,2024-08-03 20:31:14+00:00,World,,The New York Times,Middle East,Live Blog Post,nyt://article/a1b83873-ffc2-521e-9d21-5383fe2bc296,https://www.nytimes.com/live/2024/08/03/world/israel-hamas-iran-hezbollah-gaza/israel-strike-gaza-school,370,By Anjana Sankar,"Israel strikes a school compound in Gaza, where rescuers report multiple people killed.",,,Palestinian rescuers extinguishing a fire in a building damaged during an Israeli bombardment that hit a school complex in the Sheikh Radwan neighborhood in the north of Gaza City on Saturday.,Omar Al-Qattaa/Agence France-Presse — Getty Images,https://static01.nyt.com/images/2024/08/03/multimedia/03mideast-crisis-Israeli-attack-on-Gaza-school2-jcfb/03mideast-crisis-Israeli-attack-on-Gaza-school2-jcfb-articleLarge.jpg,400,600,https://static01.nyt.com/images/2024/08/03/multimedia/03mideast-crisis-Israeli-attack-on-Gaza-school2-jcfb/03mideast-crisis-Israeli-attack-on-Gaza-school2-jcfb-thumbStandard.jpg,75,75,"Israel strikes a school compound in Gaza, where rescuers report multiple people killed.","Israel strikes a school compound in Gaza, where rescuers report multiple people killed."
,article,nyt://article/8f63b698-1044-5ae4-8406-528ebae3d9c5,[],Foreign,,,2024-08-02 21:46:11+00:00,World,,The New York Times,Middle East,Live Blog Post,nyt://article/8f63b698-1044-5ae4-8406-528ebae3d9c5,https://www.nytimes.com/live/2024/08/02/world/israel-hamas-iran-hezbollah-gaza/israeli-settlement-activity-has-spiked-over-the-last-five-years-eu-reports,688,By Ephrat Livni,"Israeli settlement activity has spiked over the last five years, E.U. reports.",,,"Neve Daniel, an illegal Israeli settlement south of Jerusalem, in the occupied West Bank in March.",Dedi Hayun/Reuters,https://static01.nyt.com/images/2024/08/02/multimedia/02mideast-crisis-Settlements-1/02mideast-crisis-Settlements-1-articleLarge-v2.jpg,400,600,https://static01.nyt.com/images/2024/08/02/multimedia/02mideast-crisis-Settlements-1/02mideast-crisis-Settlements-1-thumbStandard-v2.jpg,75,75,"Israeli settlement activity has spiked over the last five years, E.U. reports.","Israeli settlement activity has spiked over the last five years, E.U. reports."
"A death certificate filed last week revealed the natural causes behind the death last July of Ms. O’Connor, the Irish singer and activist.",article,nyt://article/71ffb0da-53fc-56d4-97c8-cbe7d68bbd31,"[{'name': 'Subject', 'value': 'Pop and Rock Music', 'rank': 1}, {'name': 'Person', 'value': ""O'Connor, Sinead"", 'rank': 2}, {'name': 'Subject', 'value': 'Chronic Obstructive Pulmonary Disease', 'rank': 3}, {'name': 'Subject', 'value': 'Asthma', 'rank': 4}]",Foreign,6.0,A,2024-07-29 13:16:57+00:00,World,"A death certificate filed last week revealed the natural causes behind the death last July of Ms. O’Connor, the Irish singer and activist.",The New York Times,Europe,News,nyt://article/71ffb0da-53fc-56d4-97c8-cbe7d68bbd31,https://www.nytimes.com/2024/07/29/world/europe/sinead-oconnor-cause-of-death.html,378,By Amelia Nierenberg,"Sinead O’Connor Died of Pulmonary Disease and Asthma, Death Report Says",,O’Connor’s Death Linked to Pulmonary Disease and Asthma,"Sinead O’Connor in 2021. In January, a coroner said that Ms. O’Connor had died of “natural causes” but did not provide details. ",Ellius Grace for The New York Times,https://static01.nyt.com/images/2024/07/29/multimedia/29sinead-death-tvph/29sinead-death-tvph-articleLarge.jpg,400,600,https://static01.nyt.com/images/2024/07/29/multimedia/29sinead-death-tvph/29sinead-death-tvph-thumbStandard.jpg,75,75,"Sinead O’Connor Died of Pulmonary Disease and Asthma, Death Report Says","Sinead O’Connor Died of Pulmonary Disease and Asthma, Death Report Says A death certificate filed last week revealed the natural causes behind the death last July of Ms. O’Connor, the Irish singer and activist. A death certificate filed last week revealed the natural causes behind the death last July of Ms. O’Connor, the Irish singer and activist."
"It’s highly unusual for the nation’s authorities to publicly acknowledge a leak from the command​, which is one of South Korea’s top two spy agencies.",article,nyt://article/9ce07aef-c201-574a-b940-a8f889c03ec5,"[{'name': 'Location', 'value': 'South Korea', 'rank': 1}, {'name': 'Location', 'value': 'North Korea', 'rank': 2}, {'name': 'Subject', 'value': 'Espionage and Intelligence Services', 'rank': 3}, {'name': 'Subject', 'value': 'Classified Information and State Secrets', 'rank': 4}, {'name': 'Subject', 'value': 'Cyberwarfare and Defense', 'rank': 5}, {'name': 'Organization', 'value': 'National Intelligence Service (South Korea)', 'rank': 6}]",Foreign,,,2024-07-27 12:30:38+00:00,World,"It’s highly unusual for the nation’s authorities to publicly acknowledge a leak from the command​, which is one of South Korea’s top two spy agencies.",The New York Times,Asia Pacific,News,nyt://article/9ce07aef-c201-574a-b940-a8f889c03ec5,https://www.nytimes.com/2024/07/27/world/asia/south-korea-intelligence-leaks-north-korea.html,462,By Choe Sang-Hun,South Korea Reports Leak From Its Military Intelligence Command,,,"Looking at the North Korean side of the border from the unification observatory in Paju, South Korea, in June.",Lee Jin-Man/Associated Press,https://static01.nyt.com/images/2024/07/27/multimedia/27skorea-military-ltkz/27skorea-military-ltkz-articleLarge.jpg,400,600,https://static01.nyt.com/images/2024/07/27/multimedia/27skorea-military-ltkz/27skorea-military-ltkz-thumbStandard.jpg,75,75,South Korea Reports Leak From Its Military Intelligence Command,"South Korea Reports Leak From Its Military Intelligence Command It’s highly unusual for the nation’s authorities to publicly acknowledge a leak from the command​, which is one of South Korea’s top two spy agencies. It’s highly unusual for the nation’s authorities to publicly acknowledge a leak from the command​, which is one of South Korea’s top two spy agencies."
Israeli forces pressed forward in the southern Gaza Strip.,article,nyt://article/2ad42c14-e9fe-5019-8707-5ae914b50430,"[{'name': 'Subject', 'value': 'Israel-Gaza War (2023- )', 'rank': 1}, {'name': 'Location', 'value': 'Khan Younis (Gaza Strip)', 'rank': 2}, {'name': 'Subject', 'value': 'Palestinians', 'rank': 3}, {'name': 'Organization', 'value': 'Hamas', 'rank': 4}, {'name': 'Subject', 'value': 'War and Armed Conflicts', 'rank': 5}]",Foreign,,,2024-07-25 21:39:23+00:00,World,Israeli forces pressed forward in the southern Gaza Strip.,The New York Times,Middle East,News,nyt://article/2ad42c14-e9fe-5019-8707-5ae914b50430,https://www.nytimes.com/2024/07/25/world/middleeast/israeli-forces-press-forward-in-khan-younis-at-least-30-people-are-reported-killed-in-24-hours.html,651,By Anjana Sankar,At Least 30 Are Reported Killed in Khan Younis in 24 Hours,,,"A Palestinian woman being carried into Nasser Hospital after strikes in Khan Younis, in southern Gaza, on Thursday.",Bashar Taleb/Agence France-Presse — Getty Images,https://static01.nyt.com/images/2024/07/25/multimedia/25mideast-crisis-khan-younis-mayhem1-phtj/25mideast-crisis-khan-younis-mayhem1-phtj-articleLarge.jpg,400,600,https://static01.nyt.com/images/2024/07/25/multimedia/25mideast-crisis-khan-younis-mayhem1-phtj/25mideast-crisis-khan-younis-mayhem1-phtj-thumbStandard.jpg,75,75,At Least 30 Are Reported Killed in Khan Younis in 24 Hours,At Least 30 Are Reported Killed in Khan Younis in 24 Hours Israeli forces pressed forward in the southern Gaza Strip. Israeli forces pressed forward in the southern Gaza Strip.
,article,nyt://article/cc7ccd3c-aa42-5adf-a72e-231e3b1bfffe,[],Foreign,,,2024-07-25 16:23:07+00:00,World,,The New York Times,Middle East,Live Blog Post,nyt://article/cc7ccd3c-aa42-5adf-a72e-231e3b1bfffe,https://www.nytimes.com/live/2024/07/25/world/israel-gaza-war-hamas-netanyahu/the-us-has-sent-thousands-of-bombs-and-missiles-to-israel-a-report-found,513,By Lara Jakes,"The U.S. has sent thousands of bombs and missiles to Israel, a report found.",,,"An unexploded GBU-39 bomb, which is American-made, fired from an Israeli aircraft, and other ordnance fragments, in Gaza City in 2023.",Samar Abu Elouf for The New York Times,https://static01.nyt.com/images/2024/07/25/multimedia/25mideast-crisis-weapons-bwkl/25mideast-crisis-weapons-bwkl-articleLarge.jpg,400,600,https://static01.nyt.com/images/2024/07/25/multimedia/25mideast-crisis-weapons-bwkl/25mideast-crisis-weapons-bwkl-thumbStandard.jpg,75,75,"The U.S. has sent thousands of bombs and missiles to Israel, a report found.","The U.S. has sent thousands of bombs and missiles to Israel, a report found."
"The head of a six-year investigation into mistreatment in orphanages, mental health institutions and elsewhere said it found an “unthinkable national catastrophe” unfolding over decades.",article,nyt://article/cba9bb39-2296-5daa-b106-2cbce9e82840,"[{'name': 'Location', 'value': 'New Zealand', 'rank': 1}, {'name': 'Subject', 'value': 'Maori', 'rank': 2}, {'name': 'Subject', 'value': 'Sex Crimes', 'rank': 3}, {'name': 'Subject', 'value': 'Child Abuse and Neglect', 'rank': 4}, {'name': 'Subject', 'value': 'Mental Health and Disorders', 'rank': 5}, {'name': 'Subject', 'value': 'Orphans and Orphanages', 'rank': 6}, {'name': 'Subject', 'value': 'Foster Care', 'rank': 7}, {'name': 'Organization', 'value': 'Roman Catholic Church', 'rank': 8}, {'name': 'Subject', 'value': 'Anglican Churches', 'rank': 9}, {'name': 'Person', 'value': 'Luxon, Christopher', 'rank': 10}, {'name': 'Subject', 'value': 'Politics and Government', 'rank': 11}, {'name': 'Subject', 'value': 'Apologies', 'rank': 12}, {'name': 'Subject', 'value': 'Reparations', 'rank': 13}]",Foreign,9.0,A,2024-07-24 13:32:07+00:00,World,"The head of a six-year investigation into mistreatment in orphanages, mental health institutions and elsewhere said it found an “unthinkable national catastrophe” unfolding over decades.",The New York Times,Asia Pacific,News,nyt://article/cba9bb39-2296-5daa-b106-2cbce9e82840,https://www.nytimes.com/2024/07/24/world/asia/new-zealand-abuse-in-care-report.html,581,By Pete McKenzie,"200,000 Children and Vulnerable Adults Abused in New Zealand, Report Finds",,Thousands Suffered Vast Abuse  In State Care,"A crowd gathered at Parliament in Wellington, New Zealand, for the release of an inquiry’s report into the abuse of children and vulnerable adults in state- and faith-based institutions over decades. ",Charlotte Graham-McLay/Associated Press,https://static01.nyt.com/images/2024/07/24/multimedia/24nz-abuse-bmvg/24nz-abuse-bmvg-articleLarge.jpg,400,600,https://static01.nyt.com/images/2024/07/24/multimedia/24nz-abuse-bmvg/24nz-abuse-bmvg-thumbStandard.jpg,75,75,"200,000 Children and Vulnerable Adults Abused in New Zealand, Report Finds","200,000 Children and Vulnerable Adults Abused in New Zealand, Report Finds The head of a six-year investigation into mistreatment in orphanages, mental health institutions and elsewhere said it found an “unthinkable national catastrophe” unfolding over decades. The head of a six-year investigation into mistreatment in orphanages, mental health institutions and elsewhere said it found an “unthinkable national catastrophe” unfolding over decades."
,article,nyt://article/b033191c-bb0e-53b7-afaa-c016fefc7979,[],Foreign,,,2024-07-17 11:12:03+00:00,World,,The New York Times,Middle East,Live Blog Post,nyt://article/b033191c-bb0e-53b7-afaa-c016fefc7979,https://www.nytimes.com/live/2024/07/17/world/israel-gaza-war-hamas/a-human-rights-watch-report-finds-that-hamas-committed-numerous-war-crimes-and-other-news,445,,"A Human Rights Watch report finds that Hamas committed numerous war crimes, and other news.",Key developments,,,,,0,0,,0,0,"A Human Rights Watch report finds that Hamas committed numerous war crimes, and other news.","A Human Rights Watch report finds that Hamas committed numerous war crimes, and other news."
Officials said they would start an investigation after a newspaper reported that a tanker used to carry liquefied coal was then used to transport soybean oil.,article,nyt://article/c765e159-1f45-5245-9381-5aaed2efc2e9,"[{'name': 'Location', 'value': 'China', 'rank': 1}, {'name': 'Subject', 'value': 'Food Contamination and Poisoning', 'rank': 2}, {'name': 'Subject', 'value': 'Oils and Fats', 'rank': 3}, {'name': 'Subject', 'value': 'Freight (Cargo)', 'rank': 4}, {'name': 'Organization', 'value': 'Beijing News, The', 'rank': 5}]",Foreign,,,2024-07-11 10:00:48+00:00,World,Officials said they would start an investigation after a newspaper reported that a tanker used to carry liquefied coal was then used to transport soybean oil.,The New York Times,Asia Pacific,News,nyt://article/c765e159-1f45-5245-9381-5aaed2efc2e9,https://www.nytimes.com/2024/07/11/world/asia/china-cooking-oil.html,539,By Tiffany May and Amy Chang Chien,Cooking Oil in Dirty Fuel Tankers? Report Raises Alarms in China.,,China Angry as Next Load for Truck That Carried Liquefied Coal Was Cooking Oil,Cooking oil for sale in a Beijing supermarket this week.,Ng Han Guan/Associated Press,https://static01.nyt.com/images/2024/07/11/multimedia/11china-food-safety-ktvc/11china-food-safety-ktvc-articleLarge.jpg,400,600,https://static01.nyt.com/images/2024/07/11/multimedia/11china-food-safety-ktvc/11china-food-safety-ktvc-thumbStandard.jpg,75,75,Cooking Oil in Dirty Fuel Tankers? Report Raises Alarms in China.,Cooking Oil in Dirty Fuel Tankers? Report Raises Alarms in China. Officials said they would start an investigation after a newspaper reported that a tanker used to carry liquefied coal was then used to transport soybean oil. Officials said they would start an investigation after a newspaper reported that a tanker used to carry liquefied coal was then used to transport soybean oil.
,article,nyt://article/c166e26f-b781-5617-97aa-592b1bc105ce,[],Foreign,,,2024-07-09 20:47:27+00:00,World,,The New York Times,Middle East,Live Blog Post,nyt://article/c166e26f-b781-5617-97aa-592b1bc105ce,https://www.nytimes.com/live/2024/07/09/world/israel-gaza-war-hamas/the-strike-hit-a-school-being-used-as-a-shelter-for-displaced-people-local-officials-say,668,By Liam Stack and Anushka Patil,The Israeli military said it was ‘looking into reports that civilians were harmed.’,Top News,,,Bashar Taleb/Agence France-Presse — Getty Images,https://static01.nyt.com/images/2024/07/09/multimedia/09mideast-crisis-school-strike-promo-bmzg/09mideast-crisis-school-strike-promo-bmzg-articleLarge.jpg,400,600,https://static01.nyt.com/images/2024/07/09/multimedia/09mideast-crisis-school-strike-promo-bmzg/09mideast-crisis-school-strike-promo-bmzg-thumbStandard.jpg,75,75,The Israeli military said it was ‘looking into reports that civilians were harmed.’,The Israeli military said it was ‘looking into reports that civilians were harmed.’
"A special prosecutor said the decision not to pursue punishments against a group of Olympic swimmers was “indisputably reasonable,” even though agency scientists had expressed doubts.",article,nyt://article/02126b70-e97e-5267-992a-6f27fbe3f189,"[{'name': 'Organization', 'value': 'World Anti-Doping Agency', 'rank': 1}, {'name': 'Subject', 'value': 'Doping (Sports)', 'rank': 2}, {'name': 'Subject', 'value': 'Swimming', 'rank': 3}, {'name': 'Location', 'value': 'China', 'rank': 4}, {'name': 'Subject', 'value': 'Olympic Games (2020)', 'rank': 5}, {'name': 'Subject', 'value': 'Olympic Games (2024)', 'rank': 6}, {'name': 'Subject', 'value': 'Ethics and Official Misconduct', 'rank': 7}, {'name': 'Subject', 'value': 'Tests (Drug Use)', 'rank': 8}, {'name': 'Person', 'value': 'Cottier, Eric', 'rank': 9}, {'name': 'Location', 'value': 'United States', 'rank': 10}]",Foreign,8.0,B,2024-07-09 20:39:20+00:00,World,"A special prosecutor said the decision not to pursue punishments against a group of Olympic swimmers was “indisputably reasonable,” even though agency scientists had expressed doubts.",The New York Times,Asia Pacific,News,nyt://article/02126b70-e97e-5267-992a-6f27fbe3f189,https://www.nytimes.com/2024/07/09/world/asia/wada-report-china-doping-swimming.html,1032,By Michael S. Schmidt and Tariq Panja,"WADA Clears Itself in Chinese Doping Case, but Report Raises New Questions",,"WADA Clears Itself in Chinese Case, but a Report Raises New Questions","Chinese swimmers won three golds at the Tokyo Olympics in 2021, and are favored to win more at the Paris Games.",Antonio Bronic/Reuters,https://static01.nyt.com/images/2024/07/09/multimedia/09china-swimming-report-01-kclm/09china-swimming-report-01-kclm-articleLarge.jpg,404,600,https://static01.nyt.com/images/2024/07/09/multimedia/09china-swimming-report-01-kclm/09china-swimming-report-01-kclm-thumbStandard.jpg,75,75,"WADA Clears Itself in Chinese Doping Case, but Report Raises New Questions","WADA Clears Itself in Chinese Doping Case, but Report Raises New Questions A special prosecutor said the decision not to pursue punishments against a group of Olympic swimmers was “indisputably reasonable,” even though agency scientists had expressed doubts. A special prosecutor said the decision not to pursue punishments against a group of Olympic swimmers was “indisputably reasonable,” even though agency scientists had expressed doubts."
,article,nyt://article/5e1a01be-ef46-53ef-b00d-ceef06da6a69,[],Foreign,,,2024-06-25 20:10:20+00:00,World,,The New York Times,Middle East,Live Blog Post,nyt://article/5e1a01be-ef46-53ef-b00d-ceef06da6a69,https://www.nytimes.com/live/2024/06/25/world/israel-gaza-war-hamas/new-report-on-hunger-in-gaza-adds-fuel-to-calls-for-lifting-israeli-restrictions-on-aid,632,By Eric Nagourney and Anjana Sankar,New report on hunger in Gaza adds fuel to calls for lifting Israeli restrictions on aid.,,,Humanitarian aid has faced difficulties entering Gaza because of Israeli border restrictions.,Amir Levy/Getty Images,https://static01.nyt.com/images/2024/06/25/multimedia/25mideast-crisis-ipc-reaction-tlvq/25mideast-crisis-ipc-reaction-tlvq-articleLarge.jpg,400,600,https://static01.nyt.com/images/2024/06/25/multimedia/25mideast-crisis-ipc-reaction-tlvq/25mideast-crisis-ipc-reaction-tlvq-thumbStandard.jpg,75,75,New report on hunger in Gaza adds fuel to calls for lifting Israeli restrictions on aid.,New report on hunger in Gaza adds fuel to calls for lifting Israeli restrictions on aid.
"The assailants had taken two guards hostage and were killed, the prison service said.",article,nyt://article/5c3c4b44-d3af-5f58-affb-498196a9cd54,"[{'name': 'Subject', 'value': 'Terrorism', 'rank': 1}, {'name': 'Subject', 'value': 'Prisons and Prisoners', 'rank': 2}, {'name': 'Subject', 'value': 'Russian Invasion of Ukraine (2022)', 'rank': 3}, {'name': 'Person', 'value': 'Putin, Vladimir V', 'rank': 4}, {'name': 'Organization', 'value': 'Islamic State in Iraq and Syria (ISIS)', 'rank': 5}, {'name': 'Location', 'value': 'Moscow (Russia)', 'rank': 6}, {'name': 'Location', 'value': 'Rostov-on-Don (Russia)', 'rank': 7}, {'name': 'Subject', 'value': 'Moscow Concert Hall Shooting (March 2024)', 'rank': 8}]",Foreign,10.0,A,2024-06-16 13:17:20+00:00,World,"The assailants had taken two guards hostage and were killed, the prison service said.",The New York Times,Europe,News,nyt://article/5c3c4b44-d3af-5f58-affb-498196a9cd54,https://www.nytimes.com/2024/06/16/world/europe/russia-prison-hostages.html,367,By Anatoly Kurmanaev,"Russian Forces Quash Prison Mutiny Led by Terrorism Suspects, State Media Reports",,Troops Quash Mutiny in Jail Inside Russia,"Russian police officers standing guard near a pretrial detention center in Rostov-on-Don, Russia, on Sunday.","EPA, via Shutterstock",https://static01.nyt.com/images/2024/06/16/multimedia/16russia-mutiny-kwvp/16russia-mutiny-kwvp-articleLarge.jpg,408,600,https://static01.nyt.com/images/2024/06/16/multimedia/16russia-mutiny-kwvp/16russia-mutiny-kwvp-thumbStandard.jpg,75,75,"Russian Forces Quash Prison Mutiny Led by Terrorism Suspects, State Media Reports","Russian Forces Quash Prison Mutiny Led by Terrorism Suspects, State Media Reports The assailants had taken two guards hostage and were killed, the prison service said. The assailants had taken two guards hostage and were killed, the prison service said."
"Israel’s military said its forces were pressing on with operations in Rafah, where they were engaged in “face-to-face encounters” with Hamas fighters.",article,nyt://article/715787d0-f1bd-5087-b470-ef6aa74d9961,"[{'name': 'Subject', 'value': 'Israel-Gaza War (2023- )', 'rank': 1}, {'name': 'Subject', 'value': 'Palestinians', 'rank': 2}, {'name': 'Subject', 'value': 'Refugees and Displaced Persons', 'rank': 3}, {'name': 'Organization', 'value': 'Hamas', 'rank': 4}, {'name': 'Location', 'value': 'Rafah (Gaza Strip)', 'rank': 5}]",Foreign,,,2024-06-13 15:08:23+00:00,World,"Israel’s military said its forces were pressing on with operations in Rafah, where they were engaged in “face-to-face encounters” with Hamas fighters.",The New York Times,Middle East,News,nyt://article/715787d0-f1bd-5087-b470-ef6aa74d9961,https://www.nytimes.com/2024/06/13/world/middleeast/israel-rafah-airstrikes.html,392,By Hiba Yazbek and Abu Bakr Bashir,Palestinians Report Heavy Bombardments in the Rafah Area,,,"Displaced Palestinians in Al-Mawasi, in southern Gaza, preparing to evacuate the area as smoke rises from an airstrike on Rafah, in the background, last week.","Haitham Imad/EPA, via Shutterstock",https://static01.nyt.com/images/2024/06/13/multimedia/13mideast-crisis-mawasi-01-lbqg/13mideast-crisis-mawasi-01-lbqg-articleLarge.jpg,400,600,https://static01.nyt.com/images/2024/06/13/multimedia/13mideast-crisis-mawasi-01-lbqg/13mideast-crisis-mawasi-01-lbqg-thumbStandard.jpg,75,75,Palestinians Report Heavy Bombardments in the Rafah Area,"Palestinians Report Heavy Bombardments in the Rafah Area Israel’s military said its forces were pressing on with operations in Rafah, where they were engaged in “face-to-face encounters” with Hamas fighters. Israel’s military said its forces were pressing on with operations in Rafah, where they were engaged in “face-to-face encounters” with Hamas fighters."
The findings cite acts such as sexual violence and the deliberate killing or abducting of civilians by Hamas. They also accuse Israel of collective punishment and crimes against humanity in Gaza.,article,nyt://article/98227b4f-05a1-5a3c-a9ae-0574f8a5fe33,"[{'name': 'Subject', 'value': 'Israel-Gaza War (2023- )', 'rank': 1}, {'name': 'Location', 'value': 'Israel', 'rank': 2}, {'name': 'Subject', 'value': 'Defense and Military Forces', 'rank': 3}, {'name': 'Location', 'value': 'Gaza Strip', 'rank': 4}, {'name': 'Subject', 'value': 'Palestinians', 'rank': 5}, {'name': 'Subject', 'value': 'Civilian Casualties', 'rank': 6}, {'name': 'Subject', 'value': 'Refugees and Displaced Persons', 'rank': 7}, {'name': 'Organization', 'value': 'Hamas', 'rank': 8}, {'name': 'Subject', 'value': 'Terrorism', 'rank': 9}, {'name': 'Subject', 'value': 'Sex Crimes', 'rank': 10}, {'name': 'Subject', 'value': 'Kidnapping and Hostages', 'rank': 11}, {'name': 'Organization', 'value': 'United Nations', 'rank': 12}, {'name': 'Subject', 'value': 'War Crimes, Genocide and Crimes Against Humanity', 'rank': 13}, {'name': 'Subject', 'value': 'Torture', 'rank': 14}]",Foreign,,,2024-06-13 09:05:17+00:00,World,The findings cite acts such as sexual violence and the deliberate killing or abducting of civilians by Hamas. They also accuse Israel of collective punishment and crimes against humanity in Gaza.,The New York Times,Middle East,News,nyt://article/98227b4f-05a1-5a3c-a9ae-0574f8a5fe33,https://www.nytimes.com/2024/06/13/world/middleeast/gaza-war-crimes-israel-hamas.html,1074,By Erika Solomon,The U.N. Report on Israeli and Palestinian War Crimes: What We Know,,U.N. Report Could Lay Groundwork for Potential Criminal Trials Related to Gaza,"Buildings that were struck in Gaza City on Oct. 7, the day Hamas carried out its attack on Israel.","Mohammed Saber/EPA, via Shutterstock",https://static01.nyt.com/images/2024/06/13/multimedia/13un-report-explainer-01-lkcf/13un-report-explainer-01-lkcf-articleLarge.jpg,391,600,https://static01.nyt.com/images/2024/06/13/multimedia/13un-report-explainer-01-lkcf/13un-report-explainer-01-lkcf-thumbStandard.jpg,75,75,The U.N. Report on Israeli and Palestinian War Crimes: What We Know,The U.N. Report on Israeli and Palestinian War Crimes: What We Know The findings cite acts such as sexual violence and the deliberate killing or abducting of civilians by Hamas. They also accuse Israel of collective punishment and crimes against humanity in Gaza. The findings cite acts such as sexual violence and the deliberate killing or abducting of civilians by Hamas. They also accuse Israel of collective punishment and crimes against humanity in Gaza.
A commission produced the United Nations’ most detailed examination yet of the Oct. 7 attacks and the subsequent war in Gaza.,article,nyt://article/35156cb0-0284-59e9-a230-87dad06bcb74,"[{'name': 'Organization', 'value': 'United Nations', 'rank': 1}, {'name': 'Subject', 'value': 'War Crimes, Genocide and Crimes Against Humanity', 'rank': 2}, {'name': 'Organization', 'value': 'Hamas', 'rank': 3}, {'name': 'Location', 'value': 'Israel', 'rank': 4}, {'name': 'Subject', 'value': 'Israel-Gaza War (2023- )', 'rank': 5}]",Foreign,8.0,A,2024-06-12 07:01:35+00:00,World,A commission produced the United Nations’ most detailed examination yet of the Oct. 7 attacks and the subsequent war in Gaza.,The New York Times,Middle East,News,nyt://article/35156cb0-0284-59e9-a230-87dad06bcb74,https://www.nytimes.com/2024/06/12/world/middleeast/un-report-israel-hamas-war-crimes.html,849,By Nick Cumming-Bruce,U.N. Report Accuses Both Israel and Palestinian Groups of War Crimes,,U.N. Report Accuses Israel and Palestinian Groups of Committing War Crimes,"Navi Pillay, a former United Nations human rights chief, led the commission investigating the Oct. 7 attacks and subsequent conflict.",Fabrice Coffrini/Agence France-Presse — Getty Images,https://static01.nyt.com/images/2024/04/16/multimedia/12mideast-crisis-un-report/12mideast-crisis-un-report-articleLarge.jpg,400,600,https://static01.nyt.com/images/2024/04/16/multimedia/12mideast-crisis-un-report/12mideast-crisis-un-report-thumbStandard.jpg,75,75,U.N. Report Accuses Both Israel and Palestinian Groups of War Crimes,U.N. Report Accuses Both Israel and Palestinian Groups of War Crimes A commission produced the United Nations’ most detailed examination yet of the Oct. 7 attacks and the subsequent war in Gaza. A commission produced the United Nations’ most detailed examination yet of the Oct. 7 attacks and the subsequent war in Gaza.
"Also, the 80th anniversary of D-Day.",article,nyt://article/4dc6b298-aa69-5388-84bd-27714288f6f3,"[{'name': 'Location', 'value': 'Far East, South and Southeast Asia and Pacific Areas', 'rank': 1}]",NYTNow,,,2024-06-05 20:56:49+00:00,World,"Also, the 80th anniversary of D-Day.",The New York Times,Asia Pacific,briefing,nyt://article/4dc6b298-aa69-5388-84bd-27714288f6f3,https://www.nytimes.com/2024/06/05/world/asia/sudan-israel-heat-dday-india-asia.html,1165,By Amelia Nierenberg,Thursday Briefing: A Special Report From Sudan,,,American veterans arriving in Normandy this month.,Laetitia Vancon for The New York Times,https://static01.nyt.com/images/2024/06/06/multimedia/06ambriefing-asia-nl-hjqt/06ambriefing-asia-nl-hjqt-articleLarge-v2.jpg,540,600,https://static01.nyt.com/images/2024/06/06/multimedia/06ambriefing-asia-nl-hjqt/06ambriefing-asia-nl-hjqt-thumbStandard-v2.jpg,75,75,Thursday Briefing: A Special Report From Sudan,"Thursday Briefing: A Special Report From Sudan Also, the 80th anniversary of D-Day. Also, the 80th anniversary of D-Day."
"Israel said it launched operations “above and below ground” against Hamas militants. The only hospital in the area is overwhelmed by the wounded, medics say.",article,nyt://article/5929f05a-27e7-5022-9690-8c6a441423ba,[],Foreign,,,2024-06-05 16:19:30+00:00,World,"Israel said it launched operations “above and below ground” against Hamas militants. The only hospital in the area is overwhelmed by the wounded, medics say.",The New York Times,Middle East,Live Blog Post,nyt://article/5929f05a-27e7-5022-9690-8c6a441423ba,https://www.nytimes.com/live/2024/06/05/world/israel-gaza-war-hamas/israel-says-it-has-launched-a-new-operation-in-central-gaza-and-health-officials-report-dozens-dead,697,"By Erika Solomon, Iyad Abuheweila and Abu Bakr Bashir",Israel says it has launched a new operation in central Gaza and health officials report dozens dead.,TOP NEWS,,"Smoke rises following an Israeli airstrike in Bureij, in central Gaza, on Tuesday.","Mohammed Saber/EPA, via Shutterstock",https://static01.nyt.com/images/2024/06/05/multimedia/05mideast-crisis-gaza-strikes-fqwv/05mideast-crisis-gaza-strikes-fqwv-articleLarge.jpg,388,600,https://static01.nyt.com/images/2024/06/05/multimedia/05mideast-crisis-gaza-strikes-fqwv/05mideast-crisis-gaza-strikes-fqwv-thumbStandard.jpg,75,75,Israel says it has launched a new operation in central Gaza and health officials report dozens dead.,"Israel says it has launched a new operation in central Gaza and health officials report dozens dead. Israel said it launched operations “above and below ground” against Hamas militants. The only hospital in the area is overwhelmed by the wounded, medics say. Israel said it launched operations “above and below ground” against Hamas militants. The only hospital in the area is overwhelmed by the wounded, medics say."
,article,nyt://article/5abcf9d7-07d8-578e-83af-7093d00a8a14,[],Foreign,,,2024-06-03 21:33:03+00:00,World,,The New York Times,Middle East,Live Blog Post,nyt://article/5abcf9d7-07d8-578e-83af-7093d00a8a14,https://www.nytimes.com/live/2024/06/03/world/israel-gaza-war-hamas/israeli-airstrikes-on-syria-kill-a-general-from-a-branch-irans-revolutionary-guards,507,By Farnaz Fassihi,"Israeli airstrikes in Syria kill a general from a branch of the Revolutionary Guards, Iranian media reports say.",,,"Ali Bagheri Kani, Iran’s interim foreign minister, arrived in Beirut, Lebanon, for a meeting with the Lebanese Foreign Minister on Monday.",Hassan Ammar/Associated Press,https://static01.nyt.com/images/2024/06/03/multimedia/03mideast-crisis-IRGC-killed-Kani-tlcw/03mideast-crisis-IRGC-killed-Kani-tlcw-articleLarge.jpg,400,600,https://static01.nyt.com/images/2024/06/03/multimedia/03mideast-crisis-IRGC-killed-Kani-tlcw/03mideast-crisis-IRGC-killed-Kani-tlcw-thumbStandard-v2.jpg,75,75,"Israeli airstrikes in Syria kill a general from a branch of the Revolutionary Guards, Iranian media reports say.","Israeli airstrikes in Syria kill a general from a branch of the Revolutionary Guards, Iranian media reports say."
A man died and more than 70 other people were injured last week when a flight to Singapore from London hit sudden turbulence.,article,nyt://article/07f366b7-d5de-57fd-ae09-c754d1803bda,"[{'name': 'Subject', 'value': 'Aviation Accidents, Safety and Disasters', 'rank': 1}, {'name': 'Subject', 'value': 'Airlines and Airplanes', 'rank': 2}, {'name': 'Organization', 'value': 'Singapore Airlines', 'rank': 3}, {'name': 'Location', 'value': 'Singapore', 'rank': 4}, {'name': 'Location', 'value': 'Thailand', 'rank': 5}, {'name': 'Location', 'value': 'London (England)', 'rank': 6}]",Express,,,2024-05-30 04:01:57+00:00,World,A man died and more than 70 other people were injured last week when a flight to Singapore from London hit sudden turbulence.,The New York Times,Asia Pacific,News,nyt://article/07f366b7-d5de-57fd-ae09-c754d1803bda,https://www.nytimes.com/2024/05/30/world/asia/singapore-airlines-flight-turbulence.html,199,By Mike Ives,Singapore Releases Initial Report on Deadly Turbulence That Hit Flight,,,,Reuters,https://static01.nyt.com/images/2024/05/22/multimedia/-22vid-singapore-vidcoverimage-clhg/-22vid-singapore-vidcoverimage-clhg-articleLarge.jpg,450,600,https://static01.nyt.com/images/2024/05/22/multimedia/-22vid-singapore-vidcoverimage-clhg/-22vid-singapore-vidcoverimage-clhg-thumbStandard.jpg,75,75,Singapore Releases Initial Report on Deadly Turbulence That Hit Flight,Singapore Releases Initial Report on Deadly Turbulence That Hit Flight A man died and more than 70 other people were injured last week when a flight to Singapore from London hit sudden turbulence. A man died and more than 70 other people were injured last week when a flight to Singapore from London hit sudden turbulence.
Francis’ remark came as he spoke against admitting gay men to seminaries during what was supposed to be a closed-door meeting with Italian bishops last week.,article,nyt://article/dc4efb35-a250-504e-99d4-7d9225f096d0,"[{'name': 'Person', 'value': 'Francis', 'rank': 1}, {'name': 'Subject', 'value': 'Apologies', 'rank': 2}, {'name': 'Subject', 'value': 'Homosexuality and Bisexuality', 'rank': 3}, {'name': 'Subject', 'value': 'Discrimination', 'rank': 4}, {'name': 'Subject', 'value': 'Priests', 'rank': 5}, {'name': 'Organization', 'value': 'Roman Catholic Church', 'rank': 6}]",Foreign,12.0,A,2024-05-28 13:50:14+00:00,World,Francis’ remark came as he spoke against admitting gay men to seminaries during what was supposed to be a closed-door meeting with Italian bishops last week.,The New York Times,Europe,News,nyt://article/dc4efb35-a250-504e-99d4-7d9225f096d0,https://www.nytimes.com/2024/05/28/world/europe/pope-apology-slang-gay-men.html,1104,By Elisabetta Povoledo,Pope Apologizes After Reports That He Used an Anti-Gay Slur,,Pope Apologizes After Reports That He Used Anti-Gay Slur in Meeting With 250 Bishops,"Pope Francis has been credited with urging the Roman Catholic Church to be more welcoming to the L.G.B.T.Q. community, but he is reported to have used an offensive term at a recent meeting.",Guglielmo Mangiapane/Reuters,https://static01.nyt.com/images/2024/05/28/multimedia/28pope-slur-kjpt/28pope-slur-kjpt-articleLarge.jpg,401,600,https://static01.nyt.com/images/2024/05/28/multimedia/28pope-slur-kjpt/28pope-slur-kjpt-thumbStandard.jpg,75,75,Pope Apologizes After Reports That He Used an Anti-Gay Slur,Pope Apologizes After Reports That He Used an Anti-Gay Slur Francis’ remark came as he spoke against admitting gay men to seminaries during what was supposed to be a closed-door meeting with Italian bishops last week. Francis’ remark came as he spoke against admitting gay men to seminaries during what was supposed to be a closed-door meeting with Italian bishops last week.
,article,nyt://article/3881abdb-0ce5-5911-895c-bac16abb5e9b,[],Foreign,,,2024-05-22 16:06:29+00:00,World,,The New York Times,Middle East,Live Blog Post,nyt://article/3881abdb-0ce5-5911-895c-bac16abb5e9b,https://www.nytimes.com/live/2024/05/22/world/israel-gaza-palestinian-news/health-officials-report-that-the-death-toll-has-risen-to-eight-in-israels-raid-of-jenin,396,By Raja Abdulrahim,Health officials report that the death toll has risen to eight in Israel’s raid of Jenin in the West Bank.,,,A military raid by Israeli forces into the town of Jenin in the West Bank extended into a second day on Wednesday.,Leo Correa/Associated Press,https://static01.nyt.com/images/2024/05/22/multimedia/22mideast-crisis-jenin-01-mqlk/22mideast-crisis-jenin-01-mqlk-articleLarge.jpg,400,600,https://static01.nyt.com/images/2024/05/22/multimedia/22mideast-crisis-jenin-01-mqlk/22mideast-crisis-jenin-01-mqlk-thumbStandard.jpg,75,75,Health officials report that the death toll has risen to eight in Israel’s raid of Jenin in the West Bank.,Health officials report that the death toll has risen to eight in Israel’s raid of Jenin in the West Bank.
"A nearly six-year inquiry found that the deaths of about 3,000 people and the infection of more than 30,000 others could have mostly been avoided.",article,nyt://article/16ad73ff-0738-5230-b254-c0a06f48ee55,"[{'name': 'Location', 'value': 'Great Britain', 'rank': 1}, {'name': 'Subject', 'value': 'Blood', 'rank': 2}, {'name': 'Subject', 'value': 'Transfusions', 'rank': 3}, {'name': 'Organization', 'value': 'National Health Service', 'rank': 4}, {'name': 'Subject', 'value': 'Acquired Immune Deficiency Syndrome', 'rank': 5}, {'name': 'Subject', 'value': 'Hepatitis', 'rank': 6}, {'name': 'Subject', 'value': 'Hemophilia', 'rank': 7}, {'name': 'Subject', 'value': 'Blood Donation', 'rank': 8}, {'name': 'Subject', 'value': 'Compensation for Damages (Law)', 'rank': 9}, {'name': 'Subject', 'value': 'Politics and Government', 'rank': 10}, {'name': 'Person', 'value': 'Sunak, Rishi (1980- )', 'rank': 11}, {'name': 'Subject', 'value': 'Apologies', 'rank': 12}]",Foreign,10.0,A,2024-05-20 14:13:39+00:00,World,"A nearly six-year inquiry found that the deaths of about 3,000 people and the infection of more than 30,000 others could have mostly been avoided.",The New York Times,Europe,News,nyt://article/16ad73ff-0738-5230-b254-c0a06f48ee55,https://www.nytimes.com/2024/05/20/world/europe/britain-contaminated-blood-scandal.html,1264,By Aurelien Breeden,Sunak Apologizes After Damning Report on U.K. Infected-Blood Scandal,,Britain’s Leader Apologizes After Report on Infected Blood,People affected by the contaminated-blood scandal gathered at a vigil in London on Sunday.,Hollie Adams/Reuters,https://static01.nyt.com/images/2024/05/20/multimedia/20uk-blood-mgqh/20uk-blood-mgqh-articleLarge.jpg,400,600,https://static01.nyt.com/images/2024/05/20/multimedia/20uk-blood-mgqh/20uk-blood-mgqh-thumbStandard.jpg,75,75,Sunak Apologizes After Damning Report on U.K. Infected-Blood Scandal,"Sunak Apologizes After Damning Report on U.K. Infected-Blood Scandal A nearly six-year inquiry found that the deaths of about 3,000 people and the infection of more than 30,000 others could have mostly been avoided. A nearly six-year inquiry found that the deaths of about 3,000 people and the infection of more than 30,000 others could have mostly been avoided."
"Rescuers are trying to locate the helicopter on which President Ebrahim Raisi and Foreign Minister Hossein Amir Abdollahian were traveling, state media reported. Their status is unknown.",article,nyt://article/b2c28cce-ffdf-551c-a4e7-27d9bf22684e,"[{'name': 'Location', 'value': 'Iran', 'rank': 1}, {'name': 'Person', 'value': 'Raisi, Ebrahim', 'rank': 2}, {'name': 'Subject', 'value': 'Aviation Accidents, Safety and Disasters', 'rank': 3}, {'name': 'Subject', 'value': 'International Relations', 'rank': 4}, {'name': 'Location', 'value': 'Azerbaijan', 'rank': 5}, {'name': 'Subject', 'value': 'Politics and Government', 'rank': 6}, {'name': 'Subject', 'value': 'Helicopters', 'rank': 7}, {'name': 'Person', 'value': 'Amir Abdollahian, Hossein', 'rank': 8}]",Foreign,1.0,A,2024-05-19 14:06:09+00:00,World,"Rescuers are trying to locate the helicopter on which President Ebrahim Raisi and Foreign Minister Hossein Amir Abdollahian were traveling, state media reported. Their status is unknown.",The New York Times,Middle East,News,nyt://article/b2c28cce-ffdf-551c-a4e7-27d9bf22684e,https://www.nytimes.com/2024/05/19/world/middleeast/iran-president-helicopter-crash.html,846,By Farnaz Fassihi,"Helicopter Carrying Iran’s President Has Crashed, State Media Reports",,"Iran Leader’s Helicopter Crashes in a Thick Fog, Starting a Huge Search","President Ebrahim Raisi of Iran, who was with the country’s foreign minister on a helicopter that crashed on Sunday, according to Iran’s state media.",Vahid Salemi/Associated Press,https://static01.nyt.com/images/2024/05/19/multimedia/19iran-raisi-crash-qhbf/19iran-raisi-crash-qhbf-articleLarge.jpg,400,600,https://static01.nyt.com/images/2024/05/19/multimedia/19iran-raisi-crash-qhbf/19iran-raisi-crash-qhbf-thumbStandard.jpg,75,75,"Helicopter Carrying Iran’s President Has Crashed, State Media Reports","Helicopter Carrying Iran’s President Has Crashed, State Media Reports Rescuers are trying to locate the helicopter on which President Ebrahim Raisi and Foreign Minister Hossein Amir Abdollahian were traveling, state media reported. Their status is unknown. Rescuers are trying to locate the helicopter on which President Ebrahim Raisi and Foreign Minister Hossein Amir Abdollahian were traveling, state media reported. Their status is unknown."
Yet Zhang Zhan’s supporters and human rights activists who had followed her case said they could not reach her or her family members.,article,nyt://article/bfc64ed9-8d62-5ad6-a37c-d447168e5783,"[{'name': 'Person', 'value': 'Zhang Zhan', 'rank': 1}, {'name': 'Subject', 'value': 'Freedom of the Press', 'rank': 2}, {'name': 'Subject', 'value': 'Human Rights and Human Rights Violations', 'rank': 3}, {'name': 'Subject', 'value': 'Political Prisoners', 'rank': 4}, {'name': 'Subject', 'value': 'Coronavirus (2019-nCoV)', 'rank': 5}, {'name': 'Organization', 'value': 'Reporters Without Borders', 'rank': 6}, {'name': 'Organization', 'value': 'Human Rights Watch', 'rank': 7}, {'name': 'Location', 'value': 'China', 'rank': 8}]",Foreign,6.0,A,2024-05-13 11:15:58+00:00,World,Yet Zhang Zhan’s supporters and human rights activists who had followed her case said they could not reach her or her family members.,The New York Times,Asia Pacific,News,nyt://article/bfc64ed9-8d62-5ad6-a37c-d447168e5783,https://www.nytimes.com/2024/05/13/world/asia/china-covid-citizen-journalist-zhang.html,752,By Vivian Wang,Chinese Woman Jailed for Reporting on Covid Is Set to Be Freed,,Woman Who Reported on Covid to Be Freed,"A pro-democracy activist holding a placard demanding the release of Zhang Zhan, outside the Chinese central government’s liaison office in Hong Kong in 2020.",Kin Cheung/Associated Press,https://static01.nyt.com/images/2024/05/13/world/13CHINA-CITIZENJOURNALIST/13CHINA-CITIZENJOURNALIST-articleLarge.jpg,400,600,https://static01.nyt.com/images/2024/05/13/world/13CHINA-CITIZENJOURNALIST/13CHINA-CITIZENJOURNALIST-thumbStandard.jpg,75,75,Chinese Woman Jailed for Reporting on Covid Is Set to Be Freed,Chinese Woman Jailed for Reporting on Covid Is Set to Be Freed Yet Zhang Zhan’s supporters and human rights activists who had followed her case said they could not reach her or her family members. Yet Zhang Zhan’s supporters and human rights activists who had followed her case said they could not reach her or her family members.
The projection didn’t take into account the time it would take to repair the homes that were damaged but not destroyed.,article,nyt://article/6ea03808-87a8-5abc-840b-af18d0ea8422,"[{'name': 'Subject', 'value': 'Israel-Gaza War (2023- )', 'rank': 1}, {'name': 'Organization', 'value': 'United Nations', 'rank': 2}, {'name': 'Location', 'value': 'West Bank', 'rank': 3}, {'name': 'Location', 'value': 'East Jerusalem', 'rank': 4}, {'name': 'Subject', 'value': 'Palestinians', 'rank': 5}, {'name': 'Organization', 'value': 'Palestinian Authority', 'rank': 6}, {'name': 'Organization', 'value': 'Hamas', 'rank': 7}]",Foreign,,,2024-05-02 23:01:47+00:00,World,The projection didn’t take into account the time it would take to repair the homes that were damaged but not destroyed.,The New York Times,Middle East,News,nyt://article/6ea03808-87a8-5abc-840b-af18d0ea8422,https://www.nytimes.com/2024/05/02/world/middleeast/gaza-homes-rebuild-un-report.html,428,By Anushka Patil,A U.N. report says rebuilding all the homes destroyed in Gaza could take 80 years.,,,Destroyed buildings in Gaza City last month. ,Mohammed Hajjar/Associated Press,https://static01.nyt.com/images/2024/05/02/multimedia/02mideast-crisis-UNDP-wqlv/02mideast-crisis-UNDP-wqlv-articleLarge.jpg,400,600,https://static01.nyt.com/images/2024/05/02/multimedia/02mideast-crisis-UNDP-wqlv/02mideast-crisis-UNDP-wqlv-thumbStandard.jpg,75,75,A U.N. report says rebuilding all the homes destroyed in Gaza could take 80 years.,A U.N. report says rebuilding all the homes destroyed in Gaza could take 80 years. The projection didn’t take into account the time it would take to repair the homes that were damaged but not destroyed. The projection didn’t take into account the time it would take to repair the homes that were damaged but not destroyed.
,article,nyt://article/82c6d724-7005-5a91-bc80-c01e89bb1b0f,[],Foreign,,,2024-05-02 21:47:56+00:00,World,,The New York Times,Middle East,Live Blog Post,nyt://article/82c6d724-7005-5a91-bc80-c01e89bb1b0f,https://www.nytimes.com/live/2024/05/02/world/israel-gaza-war-hamas/hopes-rise-among-relatives-of-hostages-as-signs-of-progress-in-talks-are-reported,333,By Johnatan Reiss,Hopes rise among relatives of hostages as signs of progress in talks are reported.,,,Relatives and supporters of Israeli hostages since the Oct. 7 attacks blocking Ayalon Highway in Tel Aviv on Thursday.,Jack Guez/Agence France-Presse — Getty Images,https://static01.nyt.com/images/2024/05/02/multimedia/02mideast-crisis-israel-protest-bkmz/02mideast-crisis-israel-protest-bkmz-articleLarge.jpg,400,600,https://static01.nyt.com/images/2024/05/02/multimedia/02mideast-crisis-israel-protest-bkmz/02mideast-crisis-israel-protest-bkmz-thumbStandard.jpg,75,75,Hopes rise among relatives of hostages as signs of progress in talks are reported.,Hopes rise among relatives of hostages as signs of progress in talks are reported.
"The announcement was likely to further strain Germany’s longstanding ties with Israel, which have deteriorated because of differences over the war in Gaza.",article,nyt://article/f97397c2-5cb1-50a3-8fcb-fda7ba04a652,"[{'name': 'Location', 'value': 'Germany', 'rank': 1}, {'name': 'Subject', 'value': 'Israel-Gaza War (2023- )', 'rank': 2}, {'name': 'Organization', 'value': 'United Nations Relief and Works Agency', 'rank': 3}, {'name': 'Person', 'value': 'Scholz, Olaf (1958- )', 'rank': 4}, {'name': 'Subject', 'value': 'Humanitarian Aid', 'rank': 5}, {'name': 'Subject', 'value': 'International Relations', 'rank': 6}, {'name': 'Location', 'value': 'Israel', 'rank': 7}, {'name': 'Location', 'value': 'Gaza Strip', 'rank': 8}]",Foreign,,,2024-04-24 10:51:46+00:00,World,"The announcement was likely to further strain Germany’s longstanding ties with Israel, which have deteriorated because of differences over the war in Gaza.",The New York Times,Middle East,News,nyt://article/f97397c2-5cb1-50a3-8fcb-fda7ba04a652,https://www.nytimes.com/2024/04/24/world/middleeast/germany-un-aid-unrwa-gaza.html,513,By Christopher F. Schuetze,"After U.N. Report, Germany Says It Will Resume Funding for UNRWA",,,"Displaced Palestinians cooking as they shelter in a UNRWA-affiliated school in Deir al Balah, central Gaza, on Tuesday.",Ramadan Abed/Reuters,https://static01.nyt.com/images/2024/04/24/multimedia/24mideast-crisis-germany-unrwa-fhwg/24mideast-crisis-germany-unrwa-fhwg-articleLarge.jpg,402,600,https://static01.nyt.com/images/2024/04/24/multimedia/24mideast-crisis-germany-unrwa-fhwg/24mideast-crisis-germany-unrwa-fhwg-thumbStandard.jpg,75,75,"After U.N. Report, Germany Says It Will Resume Funding for UNRWA","After U.N. Report, Germany Says It Will Resume Funding for UNRWA The announcement was likely to further strain Germany’s longstanding ties with Israel, which have deteriorated because of differences over the war in Gaza. The announcement was likely to further strain Germany’s longstanding ties with Israel, which have deteriorated because of differences over the war in Gaza."
"Some Palestinians recounted being beaten with metal bars or the butts of guns, according to the report. Israeli officials have said that the rights of detainees are respected.",article,nyt://article/c6b74f41-1ccd-5a45-a678-fc4b47dd667f,"[{'name': 'Subject', 'value': 'Israel-Gaza War (2023- )', 'rank': 1}, {'name': 'Subject', 'value': 'Detainees', 'rank': 2}, {'name': 'Subject', 'value': 'Torture', 'rank': 3}, {'name': 'Subject', 'value': 'Palestinians', 'rank': 4}, {'name': 'Subject', 'value': 'War Crimes, Genocide and Crimes Against Humanity', 'rank': 5}, {'name': 'Organization', 'value': 'Hamas', 'rank': 6}, {'name': 'Organization', 'value': 'United Nations Relief and Works Agency', 'rank': 7}, {'name': 'Organization', 'value': 'United Nations', 'rank': 8}, {'name': 'Location', 'value': 'Gaza Strip', 'rank': 9}, {'name': 'Location', 'value': 'Israel', 'rank': 10}, {'name': 'Location', 'value': 'West Bank', 'rank': 11}]",Foreign,,,2024-04-17 13:26:51+00:00,World,"Some Palestinians recounted being beaten with metal bars or the butts of guns, according to the report. Israeli officials have said that the rights of detainees are respected.",The New York Times,Middle East,News,nyt://article/c6b74f41-1ccd-5a45-a678-fc4b47dd667f,https://www.nytimes.com/2024/04/17/world/middleeast/un-report-israel-detainees-abuse.html,797,By Aaron Boxerman,U.N. Report Describes Physical Abuse and Dire Conditions in Israeli Detention,,,Israeli soldiers with Palestinian detainees in Gaza in December. The Israeli military reviewed this image as part of the conditions of allowing the photographer to accompany soldiers.,"Moti Milrod/Haaretz, via Associated Press",https://static01.nyt.com/images/2024/04/16/multimedia/16mideast-crisis-unwra-report-wghj/16mideast-crisis-unwra-report-wghj-articleLarge.jpg,400,600,https://static01.nyt.com/images/2024/04/16/multimedia/16mideast-crisis-unwra-report-wghj/16mideast-crisis-unwra-report-wghj-thumbStandard.jpg,75,75,U.N. Report Describes Physical Abuse and Dire Conditions in Israeli Detention,"U.N. Report Describes Physical Abuse and Dire Conditions in Israeli Detention Some Palestinians recounted being beaten with metal bars or the butts of guns, according to the report. Israeli officials have said that the rights of detainees are respected. Some Palestinians recounted being beaten with metal bars or the butts of guns, according to the report. Israeli officials have said that the rights of detainees are respected."
"Prime Minister Justin Trudeau testified that past elections had been “free and fair,” but intelligence reports said meddling by China was “sophisticated” and “pervasive.”",article,nyt://article/232d4e99-3371-59e7-a1f3-c0995febfc66,"[{'name': 'Location', 'value': 'Canada', 'rank': 1}, {'name': 'Subject', 'value': 'Politics and Government', 'rank': 2}, {'name': 'Subject', 'value': 'Elections', 'rank': 3}, {'name': 'Person', 'value': 'Trudeau, Justin', 'rank': 4}, {'name': 'Location', 'value': 'China', 'rank': 5}, {'name': 'Subject', 'value': 'Canadian Federal Election (2019)', 'rank': 6}, {'name': 'Organization', 'value': 'Conservative Party (Canada)', 'rank': 7}, {'name': 'Organization', 'value': 'Liberal Party (Canada)', 'rank': 8}, {'name': 'Person', 'value': ""O'Toole, Erin (1973- )"", 'rank': 9}, {'name': 'Person', 'value': 'Xi Jinping', 'rank': 10}, {'name': 'Subject', 'value': 'International Relations', 'rank': 11}, {'name': 'Subject', 'value': 'Espionage and Intelligence Services', 'rank': 12}, {'name': 'Subject', 'value': 'Classified Information and State Secrets', 'rank': 13}]",Foreign,,,2024-04-10 09:03:40+00:00,World,"Prime Minister Justin Trudeau testified that past elections had been “free and fair,” but intelligence reports said meddling by China was “sophisticated” and “pervasive.”",The New York Times,Canada,News,nyt://article/232d4e99-3371-59e7-a1f3-c0995febfc66,https://www.nytimes.com/2024/04/10/world/canada/trudeau-election-interference-inquiry.html,1066,By Norimitsu Onishi,Trudeau Rebuts Reports of Foreign Interference in Canadian Elections,,,"Prime Minister Justin Trudeau of Canada testified on Wednesday at a public hearing of a foreign interference inquiry in Ottawa, the capital.",Blair Gable/Reuters,https://static01.nyt.com/images/2024/04/10/multimedia/10canada-trudeau-interference-1-ctzj/10canada-trudeau-interference-1-ctzj-articleLarge.jpg,400,600,https://static01.nyt.com/images/2024/04/10/multimedia/10canada-trudeau-interference-1-ctzj/10canada-trudeau-interference-1-ctzj-thumbStandard.jpg,75,75,Trudeau Rebuts Reports of Foreign Interference in Canadian Elections,"Trudeau Rebuts Reports of Foreign Interference in Canadian Elections Prime Minister Justin Trudeau testified that past elections had been “free and fair,” but intelligence reports said meddling by China was “sophisticated” and “pervasive.” Prime Minister Justin Trudeau testified that past elections had been “free and fair,” but intelligence reports said meddling by China was “sophisticated” and “pervasive.”"
Lawmakers testified at a public hearing on foreign interference that they had been caught in China’s cross hairs after criticizing it over human rights.,article,nyt://article/6d3c79e1-2de3-582a-b403-65a26d2f0a87,"[{'name': 'Location', 'value': 'Canada', 'rank': 1}, {'name': 'Location', 'value': 'China', 'rank': 2}, {'name': 'Subject', 'value': 'Elections', 'rank': 3}, {'name': 'Subject', 'value': 'Rumors and Misinformation', 'rank': 4}, {'name': 'Subject', 'value': 'Canadian Federal Election (2019)', 'rank': 5}, {'name': 'Organization', 'value': 'Conservative Party (Canada)', 'rank': 6}, {'name': 'Organization', 'value': 'Liberal Party (Canada)', 'rank': 7}, {'name': 'Person', 'value': ""O'Toole, Erin (1973- )"", 'rank': 8}, {'name': 'Subject', 'value': 'Politics and Government', 'rank': 9}, {'name': 'Subject', 'value': 'International Relations', 'rank': 10}]",Foreign,11.0,A,2024-04-03 23:08:32+00:00,World,Lawmakers testified at a public hearing on foreign interference that they had been caught in China’s cross hairs after criticizing it over human rights.,The New York Times,Americas,News,nyt://article/6d3c79e1-2de3-582a-b403-65a26d2f0a87,https://www.nytimes.com/2024/04/03/world/americas/canada-china-2021-election.html,834,By Norimitsu Onishi,"Canadian Politicians Were Targeted by China in 2021, Report Says",,Claims China Had Meddled In Elections In Canada,"Since President Xi Jinping’s rise to power, China has stepped up efforts to sway elections in Canada and other countries, according to intelligence officials, academics and members of the diaspora.",Tingshu Wang/Reuters,https://static01.nyt.com/images/2024/04/03/multimedia/03canada-interference-qvfj/03canada-interference-qvfj-articleLarge.jpg,425,600,https://static01.nyt.com/images/2024/04/03/multimedia/03canada-interference-qvfj/03canada-interference-qvfj-thumbStandard.jpg,75,75,"Canadian Politicians Were Targeted by China in 2021, Report Says","Canadian Politicians Were Targeted by China in 2021, Report Says Lawmakers testified at a public hearing on foreign interference that they had been caught in China’s cross hairs after criticizing it over human rights. Lawmakers testified at a public hearing on foreign interference that they had been caught in China’s cross hairs after criticizing it over human rights."
The airstrike on an Iranian Embassy building was one of the biggest attacks yet in a shadow war that has increasingly been moving into the open.,article,nyt://article/ae2ee70d-a466-51cd-adab-f605848829dc,"[{'name': 'Subject', 'value': 'Iran-Israel Proxy Conflict', 'rank': 1}, {'name': 'Subject', 'value': 'Israel-Gaza War (2023- )', 'rank': 2}, {'name': 'Location', 'value': 'Israel', 'rank': 3}, {'name': 'Location', 'value': 'Iran', 'rank': 4}, {'name': 'Location', 'value': 'Syria', 'rank': 5}, {'name': 'Organization', 'value': 'Quds Force', 'rank': 6}, {'name': 'Organization', 'value': 'Islamic Revolutionary Guards Corps', 'rank': 7}, {'name': 'Location', 'value': 'Damascus (Syria)', 'rank': 8}, {'name': 'Person', 'value': 'Zahedi, Mohamad Reza (1960-2024)', 'rank': 9}, {'name': 'Subject', 'value': 'Diplomatic Service, Embassies and Consulates', 'rank': 10}, {'name': 'Organization', 'value': 'Hamas', 'rank': 11}, {'name': 'Organization', 'value': 'Hezbollah', 'rank': 12}, {'name': 'Organization', 'value': 'Palestinian Islamic Jihad', 'rank': 13}, {'name': 'Organization', 'value': 'Al Shifa Hospital (Gaza Strip)', 'rank': 14}]",Foreign,1.0,A,2024-04-01 20:55:15+00:00,World,The airstrike on an Iranian Embassy building was one of the biggest attacks yet in a shadow war that has increasingly been moving into the open.,The New York Times,Middle East,News,nyt://article/ae2ee70d-a466-51cd-adab-f605848829dc,https://www.nytimes.com/2024/04/01/world/middleeast/iran-commanders-killed-syria-israel.html,1411,"By Farnaz Fassihi, Ronen Bergman, Aaron Boxerman, Hiba Yazbek and Michael Levenson",3 Top Iranian Commanders Are Reported Killed in Israeli Strike in Syria,,Israeli Airstrike In Syria Targets Iranian Officers,"The aftermath of the strike on an Iranian Embassy building in Damascus, Syria, on Monday.",Firas Makdesi/Reuters,https://static01.nyt.com/images/2024/04/01/multimedia/01mideast-crisis-ledeall-1-gclq/01mideast-crisis-ledeall-1-gclq-articleLarge.jpg,422,600,https://static01.nyt.com/images/2024/04/01/multimedia/01mideast-crisis-ledeall-1-gclq/01mideast-crisis-ledeall-1-gclq-thumbStandard.jpg,75,75,3 Top Iranian Commanders Are Reported Killed in Israeli Strike in Syria,3 Top Iranian Commanders Are Reported Killed in Israeli Strike in Syria The airstrike on an Iranian Embassy building was one of the biggest attacks yet in a shadow war that has increasingly been moving into the open. The airstrike on an Iranian Embassy building was one of the biggest attacks yet in a shadow war that has increasingly been moving into the open.
"The exchange came as a U.N. cease-fire demand appeared to be having little effect on the war in Gaza, and pressure increased on neighboring Jordan to sever ties with Israel.",article,nyt://article/e56bca1e-567a-54c5-a78a-c1b3c0720753,"[{'name': 'Organization', 'value': 'Hezbollah', 'rank': 1}, {'name': 'Subject', 'value': 'Terrorism', 'rank': 2}, {'name': 'Location', 'value': 'Israel', 'rank': 3}, {'name': 'Subject', 'value': 'Defense and Military Forces', 'rank': 4}, {'name': 'Location', 'value': 'Lebanon', 'rank': 5}, {'name': 'Subject', 'value': 'Israel-Gaza War (2023- )', 'rank': 6}, {'name': 'Location', 'value': 'Gaza Strip', 'rank': 7}, {'name': 'Subject', 'value': 'Palestinians', 'rank': 8}, {'name': 'Organization', 'value': 'Hamas', 'rank': 9}, {'name': 'Location', 'value': 'Jordan', 'rank': 10}, {'name': 'Subject', 'value': 'Demonstrations, Protests and Riots', 'rank': 11}, {'name': 'Subject', 'value': 'International Relations', 'rank': 12}, {'name': 'Organization', 'value': 'Security Council (UN)', 'rank': 13}, {'name': 'Subject', 'value': 'United States International Relations', 'rank': 14}, {'name': 'Subject', 'value': 'Deaths (Fatalities)', 'rank': 15}, {'name': 'Subject', 'value': 'Refugees and Displaced Persons', 'rank': 16}]",Foreign,11.0,A,2024-03-27 23:00:08+00:00,World,"The exchange came as a U.N. cease-fire demand appeared to be having little effect on the war in Gaza, and pressure increased on neighboring Jordan to sever ties with Israel.",The New York Times,Middle East,News,nyt://article/e56bca1e-567a-54c5-a78a-c1b3c0720753,https://www.nytimes.com/2024/03/27/world/middleeast/israel-hezbollah-gaza.html,859,"By Cassandra Vinograd, Hwaida Saad, Adam Rasgon and Eric Nagourney","Israel and Hezbollah Trade Fire, With Deaths Reported on Both Sides",,More Deaths As Hezbollah Trades Fire With Israel,"The aftermath of an Israeli strike on Wednesday in al-Habbariyeh, in southern Lebanon. Lebanon’s Ministry of Health said it hit an emergency medical center and killed seven people.","EPA, via Shutterstock",https://static01.nyt.com/images/2024/03/27/multimedia/27mideast-ledeall-vjht/27mideast-ledeall-vjht-articleLarge.jpg,400,600,https://static01.nyt.com/images/2024/03/27/multimedia/27mideast-ledeall-vjht/27mideast-ledeall-vjht-thumbStandard.jpg,75,75,"Israel and Hezbollah Trade Fire, With Deaths Reported on Both Sides","Israel and Hezbollah Trade Fire, With Deaths Reported on Both Sides The exchange came as a U.N. cease-fire demand appeared to be having little effect on the war in Gaza, and pressure increased on neighboring Jordan to sever ties with Israel. The exchange came as a U.N. cease-fire demand appeared to be having little effect on the war in Gaza, and pressure increased on neighboring Jordan to sever ties with Israel."
"Britain’s data protection watchdog said it was investigating after claims that a hospital employee had tried to obtain the medical records of Catherine, Princess of Wales.",article,nyt://article/05c27e18-7da9-5965-a641-36c8856b1485,"[{'name': 'Person', 'value': 'Catherine, Princess of Wales', 'rank': 1}, {'name': 'Subject', 'value': 'Royal Families', 'rank': 2}, {'name': 'Subject', 'value': 'Hospitals', 'rank': 3}, {'name': 'Subject', 'value': 'Privacy', 'rank': 4}, {'name': 'Subject', 'value': 'Rumors and Misinformation', 'rank': 5}, {'name': 'Subject', 'value': 'Conspiracy Theories', 'rank': 6}, {'name': 'Location', 'value': 'London (England)', 'rank': 7}, {'name': 'Location', 'value': 'Great Britain', 'rank': 8}]",Foreign,10.0,A,2024-03-20 12:07:03+00:00,World,"Britain’s data protection watchdog said it was investigating after claims that a hospital employee had tried to obtain the medical records of Catherine, Princess of Wales.",The New York Times,Europe,News,nyt://article/05c27e18-7da9-5965-a641-36c8856b1485,https://www.nytimes.com/2024/03/20/world/europe/princess-kate-middleton-hospital-records-uk.html,659,By Mark Landler,Report of Kate Privacy Breach Is Being Assessed by U.K. Authorities,,U.K. Exploring Reported Breach Of Kate’s Data,"Outside the London Clinic, the private hospital where Catherine, Princess of Wales, underwent surgery, in January.",Kin Cheung/Associated Press,https://static01.nyt.com/images/2024/03/20/multimedia/20uk-kate-01-jqvw/20uk-kate-01-jqvw-articleLarge.jpg,400,600,https://static01.nyt.com/images/2024/03/20/multimedia/20uk-kate-01-jqvw/20uk-kate-01-jqvw-thumbStandard.jpg,75,75,Report of Kate Privacy Breach Is Being Assessed by U.K. Authorities,"Report of Kate Privacy Breach Is Being Assessed by U.K. Authorities Britain’s data protection watchdog said it was investigating after claims that a hospital employee had tried to obtain the medical records of Catherine, Princess of Wales. Britain’s data protection watchdog said it was investigating after claims that a hospital employee had tried to obtain the medical records of Catherine, Princess of Wales."
"A U.N. inquiry found support for Israel’s allegations of sexual violence in the Hamas-led Oct. 7 attack, but they remain bitterly at odds over the war in the Gaza Strip.",article,nyt://article/ba774961-09bd-51b3-93e2-740921c0cf1b,"[{'name': 'Subject', 'value': 'Israel-Gaza War (2023- )', 'rank': 1}, {'name': 'Subject', 'value': 'Palestinians', 'rank': 2}, {'name': 'Subject', 'value': 'Sex Crimes', 'rank': 3}, {'name': 'Subject', 'value': 'Refugees and Displaced Persons', 'rank': 4}, {'name': 'Subject', 'value': 'Food', 'rank': 5}, {'name': 'Subject', 'value': 'Famine', 'rank': 6}, {'name': 'Organization', 'value': 'United Nations', 'rank': 7}, {'name': 'Organization', 'value': 'Hamas', 'rank': 8}, {'name': 'Organization', 'value': 'United Nations High Commissioner for Refugees', 'rank': 9}, {'name': 'Organization', 'value': 'Security Council (UN)', 'rank': 10}, {'name': 'Person', 'value': 'Biden, Joseph R Jr', 'rank': 11}, {'name': 'Person', 'value': 'Guterres, Antonio', 'rank': 12}, {'name': 'Person', 'value': 'Herzog, Isaac', 'rank': 13}, {'name': 'Person', 'value': 'Netanyahu, Benjamin', 'rank': 14}, {'name': 'Location', 'value': 'Gaza Strip', 'rank': 15}, {'name': 'Location', 'value': 'Israel', 'rank': 16}, {'name': 'Location', 'value': 'Cairo (Egypt)', 'rank': 17}]",Foreign,6.0,A,2024-03-06 00:00:14+00:00,World,"A U.N. inquiry found support for Israel’s allegations of sexual violence in the Hamas-led Oct. 7 attack, but they remain bitterly at odds over the war in the Gaza Strip.",The New York Times,Middle East,News,nyt://article/ba774961-09bd-51b3-93e2-740921c0cf1b,https://www.nytimes.com/2024/03/05/world/middleeast/israel-gaza-un.html,1277,"By Adam Sella, Helene Cooper and Thomas Fuller","Israel Sees Vindication in U.N.’s Report, but Tensions Between Them Rise",,"Israel Claims Vindication in U.N. Report, but Still Recalls Diplomat","The United States made a second round of airdrops of aid into Gaza on Tuesday, with U.S. Air Force cargo planes dropping 36,800 ready-to-eat meals in a joint operation with the Jordanian Air Force.",Amir Cohen/Reuters,https://static01.nyt.com/images/2024/03/05/multimedia/05mideast-crisis-ledeall-03-hvqk/05mideast-crisis-ledeall-03-hvqk-articleLarge.jpg,403,600,https://static01.nyt.com/images/2024/03/05/multimedia/05mideast-crisis-ledeall-03-hvqk/05mideast-crisis-ledeall-03-hvqk-thumbStandard.jpg,75,75,"Israel Sees Vindication in U.N.’s Report, but Tensions Between Them Rise","Israel Sees Vindication in U.N.’s Report, but Tensions Between Them Rise A U.N. inquiry found support for Israel’s allegations of sexual violence in the Hamas-led Oct. 7 attack, but they remain bitterly at odds over the war in the Gaza Strip. A U.N. inquiry found support for Israel’s allegations of sexual violence in the Hamas-led Oct. 7 attack, but they remain bitterly at odds over the war in the Gaza Strip."
,article,nyt://article/ae2d8a53-9fed-5e97-807d-0fc3174b6c4b,[],Foreign,,,2024-03-05 13:50:01+00:00,World,,The New York Times,Middle East,Live Blog Post,nyt://article/ae2d8a53-9fed-5e97-807d-0fc3174b6c4b,https://www.nytimes.com/live/2024/03/05/world/israel-hamas-war-gaza-news/israel-recalls-its-un-ambassador-to-protest-what-it-sees-as-inaction-on-a-sexual-violence-report,786,By Adam Sella,Tensions rise between Israel and the U.N. after a U.N. team’s report on sexual violence.,,,"Israel’s U.N. ambassador, Gilad Erdan, at United Nations headquarters in New York last month.","Eduardo Munoz/EPA, via Shutterstock",https://static01.nyt.com/images/2024/03/05/multimedia/05mideast-crisis-sexual-abuse-report-reax-zjtb/05mideast-crisis-sexual-abuse-report-reax-zjtb-articleLarge.jpg,400,600,https://static01.nyt.com/images/2024/03/05/multimedia/05mideast-crisis-sexual-abuse-report-reax-zjtb/05mideast-crisis-sexual-abuse-report-reax-zjtb-thumbStandard.jpg,75,75,Tensions rise between Israel and the U.N. after a U.N. team’s report on sexual violence.,Tensions rise between Israel and the U.N. after a U.N. team’s report on sexual violence.
,article,nyt://article/ca1abc8f-2e90-5df1-b14b-faff813e7884,[],Foreign,,,2024-03-04 22:31:21+00:00,World,,The New York Times,Middle East,Live Blog Post,nyt://article/ca1abc8f-2e90-5df1-b14b-faff813e7884,https://www.nytimes.com/live/2024/03/04/world/israel-hamas-war-gaza-news/the-un-teams-sexual-violence-report-describes-its-members-expertise-in-the-field-as-extensive,422,By The New York Times,The U.N. team’s sexual violence report describes its members’ expertise in the field as extensive.,,,"Pramila Patten, the United Nations special representative on sexual violence in war, at a meeting of the Security Council about the Russian invasion of Ukraine in 2022.",Mike Segar/Reuters,https://static01.nyt.com/images/2024/03/04/multimedia/04mideast-crisis-UN-team-01-glhq/04mideast-crisis-UN-team-01-glhq-articleLarge.jpg,400,600,https://static01.nyt.com/images/2024/03/04/multimedia/04mideast-crisis-UN-team-01-glhq/04mideast-crisis-UN-team-01-glhq-thumbStandard.jpg,75,75,The U.N. team’s sexual violence report describes its members’ expertise in the field as extensive.,The U.N. team’s sexual violence report describes its members’ expertise in the field as extensive.
"The United Nations experts also said that they had “clear and convincing information” that hostages seized in Israel on Oct. 7 had been sexually abused in Gaza, and that they had looked into reports of abuse of Palestinians in Israeli detention.",article,nyt://article/50262677-ef68-5ab6-bdd5-6b8dab512585,"[{'name': 'Subject', 'value': 'Israel-Gaza War (2023- )', 'rank': 1}, {'name': 'Subject', 'value': 'Sex Crimes', 'rank': 2}, {'name': 'Subject', 'value': 'Terrorism', 'rank': 3}, {'name': 'Subject', 'value': 'Kidnapping and Hostages', 'rank': 4}, {'name': 'Organization', 'value': 'Hamas', 'rank': 5}, {'name': 'Organization', 'value': 'United Nations', 'rank': 6}, {'name': 'Location', 'value': 'Israel', 'rank': 7}, {'name': 'Location', 'value': 'Gaza Strip', 'rank': 8}]",Foreign,1.0,A,2024-03-04 19:02:52+00:00,World,"The United Nations experts also said that they had “clear and convincing information” that hostages seized in Israel on Oct. 7 had been sexually abused in Gaza, and that they had looked into reports of abuse of Palestinians in Israeli detention.",The New York Times,Middle East,News,nyt://article/50262677-ef68-5ab6-bdd5-6b8dab512585,https://www.nytimes.com/2024/03/04/world/middleeast/israel-hamas-un-report-sexual-violence.html,1066,By Farnaz Fassihi and Isabel Kershner,U.N. Team Finds Grounds to Support Reports of Sexual Violence in Hamas Attack,,U.N. Sees Signs of Sexual Abuse in Hamas Attack,The site of the music festival where sexual assaults were reported.,Sergey Ponomarev for The New York Times,https://static01.nyt.com/images/2024/01/29/multimedia/04mideast-crisis-sexual-assault/00israel-sexualviolence-01-cfjk-articleLarge.jpg,400,600,https://static01.nyt.com/images/2024/01/29/multimedia/04mideast-crisis-sexual-assault/00israel-sexualviolence-01-cfjk-thumbStandard.jpg,75,75,U.N. Team Finds Grounds to Support Reports of Sexual Violence in Hamas Attack,"U.N. Team Finds Grounds to Support Reports of Sexual Violence in Hamas Attack The United Nations experts also said that they had “clear and convincing information” that hostages seized in Israel on Oct. 7 had been sexually abused in Gaza, and that they had looked into reports of abuse of Palestinians in Israeli detention. The United Nations experts also said that they had “clear and convincing information” that hostages seized in Israel on Oct. 7 had been sexually abused in Gaza, and that they had looked into reports of abuse of Palestinians in Israeli detention."
,article,nyt://article/a06d2fef-c6c0-5eab-a409-9dd295264348,[],Foreign,,,2024-02-27 00:51:55+00:00,World,,The New York Times,Middle East,Live Blog Post,nyt://article/a06d2fef-c6c0-5eab-a409-9dd295264348,https://www.nytimes.com/live/2024/02/27/world/israel-hamas-war-gaza-news/israel-submits-a-report-on-measures-to-prevent-genocide-in-gaza-as-ordered-by-the-uns-top-court,490,By Anushka Patil,"Israel submits a report on measures to prevent genocide in Gaza, as ordered by the U.N.’s top court.",,,Palestinians recovering a victim as they searched a damaged building in Rafah on Monday.,"Haitham Imad/EPA, via Shutterstock",https://static01.nyt.com/images/2024/02/26/multimedia/26mideast-crisis-icj-israel-rafah-vqzg/26mideast-crisis-icj-israel-rafah-vqzg-articleLarge.jpg,400,600,https://static01.nyt.com/images/2024/02/26/multimedia/26mideast-crisis-icj-israel-rafah-vqzg/26mideast-crisis-icj-israel-rafah-vqzg-thumbStandard.jpg,75,75,"Israel submits a report on measures to prevent genocide in Gaza, as ordered by the U.N.’s top court.","Israel submits a report on measures to prevent genocide in Gaza, as ordered by the U.N.’s top court."
,article,nyt://article/541c36b7-8093-559b-ae9b-61ebd53f7ea5,[],Foreign,,,2024-02-21 22:27:37+00:00,World,,The New York Times,Middle East,Live Blog Post,nyt://article/541c36b7-8093-559b-ae9b-61ebd53f7ea5,https://www.nytimes.com/live/2024/02/21/world/israel-hamas-war-gaza-news/a-member-of-the-israeli-war-cabinet-reports-preliminary-signs-of-progress-in-a-cease-fire-deal,344,By Adam Sella,A member of the Israeli war cabinet reports ‘preliminary signs’ of progress in a cease-fire deal.,,,"A member of Israel’s war cabinet, Benny Gantz, center, said there has been momentum on a new draft of a deal to pause fighting in Gaza in exchange for the release of Israeli hostages.",Pool photo by Mark Schiefelbein,https://static01.nyt.com/images/2024/03/21/multimedia/21mideast-crisis-gantz-hostage-talks-wklt/21mideast-crisis-gantz-hostage-talks-wklt-articleLarge.jpg,400,600,https://static01.nyt.com/images/2024/03/21/multimedia/21mideast-crisis-gantz-hostage-talks-wklt/21mideast-crisis-gantz-hostage-talks-wklt-thumbStandard.jpg,75,75,A member of the Israeli war cabinet reports ‘preliminary signs’ of progress in a cease-fire deal.,A member of the Israeli war cabinet reports ‘preliminary signs’ of progress in a cease-fire deal.
Israeli activists and their allies have expressed frustration at international organizations like the United Nations for slow responses to such reports.,article,nyt://article/c19b538b-aaba-55b2-b604-5683180f1c01,"[{'name': 'Subject', 'value': 'Israel-Gaza War (2023- )', 'rank': 1}, {'name': 'Subject', 'value': 'Sex Crimes', 'rank': 2}, {'name': 'Subject', 'value': 'Terrorism', 'rank': 3}, {'name': 'Organization', 'value': 'Hamas', 'rank': 4}, {'name': 'Organization', 'value': 'United Nations', 'rank': 5}, {'name': 'Location', 'value': 'Gaza Strip', 'rank': 6}, {'name': 'Location', 'value': 'Israel', 'rank': 7}]",Foreign,6.0,A,2024-02-21 22:13:10+00:00,World,Israeli activists and their allies have expressed frustration at international organizations like the United Nations for slow responses to such reports.,The New York Times,Middle East,News,nyt://article/c19b538b-aaba-55b2-b604-5683180f1c01,https://www.nytimes.com/2024/02/21/world/middleeast/israel-hamas-sexual-violence-report.html,650,By Adam Sella,Israeli Rape-Crisis Group Report Finds ‘Systematic’ Sexual Violence on and After Oct. 7,,Report Calls Sexual Abuse By Hamas ‘Systemic’,A camping area at the site of a music festival in southern Israel that was attacked by Hamas militants on Oct. 7.,Tamir Kalifa for The New York Times,https://static01.nyt.com/images/2024/03/21/multimedia/21mideast-crisis-oct7-sexual-violence-report-2-pbkz/21mideast-crisis-oct7-sexual-violence-report-2-pbkz-articleLarge.jpg,400,600,https://static01.nyt.com/images/2024/03/21/multimedia/21mideast-crisis-oct7-sexual-violence-report-2-pbkz/21mideast-crisis-oct7-sexual-violence-report-2-pbkz-thumbStandard.jpg,75,75,Israeli Rape-Crisis Group Report Finds ‘Systematic’ Sexual Violence on and After Oct. 7,Israeli Rape-Crisis Group Report Finds ‘Systematic’ Sexual Violence on and After Oct. 7 Israeli activists and their allies have expressed frustration at international organizations like the United Nations for slow responses to such reports. Israeli activists and their allies have expressed frustration at international organizations like the United Nations for slow responses to such reports.
,article,nyt://article/f8852010-081b-5f63-b3f5-82e72387463d,[],Foreign,,,2024-02-21 17:22:05+00:00,World,,The New York Times,Middle East,Live Blog Post,nyt://article/f8852010-081b-5f63-b3f5-82e72387463d,https://www.nytimes.com/live/2024/02/21/world/israel-hamas-war-gaza-news/the-israeli-militarys-top-lawyer-reports-some-troop-conduct-that-crosses-the-criminal-threshold,502,By Adam Sella,The Israeli military’s top lawyer reports some troop conduct that crosses ‘the criminal threshold.’,,,An Israeli tank in an area near the border with the Gaza Strip. ,"Abir Sultan/EPA, via Shutterstock",https://static01.nyt.com/images/2024/02/21/multimedia/21mideast-crisis-idf-misconduct-bgfv/21mideast-crisis-idf-misconduct-bgfv-articleLarge.jpg,400,600,https://static01.nyt.com/images/2024/02/21/multimedia/21mideast-crisis-idf-misconduct-bgfv/21mideast-crisis-idf-misconduct-bgfv-thumbStandard.jpg,75,75,The Israeli military’s top lawyer reports some troop conduct that crosses ‘the criminal threshold.’,The Israeli military’s top lawyer reports some troop conduct that crosses ‘the criminal threshold.’
,article,nyt://article/59c03e91-fff0-59b5-bfbf-f3cfb2fb7dc2,"[{'name': 'Person', 'value': 'Navalny, Aleksei A', 'rank': 1}, {'name': 'Person', 'value': 'Putin, Vladimir V', 'rank': 2}, {'name': 'Location', 'value': 'Russia', 'rank': 3}, {'name': 'Location', 'value': 'St Petersburg (Russia)', 'rank': 4}, {'name': 'Subject', 'value': 'Political Prisoners', 'rank': 5}, {'name': 'Subject', 'value': 'Funerals and Memorials', 'rank': 6}]",Foreign,,,2024-02-16 22:19:44+00:00,World,,The New York Times,Europe,Live Blog Post,nyt://article/59c03e91-fff0-59b5-bfbf-f3cfb2fb7dc2,https://www.nytimes.com/live/2024/02/16/world/aleksei-navalny/russians-rallies-navalny-death,514,By Ivan Nechepurenko and Milana Mazaeva,Russians around the world gather to mourn and protest Navalny’s reported death.,,,"Mourners in St. Petersburg, Russia, held up the flashlights on their cellphones during a rally after reports emerged of the death of Aleksei A. Navalny.",Dmitri Lovetsky/Associated Press,https://static01.nyt.com/images/2024/02/16/multimedia/16navalny-georgia-rally-05-lmtv/16navalny-georgia-rally-05-lmtv-articleLarge.jpg,400,600,https://static01.nyt.com/images/2024/02/16/multimedia/16navalny-georgia-rally-05-lmtv/16navalny-georgia-rally-05-lmtv-thumbStandard.jpg,75,75,Russians around the world gather to mourn and protest Navalny’s reported death.,Russians around the world gather to mourn and protest Navalny’s reported death.
"The reported death of Aleksei A. Navalny ushers in a new turning point for President Vladimir V. Putin’s Russia, underscoring both the Kremlin’s power and the potential for instability that continues to threaten it.",article,nyt://article/c93971c6-f618-5e57-a2b8-9d4bfc2d71ca,"[{'name': 'Person', 'value': 'Navalny, Aleksei A', 'rank': 1}, {'name': 'Location', 'value': 'Russia', 'rank': 2}, {'name': 'Subject', 'value': 'Political Prisoners', 'rank': 3}, {'name': 'Person', 'value': 'Putin, Vladimir V', 'rank': 4}, {'name': 'Subject', 'value': 'Politics and Government', 'rank': 5}, {'name': 'Subject', 'value': 'International Relations', 'rank': 6}, {'name': 'Subject', 'value': 'Embargoes and Sanctions', 'rank': 7}, {'name': 'Subject', 'value': 'United States International Relations', 'rank': 8}, {'name': 'Subject', 'value': 'Russian Invasion of Ukraine (2022)', 'rank': 9}, {'name': 'Location', 'value': 'Ukraine', 'rank': 10}]",Foreign,,,2024-02-16 18:27:37+00:00,World,"The reported death of Aleksei A. Navalny ushers in a new turning point for President Vladimir V. Putin’s Russia, underscoring both the Kremlin’s power and the potential for instability that continues to threaten it.",The New York Times,Europe,News,nyt://article/c93971c6-f618-5e57-a2b8-9d4bfc2d71ca,https://www.nytimes.com/2024/02/16/world/europe/russia-putin-navalny.html,664,By Anton Troianovski,Where does Navalny’s reported death leave Russia and Putin?,,,"President Vladimir V. Putin of Russia meeting students and employees at an industrial park in Chelyabinsk, Russia, on Friday.",Pool photo by Aleksandr Rjumin,https://static01.nyt.com/images/2024/02/16/multimedia/16navalny-putin-01-mtfw/16navalny-putin-01-mtfw-articleLarge.jpg,400,600,https://static01.nyt.com/images/2024/02/16/multimedia/16navalny-putin-01-mtfw/16navalny-putin-01-mtfw-thumbStandard.jpg,75,75,Where does Navalny’s reported death leave Russia and Putin?,"Where does Navalny’s reported death leave Russia and Putin? The reported death of Aleksei A. Navalny ushers in a new turning point for President Vladimir V. Putin’s Russia, underscoring both the Kremlin’s power and the potential for instability that continues to threaten it. The reported death of Aleksei A. Navalny ushers in a new turning point for President Vladimir V. Putin’s Russia, underscoring both the Kremlin’s power and the potential for instability that continues to threaten it."
"The Russian authorities have issued sparse details of what they said happened to Aleksei A. Navalny, the opposition leader who they announced had died in prison.",article,nyt://article/6473d7dc-978e-56d4-b3fd-55763d106e60,"[{'name': 'Person', 'value': 'Navalny, Aleksei A', 'rank': 1}, {'name': 'Subject', 'value': 'Deaths (Obituaries)', 'rank': 2}, {'name': 'Location', 'value': 'Russia', 'rank': 3}]",Foreign,,,2024-02-16 18:00:12+00:00,World,"The Russian authorities have issued sparse details of what they said happened to Aleksei A. Navalny, the opposition leader who they announced had died in prison.",The New York Times,Europe,News,nyt://article/6473d7dc-978e-56d4-b3fd-55763d106e60,https://www.nytimes.com/2024/02/16/world/europe/navalny-cause-of-death.html,437,By Anatoly Kurmanaev,Here’s What We Know About the Cause of Navalny’s Reported Death,,,A memorial in front of the Russian embassy in Berlin.,Ebrahim Noroozi/Associated Press,https://static01.nyt.com/images/2024/02/16/multimedia/16navalny-cause-of-death-kvpb/16navalny-cause-of-death-kvpb-articleLarge.jpg,400,600,https://static01.nyt.com/images/2024/02/16/multimedia/16navalny-cause-of-death-kvpb/16navalny-cause-of-death-kvpb-thumbStandard.jpg,75,75,Here’s What We Know About the Cause of Navalny’s Reported Death,"Here’s What We Know About the Cause of Navalny’s Reported Death The Russian authorities have issued sparse details of what they said happened to Aleksei A. Navalny, the opposition leader who they announced had died in prison. The Russian authorities have issued sparse details of what they said happened to Aleksei A. Navalny, the opposition leader who they announced had died in prison."
"In a surprise address in Munich, Yulia Navalnaya said that if her husband, Aleksei A. Navalny, was dead, President Vladimir V. Putin of Russia would “bear responsibility,” and she called on the world to “defeat this evil.”",article,nyt://article/a3840dba-d1c7-5aaa-ba8f-c41eae0dd629,"[{'name': 'Person', 'value': 'Navalny, Aleksei A', 'rank': 1}, {'name': 'Location', 'value': 'Russia', 'rank': 2}, {'name': 'Person', 'value': 'Putin, Vladimir V', 'rank': 3}, {'name': 'Location', 'value': 'Munich (Germany)', 'rank': 4}]",Foreign,8.0,A,2024-02-16 15:19:51+00:00,World,"In a surprise address in Munich, Yulia Navalnaya said that if her husband, Aleksei A. Navalny, was dead, President Vladimir V. Putin of Russia would “bear responsibility,” and she called on the world to “defeat this evil.”",The New York Times,Europe,News,nyt://article/a3840dba-d1c7-5aaa-ba8f-c41eae0dd629,https://www.nytimes.com/2024/02/16/world/europe/aleksei-navalny-wife-munich.html,1190,By Peter Baker,Navalny’s Wife Makes Dramatic Appearance After Reports of His Death,,Putin’s Rule Is Denounced By the Wife Of Navalny,,"Sven Hoppe/DPA, via Associated Press",https://static01.nyt.com/images/2024/02/16/multimedia/16dc-munich-promo-vpth/16dc-munich-promo-vpth-articleLarge.jpg,376,600,https://static01.nyt.com/images/2024/02/16/multimedia/16dc-munich-promo-vpth/16dc-munich-promo-vpth-thumbStandard.jpg,75,75,Navalny’s Wife Makes Dramatic Appearance After Reports of His Death,"Navalny’s Wife Makes Dramatic Appearance After Reports of His Death In a surprise address in Munich, Yulia Navalnaya said that if her husband, Aleksei A. Navalny, was dead, President Vladimir V. Putin of Russia would “bear responsibility,” and she called on the world to “defeat this evil.” In a surprise address in Munich, Yulia Navalnaya said that if her husband, Aleksei A. Navalny, was dead, President Vladimir V. Putin of Russia would “bear responsibility,” and she called on the world to “defeat this evil.”"
,article,nyt://article/c202fa9b-74fd-542a-b88e-a0ee52a0032d,[],Foreign,,,2024-02-16 13:48:35+00:00,World,,The New York Times,Europe,Live Blog Post,nyt://article/c202fa9b-74fd-542a-b88e-a0ee52a0032d,https://www.nytimes.com/live/2024/02/16/world/aleksei-navalny/reports-of-navalnys-death-came-as-his-wife-met-with-world-leaders-in-munich,420,By Peter Baker,Reports of Navalny’s death came as his wife met with world leaders in Munich.,,,"Yulia Navalnaya with her husband, Alexei Navalny, at a rally in Moscow in 2013.",Evgeny Feldman/Associated Press,https://static01.nyt.com/images/2024/02/16/multimedia/16navalny-wife-chwf/16navalny-wife-chwf-articleLarge.jpg,400,600,https://static01.nyt.com/images/2024/02/16/multimedia/16navalny-wife-chwf/16navalny-wife-chwf-thumbStandard.jpg,75,75,Reports of Navalny’s death came as his wife met with world leaders in Munich.,Reports of Navalny’s death came as his wife met with world leaders in Munich.
,article,nyt://article/4c2e310c-0a6c-5423-b299-64a217959bbb,[],Foreign,,,2024-02-16 13:22:27+00:00,World,,The New York Times,Middle East,Live Blog Post,nyt://article/4c2e310c-0a6c-5423-b299-64a217959bbb,https://www.nytimes.com/live/2024/02/16/world/israel-hamas-war-gaza-news/the-who-requests-access-to-nasser-hospital-amid-deeply-alarming-reports-from-inside,268,By Nick Cumming-Bruce,The W.H.O. requests access to Nasser hospital amid ‘deeply alarming’ reports from inside.,,,An Israeli helicopter flying over Khan Younis on Thursday.,Mohammed Dahman/Associated Press,https://static01.nyt.com/images/2024/02/15/multimedia/16mideast-crisis-nasser-who/15mideast-crisis-carousel-pfkw-articleLarge.jpg,400,600,https://static01.nyt.com/images/2024/02/15/multimedia/16mideast-crisis-nasser-who/15mideast-crisis-carousel-pfkw-thumbStandard.jpg,75,75,The W.H.O. requests access to Nasser hospital amid ‘deeply alarming’ reports from inside.,The W.H.O. requests access to Nasser hospital amid ‘deeply alarming’ reports from inside.
Some family members of the hostages still in Gaza criticized any such decision and protested outside the homes of Israeli officials.,article,nyt://article/db13cccd-2349-5b21-b4f7-a8d524a5b4b7,"[{'name': 'Subject', 'value': 'Israel-Gaza War (2023- )', 'rank': 1}, {'name': 'Person', 'value': 'Netanyahu, Benjamin', 'rank': 2}, {'name': 'Subject', 'value': 'Peace Process', 'rank': 3}, {'name': 'Location', 'value': 'Israel', 'rank': 4}, {'name': 'Subject', 'value': 'Defense and Military Forces', 'rank': 5}, {'name': 'Subject', 'value': 'Kidnapping and Hostages', 'rank': 6}, {'name': 'Location', 'value': 'Gaza Strip', 'rank': 7}, {'name': 'Organization', 'value': 'Hamas', 'rank': 8}, {'name': 'Subject', 'value': 'Terrorism', 'rank': 9}, {'name': 'Subject', 'value': 'Palestinians', 'rank': 10}, {'name': 'Subject', 'value': 'International Relations', 'rank': 11}]",Foreign,,,2024-02-14 20:54:46+00:00,World,Some family members of the hostages still in Gaza criticized any such decision and protested outside the homes of Israeli officials.,The New York Times,Middle East,News,nyt://article/db13cccd-2349-5b21-b4f7-a8d524a5b4b7,https://www.nytimes.com/2024/02/14/world/middleeast/israel-egypt-netanyahu-negotiate.html,451,By Johnatan Reiss and Gaya Gupta,Israeli Media Report Netanyahu Has Pulled Out of Gaza Cease-Fire Talks,,,Photos of Israelis taken hostage on Oct. 7 hanging from a bridge in Tel Aviv on Wednesday.,Susana Vera/Reuters,https://static01.nyt.com/images/2024/02/14/multimedia/14mideast-crisis-netanyahu-talks-hostage-families-zmtj/14mideast-crisis-netanyahu-talks-hostage-families-zmtj-articleLarge.jpg,400,600,https://static01.nyt.com/images/2024/02/14/multimedia/14mideast-crisis-netanyahu-talks-hostage-families-zmtj/14mideast-crisis-netanyahu-talks-hostage-families-zmtj-thumbStandard.jpg,75,75,Israeli Media Report Netanyahu Has Pulled Out of Gaza Cease-Fire Talks,Israeli Media Report Netanyahu Has Pulled Out of Gaza Cease-Fire Talks Some family members of the hostages still in Gaza criticized any such decision and protested outside the homes of Israeli officials. Some family members of the hostages still in Gaza criticized any such decision and protested outside the homes of Israeli officials.
,article,nyt://article/17fb3360-8d79-5c2b-93d4-4d2de5c25159,[],Washington,,,2024-02-13 22:49:41+00:00,World,,The New York Times,Middle East,Live Blog Post,nyt://article/17fb3360-8d79-5c2b-93d4-4d2de5c25159,https://www.nytimes.com/live/2024/02/14/world/israel-hamas-war-gaza-news/the-state-department-is-assessing-reports-of-civilian-harm-in-gaza-from-us-made-arms,354,By Michael Crowley,The State Department is assessing reports of civilian harm in Gaza from U.S.-made arms.,,,,,,0,0,,0,0,The State Department is assessing reports of civilian harm in Gaza from U.S.-made arms.,The State Department is assessing reports of civilian harm in Gaza from U.S.-made arms.
A team from the United Nations has arrived in Israel to examine multiple reports of sexual violence during the Hamas-led attack.,article,nyt://article/56f3b2dd-6d6c-52ba-8c86-a391e3dfe60e,"[{'name': 'Subject', 'value': 'Sex Crimes', 'rank': 1}, {'name': 'Subject', 'value': 'Israel-Gaza War (2023- )', 'rank': 2}, {'name': 'Subject', 'value': 'Terrorism', 'rank': 3}, {'name': 'Subject', 'value': 'Civilian Casualties', 'rank': 4}, {'name': 'Organization', 'value': 'Hamas', 'rank': 5}, {'name': 'Organization', 'value': 'New York Times', 'rank': 6}, {'name': 'Location', 'value': 'Israel', 'rank': 7}]",Foreign,10.0,A,2024-01-29 19:21:42+00:00,World,A team from the United Nations has arrived in Israel to examine multiple reports of sexual violence during the Hamas-led attack.,The New York Times,Middle East,News,nyt://article/56f3b2dd-6d6c-52ba-8c86-a391e3dfe60e,https://www.nytimes.com/2024/01/29/world/middleeast/israel-hamas-sexual-violence-un.html,1597,"By Jeffrey Gettleman, Anat Schwartz and Adam Sella",U.N. to Study Reports of Sexual Violence in Israel During Oct. 7 Attack,,U.N. Team Arrives in Israel to Study Reports of Sexual Violence,The site of the rave in southern Israel near where witnesses reported seeing rapes on Oct. 7.,Sergey Ponomarev for The New York Times,https://static01.nyt.com/images/2024/01/29/multimedia/00israel-sexualviolence-01-cfjk/00israel-sexualviolence-01-cfjk-articleLarge.jpg,400,600,https://static01.nyt.com/images/2024/01/29/multimedia/00israel-sexualviolence-01-cfjk/00israel-sexualviolence-01-cfjk-thumbStandard.jpg,75,75,U.N. to Study Reports of Sexual Violence in Israel During Oct. 7 Attack,U.N. to Study Reports of Sexual Violence in Israel During Oct. 7 Attack A team from the United Nations has arrived in Israel to examine multiple reports of sexual violence during the Hamas-led attack. A team from the United Nations has arrived in Israel to examine multiple reports of sexual violence during the Hamas-led attack.
"The report found that American officials and diplomats had failed to quickly or fully account for all of the nearly 40,000 weapons sent to the front.",article,nyt://article/0aad87bb-d2a4-5594-9383-5a5c584fa50a,"[{'name': 'Subject', 'value': 'United States Defense and Military Forces', 'rank': 1}, {'name': 'Organization', 'value': 'Defense Department', 'rank': 2}, {'name': 'Location', 'value': 'Ukraine', 'rank': 3}, {'name': 'Subject', 'value': 'Russian Invasion of Ukraine (2022)', 'rank': 4}, {'name': 'Location', 'value': 'Russia', 'rank': 5}, {'name': 'Subject', 'value': 'Arms Trade', 'rank': 6}]",Foreign,10.0,A,2024-01-11 14:38:31+00:00,World,"The report found that American officials and diplomats had failed to quickly or fully account for all of the nearly 40,000 weapons sent to the front.",The New York Times,Europe,News,nyt://article/0aad87bb-d2a4-5594-9383-5a5c584fa50a,https://www.nytimes.com/2024/01/11/world/europe/us-military-aid-ukraine.html,1146,By Lara Jakes,"U.S. Military Aid to Ukraine Was Poorly Tracked, Pentagon Report Says",,"Aid to Ukraine Was Poorly Tracked, Pentagon Report Says","A Ukrainian infantry officer firing a rocket-propelled grenade toward Russian positions near Marinka, in eastern Ukraine, in May.",Finbarr O'Reilly for The New York Times,https://static01.nyt.com/images/2024/01/11/multimedia/11ukraine-weapons-report-vlmz/11ukraine-weapons-report-vlmz-articleLarge.jpg,400,600,https://static01.nyt.com/images/2024/01/11/multimedia/11ukraine-weapons-report-vlmz/11ukraine-weapons-report-vlmz-thumbStandard.jpg,75,75,"U.S. Military Aid to Ukraine Was Poorly Tracked, Pentagon Report Says","U.S. Military Aid to Ukraine Was Poorly Tracked, Pentagon Report Says The report found that American officials and diplomats had failed to quickly or fully account for all of the nearly 40,000 weapons sent to the front. The report found that American officials and diplomats had failed to quickly or fully account for all of the nearly 40,000 weapons sent to the front."
"The official accepted Israel’s invitation and is expected to go there soon, the foreign ministry said. Hamas has denied that its fighters committed sex crimes during the Oct. 7 attacks.",article,nyt://article/ede3189c-05a5-5625-b9f8-1eb54527ef0a,"[{'name': 'Subject', 'value': 'Israel-Gaza War (2023- )', 'rank': 1}, {'name': 'Subject', 'value': 'Sex Crimes', 'rank': 2}, {'name': 'Subject', 'value': 'War Crimes, Genocide and Crimes Against Humanity', 'rank': 3}, {'name': 'Organization', 'value': 'Hamas', 'rank': 4}, {'name': 'Organization', 'value': 'United Nations', 'rank': 5}, {'name': 'Location', 'value': 'Israel', 'rank': 6}]",Foreign,9.0,A,2024-01-10 10:09:50+00:00,World,"The official accepted Israel’s invitation and is expected to go there soon, the foreign ministry said. Hamas has denied that its fighters committed sex crimes during the Oct. 7 attacks.",The New York Times,Middle East,News,nyt://article/ede3189c-05a5-5625-b9f8-1eb54527ef0a,https://www.nytimes.com/2024/01/10/world/middleeast/israel-hamas-sex-crimes.html,508,By Adam Sella,"U.N. Expert Will Investigate Reports of Sex Crimes by Hamas, Israel Says",,U.N. Inquiry  Is Scheduled  On Charges  Of Sex Crimes,The site of a music festival overrun by Hamas militants during an attack on Oct. 7.,Sergey Ponomarev for The New York Times,https://static01.nyt.com/images/2023/12/14/multimedia/09israel-hamas-un-sexual-violence/00israel-sexual-violence-07-gphq-articleLarge.jpg,400,600,https://static01.nyt.com/images/2023/12/14/multimedia/09israel-hamas-un-sexual-violence/00israel-sexual-violence-07-gphq-thumbStandard.jpg,75,75,"U.N. Expert Will Investigate Reports of Sex Crimes by Hamas, Israel Says","U.N. Expert Will Investigate Reports of Sex Crimes by Hamas, Israel Says The official accepted Israel’s invitation and is expected to go there soon, the foreign ministry said. Hamas has denied that its fighters committed sex crimes during the Oct. 7 attacks. The official accepted Israel’s invitation and is expected to go there soon, the foreign ministry said. Hamas has denied that its fighters committed sex crimes during the Oct. 7 attacks."
"She helped save General Eisenhower’s invasion from potential disaster, enabling the Allies to gain a foothold in France that was essential to victory in World War II.",article,nyt://article/1f56a7f3-23fd-5317-813e-ab07ae32185d,"[{'name': 'Person', 'value': 'Sweeney, Maureen (1923-2023)', 'rank': 1}, {'name': 'Subject', 'value': 'Deaths (Obituaries)', 'rank': 2}, {'name': 'Subject', 'value': 'World War II (1939-45)', 'rank': 3}, {'name': 'Subject', 'value': 'Weather', 'rank': 4}, {'name': 'Keyword', 'value': 'D-Day', 'rank': 5}, {'name': 'Person', 'value': 'Eisenhower, Dwight David', 'rank': 6}, {'name': 'Location', 'value': 'Normandy (France)', 'rank': 7}, {'name': 'Location', 'value': 'Ireland', 'rank': 8}]",Obits,9.0,B,2024-01-02 20:33:26+00:00,World,"She helped save General Eisenhower’s invasion from potential disaster, enabling the Allies to gain a foothold in France that was essential to victory in World War II.",The New York Times,Europe,Obituary (Obit),nyt://article/1f56a7f3-23fd-5317-813e-ab07ae32185d,https://www.nytimes.com/2024/01/02/world/europe/maureen-sweeney-dead.html,1095,By Alex Traub,Maureen Flavin Sweeney Dies at 100; Her Weather Report Delayed D-Day,,"Maureen Sweeney, Whose Weather Report Saved D-Day, Dies at 100","Maureen Flavin Sweeney became part of World War II lore after her weather report persuaded commanders to delay the D-Day invasion for 24 hours. She is pictured with her husband, Ted, on their wedding day in 1946.",via Fergus Sweeney,https://static01.nyt.com/images/2024/01/03/multimedia/00sweeney-02-gzpm-print1/00sweeney-02-gzpm-articleLarge.jpg,846,600,https://static01.nyt.com/images/2024/01/03/multimedia/00sweeney-02-gzpm-print1/00sweeney-02-gzpm-thumbStandard.jpg,75,75,Maureen Flavin Sweeney Dies at 100; Her Weather Report Delayed D-Day,"Maureen Flavin Sweeney Dies at 100; Her Weather Report Delayed D-Day She helped save General Eisenhower’s invasion from potential disaster, enabling the Allies to gain a foothold in France that was essential to victory in World War II. She helped save General Eisenhower’s invasion from potential disaster, enabling the Allies to gain a foothold in France that was essential to victory in World War II."
"To curb gang killings and a rise in homicides, the measure empowers the military to make arrests and allows the authorities to enter suspects’ homes without warrants and deny them bail.",article,nyt://article/f2fd18f7-5fd4-5d89-81ae-4f26626c38d0,"[{'name': 'Location', 'value': 'Trinidad and Tobago', 'rank': 1}, {'name': 'Subject', 'value': 'Crime and Criminals', 'rank': 2}, {'name': 'Subject', 'value': 'Gangs', 'rank': 3}, {'name': 'Subject', 'value': 'Murders, Attempted Murders and Homicides', 'rank': 4}, {'name': 'Subject', 'value': 'Arms Trade', 'rank': 5}, {'name': 'Subject', 'value': 'United States International Relations', 'rank': 6}, {'name': 'Subject', 'value': 'International Relations', 'rank': 7}, {'name': 'Subject', 'value': 'Defense and Military Forces', 'rank': 8}]",Foreign,7.0,A,2024-12-30 22:15:00+00:00,World,"To curb gang killings and a rise in homicides, the measure empowers the military to make arrests and allows the authorities to enter suspects’ homes without warrants and deny them bail.",The New York Times,Americas,News,nyt://article/f2fd18f7-5fd4-5d89-81ae-4f26626c38d0,https://www.nytimes.com/2024/12/30/world/americas/trinidad-and-tobago-emergency-crime.html,873,By Frances Robles and Prior Beharry,Trinidad and Tobago Declares State of Emergency Over Rising Crime,,Trinidad and Tobago Declares State of Emergency Over Rising Crime,"Acting Attorney General Stuart Young, left, and National Security Minister Fitzgerald Hinds announced the state of emergency in Port of Spain, Trinidad and Tobago, on Monday.",Andrea De Silva/Reuters,https://static01.nyt.com/images/2024/12/30/multimedia/30trinidad-crime-1-wvhk/30trinidad-crime-1-wvhk-articleLarge.jpg,400,600,https://static01.nyt.com/images/2024/12/30/multimedia/30trinidad-crime-1-wvhk/30trinidad-crime-1-wvhk-thumbStandard.jpg,75,75,Trinidad and Tobago Declares State of Emergency Over Rising Crime,"Trinidad and Tobago Declares State of Emergency Over Rising Crime To curb gang killings and a rise in homicides, the measure empowers the military to make arrests and allows the authorities to enter suspects’ homes without warrants and deny them bail. To curb gang killings and a rise in homicides, the measure empowers the military to make arrests and allows the authorities to enter suspects’ homes without warrants and deny them bail."
,article,nyt://article/3966f517-2abd-528f-ac0a-20075c87862c,[],Foreign,,,2024-12-16 19:49:57+00:00,World,,The New York Times,Middle East,Live Blog Post,nyt://article/3966f517-2abd-528f-ac0a-20075c87862c,https://www.nytimes.com/live/2024/12/16/world/syria-assad-rebels-news/the-us-military-says-its-airstrikes-killed-12-islamic-state-operatives-in-syria,283,By Eve Sampson,The U.S. military says its airstrikes killed 12 Islamic State operatives in Syria.,,,,,,0,0,,0,0,The U.S. military says its airstrikes killed 12 Islamic State operatives in Syria.,The U.S. military says its airstrikes killed 12 Islamic State operatives in Syria.
,article,nyt://article/7d4f509a-ecb6-527b-acce-da7e3258d8cc,[],Foreign,,,2024-12-11 14:35:03+00:00,World,,The New York Times,Middle East,Live Blog Post,nyt://article/7d4f509a-ecb6-527b-acce-da7e3258d8cc,https://www.nytimes.com/live/2024/12/11/world/syria-news-assad-rebels/blinken-will-travel-to-jordan-and-turkey-the-state-department-says,208,By Michael Crowley,"Blinken will travel to Jordan and Turkey, the State Department says.",,,Secretary of State Antony J. Blinken plans to press his hosts for help in ensuring a transition to an “accountable and representative” new Syrian government.,Bonnie Cash for The New York Times,https://static01.nyt.com/images/2024/12/11/multimedia/11syria-blinken-wqvc/11syria-blinken-wqvc-articleLarge.jpg,400,600,https://static01.nyt.com/images/2024/12/11/multimedia/11syria-blinken-wqvc/11syria-blinken-wqvc-thumbStandard.jpg,75,75,"Blinken will travel to Jordan and Turkey, the State Department says.","Blinken will travel to Jordan and Turkey, the State Department says."
The president-elect’s mockery of Canada and its leader is the latest salvo after his promise to impose steep tariffs on Canadian exports.,article,nyt://article/4e76384d-764d-55e5-bd22-9009d4148189,"[{'name': 'Subject', 'value': 'Protectionism (Trade)', 'rank': 1}, {'name': 'Subject', 'value': 'United States International Relations', 'rank': 2}, {'name': 'Subject', 'value': 'Customs (Tariff)', 'rank': 3}, {'name': 'Subject', 'value': 'Politics and Government', 'rank': 4}, {'name': 'Subject', 'value': 'Illegal Immigration', 'rank': 5}, {'name': 'Organization', 'value': 'Mar-a-Lago (Palm Beach, Fla)', 'rank': 6}, {'name': 'Person', 'value': 'Sheinbaum, Claudia', 'rank': 7}, {'name': 'Person', 'value': 'Trudeau, Justin', 'rank': 8}, {'name': 'Person', 'value': 'Trump, Donald J', 'rank': 9}, {'name': 'Location', 'value': 'Canada', 'rank': 10}, {'name': 'Location', 'value': 'Mexico', 'rank': 11}, {'name': 'Location', 'value': 'United States', 'rank': 12}]",Foreign,,,2024-12-10 16:37:02+00:00,World,The president-elect’s mockery of Canada and its leader is the latest salvo after his promise to impose steep tariffs on Canadian exports.,The New York Times,Canada,News,nyt://article/4e76384d-764d-55e5-bd22-9009d4148189,https://www.nytimes.com/2024/12/10/world/canada/trump-trudeau-canada-tariffs.html,691,By Ian Austen,Trump Calls Trudeau the ‘Governor’ of ‘The Great State of Canada’,,,President-elect Donald Trump listening during a meeting in 2019 with Prime Minister Justin Trudeau of Canada.,Al Drago for The New York Times,https://static01.nyt.com/images/2024/12/10/multimedia/10canada-trump-trudeau-lbvc/10canada-trump-trudeau-lbvc-articleLarge.jpg,400,600,https://static01.nyt.com/images/2024/12/10/multimedia/10canada-trump-trudeau-lbvc/10canada-trump-trudeau-lbvc-thumbStandard.jpg,75,75,Trump Calls Trudeau the ‘Governor’ of ‘The Great State of Canada’,Trump Calls Trudeau the ‘Governor’ of ‘The Great State of Canada’ The president-elect’s mockery of Canada and its leader is the latest salvo after his promise to impose steep tariffs on Canadian exports. The president-elect’s mockery of Canada and its leader is the latest salvo after his promise to impose steep tariffs on Canadian exports.
,article,nyt://article/e80fa151-f0de-565f-b6b0-37e5c925ca37,[],Foreign,,,2024-12-08 12:54:56+00:00,World,,The New York Times,Middle East,Live Blog Post,nyt://article/e80fa151-f0de-565f-b6b0-37e5c925ca37,https://www.nytimes.com/live/2024/12/08/world/syria-war-damascus/the-location-of-bashar-al-assad-remains-unclear,271,"By Farnaz Fassihi, Eric Schmitt and Aaron Boxerman","Bashar al-Assad is in Russia seeking refuge, state media outlets there say.",,,"Demonstrators outside the Syrian Consulate in Istanbul on Sunday. The photo is of Syria’s ousted president, Bashar al-Assad.",Kemal Aslan/Agence France-Presse — Getty Images,https://static01.nyt.com/images/2024/12/08/multimedia/08syria-assad-001-hbmt/08syria-assad-001-hbmt-articleLarge.jpg,400,600,https://static01.nyt.com/images/2024/12/08/multimedia/08syria-assad-001-hbmt/08syria-assad-001-hbmt-thumbStandard.jpg,75,75,"Bashar al-Assad is in Russia seeking refuge, state media outlets there say.","Bashar al-Assad is in Russia seeking refuge, state media outlets there say."
"While support for Vladimir V. Putin’s threats resounded in pro-war venues, some Russians reacted with worry, gallows humor and apathy to the suggestions of striking the West and using nuclear weapons.",article,nyt://article/b9814195-af15-502b-b52a-bd27fc4f82ac,"[{'name': 'Subject', 'value': 'Missiles and Missile Defense Systems', 'rank': 1}, {'name': 'Subject', 'value': 'Russian Invasion of Ukraine (2022)', 'rank': 2}, {'name': 'Subject', 'value': 'Nuclear Weapons', 'rank': 3}, {'name': 'Subject', 'value': 'Polls and Public Opinion', 'rank': 4}, {'name': 'Subject', 'value': 'Social Media', 'rank': 5}, {'name': 'Subject', 'value': 'Threats and Threatening Messages', 'rank': 6}, {'name': 'Organization', 'value': 'Levada Center', 'rank': 7}, {'name': 'Organization', 'value': 'RIA Novosti', 'rank': 8}, {'name': 'Organization', 'value': 'Telegram LLC', 'rank': 9}, {'name': 'Organization', 'value': 'Vkontakte Ltd', 'rank': 10}, {'name': 'Organization', 'value': 'X (Formerly Twitter)', 'rank': 11}, {'name': 'Person', 'value': 'Putin, Vladimir V', 'rank': 12}, {'name': 'Person', 'value': 'Sobchak, Kseniya', 'rank': 13}, {'name': 'Location', 'value': 'Russia', 'rank': 14}, {'name': 'Location', 'value': 'Ukraine', 'rank': 15}]",Foreign,14.0,A,2024-11-23 10:03:42+00:00,World,"While support for Vladimir V. Putin’s threats resounded in pro-war venues, some Russians reacted with worry, gallows humor and apathy to the suggestions of striking the West and using nuclear weapons.",The New York Times,Europe,News,nyt://article/b9814195-af15-502b-b52a-bd27fc4f82ac,https://www.nytimes.com/2024/11/23/world/europe/russia-missile-threat-reactions.html,1226,By Nataliya Vasilyeva and Valerie Hopkins,"With Memes and in State Media, Many Russians Cheer on Putin’s Threats",,You-Tell-’em Reception  For Putin’s New Threats  At Ukraine and the West,"A photograph released by Russian state media showing President Vladimir V. Putin during a televised address to the nation on Thursday, saying that the country’s forces had hit Ukraine with a new midrange ballistic missile.",Vyacheslav Prokofyev/Sputnik,https://static01.nyt.com/images/2024/11/23/multimedia/23russia-react-03-lkpf/23russia-react-03-lkpf-articleLarge.jpg,396,600,https://static01.nyt.com/images/2024/11/23/multimedia/23russia-react-03-lkpf/23russia-react-03-lkpf-thumbStandard.jpg,75,75,"With Memes and in State Media, Many Russians Cheer on Putin’s Threats","With Memes and in State Media, Many Russians Cheer on Putin’s Threats While support for Vladimir V. Putin’s threats resounded in pro-war venues, some Russians reacted with worry, gallows humor and apathy to the suggestions of striking the West and using nuclear weapons. While support for Vladimir V. Putin’s threats resounded in pro-war venues, some Russians reacted with worry, gallows humor and apathy to the suggestions of striking the West and using nuclear weapons."
"Airstrikes on Monday targeted people who the military said were senior leaders of the group, which has sharply stepped up its attacks in Iraq and Syria.",article,nyt://article/aeac8098-c898-5e2b-af9f-6dcc4bcb04c4,"[{'name': 'Subject', 'value': 'Terrorism', 'rank': 1}, {'name': 'Subject', 'value': 'United States Defense and Military Forces', 'rank': 2}, {'name': 'Subject', 'value': 'Iran-Israel Proxy Conflict', 'rank': 3}, {'name': 'Organization', 'value': 'Islamic State in Iraq and Syria (ISIS)', 'rank': 4}, {'name': 'Organization', 'value': 'United States Central Command', 'rank': 5}, {'name': 'Location', 'value': 'Syria', 'rank': 6}, {'name': 'Location', 'value': 'Iraq', 'rank': 7}]",Foreign,10.0,A,2024-10-30 18:40:22+00:00,World,"Airstrikes on Monday targeted people who the military said were senior leaders of the group, which has sharply stepped up its attacks in Iraq and Syria.",The New York Times,Middle East,News,nyt://article/aeac8098-c898-5e2b-af9f-6dcc4bcb04c4,https://www.nytimes.com/2024/10/30/world/middleeast/islamic-state-airstrikes-syria.html,497,By Eve Sampson,U.S. Military Says It Killed Up to 35 Islamic State Militants in Syria,,U.S. Announces  Strikes Killing  ISIS Members  In Syria Camps,U.S. forces patrolling in Syria last month.,Delil Souleiman/Agence France-Presse — Getty Images,https://static01.nyt.com/images/2024/10/30/multimedia/30syria-isis-1-mphz/30syria-isis-1-mphz-articleLarge.jpg,400,600,https://static01.nyt.com/images/2024/10/30/multimedia/30syria-isis-1-mphz/30syria-isis-1-mphz-thumbStandard.jpg,75,75,U.S. Military Says It Killed Up to 35 Islamic State Militants in Syria,"U.S. Military Says It Killed Up to 35 Islamic State Militants in Syria Airstrikes on Monday targeted people who the military said were senior leaders of the group, which has sharply stepped up its attacks in Iraq and Syria. Airstrikes on Monday targeted people who the military said were senior leaders of the group, which has sharply stepped up its attacks in Iraq and Syria."
Explosions woke Iranians up and rattled their windows as strikes targeted sites in at least three provinces.,article,nyt://article/2e64becc-6038-5982-b461-111a868fa1b5,"[{'name': 'Subject', 'value': 'Defense and Military Forces', 'rank': 1}, {'name': 'Subject', 'value': 'Iran-Israel Proxy Conflict', 'rank': 2}, {'name': 'Subject', 'value': 'Military Bases and Installations', 'rank': 3}, {'name': 'Subject', 'value': 'Missiles and Missile Defense Systems', 'rank': 4}, {'name': 'Location', 'value': 'Iran', 'rank': 5}, {'name': 'Location', 'value': 'Israel', 'rank': 6}, {'name': 'Location', 'value': 'Middle East', 'rank': 7}, {'name': 'Location', 'value': 'Tehran (Iran)', 'rank': 8}]",Foreign,,,2024-10-26 08:28:28+00:00,World,Explosions woke Iranians up and rattled their windows as strikes targeted sites in at least three provinces.,The New York Times,Middle East,News,nyt://article/2e64becc-6038-5982-b461-111a868fa1b5,https://www.nytimes.com/2024/10/26/world/middleeast/irans-state-media-plays-down-israeli-attacks.html,570,By Farnaz Fassihi,Iran’s State Media Plays Down Israeli Attacks,,,A view of Tehran early on Saturday.,Arash Khamooshi for The New York Times,https://static01.nyt.com/images/2024/10/26/multimedia/26mideast-carousel-kpwb/26mideast-carousel-kpwb-articleLarge.jpg,400,600,https://static01.nyt.com/images/2024/10/26/multimedia/26mideast-carousel-kpwb/26mideast-carousel-kpwb-thumbStandard-v2.jpg,75,75,Iran’s State Media Plays Down Israeli Attacks,Iran’s State Media Plays Down Israeli Attacks Explosions woke Iranians up and rattled their windows as strikes targeted sites in at least three provinces. Explosions woke Iranians up and rattled their windows as strikes targeted sites in at least three provinces.
"A two-state solution remains the goal of the United States and the West, but many in the region say the devastation in Gaza and the lack of effective Palestinian leadership make it a remote prospect.",article,nyt://article/2459ae39-c03b-572d-8cd8-1606139f085b,"[{'name': 'Subject', 'value': 'International Relations', 'rank': 1}, {'name': 'Subject', 'value': 'Israel-Gaza War (2023- )', 'rank': 2}, {'name': 'Subject', 'value': 'Palestinians', 'rank': 3}, {'name': 'Subject', 'value': 'Politics and Government', 'rank': 4}, {'name': 'Organization', 'value': 'Hamas', 'rank': 5}, {'name': 'Organization', 'value': 'Palestinian Authority', 'rank': 6}, {'name': 'Person', 'value': 'Abbas, Mahmoud', 'rank': 7}, {'name': 'Person', 'value': 'Biden, Joseph R Jr', 'rank': 8}, {'name': 'Person', 'value': 'Fayyad, Salam', 'rank': 9}, {'name': 'Person', 'value': 'Sinwar, Yehya', 'rank': 10}, {'name': 'Location', 'value': 'Gaza Strip', 'rank': 11}, {'name': 'Location', 'value': 'Israel', 'rank': 12}, {'name': 'Location', 'value': 'West Bank', 'rank': 13}]",Foreign,10.0,A,2024-10-21 12:31:21+00:00,World,"A two-state solution remains the goal of the United States and the West, but many in the region say the devastation in Gaza and the lack of effective Palestinian leadership make it a remote prospect.",The New York Times,Middle East,News,nyt://article/2459ae39-c03b-572d-8cd8-1606139f085b,https://www.nytimes.com/2024/10/21/world/middleeast/sinwar-dead-palestinian-state.html,1083,By Steven Erlanger,"Sinwar Is Dead, but a Palestinian State Seems More Distant Than Ever",News Analysis,The Dream of a Palestinian State Seems More Distant Than Ever,"In Tulkarm, in the Israeli occupied West Bank, in September. The stated Western goal of an independent Palestinian state looks more fanciful than ever, analysts say.",Sergey Ponomarev for The New York Times,https://static01.nyt.com/images/2024/10/21/multimedia/21palestinian-state-01-qgzk/21palestinian-state-01-qgzk-articleLarge.jpg,400,600,https://static01.nyt.com/images/2024/10/21/multimedia/21palestinian-state-01-qgzk/21palestinian-state-01-qgzk-thumbStandard.jpg,75,75,"Sinwar Is Dead, but a Palestinian State Seems More Distant Than Ever","Sinwar Is Dead, but a Palestinian State Seems More Distant Than Ever A two-state solution remains the goal of the United States and the West, but many in the region say the devastation in Gaza and the lack of effective Palestinian leadership make it a remote prospect. A two-state solution remains the goal of the United States and the West, but many in the region say the devastation in Gaza and the lack of effective Palestinian leadership make it a remote prospect."
"Three Israeli human rights groups in early June, following the closure of the Rafah border crossing between Gaza and Egypt",article,nyt://article/45461210-c46c-5056-9f3b-0038f3f52058,"[{'name': 'Subject', 'value': 'Evacuations and Evacuees', 'rank': 1}, {'name': 'Subject', 'value': 'Israel-Gaza War (2023- )', 'rank': 2}, {'name': 'Subject', 'value': 'Medicine and Health', 'rank': 3}, {'name': 'Subject', 'value': 'Human Rights and Human Rights Violations', 'rank': 4}, {'name': 'Subject', 'value': 'Civilian Casualties', 'rank': 5}, {'name': 'Organization', 'value': 'Supreme Court of Israel', 'rank': 6}, {'name': 'Organization', 'value': 'Physicians for Human Rights', 'rank': 7}, {'name': 'Location', 'value': 'Gaza Strip', 'rank': 8}, {'name': 'Location', 'value': 'Israel', 'rank': 9}, {'name': 'Location', 'value': 'Rafah (Gaza Strip)', 'rank': 10}]",Foreign,,,2024-10-15 21:45:40+00:00,World,"Three Israeli human rights groups in early June, following the closure of the Rafah border crossing between Gaza and Egypt",The New York Times,Middle East,News,nyt://article/45461210-c46c-5056-9f3b-0038f3f52058,https://www.nytimes.com/2024/10/15/world/middleeast/israel-gaza-medical-evacuations.html,713,By Ephrat Livni and Johnatan Reiss,Israel’s high court orders the state to explain its system for medical evacuations from Gaza.,,,At least 19 Palestinian children were taken out of Gaza through the Karam Shalom crossing for medical treatment abroad in June.,Mohammed Salem/Reuters,https://static01.nyt.com/images/2024/10/15/multimedia/15mideast-crisis-supreme-court-wlqm/15mideast-crisis-supreme-court-wlqm-articleLarge.jpg,413,600,https://static01.nyt.com/images/2024/10/15/multimedia/15mideast-crisis-supreme-court-wlqm/15mideast-crisis-supreme-court-wlqm-thumbStandard.jpg,75,75,Israel’s high court orders the state to explain its system for medical evacuations from Gaza.,"Israel’s high court orders the state to explain its system for medical evacuations from Gaza. Three Israeli human rights groups in early June, following the closure of the Rafah border crossing between Gaza and Egypt Three Israeli human rights groups in early June, following the closure of the Rafah border crossing between Gaza and Egypt"
"Brig. Gen. Esmail Ghaani, commander of the elite Quds Force, appeared in video footage on Tuesday as Tehran braces for a possible counterstrike by Israel.",article,nyt://article/197ec8c3-506b-52eb-be98-a063ad329460,"[{'name': 'Subject', 'value': 'Defense and Military Forces', 'rank': 1}, {'name': 'Subject', 'value': 'Israel-Gaza War (2023- )', 'rank': 2}, {'name': 'Organization', 'value': 'Islamic Revolutionary Guards Corps', 'rank': 3}, {'name': 'Organization', 'value': 'Quds Force', 'rank': 4}, {'name': 'Organization', 'value': 'Hezbollah', 'rank': 5}, {'name': 'Person', 'value': 'Ghaani, Esmail', 'rank': 6}, {'name': 'Person', 'value': 'Nasrallah, Hassan', 'rank': 7}, {'name': 'Location', 'value': 'Iran', 'rank': 8}, {'name': 'Location', 'value': 'Lebanon', 'rank': 9}, {'name': 'Location', 'value': 'Tehran (Iran)', 'rank': 10}]",Express,,,2024-10-15 08:52:17+00:00,World,"Brig. Gen. Esmail Ghaani, commander of the elite Quds Force, appeared in video footage on Tuesday as Tehran braces for a possible counterstrike by Israel.",The New York Times,Middle East,News,nyt://article/197ec8c3-506b-52eb-be98-a063ad329460,https://www.nytimes.com/2024/10/15/world/middleeast/iran-general-ghaani-hezbollah-israel.html,292,By Qasim Nauman,Iranian General Is Seen in State Media After Questions Over His Whereabouts,,,"Brig. Gen. Esmail Ghaani, the commander of Iran’s Quds Force, at a funeral in Tehran on Tuesday for a senior Iranian Quds commander who was killed in a strike in Lebanon that targeted Hezbollah’s leader. ",Arash Khamooshi for The New York Times,https://static01.nyt.com/images/2024/10/15/multimedia/15mideast-crisis-iran-general-vplw/15mideast-crisis-iran-general-vplw-articleLarge.jpg,400,600,https://static01.nyt.com/images/2024/10/15/multimedia/15mideast-crisis-iran-general-vplw/15mideast-crisis-iran-general-vplw-thumbStandard.jpg,75,75,Iranian General Is Seen in State Media After Questions Over His Whereabouts,"Iranian General Is Seen in State Media After Questions Over His Whereabouts Brig. Gen. Esmail Ghaani, commander of the elite Quds Force, appeared in video footage on Tuesday as Tehran braces for a possible counterstrike by Israel. Brig. Gen. Esmail Ghaani, commander of the elite Quds Force, appeared in video footage on Tuesday as Tehran braces for a possible counterstrike by Israel."
"An explosive deception has ripped apart one of Mexico’s most powerful criminal groups, the Sinaloa cartel, and ignited a war between the rival factions.",article,nyt://article/724431dd-4aa2-520b-8a95-c06e87f0d6f8,"[{'name': 'Subject', 'value': 'Drug Cartels', 'rank': 1}, {'name': 'Organization', 'value': 'Sinaloa Cartel', 'rank': 2}, {'name': 'Subject', 'value': 'Murders, Attempted Murders and Homicides', 'rank': 3}, {'name': 'Location', 'value': 'Sinaloa (Mexico)', 'rank': 4}, {'name': 'Location', 'value': 'Culiacan (Mexico)', 'rank': 5}, {'name': 'Person', 'value': 'Zambada Garcia, Ismael', 'rank': 6}, {'name': 'Person', 'value': 'Guzman Loera, Joaquin', 'rank': 7}, {'name': 'Person', 'value': 'Guzman Lopez, Ovidio', 'rank': 8}, {'name': 'Person', 'value': 'Lopez Obrador, Andres Manuel', 'rank': 9}, {'name': 'Person', 'value': 'Sheinbaum, Claudia', 'rank': 10}, {'name': 'Location', 'value': 'Mexico', 'rank': 11}, {'name': 'Subject', 'value': 'Politics and Government', 'rank': 12}, {'name': 'Subject', 'value': 'Defense and Military Forces', 'rank': 13}]",Foreign,4.0,A,2024-10-08 09:04:46+00:00,World,"An explosive deception has ripped apart one of Mexico’s most powerful criminal groups, the Sinaloa cartel, and ignited a war between the rival factions.",The New York Times,Americas,News,nyt://article/724431dd-4aa2-520b-8a95-c06e87f0d6f8,https://www.nytimes.com/2024/10/08/world/americas/mexico-sinaloa-cartel-war.html,1436,"By Natalie Kitroeff, Paulina Villegas and Meridith Kohut",A Cartel Double-Cross Turns a Mexican State Into a War Zone,,Mexican State Is Paralyzed by Fear in a War Between Cartel Families,"Police guarding a crime scene last month in Culiacán, Mexico.",Meridith Kohut for The New York Times,https://static01.nyt.com/images/2024/10/06/multimedia/06mexico-culiacan-promo/06mexico-culiacan-vplk-articleLarge.jpg,400,600,https://static01.nyt.com/images/2024/10/06/multimedia/06mexico-culiacan-promo/06mexico-culiacan-vplk-thumbStandard.jpg,75,75,A Cartel Double-Cross Turns a Mexican State Into a War Zone,"A Cartel Double-Cross Turns a Mexican State Into a War Zone An explosive deception has ripped apart one of Mexico’s most powerful criminal groups, the Sinaloa cartel, and ignited a war between the rival factions. An explosive deception has ripped apart one of Mexico’s most powerful criminal groups, the Sinaloa cartel, and ignited a war between the rival factions."
President Vladimir Putin is throwing ever more resources at two interlocked priorities: recruiting more soldiers and encouraging bigger families.,article,nyt://article/1be13f47-ce53-5ace-995e-e15b9c1f1ca5,"[{'name': 'Subject', 'value': 'Russian Invasion of Ukraine (2022)', 'rank': 1}, {'name': 'Location', 'value': 'Russia', 'rank': 2}, {'name': 'Person', 'value': 'Putin, Vladimir V', 'rank': 3}, {'name': 'Subject', 'value': 'Politics and Government', 'rank': 4}, {'name': 'Subject', 'value': 'Population', 'rank': 5}, {'name': 'Subject', 'value': 'Birth Rates', 'rank': 6}, {'name': 'Subject', 'value': 'Defense and Military Forces', 'rank': 7}, {'name': 'Subject', 'value': 'Draft and Recruitment (Military)', 'rank': 8}, {'name': 'Location', 'value': 'Ukraine', 'rank': 9}, {'name': 'Subject', 'value': 'International Relations', 'rank': 10}]",Foreign,4.0,A,2024-10-02 09:02:43+00:00,World,President Vladimir Putin is throwing ever more resources at two interlocked priorities: recruiting more soldiers and encouraging bigger families.,The New York Times,Europe,News,nyt://article/1be13f47-ce53-5ace-995e-e15b9c1f1ca5,https://www.nytimes.com/2024/10/02/world/europe/russia-putin-birthrate.html,1337,By Anton Troianovski,"How Russians Serve the State: In Battle, and in Childbirth",,Russians Can Serve the State in Battle or in Childbirth,"A military recruiting poster in Kursk, Russia, in August. President Vladimir V. Putin has ordered the ranks of Russia’s army to increase by 180,000 service members to 1.5 million.",Nanna Heitmann for The New York Times,https://static01.nyt.com/images/2024/10/01/multimedia/00russia-recruitment01-photo-pzvc/00russia-recruitment01-photo-pzvc-articleLarge.jpg,429,600,https://static01.nyt.com/images/2024/10/01/multimedia/00russia-recruitment01-photo-pzvc/00russia-recruitment01-photo-pzvc-thumbStandard.jpg,75,75,"How Russians Serve the State: In Battle, and in Childbirth","How Russians Serve the State: In Battle, and in Childbirth President Vladimir Putin is throwing ever more resources at two interlocked priorities: recruiting more soldiers and encouraging bigger families. President Vladimir Putin is throwing ever more resources at two interlocked priorities: recruiting more soldiers and encouraging bigger families."
"A methane leak set off the explosion, the country’s official media said, and a rescue effort was underway for those believed to be trapped in the mine.",article,nyt://article/f236e824-ba93-544c-9e1d-976295126293,"[{'name': 'Subject', 'value': 'Deaths (Fatalities)', 'rank': 1}, {'name': 'Subject', 'value': 'Mines and Mining', 'rank': 2}, {'name': 'Subject', 'value': 'Methane', 'rank': 3}, {'name': 'Subject', 'value': 'Coal', 'rank': 4}, {'name': 'Location', 'value': 'Iran', 'rank': 5}, {'name': 'Location', 'value': 'Tabas (Iran)', 'rank': 6}, {'name': 'Subject', 'value': 'Explosions (Accidental)', 'rank': 7}, {'name': 'Subject', 'value': 'Rescues', 'rank': 8}]",Foreign,13.0,A,2024-09-22 10:02:08+00:00,World,"A methane leak set off the explosion, the country’s official media said, and a rescue effort was underway for those believed to be trapped in the mine.",The New York Times,Middle East,News,nyt://article/f236e824-ba93-544c-9e1d-976295126293,https://www.nytimes.com/2024/09/22/world/middleeast/iran-explosion-coal-mine-methane.html,288,By Amelia Nierenberg,"Explosion at an Iranian Mine Kills Dozens, State Media Says",,"Mine Explosion Kills Dozens In Iran, With More Trapped",,,,0,0,,0,0,"Explosion at an Iranian Mine Kills Dozens, State Media Says","Explosion at an Iranian Mine Kills Dozens, State Media Says A methane leak set off the explosion, the country’s official media said, and a rescue effort was underway for those believed to be trapped in the mine. A methane leak set off the explosion, the country’s official media said, and a rescue effort was underway for those believed to be trapped in the mine."
"The far right and far left are poised to make significant gains in state voting on Sunday, possibly affecting the stability of the national government in Berlin.",article,nyt://article/82d05c3b-3528-5580-852d-6421b4d1ea46,"[{'name': 'Location', 'value': 'Brandenburg (Germany)', 'rank': 1}, {'name': 'Subject', 'value': 'Right-Wing Extremism and Alt-Right', 'rank': 2}, {'name': 'Subject', 'value': 'Elections', 'rank': 3}, {'name': 'Organization', 'value': 'Alternative for Germany', 'rank': 4}, {'name': 'Organization', 'value': 'Christian Democratic Union (Germany)', 'rank': 5}, {'name': 'Organization', 'value': 'Social Democratic Party (Germany)', 'rank': 6}, {'name': 'Person', 'value': 'Scholz, Olaf (1958- )', 'rank': 7}, {'name': 'Person', 'value': 'Wagenknecht, Sahra (1969- )', 'rank': 8}, {'name': 'Location', 'value': 'Germany', 'rank': 9}]",Foreign,,,2024-09-22 04:01:16+00:00,World,"The far right and far left are poised to make significant gains in state voting on Sunday, possibly affecting the stability of the national government in Berlin.",The New York Times,Europe,News,nyt://article/82d05c3b-3528-5580-852d-6421b4d1ea46,https://www.nytimes.com/2024/09/22/world/europe/germany-election-brandenburg.html,883,By Christopher F. Schuetze,What to Watch For in a Key German State Election,,,"Dietmar Woidke, the governor of the eastern German state of Brandenburg, is one of the most popular members of Chancellor Olaf Scholz’s party, but they have been facing headwinds.",Fabrizio Bensch/Reuters,https://static01.nyt.com/images/2024/09/22/multimedia/22germany-election-explainer01-photo-jblt/22germany-election-explainer01-photo-jblt-articleLarge.jpg,400,600,https://static01.nyt.com/images/2024/09/22/multimedia/22germany-election-explainer01-photo-jblt/22germany-election-explainer01-photo-jblt-thumbStandard.jpg,75,75,What to Watch For in a Key German State Election,"What to Watch For in a Key German State Election The far right and far left are poised to make significant gains in state voting on Sunday, possibly affecting the stability of the national government in Berlin. The far right and far left are poised to make significant gains in state voting on Sunday, possibly affecting the stability of the national government in Berlin."
"Prime Minister Edi Rama says he wants to give members of the Bektashi, a Shiite Sufi order, their own Vatican-style enclave as a way of promoting religious tolerance.",article,nyt://article/10fad6f0-3d46-58ea-993f-e72f0a7b493b,"[{'name': 'Subject', 'value': 'Politics and Government', 'rank': 1}, {'name': 'Subject', 'value': 'International Relations', 'rank': 2}, {'name': 'Subject', 'value': 'Muslims and Islam', 'rank': 3}, {'name': 'Subject', 'value': 'Sufism (Religion)', 'rank': 4}, {'name': 'Person', 'value': 'Rama, Edi', 'rank': 5}, {'name': 'Location', 'value': 'Albania', 'rank': 6}, {'name': 'Location', 'value': 'Tirana (Albania)', 'rank': 7}, {'name': 'Person', 'value': 'Brahimaj, Edmond (Baba Mondi)', 'rank': 8}]",Foreign,8.0,A,2024-09-21 09:03:29+00:00,World,"Prime Minister Edi Rama says he wants to give members of the Bektashi, a Shiite Sufi order, their own Vatican-style enclave as a way of promoting religious tolerance.",The New York Times,Europe,News,nyt://article/10fad6f0-3d46-58ea-993f-e72f0a7b493b,https://www.nytimes.com/2024/09/21/world/europe/albania-tirana-muslim-state-bektashi.html,1395,By Andrew Higgins,Albania Is Planning a New Muslim State Inside Its Capital,,Albania Plans a Muslim Enclave in the Heart of Its Capital,"The compound in Tirana, the Albanian capital, that would become the Sovereign State of the Bektashi Order.",Hilary Swift for The New York Times,https://static01.nyt.com/images/2024/09/21/multimedia/21albania-islam-01-kbpf/21albania-islam-01-kbpf-articleLarge.jpg,399,600,https://static01.nyt.com/images/2024/09/21/multimedia/21albania-islam-01-kbpf/21albania-islam-01-kbpf-thumbStandard.jpg,75,75,Albania Is Planning a New Muslim State Inside Its Capital,"Albania Is Planning a New Muslim State Inside Its Capital Prime Minister Edi Rama says he wants to give members of the Bektashi, a Shiite Sufi order, their own Vatican-style enclave as a way of promoting religious tolerance. Prime Minister Edi Rama says he wants to give members of the Bektashi, a Shiite Sufi order, their own Vatican-style enclave as a way of promoting religious tolerance."
His comments reflect an apparent toughening of his views on an issue that could reshape the diplomatic map of the Middle East.,article,nyt://article/7c153891-aa5c-5292-a66c-0a8b4043b299,"[{'name': 'Location', 'value': 'Saudi Arabia', 'rank': 1}, {'name': 'Person', 'value': 'Mohammed bin Salman (1985- )', 'rank': 2}, {'name': 'Location', 'value': 'Israel', 'rank': 3}, {'name': 'Subject', 'value': 'Palestinians', 'rank': 4}, {'name': 'Subject', 'value': 'International Relations', 'rank': 5}, {'name': 'Subject', 'value': 'Israel-Gaza War (2023- )', 'rank': 6}, {'name': 'Location', 'value': 'Middle East', 'rank': 7}]",Foreign,8.0,A,2024-09-19 12:43:39+00:00,World,His comments reflect an apparent toughening of his views on an issue that could reshape the diplomatic map of the Middle East.,The New York Times,Middle East,News,nyt://article/7c153891-aa5c-5292-a66c-0a8b4043b299,https://www.nytimes.com/2024/09/19/world/middleeast/saudi-israel-relations.html,518,By Ismaeel Naar and Adam Rasgon,Saudi Crown Prince Says No to Israel Ties Without Palestinian State,,Prince Says No To Israeli Ties Without State  For Palestine,"In a photo provided by Saudi state media, Saudi Crown Prince Mohammed bin Salman delivers a speech in Riyadh, Saudi Arabia, on Wednesday.",Saudi Press Agency,https://static01.nyt.com/images/2024/09/19/multimedia/19mideast-crisis-saudi-mbs-1-wmfz/19mideast-crisis-saudi-mbs-1-wmfz-articleLarge.jpg,424,600,https://static01.nyt.com/images/2024/09/19/multimedia/19mideast-crisis-saudi-mbs-1-wmfz/19mideast-crisis-saudi-mbs-1-wmfz-thumbStandard.jpg,75,75,Saudi Crown Prince Says No to Israel Ties Without Palestinian State,Saudi Crown Prince Says No to Israel Ties Without Palestinian State His comments reflect an apparent toughening of his views on an issue that could reshape the diplomatic map of the Middle East. His comments reflect an apparent toughening of his views on an issue that could reshape the diplomatic map of the Middle East.
"The ambassador, Mojtaba Amini, lost an eye, according to two members of Iran’s Revolutionary Guards Corps who were briefed on the attack.",article,nyt://article/f4e0e573-1c2a-5068-824a-b687486170a6,"[{'name': 'Location', 'value': 'Iran', 'rank': 1}, {'name': 'Organization', 'value': 'Hezbollah', 'rank': 2}, {'name': 'Location', 'value': 'Israel', 'rank': 3}, {'name': 'Subject', 'value': 'Wireless Communications', 'rank': 4}, {'name': 'Subject', 'value': 'Diplomatic Service, Embassies and Consulates', 'rank': 5}]",Foreign,,,2024-09-17 18:17:34+00:00,World,"The ambassador, Mojtaba Amini, lost an eye, according to two members of Iran’s Revolutionary Guards Corps who were briefed on the attack.",The New York Times,Middle East,News,nyt://article/f4e0e573-1c2a-5068-824a-b687486170a6,https://www.nytimes.com/2024/09/18/world/middleeast/iran-ambassador-mojtaba-amini-pager-attack.html,756,By Farnaz Fassihi,"Iran’s Ambassador to Lebanon Is Injured in Pager Attack, State Media Reports",,,"Iran’s ambassador to Lebanon, Mojtaba Amini, center, in Beirut, Lebanon, in July.",Mohamed Azakir/Reuters,https://static01.nyt.com/images/2024/09/17/multimedia/17mideast-crisis-iranian-ambassador-vkpq/17mideast-crisis-iranian-ambassador-vkpq-articleLarge.jpg,396,600,https://static01.nyt.com/images/2024/09/17/multimedia/17mideast-crisis-iranian-ambassador-vkpq/17mideast-crisis-iranian-ambassador-vkpq-thumbStandard.jpg,75,75,"Iran’s Ambassador to Lebanon Is Injured in Pager Attack, State Media Reports","Iran’s Ambassador to Lebanon Is Injured in Pager Attack, State Media Reports The ambassador, Mojtaba Amini, lost an eye, according to two members of Iran’s Revolutionary Guards Corps who were briefed on the attack. The ambassador, Mojtaba Amini, lost an eye, according to two members of Iran’s Revolutionary Guards Corps who were briefed on the attack."
"Ethnic tensions have turned Manipur into an open war zone. Struggling to contain the unrest, the authorities have reimposed a curfew and internet blackout.",article,nyt://article/4edec7a4-4050-5ed7-83ea-8e56cd9a111e,"[{'name': 'Subject', 'value': 'Communications and Media Blackouts', 'rank': 1}, {'name': 'Subject', 'value': 'Demonstrations, Protests and Riots', 'rank': 2}, {'name': 'Subject', 'value': 'War and Armed Conflicts', 'rank': 3}, {'name': 'Organization', 'value': 'Bharatiya Janata Party', 'rank': 4}, {'name': 'Person', 'value': 'Modi, Narendra', 'rank': 5}, {'name': 'Location', 'value': 'Manipur State (India)', 'rank': 6}]",Foreign,7.0,A,2024-09-11 10:50:14+00:00,World,"Ethnic tensions have turned Manipur into an open war zone. Struggling to contain the unrest, the authorities have reimposed a curfew and internet blackout.",The New York Times,Asia Pacific,News,nyt://article/4edec7a4-4050-5ed7-83ea-8e56cd9a111e,https://www.nytimes.com/2024/09/11/world/asia/india-manipur-conflict.html,532,By Pragati K.B.,Violence Resurges in Indian State Locked in Bloody Conflict for 16 Months,,Indian State Under Curfew As Violence Rages Anew,"Security forces fired tear gas to disperse protesters in Imphal, a city in the northeastern Indian state of Manipur, on Tuesday.",Agence France-Presse — Getty Images,https://static01.nyt.com/images/2024/09/11/multimedia/11india-unrest-sub-zlwv/11india-unrest-sub-zlwv-articleLarge.jpg,400,600,https://static01.nyt.com/images/2024/09/11/multimedia/11india-unrest-sub-zlwv/11india-unrest-sub-zlwv-thumbStandard.jpg,75,75,Violence Resurges in Indian State Locked in Bloody Conflict for 16 Months,"Violence Resurges in Indian State Locked in Bloody Conflict for 16 Months Ethnic tensions have turned Manipur into an open war zone. Struggling to contain the unrest, the authorities have reimposed a curfew and internet blackout. Ethnic tensions have turned Manipur into an open war zone. Struggling to contain the unrest, the authorities have reimposed a curfew and internet blackout."
"The far-right Alternative for Germany, or AfD, had a very successful night in two states, despite its state chapters’ classification as “extremist” by German domestic intelligence.",article,nyt://article/5962fc9a-1e44-55d7-a422-7d1dd04eee05,"[{'name': 'Subject', 'value': 'Right-Wing Extremism and Alt-Right', 'rank': 1}, {'name': 'Subject', 'value': 'Politics and Government', 'rank': 2}, {'name': 'Organization', 'value': 'Alternative for Germany', 'rank': 3}, {'name': 'Organization', 'value': 'Christian Democratic Union (Germany)', 'rank': 4}, {'name': 'Organization', 'value': 'Sahra Wagenknecht Alliance (BSW)', 'rank': 5}, {'name': 'Location', 'value': 'East Germany', 'rank': 6}, {'name': 'Location', 'value': 'Germany', 'rank': 7}, {'name': 'Person', 'value': 'Scholz, Olaf (1958- )', 'rank': 8}, {'name': 'Person', 'value': 'Wagenknecht, Sahra (1969- )', 'rank': 9}, {'name': 'Location', 'value': 'Saxony (Germany)', 'rank': 10}, {'name': 'Location', 'value': 'Thuringia (Germany)', 'rank': 11}, {'name': 'Subject', 'value': 'Elections', 'rank': 12}]",Foreign,6.0,A,2024-09-02 04:01:20+00:00,World,"The far-right Alternative for Germany, or AfD, had a very successful night in two states, despite its state chapters’ classification as “extremist” by German domestic intelligence.",The New York Times,Europe,News,nyt://article/5962fc9a-1e44-55d7-a422-7d1dd04eee05,https://www.nytimes.com/2024/09/02/world/europe/east-germany-elections-afd.html,893,By Christopher F. Schuetze,Takeaways From East Germany’s State Elections,,Effect of German Far Right’s Wins May Be Slim,"Björn Höcke, a member of the AfD, left, Thuringia State Premier Bodo Ramelow, center, and the Christian Democratic Union candidate Mario Voigt, right, at the state parliament building in Erfurt, Germany, on Sunday.",Thilo Schmuelgen/Reuters,https://static01.nyt.com/images/2024/09/01/multimedia/01Germany-election-takeaways-wqhm/01Germany-election-takeaways-wqhm-articleLarge.jpg,400,600,https://static01.nyt.com/images/2024/09/01/multimedia/01Germany-election-takeaways-wqhm/01Germany-election-takeaways-wqhm-thumbStandard.jpg,75,75,Takeaways From East Germany’s State Elections,"Takeaways From East Germany’s State Elections The far-right Alternative for Germany, or AfD, had a very successful night in two states, despite its state chapters’ classification as “extremist” by German domestic intelligence. The far-right Alternative for Germany, or AfD, had a very successful night in two states, despite its state chapters’ classification as “extremist” by German domestic intelligence."
"The Alternative for Germany party was on course to win in Thuringia, according to projections, in what was seen as a worrying sign of the health of German democracy.",article,nyt://article/977675ac-c884-5704-a14c-ec7a15ff4a79,"[{'name': 'Subject', 'value': 'Elections', 'rank': 1}, {'name': 'Location', 'value': 'Germany', 'rank': 2}, {'name': 'Location', 'value': 'East Germany', 'rank': 3}, {'name': 'Location', 'value': 'Saxony (Germany)', 'rank': 4}, {'name': 'Location', 'value': 'Thuringia (Germany)', 'rank': 5}, {'name': 'Subject', 'value': 'Right-Wing Extremism and Alt-Right', 'rank': 6}, {'name': 'Subject', 'value': 'Politics and Government', 'rank': 7}, {'name': 'Subject', 'value': 'Fringe Groups and Movements', 'rank': 8}, {'name': 'Subject', 'value': 'Immigration and Emigration', 'rank': 9}, {'name': 'Subject', 'value': 'Neo Nazi Groups', 'rank': 10}, {'name': 'Organization', 'value': 'Alternative for Germany', 'rank': 11}, {'name': 'Organization', 'value': 'Christian Democratic Union (Germany)', 'rank': 12}, {'name': 'Organization', 'value': 'European Parliament', 'rank': 13}, {'name': 'Organization', 'value': 'Free Democratic Party (Germany)', 'rank': 14}, {'name': 'Organization', 'value': 'Sahra Wagenknecht Alliance (BSW)', 'rank': 15}, {'name': 'Organization', 'value': 'Left Party (Germany)', 'rank': 16}, {'name': 'Organization', 'value': 'Social Democratic Party (Germany)', 'rank': 17}, {'name': 'Person', 'value': 'Scholz, Olaf (1958- )', 'rank': 18}, {'name': 'Location', 'value': 'Europe', 'rank': 19}]",Foreign,12.0,A,2024-09-01 18:10:05+00:00,World,"The Alternative for Germany party was on course to win in Thuringia, according to projections, in what was seen as a worrying sign of the health of German democracy.",The New York Times,Europe,News,nyt://article/977675ac-c884-5704-a14c-ec7a15ff4a79,https://www.nytimes.com/2024/09/01/world/europe/east-german-state-elections-saxony-thuringia.html,1251,By Steven Erlanger and Christopher F. Schuetze,East Germans Lean Toward Extremes in State Elections,,"In Germany’s State Elections, a Sign of Extremist Parties’ Rising Strength","An Election Day gathering for the far-right AfD party on Sunday in Erfurt, Germany.",Wolfgang Rattay/Reuters,https://static01.nyt.com/images/2024/09/01/multimedia/01germany-election-hqgc/01germany-election-hqgc-articleLarge.jpg,400,600,https://static01.nyt.com/images/2024/09/01/multimedia/01germany-election-hqgc/01germany-election-hqgc-thumbStandard.jpg,75,75,East Germans Lean Toward Extremes in State Elections,"East Germans Lean Toward Extremes in State Elections The Alternative for Germany party was on course to win in Thuringia, according to projections, in what was seen as a worrying sign of the health of German democracy. The Alternative for Germany party was on course to win in Thuringia, according to projections, in what was seen as a worrying sign of the health of German democracy."
The prospect of a strong performance by the far-right Alternative for Germany party in two state elections is only one of the problems for Chancellor Olaf Scholz.,article,nyt://article/fe046102-78e5-530d-89e0-59ff09c0e2e4,"[{'name': 'Location', 'value': 'Germany', 'rank': 1}, {'name': 'Subject', 'value': 'Elections, State Legislature', 'rank': 2}, {'name': 'Location', 'value': 'Saxony (Germany)', 'rank': 3}, {'name': 'Location', 'value': 'Thuringia (Germany)', 'rank': 4}, {'name': 'Organization', 'value': 'Alternative for Germany', 'rank': 5}, {'name': 'Organization', 'value': 'Christian Democratic Union (Germany)', 'rank': 6}, {'name': 'Organization', 'value': 'Sahra Wagenknecht Alliance (BSW)', 'rank': 7}, {'name': 'Subject', 'value': 'Right-Wing Extremism and Alt-Right', 'rank': 8}, {'name': 'Subject', 'value': 'Politics and Government', 'rank': 9}, {'name': 'Person', 'value': 'Scholz, Olaf (1958- )', 'rank': 10}, {'name': 'Subject', 'value': 'Elections', 'rank': 11}]",Foreign,,,2024-09-01 04:01:43+00:00,World,The prospect of a strong performance by the far-right Alternative for Germany party in two state elections is only one of the problems for Chancellor Olaf Scholz.,The New York Times,Europe,News,nyt://article/fe046102-78e5-530d-89e0-59ff09c0e2e4,https://www.nytimes.com/2024/09/01/world/europe/east-german-state-elections.html,812,By Christopher F. Schuetze,What to Watch For in East German State Elections on Sunday,,,"A campaign poster for the far-right Alternative for Germany party in Straussfurt, a village in the eastern German state of Thuringia.",Lena Mucha for The New York Times,https://static01.nyt.com/images/2024/09/01/multimedia/01germany-election-explainer-1-fhqz/01germany-election-explainer-1-fhqz-articleLarge.jpg,399,600,https://static01.nyt.com/images/2024/09/01/multimedia/01germany-election-explainer-1-fhqz/01germany-election-explainer-1-fhqz-thumbStandard.jpg,75,75,What to Watch For in East German State Elections on Sunday,What to Watch For in East German State Elections on Sunday The prospect of a strong performance by the far-right Alternative for Germany party in two state elections is only one of the problems for Chancellor Olaf Scholz. The prospect of a strong performance by the far-right Alternative for Germany party in two state elections is only one of the problems for Chancellor Olaf Scholz.
"The Russian president will travel to Mongolia, a member of the International Criminal Court, which issued a warrant for his arrest in 2023.",article,nyt://article/87fe7d66-2081-504e-ac16-41e0cad1eb07,"[{'name': 'Subject', 'value': 'Russian Invasion of Ukraine (2022)', 'rank': 1}, {'name': 'Person', 'value': 'Putin, Vladimir V', 'rank': 2}, {'name': 'Organization', 'value': 'International Criminal Court', 'rank': 3}, {'name': 'Location', 'value': 'Mongolia', 'rank': 4}, {'name': 'Location', 'value': 'Russia', 'rank': 5}]",Foreign,,,2024-08-30 21:24:04+00:00,World,"The Russian president will travel to Mongolia, a member of the International Criminal Court, which issued a warrant for his arrest in 2023.",The New York Times,Europe,News,nyt://article/87fe7d66-2081-504e-ac16-41e0cad1eb07,https://www.nytimes.com/2024/08/30/world/europe/putin-visit-mongolia-icc.html,686,By Eve Sampson,Putin Plans First Visit to I.C.C. Member State Since Arrest Warrant,,"Though He’s a Wanted Man,  Putin Plans to Visit Mongolia","A photo released by Russian state news media of President Vladimir V. Putin meeting with President Ukhnaagiin Khurelsukh of Mongolia in July in Astana, Kazakhstan.",Gavriil Grigorov/Sputnik,https://static01.nyt.com/images/2024/08/30/multimedia/30mongolia-putin-gjcf/30mongolia-putin-gjcf-articleLarge.jpg,397,600,https://static01.nyt.com/images/2024/08/30/multimedia/30mongolia-putin-gjcf/30mongolia-putin-gjcf-thumbStandard.jpg,75,75,Putin Plans First Visit to I.C.C. Member State Since Arrest Warrant,"Putin Plans First Visit to I.C.C. Member State Since Arrest Warrant The Russian president will travel to Mongolia, a member of the International Criminal Court, which issued a warrant for his arrest in 2023. The Russian president will travel to Mongolia, a member of the International Criminal Court, which issued a warrant for his arrest in 2023."
"The police say they have arrested a man they believe killed three people and wounded eight others at a festival in the town of Solingen, in western Germany.",article,nyt://article/2a3ea696-36e5-5a6f-b769-62ef3407b6f6,"[{'name': 'Subject', 'value': 'Terrorism', 'rank': 1}, {'name': 'Location', 'value': 'Solingen (Germany)', 'rank': 2}, {'name': 'Organization', 'value': 'Islamic State in Iraq and Syria (ISIS)', 'rank': 3}, {'name': 'Subject', 'value': 'Murders, Attempted Murders and Homicides', 'rank': 4}]",Foreign,6.0,A,2024-08-25 13:21:11+00:00,World,"The police say they have arrested a man they believe killed three people and wounded eight others at a festival in the town of Solingen, in western Germany.",The New York Times,Europe,News,nyt://article/2a3ea696-36e5-5a6f-b769-62ef3407b6f6,https://www.nytimes.com/2024/08/25/world/europe/germany-festival-attack.html,725,By Christopher F. Schuetze,German Prosecutor Says Islamic State Terrorist Link Is Suspected in Festival Stabbings,,Syrian Surrenders in Knifing That Killed Three in Germany,"Police officers late Saturday with a suspect in the killings at a festival in Solingen, Germany.","Christoph Reichwein/DPA, via Associated Press",https://static01.nyt.com/images/2024/08/25/multimedia/25germany-attack-lwtg/25germany-attack-lwtg-articleLarge.jpg,400,600,https://static01.nyt.com/images/2024/08/25/multimedia/25germany-attack-lwtg/25germany-attack-lwtg-thumbStandard.jpg,75,75,German Prosecutor Says Islamic State Terrorist Link Is Suspected in Festival Stabbings,"German Prosecutor Says Islamic State Terrorist Link Is Suspected in Festival Stabbings The police say they have arrested a man they believe killed three people and wounded eight others at a festival in the town of Solingen, in western Germany. The police say they have arrested a man they believe killed three people and wounded eight others at a festival in the town of Solingen, in western Germany."
"After Israel’s killing of the Hamas leader Yahya Sinwar, the Biden administration is renewing its push for a halt to fighting in Gaza.",article,nyt://article/1204a045-2fd3-57a9-af55-c71d9c10d698,"[{'name': 'Subject', 'value': 'Israel-Gaza War (2023- )', 'rank': 1}, {'name': 'Organization', 'value': 'Hamas', 'rank': 2}, {'name': 'Subject', 'value': 'Palestinians', 'rank': 3}, {'name': 'Location', 'value': 'Qatar', 'rank': 4}, {'name': 'Location', 'value': 'Egypt', 'rank': 5}, {'name': 'Person', 'value': 'Netanyahu, Benjamin', 'rank': 6}, {'name': 'Organization', 'value': 'Hezbollah', 'rank': 7}, {'name': 'Person', 'value': 'Haniya, Ismail', 'rank': 8}, {'name': 'Location', 'value': 'Iran', 'rank': 9}]",Foreign,,,2024-08-15 01:28:45+00:00,World,"After Israel’s killing of the Hamas leader Yahya Sinwar, the Biden administration is renewing its push for a halt to fighting in Gaza.",The New York Times,Middle East,News,nyt://article/1204a045-2fd3-57a9-af55-c71d9c10d698,https://www.nytimes.com/article/israel-hamas-gaza-cease-fire-talks.html,887,By Ephrat Livni and Aryn Baker,What to Know About the State of the Cease-Fire Talks,,,Photographs of Israeli hostages in Tel Aviv on Monday.,Amir Levy/Getty Images,https://static01.nyt.com/images/2024/09/14/multimedia/14mideast-crisis-ceasefire-timeline-ktlm/14mideast-crisis-ceasefire-timeline-ktlm-articleLarge.jpg,400,600,https://static01.nyt.com/images/2024/09/14/multimedia/14mideast-crisis-ceasefire-timeline-ktlm/14mideast-crisis-ceasefire-timeline-ktlm-thumbStandard.jpg,75,75,What to Know About the State of the Cease-Fire Talks,"What to Know About the State of the Cease-Fire Talks After Israel’s killing of the Hamas leader Yahya Sinwar, the Biden administration is renewing its push for a halt to fighting in Gaza. After Israel’s killing of the Hamas leader Yahya Sinwar, the Biden administration is renewing its push for a halt to fighting in Gaza."
,article,nyt://article/97f880f3-4e4a-5083-a0c1-7fa72cd04353,[],Foreign,,,2024-08-08 09:52:14+00:00,World,,The New York Times,Middle East,Live Blog Post,nyt://article/97f880f3-4e4a-5083-a0c1-7fa72cd04353,https://www.nytimes.com/live/2024/08/08/world/israel-iran-hamas-gaza-war/the-eu-condemns-comments-by-a-far-right-israeli-minister-and-other-news,281,,"Four soldiers are injured in ‘air attack’ on Syria, state media reports, and other news.",Key Developments,,,,,0,0,,0,0,"Four soldiers are injured in ‘air attack’ on Syria, state media reports, and other news.","Four soldiers are injured in ‘air attack’ on Syria, state media reports, and other news."
,article,nyt://article/a4566f4c-f111-5ff5-9ad1-728dba378c13,[],Foreign,,,2024-08-01 20:41:39+00:00,World,,The New York Times,Europe,Live Blog Post,nyt://article/a4566f4c-f111-5ff5-9ad1-728dba378c13,https://www.nytimes.com/live/2024/08/01/world/russia-prisoner-swap-us/russian-state-media-portrays-swap-as-a-big-victory,413,By Ivan Nechepurenko,Russian state media portrays swap as a ‘big victory.’,,,"In footage from Russia-24, a state-owned news channel in Russia, Evan Gershkovich sits inside a plane during Thursday’s prisoner exchange.","Russia-24/via, Reuters",https://static01.nyt.com/images/2024/08/01/multimedia/01russia-media-pwvl/01russia-media-pwvl-articleLarge.jpg,400,600,https://static01.nyt.com/images/2024/08/01/multimedia/01russia-media-pwvl/01russia-media-pwvl-thumbStandard.jpg,75,75,Russian state media portrays swap as a ‘big victory.’,Russian state media portrays swap as a ‘big victory.’
,article,nyt://article/14656518-b42c-58aa-9b03-da4014cc2eca,[],Foreign,,,2024-07-16 13:24:33+00:00,World,,The New York Times,Middle East,Live Blog Post,nyt://article/14656518-b42c-58aa-9b03-da4014cc2eca,https://www.nytimes.com/live/2024/07/16/world/israel-gaza-war-hamas/civilian-casualties-in-gaza-remain-unacceptably-high-the-state-department-says,337,By Matthew Mpoke Bigg,"Civilian casualties in Gaza remain unacceptably high, the State Department says.",,,"A father holding the body of his son in Deir al Balah, in the central Gaza Strip, this month.",Ramadan Abed/Reuters,https://static01.nyt.com/images/2024/07/16/multimedia/16mideast-crisis-blinken-death-toll-fvtz/16mideast-crisis-blinken-death-toll-fvtz-articleLarge.jpg,418,600,https://static01.nyt.com/images/2024/07/16/multimedia/16mideast-crisis-blinken-death-toll-fvtz/16mideast-crisis-blinken-death-toll-fvtz-thumbStandard.jpg,75,75,"Civilian casualties in Gaza remain unacceptably high, the State Department says.","Civilian casualties in Gaza remain unacceptably high, the State Department says."
"The prosecution of a prominent playwright and a director in Russia over their work is a chilling sign of increased repression, cultural figures say.",article,nyt://article/763c39ce-3495-5a71-aa57-6eff816a2d53,"[{'name': 'Location', 'value': 'Russia', 'rank': 1}, {'name': 'Subject', 'value': 'Freedom of Speech and Expression', 'rank': 2}, {'name': 'Subject', 'value': 'Political Prisoners', 'rank': 3}, {'name': 'Organization', 'value': 'Islamic State in Iraq and Syria (ISIS)', 'rank': 4}, {'name': 'Title', 'value': 'Finist the Brave Falconn (Play)', 'rank': 5}, {'name': 'Person', 'value': 'Berkovich, Yevgenia', 'rank': 6}, {'name': 'Person', 'value': 'Petriychuk, Svetlana', 'rank': 7}, {'name': 'Subject', 'value': 'Terrorism', 'rank': 8}]",Foreign,1.0,A,2024-06-25 04:01:24+00:00,World,"The prosecution of a prominent playwright and a director in Russia over their work is a chilling sign of increased repression, cultural figures say.",The New York Times,Europe,News,nyt://article/763c39ce-3495-5a71-aa57-6eff816a2d53,https://www.nytimes.com/2024/06/25/world/europe/russia-playwright-director-terrorism-trial.html,1401,By Valerie Hopkins,2 Russian Women Put on a Play. Then the State Came for Them.,,Charged With Justifying Terrorism in a Play That Condemns It,"Yevgenia Berkovich, left, and Svetlana Petriychuk inside a courthouse in Moscow in May. The two are being tried on charges of terrorism relating to the production of their play, “Finist the Brave Falcon.”",Dmitry Serebryakov/Associated Press,https://static01.nyt.com/images/2024/06/23/multimedia/23russia-artists-trial-01-qvhk/23russia-artists-trial-01-qvhk-articleLarge.jpg,400,600,https://static01.nyt.com/images/2024/06/23/multimedia/23russia-artists-trial-01-qvhk/23russia-artists-trial-01-qvhk-thumbStandard.jpg,75,75,2 Russian Women Put on a Play. Then the State Came for Them.,"2 Russian Women Put on a Play. Then the State Came for Them. The prosecution of a prominent playwright and a director in Russia over their work is a chilling sign of increased repression, cultural figures say. The prosecution of a prominent playwright and a director in Russia over their work is a chilling sign of increased repression, cultural figures say."
,article,nyt://article/5ad7026f-cd67-51d3-9ea1-8fcbcb439187,[],Foreign,,,2024-06-21 07:07:09+00:00,World,,The New York Times,Middle East,Live Blog Post,nyt://article/5ad7026f-cd67-51d3-9ea1-8fcbcb439187,https://www.nytimes.com/live/2024/06/21/world/israel-gaza-war-hamas/blinken-meets-with-israeli-officials-and-other-news,272,,"Armenia is the latest country to recognize a Palestinian state, and other news.",Key Developments,,,,,0,0,,0,0,"Armenia is the latest country to recognize a Palestinian state, and other news.","Armenia is the latest country to recognize a Palestinian state, and other news."
"The assailants had taken two guards hostage and were killed, the prison service said.",article,nyt://article/5c3c4b44-d3af-5f58-affb-498196a9cd54,"[{'name': 'Subject', 'value': 'Terrorism', 'rank': 1}, {'name': 'Subject', 'value': 'Prisons and Prisoners', 'rank': 2}, {'name': 'Subject', 'value': 'Russian Invasion of Ukraine (2022)', 'rank': 3}, {'name': 'Person', 'value': 'Putin, Vladimir V', 'rank': 4}, {'name': 'Organization', 'value': 'Islamic State in Iraq and Syria (ISIS)', 'rank': 5}, {'name': 'Location', 'value': 'Moscow (Russia)', 'rank': 6}, {'name': 'Location', 'value': 'Rostov-on-Don (Russia)', 'rank': 7}, {'name': 'Subject', 'value': 'Moscow Concert Hall Shooting (March 2024)', 'rank': 8}]",Foreign,10.0,A,2024-06-16 13:17:20+00:00,World,"The assailants had taken two guards hostage and were killed, the prison service said.",The New York Times,Europe,News,nyt://article/5c3c4b44-d3af-5f58-affb-498196a9cd54,https://www.nytimes.com/2024/06/16/world/europe/russia-prison-hostages.html,367,By Anatoly Kurmanaev,"Russian Forces Quash Prison Mutiny Led by Terrorism Suspects, State Media Reports",,Troops Quash Mutiny in Jail Inside Russia,"Russian police officers standing guard near a pretrial detention center in Rostov-on-Don, Russia, on Sunday.","EPA, via Shutterstock",https://static01.nyt.com/images/2024/06/16/multimedia/16russia-mutiny-kwvp/16russia-mutiny-kwvp-articleLarge.jpg,408,600,https://static01.nyt.com/images/2024/06/16/multimedia/16russia-mutiny-kwvp/16russia-mutiny-kwvp-thumbStandard.jpg,75,75,"Russian Forces Quash Prison Mutiny Led by Terrorism Suspects, State Media Reports","Russian Forces Quash Prison Mutiny Led by Terrorism Suspects, State Media Reports The assailants had taken two guards hostage and were killed, the prison service said. The assailants had taken two guards hostage and were killed, the prison service said."
Ayatollah Ali Khamenei pointed to the turnout at memorials for Iran’s president at a time when external critics say popular backing for the Islamic Republic has weakened.,article,nyt://article/8c76598a-7680-5c3c-9998-ab08033899b0,"[{'name': 'Person', 'value': 'Khamenei, Ali', 'rank': 1}, {'name': 'Subject', 'value': 'Funerals and Memorials', 'rank': 2}, {'name': 'Person', 'value': 'Raisi, Ebrahim', 'rank': 3}, {'name': 'Location', 'value': 'Iran', 'rank': 4}, {'name': 'Subject', 'value': 'Politics and Government', 'rank': 5}]",Foreign,8.0,A,2024-05-25 12:39:43+00:00,World,Ayatollah Ali Khamenei pointed to the turnout at memorials for Iran’s president at a time when external critics say popular backing for the Islamic Republic has weakened.,The New York Times,Middle East,News,nyt://article/8c76598a-7680-5c3c-9998-ab08033899b0,https://www.nytimes.com/2024/05/25/world/middleeast/iran-khamenei-raisi-crowds.html,678,By Erika Solomon,"Crowds for Raisi Show Support for Iranian State, Supreme Leader Says",,Ayatollah Says Mourning  Shows Revolution Lives ,Iranians attending a funeral ceremony for President Ebrahim Raisi in Tehran on Wednesday.,Arash Khamooshi for The New York Times,https://static01.nyt.com/images/2024/05/25/multimedia/25iran-ceremony-01-pgkt/25iran-ceremony-01-pgkt-articleLarge.jpg,400,600,https://static01.nyt.com/images/2024/05/25/multimedia/25iran-ceremony-01-pgkt/25iran-ceremony-01-pgkt-thumbStandard.jpg,75,75,"Crowds for Raisi Show Support for Iranian State, Supreme Leader Says","Crowds for Raisi Show Support for Iranian State, Supreme Leader Says Ayatollah Ali Khamenei pointed to the turnout at memorials for Iran’s president at a time when external critics say popular backing for the Islamic Republic has weakened. Ayatollah Ali Khamenei pointed to the turnout at memorials for Iran’s president at a time when external critics say popular backing for the Islamic Republic has weakened."
"The moves, while largely symbolic, were welcomed by Palestinians and denounced by Prime Minister Benjamin Netanyahu, who called them “a prize for terrorism.”",article,nyt://article/1984cc13-e09b-5c45-8a4b-6171e4db1cc8,"[{'name': 'Subject', 'value': 'Israel-Gaza War (2023- )', 'rank': 1}, {'name': 'Location', 'value': 'Israel', 'rank': 2}, {'name': 'Person', 'value': 'Netanyahu, Benjamin', 'rank': 3}, {'name': 'Subject', 'value': 'Palestinians', 'rank': 4}, {'name': 'Location', 'value': 'Gaza Strip', 'rank': 5}, {'name': 'Location', 'value': 'West Bank', 'rank': 6}, {'name': 'Subject', 'value': 'International Relations', 'rank': 7}, {'name': 'Organization', 'value': 'Hamas', 'rank': 8}, {'name': 'Subject', 'value': 'Terrorism', 'rank': 9}, {'name': 'Organization', 'value': 'Palestinian Authority', 'rank': 10}, {'name': 'Location', 'value': 'Norway', 'rank': 11}, {'name': 'Location', 'value': 'Ireland', 'rank': 12}, {'name': 'Location', 'value': 'Spain', 'rank': 13}, {'name': 'Location', 'value': 'Europe', 'rank': 14}]",Foreign,1.0,A,2024-05-22 21:18:29+00:00,World,"The moves, while largely symbolic, were welcomed by Palestinians and denounced by Prime Minister Benjamin Netanyahu, who called them “a prize for terrorism.”",The New York Times,Middle East,News,nyt://article/1984cc13-e09b-5c45-8a4b-6171e4db1cc8,https://www.nytimes.com/2024/05/22/world/middleeast/spain-norway-ireland-palestinian-statehood-israel.html,1393,"By Aaron Boxerman, Emma Bubola and Michael Levenson","Spain, Norway and Ireland Recognize Palestinian State, Further Isolating Israel",,Three in Europe Back Statehood For Palestinians,"A makeshift Palestinian shop next to buildings destroyed in an Israeli strike, in the southern Gaza Strip on Wednesday.",Mohammed Salem/Reuters,https://static01.nyt.com/images/2024/05/22/multimedia/22mideast-crisis-leadall-01-bztm/22mideast-crisis-leadall-01-bztm-articleLarge.jpg,410,600,https://static01.nyt.com/images/2024/05/22/multimedia/22mideast-crisis-leadall-01-bztm/22mideast-crisis-leadall-01-bztm-thumbStandard.jpg,75,75,"Spain, Norway and Ireland Recognize Palestinian State, Further Isolating Israel","Spain, Norway and Ireland Recognize Palestinian State, Further Isolating Israel The moves, while largely symbolic, were welcomed by Palestinians and denounced by Prime Minister Benjamin Netanyahu, who called them “a prize for terrorism.” The moves, while largely symbolic, were welcomed by Palestinians and denounced by Prime Minister Benjamin Netanyahu, who called them “a prize for terrorism.”"
"The move by three European countries fits into a long-term goal of Palestinian leaders to secure diplomatic acceptance, but the immediate impact may be limited.",article,nyt://article/aeb48cf0-9ba9-5ab8-a8e3-0039cf8d2255,"[{'name': 'Subject', 'value': 'Palestinians', 'rank': 1}, {'name': 'Subject', 'value': 'International Relations', 'rank': 2}, {'name': 'Subject', 'value': 'Israel-Gaza War (2023- )', 'rank': 3}, {'name': 'Subject', 'value': 'Diplomatic Service, Embassies and Consulates', 'rank': 4}, {'name': 'Organization', 'value': 'General Assembly (UN)', 'rank': 5}, {'name': 'Organization', 'value': 'Palestinian Authority', 'rank': 6}, {'name': 'Organization', 'value': 'United Nations', 'rank': 7}, {'name': 'Location', 'value': 'Gaza Strip', 'rank': 8}, {'name': 'Location', 'value': 'Israel', 'rank': 9}, {'name': 'Location', 'value': 'West Bank', 'rank': 10}]",Foreign,5.0,A,2024-05-22 16:07:19+00:00,World,"The move by three European countries fits into a long-term goal of Palestinian leaders to secure diplomatic acceptance, but the immediate impact may be limited.",The New York Times,Middle East,News,nyt://article/aeb48cf0-9ba9-5ab8-a8e3-0039cf8d2255,https://www.nytimes.com/2024/05/22/world/middleeast/palestinian-state.html,701,By Matthew Mpoke Bigg,What Does It Mean to Recognize a Palestinian State?,,"Clear Signs Of Support, But Impact  Is Limited",A pro-Palestinian demonstration in front of the Parliament building in Oslo on Sunday.,"Berit Roald/NTB, via Associated Press",https://static01.nyt.com/images/2024/05/22/multimedia/22mideast-crisis-statehood-explain-02/22mideast-crisis-statehood-explain-02-articleLarge-v2.jpg,400,600,https://static01.nyt.com/images/2024/05/22/multimedia/22mideast-crisis-statehood-explain-02/22mideast-crisis-promo-600-vfzb-thumbStandard-v2.jpg,75,75,What Does It Mean to Recognize a Palestinian State?,"What Does It Mean to Recognize a Palestinian State? The move by three European countries fits into a long-term goal of Palestinian leaders to secure diplomatic acceptance, but the immediate impact may be limited. The move by three European countries fits into a long-term goal of Palestinian leaders to secure diplomatic acceptance, but the immediate impact may be limited."
"The finance minister’s office signaled that the decision, which could worsen the Palestinians’ dire economic crisis, was a response to Spain, Norway and Ireland recognizing Palestinian statehood.",article,nyt://article/7f2a161e-0d1f-51e5-b6c0-a850eb4a990c,"[{'name': 'Location', 'value': 'Israel', 'rank': 1}, {'name': 'Organization', 'value': 'Palestinian Authority', 'rank': 2}, {'name': 'Subject', 'value': 'Israel-Gaza War (2023- )', 'rank': 3}, {'name': 'Person', 'value': 'Smotrich, Bezalel (1980- )', 'rank': 4}]",Foreign,,,2024-05-22 13:06:32+00:00,World,"The finance minister’s office signaled that the decision, which could worsen the Palestinians’ dire economic crisis, was a response to Spain, Norway and Ireland recognizing Palestinian statehood.",The New York Times,Middle East,News,nyt://article/7f2a161e-0d1f-51e5-b6c0-a850eb4a990c,https://www.nytimes.com/2024/05/22/world/middleeast/israel-reacts-palestinian-finance.html,917,By Aaron Boxerman,Israel Responds to Move to Recognize Palestinian State by Withholding Funds,,,"The Israeli finance minister, Bezalel Smotrich, left, with Prime Minister Benjamin Netanyahu, said that Israel will no longer send tax revenues to the Palestinian Authority.",Ronen Zvulun/Reuters,https://static01.nyt.com/images/2024/05/22/multimedia/22mideast-crisis-israel-react-01-qphf/22mideast-crisis-israel-react-01-qphf-articleLarge.jpg,400,600,https://static01.nyt.com/images/2024/05/22/multimedia/22mideast-crisis-israel-react-01-qphf/22mideast-crisis-israel-react-01-qphf-thumbStandard.jpg,75,75,Israel Responds to Move to Recognize Palestinian State by Withholding Funds,"Israel Responds to Move to Recognize Palestinian State by Withholding Funds The finance minister’s office signaled that the decision, which could worsen the Palestinians’ dire economic crisis, was a response to Spain, Norway and Ireland recognizing Palestinian statehood. The finance minister’s office signaled that the decision, which could worsen the Palestinians’ dire economic crisis, was a response to Spain, Norway and Ireland recognizing Palestinian statehood."
"Simon Harris, Ireland’s prime minister, invoked his nation’s struggle for independence from Britain and its decades of violent sectarian conflict.",article,nyt://article/53c53825-5a12-5a02-a680-33377666ba60,"[{'name': 'Location', 'value': 'Ireland', 'rank': 1}, {'name': 'Subject', 'value': 'Israel-Gaza War (2023- )', 'rank': 2}, {'name': 'Person', 'value': 'Harris, Simon (1986- )', 'rank': 3}, {'name': 'Subject', 'value': 'Palestinians', 'rank': 4}, {'name': 'Location', 'value': 'Gaza Strip', 'rank': 5}, {'name': 'Location', 'value': 'Israel', 'rank': 6}, {'name': 'Subject', 'value': 'Good Friday Agreement (1998)', 'rank': 7}]",Foreign,,,2024-05-22 10:29:55+00:00,World,"Simon Harris, Ireland’s prime minister, invoked his nation’s struggle for independence from Britain and its decades of violent sectarian conflict.",The New York Times,Middle East,News,nyt://article/53c53825-5a12-5a02-a680-33377666ba60,https://www.nytimes.com/2024/05/22/world/middleeast/ireland-palestinian-state-history.html,588,By Megan Specia,"Recognizing a Palestinian State, Ireland Nods to its Own History",,,"Simon Harris, Ireland’s prime minister, center, spoke alongside Eamon Ryan, left, the environment minister, and Micheál Martin, the foreign minister, after Ireland recognized the state of Palestine in Dublin on Wednesday.","Tolga Akmen/EPA, via Shutterstock",https://static01.nyt.com/images/2024/05/22/multimedia/22mideast-crisis-ireland-history-ktwz/22mideast-crisis-ireland-history-ktwz-articleLarge.jpg,400,600,https://static01.nyt.com/images/2024/05/22/multimedia/22mideast-crisis-ireland-history-ktwz/22mideast-crisis-ireland-history-ktwz-thumbStandard.jpg,75,75,"Recognizing a Palestinian State, Ireland Nods to its Own History","Recognizing a Palestinian State, Ireland Nods to its Own History Simon Harris, Ireland’s prime minister, invoked his nation’s struggle for independence from Britain and its decades of violent sectarian conflict. Simon Harris, Ireland’s prime minister, invoked his nation’s struggle for independence from Britain and its decades of violent sectarian conflict."
"The White House is hosting President William Ruto of Kenya for a state dinner this week, an embrace that both countries urgently need.",article,nyt://article/00280f0b-a8cd-54cf-9d70-adcf0209c281,"[{'name': 'Person', 'value': 'Ruto, William', 'rank': 1}, {'name': 'Person', 'value': 'Biden, Joseph R Jr', 'rank': 2}, {'name': 'Location', 'value': 'Kenya', 'rank': 3}, {'name': 'Location', 'value': 'United States', 'rank': 4}, {'name': 'Location', 'value': 'Africa', 'rank': 5}, {'name': 'Subject', 'value': 'United States International Relations', 'rank': 6}, {'name': 'Subject', 'value': 'Alternative and Renewable Energy', 'rank': 7}, {'name': 'Subject', 'value': 'Democracy (Theory and Philosophy)', 'rank': 8}]",Foreign,12.0,A,2024-05-22 09:04:12+00:00,World,"The White House is hosting President William Ruto of Kenya for a state dinner this week, an embrace that both countries urgently need.",The New York Times,Africa,News,nyt://article/00280f0b-a8cd-54cf-9d70-adcf0209c281,https://www.nytimes.com/2024/05/22/world/africa/kenya-president-ruto-washington-visit.html,1247,By Declan Walsh,Kenyan President’s State Visit: An Antidote to U.S. Troubles in Africa?,,"Kenya’s President Visits Biden, in Boon for Both the Host and the Guest","President William Ruto of Kenya in an interview with The New York Times on Sunday, before his state visit this week to the United States.",Brian Otieno for The New York Times,https://static01.nyt.com/images/2024/05/22/multimedia/22Kenya-president-qljv/22Kenya-president-qljv-articleLarge.jpg,400,600,https://static01.nyt.com/images/2024/05/22/multimedia/22Kenya-president-qljv/22Kenya-president-qljv-thumbStandard.jpg,75,75,Kenyan President’s State Visit: An Antidote to U.S. Troubles in Africa?,"Kenyan President’s State Visit: An Antidote to U.S. Troubles in Africa? The White House is hosting President William Ruto of Kenya for a state dinner this week, an embrace that both countries urgently need. The White House is hosting President William Ruto of Kenya for a state dinner this week, an embrace that both countries urgently need."
"Norway hosted the clandestine meetings in 1993 that led to the Oslo Accords, the framework for peace that came close to resolving the conflict.",article,nyt://article/7ca9fb29-8daf-53d3-b1f9-1331a46e1f5f,"[{'name': 'Subject', 'value': 'Palestinians', 'rank': 1}, {'name': 'Subject', 'value': 'International Relations', 'rank': 2}, {'name': 'Subject', 'value': 'Israel-Gaza War (2023- )', 'rank': 3}, {'name': 'Subject', 'value': 'Peace Process', 'rank': 4}, {'name': 'Organization', 'value': 'Palestinian Authority', 'rank': 5}, {'name': 'Location', 'value': 'Norway', 'rank': 6}, {'name': 'Location', 'value': 'Israel', 'rank': 7}, {'name': 'Location', 'value': 'Middle East', 'rank': 8}, {'name': 'Location', 'value': 'West Bank', 'rank': 9}]",Foreign,,,2024-05-22 08:40:25+00:00,World,"Norway hosted the clandestine meetings in 1993 that led to the Oslo Accords, the framework for peace that came close to resolving the conflict.",The New York Times,Middle East,News,nyt://article/7ca9fb29-8daf-53d3-b1f9-1331a46e1f5f,https://www.nytimes.com/2024/05/22/world/middleeast/norway-israel-palestinian-recognition.html,361,By Emma Bubola,Why Norway’s Recognition of a Palestinian State Carries Significance,,,"Prime Minister Yitzahk Rabin of Israel, President Bill Clinton and Yasser Arafat, leader of the Palestine Liberation Organization, at the signing of the Oslo Accords in Washington in 1993. Norway hosted the clandestine meetings that led to the signing that year.",J. David Ake/Agence France-Presse — Getty Images,https://static01.nyt.com/images/2024/05/22/arts/22mideast-crisis-norway-significance/22mideast-crisis-norway-significance-articleLarge.jpg,393,600,https://static01.nyt.com/images/2024/05/22/arts/22mideast-crisis-norway-significance/22mideast-crisis-norway-significance-thumbStandard.jpg,75,75,Why Norway’s Recognition of a Palestinian State Carries Significance,"Why Norway’s Recognition of a Palestinian State Carries Significance Norway hosted the clandestine meetings in 1993 that led to the Oslo Accords, the framework for peace that came close to resolving the conflict. Norway hosted the clandestine meetings in 1993 that led to the Oslo Accords, the framework for peace that came close to resolving the conflict."
"Rescuers are trying to locate the helicopter on which President Ebrahim Raisi and Foreign Minister Hossein Amir Abdollahian were traveling, state media reported. Their status is unknown.",article,nyt://article/b2c28cce-ffdf-551c-a4e7-27d9bf22684e,"[{'name': 'Location', 'value': 'Iran', 'rank': 1}, {'name': 'Person', 'value': 'Raisi, Ebrahim', 'rank': 2}, {'name': 'Subject', 'value': 'Aviation Accidents, Safety and Disasters', 'rank': 3}, {'name': 'Subject', 'value': 'International Relations', 'rank': 4}, {'name': 'Location', 'value': 'Azerbaijan', 'rank': 5}, {'name': 'Subject', 'value': 'Politics and Government', 'rank': 6}, {'name': 'Subject', 'value': 'Helicopters', 'rank': 7}, {'name': 'Person', 'value': 'Amir Abdollahian, Hossein', 'rank': 8}]",Foreign,1.0,A,2024-05-19 14:06:09+00:00,World,"Rescuers are trying to locate the helicopter on which President Ebrahim Raisi and Foreign Minister Hossein Amir Abdollahian were traveling, state media reported. Their status is unknown.",The New York Times,Middle East,News,nyt://article/b2c28cce-ffdf-551c-a4e7-27d9bf22684e,https://www.nytimes.com/2024/05/19/world/middleeast/iran-president-helicopter-crash.html,846,By Farnaz Fassihi,"Helicopter Carrying Iran’s President Has Crashed, State Media Reports",,"Iran Leader’s Helicopter Crashes in a Thick Fog, Starting a Huge Search","President Ebrahim Raisi of Iran, who was with the country’s foreign minister on a helicopter that crashed on Sunday, according to Iran’s state media.",Vahid Salemi/Associated Press,https://static01.nyt.com/images/2024/05/19/multimedia/19iran-raisi-crash-qhbf/19iran-raisi-crash-qhbf-articleLarge.jpg,400,600,https://static01.nyt.com/images/2024/05/19/multimedia/19iran-raisi-crash-qhbf/19iran-raisi-crash-qhbf-thumbStandard.jpg,75,75,"Helicopter Carrying Iran’s President Has Crashed, State Media Reports","Helicopter Carrying Iran’s President Has Crashed, State Media Reports Rescuers are trying to locate the helicopter on which President Ebrahim Raisi and Foreign Minister Hossein Amir Abdollahian were traveling, state media reported. Their status is unknown. Rescuers are trying to locate the helicopter on which President Ebrahim Raisi and Foreign Minister Hossein Amir Abdollahian were traveling, state media reported. Their status is unknown."
The French authorities have undertaken a “massive” mobilization of security forces since violence broke out over a constitutional amendment that changes voting rules in the South Pacific territory.,article,nyt://article/3218b0c6-596a-5da8-b3c5-5fdb13384d36,"[{'name': 'Location', 'value': 'New Caledonia', 'rank': 1}, {'name': 'Location', 'value': 'France', 'rank': 2}, {'name': 'Subject', 'value': 'Politics and Government', 'rank': 3}, {'name': 'Subject', 'value': 'Demonstrations, Protests and Riots', 'rank': 4}, {'name': 'Subject', 'value': 'Constitutions', 'rank': 5}, {'name': 'Person', 'value': 'Macron, Emmanuel (1977- )', 'rank': 6}]",Foreign,12.0,A,2024-05-15 14:33:51+00:00,World,The French authorities have undertaken a “massive” mobilization of security forces since violence broke out over a constitutional amendment that changes voting rules in the South Pacific territory.,The New York Times,Asia Pacific,News,nyt://article/3218b0c6-596a-5da8-b3c5-5fdb13384d36,https://www.nytimes.com/2024/05/15/world/asia/new-caledonia-france-macron.html,824,By Cassandra Vinograd and Aurelien Breeden,France Declares State of Emergency Amid Protests in New Caledonia,,France Declares State of Emergency Amid Protests in New Caledonia,"Walking next to a burned-out car while a man holds a flag of the Socialist Kanak National Liberation Front after a supermarket was looted and shops vandalized in the New Caledonian capital, Noumea, on Tuesday.",Delphine Mayeur/Agence France-Presse — Getty Images,https://static01.nyt.com/images/2024/05/15/multimedia/15NEW-CALEDONIA-kwgl/15NEW-CALEDONIA-kwgl-articleLarge.jpg,400,600,https://static01.nyt.com/images/2024/05/15/multimedia/15NEW-CALEDONIA-kwgl/15NEW-CALEDONIA-kwgl-thumbStandard.jpg,75,75,France Declares State of Emergency Amid Protests in New Caledonia,France Declares State of Emergency Amid Protests in New Caledonia The French authorities have undertaken a “massive” mobilization of security forces since violence broke out over a constitutional amendment that changes voting rules in the South Pacific territory. The French authorities have undertaken a “massive” mobilization of security forces since violence broke out over a constitutional amendment that changes voting rules in the South Pacific territory.
"Nearly 10 days after Israel began a military operation in the southernmost city of Gaza, aid trucks are backed up at the border.",article,nyt://article/c66a76b0-a815-587f-bc76-39db04183f55,"[{'name': 'Subject', 'value': 'Israel-Gaza War (2023- )', 'rank': 1}]",Foreign,,,2024-05-15 12:15:42+00:00,World,"Nearly 10 days after Israel began a military operation in the southernmost city of Gaza, aid trucks are backed up at the border.",The New York Times,Middle East,News,nyt://article/c66a76b0-a815-587f-bc76-39db04183f55,https://www.nytimes.com/2024/05/15/world/middleeast/rafah-border-crossing-gaza.html,900,By Adam Rasgon and Michael Crowley,"Gaza aid gains may be lost as fighting rages in Rafah, the U.S. secretary of state says.",Top news,,"Trucks waiting on an Egyptian road along the border with Israel, near the Rafah border crossing with Gaza, earlier this month.",Oren Alon/Reuters,https://static01.nyt.com/images/2024/05/15/multimedia/15mideast-crisis-rafah-crossing-ghck/15mideast-crisis-rafah-crossing-ghck-articleLarge.jpg,450,600,https://static01.nyt.com/images/2024/05/15/multimedia/15mideast-crisis-rafah-crossing-ghck/15mideast-crisis-rafah-crossing-ghck-thumbStandard.jpg,75,75,"Gaza aid gains may be lost as fighting rages in Rafah, the U.S. secretary of state says.","Gaza aid gains may be lost as fighting rages in Rafah, the U.S. secretary of state says. Nearly 10 days after Israel began a military operation in the southernmost city of Gaza, aid trucks are backed up at the border. Nearly 10 days after Israel began a military operation in the southernmost city of Gaza, aid trucks are backed up at the border."
,article,nyt://article/8427399b-7700-5928-8e72-e3163a2184e1,"[{'name': 'Location', 'value': 'Egypt', 'rank': 1}, {'name': 'Location', 'value': 'Gaza Strip', 'rank': 2}, {'name': 'Location', 'value': 'Israel', 'rank': 3}, {'name': 'Location', 'value': 'Jordan', 'rank': 4}, {'name': 'Location', 'value': 'Riyadh (Saudi Arabia)', 'rank': 5}, {'name': 'Location', 'value': 'Saudi Arabia', 'rank': 6}, {'name': 'Location', 'value': 'United States', 'rank': 7}, {'name': 'Person', 'value': 'Blinken, Antony J', 'rank': 8}, {'name': 'Person', 'value': 'Netanyahu, Benjamin', 'rank': 9}, {'name': 'Person', 'value': 'Shoukry, Sameh', 'rank': 10}, {'name': 'Organization', 'value': 'Hamas', 'rank': 11}, {'name': 'Subject', 'value': 'International Relations', 'rank': 12}, {'name': 'Subject', 'value': 'Palestinians', 'rank': 13}, {'name': 'Subject', 'value': 'Israel-Gaza War (2023- )', 'rank': 14}, {'name': 'Subject', 'value': 'Politics and Government', 'rank': 15}, {'name': 'Subject', 'value': 'Defense and Military Forces', 'rank': 16}, {'name': 'Subject', 'value': 'United States International Relations', 'rank': 17}, {'name': 'Subject', 'value': 'Peace Process', 'rank': 18}]",Foreign,,,2024-04-29 17:37:55+00:00,World,,The New York Times,Middle East,Live Blog Post,nyt://article/8427399b-7700-5928-8e72-e3163a2184e1,https://www.nytimes.com/live/2024/04/29/world/israel-gaza-war-hamas/arab-ministers-peace-israel-palestinian-state,686,By Vivian Nereim,Arab ministers suggest ways to ‘force peace’ amid Israel’s refusal to recognize a Palestinian state.,,,"Damaged buildings in Rafah, in southern Gaza, on Monday.",Agence France-Presse — Getty Images,https://static01.nyt.com/images/2024/04/29/multimedia/29mideast-crisis-arab-ministers-mvct/29mideast-crisis-arab-ministers-mvct-articleLarge.jpg,400,600,https://static01.nyt.com/images/2024/04/29/multimedia/29mideast-crisis-arab-ministers-mvct/29mideast-crisis-arab-ministers-mvct-thumbStandard.jpg,75,75,Arab ministers suggest ways to ‘force peace’ amid Israel’s refusal to recognize a Palestinian state.,Arab ministers suggest ways to ‘force peace’ amid Israel’s refusal to recognize a Palestinian state.
"The move blocked a resolution to support a status that Palestinians had long sought at the United Nations, where it is considered a “nonmember observer state.”",article,nyt://article/011b190c-ede1-5199-9f4a-c84395e4fb88,"[{'name': 'Subject', 'value': 'Palestinians', 'rank': 1}, {'name': 'Subject', 'value': 'International Relations', 'rank': 2}, {'name': 'Subject', 'value': 'United States International Relations', 'rank': 3}, {'name': 'Subject', 'value': 'Israel-Gaza War (2023- )', 'rank': 4}, {'name': 'Organization', 'value': 'Security Council (UN)', 'rank': 5}, {'name': 'Organization', 'value': 'United Nations', 'rank': 6}, {'name': 'Organization', 'value': 'Palestinian Authority', 'rank': 7}, {'name': 'Person', 'value': 'Mansour, Riyad H', 'rank': 8}, {'name': 'Person', 'value': 'Abbas, Mahmoud', 'rank': 9}, {'name': 'Location', 'value': 'Gaza Strip', 'rank': 10}, {'name': 'Location', 'value': 'Israel', 'rank': 11}]",Foreign,,,2024-04-18 21:35:13+00:00,World,"The move blocked a resolution to support a status that Palestinians had long sought at the United Nations, where it is considered a “nonmember observer state.”",The New York Times,Middle East,News,nyt://article/011b190c-ede1-5199-9f4a-c84395e4fb88,https://www.nytimes.com/2024/04/18/world/middleeast/palestinian-statehood-un-veto.html,1297,By Yonette Joseph,U.S. Vetoes Palestinian Bid for Recognition as Full U.N. Member State,,,"The United Nations Security Council met in New York on Thursday to address issues in the Middle East, including the Palestinian bid for statehood.",Angela Weiss/Agence France-Presse — Getty Images,https://static01.nyt.com/images/2024/04/18/multimedia/18un-palestine-hzfc/18un-palestine-hzfc-articleLarge.jpg,400,600,https://static01.nyt.com/images/2024/04/18/multimedia/18un-palestine-hzfc/18un-palestine-hzfc-thumbStandard.jpg,75,75,U.S. Vetoes Palestinian Bid for Recognition as Full U.N. Member State,"U.S. Vetoes Palestinian Bid for Recognition as Full U.N. Member State The move blocked a resolution to support a status that Palestinians had long sought at the United Nations, where it is considered a “nonmember observer state.” The move blocked a resolution to support a status that Palestinians had long sought at the United Nations, where it is considered a “nonmember observer state.”"
,article,nyt://article/bbb7ec99-fcaf-5385-8d77-04f076a8aecc,[],Foreign,,,2024-04-18 20:20:57+00:00,World,,The New York Times,Middle East,Live Blog Post,nyt://article/bbb7ec99-fcaf-5385-8d77-04f076a8aecc,https://www.nytimes.com/live/2024/04/18/world/iran-israel-gaza-war-news/the-un-vote-is-part-of-a-long-running-effort-to-secure-recognition-for-a-palestinian-state,720,By Cassandra Vinograd,The U.N. vote is part of a long-running effort to secure recognition for a Palestinian state.,,,"Palestinians rallied in Hebron, West Bank, to support the bid for statehood in 2011.",Rina Castelnuovo for The New York Times,https://static01.nyt.com/images/2024/04/18/multimedia/18mideast-crisis-palestine-recognition-zcjv/18mideast-crisis-palestine-recognition-zcjv-articleLarge.jpg,400,600,https://static01.nyt.com/images/2024/04/18/multimedia/18mideast-crisis-palestine-recognition-zcjv/18mideast-crisis-palestine-recognition-zcjv-thumbStandard.jpg,75,75,The U.N. vote is part of a long-running effort to secure recognition for a Palestinian state.,The U.N. vote is part of a long-running effort to secure recognition for a Palestinian state.
"The move blocked a resolution to support a status that Palestinians have long sought at the United Nations, where it is considered a “nonmember observer state.”",article,nyt://article/095bb548-e8af-50ce-a951-d5707eb9e703,"[{'name': 'Subject', 'value': 'Israel-Gaza War (2023- )', 'rank': 1}, {'name': 'Subject', 'value': 'Palestinians', 'rank': 2}, {'name': 'Organization', 'value': 'Security Council (UN)', 'rank': 3}, {'name': 'Organization', 'value': 'Palestinian Authority', 'rank': 4}, {'name': 'Subject', 'value': 'United States International Relations', 'rank': 5}]",Foreign,,,2024-04-18 18:28:21+00:00,World,"The move blocked a resolution to support a status that Palestinians have long sought at the United Nations, where it is considered a “nonmember observer state.”",The New York Times,Middle East,Live Blog Post,nyt://article/095bb548-e8af-50ce-a951-d5707eb9e703,https://www.nytimes.com/live/2024/04/18/world/israel-iran-gaza-war-news/un-vote-palestinian-statehood,560,By Farnaz Fassihi and Yonette Joseph,The U.S. vetoes a Palestinian bid for recognition as a full U.N. member state.,,,The Security Council has consistently called for a two-state solution to the Palestinian-Israeli conflict.,Angela Weiss/Agence France-Presse — Getty Images,https://static01.nyt.com/images/2024/04/18/multimedia/18mideast-crisis-un-pal-statehood-twvk/18mideast-crisis-un-pal-statehood-twvk-articleLarge.jpg,400,600,https://static01.nyt.com/images/2024/04/18/multimedia/18mideast-crisis-un-pal-statehood-twvk/18mideast-crisis-un-pal-statehood-twvk-thumbStandard.jpg,75,75,The U.S. vetoes a Palestinian bid for recognition as a full U.N. member state.,"The U.S. vetoes a Palestinian bid for recognition as a full U.N. member state. The move blocked a resolution to support a status that Palestinians have long sought at the United Nations, where it is considered a “nonmember observer state.” The move blocked a resolution to support a status that Palestinians have long sought at the United Nations, where it is considered a “nonmember observer state.”"
,article,nyt://article/5180df78-88b6-51f0-b76f-7bcf1164d6aa,[],Foreign,,,2024-04-03 20:04:29+00:00,World,,The New York Times,Middle East,Live Blog Post,nyt://article/5180df78-88b6-51f0-b76f-7bcf1164d6aa,https://www.nytimes.com/live/2024/04/03/world/israel-hamas-war-gaza-news/the-killing-of-aid-workers-will-not-affect-us-plans-to-build-a-pier-in-gaza-the-state-department-said,390,,"The killing of aid workers will not affect U.S. plans to build a pier in Gaza, the State Department said.",,,"A pier in southern Gaza that could be used to deliver humanitarian aid, last month.",Fatima Shbair/Associated Press,https://static01.nyt.com/images/2024/03/13/multimedia/03mideast-crisis-state-dept-top3/13mideast-4-fwkl-articleLarge.jpg,400,600,https://static01.nyt.com/images/2024/03/13/multimedia/03mideast-crisis-state-dept-top3/13mideast-4-fwkl-thumbStandard.jpg,75,75,"The killing of aid workers will not affect U.S. plans to build a pier in Gaza, the State Department said.","The killing of aid workers will not affect U.S. plans to build a pier in Gaza, the State Department said."
,article,nyt://article/12d950e4-c075-52c3-9af3-0ba9efaac991,"[{'name': 'Location', 'value': 'Israel', 'rank': 1}, {'name': 'Location', 'value': 'Syria', 'rank': 2}, {'name': 'Location', 'value': 'Aleppo (Syria)', 'rank': 3}, {'name': 'Subject', 'value': 'Defense and Military Forces', 'rank': 4}, {'name': 'Organization', 'value': 'Hezbollah', 'rank': 5}, {'name': 'Subject', 'value': 'Terrorism', 'rank': 6}]",Foreign,,,2024-03-29 08:26:20+00:00,World,,The New York Times,Middle East,Live Blog Post,nyt://article/12d950e4-c075-52c3-9af3-0ba9efaac991,https://www.nytimes.com/live/2024/03/29/world/israel-hamas-war-gaza-news/israel-strike-syria-aleppo,792,By Raja Abdulrahim and Victoria Kim,"An Israeli strike near Aleppo killed Syrian soldiers, the state media says.",,,Workers clearing debris in February after what the Syrian state news media said was an Israeli airstrike on a residential building in Damascus that killed two people. ,Firas Makdesi/Reuters,https://static01.nyt.com/images/2024/03/29/multimedia/29mideast-crisis-aleppo-wktl/29mideast-crisis-aleppo-wktl-articleLarge.jpg,395,600,https://static01.nyt.com/images/2024/03/29/multimedia/29mideast-crisis-aleppo-wktl/29mideast-crisis-aleppo-wktl-thumbStandard.jpg,75,75,"An Israeli strike near Aleppo killed Syrian soldiers, the state media says.","An Israeli strike near Aleppo killed Syrian soldiers, the state media says."
Russian state news outlets barely mentioned the claim of responsibility made by the Islamic State group.,article,nyt://article/a4210be8-2881-58a3-829a-a2dccbffd498,"[{'name': 'Subject', 'value': 'Terrorism', 'rank': 1}, {'name': 'Subject', 'value': 'Propaganda', 'rank': 2}, {'name': 'Organization', 'value': 'Islamic State in Iraq and Syria (ISIS)', 'rank': 3}, {'name': 'Person', 'value': 'Putin, Vladimir V', 'rank': 4}, {'name': 'Location', 'value': 'Moscow (Russia)', 'rank': 5}, {'name': 'Location', 'value': 'Ukraine', 'rank': 6}, {'name': 'Subject', 'value': 'Moscow Concert Hall Shooting (March 2024)', 'rank': 7}]",Foreign,,,2024-03-24 15:19:01+00:00,World,Russian state news outlets barely mentioned the claim of responsibility made by the Islamic State group.,The New York Times,Europe,News,nyt://article/a4210be8-2881-58a3-829a-a2dccbffd498,https://www.nytimes.com/2024/03/24/world/europe/russia-moscow-isis.html,716,By Ivan Nechepurenko,"Amid Questions About Security Failures, Russian State Media Focus on a Different Narrative",,,People bringing flowers to a memorial on Saturday for the victims of the terrorist attack in the Moscow area.,Nanna Heitmann for The New York Times,https://static01.nyt.com/images/2024/03/24/multimedia/24moscow-attack-narratives-hkpc/24moscow-attack-narratives-hkpc-articleLarge.jpg,450,600,https://static01.nyt.com/images/2024/03/24/multimedia/24moscow-attack-narratives-hkpc/24moscow-attack-narratives-hkpc-thumbStandard.jpg,75,75,"Amid Questions About Security Failures, Russian State Media Focus on a Different Narrative","Amid Questions About Security Failures, Russian State Media Focus on a Different Narrative Russian state news outlets barely mentioned the claim of responsibility made by the Islamic State group. Russian state news outlets barely mentioned the claim of responsibility made by the Islamic State group."
"The nature of President Vo Van Thuong’s wrongdoing was unclear, but his departure could be a sign of an internal power struggle among Vietnam’s leaders.",article,nyt://article/543485aa-bd1e-5429-81d0-bbe2a227b84a,"[{'name': 'Location', 'value': 'Vietnam', 'rank': 1}, {'name': 'Subject', 'value': 'Politics and Government', 'rank': 2}]",Foreign,10.0,A,2024-03-20 12:04:29+00:00,World,"The nature of President Vo Van Thuong’s wrongdoing was unclear, but his departure could be a sign of an internal power struggle among Vietnam’s leaders.",The New York Times,Asia Pacific,News,nyt://article/543485aa-bd1e-5429-81d0-bbe2a227b84a,https://www.nytimes.com/2024/03/20/world/asia/vietnam-president-thuong-resigns.html,769,By Sui-Lee Wee,"Vietnam’s President Resigns Over Communist Party Breaches, State Media Says",,Vietnam President Quits Amid Hint of Corruption,"President Biden meeting with President Vo Van Thuong of Vietnam in Hanoi, in 2023.",Kenny Holston/The New York Times,https://static01.nyt.com/images/2024/03/20/multimedia/00hfo-vietnam-tbzm/00hfo-vietnam-tbzm-articleLarge.jpg,400,600,https://static01.nyt.com/images/2024/03/20/multimedia/00hfo-vietnam-tbzm/00hfo-vietnam-tbzm-thumbStandard.jpg,75,75,"Vietnam’s President Resigns Over Communist Party Breaches, State Media Says","Vietnam’s President Resigns Over Communist Party Breaches, State Media Says The nature of President Vo Van Thuong’s wrongdoing was unclear, but his departure could be a sign of an internal power struggle among Vietnam’s leaders. The nature of President Vo Van Thuong’s wrongdoing was unclear, but his departure could be a sign of an internal power struggle among Vietnam’s leaders."
,article,nyt://article/4ef77f44-5a54-50da-80db-7586336fb39b,[],Foreign,,,2024-03-14 15:47:49+00:00,World,,The New York Times,Middle East,Live Blog Post,nyt://article/4ef77f44-5a54-50da-80db-7586336fb39b,https://www.nytimes.com/live/2024/03/14/world/israel-hamas-war-gaza-news/state-department-imposes-new-sanctions-on-israeli-settlers-over-west-bank-violence,233,By Michael Crowley,The State Department imposes new sanctions on Israeli settlers over West Bank violence.,,,An Israeli settlement in the occupied West Bank in March.,Hazem Bader/Agence France-Presse — Getty Images,https://static01.nyt.com/images/2024/03/14/multimedia/14mideast-crisis-state-sanctions-2-twvh/14mideast-crisis-state-sanctions-2-twvh-articleLarge.jpg,400,600,https://static01.nyt.com/images/2024/03/14/multimedia/14mideast-crisis-state-sanctions-2-twvh/14mideast-crisis-state-sanctions-2-twvh-thumbStandard.jpg,75,75,The State Department imposes new sanctions on Israeli settlers over West Bank violence.,The State Department imposes new sanctions on Israeli settlers over West Bank violence.
,article,nyt://article/945a8e05-30bf-5a52-a2ee-a801d1741f4d,[],Foreign,,,2024-03-08 08:58:37+00:00,World,,The New York Times,Middle East,News,nyt://article/945a8e05-30bf-5a52-a2ee-a801d1741f4d,https://www.nytimes.com/2024/03/08/world/middleeast/biden-urges-israel-to-do-its-part-to-increase-aid-to-gaza.html,614,By Victoria Kim,"In his State of the Union speech, Biden urges Israel to ‘do its part’ to increase aid to Gaza.",,,President Biden said Thursday in his State of the Union address that a U.S. operation would “enable a massive increase” in the assistance entering Gaza.,Doug Mills/The New York Times,https://static01.nyt.com/images/2024/03/08/multimedia/08mideast-crisis-sotu-mgzl/08mideast-crisis-sotu-mgzl-articleLarge.jpg,400,600,https://static01.nyt.com/images/2024/03/08/multimedia/08mideast-crisis-sotu-mgzl/08mideast-crisis-sotu-mgzl-thumbStandard.jpg,75,75,"In his State of the Union speech, Biden urges Israel to ‘do its part’ to increase aid to Gaza.","In his State of the Union speech, Biden urges Israel to ‘do its part’ to increase aid to Gaza."
Olena Zelenska’s office cited a scheduling conflict. The Russian opposition figure Yulia Navalnaya also declined an invitation.,article,nyt://article/72fd80cd-6acb-53da-8c58-6e793358de1b,"[{'name': 'Subject', 'value': 'State of the Union Message (US)', 'rank': 1}, {'name': 'Person', 'value': 'Zelenska, Olena', 'rank': 2}, {'name': 'Person', 'value': 'Zelensky, Volodymyr', 'rank': 3}, {'name': 'Person', 'value': 'Navalny, Aleksei A', 'rank': 4}, {'name': 'Person', 'value': 'Biden, Joseph R Jr', 'rank': 5}, {'name': 'Person', 'value': 'Navalnaya, Yulia B', 'rank': 6}, {'name': 'Location', 'value': 'Washington (DC)', 'rank': 7}, {'name': 'Location', 'value': 'Ukraine', 'rank': 8}]",Foreign,6.0,A,2024-03-06 15:36:35+00:00,World,Olena Zelenska’s office cited a scheduling conflict. The Russian opposition figure Yulia Navalnaya also declined an invitation.,The New York Times,Europe,News,nyt://article/72fd80cd-6acb-53da-8c58-6e793358de1b,https://www.nytimes.com/2024/03/06/world/europe/biden-state-of-the-union-olena-zelensky.html,363,By Constant Méheut and Michael D. Shear,Ukraine’s First Lady Declines Invitation to State of the Union Address,,Zelensky’s Wife Declines  To Attend Biden’s Speech,"Olena Zelenska, the first lady of Ukraine, with Akshata Murty, the wife of British Prime Minister Rishi Sunak, in London last month.",Pool photo by Daniel Leal,https://static01.nyt.com/images/2024/03/06/multimedia/06ukraine-biden-01-vkpj/06ukraine-biden-01-vkpj-articleLarge.jpg,402,600,https://static01.nyt.com/images/2024/03/06/multimedia/06ukraine-biden-01-vkpj/06ukraine-biden-01-vkpj-thumbStandard.jpg,75,75,Ukraine’s First Lady Declines Invitation to State of the Union Address,Ukraine’s First Lady Declines Invitation to State of the Union Address Olena Zelenska’s office cited a scheduling conflict. The Russian opposition figure Yulia Navalnaya also declined an invitation. Olena Zelenska’s office cited a scheduling conflict. The Russian opposition figure Yulia Navalnaya also declined an invitation.
The opposition leader Aleksei Navalny called himself “a typical post-Soviet believer” of Russian Orthodox faith. But the institution of the church bound itself closely to President Vladimir V. Putin.,article,nyt://article/5956f07f-fcc9-55da-ae2d-4b3e550e8b9c,"[{'name': 'Subject', 'value': 'vis-photo', 'rank': 1}, {'name': 'Subject', 'value': 'Russian Orthodox Church', 'rank': 2}, {'name': 'Subject', 'value': 'Russian Invasion of Ukraine (2022)', 'rank': 3}, {'name': 'Person', 'value': 'Navalny, Aleksei A', 'rank': 4}]",Foreign,,,2024-03-01 21:28:30+00:00,World,The opposition leader Aleksei Navalny called himself “a typical post-Soviet believer” of Russian Orthodox faith. But the institution of the church bound itself closely to President Vladimir V. Putin.,The New York Times,Europe,News,nyt://article/5956f07f-fcc9-55da-ae2d-4b3e550e8b9c,https://www.nytimes.com/2024/03/01/world/europe/navalny-funeral-image-moscow.html,595,By Valerie Hopkins and Oleg Matsnev,"From a Funeral Image, the Textures of Faith and State in Russia",,,At Aleksei Navalny’s funeral.,Reuters,https://static01.nyt.com/images/2024/03/01/multimedia/01navalny-photo-fqwv/01navalny-photo-fqwv-articleLarge.jpg,400,600,https://static01.nyt.com/images/2024/03/01/multimedia/01navalny-photo-fqwv/01navalny-photo-fqwv-thumbStandard-v2.jpg,75,75,"From a Funeral Image, the Textures of Faith and State in Russia","From a Funeral Image, the Textures of Faith and State in Russia The opposition leader Aleksei Navalny called himself “a typical post-Soviet believer” of Russian Orthodox faith. But the institution of the church bound itself closely to President Vladimir V. Putin. The opposition leader Aleksei Navalny called himself “a typical post-Soviet believer” of Russian Orthodox faith. But the institution of the church bound itself closely to President Vladimir V. Putin."
"The legal change, which could further limit access to information, is part of an increasingly hostile environment facing foreign businesses in the country.",article,nyt://article/342c11ae-4ded-5af1-b0ce-2200c8d6a0a5,"[{'name': 'Subject', 'value': 'Classified Information and State Secrets', 'rank': 1}, {'name': 'Subject', 'value': 'International Relations', 'rank': 2}, {'name': 'Subject', 'value': 'Foreign Investments', 'rank': 3}, {'name': 'Subject', 'value': 'Law and Legislation', 'rank': 4}, {'name': 'Subject', 'value': 'Espionage and Intelligence Services', 'rank': 5}, {'name': 'Subject', 'value': 'Politics and Government', 'rank': 6}, {'name': 'Organization', 'value': 'Communist Party of China', 'rank': 7}, {'name': 'Organization', 'value': 'Capvision Partners', 'rank': 8}, {'name': 'Organization', 'value': 'European Union Chamber of Commerce in China', 'rank': 9}, {'name': 'Organization', 'value': ""Ministry of State Security of the People's Republic of China"", 'rank': 10}, {'name': 'Person', 'value': 'Xi Jinping', 'rank': 11}, {'name': 'Location', 'value': 'China', 'rank': 12}]",Business,4.0,B,2024-02-28 08:18:51+00:00,World,"The legal change, which could further limit access to information, is part of an increasingly hostile environment facing foreign businesses in the country.",The New York Times,Asia Pacific,News,nyt://article/342c11ae-4ded-5af1-b0ce-2200c8d6a0a5,https://www.nytimes.com/2024/02/28/world/asia/china-state-secrets-law.html,840,"By Daisuke Wakabayashi, Keith Bradsher and Claire Fu",China Expands Scope of ‘State Secrets’ Law in Security Push,,China Expands the Scope Of Its ‘State Secrets’ Law,"China has fortified its national security and data sharing laws, while waging an all-of-society campaign against espionage.","Mark R Cristino/EPA, via Shutterstock",https://static01.nyt.com/images/2024/02/28/multimedia/28china-secrets-zqpk/28china-secrets-zqpk-articleLarge.jpg,400,600,https://static01.nyt.com/images/2024/02/28/multimedia/28china-secrets-zqpk/28china-secrets-zqpk-thumbStandard.jpg,75,75,China Expands Scope of ‘State Secrets’ Law in Security Push,"China Expands Scope of ‘State Secrets’ Law in Security Push The legal change, which could further limit access to information, is part of an increasingly hostile environment facing foreign businesses in the country. The legal change, which could further limit access to information, is part of an increasingly hostile environment facing foreign businesses in the country."
"The Israeli leader’s proposal is at odds with the United States and much of the world over Palestinian statehood, border areas and the future role of the Palestinian Authority.",article,nyt://article/c01ed589-6cf2-5021-a8a6-21e520526c03,"[{'name': 'Person', 'value': 'Netanyahu, Benjamin', 'rank': 1}, {'name': 'Location', 'value': 'Israel', 'rank': 2}, {'name': 'Subject', 'value': 'Israel-Gaza War (2023- )', 'rank': 3}, {'name': 'Subject', 'value': 'War and Armed Conflicts', 'rank': 4}, {'name': 'Location', 'value': 'Egypt', 'rank': 5}, {'name': 'Location', 'value': 'Gaza Strip', 'rank': 6}]",Foreign,,,2024-02-23 15:28:15+00:00,World,"The Israeli leader’s proposal is at odds with the United States and much of the world over Palestinian statehood, border areas and the future role of the Palestinian Authority.",The New York Times,Middle East,News,nyt://article/c01ed589-6cf2-5021-a8a6-21e520526c03,https://www.nytimes.com/2024/02/23/world/middleeast/israel-gaza-netanyahu-plan-war.html,505,By Aaron Boxerman,International Calls for a Palestinian State Clash With Netanyahu’s Plan,,,Prime Minister Benjamin Netanyahu of Israel has released his most detailed vision yet for the future of Gaza after the war.,Pool photo by Ohad Zwigenberg,https://static01.nyt.com/images/2024/02/23/multimedia/23mideast-crisis-netanyahu-politics-wzpf/23mideast-crisis-netanyahu-politics-wzpf-articleLarge.jpg,400,600,https://static01.nyt.com/images/2024/02/23/multimedia/23mideast-crisis-netanyahu-politics-wzpf/23mideast-crisis-netanyahu-politics-wzpf-thumbStandard.jpg,75,75,International Calls for a Palestinian State Clash With Netanyahu’s Plan,"International Calls for a Palestinian State Clash With Netanyahu’s Plan The Israeli leader’s proposal is at odds with the United States and much of the world over Palestinian statehood, border areas and the future role of the Palestinian Authority. The Israeli leader’s proposal is at odds with the United States and much of the world over Palestinian statehood, border areas and the future role of the Palestinian Authority."
The largely symbolic move followed proposals by international allies that were discussed during recent cease-fire negotiations in Cairo.,article,nyt://article/413a66f9-fd22-5cea-aa5e-7293a2416097,"[{'name': 'Subject', 'value': 'Israel-Gaza War (2023- )', 'rank': 1}, {'name': 'Person', 'value': 'Netanyahu, Benjamin', 'rank': 2}, {'name': 'Subject', 'value': 'Palestinians', 'rank': 3}, {'name': 'Person', 'value': 'Cameron, David', 'rank': 4}, {'name': 'Organization', 'value': 'Hamas', 'rank': 5}, {'name': 'Person', 'value': 'Abdullah II, King of Jordan', 'rank': 6}, {'name': 'Person', 'value': 'Gantz, Benny', 'rank': 7}]",Foreign,,,2024-02-18 15:15:28+00:00,World,The largely symbolic move followed proposals by international allies that were discussed during recent cease-fire negotiations in Cairo.,The New York Times,Middle East,News,nyt://article/413a66f9-fd22-5cea-aa5e-7293a2416097,https://www.nytimes.com/2024/02/18/world/middleeast/israel-palestinian-state.html,572,By Isabel Kershner,Israel’s government formally rejects the unilateral recognition of a Palestinian state.,,,"Prime Minister Benjamin Netanyahu of Israel, center, during a cabinet meeting in Tel Aviv last month.",Pool photo by Ronen Zvulun,https://static01.nyt.com/images/2024/02/18/multimedia/18mideast-crisis-statehood-tkjl/18mideast-crisis-statehood-tkjl-articleLarge.jpg,402,600,https://static01.nyt.com/images/2024/02/18/multimedia/18mideast-crisis-statehood-tkjl/18mideast-crisis-statehood-tkjl-thumbStandard.jpg,75,75,Israel’s government formally rejects the unilateral recognition of a Palestinian state.,Israel’s government formally rejects the unilateral recognition of a Palestinian state. The largely symbolic move followed proposals by international allies that were discussed during recent cease-fire negotiations in Cairo. The largely symbolic move followed proposals by international allies that were discussed during recent cease-fire negotiations in Cairo.
"The death toll Wednesday was the highest in months of cross-border fighting, and amplified fears that the cross-border clashes could escalate into a full-fledged war.",article,nyt://article/50ed7927-2e3b-58fc-80f8-bd3ebc4cf17f,"[{'name': 'Location', 'value': 'Lebanon', 'rank': 1}, {'name': 'Subject', 'value': 'Israel-Gaza War (2023- )', 'rank': 2}, {'name': 'Subject', 'value': 'War and Armed Conflicts', 'rank': 3}, {'name': 'Organization', 'value': 'Hezbollah', 'rank': 4}, {'name': 'Location', 'value': 'Gaza Strip', 'rank': 5}, {'name': 'Location', 'value': 'Iran', 'rank': 6}]",Foreign,,,2024-02-15 11:14:41+00:00,World,"The death toll Wednesday was the highest in months of cross-border fighting, and amplified fears that the cross-border clashes could escalate into a full-fledged war.",The New York Times,Middle East,News,nyt://article/50ed7927-2e3b-58fc-80f8-bd3ebc4cf17f,https://www.nytimes.com/2024/02/15/world/middleeast/lebanon-death-toll-israeli-strikes.html,350,By Adam Sella and Euan Ward,Lebanon’s State Media Says Israeli Strikes There Killed 10 Civilians,,,Rescuers on Thursday at a building in the southern Lebanese city of Nabatieh that was hit in a strike.,Mahmoud Zayyat/Agence France-Presse — Getty Images,https://static01.nyt.com/images/2024/02/15/multimedia/15mideast-crisis-lebanon-toll-mpft/15mideast-crisis-lebanon-toll-mpft-articleLarge.jpg,400,600,https://static01.nyt.com/images/2024/02/15/multimedia/15mideast-crisis-lebanon-toll-mpft/15mideast-crisis-lebanon-toll-mpft-thumbStandard.jpg,75,75,Lebanon’s State Media Says Israeli Strikes There Killed 10 Civilians,"Lebanon’s State Media Says Israeli Strikes There Killed 10 Civilians The death toll Wednesday was the highest in months of cross-border fighting, and amplified fears that the cross-border clashes could escalate into a full-fledged war. The death toll Wednesday was the highest in months of cross-border fighting, and amplified fears that the cross-border clashes could escalate into a full-fledged war."
,article,nyt://article/17fb3360-8d79-5c2b-93d4-4d2de5c25159,[],Washington,,,2024-02-13 22:49:41+00:00,World,,The New York Times,Middle East,Live Blog Post,nyt://article/17fb3360-8d79-5c2b-93d4-4d2de5c25159,https://www.nytimes.com/live/2024/02/14/world/israel-hamas-war-gaza-news/the-state-department-is-assessing-reports-of-civilian-harm-in-gaza-from-us-made-arms,354,By Michael Crowley,The State Department is assessing reports of civilian harm in Gaza from U.S.-made arms.,,,,,,0,0,,0,0,The State Department is assessing reports of civilian harm in Gaza from U.S.-made arms.,The State Department is assessing reports of civilian harm in Gaza from U.S.-made arms.
"Cameron Ortis was convicted of passing state secrets to men under police investigation, but his motives remain unknown. He said it was all part of an international mission he could not disclose.",article,nyt://article/0dea6b4a-892c-5bbf-a139-a4480c115b7d,"[{'name': 'Person', 'value': 'Ortis, Cameron', 'rank': 1}, {'name': 'Organization', 'value': 'Royal Canadian Mounted Police', 'rank': 2}, {'name': 'Subject', 'value': 'Classified Information and State Secrets', 'rank': 3}, {'name': 'Subject', 'value': 'Espionage and Intelligence Services', 'rank': 4}, {'name': 'Subject', 'value': 'Decisions and Verdicts', 'rank': 5}, {'name': 'Subject', 'value': 'Police', 'rank': 6}, {'name': 'Location', 'value': 'Canada', 'rank': 7}]",Foreign,,,2024-02-08 01:17:01+00:00,World,"Cameron Ortis was convicted of passing state secrets to men under police investigation, but his motives remain unknown. He said it was all part of an international mission he could not disclose.",The New York Times,Canada,News,nyt://article/0dea6b4a-892c-5bbf-a139-a4480c115b7d,https://www.nytimes.com/2024/02/07/world/canada/sentence-state-secrets.html,529,By Ian Austen,Canadian Ex-Intelligence Official Is Sentenced to 14 Years Over State Secrets,,,"Cameron Ortis, sentenced to 14 years in prison for violating Canada’s Security of Information Act, said his actions were all part of an international mission. ","Sean Kilpatrick/The Canadian Press, via Associated Press",https://static01.nyt.com/images/2024/02/07/multimedia/07canada-secrets-02-lkbg/07canada-secrets-02-lkbg-articleLarge.jpg,422,600,https://static01.nyt.com/images/2024/02/07/multimedia/07canada-secrets-02-lkbg/07canada-secrets-02-lkbg-thumbStandard.jpg,75,75,Canadian Ex-Intelligence Official Is Sentenced to 14 Years Over State Secrets,"Canadian Ex-Intelligence Official Is Sentenced to 14 Years Over State Secrets Cameron Ortis was convicted of passing state secrets to men under police investigation, but his motives remain unknown. He said it was all part of an international mission he could not disclose. Cameron Ortis was convicted of passing state secrets to men under police investigation, but his motives remain unknown. He said it was all part of an international mission he could not disclose."
"David Cameron, the foreign secretary, said that his country and other allies should show Palestinians “irreversible progress” toward an independent state.",article,nyt://article/22317a00-9389-5753-bfc5-53948a00cb85,"[{'name': 'Location', 'value': 'Great Britain', 'rank': 1}, {'name': 'Person', 'value': 'Cameron, David', 'rank': 2}, {'name': 'Subject', 'value': 'Israel-Gaza War (2023- )', 'rank': 3}, {'name': 'Subject', 'value': 'Palestinians', 'rank': 4}, {'name': 'Location', 'value': 'Israel', 'rank': 5}, {'name': 'Person', 'value': 'Netanyahu, Benjamin', 'rank': 6}]",Foreign,6.0,A,2024-01-30 15:34:04+00:00,World,"David Cameron, the foreign secretary, said that his country and other allies should show Palestinians “irreversible progress” toward an independent state.",The New York Times,Middle East,News,nyt://article/22317a00-9389-5753-bfc5-53948a00cb85,https://www.nytimes.com/2024/01/30/world/middleeast/david-cameron-uk-palestinian-state.html,622,By Megan Specia,Britain’s Foreign Secretary Signals Willingness to Recognize Palestinian State Sooner,,Britain Calls for Progress Toward Recognizing Palestinian State,"David Cameron, the British foreign secretary, speaking in Cairo last month.",Mohamed Abd El Ghany/Reuters,https://static01.nyt.com/images/2024/01/30/multimedia/30israel-hamas-uk-cameron-jbtq/30israel-hamas-uk-cameron-jbtq-articleLarge.jpg,418,600,https://static01.nyt.com/images/2024/01/30/multimedia/30israel-hamas-uk-cameron-jbtq/30israel-hamas-uk-cameron-jbtq-thumbStandard.jpg,75,75,Britain’s Foreign Secretary Signals Willingness to Recognize Palestinian State Sooner,"Britain’s Foreign Secretary Signals Willingness to Recognize Palestinian State Sooner David Cameron, the foreign secretary, said that his country and other allies should show Palestinians “irreversible progress” toward an independent state. David Cameron, the foreign secretary, said that his country and other allies should show Palestinians “irreversible progress” toward an independent state."
The Israeli prime minister said that he had long opposed a Palestinian state because it would constitute “an existential danger to Israel.”,article,nyt://article/3983c961-c411-5ccf-b0c5-d71bcc2e82db,"[{'name': 'Person', 'value': 'Netanyahu, Benjamin', 'rank': 1}, {'name': 'Subject', 'value': 'Israel-Gaza War (2023- )', 'rank': 2}, {'name': 'Subject', 'value': 'Palestinians', 'rank': 3}, {'name': 'Organization', 'value': 'Palestinian Authority', 'rank': 4}, {'name': 'Location', 'value': 'Gaza Strip', 'rank': 5}, {'name': 'Location', 'value': 'Jordan River (Middle East)', 'rank': 6}]",Foreign,,,2024-01-21 12:25:51+00:00,World,The Israeli prime minister said that he had long opposed a Palestinian state because it would constitute “an existential danger to Israel.”,The New York Times,Middle East,News,nyt://article/3983c961-c411-5ccf-b0c5-d71bcc2e82db,https://www.nytimes.com/2024/01/21/world/middleeast/netanyahu-biden-israel-palestinian-state.html,614,By Adam Rasgon,"Netanyahu Restates Opposition to Two-State Solution, Despite Pressure From Biden",,,President Biden met Prime Minister Benjamin Netanyahu of Israel and his war cabinet in October.,Kenny Holston/The New York Times,https://static01.nyt.com/images/2024/01/21/multimedia/21israel-gaza-v2-netanyahu-gbfz/21israel-gaza-v2-netanyahu-gbfz-articleLarge.jpg,400,600,https://static01.nyt.com/images/2024/01/21/multimedia/21israel-gaza-v2-netanyahu-gbfz/21israel-gaza-v2-netanyahu-gbfz-thumbStandard.jpg,75,75,"Netanyahu Restates Opposition to Two-State Solution, Despite Pressure From Biden","Netanyahu Restates Opposition to Two-State Solution, Despite Pressure From Biden The Israeli prime minister said that he had long opposed a Palestinian state because it would constitute “an existential danger to Israel.” The Israeli prime minister said that he had long opposed a Palestinian state because it would constitute “an existential danger to Israel.”"
"There were signs the authorities had regained some control, but the extent of damage and casualties from the unrest remained unclear.",article,nyt://article/33e52d0c-c6aa-56c4-b603-eb1c2fcdc98c,"[{'name': 'Person', 'value': 'Marape, James', 'rank': 1}, {'name': 'Location', 'value': 'Papua New Guinea', 'rank': 2}, {'name': 'Subject', 'value': 'Demonstrations, Protests and Riots', 'rank': 3}, {'name': 'Subject', 'value': 'Looting (Crime)', 'rank': 4}, {'name': 'Subject', 'value': 'Politics and Government', 'rank': 5}]",Foreign,7.0,A,2024-01-11 12:07:59+00:00,World,"There were signs the authorities had regained some control, but the extent of damage and casualties from the unrest remained unclear.",The New York Times,Australia,News,nyt://article/33e52d0c-c6aa-56c4-b603-eb1c2fcdc98c,https://www.nytimes.com/2024/01/11/world/australia/papua-new-guinea-state-emergency-riots.html,324,By Christopher Cottrell,Papua New Guinea Leader Declares State of Emergency After Violent Riots,,State of Emergency  In Papua New Guinea After Unrest in Capital,"People carrying out goods from shops in Port Moresby, Papua New Guinea, on Wednesday.",Agence France-Presse — Getty Images,https://static01.nyt.com/images/2024/01/11/multimedia/11png-emergency-twkj/11png-emergency-twkj-articleLarge.jpg,400,600,https://static01.nyt.com/images/2024/01/11/multimedia/11png-emergency-twkj/11png-emergency-twkj-thumbStandard.jpg,75,75,Papua New Guinea Leader Declares State of Emergency After Violent Riots,"Papua New Guinea Leader Declares State of Emergency After Violent Riots There were signs the authorities had regained some control, but the extent of damage and casualties from the unrest remained unclear. There were signs the authorities had regained some control, but the extent of damage and casualties from the unrest remained unclear."
"In meetings with Israeli leaders, the U.S. secretary of state held out the prospect of Saudi recognition to prod Israel to curb combat operations in Gaza and accept a path to Palestinian statehood.",article,nyt://article/e5fe0d1b-f677-5809-bc0c-79ab6de4dd4f,[],Foreign,,,2024-01-09 21:40:50+00:00,World,"In meetings with Israeli leaders, the U.S. secretary of state held out the prospect of Saudi recognition to prod Israel to curb combat operations in Gaza and accept a path to Palestinian statehood.",The New York Times,Middle East,Live Blog Post,nyt://article/e5fe0d1b-f677-5809-bc0c-79ab6de4dd4f,https://www.nytimes.com/live/2024/01/09/world/israel-hamas-war-gaza-news/blinken-says-saudi-israel-ties-depend-on-steps-toward-a-palestinian-state,433,By Edward Wong and Vivian Nereim,Blinken says Saudi-Israel ties depend on steps toward a Palestinian State.,,,Israeli soldiers operating during an escorted tour by the military for international journalists in the central Gaza Strip on Monday.,Avishag Shaar-Yashuv for The New York Times,https://static01.nyt.com/images/2024/01/09/multimedia/09israel-2-wklb/09israel-2-wklb-articleLarge.jpg,400,600,https://static01.nyt.com/images/2024/01/09/multimedia/09israel-2-wklb/09israel-2-wklb-thumbStandard.jpg,75,75,Blinken says Saudi-Israel ties depend on steps toward a Palestinian State.,"Blinken says Saudi-Israel ties depend on steps toward a Palestinian State. In meetings with Israeli leaders, the U.S. secretary of state held out the prospect of Saudi recognition to prod Israel to curb combat operations in Gaza and accept a path to Palestinian statehood. In meetings with Israeli leaders, the U.S. secretary of state held out the prospect of Saudi recognition to prod Israel to curb combat operations in Gaza and accept a path to Palestinian statehood."
,article,nyt://article/6adb437f-74a1-52fd-a1f4-b09cab400644,[],Foreign,,,2024-01-09 21:21:52+00:00,World,,The New York Times,Middle East,Live Blog Post,nyt://article/6adb437f-74a1-52fd-a1f4-b09cab400644,https://www.nytimes.com/live/2024/01/10/world/israel-hamas-war-gaza-news/arab-leaders-push-for-talks-on-gazas-day-after-the-war-to-include-path-to-palestinian-state,650,By Vivian Nereim and Adam Rasgon,Arab leaders push for talks on Gaza’s ‘day after’ the war to include path to Palestinian state.,,,"A picture provided by the Palestinian Press Office shows President Abdel Fattah el-Sisi of Egypt, right, with Mahmoud Abbas, the president of the Palestinian Authority, in Cairo on Monday.","Thaer Ghanaim/Palestinian Authority's press office, via Agence France-Presse — Getty Images",https://static01.nyt.com/images/2024/01/09/multimedia/09israel-hamas-mideast-postwar-jvkt/09israel-hamas-mideast-postwar-jvkt-articleLarge.jpg,400,600,https://static01.nyt.com/images/2024/01/09/multimedia/09israel-hamas-mideast-postwar-jvkt/09israel-hamas-mideast-postwar-jvkt-thumbStandard.jpg,75,75,Arab leaders push for talks on Gaza’s ‘day after’ the war to include path to Palestinian state.,Arab leaders push for talks on Gaza’s ‘day after’ the war to include path to Palestinian state.
"In meetings with Israeli leaders, the U.S. secretary of state held out the prospect of Saudi recognition to prod Israel to curb combat operations in Gaza and accept a path to Palestinian statehood.",article,nyt://article/ae7005bd-091a-5209-a00d-883a6adf1281,"[{'name': 'Subject', 'value': 'Israel-Gaza War (2023- )', 'rank': 1}, {'name': 'Subject', 'value': 'Palestinians', 'rank': 2}, {'name': 'Subject', 'value': 'International Relations', 'rank': 3}, {'name': 'Subject', 'value': 'United States International Relations', 'rank': 4}, {'name': 'Organization', 'value': 'Palestinian Authority', 'rank': 5}, {'name': 'Organization', 'value': 'Hamas', 'rank': 6}, {'name': 'Location', 'value': 'Israel', 'rank': 7}, {'name': 'Location', 'value': 'Saudi Arabia', 'rank': 8}, {'name': 'Location', 'value': 'Gaza Strip', 'rank': 9}, {'name': 'Person', 'value': 'Blinken, Antony J', 'rank': 10}, {'name': 'Person', 'value': 'Biden, Joseph R Jr', 'rank': 11}, {'name': 'Person', 'value': 'Netanyahu, Benjamin', 'rank': 12}, {'name': 'Person', 'value': 'Mohammed bin Salman (1985- )', 'rank': 13}]",Foreign,1.0,A,2024-01-09 11:12:48+00:00,World,"In meetings with Israeli leaders, the U.S. secretary of state held out the prospect of Saudi recognition to prod Israel to curb combat operations in Gaza and accept a path to Palestinian statehood.",The New York Times,Middle East,News,nyt://article/ae7005bd-091a-5209-a00d-883a6adf1281,https://www.nytimes.com/2024/01/09/world/middleeast/blinken-israel-saudi-palestinian-state.html,1506,By Edward Wong and Vivian Nereim,"Saudi-Israel Ties Depend on Steps Toward a Palestinian State, Blinken Says",,Arab Countries Pushing Israel  For 2-State Fix,Israeli soldiers operating during an escorted tour by the military for international journalists in the central Gaza Strip on Monday.,Avishag Shaar-Yashuv for The New York Times,https://static01.nyt.com/images/2024/01/09/multimedia/09israel-2-wklb/09israel-2-wklb-articleLarge.jpg,400,600,https://static01.nyt.com/images/2024/01/09/multimedia/09israel-2-wklb/09israel-2-wklb-thumbStandard.jpg,75,75,"Saudi-Israel Ties Depend on Steps Toward a Palestinian State, Blinken Says","Saudi-Israel Ties Depend on Steps Toward a Palestinian State, Blinken Says In meetings with Israeli leaders, the U.S. secretary of state held out the prospect of Saudi recognition to prod Israel to curb combat operations in Gaza and accept a path to Palestinian statehood. In meetings with Israeli leaders, the U.S. secretary of state held out the prospect of Saudi recognition to prod Israel to curb combat operations in Gaza and accept a path to Palestinian statehood."
,article,nyt://article/1ea7ba0b-9174-579e-b09b-ca759ca22800,"[{'name': 'Subject', 'value': 'Israel-Gaza War (2023- )', 'rank': 1}, {'name': 'Organization', 'value': 'Hamas', 'rank': 2}, {'name': 'Location', 'value': 'Gaza Strip', 'rank': 3}, {'name': 'Organization', 'value': 'State Department', 'rank': 4}, {'name': 'Organization', 'value': 'Treasury Department', 'rank': 5}]",Foreign,,,2024-01-05 21:37:17+00:00,World,,The New York Times,Middle East,Live Blog Post,nyt://article/1ea7ba0b-9174-579e-b09b-ca759ca22800,https://www.nytimes.com/live/2024/01/05/world/israel-hamas-war-gaza-news/the-us-state-department-offers-up-to-10-million-for-information-on-hamass-financial-network,427,By Talya Minsberg,The U.S. State Department offers up to $10 million for information on Hamas’s financial network.,,,"Palestinian fighters of the Al Qassam Brigades, the armed wing of Hamas, taking part in a military parade in central Gaza last year.",Agence France-Presse — Getty Images,https://static01.nyt.com/images/2024/01/05/world/05israel-hamas-rewards/05israel-hamas-rewards-articleLarge.jpg,400,600,https://static01.nyt.com/images/2024/01/05/world/05israel-hamas-rewards/05israel-hamas-rewards-thumbStandard.jpg,75,75,The U.S. State Department offers up to $10 million for information on Hamas’s financial network.,The U.S. State Department offers up to $10 million for information on Hamas’s financial network.
,article,nyt://article/f0fc3ae4-d7a2-531e-90c3-3bdda534db9c,[],Foreign,,,2024-01-05 07:43:25+00:00,World,,The New York Times,Middle East,News,nyt://article/f0fc3ae4-d7a2-531e-90c3-3bdda534db9c,https://www.nytimes.com/2024/01/05/world/middleeast/secretary-of-state-begins-middle-east-trip-amid-worries-of-broader-conflict.html,368,By Victoria Kim,The U.S. secretary of state begins a Mideast trip amid worries of broader conflict.,,,Secretary of State Antony J. Blinken departing for his Middle East trip at Joint Base Andrews in Maryland on Thursday.,Pool photo by Evelyn Hockstein,https://static01.nyt.com/images/2024/01/05/multimedia/05israel-hamas-blinken-bwvk/05israel-hamas-blinken-bwvk-articleLarge.jpg,400,600,https://static01.nyt.com/images/2024/01/05/multimedia/05israel-hamas-blinken-bwvk/05israel-hamas-blinken-bwvk-thumbStandard.jpg,75,75,The U.S. secretary of state begins a Mideast trip amid worries of broader conflict.,The U.S. secretary of state begins a Mideast trip amid worries of broader conflict.
"The group, which has struck before in Iran, has a long history of division with the country.",article,nyt://article/dfba5526-4436-58c8-807b-96c17df0d426,"[{'name': 'Location', 'value': 'Iran', 'rank': 1}, {'name': 'Subject', 'value': 'Terrorism', 'rank': 2}, {'name': 'Organization', 'value': 'Islamic State in Iraq and Syria (ISIS)', 'rank': 3}, {'name': 'Organization', 'value': 'Islamic State Khorasan', 'rank': 4}, {'name': 'Person', 'value': 'Suleimani, Qassim', 'rank': 5}, {'name': 'Subject', 'value': 'Funerals and Memorials', 'rank': 6}]",Foreign,8.0,A,2024-01-04 11:07:36+00:00,World,"The group, which has struck before in Iran, has a long history of division with the country.",The New York Times,Middle East,News,nyt://article/dfba5526-4436-58c8-807b-96c17df0d426,https://www.nytimes.com/2024/01/04/world/middleeast/us-isis-iran-general-suleimani.html,1155,"By Vivian Yee, Hwaida Saad and Eric Schmitt",Islamic State Claims Responsibility for Deadly Bombings in Iran,,Islamic State Takes Responsibility for Deadly Bombings at Memorial in Iran,A photo released by Iran’s state-run news media on Wednesday of the site of the explosions in the city of Kerman.,"Sare Tajalli/ISNA, via Agence France-Presse — Getty Images",https://static01.nyt.com/images/2024/01/04/multimedia/04iran-blasts-wqlh/04iran-blasts-wqlh-articleLarge.jpg,391,600,https://static01.nyt.com/images/2024/01/04/multimedia/04iran-blasts-wqlh/04iran-blasts-wqlh-thumbStandard.jpg,75,75,Islamic State Claims Responsibility for Deadly Bombings in Iran,"Islamic State Claims Responsibility for Deadly Bombings in Iran The group, which has struck before in Iran, has a long history of division with the country. The group, which has struck before in Iran, has a long history of division with the country."
A government-approved news program intended to counter Russian disinformation and boost morale is coming under criticism for painting a rosy picture of the war.,article,nyt://article/a382dfe4-0ec7-5a5b-9c50-d16edffd71e5,"[{'name': 'Subject', 'value': 'Russian Invasion of Ukraine (2022)', 'rank': 1}, {'name': 'Location', 'value': 'Ukraine', 'rank': 2}, {'name': 'Subject', 'value': 'Television', 'rank': 3}, {'name': 'Subject', 'value': 'News and News Media', 'rank': 4}, {'name': 'Subject', 'value': 'Propaganda', 'rank': 5}, {'name': 'Subject', 'value': 'Ratings (Audience Measurement)', 'rank': 6}, {'name': 'Subject', 'value': 'Politics and Government', 'rank': 7}, {'name': 'Person', 'value': 'Zelensky, Volodymyr', 'rank': 8}, {'name': 'Location', 'value': 'Russia', 'rank': 9}]",Foreign,1.0,A,2024-01-03 10:02:02+00:00,World,A government-approved news program intended to counter Russian disinformation and boost morale is coming under criticism for painting a rosy picture of the war.,The New York Times,Europe,News,nyt://article/a382dfe4-0ec7-5a5b-9c50-d16edffd71e5,https://www.nytimes.com/2024/01/03/world/europe/ukraine-war-tv-news-telemarathon.html,1267,By Constant Méheut and Daria Mitiuk,‘It’s State Propaganda’: Ukrainians Shun TV News as War Drags on,,"As War Drags On, Ukrainians Shun TV News as ‘Propaganda’","Oleksiy Dmytrashkivskiy, head of public relations for the Ukrainian army, is interviewed by Telemarathon host Vadym Karpiak. Viewership for the show has shrunk as the war has dragged on.",Brendan Hoffman for The New York Times,https://static01.nyt.com/images/2024/01/02/multimedia/00ukraine-telemarathon-01-fmzb/00ukraine-telemarathon-01-fmzb-articleLarge.jpg,400,600,https://static01.nyt.com/images/2024/01/02/multimedia/00ukraine-telemarathon-01-fmzb/00ukraine-telemarathon-01-fmzb-thumbStandard.jpg,75,75,‘It’s State Propaganda’: Ukrainians Shun TV News as War Drags on,‘It’s State Propaganda’: Ukrainians Shun TV News as War Drags on A government-approved news program intended to counter Russian disinformation and boost morale is coming under criticism for painting a rosy picture of the war. A government-approved news program intended to counter Russian disinformation and boost morale is coming under criticism for painting a rosy picture of the war.
,article,nyt://article/9e7fb58e-5d8f-55ca-a6fb-33d2a6d05364,"[{'name': 'Subject', 'value': 'Israel-Gaza War (2023- )', 'rank': 1}]",Live,,,2024-01-02 23:20:06+00:00,World,,The New York Times,Middle East,Live Blog Post,nyt://article/9e7fb58e-5d8f-55ca-a6fb-33d2a6d05364,https://www.nytimes.com/live/2024/01/02/world/israel-supreme-court-gaza-news/the-state-department-rebukes-israeli-ministers-pushing-for-gazans-to-leave-the-enclave,448,By Andrea Kannapell,The State Department rebukes Israeli ministers pushing for Gazans to leave the enclave.,,,"Itamar Ben Gvir, the Israeli national security minister, left, and Bezalel Smotrich, the finance minister, at the swearing-in ceremony for Israeli lawmakers at the Knesset in Jerusalem last year.",Associated Press,https://static01.nyt.com/images/2024/01/02/world/02israel-hamas-state-dept/02israel-hamas-state-dept-articleLarge.jpg,400,600,https://static01.nyt.com/images/2024/01/02/world/02israel-hamas-state-dept/02israel-hamas-state-dept-thumbStandard.jpg,75,75,The State Department rebukes Israeli ministers pushing for Gazans to leave the enclave.,The State Department rebukes Israeli ministers pushing for Gazans to leave the enclave.
