abstract,document_type,_id,keywords,news_desk,print_page,print_section,pub_date,section_name,snippet,source,subsection_name,type_of_material,uri,web_url,word_count,byline.original,headline.main,headline.kicker,headline.print_headline,multimedia.caption,multimedia.credit,multimedia.default.url,multimedia.default.height,multimedia.default.width,multimedia.thumbnail.url,multimedia.thumbnail.height,multimedia.thumbnail.width,headline,text
"To curb gang killings and a rise in homicides, the measure empowers the military to make arrests and allows the authorities to enter suspects’ homes without warrants and deny them bail.",article,nyt://article/f2fd18f7-5fd4-5d89-81ae-4f26626c38d0,"[{'name': 'Location', 'value': 'Trinidad and Tobago', 'rank': 1}, {'name': 'Subject', 'value': 'Crime and Criminals', 'rank': 2}, {'name': 'Subject', 'value': 'Gangs', 'rank': 3}, {'name': 'Subject', 'value': 'Murders, Attempted Murders and Homicides', 'rank': 4}, {'name': 'Subject', 'value': 'Arms Trade', 'rank': 5}, {'name': 'Subject', 'value': 'United States International Relations', 'rank': 6}, {'name': 'Subject', 'value': 'International Relations', 'rank': 7}, {'name': 'Subject', 'value': 'Defense and Military Forces', 'rank': 8}]",Foreign,7,A,2024-12-30 22:15:00+00:00,World,"To curb gang killings and a rise in homicides, the measure empowers the military to make arrests and allows the authorities to enter suspects’ homes without warrants and deny them bail.",The New York Times,Americas,News,nyt://article/f2fd18f7-5fd4-5d89-81ae-4f26626c38d0,https://www.nytimes.com/2024/12/30/world/americas/trinidad-and-tobago-emergency-crime.html,873,By Frances Robles and Prior Beharry,Trinidad and Tobago Declares State of Emergency Over Rising Crime,,Trinidad and Tobago Declares State of Emergency Over Rising Crime,"Acting Attorney General Stuart Young, left, and National Security Minister Fitzgerald Hinds announced the state of emergency in Port of Spain, Trinidad and Tobago, on Monday.",Andrea De Silva/Reuters,https://static01.nyt.com/images/2024/12/30/multimedia/30trinidad-crime-1-wvhk/30trinidad-crime-1-wvhk-articleLarge.jpg,400,600,https://static01.nyt.com/images/2024/12/30/multimedia/30trinidad-crime-1-wvhk/30trinidad-crime-1-wvhk-thumbStandard.jpg,75,75,Trinidad and Tobago Declares State of Emergency Over Rising Crime,"Trinidad and Tobago Declares State of Emergency Over Rising Crime To curb gang killings and a rise in homicides, the measure empowers the military to make arrests and allows the authorities to enter suspects’ homes without warrants and deny them bail. To curb gang killings and a rise in homicides, the measure empowers the military to make arrests and allows the authorities to enter suspects’ homes without warrants and deny them bail."
,article,nyt://article/3966f517-2abd-528f-ac0a-20075c87862c,[],Foreign,,,2024-12-16 19:49:57+00:00,World,,The New York Times,Middle East,Live Blog Post,nyt://article/3966f517-2abd-528f-ac0a-20075c87862c,https://www.nytimes.com/live/2024/12/16/world/syria-assad-rebels-news/the-us-military-says-its-airstrikes-killed-12-islamic-state-operatives-in-syria,283,By Eve Sampson,The U.S. military says its airstrikes killed 12 Islamic State operatives in Syria.,,,,,,0,0,,0,0,The U.S. military says its airstrikes killed 12 Islamic State operatives in Syria.,The U.S. military says its airstrikes killed 12 Islamic State operatives in Syria.
,article,nyt://article/7d4f509a-ecb6-527b-acce-da7e3258d8cc,[],Foreign,,,2024-12-11 14:35:03+00:00,World,,The New York Times,Middle East,Live Blog Post,nyt://article/7d4f509a-ecb6-527b-acce-da7e3258d8cc,https://www.nytimes.com/live/2024/12/11/world/syria-news-assad-rebels/blinken-will-travel-to-jordan-and-turkey-the-state-department-says,208,By Michael Crowley,"Blinken will travel to Jordan and Turkey, the State Department says.",,,Secretary of State Antony J. Blinken plans to press his hosts for help in ensuring a transition to an “accountable and representative” new Syrian government.,Bonnie Cash for The New York Times,https://static01.nyt.com/images/2024/12/11/multimedia/11syria-blinken-wqvc/11syria-blinken-wqvc-articleLarge.jpg,400,600,https://static01.nyt.com/images/2024/12/11/multimedia/11syria-blinken-wqvc/11syria-blinken-wqvc-thumbStandard.jpg,75,75,"Blinken will travel to Jordan and Turkey, the State Department says.","Blinken will travel to Jordan and Turkey, the State Department says."
The president-elect’s mockery of Canada and its leader is the latest salvo after his promise to impose steep tariffs on Canadian exports.,article,nyt://article/4e76384d-764d-55e5-bd22-9009d4148189,"[{'name': 'Subject', 'value': 'Protectionism (Trade)', 'rank': 1}, {'name': 'Subject', 'value': 'United States International Relations', 'rank': 2}, {'name': 'Subject', 'value': 'Customs (Tariff)', 'rank': 3}, {'name': 'Subject', 'value': 'Politics and Government', 'rank': 4}, {'name': 'Subject', 'value': 'Illegal Immigration', 'rank': 5}, {'name': 'Organization', 'value': 'Mar-a-Lago (Palm Beach, Fla)', 'rank': 6}, {'name': 'Person', 'value': 'Sheinbaum, Claudia', 'rank': 7}, {'name': 'Person', 'value': 'Trudeau, Justin', 'rank': 8}, {'name': 'Person', 'value': 'Trump, Donald J', 'rank': 9}, {'name': 'Location', 'value': 'Canada', 'rank': 10}, {'name': 'Location', 'value': 'Mexico', 'rank': 11}, {'name': 'Location', 'value': 'United States', 'rank': 12}]",Foreign,,,2024-12-10 16:37:02+00:00,World,The president-elect’s mockery of Canada and its leader is the latest salvo after his promise to impose steep tariffs on Canadian exports.,The New York Times,Canada,News,nyt://article/4e76384d-764d-55e5-bd22-9009d4148189,https://www.nytimes.com/2024/12/10/world/canada/trump-trudeau-canada-tariffs.html,691,By Ian Austen,Trump Calls Trudeau the ‘Governor’ of ‘The Great State of Canada’,,,President-elect Donald Trump listening during a meeting in 2019 with Prime Minister Justin Trudeau of Canada.,Al Drago for The New York Times,https://static01.nyt.com/images/2024/12/10/multimedia/10canada-trump-trudeau-lbvc/10canada-trump-trudeau-lbvc-articleLarge.jpg,400,600,https://static01.nyt.com/images/2024/12/10/multimedia/10canada-trump-trudeau-lbvc/10canada-trump-trudeau-lbvc-thumbStandard.jpg,75,75,Trump Calls Trudeau the ‘Governor’ of ‘The Great State of Canada’,Trump Calls Trudeau the ‘Governor’ of ‘The Great State of Canada’ The president-elect’s mockery of Canada and its leader is the latest salvo after his promise to impose steep tariffs on Canadian exports. The president-elect’s mockery of Canada and its leader is the latest salvo after his promise to impose steep tariffs on Canadian exports.
,article,nyt://article/e80fa151-f0de-565f-b6b0-37e5c925ca37,[],Foreign,,,2024-12-08 12:54:56+00:00,World,,The New York Times,Middle East,Live Blog Post,nyt://article/e80fa151-f0de-565f-b6b0-37e5c925ca37,https://www.nytimes.com/live/2024/12/08/world/syria-war-damascus/the-location-of-bashar-al-assad-remains-unclear,271,"By Farnaz Fassihi, Eric Schmitt and Aaron Boxerman","Bashar al-Assad is in Russia seeking refuge, state media outlets there say.",,,"Demonstrators outside the Syrian Consulate in Istanbul on Sunday. The photo is of Syria’s ousted president, Bashar al-Assad.",Kemal Aslan/Agence France-Presse — Getty Images,https://static01.nyt.com/images/2024/12/08/multimedia/08syria-assad-001-hbmt/08syria-assad-001-hbmt-articleLarge.jpg,400,600,https://static01.nyt.com/images/2024/12/08/multimedia/08syria-assad-001-hbmt/08syria-assad-001-hbmt-thumbStandard.jpg,75,75,"Bashar al-Assad is in Russia seeking refuge, state media outlets there say.","Bashar al-Assad is in Russia seeking refuge, state media outlets there say."
"While support for Vladimir V. Putin’s threats resounded in pro-war venues, some Russians reacted with worry, gallows humor and apathy to the suggestions of striking the West and using nuclear weapons.",article,nyt://article/b9814195-af15-502b-b52a-bd27fc4f82ac,"[{'name': 'Subject', 'value': 'Missiles and Missile Defense Systems', 'rank': 1}, {'name': 'Subject', 'value': 'Russian Invasion of Ukraine (2022)', 'rank': 2}, {'name': 'Subject', 'value': 'Nuclear Weapons', 'rank': 3}, {'name': 'Subject', 'value': 'Polls and Public Opinion', 'rank': 4}, {'name': 'Subject', 'value': 'Social Media', 'rank': 5}, {'name': 'Subject', 'value': 'Threats and Threatening Messages', 'rank': 6}, {'name': 'Organization', 'value': 'Levada Center', 'rank': 7}, {'name': 'Organization', 'value': 'RIA Novosti', 'rank': 8}, {'name': 'Organization', 'value': 'Telegram LLC', 'rank': 9}, {'name': 'Organization', 'value': 'Vkontakte Ltd', 'rank': 10}, {'name': 'Organization', 'value': 'X (Formerly Twitter)', 'rank': 11}, {'name': 'Person', 'value': 'Putin, Vladimir V', 'rank': 12}, {'name': 'Person', 'value': 'Sobchak, Kseniya', 'rank': 13}, {'name': 'Location', 'value': 'Russia', 'rank': 14}, {'name': 'Location', 'value': 'Ukraine', 'rank': 15}]",Foreign,14,A,2024-11-23 10:03:42+00:00,World,"While support for Vladimir V. Putin’s threats resounded in pro-war venues, some Russians reacted with worry, gallows humor and apathy to the suggestions of striking the West and using nuclear weapons.",The New York Times,Europe,News,nyt://article/b9814195-af15-502b-b52a-bd27fc4f82ac,https://www.nytimes.com/2024/11/23/world/europe/russia-missile-threat-reactions.html,1226,By Nataliya Vasilyeva and Valerie Hopkins,"With Memes and in State Media, Many Russians Cheer on Putin’s Threats",,You-Tell-’em Reception  For Putin’s New Threats  At Ukraine and the West,"A photograph released by Russian state media showing President Vladimir V. Putin during a televised address to the nation on Thursday, saying that the country’s forces had hit Ukraine with a new midrange ballistic missile.",Vyacheslav Prokofyev/Sputnik,https://static01.nyt.com/images/2024/11/23/multimedia/23russia-react-03-lkpf/23russia-react-03-lkpf-articleLarge.jpg,396,600,https://static01.nyt.com/images/2024/11/23/multimedia/23russia-react-03-lkpf/23russia-react-03-lkpf-thumbStandard.jpg,75,75,"With Memes and in State Media, Many Russians Cheer on Putin’s Threats","With Memes and in State Media, Many Russians Cheer on Putin’s Threats While support for Vladimir V. Putin’s threats resounded in pro-war venues, some Russians reacted with worry, gallows humor and apathy to the suggestions of striking the West and using nuclear weapons. While support for Vladimir V. Putin’s threats resounded in pro-war venues, some Russians reacted with worry, gallows humor and apathy to the suggestions of striking the West and using nuclear weapons."
"Airstrikes on Monday targeted people who the military said were senior leaders of the group, which has sharply stepped up its attacks in Iraq and Syria.",article,nyt://article/aeac8098-c898-5e2b-af9f-6dcc4bcb04c4,"[{'name': 'Subject', 'value': 'Terrorism', 'rank': 1}, {'name': 'Subject', 'value': 'United States Defense and Military Forces', 'rank': 2}, {'name': 'Subject', 'value': 'Iran-Israel Proxy Conflict', 'rank': 3}, {'name': 'Organization', 'value': 'Islamic State in Iraq and Syria (ISIS)', 'rank': 4}, {'name': 'Organization', 'value': 'United States Central Command', 'rank': 5}, {'name': 'Location', 'value': 'Syria', 'rank': 6}, {'name': 'Location', 'value': 'Iraq', 'rank': 7}]",Foreign,10,A,2024-10-30 18:40:22+00:00,World,"Airstrikes on Monday targeted people who the military said were senior leaders of the group, which has sharply stepped up its attacks in Iraq and Syria.",The New York Times,Middle East,News,nyt://article/aeac8098-c898-5e2b-af9f-6dcc4bcb04c4,https://www.nytimes.com/2024/10/30/world/middleeast/islamic-state-airstrikes-syria.html,497,By Eve Sampson,U.S. Military Says It Killed Up to 35 Islamic State Militants in Syria,,U.S. Announces  Strikes Killing  ISIS Members  In Syria Camps,U.S. forces patrolling in Syria last month.,Delil Souleiman/Agence France-Presse — Getty Images,https://static01.nyt.com/images/2024/10/30/multimedia/30syria-isis-1-mphz/30syria-isis-1-mphz-articleLarge.jpg,400,600,https://static01.nyt.com/images/2024/10/30/multimedia/30syria-isis-1-mphz/30syria-isis-1-mphz-thumbStandard.jpg,75,75,U.S. Military Says It Killed Up to 35 Islamic State Militants in Syria,"U.S. Military Says It Killed Up to 35 Islamic State Militants in Syria Airstrikes on Monday targeted people who the military said were senior leaders of the group, which has sharply stepped up its attacks in Iraq and Syria. Airstrikes on Monday targeted people who the military said were senior leaders of the group, which has sharply stepped up its attacks in Iraq and Syria."
Explosions woke Iranians up and rattled their windows as strikes targeted sites in at least three provinces.,article,nyt://article/2e64becc-6038-5982-b461-111a868fa1b5,"[{'name': 'Subject', 'value': 'Defense and Military Forces', 'rank': 1}, {'name': 'Subject', 'value': 'Iran-Israel Proxy Conflict', 'rank': 2}, {'name': 'Subject', 'value': 'Military Bases and Installations', 'rank': 3}, {'name': 'Subject', 'value': 'Missiles and Missile Defense Systems', 'rank': 4}, {'name': 'Location', 'value': 'Iran', 'rank': 5}, {'name': 'Location', 'value': 'Israel', 'rank': 6}, {'name': 'Location', 'value': 'Middle East', 'rank': 7}, {'name': 'Location', 'value': 'Tehran (Iran)', 'rank': 8}]",Foreign,,,2024-10-26 08:28:28+00:00,World,Explosions woke Iranians up and rattled their windows as strikes targeted sites in at least three provinces.,The New York Times,Middle East,News,nyt://article/2e64becc-6038-5982-b461-111a868fa1b5,https://www.nytimes.com/2024/10/26/world/middleeast/irans-state-media-plays-down-israeli-attacks.html,570,By Farnaz Fassihi,Iran’s State Media Plays Down Israeli Attacks,,,A view of Tehran early on Saturday.,Arash Khamooshi for The New York Times,https://static01.nyt.com/images/2024/10/26/multimedia/26mideast-carousel-kpwb/26mideast-carousel-kpwb-articleLarge.jpg,400,600,https://static01.nyt.com/images/2024/10/26/multimedia/26mideast-carousel-kpwb/26mideast-carousel-kpwb-thumbStandard-v2.jpg,75,75,Iran’s State Media Plays Down Israeli Attacks,Iran’s State Media Plays Down Israeli Attacks Explosions woke Iranians up and rattled their windows as strikes targeted sites in at least three provinces. Explosions woke Iranians up and rattled their windows as strikes targeted sites in at least three provinces.
"A two-state solution remains the goal of the United States and the West, but many in the region say the devastation in Gaza and the lack of effective Palestinian leadership make it a remote prospect.",article,nyt://article/2459ae39-c03b-572d-8cd8-1606139f085b,"[{'name': 'Subject', 'value': 'International Relations', 'rank': 1}, {'name': 'Subject', 'value': 'Israel-Gaza War (2023- )', 'rank': 2}, {'name': 'Subject', 'value': 'Palestinians', 'rank': 3}, {'name': 'Subject', 'value': 'Politics and Government', 'rank': 4}, {'name': 'Organization', 'value': 'Hamas', 'rank': 5}, {'name': 'Organization', 'value': 'Palestinian Authority', 'rank': 6}, {'name': 'Person', 'value': 'Abbas, Mahmoud', 'rank': 7}, {'name': 'Person', 'value': 'Biden, Joseph R Jr', 'rank': 8}, {'name': 'Person', 'value': 'Fayyad, Salam', 'rank': 9}, {'name': 'Person', 'value': 'Sinwar, Yehya', 'rank': 10}, {'name': 'Location', 'value': 'Gaza Strip', 'rank': 11}, {'name': 'Location', 'value': 'Israel', 'rank': 12}, {'name': 'Location', 'value': 'West Bank', 'rank': 13}]",Foreign,10,A,2024-10-21 12:31:21+00:00,World,"A two-state solution remains the goal of the United States and the West, but many in the region say the devastation in Gaza and the lack of effective Palestinian leadership make it a remote prospect.",The New York Times,Middle East,News,nyt://article/2459ae39-c03b-572d-8cd8-1606139f085b,https://www.nytimes.com/2024/10/21/world/middleeast/sinwar-dead-palestinian-state.html,1083,By Steven Erlanger,"Sinwar Is Dead, but a Palestinian State Seems More Distant Than Ever",News Analysis,The Dream of a Palestinian State Seems More Distant Than Ever,"In Tulkarm, in the Israeli occupied West Bank, in September. The stated Western goal of an independent Palestinian state looks more fanciful than ever, analysts say.",Sergey Ponomarev for The New York Times,https://static01.nyt.com/images/2024/10/21/multimedia/21palestinian-state-01-qgzk/21palestinian-state-01-qgzk-articleLarge.jpg,400,600,https://static01.nyt.com/images/2024/10/21/multimedia/21palestinian-state-01-qgzk/21palestinian-state-01-qgzk-thumbStandard.jpg,75,75,"Sinwar Is Dead, but a Palestinian State Seems More Distant Than Ever","Sinwar Is Dead, but a Palestinian State Seems More Distant Than Ever A two-state solution remains the goal of the United States and the West, but many in the region say the devastation in Gaza and the lack of effective Palestinian leadership make it a remote prospect. A two-state solution remains the goal of the United States and the West, but many in the region say the devastation in Gaza and the lack of effective Palestinian leadership make it a remote prospect."
"Three Israeli human rights groups in early June, following the closure of the Rafah border crossing between Gaza and Egypt",article,nyt://article/45461210-c46c-5056-9f3b-0038f3f52058,"[{'name': 'Subject', 'value': 'Evacuations and Evacuees', 'rank': 1}, {'name': 'Subject', 'value': 'Israel-Gaza War (2023- )', 'rank': 2}, {'name': 'Subject', 'value': 'Medicine and Health', 'rank': 3}, {'name': 'Subject', 'value': 'Human Rights and Human Rights Violations', 'rank': 4}, {'name': 'Subject', 'value': 'Civilian Casualties', 'rank': 5}, {'name': 'Organization', 'value': 'Supreme Court of Israel', 'rank': 6}, {'name': 'Organization', 'value': 'Physicians for Human Rights', 'rank': 7}, {'name': 'Location', 'value': 'Gaza Strip', 'rank': 8}, {'name': 'Location', 'value': 'Israel', 'rank': 9}, {'name': 'Location', 'value': 'Rafah (Gaza Strip)', 'rank': 10}]",Foreign,,,2024-10-15 21:45:40+00:00,World,"Three Israeli human rights groups in early June, following the closure of the Rafah border crossing between Gaza and Egypt",The New York Times,Middle East,News,nyt://article/45461210-c46c-5056-9f3b-0038f3f52058,https://www.nytimes.com/2024/10/15/world/middleeast/israel-gaza-medical-evacuations.html,713,By Ephrat Livni and Johnatan Reiss,Israel’s high court orders the state to explain its system for medical evacuations from Gaza.,,,At least 19 Palestinian children were taken out of Gaza through the Karam Shalom crossing for medical treatment abroad in June.,Mohammed Salem/Reuters,https://static01.nyt.com/images/2024/10/15/multimedia/15mideast-crisis-supreme-court-wlqm/15mideast-crisis-supreme-court-wlqm-articleLarge.jpg,413,600,https://static01.nyt.com/images/2024/10/15/multimedia/15mideast-crisis-supreme-court-wlqm/15mideast-crisis-supreme-court-wlqm-thumbStandard.jpg,75,75,Israel’s high court orders the state to explain its system for medical evacuations from Gaza.,"Israel’s high court orders the state to explain its system for medical evacuations from Gaza. Three Israeli human rights groups in early June, following the closure of the Rafah border crossing between Gaza and Egypt Three Israeli human rights groups in early June, following the closure of the Rafah border crossing between Gaza and Egypt"
"Brig. Gen. Esmail Ghaani, commander of the elite Quds Force, appeared in video footage on Tuesday as Tehran braces for a possible counterstrike by Israel.",article,nyt://article/197ec8c3-506b-52eb-be98-a063ad329460,"[{'name': 'Subject', 'value': 'Defense and Military Forces', 'rank': 1}, {'name': 'Subject', 'value': 'Israel-Gaza War (2023- )', 'rank': 2}, {'name': 'Organization', 'value': 'Islamic Revolutionary Guards Corps', 'rank': 3}, {'name': 'Organization', 'value': 'Quds Force', 'rank': 4}, {'name': 'Organization', 'value': 'Hezbollah', 'rank': 5}, {'name': 'Person', 'value': 'Ghaani, Esmail', 'rank': 6}, {'name': 'Person', 'value': 'Nasrallah, Hassan', 'rank': 7}, {'name': 'Location', 'value': 'Iran', 'rank': 8}, {'name': 'Location', 'value': 'Lebanon', 'rank': 9}, {'name': 'Location', 'value': 'Tehran (Iran)', 'rank': 10}]",Express,,,2024-10-15 08:52:17+00:00,World,"Brig. Gen. Esmail Ghaani, commander of the elite Quds Force, appeared in video footage on Tuesday as Tehran braces for a possible counterstrike by Israel.",The New York Times,Middle East,News,nyt://article/197ec8c3-506b-52eb-be98-a063ad329460,https://www.nytimes.com/2024/10/15/world/middleeast/iran-general-ghaani-hezbollah-israel.html,292,By Qasim Nauman,Iranian General Is Seen in State Media After Questions Over His Whereabouts,,,"Brig. Gen. Esmail Ghaani, the commander of Iran’s Quds Force, at a funeral in Tehran on Tuesday for a senior Iranian Quds commander who was killed in a strike in Lebanon that targeted Hezbollah’s leader. ",Arash Khamooshi for The New York Times,https://static01.nyt.com/images/2024/10/15/multimedia/15mideast-crisis-iran-general-vplw/15mideast-crisis-iran-general-vplw-articleLarge.jpg,400,600,https://static01.nyt.com/images/2024/10/15/multimedia/15mideast-crisis-iran-general-vplw/15mideast-crisis-iran-general-vplw-thumbStandard.jpg,75,75,Iranian General Is Seen in State Media After Questions Over His Whereabouts,"Iranian General Is Seen in State Media After Questions Over His Whereabouts Brig. Gen. Esmail Ghaani, commander of the elite Quds Force, appeared in video footage on Tuesday as Tehran braces for a possible counterstrike by Israel. Brig. Gen. Esmail Ghaani, commander of the elite Quds Force, appeared in video footage on Tuesday as Tehran braces for a possible counterstrike by Israel."
"An explosive deception has ripped apart one of Mexico’s most powerful criminal groups, the Sinaloa cartel, and ignited a war between the rival factions.",article,nyt://article/724431dd-4aa2-520b-8a95-c06e87f0d6f8,"[{'name': 'Subject', 'value': 'Drug Cartels', 'rank': 1}, {'name': 'Organization', 'value': 'Sinaloa Cartel', 'rank': 2}, {'name': 'Subject', 'value': 'Murders, Attempted Murders and Homicides', 'rank': 3}, {'name': 'Location', 'value': 'Sinaloa (Mexico)', 'rank': 4}, {'name': 'Location', 'value': 'Culiacan (Mexico)', 'rank': 5}, {'name': 'Person', 'value': 'Zambada Garcia, Ismael', 'rank': 6}, {'name': 'Person', 'value': 'Guzman Loera, Joaquin', 'rank': 7}, {'name': 'Person', 'value': 'Guzman Lopez, Ovidio', 'rank': 8}, {'name': 'Person', 'value': 'Lopez Obrador, Andres Manuel', 'rank': 9}, {'name': 'Person', 'value': 'Sheinbaum, Claudia', 'rank': 10}, {'name': 'Location', 'value': 'Mexico', 'rank': 11}, {'name': 'Subject', 'value': 'Politics and Government', 'rank': 12}, {'name': 'Subject', 'value': 'Defense and Military Forces', 'rank': 13}]",Foreign,4,A,2024-10-08 09:04:46+00:00,World,"An explosive deception has ripped apart one of Mexico’s most powerful criminal groups, the Sinaloa cartel, and ignited a war between the rival factions.",The New York Times,Americas,News,nyt://article/724431dd-4aa2-520b-8a95-c06e87f0d6f8,https://www.nytimes.com/2024/10/08/world/americas/mexico-sinaloa-cartel-war.html,1436,"By Natalie Kitroeff, Paulina Villegas and Meridith Kohut",A Cartel Double-Cross Turns a Mexican State Into a War Zone,,Mexican State Is Paralyzed by Fear in a War Between Cartel Families,"Police guarding a crime scene last month in Culiacán, Mexico.",Meridith Kohut for The New York Times,https://static01.nyt.com/images/2024/10/06/multimedia/06mexico-culiacan-promo/06mexico-culiacan-vplk-articleLarge.jpg,400,600,https://static01.nyt.com/images/2024/10/06/multimedia/06mexico-culiacan-promo/06mexico-culiacan-vplk-thumbStandard.jpg,75,75,A Cartel Double-Cross Turns a Mexican State Into a War Zone,"A Cartel Double-Cross Turns a Mexican State Into a War Zone An explosive deception has ripped apart one of Mexico’s most powerful criminal groups, the Sinaloa cartel, and ignited a war between the rival factions. An explosive deception has ripped apart one of Mexico’s most powerful criminal groups, the Sinaloa cartel, and ignited a war between the rival factions."
President Vladimir Putin is throwing ever more resources at two interlocked priorities: recruiting more soldiers and encouraging bigger families.,article,nyt://article/1be13f47-ce53-5ace-995e-e15b9c1f1ca5,"[{'name': 'Subject', 'value': 'Russian Invasion of Ukraine (2022)', 'rank': 1}, {'name': 'Location', 'value': 'Russia', 'rank': 2}, {'name': 'Person', 'value': 'Putin, Vladimir V', 'rank': 3}, {'name': 'Subject', 'value': 'Politics and Government', 'rank': 4}, {'name': 'Subject', 'value': 'Population', 'rank': 5}, {'name': 'Subject', 'value': 'Birth Rates', 'rank': 6}, {'name': 'Subject', 'value': 'Defense and Military Forces', 'rank': 7}, {'name': 'Subject', 'value': 'Draft and Recruitment (Military)', 'rank': 8}, {'name': 'Location', 'value': 'Ukraine', 'rank': 9}, {'name': 'Subject', 'value': 'International Relations', 'rank': 10}]",Foreign,4,A,2024-10-02 09:02:43+00:00,World,President Vladimir Putin is throwing ever more resources at two interlocked priorities: recruiting more soldiers and encouraging bigger families.,The New York Times,Europe,News,nyt://article/1be13f47-ce53-5ace-995e-e15b9c1f1ca5,https://www.nytimes.com/2024/10/02/world/europe/russia-putin-birthrate.html,1337,By Anton Troianovski,"How Russians Serve the State: In Battle, and in Childbirth",,Russians Can Serve the State in Battle or in Childbirth,"A military recruiting poster in Kursk, Russia, in August. President Vladimir V. Putin has ordered the ranks of Russia’s army to increase by 180,000 service members to 1.5 million.",Nanna Heitmann for The New York Times,https://static01.nyt.com/images/2024/10/01/multimedia/00russia-recruitment01-photo-pzvc/00russia-recruitment01-photo-pzvc-articleLarge.jpg,429,600,https://static01.nyt.com/images/2024/10/01/multimedia/00russia-recruitment01-photo-pzvc/00russia-recruitment01-photo-pzvc-thumbStandard.jpg,75,75,"How Russians Serve the State: In Battle, and in Childbirth","How Russians Serve the State: In Battle, and in Childbirth President Vladimir Putin is throwing ever more resources at two interlocked priorities: recruiting more soldiers and encouraging bigger families. President Vladimir Putin is throwing ever more resources at two interlocked priorities: recruiting more soldiers and encouraging bigger families."
"A methane leak set off the explosion, the country’s official media said, and a rescue effort was underway for those believed to be trapped in the mine.",article,nyt://article/f236e824-ba93-544c-9e1d-976295126293,"[{'name': 'Subject', 'value': 'Deaths (Fatalities)', 'rank': 1}, {'name': 'Subject', 'value': 'Mines and Mining', 'rank': 2}, {'name': 'Subject', 'value': 'Methane', 'rank': 3}, {'name': 'Subject', 'value': 'Coal', 'rank': 4}, {'name': 'Location', 'value': 'Iran', 'rank': 5}, {'name': 'Location', 'value': 'Tabas (Iran)', 'rank': 6}, {'name': 'Subject', 'value': 'Explosions (Accidental)', 'rank': 7}, {'name': 'Subject', 'value': 'Rescues', 'rank': 8}]",Foreign,13,A,2024-09-22 10:02:08+00:00,World,"A methane leak set off the explosion, the country’s official media said, and a rescue effort was underway for those believed to be trapped in the mine.",The New York Times,Middle East,News,nyt://article/f236e824-ba93-544c-9e1d-976295126293,https://www.nytimes.com/2024/09/22/world/middleeast/iran-explosion-coal-mine-methane.html,288,By Amelia Nierenberg,"Explosion at an Iranian Mine Kills Dozens, State Media Says",,"Mine Explosion Kills Dozens In Iran, With More Trapped",,,,0,0,,0,0,"Explosion at an Iranian Mine Kills Dozens, State Media Says","Explosion at an Iranian Mine Kills Dozens, State Media Says A methane leak set off the explosion, the country’s official media said, and a rescue effort was underway for those believed to be trapped in the mine. A methane leak set off the explosion, the country’s official media said, and a rescue effort was underway for those believed to be trapped in the mine."
"The far right and far left are poised to make significant gains in state voting on Sunday, possibly affecting the stability of the national government in Berlin.",article,nyt://article/82d05c3b-3528-5580-852d-6421b4d1ea46,"[{'name': 'Location', 'value': 'Brandenburg (Germany)', 'rank': 1}, {'name': 'Subject', 'value': 'Right-Wing Extremism and Alt-Right', 'rank': 2}, {'name': 'Subject', 'value': 'Elections', 'rank': 3}, {'name': 'Organization', 'value': 'Alternative for Germany', 'rank': 4}, {'name': 'Organization', 'value': 'Christian Democratic Union (Germany)', 'rank': 5}, {'name': 'Organization', 'value': 'Social Democratic Party (Germany)', 'rank': 6}, {'name': 'Person', 'value': 'Scholz, Olaf (1958- )', 'rank': 7}, {'name': 'Person', 'value': 'Wagenknecht, Sahra (1969- )', 'rank': 8}, {'name': 'Location', 'value': 'Germany', 'rank': 9}]",Foreign,,,2024-09-22 04:01:16+00:00,World,"The far right and far left are poised to make significant gains in state voting on Sunday, possibly affecting the stability of the national government in Berlin.",The New York Times,Europe,News,nyt://article/82d05c3b-3528-5580-852d-6421b4d1ea46,https://www.nytimes.com/2024/09/22/world/europe/germany-election-brandenburg.html,883,By Christopher F. Schuetze,What to Watch For in a Key German State Election,,,"Dietmar Woidke, the governor of the eastern German state of Brandenburg, is one of the most popular members of Chancellor Olaf Scholz’s party, but they have been facing headwinds.",Fabrizio Bensch/Reuters,https://static01.nyt.com/images/2024/09/22/multimedia/22germany-election-explainer01-photo-jblt/22germany-election-explainer01-photo-jblt-articleLarge.jpg,400,600,https://static01.nyt.com/images/2024/09/22/multimedia/22germany-election-explainer01-photo-jblt/22germany-election-explainer01-photo-jblt-thumbStandard.jpg,75,75,What to Watch For in a Key German State Election,"What to Watch For in a Key German State Election The far right and far left are poised to make significant gains in state voting on Sunday, possibly affecting the stability of the national government in Berlin. The far right and far left are poised to make significant gains in state voting on Sunday, possibly affecting the stability of the national government in Berlin."
"Prime Minister Edi Rama says he wants to give members of the Bektashi, a Shiite Sufi order, their own Vatican-style enclave as a way of promoting religious tolerance.",article,nyt://article/10fad6f0-3d46-58ea-993f-e72f0a7b493b,"[{'name': 'Subject', 'value': 'Politics and Government', 'rank': 1}, {'name': 'Subject', 'value': 'International Relations', 'rank': 2}, {'name': 'Subject', 'value': 'Muslims and Islam', 'rank': 3}, {'name': 'Subject', 'value': 'Sufism (Religion)', 'rank': 4}, {'name': 'Person', 'value': 'Rama, Edi', 'rank': 5}, {'name': 'Location', 'value': 'Albania', 'rank': 6}, {'name': 'Location', 'value': 'Tirana (Albania)', 'rank': 7}, {'name': 'Person', 'value': 'Brahimaj, Edmond (Baba Mondi)', 'rank': 8}]",Foreign,8,A,2024-09-21 09:03:29+00:00,World,"Prime Minister Edi Rama says he wants to give members of the Bektashi, a Shiite Sufi order, their own Vatican-style enclave as a way of promoting religious tolerance.",The New York Times,Europe,News,nyt://article/10fad6f0-3d46-58ea-993f-e72f0a7b493b,https://www.nytimes.com/2024/09/21/world/europe/albania-tirana-muslim-state-bektashi.html,1395,By Andrew Higgins,Albania Is Planning a New Muslim State Inside Its Capital,,Albania Plans a Muslim Enclave in the Heart of Its Capital,"The compound in Tirana, the Albanian capital, that would become the Sovereign State of the Bektashi Order.",Hilary Swift for The New York Times,https://static01.nyt.com/images/2024/09/21/multimedia/21albania-islam-01-kbpf/21albania-islam-01-kbpf-articleLarge.jpg,399,600,https://static01.nyt.com/images/2024/09/21/multimedia/21albania-islam-01-kbpf/21albania-islam-01-kbpf-thumbStandard.jpg,75,75,Albania Is Planning a New Muslim State Inside Its Capital,"Albania Is Planning a New Muslim State Inside Its Capital Prime Minister Edi Rama says he wants to give members of the Bektashi, a Shiite Sufi order, their own Vatican-style enclave as a way of promoting religious tolerance. Prime Minister Edi Rama says he wants to give members of the Bektashi, a Shiite Sufi order, their own Vatican-style enclave as a way of promoting religious tolerance."
His comments reflect an apparent toughening of his views on an issue that could reshape the diplomatic map of the Middle East.,article,nyt://article/7c153891-aa5c-5292-a66c-0a8b4043b299,"[{'name': 'Location', 'value': 'Saudi Arabia', 'rank': 1}, {'name': 'Person', 'value': 'Mohammed bin Salman (1985- )', 'rank': 2}, {'name': 'Location', 'value': 'Israel', 'rank': 3}, {'name': 'Subject', 'value': 'Palestinians', 'rank': 4}, {'name': 'Subject', 'value': 'International Relations', 'rank': 5}, {'name': 'Subject', 'value': 'Israel-Gaza War (2023- )', 'rank': 6}, {'name': 'Location', 'value': 'Middle East', 'rank': 7}]",Foreign,8,A,2024-09-19 12:43:39+00:00,World,His comments reflect an apparent toughening of his views on an issue that could reshape the diplomatic map of the Middle East.,The New York Times,Middle East,News,nyt://article/7c153891-aa5c-5292-a66c-0a8b4043b299,https://www.nytimes.com/2024/09/19/world/middleeast/saudi-israel-relations.html,518,By Ismaeel Naar and Adam Rasgon,Saudi Crown Prince Says No to Israel Ties Without Palestinian State,,Prince Says No To Israeli Ties Without State  For Palestine,"In a photo provided by Saudi state media, Saudi Crown Prince Mohammed bin Salman delivers a speech in Riyadh, Saudi Arabia, on Wednesday.",Saudi Press Agency,https://static01.nyt.com/images/2024/09/19/multimedia/19mideast-crisis-saudi-mbs-1-wmfz/19mideast-crisis-saudi-mbs-1-wmfz-articleLarge.jpg,424,600,https://static01.nyt.com/images/2024/09/19/multimedia/19mideast-crisis-saudi-mbs-1-wmfz/19mideast-crisis-saudi-mbs-1-wmfz-thumbStandard.jpg,75,75,Saudi Crown Prince Says No to Israel Ties Without Palestinian State,Saudi Crown Prince Says No to Israel Ties Without Palestinian State His comments reflect an apparent toughening of his views on an issue that could reshape the diplomatic map of the Middle East. His comments reflect an apparent toughening of his views on an issue that could reshape the diplomatic map of the Middle East.
"The ambassador, Mojtaba Amini, lost an eye, according to two members of Iran’s Revolutionary Guards Corps who were briefed on the attack.",article,nyt://article/f4e0e573-1c2a-5068-824a-b687486170a6,"[{'name': 'Location', 'value': 'Iran', 'rank': 1}, {'name': 'Organization', 'value': 'Hezbollah', 'rank': 2}, {'name': 'Location', 'value': 'Israel', 'rank': 3}, {'name': 'Subject', 'value': 'Wireless Communications', 'rank': 4}, {'name': 'Subject', 'value': 'Diplomatic Service, Embassies and Consulates', 'rank': 5}]",Foreign,,,2024-09-17 18:17:34+00:00,World,"The ambassador, Mojtaba Amini, lost an eye, according to two members of Iran’s Revolutionary Guards Corps who were briefed on the attack.",The New York Times,Middle East,News,nyt://article/f4e0e573-1c2a-5068-824a-b687486170a6,https://www.nytimes.com/2024/09/18/world/middleeast/iran-ambassador-mojtaba-amini-pager-attack.html,756,By Farnaz Fassihi,"Iran’s Ambassador to Lebanon Is Injured in Pager Attack, State Media Reports",,,"Iran’s ambassador to Lebanon, Mojtaba Amini, center, in Beirut, Lebanon, in July.",Mohamed Azakir/Reuters,https://static01.nyt.com/images/2024/09/17/multimedia/17mideast-crisis-iranian-ambassador-vkpq/17mideast-crisis-iranian-ambassador-vkpq-articleLarge.jpg,396,600,https://static01.nyt.com/images/2024/09/17/multimedia/17mideast-crisis-iranian-ambassador-vkpq/17mideast-crisis-iranian-ambassador-vkpq-thumbStandard.jpg,75,75,"Iran’s Ambassador to Lebanon Is Injured in Pager Attack, State Media Reports","Iran’s Ambassador to Lebanon Is Injured in Pager Attack, State Media Reports The ambassador, Mojtaba Amini, lost an eye, according to two members of Iran’s Revolutionary Guards Corps who were briefed on the attack. The ambassador, Mojtaba Amini, lost an eye, according to two members of Iran’s Revolutionary Guards Corps who were briefed on the attack."
"Ethnic tensions have turned Manipur into an open war zone. Struggling to contain the unrest, the authorities have reimposed a curfew and internet blackout.",article,nyt://article/4edec7a4-4050-5ed7-83ea-8e56cd9a111e,"[{'name': 'Subject', 'value': 'Communications and Media Blackouts', 'rank': 1}, {'name': 'Subject', 'value': 'Demonstrations, Protests and Riots', 'rank': 2}, {'name': 'Subject', 'value': 'War and Armed Conflicts', 'rank': 3}, {'name': 'Organization', 'value': 'Bharatiya Janata Party', 'rank': 4}, {'name': 'Person', 'value': 'Modi, Narendra', 'rank': 5}, {'name': 'Location', 'value': 'Manipur State (India)', 'rank': 6}]",Foreign,7,A,2024-09-11 10:50:14+00:00,World,"Ethnic tensions have turned Manipur into an open war zone. Struggling to contain the unrest, the authorities have reimposed a curfew and internet blackout.",The New York Times,Asia Pacific,News,nyt://article/4edec7a4-4050-5ed7-83ea-8e56cd9a111e,https://www.nytimes.com/2024/09/11/world/asia/india-manipur-conflict.html,532,By Pragati K.B.,Violence Resurges in Indian State Locked in Bloody Conflict for 16 Months,,Indian State Under Curfew As Violence Rages Anew,"Security forces fired tear gas to disperse protesters in Imphal, a city in the northeastern Indian state of Manipur, on Tuesday.",Agence France-Presse — Getty Images,https://static01.nyt.com/images/2024/09/11/multimedia/11india-unrest-sub-zlwv/11india-unrest-sub-zlwv-articleLarge.jpg,400,600,https://static01.nyt.com/images/2024/09/11/multimedia/11india-unrest-sub-zlwv/11india-unrest-sub-zlwv-thumbStandard.jpg,75,75,Violence Resurges in Indian State Locked in Bloody Conflict for 16 Months,"Violence Resurges in Indian State Locked in Bloody Conflict for 16 Months Ethnic tensions have turned Manipur into an open war zone. Struggling to contain the unrest, the authorities have reimposed a curfew and internet blackout. Ethnic tensions have turned Manipur into an open war zone. Struggling to contain the unrest, the authorities have reimposed a curfew and internet blackout."
"The far-right Alternative for Germany, or AfD, had a very successful night in two states, despite its state chapters’ classification as “extremist” by German domestic intelligence.",article,nyt://article/5962fc9a-1e44-55d7-a422-7d1dd04eee05,"[{'name': 'Subject', 'value': 'Right-Wing Extremism and Alt-Right', 'rank': 1}, {'name': 'Subject', 'value': 'Politics and Government', 'rank': 2}, {'name': 'Organization', 'value': 'Alternative for Germany', 'rank': 3}, {'name': 'Organization', 'value': 'Christian Democratic Union (Germany)', 'rank': 4}, {'name': 'Organization', 'value': 'Sahra Wagenknecht Alliance (BSW)', 'rank': 5}, {'name': 'Location', 'value': 'East Germany', 'rank': 6}, {'name': 'Location', 'value': 'Germany', 'rank': 7}, {'name': 'Person', 'value': 'Scholz, Olaf (1958- )', 'rank': 8}, {'name': 'Person', 'value': 'Wagenknecht, Sahra (1969- )', 'rank': 9}, {'name': 'Location', 'value': 'Saxony (Germany)', 'rank': 10}, {'name': 'Location', 'value': 'Thuringia (Germany)', 'rank': 11}, {'name': 'Subject', 'value': 'Elections', 'rank': 12}]",Foreign,6,A,2024-09-02 04:01:20+00:00,World,"The far-right Alternative for Germany, or AfD, had a very successful night in two states, despite its state chapters’ classification as “extremist” by German domestic intelligence.",The New York Times,Europe,News,nyt://article/5962fc9a-1e44-55d7-a422-7d1dd04eee05,https://www.nytimes.com/2024/09/02/world/europe/east-germany-elections-afd.html,893,By Christopher F. Schuetze,Takeaways From East Germany’s State Elections,,Effect of German Far Right’s Wins May Be Slim,"Björn Höcke, a member of the AfD, left, Thuringia State Premier Bodo Ramelow, center, and the Christian Democratic Union candidate Mario Voigt, right, at the state parliament building in Erfurt, Germany, on Sunday.",Thilo Schmuelgen/Reuters,https://static01.nyt.com/images/2024/09/01/multimedia/01Germany-election-takeaways-wqhm/01Germany-election-takeaways-wqhm-articleLarge.jpg,400,600,https://static01.nyt.com/images/2024/09/01/multimedia/01Germany-election-takeaways-wqhm/01Germany-election-takeaways-wqhm-thumbStandard.jpg,75,75,Takeaways From East Germany’s State Elections,"Takeaways From East Germany’s State Elections The far-right Alternative for Germany, or AfD, had a very successful night in two states, despite its state chapters’ classification as “extremist” by German domestic intelligence. The far-right Alternative for Germany, or AfD, had a very successful night in two states, despite its state chapters’ classification as “extremist” by German domestic intelligence."
"The Alternative for Germany party was on course to win in Thuringia, according to projections, in what was seen as a worrying sign of the health of German democracy.",article,nyt://article/977675ac-c884-5704-a14c-ec7a15ff4a79,"[{'name': 'Subject', 'value': 'Elections', 'rank': 1}, {'name': 'Location', 'value': 'Germany', 'rank': 2}, {'name': 'Location', 'value': 'East Germany', 'rank': 3}, {'name': 'Location', 'value': 'Saxony (Germany)', 'rank': 4}, {'name': 'Location', 'value': 'Thuringia (Germany)', 'rank': 5}, {'name': 'Subject', 'value': 'Right-Wing Extremism and Alt-Right', 'rank': 6}, {'name': 'Subject', 'value': 'Politics and Government', 'rank': 7}, {'name': 'Subject', 'value': 'Fringe Groups and Movements', 'rank': 8}, {'name': 'Subject', 'value': 'Immigration and Emigration', 'rank': 9}, {'name': 'Subject', 'value': 'Neo Nazi Groups', 'rank': 10}, {'name': 'Organization', 'value': 'Alternative for Germany', 'rank': 11}, {'name': 'Organization', 'value': 'Christian Democratic Union (Germany)', 'rank': 12}, {'name': 'Organization', 'value': 'European Parliament', 'rank': 13}, {'name': 'Organization', 'value': 'Free Democratic Party (Germany)', 'rank': 14}, {'name': 'Organization', 'value': 'Sahra Wagenknecht Alliance (BSW)', 'rank': 15}, {'name': 'Organization', 'value': 'Left Party (Germany)', 'rank': 16}, {'name': 'Organization', 'value': 'Social Democratic Party (Germany)', 'rank': 17}, {'name': 'Person', 'value': 'Scholz, Olaf (1958- )', 'rank': 18}, {'name': 'Location', 'value': 'Europe', 'rank': 19}]",Foreign,12,A,2024-09-01 18:10:05+00:00,World,"The Alternative for Germany party was on course to win in Thuringia, according to projections, in what was seen as a worrying sign of the health of German democracy.",The New York Times,Europe,News,nyt://article/977675ac-c884-5704-a14c-ec7a15ff4a79,https://www.nytimes.com/2024/09/01/world/europe/east-german-state-elections-saxony-thuringia.html,1251,By Steven Erlanger and Christopher F. Schuetze,East Germans Lean Toward Extremes in State Elections,,"In Germany’s State Elections, a Sign of Extremist Parties’ Rising Strength","An Election Day gathering for the far-right AfD party on Sunday in Erfurt, Germany.",Wolfgang Rattay/Reuters,https://static01.nyt.com/images/2024/09/01/multimedia/01germany-election-hqgc/01germany-election-hqgc-articleLarge.jpg,400,600,https://static01.nyt.com/images/2024/09/01/multimedia/01germany-election-hqgc/01germany-election-hqgc-thumbStandard.jpg,75,75,East Germans Lean Toward Extremes in State Elections,"East Germans Lean Toward Extremes in State Elections The Alternative for Germany party was on course to win in Thuringia, according to projections, in what was seen as a worrying sign of the health of German democracy. The Alternative for Germany party was on course to win in Thuringia, according to projections, in what was seen as a worrying sign of the health of German democracy."
The prospect of a strong performance by the far-right Alternative for Germany party in two state elections is only one of the problems for Chancellor Olaf Scholz.,article,nyt://article/fe046102-78e5-530d-89e0-59ff09c0e2e4,"[{'name': 'Location', 'value': 'Germany', 'rank': 1}, {'name': 'Subject', 'value': 'Elections, State Legislature', 'rank': 2}, {'name': 'Location', 'value': 'Saxony (Germany)', 'rank': 3}, {'name': 'Location', 'value': 'Thuringia (Germany)', 'rank': 4}, {'name': 'Organization', 'value': 'Alternative for Germany', 'rank': 5}, {'name': 'Organization', 'value': 'Christian Democratic Union (Germany)', 'rank': 6}, {'name': 'Organization', 'value': 'Sahra Wagenknecht Alliance (BSW)', 'rank': 7}, {'name': 'Subject', 'value': 'Right-Wing Extremism and Alt-Right', 'rank': 8}, {'name': 'Subject', 'value': 'Politics and Government', 'rank': 9}, {'name': 'Person', 'value': 'Scholz, Olaf (1958- )', 'rank': 10}, {'name': 'Subject', 'value': 'Elections', 'rank': 11}]",Foreign,,,2024-09-01 04:01:43+00:00,World,The prospect of a strong performance by the far-right Alternative for Germany party in two state elections is only one of the problems for Chancellor Olaf Scholz.,The New York Times,Europe,News,nyt://article/fe046102-78e5-530d-89e0-59ff09c0e2e4,https://www.nytimes.com/2024/09/01/world/europe/east-german-state-elections.html,812,By Christopher F. Schuetze,What to Watch For in East German State Elections on Sunday,,,"A campaign poster for the far-right Alternative for Germany party in Straussfurt, a village in the eastern German state of Thuringia.",Lena Mucha for The New York Times,https://static01.nyt.com/images/2024/09/01/multimedia/01germany-election-explainer-1-fhqz/01germany-election-explainer-1-fhqz-articleLarge.jpg,399,600,https://static01.nyt.com/images/2024/09/01/multimedia/01germany-election-explainer-1-fhqz/01germany-election-explainer-1-fhqz-thumbStandard.jpg,75,75,What to Watch For in East German State Elections on Sunday,What to Watch For in East German State Elections on Sunday The prospect of a strong performance by the far-right Alternative for Germany party in two state elections is only one of the problems for Chancellor Olaf Scholz. The prospect of a strong performance by the far-right Alternative for Germany party in two state elections is only one of the problems for Chancellor Olaf Scholz.
"The Russian president will travel to Mongolia, a member of the International Criminal Court, which issued a warrant for his arrest in 2023.",article,nyt://article/87fe7d66-2081-504e-ac16-41e0cad1eb07,"[{'name': 'Subject', 'value': 'Russian Invasion of Ukraine (2022)', 'rank': 1}, {'name': 'Person', 'value': 'Putin, Vladimir V', 'rank': 2}, {'name': 'Organization', 'value': 'International Criminal Court', 'rank': 3}, {'name': 'Location', 'value': 'Mongolia', 'rank': 4}, {'name': 'Location', 'value': 'Russia', 'rank': 5}]",Foreign,,,2024-08-30 21:24:04+00:00,World,"The Russian president will travel to Mongolia, a member of the International Criminal Court, which issued a warrant for his arrest in 2023.",The New York Times,Europe,News,nyt://article/87fe7d66-2081-504e-ac16-41e0cad1eb07,https://www.nytimes.com/2024/08/30/world/europe/putin-visit-mongolia-icc.html,686,By Eve Sampson,Putin Plans First Visit to I.C.C. Member State Since Arrest Warrant,,"Though He’s a Wanted Man,  Putin Plans to Visit Mongolia","A photo released by Russian state news media of President Vladimir V. Putin meeting with President Ukhnaagiin Khurelsukh of Mongolia in July in Astana, Kazakhstan.",Gavriil Grigorov/Sputnik,https://static01.nyt.com/images/2024/08/30/multimedia/30mongolia-putin-gjcf/30mongolia-putin-gjcf-articleLarge.jpg,397,600,https://static01.nyt.com/images/2024/08/30/multimedia/30mongolia-putin-gjcf/30mongolia-putin-gjcf-thumbStandard.jpg,75,75,Putin Plans First Visit to I.C.C. Member State Since Arrest Warrant,"Putin Plans First Visit to I.C.C. Member State Since Arrest Warrant The Russian president will travel to Mongolia, a member of the International Criminal Court, which issued a warrant for his arrest in 2023. The Russian president will travel to Mongolia, a member of the International Criminal Court, which issued a warrant for his arrest in 2023."
"The police say they have arrested a man they believe killed three people and wounded eight others at a festival in the town of Solingen, in western Germany.",article,nyt://article/2a3ea696-36e5-5a6f-b769-62ef3407b6f6,"[{'name': 'Subject', 'value': 'Terrorism', 'rank': 1}, {'name': 'Location', 'value': 'Solingen (Germany)', 'rank': 2}, {'name': 'Organization', 'value': 'Islamic State in Iraq and Syria (ISIS)', 'rank': 3}, {'name': 'Subject', 'value': 'Murders, Attempted Murders and Homicides', 'rank': 4}]",Foreign,6,A,2024-08-25 13:21:11+00:00,World,"The police say they have arrested a man they believe killed three people and wounded eight others at a festival in the town of Solingen, in western Germany.",The New York Times,Europe,News,nyt://article/2a3ea696-36e5-5a6f-b769-62ef3407b6f6,https://www.nytimes.com/2024/08/25/world/europe/germany-festival-attack.html,725,By Christopher F. Schuetze,German Prosecutor Says Islamic State Terrorist Link Is Suspected in Festival Stabbings,,Syrian Surrenders in Knifing That Killed Three in Germany,"Police officers late Saturday with a suspect in the killings at a festival in Solingen, Germany.","Christoph Reichwein/DPA, via Associated Press",https://static01.nyt.com/images/2024/08/25/multimedia/25germany-attack-lwtg/25germany-attack-lwtg-articleLarge.jpg,400,600,https://static01.nyt.com/images/2024/08/25/multimedia/25germany-attack-lwtg/25germany-attack-lwtg-thumbStandard.jpg,75,75,German Prosecutor Says Islamic State Terrorist Link Is Suspected in Festival Stabbings,"German Prosecutor Says Islamic State Terrorist Link Is Suspected in Festival Stabbings The police say they have arrested a man they believe killed three people and wounded eight others at a festival in the town of Solingen, in western Germany. The police say they have arrested a man they believe killed three people and wounded eight others at a festival in the town of Solingen, in western Germany."
"After Israel’s killing of the Hamas leader Yahya Sinwar, the Biden administration is renewing its push for a halt to fighting in Gaza.",article,nyt://article/1204a045-2fd3-57a9-af55-c71d9c10d698,"[{'name': 'Subject', 'value': 'Israel-Gaza War (2023- )', 'rank': 1}, {'name': 'Organization', 'value': 'Hamas', 'rank': 2}, {'name': 'Subject', 'value': 'Palestinians', 'rank': 3}, {'name': 'Location', 'value': 'Qatar', 'rank': 4}, {'name': 'Location', 'value': 'Egypt', 'rank': 5}, {'name': 'Person', 'value': 'Netanyahu, Benjamin', 'rank': 6}, {'name': 'Organization', 'value': 'Hezbollah', 'rank': 7}, {'name': 'Person', 'value': 'Haniya, Ismail', 'rank': 8}, {'name': 'Location', 'value': 'Iran', 'rank': 9}]",Foreign,,,2024-08-15 01:28:45+00:00,World,"After Israel’s killing of the Hamas leader Yahya Sinwar, the Biden administration is renewing its push for a halt to fighting in Gaza.",The New York Times,Middle East,News,nyt://article/1204a045-2fd3-57a9-af55-c71d9c10d698,https://www.nytimes.com/article/israel-hamas-gaza-cease-fire-talks.html,887,By Ephrat Livni and Aryn Baker,What to Know About the State of the Cease-Fire Talks,,,Photographs of Israeli hostages in Tel Aviv on Monday.,Amir Levy/Getty Images,https://static01.nyt.com/images/2024/09/14/multimedia/14mideast-crisis-ceasefire-timeline-ktlm/14mideast-crisis-ceasefire-timeline-ktlm-articleLarge.jpg,400,600,https://static01.nyt.com/images/2024/09/14/multimedia/14mideast-crisis-ceasefire-timeline-ktlm/14mideast-crisis-ceasefire-timeline-ktlm-thumbStandard.jpg,75,75,What to Know About the State of the Cease-Fire Talks,"What to Know About the State of the Cease-Fire Talks After Israel’s killing of the Hamas leader Yahya Sinwar, the Biden administration is renewing its push for a halt to fighting in Gaza. After Israel’s killing of the Hamas leader Yahya Sinwar, the Biden administration is renewing its push for a halt to fighting in Gaza."
,article,nyt://article/97f880f3-4e4a-5083-a0c1-7fa72cd04353,[],Foreign,,,2024-08-08 09:52:14+00:00,World,,The New York Times,Middle East,Live Blog Post,nyt://article/97f880f3-4e4a-5083-a0c1-7fa72cd04353,https://www.nytimes.com/live/2024/08/08/world/israel-iran-hamas-gaza-war/the-eu-condemns-comments-by-a-far-right-israeli-minister-and-other-news,281,,"Four soldiers are injured in ‘air attack’ on Syria, state media reports, and other news.",Key Developments,,,,,0,0,,0,0,"Four soldiers are injured in ‘air attack’ on Syria, state media reports, and other news.","Four soldiers are injured in ‘air attack’ on Syria, state media reports, and other news."
,article,nyt://article/a4566f4c-f111-5ff5-9ad1-728dba378c13,[],Foreign,,,2024-08-01 20:41:39+00:00,World,,The New York Times,Europe,Live Blog Post,nyt://article/a4566f4c-f111-5ff5-9ad1-728dba378c13,https://www.nytimes.com/live/2024/08/01/world/russia-prisoner-swap-us/russian-state-media-portrays-swap-as-a-big-victory,413,By Ivan Nechepurenko,Russian state media portrays swap as a ‘big victory.’,,,"In footage from Russia-24, a state-owned news channel in Russia, Evan Gershkovich sits inside a plane during Thursday’s prisoner exchange.","Russia-24/via, Reuters",https://static01.nyt.com/images/2024/08/01/multimedia/01russia-media-pwvl/01russia-media-pwvl-articleLarge.jpg,400,600,https://static01.nyt.com/images/2024/08/01/multimedia/01russia-media-pwvl/01russia-media-pwvl-thumbStandard.jpg,75,75,Russian state media portrays swap as a ‘big victory.’,Russian state media portrays swap as a ‘big victory.’
,article,nyt://article/14656518-b42c-58aa-9b03-da4014cc2eca,[],Foreign,,,2024-07-16 13:24:33+00:00,World,,The New York Times,Middle East,Live Blog Post,nyt://article/14656518-b42c-58aa-9b03-da4014cc2eca,https://www.nytimes.com/live/2024/07/16/world/israel-gaza-war-hamas/civilian-casualties-in-gaza-remain-unacceptably-high-the-state-department-says,337,By Matthew Mpoke Bigg,"Civilian casualties in Gaza remain unacceptably high, the State Department says.",,,"A father holding the body of his son in Deir al Balah, in the central Gaza Strip, this month.",Ramadan Abed/Reuters,https://static01.nyt.com/images/2024/07/16/multimedia/16mideast-crisis-blinken-death-toll-fvtz/16mideast-crisis-blinken-death-toll-fvtz-articleLarge.jpg,418,600,https://static01.nyt.com/images/2024/07/16/multimedia/16mideast-crisis-blinken-death-toll-fvtz/16mideast-crisis-blinken-death-toll-fvtz-thumbStandard.jpg,75,75,"Civilian casualties in Gaza remain unacceptably high, the State Department says.","Civilian casualties in Gaza remain unacceptably high, the State Department says."
"The prosecution of a prominent playwright and a director in Russia over their work is a chilling sign of increased repression, cultural figures say.",article,nyt://article/763c39ce-3495-5a71-aa57-6eff816a2d53,"[{'name': 'Location', 'value': 'Russia', 'rank': 1}, {'name': 'Subject', 'value': 'Freedom of Speech and Expression', 'rank': 2}, {'name': 'Subject', 'value': 'Political Prisoners', 'rank': 3}, {'name': 'Organization', 'value': 'Islamic State in Iraq and Syria (ISIS)', 'rank': 4}, {'name': 'Title', 'value': 'Finist the Brave Falconn (Play)', 'rank': 5}, {'name': 'Person', 'value': 'Berkovich, Yevgenia', 'rank': 6}, {'name': 'Person', 'value': 'Petriychuk, Svetlana', 'rank': 7}, {'name': 'Subject', 'value': 'Terrorism', 'rank': 8}]",Foreign,1,A,2024-06-25 04:01:24+00:00,World,"The prosecution of a prominent playwright and a director in Russia over their work is a chilling sign of increased repression, cultural figures say.",The New York Times,Europe,News,nyt://article/763c39ce-3495-5a71-aa57-6eff816a2d53,https://www.nytimes.com/2024/06/25/world/europe/russia-playwright-director-terrorism-trial.html,1401,By Valerie Hopkins,2 Russian Women Put on a Play. Then the State Came for Them.,,Charged With Justifying Terrorism in a Play That Condemns It,"Yevgenia Berkovich, left, and Svetlana Petriychuk inside a courthouse in Moscow in May. The two are being tried on charges of terrorism relating to the production of their play, “Finist the Brave Falcon.”",Dmitry Serebryakov/Associated Press,https://static01.nyt.com/images/2024/06/23/multimedia/23russia-artists-trial-01-qvhk/23russia-artists-trial-01-qvhk-articleLarge.jpg,400,600,https://static01.nyt.com/images/2024/06/23/multimedia/23russia-artists-trial-01-qvhk/23russia-artists-trial-01-qvhk-thumbStandard.jpg,75,75,2 Russian Women Put on a Play. Then the State Came for Them.,"2 Russian Women Put on a Play. Then the State Came for Them. The prosecution of a prominent playwright and a director in Russia over their work is a chilling sign of increased repression, cultural figures say. The prosecution of a prominent playwright and a director in Russia over their work is a chilling sign of increased repression, cultural figures say."
,article,nyt://article/5ad7026f-cd67-51d3-9ea1-8fcbcb439187,[],Foreign,,,2024-06-21 07:07:09+00:00,World,,The New York Times,Middle East,Live Blog Post,nyt://article/5ad7026f-cd67-51d3-9ea1-8fcbcb439187,https://www.nytimes.com/live/2024/06/21/world/israel-gaza-war-hamas/blinken-meets-with-israeli-officials-and-other-news,272,,"Armenia is the latest country to recognize a Palestinian state, and other news.",Key Developments,,,,,0,0,,0,0,"Armenia is the latest country to recognize a Palestinian state, and other news.","Armenia is the latest country to recognize a Palestinian state, and other news."
"The assailants had taken two guards hostage and were killed, the prison service said.",article,nyt://article/5c3c4b44-d3af-5f58-affb-498196a9cd54,"[{'name': 'Subject', 'value': 'Terrorism', 'rank': 1}, {'name': 'Subject', 'value': 'Prisons and Prisoners', 'rank': 2}, {'name': 'Subject', 'value': 'Russian Invasion of Ukraine (2022)', 'rank': 3}, {'name': 'Person', 'value': 'Putin, Vladimir V', 'rank': 4}, {'name': 'Organization', 'value': 'Islamic State in Iraq and Syria (ISIS)', 'rank': 5}, {'name': 'Location', 'value': 'Moscow (Russia)', 'rank': 6}, {'name': 'Location', 'value': 'Rostov-on-Don (Russia)', 'rank': 7}, {'name': 'Subject', 'value': 'Moscow Concert Hall Shooting (March 2024)', 'rank': 8}]",Foreign,10,A,2024-06-16 13:17:20+00:00,World,"The assailants had taken two guards hostage and were killed, the prison service said.",The New York Times,Europe,News,nyt://article/5c3c4b44-d3af-5f58-affb-498196a9cd54,https://www.nytimes.com/2024/06/16/world/europe/russia-prison-hostages.html,367,By Anatoly Kurmanaev,"Russian Forces Quash Prison Mutiny Led by Terrorism Suspects, State Media Reports",,Troops Quash Mutiny in Jail Inside Russia,"Russian police officers standing guard near a pretrial detention center in Rostov-on-Don, Russia, on Sunday.","EPA, via Shutterstock",https://static01.nyt.com/images/2024/06/16/multimedia/16russia-mutiny-kwvp/16russia-mutiny-kwvp-articleLarge.jpg,408,600,https://static01.nyt.com/images/2024/06/16/multimedia/16russia-mutiny-kwvp/16russia-mutiny-kwvp-thumbStandard.jpg,75,75,"Russian Forces Quash Prison Mutiny Led by Terrorism Suspects, State Media Reports","Russian Forces Quash Prison Mutiny Led by Terrorism Suspects, State Media Reports The assailants had taken two guards hostage and were killed, the prison service said. The assailants had taken two guards hostage and were killed, the prison service said."
Ayatollah Ali Khamenei pointed to the turnout at memorials for Iran’s president at a time when external critics say popular backing for the Islamic Republic has weakened.,article,nyt://article/8c76598a-7680-5c3c-9998-ab08033899b0,"[{'name': 'Person', 'value': 'Khamenei, Ali', 'rank': 1}, {'name': 'Subject', 'value': 'Funerals and Memorials', 'rank': 2}, {'name': 'Person', 'value': 'Raisi, Ebrahim', 'rank': 3}, {'name': 'Location', 'value': 'Iran', 'rank': 4}, {'name': 'Subject', 'value': 'Politics and Government', 'rank': 5}]",Foreign,8,A,2024-05-25 12:39:43+00:00,World,Ayatollah Ali Khamenei pointed to the turnout at memorials for Iran’s president at a time when external critics say popular backing for the Islamic Republic has weakened.,The New York Times,Middle East,News,nyt://article/8c76598a-7680-5c3c-9998-ab08033899b0,https://www.nytimes.com/2024/05/25/world/middleeast/iran-khamenei-raisi-crowds.html,678,By Erika Solomon,"Crowds for Raisi Show Support for Iranian State, Supreme Leader Says",,Ayatollah Says Mourning  Shows Revolution Lives ,Iranians attending a funeral ceremony for President Ebrahim Raisi in Tehran on Wednesday.,Arash Khamooshi for The New York Times,https://static01.nyt.com/images/2024/05/25/multimedia/25iran-ceremony-01-pgkt/25iran-ceremony-01-pgkt-articleLarge.jpg,400,600,https://static01.nyt.com/images/2024/05/25/multimedia/25iran-ceremony-01-pgkt/25iran-ceremony-01-pgkt-thumbStandard.jpg,75,75,"Crowds for Raisi Show Support for Iranian State, Supreme Leader Says","Crowds for Raisi Show Support for Iranian State, Supreme Leader Says Ayatollah Ali Khamenei pointed to the turnout at memorials for Iran’s president at a time when external critics say popular backing for the Islamic Republic has weakened. Ayatollah Ali Khamenei pointed to the turnout at memorials for Iran’s president at a time when external critics say popular backing for the Islamic Republic has weakened."
"The moves, while largely symbolic, were welcomed by Palestinians and denounced by Prime Minister Benjamin Netanyahu, who called them “a prize for terrorism.”",article,nyt://article/1984cc13-e09b-5c45-8a4b-6171e4db1cc8,"[{'name': 'Subject', 'value': 'Israel-Gaza War (2023- )', 'rank': 1}, {'name': 'Location', 'value': 'Israel', 'rank': 2}, {'name': 'Person', 'value': 'Netanyahu, Benjamin', 'rank': 3}, {'name': 'Subject', 'value': 'Palestinians', 'rank': 4}, {'name': 'Location', 'value': 'Gaza Strip', 'rank': 5}, {'name': 'Location', 'value': 'West Bank', 'rank': 6}, {'name': 'Subject', 'value': 'International Relations', 'rank': 7}, {'name': 'Organization', 'value': 'Hamas', 'rank': 8}, {'name': 'Subject', 'value': 'Terrorism', 'rank': 9}, {'name': 'Organization', 'value': 'Palestinian Authority', 'rank': 10}, {'name': 'Location', 'value': 'Norway', 'rank': 11}, {'name': 'Location', 'value': 'Ireland', 'rank': 12}, {'name': 'Location', 'value': 'Spain', 'rank': 13}, {'name': 'Location', 'value': 'Europe', 'rank': 14}]",Foreign,1,A,2024-05-22 21:18:29+00:00,World,"The moves, while largely symbolic, were welcomed by Palestinians and denounced by Prime Minister Benjamin Netanyahu, who called them “a prize for terrorism.”",The New York Times,Middle East,News,nyt://article/1984cc13-e09b-5c45-8a4b-6171e4db1cc8,https://www.nytimes.com/2024/05/22/world/middleeast/spain-norway-ireland-palestinian-statehood-israel.html,1393,"By Aaron Boxerman, Emma Bubola and Michael Levenson","Spain, Norway and Ireland Recognize Palestinian State, Further Isolating Israel",,Three in Europe Back Statehood For Palestinians,"A makeshift Palestinian shop next to buildings destroyed in an Israeli strike, in the southern Gaza Strip on Wednesday.",Mohammed Salem/Reuters,https://static01.nyt.com/images/2024/05/22/multimedia/22mideast-crisis-leadall-01-bztm/22mideast-crisis-leadall-01-bztm-articleLarge.jpg,410,600,https://static01.nyt.com/images/2024/05/22/multimedia/22mideast-crisis-leadall-01-bztm/22mideast-crisis-leadall-01-bztm-thumbStandard.jpg,75,75,"Spain, Norway and Ireland Recognize Palestinian State, Further Isolating Israel","Spain, Norway and Ireland Recognize Palestinian State, Further Isolating Israel The moves, while largely symbolic, were welcomed by Palestinians and denounced by Prime Minister Benjamin Netanyahu, who called them “a prize for terrorism.” The moves, while largely symbolic, were welcomed by Palestinians and denounced by Prime Minister Benjamin Netanyahu, who called them “a prize for terrorism.”"
"The move by three European countries fits into a long-term goal of Palestinian leaders to secure diplomatic acceptance, but the immediate impact may be limited.",article,nyt://article/aeb48cf0-9ba9-5ab8-a8e3-0039cf8d2255,"[{'name': 'Subject', 'value': 'Palestinians', 'rank': 1}, {'name': 'Subject', 'value': 'International Relations', 'rank': 2}, {'name': 'Subject', 'value': 'Israel-Gaza War (2023- )', 'rank': 3}, {'name': 'Subject', 'value': 'Diplomatic Service, Embassies and Consulates', 'rank': 4}, {'name': 'Organization', 'value': 'General Assembly (UN)', 'rank': 5}, {'name': 'Organization', 'value': 'Palestinian Authority', 'rank': 6}, {'name': 'Organization', 'value': 'United Nations', 'rank': 7}, {'name': 'Location', 'value': 'Gaza Strip', 'rank': 8}, {'name': 'Location', 'value': 'Israel', 'rank': 9}, {'name': 'Location', 'value': 'West Bank', 'rank': 10}]",Foreign,5,A,2024-05-22 16:07:19+00:00,World,"The move by three European countries fits into a long-term goal of Palestinian leaders to secure diplomatic acceptance, but the immediate impact may be limited.",The New York Times,Middle East,News,nyt://article/aeb48cf0-9ba9-5ab8-a8e3-0039cf8d2255,https://www.nytimes.com/2024/05/22/world/middleeast/palestinian-state.html,701,By Matthew Mpoke Bigg,What Does It Mean to Recognize a Palestinian State?,,"Clear Signs Of Support, But Impact  Is Limited",A pro-Palestinian demonstration in front of the Parliament building in Oslo on Sunday.,"Berit Roald/NTB, via Associated Press",https://static01.nyt.com/images/2024/05/22/multimedia/22mideast-crisis-statehood-explain-02/22mideast-crisis-statehood-explain-02-articleLarge-v2.jpg,400,600,https://static01.nyt.com/images/2024/05/22/multimedia/22mideast-crisis-statehood-explain-02/22mideast-crisis-promo-600-vfzb-thumbStandard-v2.jpg,75,75,What Does It Mean to Recognize a Palestinian State?,"What Does It Mean to Recognize a Palestinian State? The move by three European countries fits into a long-term goal of Palestinian leaders to secure diplomatic acceptance, but the immediate impact may be limited. The move by three European countries fits into a long-term goal of Palestinian leaders to secure diplomatic acceptance, but the immediate impact may be limited."
"The finance minister’s office signaled that the decision, which could worsen the Palestinians’ dire economic crisis, was a response to Spain, Norway and Ireland recognizing Palestinian statehood.",article,nyt://article/7f2a161e-0d1f-51e5-b6c0-a850eb4a990c,"[{'name': 'Location', 'value': 'Israel', 'rank': 1}, {'name': 'Organization', 'value': 'Palestinian Authority', 'rank': 2}, {'name': 'Subject', 'value': 'Israel-Gaza War (2023- )', 'rank': 3}, {'name': 'Person', 'value': 'Smotrich, Bezalel (1980- )', 'rank': 4}]",Foreign,,,2024-05-22 13:06:32+00:00,World,"The finance minister’s office signaled that the decision, which could worsen the Palestinians’ dire economic crisis, was a response to Spain, Norway and Ireland recognizing Palestinian statehood.",The New York Times,Middle East,News,nyt://article/7f2a161e-0d1f-51e5-b6c0-a850eb4a990c,https://www.nytimes.com/2024/05/22/world/middleeast/israel-reacts-palestinian-finance.html,917,By Aaron Boxerman,Israel Responds to Move to Recognize Palestinian State by Withholding Funds,,,"The Israeli finance minister, Bezalel Smotrich, left, with Prime Minister Benjamin Netanyahu, said that Israel will no longer send tax revenues to the Palestinian Authority.",Ronen Zvulun/Reuters,https://static01.nyt.com/images/2024/05/22/multimedia/22mideast-crisis-israel-react-01-qphf/22mideast-crisis-israel-react-01-qphf-articleLarge.jpg,400,600,https://static01.nyt.com/images/2024/05/22/multimedia/22mideast-crisis-israel-react-01-qphf/22mideast-crisis-israel-react-01-qphf-thumbStandard.jpg,75,75,Israel Responds to Move to Recognize Palestinian State by Withholding Funds,"Israel Responds to Move to Recognize Palestinian State by Withholding Funds The finance minister’s office signaled that the decision, which could worsen the Palestinians’ dire economic crisis, was a response to Spain, Norway and Ireland recognizing Palestinian statehood. The finance minister’s office signaled that the decision, which could worsen the Palestinians’ dire economic crisis, was a response to Spain, Norway and Ireland recognizing Palestinian statehood."
"Simon Harris, Ireland’s prime minister, invoked his nation’s struggle for independence from Britain and its decades of violent sectarian conflict.",article,nyt://article/53c53825-5a12-5a02-a680-33377666ba60,"[{'name': 'Location', 'value': 'Ireland', 'rank': 1}, {'name': 'Subject', 'value': 'Israel-Gaza War (2023- )', 'rank': 2}, {'name': 'Person', 'value': 'Harris, Simon (1986- )', 'rank': 3}, {'name': 'Subject', 'value': 'Palestinians', 'rank': 4}, {'name': 'Location', 'value': 'Gaza Strip', 'rank': 5}, {'name': 'Location', 'value': 'Israel', 'rank': 6}, {'name': 'Subject', 'value': 'Good Friday Agreement (1998)', 'rank': 7}]",Foreign,,,2024-05-22 10:29:55+00:00,World,"Simon Harris, Ireland’s prime minister, invoked his nation’s struggle for independence from Britain and its decades of violent sectarian conflict.",The New York Times,Middle East,News,nyt://article/53c53825-5a12-5a02-a680-33377666ba60,https://www.nytimes.com/2024/05/22/world/middleeast/ireland-palestinian-state-history.html,588,By Megan Specia,"Recognizing a Palestinian State, Ireland Nods to its Own History",,,"Simon Harris, Ireland’s prime minister, center, spoke alongside Eamon Ryan, left, the environment minister, and Micheál Martin, the foreign minister, after Ireland recognized the state of Palestine in Dublin on Wednesday.","Tolga Akmen/EPA, via Shutterstock",https://static01.nyt.com/images/2024/05/22/multimedia/22mideast-crisis-ireland-history-ktwz/22mideast-crisis-ireland-history-ktwz-articleLarge.jpg,400,600,https://static01.nyt.com/images/2024/05/22/multimedia/22mideast-crisis-ireland-history-ktwz/22mideast-crisis-ireland-history-ktwz-thumbStandard.jpg,75,75,"Recognizing a Palestinian State, Ireland Nods to its Own History","Recognizing a Palestinian State, Ireland Nods to its Own History Simon Harris, Ireland’s prime minister, invoked his nation’s struggle for independence from Britain and its decades of violent sectarian conflict. Simon Harris, Ireland’s prime minister, invoked his nation’s struggle for independence from Britain and its decades of violent sectarian conflict."
"The White House is hosting President William Ruto of Kenya for a state dinner this week, an embrace that both countries urgently need.",article,nyt://article/00280f0b-a8cd-54cf-9d70-adcf0209c281,"[{'name': 'Person', 'value': 'Ruto, William', 'rank': 1}, {'name': 'Person', 'value': 'Biden, Joseph R Jr', 'rank': 2}, {'name': 'Location', 'value': 'Kenya', 'rank': 3}, {'name': 'Location', 'value': 'United States', 'rank': 4}, {'name': 'Location', 'value': 'Africa', 'rank': 5}, {'name': 'Subject', 'value': 'United States International Relations', 'rank': 6}, {'name': 'Subject', 'value': 'Alternative and Renewable Energy', 'rank': 7}, {'name': 'Subject', 'value': 'Democracy (Theory and Philosophy)', 'rank': 8}]",Foreign,12,A,2024-05-22 09:04:12+00:00,World,"The White House is hosting President William Ruto of Kenya for a state dinner this week, an embrace that both countries urgently need.",The New York Times,Africa,News,nyt://article/00280f0b-a8cd-54cf-9d70-adcf0209c281,https://www.nytimes.com/2024/05/22/world/africa/kenya-president-ruto-washington-visit.html,1247,By Declan Walsh,Kenyan President’s State Visit: An Antidote to U.S. Troubles in Africa?,,"Kenya’s President Visits Biden, in Boon for Both the Host and the Guest","President William Ruto of Kenya in an interview with The New York Times on Sunday, before his state visit this week to the United States.",Brian Otieno for The New York Times,https://static01.nyt.com/images/2024/05/22/multimedia/22Kenya-president-qljv/22Kenya-president-qljv-articleLarge.jpg,400,600,https://static01.nyt.com/images/2024/05/22/multimedia/22Kenya-president-qljv/22Kenya-president-qljv-thumbStandard.jpg,75,75,Kenyan President’s State Visit: An Antidote to U.S. Troubles in Africa?,"Kenyan President’s State Visit: An Antidote to U.S. Troubles in Africa? The White House is hosting President William Ruto of Kenya for a state dinner this week, an embrace that both countries urgently need. The White House is hosting President William Ruto of Kenya for a state dinner this week, an embrace that both countries urgently need."
"Norway hosted the clandestine meetings in 1993 that led to the Oslo Accords, the framework for peace that came close to resolving the conflict.",article,nyt://article/7ca9fb29-8daf-53d3-b1f9-1331a46e1f5f,"[{'name': 'Subject', 'value': 'Palestinians', 'rank': 1}, {'name': 'Subject', 'value': 'International Relations', 'rank': 2}, {'name': 'Subject', 'value': 'Israel-Gaza War (2023- )', 'rank': 3}, {'name': 'Subject', 'value': 'Peace Process', 'rank': 4}, {'name': 'Organization', 'value': 'Palestinian Authority', 'rank': 5}, {'name': 'Location', 'value': 'Norway', 'rank': 6}, {'name': 'Location', 'value': 'Israel', 'rank': 7}, {'name': 'Location', 'value': 'Middle East', 'rank': 8}, {'name': 'Location', 'value': 'West Bank', 'rank': 9}]",Foreign,,,2024-05-22 08:40:25+00:00,World,"Norway hosted the clandestine meetings in 1993 that led to the Oslo Accords, the framework for peace that came close to resolving the conflict.",The New York Times,Middle East,News,nyt://article/7ca9fb29-8daf-53d3-b1f9-1331a46e1f5f,https://www.nytimes.com/2024/05/22/world/middleeast/norway-israel-palestinian-recognition.html,361,By Emma Bubola,Why Norway’s Recognition of a Palestinian State Carries Significance,,,"Prime Minister Yitzahk Rabin of Israel, President Bill Clinton and Yasser Arafat, leader of the Palestine Liberation Organization, at the signing of the Oslo Accords in Washington in 1993. Norway hosted the clandestine meetings that led to the signing that year.",J. David Ake/Agence France-Presse — Getty Images,https://static01.nyt.com/images/2024/05/22/arts/22mideast-crisis-norway-significance/22mideast-crisis-norway-significance-articleLarge.jpg,393,600,https://static01.nyt.com/images/2024/05/22/arts/22mideast-crisis-norway-significance/22mideast-crisis-norway-significance-thumbStandard.jpg,75,75,Why Norway’s Recognition of a Palestinian State Carries Significance,"Why Norway’s Recognition of a Palestinian State Carries Significance Norway hosted the clandestine meetings in 1993 that led to the Oslo Accords, the framework for peace that came close to resolving the conflict. Norway hosted the clandestine meetings in 1993 that led to the Oslo Accords, the framework for peace that came close to resolving the conflict."
"Rescuers are trying to locate the helicopter on which President Ebrahim Raisi and Foreign Minister Hossein Amir Abdollahian were traveling, state media reported. Their status is unknown.",article,nyt://article/b2c28cce-ffdf-551c-a4e7-27d9bf22684e,"[{'name': 'Location', 'value': 'Iran', 'rank': 1}, {'name': 'Person', 'value': 'Raisi, Ebrahim', 'rank': 2}, {'name': 'Subject', 'value': 'Aviation Accidents, Safety and Disasters', 'rank': 3}, {'name': 'Subject', 'value': 'International Relations', 'rank': 4}, {'name': 'Location', 'value': 'Azerbaijan', 'rank': 5}, {'name': 'Subject', 'value': 'Politics and Government', 'rank': 6}, {'name': 'Subject', 'value': 'Helicopters', 'rank': 7}, {'name': 'Person', 'value': 'Amir Abdollahian, Hossein', 'rank': 8}]",Foreign,1,A,2024-05-19 14:06:09+00:00,World,"Rescuers are trying to locate the helicopter on which President Ebrahim Raisi and Foreign Minister Hossein Amir Abdollahian were traveling, state media reported. Their status is unknown.",The New York Times,Middle East,News,nyt://article/b2c28cce-ffdf-551c-a4e7-27d9bf22684e,https://www.nytimes.com/2024/05/19/world/middleeast/iran-president-helicopter-crash.html,846,By Farnaz Fassihi,"Helicopter Carrying Iran’s President Has Crashed, State Media Reports",,"Iran Leader’s Helicopter Crashes in a Thick Fog, Starting a Huge Search","President Ebrahim Raisi of Iran, who was with the country’s foreign minister on a helicopter that crashed on Sunday, according to Iran’s state media.",Vahid Salemi/Associated Press,https://static01.nyt.com/images/2024/05/19/multimedia/19iran-raisi-crash-qhbf/19iran-raisi-crash-qhbf-articleLarge.jpg,400,600,https://static01.nyt.com/images/2024/05/19/multimedia/19iran-raisi-crash-qhbf/19iran-raisi-crash-qhbf-thumbStandard.jpg,75,75,"Helicopter Carrying Iran’s President Has Crashed, State Media Reports","Helicopter Carrying Iran’s President Has Crashed, State Media Reports Rescuers are trying to locate the helicopter on which President Ebrahim Raisi and Foreign Minister Hossein Amir Abdollahian were traveling, state media reported. Their status is unknown. Rescuers are trying to locate the helicopter on which President Ebrahim Raisi and Foreign Minister Hossein Amir Abdollahian were traveling, state media reported. Their status is unknown."
The French authorities have undertaken a “massive” mobilization of security forces since violence broke out over a constitutional amendment that changes voting rules in the South Pacific territory.,article,nyt://article/3218b0c6-596a-5da8-b3c5-5fdb13384d36,"[{'name': 'Location', 'value': 'New Caledonia', 'rank': 1}, {'name': 'Location', 'value': 'France', 'rank': 2}, {'name': 'Subject', 'value': 'Politics and Government', 'rank': 3}, {'name': 'Subject', 'value': 'Demonstrations, Protests and Riots', 'rank': 4}, {'name': 'Subject', 'value': 'Constitutions', 'rank': 5}, {'name': 'Person', 'value': 'Macron, Emmanuel (1977- )', 'rank': 6}]",Foreign,12,A,2024-05-15 14:33:51+00:00,World,The French authorities have undertaken a “massive” mobilization of security forces since violence broke out over a constitutional amendment that changes voting rules in the South Pacific territory.,The New York Times,Asia Pacific,News,nyt://article/3218b0c6-596a-5da8-b3c5-5fdb13384d36,https://www.nytimes.com/2024/05/15/world/asia/new-caledonia-france-macron.html,824,By Cassandra Vinograd and Aurelien Breeden,France Declares State of Emergency Amid Protests in New Caledonia,,France Declares State of Emergency Amid Protests in New Caledonia,"Walking next to a burned-out car while a man holds a flag of the Socialist Kanak National Liberation Front after a supermarket was looted and shops vandalized in the New Caledonian capital, Noumea, on Tuesday.",Delphine Mayeur/Agence France-Presse — Getty Images,https://static01.nyt.com/images/2024/05/15/multimedia/15NEW-CALEDONIA-kwgl/15NEW-CALEDONIA-kwgl-articleLarge.jpg,400,600,https://static01.nyt.com/images/2024/05/15/multimedia/15NEW-CALEDONIA-kwgl/15NEW-CALEDONIA-kwgl-thumbStandard.jpg,75,75,France Declares State of Emergency Amid Protests in New Caledonia,France Declares State of Emergency Amid Protests in New Caledonia The French authorities have undertaken a “massive” mobilization of security forces since violence broke out over a constitutional amendment that changes voting rules in the South Pacific territory. The French authorities have undertaken a “massive” mobilization of security forces since violence broke out over a constitutional amendment that changes voting rules in the South Pacific territory.
"Nearly 10 days after Israel began a military operation in the southernmost city of Gaza, aid trucks are backed up at the border.",article,nyt://article/c66a76b0-a815-587f-bc76-39db04183f55,"[{'name': 'Subject', 'value': 'Israel-Gaza War (2023- )', 'rank': 1}]",Foreign,,,2024-05-15 12:15:42+00:00,World,"Nearly 10 days after Israel began a military operation in the southernmost city of Gaza, aid trucks are backed up at the border.",The New York Times,Middle East,News,nyt://article/c66a76b0-a815-587f-bc76-39db04183f55,https://www.nytimes.com/2024/05/15/world/middleeast/rafah-border-crossing-gaza.html,900,By Adam Rasgon and Michael Crowley,"Gaza aid gains may be lost as fighting rages in Rafah, the U.S. secretary of state says.",Top news,,"Trucks waiting on an Egyptian road along the border with Israel, near the Rafah border crossing with Gaza, earlier this month.",Oren Alon/Reuters,https://static01.nyt.com/images/2024/05/15/multimedia/15mideast-crisis-rafah-crossing-ghck/15mideast-crisis-rafah-crossing-ghck-articleLarge.jpg,450,600,https://static01.nyt.com/images/2024/05/15/multimedia/15mideast-crisis-rafah-crossing-ghck/15mideast-crisis-rafah-crossing-ghck-thumbStandard.jpg,75,75,"Gaza aid gains may be lost as fighting rages in Rafah, the U.S. secretary of state says.","Gaza aid gains may be lost as fighting rages in Rafah, the U.S. secretary of state says. Nearly 10 days after Israel began a military operation in the southernmost city of Gaza, aid trucks are backed up at the border. Nearly 10 days after Israel began a military operation in the southernmost city of Gaza, aid trucks are backed up at the border."
,article,nyt://article/8427399b-7700-5928-8e72-e3163a2184e1,"[{'name': 'Location', 'value': 'Egypt', 'rank': 1}, {'name': 'Location', 'value': 'Gaza Strip', 'rank': 2}, {'name': 'Location', 'value': 'Israel', 'rank': 3}, {'name': 'Location', 'value': 'Jordan', 'rank': 4}, {'name': 'Location', 'value': 'Riyadh (Saudi Arabia)', 'rank': 5}, {'name': 'Location', 'value': 'Saudi Arabia', 'rank': 6}, {'name': 'Location', 'value': 'United States', 'rank': 7}, {'name': 'Person', 'value': 'Blinken, Antony J', 'rank': 8}, {'name': 'Person', 'value': 'Netanyahu, Benjamin', 'rank': 9}, {'name': 'Person', 'value': 'Shoukry, Sameh', 'rank': 10}, {'name': 'Organization', 'value': 'Hamas', 'rank': 11}, {'name': 'Subject', 'value': 'International Relations', 'rank': 12}, {'name': 'Subject', 'value': 'Palestinians', 'rank': 13}, {'name': 'Subject', 'value': 'Israel-Gaza War (2023- )', 'rank': 14}, {'name': 'Subject', 'value': 'Politics and Government', 'rank': 15}, {'name': 'Subject', 'value': 'Defense and Military Forces', 'rank': 16}, {'name': 'Subject', 'value': 'United States International Relations', 'rank': 17}, {'name': 'Subject', 'value': 'Peace Process', 'rank': 18}]",Foreign,,,2024-04-29 17:37:55+00:00,World,,The New York Times,Middle East,Live Blog Post,nyt://article/8427399b-7700-5928-8e72-e3163a2184e1,https://www.nytimes.com/live/2024/04/29/world/israel-gaza-war-hamas/arab-ministers-peace-israel-palestinian-state,686,By Vivian Nereim,Arab ministers suggest ways to ‘force peace’ amid Israel’s refusal to recognize a Palestinian state.,,,"Damaged buildings in Rafah, in southern Gaza, on Monday.",Agence France-Presse — Getty Images,https://static01.nyt.com/images/2024/04/29/multimedia/29mideast-crisis-arab-ministers-mvct/29mideast-crisis-arab-ministers-mvct-articleLarge.jpg,400,600,https://static01.nyt.com/images/2024/04/29/multimedia/29mideast-crisis-arab-ministers-mvct/29mideast-crisis-arab-ministers-mvct-thumbStandard.jpg,75,75,Arab ministers suggest ways to ‘force peace’ amid Israel’s refusal to recognize a Palestinian state.,Arab ministers suggest ways to ‘force peace’ amid Israel’s refusal to recognize a Palestinian state.
"The move blocked a resolution to support a status that Palestinians had long sought at the United Nations, where it is considered a “nonmember observer state.”",article,nyt://article/011b190c-ede1-5199-9f4a-c84395e4fb88,"[{'name': 'Subject', 'value': 'Palestinians', 'rank': 1}, {'name': 'Subject', 'value': 'International Relations', 'rank': 2}, {'name': 'Subject', 'value': 'United States International Relations', 'rank': 3}, {'name': 'Subject', 'value': 'Israel-Gaza War (2023- )', 'rank': 4}, {'name': 'Organization', 'value': 'Security Council (UN)', 'rank': 5}, {'name': 'Organization', 'value': 'United Nations', 'rank': 6}, {'name': 'Organization', 'value': 'Palestinian Authority', 'rank': 7}, {'name': 'Person', 'value': 'Mansour, Riyad H', 'rank': 8}, {'name': 'Person', 'value': 'Abbas, Mahmoud', 'rank': 9}, {'name': 'Location', 'value': 'Gaza Strip', 'rank': 10}, {'name': 'Location', 'value': 'Israel', 'rank': 11}]",Foreign,,,2024-04-18 21:35:13+00:00,World,"The move blocked a resolution to support a status that Palestinians had long sought at the United Nations, where it is considered a “nonmember observer state.”",The New York Times,Middle East,News,nyt://article/011b190c-ede1-5199-9f4a-c84395e4fb88,https://www.nytimes.com/2024/04/18/world/middleeast/palestinian-statehood-un-veto.html,1297,By Yonette Joseph,U.S. Vetoes Palestinian Bid for Recognition as Full U.N. Member State,,,"The United Nations Security Council met in New York on Thursday to address issues in the Middle East, including the Palestinian bid for statehood.",Angela Weiss/Agence France-Presse — Getty Images,https://static01.nyt.com/images/2024/04/18/multimedia/18un-palestine-hzfc/18un-palestine-hzfc-articleLarge.jpg,400,600,https://static01.nyt.com/images/2024/04/18/multimedia/18un-palestine-hzfc/18un-palestine-hzfc-thumbStandard.jpg,75,75,U.S. Vetoes Palestinian Bid for Recognition as Full U.N. Member State,"U.S. Vetoes Palestinian Bid for Recognition as Full U.N. Member State The move blocked a resolution to support a status that Palestinians had long sought at the United Nations, where it is considered a “nonmember observer state.” The move blocked a resolution to support a status that Palestinians had long sought at the United Nations, where it is considered a “nonmember observer state.”"
,article,nyt://article/bbb7ec99-fcaf-5385-8d77-04f076a8aecc,[],Foreign,,,2024-04-18 20:20:57+00:00,World,,The New York Times,Middle East,Live Blog Post,nyt://article/bbb7ec99-fcaf-5385-8d77-04f076a8aecc,https://www.nytimes.com/live/2024/04/18/world/iran-israel-gaza-war-news/the-un-vote-is-part-of-a-long-running-effort-to-secure-recognition-for-a-palestinian-state,720,By Cassandra Vinograd,The U.N. vote is part of a long-running effort to secure recognition for a Palestinian state.,,,"Palestinians rallied in Hebron, West Bank, to support the bid for statehood in 2011.",Rina Castelnuovo for The New York Times,https://static01.nyt.com/images/2024/04/18/multimedia/18mideast-crisis-palestine-recognition-zcjv/18mideast-crisis-palestine-recognition-zcjv-articleLarge.jpg,400,600,https://static01.nyt.com/images/2024/04/18/multimedia/18mideast-crisis-palestine-recognition-zcjv/18mideast-crisis-palestine-recognition-zcjv-thumbStandard.jpg,75,75,The U.N. vote is part of a long-running effort to secure recognition for a Palestinian state.,The U.N. vote is part of a long-running effort to secure recognition for a Palestinian state.
"The move blocked a resolution to support a status that Palestinians have long sought at the United Nations, where it is considered a “nonmember observer state.”",article,nyt://article/095bb548-e8af-50ce-a951-d5707eb9e703,"[{'name': 'Subject', 'value': 'Israel-Gaza War (2023- )', 'rank': 1}, {'name': 'Subject', 'value': 'Palestinians', 'rank': 2}, {'name': 'Organization', 'value': 'Security Council (UN)', 'rank': 3}, {'name': 'Organization', 'value': 'Palestinian Authority', 'rank': 4}, {'name': 'Subject', 'value': 'United States International Relations', 'rank': 5}]",Foreign,,,2024-04-18 18:28:21+00:00,World,"The move blocked a resolution to support a status that Palestinians have long sought at the United Nations, where it is considered a “nonmember observer state.”",The New York Times,Middle East,Live Blog Post,nyt://article/095bb548-e8af-50ce-a951-d5707eb9e703,https://www.nytimes.com/live/2024/04/18/world/israel-iran-gaza-war-news/un-vote-palestinian-statehood,560,By Farnaz Fassihi and Yonette Joseph,The U.S. vetoes a Palestinian bid for recognition as a full U.N. member state.,,,The Security Council has consistently called for a two-state solution to the Palestinian-Israeli conflict.,Angela Weiss/Agence France-Presse — Getty Images,https://static01.nyt.com/images/2024/04/18/multimedia/18mideast-crisis-un-pal-statehood-twvk/18mideast-crisis-un-pal-statehood-twvk-articleLarge.jpg,400,600,https://static01.nyt.com/images/2024/04/18/multimedia/18mideast-crisis-un-pal-statehood-twvk/18mideast-crisis-un-pal-statehood-twvk-thumbStandard.jpg,75,75,The U.S. vetoes a Palestinian bid for recognition as a full U.N. member state.,"The U.S. vetoes a Palestinian bid for recognition as a full U.N. member state. The move blocked a resolution to support a status that Palestinians have long sought at the United Nations, where it is considered a “nonmember observer state.” The move blocked a resolution to support a status that Palestinians have long sought at the United Nations, where it is considered a “nonmember observer state.”"
,article,nyt://article/5180df78-88b6-51f0-b76f-7bcf1164d6aa,[],Foreign,,,2024-04-03 20:04:29+00:00,World,,The New York Times,Middle East,Live Blog Post,nyt://article/5180df78-88b6-51f0-b76f-7bcf1164d6aa,https://www.nytimes.com/live/2024/04/03/world/israel-hamas-war-gaza-news/the-killing-of-aid-workers-will-not-affect-us-plans-to-build-a-pier-in-gaza-the-state-department-said,390,,"The killing of aid workers will not affect U.S. plans to build a pier in Gaza, the State Department said.",,,"A pier in southern Gaza that could be used to deliver humanitarian aid, last month.",Fatima Shbair/Associated Press,https://static01.nyt.com/images/2024/03/13/multimedia/03mideast-crisis-state-dept-top3/13mideast-4-fwkl-articleLarge.jpg,400,600,https://static01.nyt.com/images/2024/03/13/multimedia/03mideast-crisis-state-dept-top3/13mideast-4-fwkl-thumbStandard.jpg,75,75,"The killing of aid workers will not affect U.S. plans to build a pier in Gaza, the State Department said.","The killing of aid workers will not affect U.S. plans to build a pier in Gaza, the State Department said."
,article,nyt://article/12d950e4-c075-52c3-9af3-0ba9efaac991,"[{'name': 'Location', 'value': 'Israel', 'rank': 1}, {'name': 'Location', 'value': 'Syria', 'rank': 2}, {'name': 'Location', 'value': 'Aleppo (Syria)', 'rank': 3}, {'name': 'Subject', 'value': 'Defense and Military Forces', 'rank': 4}, {'name': 'Organization', 'value': 'Hezbollah', 'rank': 5}, {'name': 'Subject', 'value': 'Terrorism', 'rank': 6}]",Foreign,,,2024-03-29 08:26:20+00:00,World,,The New York Times,Middle East,Live Blog Post,nyt://article/12d950e4-c075-52c3-9af3-0ba9efaac991,https://www.nytimes.com/live/2024/03/29/world/israel-hamas-war-gaza-news/israel-strike-syria-aleppo,792,By Raja Abdulrahim and Victoria Kim,"An Israeli strike near Aleppo killed Syrian soldiers, the state media says.",,,Workers clearing debris in February after what the Syrian state news media said was an Israeli airstrike on a residential building in Damascus that killed two people. ,Firas Makdesi/Reuters,https://static01.nyt.com/images/2024/03/29/multimedia/29mideast-crisis-aleppo-wktl/29mideast-crisis-aleppo-wktl-articleLarge.jpg,395,600,https://static01.nyt.com/images/2024/03/29/multimedia/29mideast-crisis-aleppo-wktl/29mideast-crisis-aleppo-wktl-thumbStandard.jpg,75,75,"An Israeli strike near Aleppo killed Syrian soldiers, the state media says.","An Israeli strike near Aleppo killed Syrian soldiers, the state media says."
Russian state news outlets barely mentioned the claim of responsibility made by the Islamic State group.,article,nyt://article/a4210be8-2881-58a3-829a-a2dccbffd498,"[{'name': 'Subject', 'value': 'Terrorism', 'rank': 1}, {'name': 'Subject', 'value': 'Propaganda', 'rank': 2}, {'name': 'Organization', 'value': 'Islamic State in Iraq and Syria (ISIS)', 'rank': 3}, {'name': 'Person', 'value': 'Putin, Vladimir V', 'rank': 4}, {'name': 'Location', 'value': 'Moscow (Russia)', 'rank': 5}, {'name': 'Location', 'value': 'Ukraine', 'rank': 6}, {'name': 'Subject', 'value': 'Moscow Concert Hall Shooting (March 2024)', 'rank': 7}]",Foreign,,,2024-03-24 15:19:01+00:00,World,Russian state news outlets barely mentioned the claim of responsibility made by the Islamic State group.,The New York Times,Europe,News,nyt://article/a4210be8-2881-58a3-829a-a2dccbffd498,https://www.nytimes.com/2024/03/24/world/europe/russia-moscow-isis.html,716,By Ivan Nechepurenko,"Amid Questions About Security Failures, Russian State Media Focus on a Different Narrative",,,People bringing flowers to a memorial on Saturday for the victims of the terrorist attack in the Moscow area.,Nanna Heitmann for The New York Times,https://static01.nyt.com/images/2024/03/24/multimedia/24moscow-attack-narratives-hkpc/24moscow-attack-narratives-hkpc-articleLarge.jpg,450,600,https://static01.nyt.com/images/2024/03/24/multimedia/24moscow-attack-narratives-hkpc/24moscow-attack-narratives-hkpc-thumbStandard.jpg,75,75,"Amid Questions About Security Failures, Russian State Media Focus on a Different Narrative","Amid Questions About Security Failures, Russian State Media Focus on a Different Narrative Russian state news outlets barely mentioned the claim of responsibility made by the Islamic State group. Russian state news outlets barely mentioned the claim of responsibility made by the Islamic State group."
"The nature of President Vo Van Thuong’s wrongdoing was unclear, but his departure could be a sign of an internal power struggle among Vietnam’s leaders.",article,nyt://article/543485aa-bd1e-5429-81d0-bbe2a227b84a,"[{'name': 'Location', 'value': 'Vietnam', 'rank': 1}, {'name': 'Subject', 'value': 'Politics and Government', 'rank': 2}]",Foreign,10,A,2024-03-20 12:04:29+00:00,World,"The nature of President Vo Van Thuong’s wrongdoing was unclear, but his departure could be a sign of an internal power struggle among Vietnam’s leaders.",The New York Times,Asia Pacific,News,nyt://article/543485aa-bd1e-5429-81d0-bbe2a227b84a,https://www.nytimes.com/2024/03/20/world/asia/vietnam-president-thuong-resigns.html,769,By Sui-Lee Wee,"Vietnam’s President Resigns Over Communist Party Breaches, State Media Says",,Vietnam President Quits Amid Hint of Corruption,"President Biden meeting with President Vo Van Thuong of Vietnam in Hanoi, in 2023.",Kenny Holston/The New York Times,https://static01.nyt.com/images/2024/03/20/multimedia/00hfo-vietnam-tbzm/00hfo-vietnam-tbzm-articleLarge.jpg,400,600,https://static01.nyt.com/images/2024/03/20/multimedia/00hfo-vietnam-tbzm/00hfo-vietnam-tbzm-thumbStandard.jpg,75,75,"Vietnam’s President Resigns Over Communist Party Breaches, State Media Says","Vietnam’s President Resigns Over Communist Party Breaches, State Media Says The nature of President Vo Van Thuong’s wrongdoing was unclear, but his departure could be a sign of an internal power struggle among Vietnam’s leaders. The nature of President Vo Van Thuong’s wrongdoing was unclear, but his departure could be a sign of an internal power struggle among Vietnam’s leaders."
,article,nyt://article/4ef77f44-5a54-50da-80db-7586336fb39b,[],Foreign,,,2024-03-14 15:47:49+00:00,World,,The New York Times,Middle East,Live Blog Post,nyt://article/4ef77f44-5a54-50da-80db-7586336fb39b,https://www.nytimes.com/live/2024/03/14/world/israel-hamas-war-gaza-news/state-department-imposes-new-sanctions-on-israeli-settlers-over-west-bank-violence,233,By Michael Crowley,The State Department imposes new sanctions on Israeli settlers over West Bank violence.,,,An Israeli settlement in the occupied West Bank in March.,Hazem Bader/Agence France-Presse — Getty Images,https://static01.nyt.com/images/2024/03/14/multimedia/14mideast-crisis-state-sanctions-2-twvh/14mideast-crisis-state-sanctions-2-twvh-articleLarge.jpg,400,600,https://static01.nyt.com/images/2024/03/14/multimedia/14mideast-crisis-state-sanctions-2-twvh/14mideast-crisis-state-sanctions-2-twvh-thumbStandard.jpg,75,75,The State Department imposes new sanctions on Israeli settlers over West Bank violence.,The State Department imposes new sanctions on Israeli settlers over West Bank violence.
,article,nyt://article/945a8e05-30bf-5a52-a2ee-a801d1741f4d,[],Foreign,,,2024-03-08 08:58:37+00:00,World,,The New York Times,Middle East,News,nyt://article/945a8e05-30bf-5a52-a2ee-a801d1741f4d,https://www.nytimes.com/2024/03/08/world/middleeast/biden-urges-israel-to-do-its-part-to-increase-aid-to-gaza.html,614,By Victoria Kim,"In his State of the Union speech, Biden urges Israel to ‘do its part’ to increase aid to Gaza.",,,President Biden said Thursday in his State of the Union address that a U.S. operation would “enable a massive increase” in the assistance entering Gaza.,Doug Mills/The New York Times,https://static01.nyt.com/images/2024/03/08/multimedia/08mideast-crisis-sotu-mgzl/08mideast-crisis-sotu-mgzl-articleLarge.jpg,400,600,https://static01.nyt.com/images/2024/03/08/multimedia/08mideast-crisis-sotu-mgzl/08mideast-crisis-sotu-mgzl-thumbStandard.jpg,75,75,"In his State of the Union speech, Biden urges Israel to ‘do its part’ to increase aid to Gaza.","In his State of the Union speech, Biden urges Israel to ‘do its part’ to increase aid to Gaza."
Olena Zelenska’s office cited a scheduling conflict. The Russian opposition figure Yulia Navalnaya also declined an invitation.,article,nyt://article/72fd80cd-6acb-53da-8c58-6e793358de1b,"[{'name': 'Subject', 'value': 'State of the Union Message (US)', 'rank': 1}, {'name': 'Person', 'value': 'Zelenska, Olena', 'rank': 2}, {'name': 'Person', 'value': 'Zelensky, Volodymyr', 'rank': 3}, {'name': 'Person', 'value': 'Navalny, Aleksei A', 'rank': 4}, {'name': 'Person', 'value': 'Biden, Joseph R Jr', 'rank': 5}, {'name': 'Person', 'value': 'Navalnaya, Yulia B', 'rank': 6}, {'name': 'Location', 'value': 'Washington (DC)', 'rank': 7}, {'name': 'Location', 'value': 'Ukraine', 'rank': 8}]",Foreign,6,A,2024-03-06 15:36:35+00:00,World,Olena Zelenska’s office cited a scheduling conflict. The Russian opposition figure Yulia Navalnaya also declined an invitation.,The New York Times,Europe,News,nyt://article/72fd80cd-6acb-53da-8c58-6e793358de1b,https://www.nytimes.com/2024/03/06/world/europe/biden-state-of-the-union-olena-zelensky.html,363,By Constant Méheut and Michael D. Shear,Ukraine’s First Lady Declines Invitation to State of the Union Address,,Zelensky’s Wife Declines  To Attend Biden’s Speech,"Olena Zelenska, the first lady of Ukraine, with Akshata Murty, the wife of British Prime Minister Rishi Sunak, in London last month.",Pool photo by Daniel Leal,https://static01.nyt.com/images/2024/03/06/multimedia/06ukraine-biden-01-vkpj/06ukraine-biden-01-vkpj-articleLarge.jpg,402,600,https://static01.nyt.com/images/2024/03/06/multimedia/06ukraine-biden-01-vkpj/06ukraine-biden-01-vkpj-thumbStandard.jpg,75,75,Ukraine’s First Lady Declines Invitation to State of the Union Address,Ukraine’s First Lady Declines Invitation to State of the Union Address Olena Zelenska’s office cited a scheduling conflict. The Russian opposition figure Yulia Navalnaya also declined an invitation. Olena Zelenska’s office cited a scheduling conflict. The Russian opposition figure Yulia Navalnaya also declined an invitation.
The opposition leader Aleksei Navalny called himself “a typical post-Soviet believer” of Russian Orthodox faith. But the institution of the church bound itself closely to President Vladimir V. Putin.,article,nyt://article/5956f07f-fcc9-55da-ae2d-4b3e550e8b9c,"[{'name': 'Subject', 'value': 'vis-photo', 'rank': 1}, {'name': 'Subject', 'value': 'Russian Orthodox Church', 'rank': 2}, {'name': 'Subject', 'value': 'Russian Invasion of Ukraine (2022)', 'rank': 3}, {'name': 'Person', 'value': 'Navalny, Aleksei A', 'rank': 4}]",Foreign,,,2024-03-01 21:28:30+00:00,World,The opposition leader Aleksei Navalny called himself “a typical post-Soviet believer” of Russian Orthodox faith. But the institution of the church bound itself closely to President Vladimir V. Putin.,The New York Times,Europe,News,nyt://article/5956f07f-fcc9-55da-ae2d-4b3e550e8b9c,https://www.nytimes.com/2024/03/01/world/europe/navalny-funeral-image-moscow.html,595,By Valerie Hopkins and Oleg Matsnev,"From a Funeral Image, the Textures of Faith and State in Russia",,,At Aleksei Navalny’s funeral.,Reuters,https://static01.nyt.com/images/2024/03/01/multimedia/01navalny-photo-fqwv/01navalny-photo-fqwv-articleLarge.jpg,400,600,https://static01.nyt.com/images/2024/03/01/multimedia/01navalny-photo-fqwv/01navalny-photo-fqwv-thumbStandard-v2.jpg,75,75,"From a Funeral Image, the Textures of Faith and State in Russia","From a Funeral Image, the Textures of Faith and State in Russia The opposition leader Aleksei Navalny called himself “a typical post-Soviet believer” of Russian Orthodox faith. But the institution of the church bound itself closely to President Vladimir V. Putin. The opposition leader Aleksei Navalny called himself “a typical post-Soviet believer” of Russian Orthodox faith. But the institution of the church bound itself closely to President Vladimir V. Putin."
"The legal change, which could further limit access to information, is part of an increasingly hostile environment facing foreign businesses in the country.",article,nyt://article/342c11ae-4ded-5af1-b0ce-2200c8d6a0a5,"[{'name': 'Subject', 'value': 'Classified Information and State Secrets', 'rank': 1}, {'name': 'Subject', 'value': 'International Relations', 'rank': 2}, {'name': 'Subject', 'value': 'Foreign Investments', 'rank': 3}, {'name': 'Subject', 'value': 'Law and Legislation', 'rank': 4}, {'name': 'Subject', 'value': 'Espionage and Intelligence Services', 'rank': 5}, {'name': 'Subject', 'value': 'Politics and Government', 'rank': 6}, {'name': 'Organization', 'value': 'Communist Party of China', 'rank': 7}, {'name': 'Organization', 'value': 'Capvision Partners', 'rank': 8}, {'name': 'Organization', 'value': 'European Union Chamber of Commerce in China', 'rank': 9}, {'name': 'Organization', 'value': ""Ministry of State Security of the People's Republic of China"", 'rank': 10}, {'name': 'Person', 'value': 'Xi Jinping', 'rank': 11}, {'name': 'Location', 'value': 'China', 'rank': 12}]",Business,4,B,2024-02-28 08:18:51+00:00,World,"The legal change, which could further limit access to information, is part of an increasingly hostile environment facing foreign businesses in the country.",The New York Times,Asia Pacific,News,nyt://article/342c11ae-4ded-5af1-b0ce-2200c8d6a0a5,https://www.nytimes.com/2024/02/28/world/asia/china-state-secrets-law.html,840,"By Daisuke Wakabayashi, Keith Bradsher and Claire Fu",China Expands Scope of ‘State Secrets’ Law in Security Push,,China Expands the Scope Of Its ‘State Secrets’ Law,"China has fortified its national security and data sharing laws, while waging an all-of-society campaign against espionage.","Mark R Cristino/EPA, via Shutterstock",https://static01.nyt.com/images/2024/02/28/multimedia/28china-secrets-zqpk/28china-secrets-zqpk-articleLarge.jpg,400,600,https://static01.nyt.com/images/2024/02/28/multimedia/28china-secrets-zqpk/28china-secrets-zqpk-thumbStandard.jpg,75,75,China Expands Scope of ‘State Secrets’ Law in Security Push,"China Expands Scope of ‘State Secrets’ Law in Security Push The legal change, which could further limit access to information, is part of an increasingly hostile environment facing foreign businesses in the country. The legal change, which could further limit access to information, is part of an increasingly hostile environment facing foreign businesses in the country."
"The Israeli leader’s proposal is at odds with the United States and much of the world over Palestinian statehood, border areas and the future role of the Palestinian Authority.",article,nyt://article/c01ed589-6cf2-5021-a8a6-21e520526c03,"[{'name': 'Person', 'value': 'Netanyahu, Benjamin', 'rank': 1}, {'name': 'Location', 'value': 'Israel', 'rank': 2}, {'name': 'Subject', 'value': 'Israel-Gaza War (2023- )', 'rank': 3}, {'name': 'Subject', 'value': 'War and Armed Conflicts', 'rank': 4}, {'name': 'Location', 'value': 'Egypt', 'rank': 5}, {'name': 'Location', 'value': 'Gaza Strip', 'rank': 6}]",Foreign,,,2024-02-23 15:28:15+00:00,World,"The Israeli leader’s proposal is at odds with the United States and much of the world over Palestinian statehood, border areas and the future role of the Palestinian Authority.",The New York Times,Middle East,News,nyt://article/c01ed589-6cf2-5021-a8a6-21e520526c03,https://www.nytimes.com/2024/02/23/world/middleeast/israel-gaza-netanyahu-plan-war.html,505,By Aaron Boxerman,International Calls for a Palestinian State Clash With Netanyahu’s Plan,,,Prime Minister Benjamin Netanyahu of Israel has released his most detailed vision yet for the future of Gaza after the war.,Pool photo by Ohad Zwigenberg,https://static01.nyt.com/images/2024/02/23/multimedia/23mideast-crisis-netanyahu-politics-wzpf/23mideast-crisis-netanyahu-politics-wzpf-articleLarge.jpg,400,600,https://static01.nyt.com/images/2024/02/23/multimedia/23mideast-crisis-netanyahu-politics-wzpf/23mideast-crisis-netanyahu-politics-wzpf-thumbStandard.jpg,75,75,International Calls for a Palestinian State Clash With Netanyahu’s Plan,"International Calls for a Palestinian State Clash With Netanyahu’s Plan The Israeli leader’s proposal is at odds with the United States and much of the world over Palestinian statehood, border areas and the future role of the Palestinian Authority. The Israeli leader’s proposal is at odds with the United States and much of the world over Palestinian statehood, border areas and the future role of the Palestinian Authority."
The largely symbolic move followed proposals by international allies that were discussed during recent cease-fire negotiations in Cairo.,article,nyt://article/413a66f9-fd22-5cea-aa5e-7293a2416097,"[{'name': 'Subject', 'value': 'Israel-Gaza War (2023- )', 'rank': 1}, {'name': 'Person', 'value': 'Netanyahu, Benjamin', 'rank': 2}, {'name': 'Subject', 'value': 'Palestinians', 'rank': 3}, {'name': 'Person', 'value': 'Cameron, David', 'rank': 4}, {'name': 'Organization', 'value': 'Hamas', 'rank': 5}, {'name': 'Person', 'value': 'Abdullah II, King of Jordan', 'rank': 6}, {'name': 'Person', 'value': 'Gantz, Benny', 'rank': 7}]",Foreign,,,2024-02-18 15:15:28+00:00,World,The largely symbolic move followed proposals by international allies that were discussed during recent cease-fire negotiations in Cairo.,The New York Times,Middle East,News,nyt://article/413a66f9-fd22-5cea-aa5e-7293a2416097,https://www.nytimes.com/2024/02/18/world/middleeast/israel-palestinian-state.html,572,By Isabel Kershner,Israel’s government formally rejects the unilateral recognition of a Palestinian state.,,,"Prime Minister Benjamin Netanyahu of Israel, center, during a cabinet meeting in Tel Aviv last month.",Pool photo by Ronen Zvulun,https://static01.nyt.com/images/2024/02/18/multimedia/18mideast-crisis-statehood-tkjl/18mideast-crisis-statehood-tkjl-articleLarge.jpg,402,600,https://static01.nyt.com/images/2024/02/18/multimedia/18mideast-crisis-statehood-tkjl/18mideast-crisis-statehood-tkjl-thumbStandard.jpg,75,75,Israel’s government formally rejects the unilateral recognition of a Palestinian state.,Israel’s government formally rejects the unilateral recognition of a Palestinian state. The largely symbolic move followed proposals by international allies that were discussed during recent cease-fire negotiations in Cairo. The largely symbolic move followed proposals by international allies that were discussed during recent cease-fire negotiations in Cairo.
"The death toll Wednesday was the highest in months of cross-border fighting, and amplified fears that the cross-border clashes could escalate into a full-fledged war.",article,nyt://article/50ed7927-2e3b-58fc-80f8-bd3ebc4cf17f,"[{'name': 'Location', 'value': 'Lebanon', 'rank': 1}, {'name': 'Subject', 'value': 'Israel-Gaza War (2023- )', 'rank': 2}, {'name': 'Subject', 'value': 'War and Armed Conflicts', 'rank': 3}, {'name': 'Organization', 'value': 'Hezbollah', 'rank': 4}, {'name': 'Location', 'value': 'Gaza Strip', 'rank': 5}, {'name': 'Location', 'value': 'Iran', 'rank': 6}]",Foreign,,,2024-02-15 11:14:41+00:00,World,"The death toll Wednesday was the highest in months of cross-border fighting, and amplified fears that the cross-border clashes could escalate into a full-fledged war.",The New York Times,Middle East,News,nyt://article/50ed7927-2e3b-58fc-80f8-bd3ebc4cf17f,https://www.nytimes.com/2024/02/15/world/middleeast/lebanon-death-toll-israeli-strikes.html,350,By Adam Sella and Euan Ward,Lebanon’s State Media Says Israeli Strikes There Killed 10 Civilians,,,Rescuers on Thursday at a building in the southern Lebanese city of Nabatieh that was hit in a strike.,Mahmoud Zayyat/Agence France-Presse — Getty Images,https://static01.nyt.com/images/2024/02/15/multimedia/15mideast-crisis-lebanon-toll-mpft/15mideast-crisis-lebanon-toll-mpft-articleLarge.jpg,400,600,https://static01.nyt.com/images/2024/02/15/multimedia/15mideast-crisis-lebanon-toll-mpft/15mideast-crisis-lebanon-toll-mpft-thumbStandard.jpg,75,75,Lebanon’s State Media Says Israeli Strikes There Killed 10 Civilians,"Lebanon’s State Media Says Israeli Strikes There Killed 10 Civilians The death toll Wednesday was the highest in months of cross-border fighting, and amplified fears that the cross-border clashes could escalate into a full-fledged war. The death toll Wednesday was the highest in months of cross-border fighting, and amplified fears that the cross-border clashes could escalate into a full-fledged war."
,article,nyt://article/17fb3360-8d79-5c2b-93d4-4d2de5c25159,[],Washington,,,2024-02-13 22:49:41+00:00,World,,The New York Times,Middle East,Live Blog Post,nyt://article/17fb3360-8d79-5c2b-93d4-4d2de5c25159,https://www.nytimes.com/live/2024/02/14/world/israel-hamas-war-gaza-news/the-state-department-is-assessing-reports-of-civilian-harm-in-gaza-from-us-made-arms,354,By Michael Crowley,The State Department is assessing reports of civilian harm in Gaza from U.S.-made arms.,,,,,,0,0,,0,0,The State Department is assessing reports of civilian harm in Gaza from U.S.-made arms.,The State Department is assessing reports of civilian harm in Gaza from U.S.-made arms.
"Cameron Ortis was convicted of passing state secrets to men under police investigation, but his motives remain unknown. He said it was all part of an international mission he could not disclose.",article,nyt://article/0dea6b4a-892c-5bbf-a139-a4480c115b7d,"[{'name': 'Person', 'value': 'Ortis, Cameron', 'rank': 1}, {'name': 'Organization', 'value': 'Royal Canadian Mounted Police', 'rank': 2}, {'name': 'Subject', 'value': 'Classified Information and State Secrets', 'rank': 3}, {'name': 'Subject', 'value': 'Espionage and Intelligence Services', 'rank': 4}, {'name': 'Subject', 'value': 'Decisions and Verdicts', 'rank': 5}, {'name': 'Subject', 'value': 'Police', 'rank': 6}, {'name': 'Location', 'value': 'Canada', 'rank': 7}]",Foreign,,,2024-02-08 01:17:01+00:00,World,"Cameron Ortis was convicted of passing state secrets to men under police investigation, but his motives remain unknown. He said it was all part of an international mission he could not disclose.",The New York Times,Canada,News,nyt://article/0dea6b4a-892c-5bbf-a139-a4480c115b7d,https://www.nytimes.com/2024/02/07/world/canada/sentence-state-secrets.html,529,By Ian Austen,Canadian Ex-Intelligence Official Is Sentenced to 14 Years Over State Secrets,,,"Cameron Ortis, sentenced to 14 years in prison for violating Canada’s Security of Information Act, said his actions were all part of an international mission. ","Sean Kilpatrick/The Canadian Press, via Associated Press",https://static01.nyt.com/images/2024/02/07/multimedia/07canada-secrets-02-lkbg/07canada-secrets-02-lkbg-articleLarge.jpg,422,600,https://static01.nyt.com/images/2024/02/07/multimedia/07canada-secrets-02-lkbg/07canada-secrets-02-lkbg-thumbStandard.jpg,75,75,Canadian Ex-Intelligence Official Is Sentenced to 14 Years Over State Secrets,"Canadian Ex-Intelligence Official Is Sentenced to 14 Years Over State Secrets Cameron Ortis was convicted of passing state secrets to men under police investigation, but his motives remain unknown. He said it was all part of an international mission he could not disclose. Cameron Ortis was convicted of passing state secrets to men under police investigation, but his motives remain unknown. He said it was all part of an international mission he could not disclose."
"David Cameron, the foreign secretary, said that his country and other allies should show Palestinians “irreversible progress” toward an independent state.",article,nyt://article/22317a00-9389-5753-bfc5-53948a00cb85,"[{'name': 'Location', 'value': 'Great Britain', 'rank': 1}, {'name': 'Person', 'value': 'Cameron, David', 'rank': 2}, {'name': 'Subject', 'value': 'Israel-Gaza War (2023- )', 'rank': 3}, {'name': 'Subject', 'value': 'Palestinians', 'rank': 4}, {'name': 'Location', 'value': 'Israel', 'rank': 5}, {'name': 'Person', 'value': 'Netanyahu, Benjamin', 'rank': 6}]",Foreign,6,A,2024-01-30 15:34:04+00:00,World,"David Cameron, the foreign secretary, said that his country and other allies should show Palestinians “irreversible progress” toward an independent state.",The New York Times,Middle East,News,nyt://article/22317a00-9389-5753-bfc5-53948a00cb85,https://www.nytimes.com/2024/01/30/world/middleeast/david-cameron-uk-palestinian-state.html,622,By Megan Specia,Britain’s Foreign Secretary Signals Willingness to Recognize Palestinian State Sooner,,Britain Calls for Progress Toward Recognizing Palestinian State,"David Cameron, the British foreign secretary, speaking in Cairo last month.",Mohamed Abd El Ghany/Reuters,https://static01.nyt.com/images/2024/01/30/multimedia/30israel-hamas-uk-cameron-jbtq/30israel-hamas-uk-cameron-jbtq-articleLarge.jpg,418,600,https://static01.nyt.com/images/2024/01/30/multimedia/30israel-hamas-uk-cameron-jbtq/30israel-hamas-uk-cameron-jbtq-thumbStandard.jpg,75,75,Britain’s Foreign Secretary Signals Willingness to Recognize Palestinian State Sooner,"Britain’s Foreign Secretary Signals Willingness to Recognize Palestinian State Sooner David Cameron, the foreign secretary, said that his country and other allies should show Palestinians “irreversible progress” toward an independent state. David Cameron, the foreign secretary, said that his country and other allies should show Palestinians “irreversible progress” toward an independent state."
The Israeli prime minister said that he had long opposed a Palestinian state because it would constitute “an existential danger to Israel.”,article,nyt://article/3983c961-c411-5ccf-b0c5-d71bcc2e82db,"[{'name': 'Person', 'value': 'Netanyahu, Benjamin', 'rank': 1}, {'name': 'Subject', 'value': 'Israel-Gaza War (2023- )', 'rank': 2}, {'name': 'Subject', 'value': 'Palestinians', 'rank': 3}, {'name': 'Organization', 'value': 'Palestinian Authority', 'rank': 4}, {'name': 'Location', 'value': 'Gaza Strip', 'rank': 5}, {'name': 'Location', 'value': 'Jordan River (Middle East)', 'rank': 6}]",Foreign,,,2024-01-21 12:25:51+00:00,World,The Israeli prime minister said that he had long opposed a Palestinian state because it would constitute “an existential danger to Israel.”,The New York Times,Middle East,News,nyt://article/3983c961-c411-5ccf-b0c5-d71bcc2e82db,https://www.nytimes.com/2024/01/21/world/middleeast/netanyahu-biden-israel-palestinian-state.html,614,By Adam Rasgon,"Netanyahu Restates Opposition to Two-State Solution, Despite Pressure From Biden",,,President Biden met Prime Minister Benjamin Netanyahu of Israel and his war cabinet in October.,Kenny Holston/The New York Times,https://static01.nyt.com/images/2024/01/21/multimedia/21israel-gaza-v2-netanyahu-gbfz/21israel-gaza-v2-netanyahu-gbfz-articleLarge.jpg,400,600,https://static01.nyt.com/images/2024/01/21/multimedia/21israel-gaza-v2-netanyahu-gbfz/21israel-gaza-v2-netanyahu-gbfz-thumbStandard.jpg,75,75,"Netanyahu Restates Opposition to Two-State Solution, Despite Pressure From Biden","Netanyahu Restates Opposition to Two-State Solution, Despite Pressure From Biden The Israeli prime minister said that he had long opposed a Palestinian state because it would constitute “an existential danger to Israel.” The Israeli prime minister said that he had long opposed a Palestinian state because it would constitute “an existential danger to Israel.”"
"There were signs the authorities had regained some control, but the extent of damage and casualties from the unrest remained unclear.",article,nyt://article/33e52d0c-c6aa-56c4-b603-eb1c2fcdc98c,"[{'name': 'Person', 'value': 'Marape, James', 'rank': 1}, {'name': 'Location', 'value': 'Papua New Guinea', 'rank': 2}, {'name': 'Subject', 'value': 'Demonstrations, Protests and Riots', 'rank': 3}, {'name': 'Subject', 'value': 'Looting (Crime)', 'rank': 4}, {'name': 'Subject', 'value': 'Politics and Government', 'rank': 5}]",Foreign,7,A,2024-01-11 12:07:59+00:00,World,"There were signs the authorities had regained some control, but the extent of damage and casualties from the unrest remained unclear.",The New York Times,Australia,News,nyt://article/33e52d0c-c6aa-56c4-b603-eb1c2fcdc98c,https://www.nytimes.com/2024/01/11/world/australia/papua-new-guinea-state-emergency-riots.html,324,By Christopher Cottrell,Papua New Guinea Leader Declares State of Emergency After Violent Riots,,State of Emergency  In Papua New Guinea After Unrest in Capital,"People carrying out goods from shops in Port Moresby, Papua New Guinea, on Wednesday.",Agence France-Presse — Getty Images,https://static01.nyt.com/images/2024/01/11/multimedia/11png-emergency-twkj/11png-emergency-twkj-articleLarge.jpg,400,600,https://static01.nyt.com/images/2024/01/11/multimedia/11png-emergency-twkj/11png-emergency-twkj-thumbStandard.jpg,75,75,Papua New Guinea Leader Declares State of Emergency After Violent Riots,"Papua New Guinea Leader Declares State of Emergency After Violent Riots There were signs the authorities had regained some control, but the extent of damage and casualties from the unrest remained unclear. There were signs the authorities had regained some control, but the extent of damage and casualties from the unrest remained unclear."
"In meetings with Israeli leaders, the U.S. secretary of state held out the prospect of Saudi recognition to prod Israel to curb combat operations in Gaza and accept a path to Palestinian statehood.",article,nyt://article/e5fe0d1b-f677-5809-bc0c-79ab6de4dd4f,[],Foreign,,,2024-01-09 21:40:50+00:00,World,"In meetings with Israeli leaders, the U.S. secretary of state held out the prospect of Saudi recognition to prod Israel to curb combat operations in Gaza and accept a path to Palestinian statehood.",The New York Times,Middle East,Live Blog Post,nyt://article/e5fe0d1b-f677-5809-bc0c-79ab6de4dd4f,https://www.nytimes.com/live/2024/01/09/world/israel-hamas-war-gaza-news/blinken-says-saudi-israel-ties-depend-on-steps-toward-a-palestinian-state,433,By Edward Wong and Vivian Nereim,Blinken says Saudi-Israel ties depend on steps toward a Palestinian State.,,,Israeli soldiers operating during an escorted tour by the military for international journalists in the central Gaza Strip on Monday.,Avishag Shaar-Yashuv for The New York Times,https://static01.nyt.com/images/2024/01/09/multimedia/09israel-2-wklb/09israel-2-wklb-articleLarge.jpg,400,600,https://static01.nyt.com/images/2024/01/09/multimedia/09israel-2-wklb/09israel-2-wklb-thumbStandard.jpg,75,75,Blinken says Saudi-Israel ties depend on steps toward a Palestinian State.,"Blinken says Saudi-Israel ties depend on steps toward a Palestinian State. In meetings with Israeli leaders, the U.S. secretary of state held out the prospect of Saudi recognition to prod Israel to curb combat operations in Gaza and accept a path to Palestinian statehood. In meetings with Israeli leaders, the U.S. secretary of state held out the prospect of Saudi recognition to prod Israel to curb combat operations in Gaza and accept a path to Palestinian statehood."
,article,nyt://article/6adb437f-74a1-52fd-a1f4-b09cab400644,[],Foreign,,,2024-01-09 21:21:52+00:00,World,,The New York Times,Middle East,Live Blog Post,nyt://article/6adb437f-74a1-52fd-a1f4-b09cab400644,https://www.nytimes.com/live/2024/01/10/world/israel-hamas-war-gaza-news/arab-leaders-push-for-talks-on-gazas-day-after-the-war-to-include-path-to-palestinian-state,650,By Vivian Nereim and Adam Rasgon,Arab leaders push for talks on Gaza’s ‘day after’ the war to include path to Palestinian state.,,,"A picture provided by the Palestinian Press Office shows President Abdel Fattah el-Sisi of Egypt, right, with Mahmoud Abbas, the president of the Palestinian Authority, in Cairo on Monday.","Thaer Ghanaim/Palestinian Authority's press office, via Agence France-Presse — Getty Images",https://static01.nyt.com/images/2024/01/09/multimedia/09israel-hamas-mideast-postwar-jvkt/09israel-hamas-mideast-postwar-jvkt-articleLarge.jpg,400,600,https://static01.nyt.com/images/2024/01/09/multimedia/09israel-hamas-mideast-postwar-jvkt/09israel-hamas-mideast-postwar-jvkt-thumbStandard.jpg,75,75,Arab leaders push for talks on Gaza’s ‘day after’ the war to include path to Palestinian state.,Arab leaders push for talks on Gaza’s ‘day after’ the war to include path to Palestinian state.
"In meetings with Israeli leaders, the U.S. secretary of state held out the prospect of Saudi recognition to prod Israel to curb combat operations in Gaza and accept a path to Palestinian statehood.",article,nyt://article/ae7005bd-091a-5209-a00d-883a6adf1281,"[{'name': 'Subject', 'value': 'Israel-Gaza War (2023- )', 'rank': 1}, {'name': 'Subject', 'value': 'Palestinians', 'rank': 2}, {'name': 'Subject', 'value': 'International Relations', 'rank': 3}, {'name': 'Subject', 'value': 'United States International Relations', 'rank': 4}, {'name': 'Organization', 'value': 'Palestinian Authority', 'rank': 5}, {'name': 'Organization', 'value': 'Hamas', 'rank': 6}, {'name': 'Location', 'value': 'Israel', 'rank': 7}, {'name': 'Location', 'value': 'Saudi Arabia', 'rank': 8}, {'name': 'Location', 'value': 'Gaza Strip', 'rank': 9}, {'name': 'Person', 'value': 'Blinken, Antony J', 'rank': 10}, {'name': 'Person', 'value': 'Biden, Joseph R Jr', 'rank': 11}, {'name': 'Person', 'value': 'Netanyahu, Benjamin', 'rank': 12}, {'name': 'Person', 'value': 'Mohammed bin Salman (1985- )', 'rank': 13}]",Foreign,1,A,2024-01-09 11:12:48+00:00,World,"In meetings with Israeli leaders, the U.S. secretary of state held out the prospect of Saudi recognition to prod Israel to curb combat operations in Gaza and accept a path to Palestinian statehood.",The New York Times,Middle East,News,nyt://article/ae7005bd-091a-5209-a00d-883a6adf1281,https://www.nytimes.com/2024/01/09/world/middleeast/blinken-israel-saudi-palestinian-state.html,1506,By Edward Wong and Vivian Nereim,"Saudi-Israel Ties Depend on Steps Toward a Palestinian State, Blinken Says",,Arab Countries Pushing Israel  For 2-State Fix,Israeli soldiers operating during an escorted tour by the military for international journalists in the central Gaza Strip on Monday.,Avishag Shaar-Yashuv for The New York Times,https://static01.nyt.com/images/2024/01/09/multimedia/09israel-2-wklb/09israel-2-wklb-articleLarge.jpg,400,600,https://static01.nyt.com/images/2024/01/09/multimedia/09israel-2-wklb/09israel-2-wklb-thumbStandard.jpg,75,75,"Saudi-Israel Ties Depend on Steps Toward a Palestinian State, Blinken Says","Saudi-Israel Ties Depend on Steps Toward a Palestinian State, Blinken Says In meetings with Israeli leaders, the U.S. secretary of state held out the prospect of Saudi recognition to prod Israel to curb combat operations in Gaza and accept a path to Palestinian statehood. In meetings with Israeli leaders, the U.S. secretary of state held out the prospect of Saudi recognition to prod Israel to curb combat operations in Gaza and accept a path to Palestinian statehood."
,article,nyt://article/1ea7ba0b-9174-579e-b09b-ca759ca22800,"[{'name': 'Subject', 'value': 'Israel-Gaza War (2023- )', 'rank': 1}, {'name': 'Organization', 'value': 'Hamas', 'rank': 2}, {'name': 'Location', 'value': 'Gaza Strip', 'rank': 3}, {'name': 'Organization', 'value': 'State Department', 'rank': 4}, {'name': 'Organization', 'value': 'Treasury Department', 'rank': 5}]",Foreign,,,2024-01-05 21:37:17+00:00,World,,The New York Times,Middle East,Live Blog Post,nyt://article/1ea7ba0b-9174-579e-b09b-ca759ca22800,https://www.nytimes.com/live/2024/01/05/world/israel-hamas-war-gaza-news/the-us-state-department-offers-up-to-10-million-for-information-on-hamass-financial-network,427,By Talya Minsberg,The U.S. State Department offers up to $10 million for information on Hamas’s financial network.,,,"Palestinian fighters of the Al Qassam Brigades, the armed wing of Hamas, taking part in a military parade in central Gaza last year.",Agence France-Presse — Getty Images,https://static01.nyt.com/images/2024/01/05/world/05israel-hamas-rewards/05israel-hamas-rewards-articleLarge.jpg,400,600,https://static01.nyt.com/images/2024/01/05/world/05israel-hamas-rewards/05israel-hamas-rewards-thumbStandard.jpg,75,75,The U.S. State Department offers up to $10 million for information on Hamas’s financial network.,The U.S. State Department offers up to $10 million for information on Hamas’s financial network.
,article,nyt://article/f0fc3ae4-d7a2-531e-90c3-3bdda534db9c,[],Foreign,,,2024-01-05 07:43:25+00:00,World,,The New York Times,Middle East,News,nyt://article/f0fc3ae4-d7a2-531e-90c3-3bdda534db9c,https://www.nytimes.com/2024/01/05/world/middleeast/secretary-of-state-begins-middle-east-trip-amid-worries-of-broader-conflict.html,368,By Victoria Kim,The U.S. secretary of state begins a Mideast trip amid worries of broader conflict.,,,Secretary of State Antony J. Blinken departing for his Middle East trip at Joint Base Andrews in Maryland on Thursday.,Pool photo by Evelyn Hockstein,https://static01.nyt.com/images/2024/01/05/multimedia/05israel-hamas-blinken-bwvk/05israel-hamas-blinken-bwvk-articleLarge.jpg,400,600,https://static01.nyt.com/images/2024/01/05/multimedia/05israel-hamas-blinken-bwvk/05israel-hamas-blinken-bwvk-thumbStandard.jpg,75,75,The U.S. secretary of state begins a Mideast trip amid worries of broader conflict.,The U.S. secretary of state begins a Mideast trip amid worries of broader conflict.
"The group, which has struck before in Iran, has a long history of division with the country.",article,nyt://article/dfba5526-4436-58c8-807b-96c17df0d426,"[{'name': 'Location', 'value': 'Iran', 'rank': 1}, {'name': 'Subject', 'value': 'Terrorism', 'rank': 2}, {'name': 'Organization', 'value': 'Islamic State in Iraq and Syria (ISIS)', 'rank': 3}, {'name': 'Organization', 'value': 'Islamic State Khorasan', 'rank': 4}, {'name': 'Person', 'value': 'Suleimani, Qassim', 'rank': 5}, {'name': 'Subject', 'value': 'Funerals and Memorials', 'rank': 6}]",Foreign,8,A,2024-01-04 11:07:36+00:00,World,"The group, which has struck before in Iran, has a long history of division with the country.",The New York Times,Middle East,News,nyt://article/dfba5526-4436-58c8-807b-96c17df0d426,https://www.nytimes.com/2024/01/04/world/middleeast/us-isis-iran-general-suleimani.html,1155,"By Vivian Yee, Hwaida Saad and Eric Schmitt",Islamic State Claims Responsibility for Deadly Bombings in Iran,,Islamic State Takes Responsibility for Deadly Bombings at Memorial in Iran,A photo released by Iran’s state-run news media on Wednesday of the site of the explosions in the city of Kerman.,"Sare Tajalli/ISNA, via Agence France-Presse — Getty Images",https://static01.nyt.com/images/2024/01/04/multimedia/04iran-blasts-wqlh/04iran-blasts-wqlh-articleLarge.jpg,391,600,https://static01.nyt.com/images/2024/01/04/multimedia/04iran-blasts-wqlh/04iran-blasts-wqlh-thumbStandard.jpg,75,75,Islamic State Claims Responsibility for Deadly Bombings in Iran,"Islamic State Claims Responsibility for Deadly Bombings in Iran The group, which has struck before in Iran, has a long history of division with the country. The group, which has struck before in Iran, has a long history of division with the country."
A government-approved news program intended to counter Russian disinformation and boost morale is coming under criticism for painting a rosy picture of the war.,article,nyt://article/a382dfe4-0ec7-5a5b-9c50-d16edffd71e5,"[{'name': 'Subject', 'value': 'Russian Invasion of Ukraine (2022)', 'rank': 1}, {'name': 'Location', 'value': 'Ukraine', 'rank': 2}, {'name': 'Subject', 'value': 'Television', 'rank': 3}, {'name': 'Subject', 'value': 'News and News Media', 'rank': 4}, {'name': 'Subject', 'value': 'Propaganda', 'rank': 5}, {'name': 'Subject', 'value': 'Ratings (Audience Measurement)', 'rank': 6}, {'name': 'Subject', 'value': 'Politics and Government', 'rank': 7}, {'name': 'Person', 'value': 'Zelensky, Volodymyr', 'rank': 8}, {'name': 'Location', 'value': 'Russia', 'rank': 9}]",Foreign,1,A,2024-01-03 10:02:02+00:00,World,A government-approved news program intended to counter Russian disinformation and boost morale is coming under criticism for painting a rosy picture of the war.,The New York Times,Europe,News,nyt://article/a382dfe4-0ec7-5a5b-9c50-d16edffd71e5,https://www.nytimes.com/2024/01/03/world/europe/ukraine-war-tv-news-telemarathon.html,1267,By Constant Méheut and Daria Mitiuk,‘It’s State Propaganda’: Ukrainians Shun TV News as War Drags on,,"As War Drags On, Ukrainians Shun TV News as ‘Propaganda’","Oleksiy Dmytrashkivskiy, head of public relations for the Ukrainian army, is interviewed by Telemarathon host Vadym Karpiak. Viewership for the show has shrunk as the war has dragged on.",Brendan Hoffman for The New York Times,https://static01.nyt.com/images/2024/01/02/multimedia/00ukraine-telemarathon-01-fmzb/00ukraine-telemarathon-01-fmzb-articleLarge.jpg,400,600,https://static01.nyt.com/images/2024/01/02/multimedia/00ukraine-telemarathon-01-fmzb/00ukraine-telemarathon-01-fmzb-thumbStandard.jpg,75,75,‘It’s State Propaganda’: Ukrainians Shun TV News as War Drags on,‘It’s State Propaganda’: Ukrainians Shun TV News as War Drags on A government-approved news program intended to counter Russian disinformation and boost morale is coming under criticism for painting a rosy picture of the war. A government-approved news program intended to counter Russian disinformation and boost morale is coming under criticism for painting a rosy picture of the war.
,article,nyt://article/9e7fb58e-5d8f-55ca-a6fb-33d2a6d05364,"[{'name': 'Subject', 'value': 'Israel-Gaza War (2023- )', 'rank': 1}]",Live,,,2024-01-02 23:20:06+00:00,World,,The New York Times,Middle East,Live Blog Post,nyt://article/9e7fb58e-5d8f-55ca-a6fb-33d2a6d05364,https://www.nytimes.com/live/2024/01/02/world/israel-supreme-court-gaza-news/the-state-department-rebukes-israeli-ministers-pushing-for-gazans-to-leave-the-enclave,448,By Andrea Kannapell,The State Department rebukes Israeli ministers pushing for Gazans to leave the enclave.,,,"Itamar Ben Gvir, the Israeli national security minister, left, and Bezalel Smotrich, the finance minister, at the swearing-in ceremony for Israeli lawmakers at the Knesset in Jerusalem last year.",Associated Press,https://static01.nyt.com/images/2024/01/02/world/02israel-hamas-state-dept/02israel-hamas-state-dept-articleLarge.jpg,400,600,https://static01.nyt.com/images/2024/01/02/world/02israel-hamas-state-dept/02israel-hamas-state-dept-thumbStandard.jpg,75,75,The State Department rebukes Israeli ministers pushing for Gazans to leave the enclave.,The State Department rebukes Israeli ministers pushing for Gazans to leave the enclave.
