abstract,document_type,_id,keywords,news_desk,print_page,print_section,pub_date,section_name,snippet,source,subsection_name,type_of_material,uri,web_url,word_count,byline.original,headline.main,headline.kicker,headline.print_headline,multimedia.caption,multimedia.credit,multimedia.default.url,multimedia.default.height,multimedia.default.width,multimedia.thumbnail.url,multimedia.thumbnail.height,multimedia.thumbnail.width,headline,text
Some of the major developments in Syria surrounding a cease-fire agreement reached Thursday.,interactive,nyt://interactive/30e95c7f-87f8-553d-9715-251fd6f79563,"[{'name': 'Location', 'value': 'Syria', 'rank': 1}, {'name': 'Organization', 'value': 'Islamic State in Iraq and Syria (ISIS)', 'rank': 2}, {'name': 'Location', 'value': 'Turkey', 'rank': 3}, {'name': 'Location', 'value': 'Russia', 'rank': 4}]",,,,2016-12-30 03:30:56+00:00,World,Some of the major developments in Syria surrounding a cease-fire agreement reached Thursday.,The New York Times,Middle East,Interactive Feature,nyt://interactive/30e95c7f-87f8-553d-9715-251fd6f79563,https://www.nytimes.com/interactive/2016/12/29/world/middleeast/state-of-war-in-syria.html,0,By SARAH ALMUKHTAR and DEREK WATKINS,The State of the War in Syria,,,,,https://static01.nyt.com/images/2016/12/29/world/middleeast/state-of-war-in-syria-1483051586913/state-of-war-in-syria-1483051586913-articleLarge.png,483,600,https://static01.nyt.com/images/2016/12/29/world/middleeast/state-of-war-in-syria-1483051586913/state-of-war-in-syria-1483051586913-thumbStandard.png,75,75,The State of the War in Syria,The State of the War in Syria Some of the major developments in Syria surrounding a cease-fire agreement reached Thursday. Some of the major developments in Syria surrounding a cease-fire agreement reached Thursday.
The two-state solution has for decades been the primary focus of efforts to achieve peace in the Israeli-Palestinian conflict. Here’s a basic guide.,article,nyt://article/376079eb-9f7e-5bb7-b97a-5fa7ec2bc71d,"[{'name': 'Subject', 'value': 'Palestinians', 'rank': 1}, {'name': 'Person', 'value': 'Fisher, Max', 'rank': 2}, {'name': 'Location', 'value': 'Israel', 'rank': 3}, {'name': 'Subject', 'value': 'Israeli Settlements', 'rank': 4}, {'name': 'Organization', 'value': 'Palestinian Authority', 'rank': 5}, {'name': 'Location', 'value': 'West Bank', 'rank': 6}]",Foreign,10,A,2016-12-29 18:44:19+00:00,World,The two-state solution has for decades been the primary focus of efforts to achieve peace in the Israeli-Palestinian conflict. Here’s a basic guide.,The New York Times,Middle East,News,nyt://article/376079eb-9f7e-5bb7-b97a-5fa7ec2bc71d,https://www.nytimes.com/2016/12/29/world/middleeast/israel-palestinians-two-state-solution.html,1261,By Max Fisher,The Two-State Solution: What It Is and Why It Hasn’t Happened,The Interpreter,The Two-State Solution: What It Is and Why It Still Hasn’t Happened,A construction site in the Israeli settlement of Efrat in the West Bank.,Baz Ratner/Reuters,https://static01.nyt.com/images/2016/12/30/world/30int-ISRAEL/30int-ISRAEL-articleLarge.jpg,400,600,https://static01.nyt.com/images/2016/12/30/world/30int-ISRAEL/30int-ISRAEL-thumbStandard.jpg,75,75,The Two-State Solution: What It Is and Why It Hasn’t Happened,The Two-State Solution: What It Is and Why It Hasn’t Happened The two-state solution has for decades been the primary focus of efforts to achieve peace in the Israeli-Palestinian conflict. Here’s a basic guide. The two-state solution has for decades been the primary focus of efforts to achieve peace in the Israeli-Palestinian conflict. Here’s a basic guide.
"The Security Council vote condemning Israeli settlements, which the United States did not block, could force Israel’s prime minister to make a choice.",article,nyt://article/27ff2318-af46-5ca2-be82-989cb8d33a53,"[{'name': 'Location', 'value': 'Israel', 'rank': 1}, {'name': 'Person', 'value': 'Kershner, Isabel', 'rank': 2}, {'name': 'Subject', 'value': 'Palestinians', 'rank': 3}, {'name': 'Person', 'value': 'Netanyahu, Benjamin', 'rank': 4}, {'name': 'Person', 'value': 'Obama, Barack', 'rank': 5}, {'name': 'Person', 'value': 'Kerry, John', 'rank': 6}, {'name': 'Organization', 'value': 'Security Council (UN)', 'rank': 7}, {'name': 'Subject', 'value': 'Israeli Settlements', 'rank': 8}, {'name': 'Person', 'value': 'Bennett, Naftali', 'rank': 9}, {'name': 'Subject', 'value': 'United States International Relations', 'rank': 10}, {'name': 'Organization', 'value': 'United Nations', 'rank': 11}]",Foreign,4,A,2016-12-25 16:19:40+00:00,World,"The Security Council vote condemning Israeli settlements, which the United States did not block, could force Israel’s prime minister to make a choice.",The New York Times,Middle East,News,nyt://article/27ff2318-af46-5ca2-be82-989cb8d33a53,https://www.nytimes.com/2016/12/25/world/middleeast/netanyahu-accuses-obama-of-orchestrating-un-resolution.html,1131,By Isabel Kershner,Israel Wonders How Long Netanyahu Can Back Settlements and Two-State Solution,,Israel Wonders if Netanyahu Will Have to Play His Hand,Israeli Prime Minister Benjamin Netanyahu attending the weekly cabinet meeting at his Jerusalem office on Sunday.,Pool photo by Dan Balilty,https://static01.nyt.com/images/2016/12/26/world/26israel/26israel-articleLarge.jpg,402,600,https://static01.nyt.com/images/2016/12/26/world/26israel/26israel-thumbStandard-v2.jpg,75,75,Israel Wonders How Long Netanyahu Can Back Settlements and Two-State Solution,"Israel Wonders How Long Netanyahu Can Back Settlements and Two-State Solution The Security Council vote condemning Israeli settlements, which the United States did not block, could force Israel’s prime minister to make a choice. The Security Council vote condemning Israeli settlements, which the United States did not block, could force Israel’s prime minister to make a choice."
"Mr. Friedman, a bankruptcy lawyer, supports expanded settlements in the West Bank and has accused the Obama administration of anti-Semitism.",article,nyt://article/666d56be-b36e-5a19-b417-b7ee5d0ed822,"[{'name': 'Subject', 'value': 'United States International Relations', 'rank': 1}, {'name': 'Person', 'value': 'Stolberg, Sheryl Gay', 'rank': 2}, {'name': 'Person', 'value': 'Friedman, David M', 'rank': 3}, {'name': 'Person', 'value': 'Kershner, Isabel', 'rank': 4}, {'name': 'Subject', 'value': 'Diplomatic Service, Embassies and Consulates', 'rank': 5}, {'name': 'Subject', 'value': 'Jews and Judaism', 'rank': 6}, {'name': 'Subject', 'value': 'Israeli Settlements', 'rank': 7}, {'name': 'Location', 'value': 'Israel', 'rank': 8}, {'name': 'Person', 'value': 'Trump, Donald J', 'rank': 9}]",National,1,A,2016-12-16 15:44:19+00:00,World,"David M. Friedman, a bankruptcy lawyer, supports expanded settlements in the West Bank and has accused the Obama administration of anti-Semitism.",The New York Times,Middle East,News,nyt://article/666d56be-b36e-5a19-b417-b7ee5d0ed822,https://www.nytimes.com/2016/12/16/world/middleeast/david-friedman-us-ambassador-israel.html,1525,By Isabel Kershner and Sheryl Gay Stolberg,"David Friedman, Choice for Envoy to Israel, Is Hostile to Two-State Efforts",,Trump’s Pick as Envoy to Israel Is Hostile to Two-State Efforts,David M. Friedman,"Kasowitz, Benson, Torres &amp; Friedman L.L.P., via Associated Press",https://static01.nyt.com/images/2016/12/17/world/17Friedman/17Friedman-articleLarge.jpg,900,600,https://static01.nyt.com/images/2016/12/17/world/17Friedman/17Friedman-thumbStandard.jpg,75,75,"David Friedman, Choice for Envoy to Israel, Is Hostile to Two-State Efforts","David Friedman, Choice for Envoy to Israel, Is Hostile to Two-State Efforts Mr. Friedman, a bankruptcy lawyer, supports expanded settlements in the West Bank and has accused the Obama administration of anti-Semitism. David M. Friedman, a bankruptcy lawyer, supports expanded settlements in the West Bank and has accused the Obama administration of anti-Semitism."
A stream of articles in Communist Party publications has argued that the election of Donald J. Trump has showed the United States to be dysfunctional and dissolute.,article,nyt://article/361d57da-4f97-5b4e-816b-04d31f24aede,"[{'name': 'Person', 'value': 'Buckley, Chris', 'rank': 1}, {'name': 'Subject', 'value': 'United States Politics and Government', 'rank': 2}, {'name': 'Organization', 'value': 'Communist Party of China', 'rank': 3}, {'name': 'Person', 'value': 'Trump, Donald J', 'rank': 4}, {'name': 'Person', 'value': 'Xi Jinping', 'rank': 5}, {'name': 'Location', 'value': 'China', 'rank': 6}, {'name': 'Location', 'value': 'United States', 'rank': 7}, {'name': 'Subject', 'value': 'United States International Relations', 'rank': 8}]",National,16,A,2016-12-14 11:18:49+00:00,World,A stream of articles in Communist Party publications has argued that the election of Donald J. Trump has showed the United States to be dysfunctional and dissolute.,The New York Times,Asia Pacific,News,nyt://article/361d57da-4f97-5b4e-816b-04d31f24aede,https://www.nytimes.com/2016/12/14/world/asia/china-media-america-trump-election.html,966,By Chris Buckley,"For China’s State Media, Trump Victory Can’t Cure ‘American Disease’",Sinosphere,Chinese Media Says Trump Can’t Cure ‘American Disease’,President-elect Donald J. Trump in Wisconsin on Tuesday. Chinese state news outlets have argued that the United States election demonstrated why one-party rule is right for China.,Todd Heisler/The New York Times,https://static01.nyt.com/images/2016/12/15/world/15CHINAELECTION-1/15CHINAELECTION-1-articleLarge.jpg,387,600,https://static01.nyt.com/images/2016/12/15/world/15CHINAELECTION-1/15CHINAELECTION-1-thumbStandard.jpg,75,75,"For China’s State Media, Trump Victory Can’t Cure ‘American Disease’","For China’s State Media, Trump Victory Can’t Cure ‘American Disease’ A stream of articles in Communist Party publications has argued that the election of Donald J. Trump has showed the United States to be dysfunctional and dissolute. A stream of articles in Communist Party publications has argued that the election of Donald J. Trump has showed the United States to be dysfunctional and dissolute."
A fight over a hydroelectric project in British Columbia is pitting the government against a public demanding greater rights and political transparency.,article,nyt://article/f623354e-79f9-57b5-8f3c-6cfe46bb4a3c,"[{'name': 'Person', 'value': 'Levin, Dan', 'rank': 1}, {'name': 'Location', 'value': 'Canada', 'rank': 2}, {'name': 'Subject', 'value': 'Politics and Government', 'rank': 3}, {'name': 'Subject', 'value': 'Levees and Dams', 'rank': 4}, {'name': 'Subject', 'value': 'Hydroelectric Power', 'rank': 5}, {'name': 'Subject', 'value': 'Infrastructure (Public Works)', 'rank': 6}, {'name': 'Organization', 'value': 'British Columbia Hydro and Power Authority', 'rank': 7}]",Foreign,8,A,2016-12-10 20:09:33+00:00,World,A fight over a hydroelectric project in British Columbia is pitting the government against a public demanding greater rights and political transparency.,The New York Times,Canada,News,nyt://article/f623354e-79f9-57b5-8f3c-6cfe46bb4a3c,https://www.nytimes.com/2016/12/10/world/canada/canadas-7-billion-dam-tests-the-limits-of-state-power.html,1468,By Dan Levin,Canada’s $7 Billion Dam Tests the Limits of State Power,,A $7 Billion Dam Project Tests the Limits of State Power in Canada,"Opponents of the Peace River dam in British Columbia gathered near the project, known as Site C. They criticized the dam as a huge boondoggle that would cost Canadian taxpayers for years to come.",Andrew Testa for The New York Times,https://static01.nyt.com/images/2016/12/11/world/CANADAHYDRO1/CANADAHYDRO1-articleLarge.jpg,400,600,https://static01.nyt.com/images/2016/12/11/world/CANADAHYDRO1/CANADAHYDRO1-thumbStandard.jpg,75,75,Canada’s $7 Billion Dam Tests the Limits of State Power,Canada’s $7 Billion Dam Tests the Limits of State Power A fight over a hydroelectric project in British Columbia is pitting the government against a public demanding greater rights and political transparency. A fight over a hydroelectric project in British Columbia is pitting the government against a public demanding greater rights and political transparency.
"The three men vanished within days of one another in different provinces, rights groups said, and only one has been charged by the police.",article,nyt://article/24d2486b-294d-5b1a-a008-1e8e063a8096,"[{'name': 'Person', 'value': 'Forsythe, Michael', 'rank': 1}, {'name': 'Location', 'value': 'China', 'rank': 2}, {'name': 'Subject', 'value': 'Political Prisoners', 'rank': 3}, {'name': 'Subject', 'value': 'Human Rights and Human Rights Violations', 'rank': 4}, {'name': 'Person', 'value': 'Zhou Shifeng (1964- )', 'rank': 5}, {'name': 'Person', 'value': 'Xi Jinping', 'rank': 6}, {'name': 'Organization', 'value': 'Communist Party of China', 'rank': 7}, {'name': 'Person', 'value': 'Jiang Tianyong (1971- )', 'rank': 8}, {'name': 'Person', 'value': 'Huang Qi', 'rank': 9}, {'name': 'Person', 'value': 'Liu Feiyue', 'rank': 10}]",Foreign,14,A,2016-11-30 13:21:12+00:00,World,"The three men vanished within days of one another in different provinces, rights groups said, and only one has been charged by the police.",The New York Times,Asia Pacific,News,nyt://article/24d2486b-294d-5b1a-a008-1e8e063a8096,https://www.nytimes.com/2016/11/30/world/asia/china-human-rights-activists-arrested.html,842,By Michael Forsythe,"3 Chinese Rights Activists Vanish, Apparently in State Crackdown",,3 Chinese Rights Activists Vanish Over Several Days,Jiang Tianyong in 2012.,Ng Han Guan/Associated Press,https://static01.nyt.com/images/2016/12/01/world/01China1/01China1-articleLarge.jpg,863,600,https://static01.nyt.com/images/2016/12/01/world/01China1/01China1-thumbStandard.jpg,75,75,"3 Chinese Rights Activists Vanish, Apparently in State Crackdown","3 Chinese Rights Activists Vanish, Apparently in State Crackdown The three men vanished within days of one another in different provinces, rights groups said, and only one has been charged by the police. The three men vanished within days of one another in different provinces, rights groups said, and only one has been charged by the police."
"A suicide bombing in Kabul targeted worshipers who were honoring the Islamic ceremony of Arbaeen, and came after another recent assault on a Shiite shrine.",article,nyt://article/61ba4c56-a75f-5426-8e6d-837d0903bb04,"[{'name': 'Subject', 'value': 'Terrorism', 'rank': 1}, {'name': 'Person', 'value': 'Mashal, Mujib', 'rank': 2}, {'name': 'Subject', 'value': 'Muslims and Islam', 'rank': 3}, {'name': '', 'value': '', 'rank': 4}, {'name': 'Organization', 'value': 'Taliban', 'rank': 5}, {'name': 'Location', 'value': 'Kabul (Afghanistan)', 'rank': 6}, {'name': 'Organization', 'value': 'Islamic State in Iraq and Syria (ISIS)', 'rank': 7}, {'name': 'Location', 'value': 'Afghanistan', 'rank': 8}, {'name': 'Subject', 'value': 'Bombs and Explosives', 'rank': 9}]",Foreign,12,A,2016-11-21 10:30:22+00:00,World,"A suicide bombing in Kabul targeted worshipers who were honoring the Islamic ceremony of Arbaeen, and came after another recent assault on a Shiite shrine.",The New York Times,Asia Pacific,News,nyt://article/61ba4c56-a75f-5426-8e6d-837d0903bb04,https://www.nytimes.com/2016/11/22/world/asia/afghanistan-kabul-blast-mosque.html,767,By Mujib Mashal and Fahim Abed,"Islamic State Again Strikes at Afghan Shiites, Killing at Least 30 in Kabul",,ISIS Again Strikes at Afghan Shiites,"An injured man at a hospital after a suicide attack at a mosque in Kabul, Afghanistan, on Monday.",Mohammad Ismail/Reuters,https://static01.nyt.com/images/2016/11/22/world/22Afghan3/22Afghan3-articleLarge.jpg,400,600,https://static01.nyt.com/images/2016/11/22/world/22Afghan3/22Afghan3-thumbStandard.jpg,75,75,"Islamic State Again Strikes at Afghan Shiites, Killing at Least 30 in Kabul","Islamic State Again Strikes at Afghan Shiites, Killing at Least 30 in Kabul A suicide bombing in Kabul targeted worshipers who were honoring the Islamic ceremony of Arbaeen, and came after another recent assault on a Shiite shrine. A suicide bombing in Kabul targeted worshipers who were honoring the Islamic ceremony of Arbaeen, and came after another recent assault on a Shiite shrine."
The expert also said the government should investigate allegations of military reprisals against Rohingya Muslims instead of brushing them aside.,article,nyt://article/9ce62f9f-7460-5dc9-b163-f128add91d3d,"[{'name': 'Subject', 'value': 'Rohingya (Ethnic Group)', 'rank': 1}, {'name': 'Subject', 'value': 'International Relations', 'rank': 2}, {'name': 'Organization', 'value': 'Security Council (UN)', 'rank': 3}, {'name': 'Organization', 'value': 'United Nations', 'rank': 4}, {'name': 'Person', 'value': 'Aung San Suu Kyi', 'rank': 5}, {'name': 'Person', 'value': 'Power, Samantha', 'rank': 6}, {'name': 'Location', 'value': 'Myanmar', 'rank': 7}, {'name': 'Location', 'value': 'Rakhine State (Myanmar)', 'rank': 8}]",Foreign,,,2016-11-18 21:57:34+00:00,World,The expert also said the government should investigate allegations of military reprisals against Rohingya Muslims instead of brushing them aside.,The New York Times,Asia Pacific,News,nyt://article/9ce62f9f-7460-5dc9-b163-f128add91d3d,https://www.nytimes.com/2016/11/19/world/asia/myanmar-rakhine-rohingya-muslim.html,539,By Nick Cumming-Bruce,Myanmar Urged by U.N. Expert to Let Aid Flow to Rakhine State,,,Ethnic Rakhine men attended a police training course this week in the north of Rakhine State in Myanmar.,Soe Zeya Tun/Reuters,https://static01.nyt.com/images/2016/11/19/world/19myanmar/19myanmar-articleLarge.jpg,400,600,https://static01.nyt.com/images/2016/11/19/world/19myanmar/19myanmar-thumbStandard.jpg,75,75,Myanmar Urged by U.N. Expert to Let Aid Flow to Rakhine State,Myanmar Urged by U.N. Expert to Let Aid Flow to Rakhine State The expert also said the government should investigate allegations of military reprisals against Rohingya Muslims instead of brushing them aside. The expert also said the government should investigate allegations of military reprisals against Rohingya Muslims instead of brushing them aside.
Rightist politicians see Mr. Trump’s victory as a chance to reverse course on contentious policies like building new settlements and accords with the Palestinians.,article,nyt://article/ea1659ee-0b90-5611-a72f-690d54ea9886,"[{'name': 'Person', 'value': 'Netanyahu, Benjamin', 'rank': 1}, {'name': 'Person', 'value': 'Kershner, Isabel', 'rank': 2}, {'name': 'Subject', 'value': 'Israeli Settlements', 'rank': 3}, {'name': 'Subject', 'value': 'Presidential Election of 2016', 'rank': 4}, {'name': 'Subject', 'value': 'Legislatures and Parliaments', 'rank': 5}, {'name': 'Organization', 'value': 'Likud Party (Israel)', 'rank': 6}, {'name': 'Location', 'value': 'Israel', 'rank': 7}, {'name': 'Person', 'value': 'Trump, Donald J', 'rank': 8}, {'name': 'Subject', 'value': 'Palestinians', 'rank': 9}]",Foreign,9,A,2016-11-15 01:15:19+00:00,World,Rightist politicians see Mr. Trump’s victory as a chance to reverse course on contentious policies like building new settlements and accords with the Palestinians.,The New York Times,Middle East,News,nyt://article/ea1659ee-0b90-5611-a72f-690d54ea9886,https://www.nytimes.com/2016/11/15/world/middleeast/israel-netanyahu-trump-palestinian-settlements.html,1102,By Isabel Kershner,"Israel’s Right, Cheering Donald Trump’s Win, Renews Calls to Abandon 2-State Solution",,Rightists See a Chance  to Shift Israel’s Course,"A Tel Aviv cafe on Wednesday. “The era of a Palestinian state is over,” one cabinet minister said after the United States election.",Baz Ratner/Reuters,https://static01.nyt.com/images/2016/11/15/world/15ISRAEL/15ISRAEL-articleLarge.jpg,400,600,https://static01.nyt.com/images/2016/11/15/world/15ISRAEL/15ISRAEL-thumbStandard-v2.jpg,75,75,"Israel’s Right, Cheering Donald Trump’s Win, Renews Calls to Abandon 2-State Solution","Israel’s Right, Cheering Donald Trump’s Win, Renews Calls to Abandon 2-State Solution Rightist politicians see Mr. Trump’s victory as a chance to reverse course on contentious policies like building new settlements and accords with the Palestinians. Rightist politicians see Mr. Trump’s victory as a chance to reverse course on contentious policies like building new settlements and accords with the Palestinians."
"Unconfirmed accounts say Gulmurod Khalimov has been promoted to military commander of the group, and the State Department reward for his capture appears to confirm his high status.",article,nyt://article/7c12ca7b-a237-5af7-a1a6-0ee083f27b46,"[{'name': 'Person', 'value': 'Kramer, Andrew E', 'rank': 1}, {'name': 'Person', 'value': 'Khalimov, Gulmurod (1975- )', 'rank': 2}, {'name': 'Organization', 'value': 'Islamic State in Iraq and Syria (ISIS)', 'rank': 3}, {'name': 'Location', 'value': 'Tajikistan', 'rank': 4}, {'name': 'Subject', 'value': 'United States Defense and Military Forces', 'rank': 5}]",Foreign,6,A,2016-11-11 01:14:53+00:00,World,"Unconfirmed accounts say Gulmurod Khalimov has been promoted to military commander of the group, and the State Department reward for his capture appears to confirm his high status.",The New York Times,Asia Pacific,News,nyt://article/7c12ca7b-a237-5af7-a1a6-0ee083f27b46,https://www.nytimes.com/2016/11/11/world/asia/tajikistan-islamic-state-isis.html,1100,By Andrew E. Kramer,"Tajik Police Commander, Trained in U.S., Appears to Rise in Islamic State Ranks",,"Tajik Officer, Trained in U.S., Appears to Rise in Islamic State Ranks",,,,0,0,,0,0,"Tajik Police Commander, Trained in U.S., Appears to Rise in Islamic State Ranks","Tajik Police Commander, Trained in U.S., Appears to Rise in Islamic State Ranks Unconfirmed accounts say Gulmurod Khalimov has been promoted to military commander of the group, and the State Department reward for his capture appears to confirm his high status. Unconfirmed accounts say Gulmurod Khalimov has been promoted to military commander of the group, and the State Department reward for his capture appears to confirm his high status."
A summit meeting in Germany was a test of whether President Vladimir V. Putin of Russia will cut a deal to end the conflict while he also faces pressure over Syria.,article,nyt://article/0bfbb28e-0de7-57fc-bc51-24961770c5af,"[{'name': 'Subject', 'value': 'International Relations', 'rank': 1}, {'name': 'Person', 'value': 'Kramer, Andrew E', 'rank': 2}, {'name': 'Location', 'value': 'Ukraine', 'rank': 3}, {'name': 'Location', 'value': 'Russia', 'rank': 4}, {'name': 'Person', 'value': 'Putin, Vladimir V', 'rank': 5}, {'name': 'Person', 'value': 'Poroshenko, Petro Olekseyevich', 'rank': 6}, {'name': 'Person', 'value': 'Merkel, Angela', 'rank': 7}, {'name': 'Person', 'value': 'Hollande, Francois', 'rank': 8}]",Foreign,6,A,2016-10-19 14:01:13+00:00,World,A summit meeting in Germany was a test of whether President Vladimir V. Putin of Russia will cut a deal to end the conflict while he also faces pressure over Syria.,The New York Times,Europe,News,nyt://article/0bfbb28e-0de7-57fc-bc51-24961770c5af,https://www.nytimes.com/2016/10/20/world/europe/ukraine-russia-germany-talks.html,1292,By Andrew E. Kramer,"As New Ukraine Talks Begin, What Is the State of Europe’s Only Active War?",,"As New Talks Begin, an Update on the War in Ukraine","Soldiers in Avdiivka, Ukraine, in July. The town was one of the most active areas of fighting along the line of control between the Ukrainian Army and Russian-backed rebels.",Brendan Hoffman for The New York Times,https://static01.nyt.com/images/2016/10/20/world/20Ukraine-web5/20Ukraine-web5-articleLarge.jpg,400,600,https://static01.nyt.com/images/2016/10/20/world/20Ukraine-web5/20Ukraine-web5-thumbStandard.jpg,75,75,"As New Ukraine Talks Begin, What Is the State of Europe’s Only Active War?","As New Ukraine Talks Begin, What Is the State of Europe’s Only Active War? A summit meeting in Germany was a test of whether President Vladimir V. Putin of Russia will cut a deal to end the conflict while he also faces pressure over Syria. A summit meeting in Germany was a test of whether President Vladimir V. Putin of Russia will cut a deal to end the conflict while he also faces pressure over Syria."
"In an unusual meeting, the Chinese president said the Communist Party must take a greater role in the boardroom — despite earlier pledges toward reform.",article,nyt://article/bcb223b6-0a6e-5af8-976c-cbf8641f3d61,"[{'name': 'Subject', 'value': 'Executives and Management (Theory)', 'rank': 1}, {'name': 'Organization', 'value': 'Communist Party of China', 'rank': 2}, {'name': 'Person', 'value': 'Xi Jinping', 'rank': 3}, {'name': 'Location', 'value': 'China', 'rank': 4}]",Foreign,,,2016-10-13 11:09:26+00:00,World,"In an unusual meeting, the Chinese president said the Communist Party must take a greater role in the boardroom — despite earlier pledges toward reform.",The New York Times,Asia Pacific,News,nyt://article/bcb223b6-0a6e-5af8-976c-cbf8641f3d61,https://www.nytimes.com/2016/10/14/world/asia/china-soe-state-owned-enterprises.html,728,By Emily Feng,Xi Jinping Reminds China’s State Companies of Who’s the Boss,Sinosphere,,President Xi Jinping of China in Beijing. This week he indicated that he was unwilling to relinquish too much control over China’s state enterprises.,Andy Wong/Associated Press,https://static01.nyt.com/images/2016/10/14/world/14CHINASOE-web1/14CHINASEO-web1-articleLarge.jpg,400,600,https://static01.nyt.com/images/2016/10/14/world/14CHINASOE-web1/14CHINASOE-web1-thumbStandard.jpg,75,75,Xi Jinping Reminds China’s State Companies of Who’s the Boss,"Xi Jinping Reminds China’s State Companies of Who’s the Boss In an unusual meeting, the Chinese president said the Communist Party must take a greater role in the boardroom — despite earlier pledges toward reform. In an unusual meeting, the Chinese president said the Communist Party must take a greater role in the boardroom — despite earlier pledges toward reform."
"A rights group reported the extrajudicial killings of Muslims in Rakhine by the army, days after nine police officers in the border area were killed.",article,nyt://article/de70a1c4-2115-57c5-872a-0cb8628a0ad7,"[{'name': 'Location', 'value': 'Rakhine State (Myanmar)', 'rank': 1}, {'name': 'Subject', 'value': 'Defense and Military Forces', 'rank': 2}, {'name': 'Subject', 'value': 'Muslims and Islam', 'rank': 3}, {'name': 'Person', 'value': 'Aung San Suu Kyi', 'rank': 4}]",Foreign,12,A,2016-10-12 15:53:39+00:00,World,"A rights group reported the extrajudicial killings of Muslims in Rakhine by the army, days after nine police officers in the border area were killed.",The New York Times,Asia Pacific,News,nyt://article/de70a1c4-2115-57c5-872a-0cb8628a0ad7,https://www.nytimes.com/2016/10/13/world/asia/sectarian-violence-myanmar-rakhine.html,687,By Mike Ives,"Violence Mounts in Restive Myanmar State, Leaving a Dozen Dead",,Ethnic Strife In Myanmar Is Seen Rising After Killings,"A soldier patrolling at the entrance of Maungdaw Township, in Rakhine State, on Monday. Reports indicated a significant escalation of tension in the state, which has long been a site of sectarian conflict.",Agence France-Presse — Getty Images,https://static01.nyt.com/images/2016/10/13/world/13MYANMAR-web1/13MYANMAR-web1-articleLarge.jpg,400,600,https://static01.nyt.com/images/2016/10/13/world/13MYANMAR-web1/13MYANMAR-web1-thumbStandard.jpg,75,75,"Violence Mounts in Restive Myanmar State, Leaving a Dozen Dead","Violence Mounts in Restive Myanmar State, Leaving a Dozen Dead A rights group reported the extrajudicial killings of Muslims in Rakhine by the army, days after nine police officers in the border area were killed. A rights group reported the extrajudicial killings of Muslims in Rakhine by the army, days after nine police officers in the border area were killed."
"In the last year, hundreds of people have been killed in antigovernment demonstrations over human rights abuses and the government’s authoritarianism.",article,nyt://article/a25f874e-d4a1-59ea-96dd-9e488222de43,"[{'name': 'Location', 'value': 'Ethiopia', 'rank': 1}, {'name': 'Location', 'value': 'Oromia (Ethiopia)', 'rank': 2}, {'name': 'Subject', 'value': 'Demonstrations, Protests and Riots', 'rank': 3}, {'name': 'Subject', 'value': 'Human Rights and Human Rights Violations', 'rank': 4}, {'name': 'Person', 'value': 'Desalegn, Hailemariam', 'rank': 5}]",Foreign,,,2016-10-09 23:00:53+00:00,World,"In the last year, hundreds of people have been killed in antigovernment demonstrations over human rights abuses and the government’s authoritarianism.",The New York Times,Africa,News,nyt://article/a25f874e-d4a1-59ea-96dd-9e488222de43,https://www.nytimes.com/2016/10/10/world/africa/ethiopia-state-of-emergency.html,385,By Reuters,Ethiopia Declares State of Emergency After Violent Protests,,,"Mourners gathered for a time of prayer on Sunday in Addis Ababa, Ethiopia, and to remember those who were killed in a stampede last week when police broke up an antigovernment protest.",Tiksa Negeri/Reuters,https://static01.nyt.com/images/2016/10/10/world/ETHIOPIA-FLOATER/ETHIOPIA-FLOATER-articleLarge.jpg,405,600,https://static01.nyt.com/images/2016/10/10/world/ETHIOPIA-FLOATER/ETHIOPIA-FLOATER-thumbStandard.jpg,75,75,Ethiopia Declares State of Emergency After Violent Protests,"Ethiopia Declares State of Emergency After Violent Protests In the last year, hundreds of people have been killed in antigovernment demonstrations over human rights abuses and the government’s authoritarianism. In the last year, hundreds of people have been killed in antigovernment demonstrations over human rights abuses and the government’s authoritarianism."
"Liberal democracy and religious sentiment have always had an uneasy coexistence, and they probably always will.",article,nyt://article/0373520f-69ab-519b-ae99-ae73f8424cae,"[{'name': 'Subject', 'value': 'Religion and Belief', 'rank': 1}, {'name': 'Location', 'value': 'Europe', 'rank': 2}, {'name': 'Subject', 'value': 'Freedom of Religion', 'rank': 3}]",Foreign,,,2016-09-14 09:14:03+00:00,World,"Liberal democracy and religious sentiment have always had an uneasy coexistence, and they probably always will.",International New York Times,Europe,Special Report,nyt://article/0373520f-69ab-519b-ae99-ae73f8424cae,https://www.nytimes.com/2016/09/14/world/europe/reconciling-the-conflicting-aims-of-church-and-state.html,1364,By Steven Erlanger,Reconciling the Conflicting Aims of Church and State,Special Report: Democracy 2016,Reconciling the Conflicting Aims of Church and State,"Queen Elizabeth II meeting the former archbishop of Canterbury, the Most Rev. Rowan Williams, left, and other religious leaders during the queen’s Diamond Jubilee in 2012. She is the head of state of a secular nation, but also the head of the state religion, the Church of England.",Matt Dunham/Associated Press,https://static01.nyt.com/images/2016/09/14/world/14iht-demo-religion14/14iht-demo-religion14-articleLarge.jpg,407,600,https://static01.nyt.com/images/2016/09/14/world/14iht-demo-religion14/14iht-demo-religion14-thumbStandard.jpg,75,75,Reconciling the Conflicting Aims of Church and State,"Reconciling the Conflicting Aims of Church and State Liberal democracy and religious sentiment have always had an uneasy coexistence, and they probably always will. Liberal democracy and religious sentiment have always had an uneasy coexistence, and they probably always will."
"The police said a 22-year-old man with “strong, extremist beliefs inspired by ISIS” had attacked another man at a park outside Sydney.",article,nyt://article/214e9690-2374-58fb-a84c-9204bf33380c,"[{'name': 'Subject', 'value': 'Terrorism', 'rank': 1}, {'name': 'Location', 'value': 'Australia', 'rank': 2}, {'name': 'Organization', 'value': 'Islamic State in Iraq and Syria (ISIS)', 'rank': 3}, {'name': 'Location', 'value': 'Sydney (Australia)', 'rank': 4}]",Foreign,,,2016-09-11 02:18:28+00:00,World,"The police said a 22-year-old man with “strong, extremist beliefs inspired by ISIS” had attacked another man at a park outside Sydney.",The New York Times,Australia,News,nyt://article/214e9690-2374-58fb-a84c-9204bf33380c,https://www.nytimes.com/2016/09/11/world/australia/australia-isis-stabbing-sydney-minto.html,288,By Michelle Innis,Stabbing Attack in Australia Is Linked to the Islamic State,,,,,,0,0,,0,0,Stabbing Attack in Australia Is Linked to the Islamic State,"Stabbing Attack in Australia Is Linked to the Islamic State The police said a 22-year-old man with “strong, extremist beliefs inspired by ISIS” had attacked another man at a park outside Sydney. The police said a 22-year-old man with “strong, extremist beliefs inspired by ISIS” had attacked another man at a park outside Sydney."
It is the first time in an election in modern Germany that a far-right party has overtaken Ms. Merkel’s bloc of Christian Democrats and the Christian Social Union.,article,nyt://article/1c0d0865-56f7-5b96-a7f0-b960dcabe13f,"[{'name': 'Subject', 'value': 'Elections', 'rank': 1}, {'name': 'Location', 'value': 'Germany', 'rank': 2}, {'name': 'Person', 'value': 'Merkel, Angela', 'rank': 3}, {'name': 'Organization', 'value': 'Christian Democratic Union (Germany)', 'rank': 4}, {'name': 'Organization', 'value': 'Alternative for Germany', 'rank': 5}, {'name': 'Organization', 'value': 'Social Democratic Party (Austria)', 'rank': 6}, {'name': 'Subject', 'value': 'Middle East and Africa Migrant Crisis', 'rank': 7}, {'name': 'Subject', 'value': 'Refugees and Displaced Persons', 'rank': 8}, {'name': 'Location', 'value': 'Mecklenburg-West Pomerania (Germany)', 'rank': 9}]",Foreign,3,A,2016-09-03 23:43:35+00:00,World,It is the first time in an election in modern Germany that a far-right party has overtaken Ms. Merkel’s bloc of Christian Democrats and the Christian Social Union.,The New York Times,Europe,News,nyt://article/1c0d0865-56f7-5b96-a7f0-b960dcabe13f,https://www.nytimes.com/2016/09/05/world/europe/angela-merkel-germany-mecklenburg-vorpommern-elections-refugees.html,849,By Alison Smale,Far-Right Overtakes Angela Merkel’s Bloc in Her Home State,,German Far-Right Party Overtakes Merkel’s Bloc in Elections in Her Home State,"Chancellor Angela Merkel of Germany campaigned Saturday in Bad Doberan, a town in her home political state, Mecklenburg-Vorpommern.","Bernd Wuestneck/DPA, via Associated Press",https://static01.nyt.com/images/2016/09/05/world/05GERMANY/05GERMANY-articleLarge.jpg,398,600,https://static01.nyt.com/images/2016/09/05/world/05GERMANY/05GERMANY-thumbStandard.jpg,75,75,Far-Right Overtakes Angela Merkel’s Bloc in Her Home State,Far-Right Overtakes Angela Merkel’s Bloc in Her Home State It is the first time in an election in modern Germany that a far-right party has overtaken Ms. Merkel’s bloc of Christian Democrats and the Christian Social Union. It is the first time in an election in modern Germany that a far-right party has overtaken Ms. Merkel’s bloc of Christian Democrats and the Christian Social Union.
"Though a lethal drone strike demonstrates progress against the militant group, ISIS has proved to be remarkably resilient and well prepared for the succession of key figures.",article,nyt://article/f39cc49d-bb74-5242-9fc9-172d5d62df1d,"[{'name': 'Person', 'value': 'Barnard, Anne', 'rank': 1}, {'name': 'Subject', 'value': 'Terrorism', 'rank': 2}, {'name': 'Person', 'value': 'Callimachi, Rukmini Maria (1973- )', 'rank': 3}, {'name': 'Person', 'value': 'Adnani, Abu Mohammed al-', 'rank': 4}, {'name': 'Person', 'value': 'Schmitt, Eric', 'rank': 5}, {'name': 'Organization', 'value': 'Islamic State in Iraq and Syria (ISIS)', 'rank': 6}, {'name': 'Subject', 'value': 'Targeted Killings', 'rank': 7}, {'name': 'Location', 'value': 'Syria', 'rank': 8}, {'name': 'Subject', 'value': 'Drones (Pilotless Planes)', 'rank': 9}, {'name': 'Organization', 'value': 'Defense Department', 'rank': 10}, {'name': 'Subject', 'value': 'United States Defense and Military Forces', 'rank': 11}, {'name': 'Subject', 'value': 'Defense and Military Forces', 'rank': 12}, {'name': 'Person', 'value': 'Baghdadi, Abu Bakr al-', 'rank': 13}, {'name': 'Location', 'value': 'Russia', 'rank': 14}, {'name': 'Person', 'value': 'Binali, Turki al-', 'rank': 15}, {'name': 'Person', 'value': 'Luqman, Abu', 'rank': 16}]",Foreign,8,A,2016-09-01 00:57:02+00:00,World,"Though a lethal drone strike demonstrates progress against the militant group, ISIS has proved to be remarkably resilient and well prepared for the succession of key figures.",The New York Times,Middle East,News,nyt://article/f39cc49d-bb74-5242-9fc9-172d5d62df1d,https://www.nytimes.com/2016/09/01/world/middleeast/syria-isis-adnani.html,1222,"By Eric Schmitt, Rukmini Callimachi and Anne Barnard",Spokesman’s Death Will Have Islamic State Turning to Its ‘Deep Bench’,,Drone Strike Has ISIS Turning to ‘Deep Bench’,"Abu Muhammad al-Adnani, the Islamic State militant group’s spokesman, was reported killed in northern Syria by the group’s media.","SITE Intel Group, via Associated Press",https://static01.nyt.com/images/2016/09/01/world/01isis/01isis-articleLarge.jpg,338,600,https://static01.nyt.com/images/2016/09/01/world/01isis/01isis-thumbStandard.jpg,75,75,Spokesman’s Death Will Have Islamic State Turning to Its ‘Deep Bench’,"Spokesman’s Death Will Have Islamic State Turning to Its ‘Deep Bench’ Though a lethal drone strike demonstrates progress against the militant group, ISIS has proved to be remarkably resilient and well prepared for the succession of key figures. Though a lethal drone strike demonstrates progress against the militant group, ISIS has proved to be remarkably resilient and well prepared for the succession of key figures."
"A two-part study of Saudi textbooks commissioned by the State Department and conducted by the International Center for Religion and Diplomacy, a Washington research group, was finished in 2013 but was never released for fear of angering Saudi officials. The New York Times obtained a copy under the Freedom of Information Act.",interactive,nyt://interactive/7c1aca78-485a-5216-9381-156fd51d1706,[],,,,2016-08-25 08:58:37+00:00,World,"A two-part study of Saudi textbooks commissioned by the State Department and conducted by the International Center for Religion and Diplomacy, a Washington research group, was finished in 2013 but was never released for fear of angering Saudi officials. The New York Times obtained a copy under the Freedom of Information Act.",The New York Times,Middle East,Interactive Feature,nyt://interactive/7c1aca78-485a-5216-9381-156fd51d1706,https://www.nytimes.com/interactive/2016/08/17/international-home/document-state-dept-study-on-saudi-textbooks.html,0,,State Dept. Study on Saudi Textbooks,,,,,https://static01.nyt.com/images/2016/08/17/international-home/saudi-doc-promo/saudi-doc-promo-articleLarge.png,761,600,https://static01.nyt.com/images/2016/08/17/international-home/saudi-doc-promo/saudi-doc-promo-thumbStandard.png,75,75,State Dept. Study on Saudi Textbooks,"State Dept. Study on Saudi Textbooks A two-part study of Saudi textbooks commissioned by the State Department and conducted by the International Center for Religion and Diplomacy, a Washington research group, was finished in 2013 but was never released for fear of angering Saudi officials. The New York Times obtained a copy under the Freedom of Information Act. A two-part study of Saudi textbooks commissioned by the State Department and conducted by the International Center for Religion and Diplomacy, a Washington research group, was finished in 2013 but was never released for fear of angering Saudi officials. The New York Times obtained a copy under the Freedom of Information Act."
"Physical clashes involving young refugees have become a focal point in state elections, and a test of the chancellor’s push for integration.",article,nyt://article/5070f26c-028b-5b22-945d-d0dc609030cc,"[{'name': 'Person', 'value': 'Smale, Alison', 'rank': 1}, {'name': 'Subject', 'value': 'Refugees and Displaced Persons', 'rank': 2}, {'name': 'Subject', 'value': 'Middle East and Africa Migrant Crisis', 'rank': 3}, {'name': 'Person', 'value': 'Merkel, Angela', 'rank': 4}, {'name': 'Organization', 'value': 'Alternative for Germany', 'rank': 5}, {'name': 'Location', 'value': 'Rostock (Germany)', 'rank': 6}, {'name': 'Location', 'value': 'Gross Klein (Germany)', 'rank': 7}, {'name': 'Location', 'value': 'Germany', 'rank': 8}]",Foreign,6,A,2016-08-18 22:55:10+00:00,World,"Physical clashes involving young refugees have become a focal point in state elections, and a test of the chancellor’s push for integration.",The New York Times,Europe,News,nyt://article/5070f26c-028b-5b22-945d-d0dc609030cc,https://www.nytimes.com/2016/08/19/world/europe/far-right-merkel-refugee-policies-germany-home-state.html,1134,By Alison Smale,Far-Right Party Trades on Merkel’s Refugee Policies in Her Home State,,Far Right Trading on Merkel’s Refugee Policies in Her Home State,"A pedestrian bridge that connects Gross Klein, a suburb of Rostock, Germany, that has become a focal point in state elections after clashes between local youths and refugees from Afghanistan, Somalia and Syria.",Gordon Welters for The New York Times,https://static01.nyt.com/images/2016/08/18/world/xxrostock3/xxrostock3-articleLarge.jpg,400,600,https://static01.nyt.com/images/2016/08/18/world/xxrostock3/xxrostock3-thumbStandard.jpg,75,75,Far-Right Party Trades on Merkel’s Refugee Policies in Her Home State,"Far-Right Party Trades on Merkel’s Refugee Policies in Her Home State Physical clashes involving young refugees have become a focal point in state elections, and a test of the chancellor’s push for integration. Physical clashes involving young refugees have become a focal point in state elections, and a test of the chancellor’s push for integration."
"The move comes days after the prime minister denounced vigilante types of such groups, which have targeted Muslims and others suspected of killing cows, considered sacred in Hinduism.",article,nyt://article/c9727686-5c4c-5083-8c5d-ba136da68548,"[{'name': 'Subject', 'value': 'Cattle', 'rank': 1}, {'name': 'Subject', 'value': 'Caste Systems', 'rank': 2}, {'name': 'Subject', 'value': 'Vigilantes', 'rank': 3}, {'name': 'Organization', 'value': 'Save the Cow', 'rank': 4}, {'name': 'Person', 'value': 'Modi, Narendra', 'rank': 5}, {'name': 'Location', 'value': 'Haryana (India)', 'rank': 6}, {'name': 'Subject', 'value': 'Hinduism', 'rank': 7}, {'name': 'Keyword', 'value': 'Dalit', 'rank': 8}, {'name': 'Location', 'value': 'India', 'rank': 9}]",Foreign,,,2016-08-11 17:31:45+00:00,World,"The move comes days after the prime minister denounced vigilante types of such groups, which have targeted Muslims and others suspected of killing cows, considered sacred in Hinduism.",The New York Times,Asia Pacific,News,nyt://article/c9727686-5c4c-5083-8c5d-ba136da68548,https://www.nytimes.com/2016/08/12/world/asia/indian-state-to-license-cow-protection-groups-to-aid-police.html,598,By Suhasini Raj,Indian State to License Cow Protection Groups to Aid Police,,,"A Hindu woman outside a temple in Allahabad, India, on Sunday. Hindus venerate cows, and cow protection groups are suspected of attacking people of religious minorities.",Rajesh Kumar Singh/Associated Press,https://static01.nyt.com/images/2016/08/12/world/12India-web/12India-web-articleLarge.jpg,385,600,https://static01.nyt.com/images/2016/08/12/world/12India-web/12India-web-thumbStandard.jpg,75,75,Indian State to License Cow Protection Groups to Aid Police,"Indian State to License Cow Protection Groups to Aid Police The move comes days after the prime minister denounced vigilante types of such groups, which have targeted Muslims and others suspected of killing cows, considered sacred in Hinduism. The move comes days after the prime minister denounced vigilante types of such groups, which have targeted Muslims and others suspected of killing cows, considered sacred in Hinduism."
Carlos Slim built a business empire that has made him one of the world’s richest men. But Mexico’s leaders have been chipping away at his domain with regulations.,article,nyt://article/a139e1f5-2229-5a47-bf6d-8a87dd6500c9,"[{'name': 'Person', 'value': 'Slim Helu, Carlos', 'rank': 1}, {'name': 'Person', 'value': 'Malkin, Elisabeth', 'rank': 2}, {'name': 'Location', 'value': 'Mexico', 'rank': 3}, {'name': 'Person', 'value': 'Archibold, Randal C', 'rank': 4}, {'name': 'Subject', 'value': 'Telephones and Telecommunications', 'rank': 5}, {'name': 'Person', 'value': 'Ahmed, Azam', 'rank': 6}, {'name': 'Subject', 'value': 'Cellular Telephones', 'rank': 7}, {'name': 'Subject', 'value': 'Antitrust Laws and Competition Issues', 'rank': 8}]",Foreign,1,A,2016-08-09 09:00:47+00:00,World,Carlos Slim built a business empire that has made him one of the world’s richest men. But Mexico’s leaders have been chipping away at his domain with regulations.,The New York Times,Americas,News,nyt://article/a139e1f5-2229-5a47-bf6d-8a87dd6500c9,https://www.nytimes.com/2016/08/10/world/americas/mexicos-carlos-slim-helu.html,2840,"By Azam Ahmed, Randal C. Archibold and Elisabeth Malkin",Mexico’s Richest Man Confronts a New Foe: The State That Helped Make Him Rich,,Mexican Billionaire Confronts  a Onetime Friend: The State,"Carlos Slim, center, arriving for a meeting in Nicaragua last year. More than half of his cellphone company’s sales now come from outside Mexico.",Inti Ocon/Agence France-Presse — Getty Images,https://static01.nyt.com/images/2016/07/30/world/slim-web1/slim-web1-articleLarge.jpg,420,600,https://static01.nyt.com/images/2016/07/30/world/slim-web1/slim-web1-thumbStandard.jpg,75,75,Mexico’s Richest Man Confronts a New Foe: The State That Helped Make Him Rich,Mexico’s Richest Man Confronts a New Foe: The State That Helped Make Him Rich Carlos Slim built a business empire that has made him one of the world’s richest men. But Mexico’s leaders have been chipping away at his domain with regulations. Carlos Slim built a business empire that has made him one of the world’s richest men. But Mexico’s leaders have been chipping away at his domain with regulations.
"The group issued a statement saying the attacker, who wounded two police officers before being fatally shot, was its “soldier.”",article,nyt://article/77801e53-feb2-5d45-84b0-fe1a42c85228,"[{'name': 'Subject', 'value': 'Terrorism', 'rank': 1}, {'name': 'Person', 'value': 'Breeden, Aurelien', 'rank': 2}, {'name': 'Organization', 'value': 'Islamic State in Iraq and Syria (ISIS)', 'rank': 3}, {'name': 'Organization', 'value': 'Amaq News Agency', 'rank': 4}, {'name': 'Location', 'value': 'Charleroi (Belgium)', 'rank': 5}, {'name': 'Location', 'value': 'Belgium', 'rank': 6}, {'name': 'Subject', 'value': 'Attacks on Police', 'rank': 7}]",Foreign,8,A,2016-08-07 15:52:21+00:00,World,"The group issued a statement saying the attacker, who wounded two police officers before being fatally shot, was its “soldier.”",The New York Times,Europe,News,nyt://article/77801e53-feb2-5d45-84b0-fe1a42c85228,https://www.nytimes.com/2016/08/08/world/europe/islamic-state-claims-responsibility-for-belgium-machete-attack.html,365,By Aurelien Breeden,Islamic State Claims Responsibility for Belgium Machete Attack,,ISIS Claims It Was Behind Machete Attack in Belgium,,,,0,0,,0,0,Islamic State Claims Responsibility for Belgium Machete Attack,"Islamic State Claims Responsibility for Belgium Machete Attack The group issued a statement saying the attacker, who wounded two police officers before being fatally shot, was its “soldier.” The group issued a statement saying the attacker, who wounded two police officers before being fatally shot, was its “soldier.”"
A recent spate of attacks by armed groups in Mali has killed dozens and destabilized the vast desert country.,article,nyt://article/f39790e9-d2c0-5cf1-b2b7-1b6a29873cb0,"[{'name': 'Location', 'value': 'Mali', 'rank': 1}, {'name': 'Organization', 'value': 'United Nations Department of Peacekeeping Operations', 'rank': 2}, {'name': 'Subject', 'value': 'Terrorism', 'rank': 3}, {'name': 'Subject', 'value': 'Murders, Attempted Murders and Homicides', 'rank': 4}, {'name': 'Subject', 'value': 'Deaths (Fatalities)', 'rank': 5}, {'name': 'Subject', 'value': 'Defense and Military Forces', 'rank': 6}]",Foreign,,,2016-07-21 01:41:04+00:00,World,A recent spate of attacks by armed groups in Mali has killed dozens and destabilized the vast desert country.,The New York Times,Africa,News,nyt://article/f39790e9-d2c0-5cf1-b2b7-1b6a29873cb0,https://www.nytimes.com/2016/07/21/world/africa/mali-islamic-extremists.html,189,By Reuters,Mali Extends State of Emergency After 17 Soldiers Are Killed,,,,,,0,0,,0,0,Mali Extends State of Emergency After 17 Soldiers Are Killed,Mali Extends State of Emergency After 17 Soldiers Are Killed A recent spate of attacks by armed groups in Mali has killed dozens and destabilized the vast desert country. A recent spate of attacks by armed groups in Mali has killed dozens and destabilized the vast desert country.
President Recep Tayyip Erdogan said that he suspected foreign countries were involved in an attempt to topple his government.,article,nyt://article/56faf1e5-2957-5fb3-81f0-bf962677021b,"[{'name': 'Location', 'value': 'Turkey', 'rank': 1}, {'name': 'Person', 'value': 'Yeginsu, Ceylan', 'rank': 2}, {'name': 'Subject', 'value': ""Coups D'Etat and Attempted Coups D'Etat"", 'rank': 3}, {'name': 'Person', 'value': 'Hubbard, Ben', 'rank': 4}, {'name': 'Person', 'value': 'Erdogan, Recep Tayyip', 'rank': 5}, {'name': 'Person', 'value': 'Gulen, Fethullah', 'rank': 6}, {'name': 'Subject', 'value': 'Defense and Military Forces', 'rank': 7}]",Foreign,8,A,2016-07-20 16:53:30+00:00,World,President Recep Tayyip Erdogan said that he suspected foreign countries were involved in an attempt to topple his government.,The New York Times,Europe,News,nyt://article/56faf1e5-2957-5fb3-81f0-bf962677021b,https://www.nytimes.com/2016/07/21/world/europe/turkey-erdogan-gulen.html,818,By Ben Hubbard and Ceylan Yeginsu,Turkey Declares 3-Month State of Emergency,,Turkish Leader Declares a State of Emergency,President Recep Tayyip Erdogan of Turkey held an emergency meeting with his national security team in Ankara on Wednesday.,Pool photo by Kayhan Ozer,https://static01.nyt.com/images/2016/07/21/world/21turkey-web/21turkey-web-articleLarge.jpg,429,600,https://static01.nyt.com/images/2016/07/21/world/21turkey-web/21turkey-web-thumbStandard.jpg,75,75,Turkey Declares 3-Month State of Emergency,Turkey Declares 3-Month State of Emergency President Recep Tayyip Erdogan said that he suspected foreign countries were involved in an attempt to topple his government. President Recep Tayyip Erdogan said that he suspected foreign countries were involved in an attempt to topple his government.
The plot’s chief architect in the thwarted Belgian plot was also the on-the-ground coordinator in the Paris attacks in November.,article,nyt://article/e90a00e5-22a7-584d-8d14-7a87223c232d,"[{'name': 'Person', 'value': 'Rubin, Alissa Johannsen', 'rank': 1}, {'name': 'Subject', 'value': 'Terrorism', 'rank': 2}, {'name': 'Location', 'value': 'Brussels (Belgium)', 'rank': 3}, {'name': 'Organization', 'value': 'Islamic State in Iraq and Syria (ISIS)', 'rank': 4}, {'name': 'Location', 'value': 'Belgium', 'rank': 5}]",Foreign,7,A,2016-07-05 23:55:09+00:00,World,The plot’s chief architect in the thwarted Belgian plot was also the on-the-ground coordinator in the Paris attacks in November.,The New York Times,Europe,News,nyt://article/e90a00e5-22a7-584d-8d14-7a87223c232d,https://www.nytimes.com/2016/07/06/world/europe/belgian-court-jails-isis-cell-leaders.html,714,By Alissa J. Rubin,Belgian Court Jails Islamic State Cell Leaders for Foiled Plot,,Belgian Court Sentences 15 in Foiled Plot Linked to ISIS,"Belgian judge Pierre Hendrickx, center, presides over the trial of suspects in the foiled terrorist plot in the town of Verviers last year, at the Brussels Palace of Justice in Belgium on Tuesday.",Francois Lenoir/Reuters,https://static01.nyt.com/images/2016/07/06/world/06Belgium-web1/06Belgium-web1-articleLarge.jpg,400,600,https://static01.nyt.com/images/2016/07/06/world/06Belgium-web1/06Belgium-web1-thumbStandard.jpg,75,75,Belgian Court Jails Islamic State Cell Leaders for Foiled Plot,Belgian Court Jails Islamic State Cell Leaders for Foiled Plot The plot’s chief architect in the thwarted Belgian plot was also the on-the-ground coordinator in the Paris attacks in November. The plot’s chief architect in the thwarted Belgian plot was also the on-the-ground coordinator in the Paris attacks in November.
"The episode, which wounded eight people in Puchong, was thought to have been the first assault in Malaysia tied to the militant group.",article,nyt://article/61ca4628-198b-56f5-972b-a857ae8444e8,"[{'name': 'Subject', 'value': 'Terrorism', 'rank': 1}, {'name': 'Person', 'value': 'Paddock, Richard C', 'rank': 2}, {'name': 'Organization', 'value': 'Islamic State in Iraq and Syria (ISIS)', 'rank': 3}, {'name': 'Location', 'value': 'Puchong (Malaysia)', 'rank': 4}, {'name': 'Subject', 'value': 'Bars and Nightclubs', 'rank': 5}, {'name': 'Location', 'value': 'Malaysia', 'rank': 6}, {'name': 'Subject', 'value': 'Bombs and Explosives', 'rank': 7}]",Foreign,6,A,2016-07-04 13:40:04+00:00,World,"The episode, which wounded eight people in Puchong, was thought to have been the first assault in Malaysia tied to the militant group.",The New York Times,Asia Pacific,News,nyt://article/61ca4628-198b-56f5-972b-a857ae8444e8,https://www.nytimes.com/2016/07/05/world/asia/malaysia-isis-grenade-attack.html,471,By Richard C. Paddock,Malaysia Links Nightclub Attack to Islamic State,,Malaysia Links Attack on Nightclub to ISIS,"Forensic specialists investigating the explosion at a nightclub in Puchong, Malaysia, late last month that the authorities now believe was the work of Islamic State.",Ahmad Yusni/European Pressphoto Agency,https://static01.nyt.com/images/2016/07/05/world/05Malaysia-web1/05Malaysia-web1-articleLarge.jpg,400,600,https://static01.nyt.com/images/2016/07/05/world/05Malaysia-web1/05Malaysia-web1-thumbStandard.jpg,75,75,Malaysia Links Nightclub Attack to Islamic State,"Malaysia Links Nightclub Attack to Islamic State The episode, which wounded eight people in Puchong, was thought to have been the first assault in Malaysia tied to the militant group. The episode, which wounded eight people in Puchong, was thought to have been the first assault in Malaysia tied to the militant group."
The right-wing Law and Justice Party’s effort to impose its nationalist message on the state broadcaster has prompted wide concern about press freedom.,article,nyt://article/23cf731a-20e1-5f2e-8049-021b79e4a9b1,"[{'name': 'Location', 'value': 'Poland', 'rank': 1}, {'name': 'Person', 'value': 'Berendt, Joanna', 'rank': 2}, {'name': 'Subject', 'value': 'News and News Media', 'rank': 3}, {'name': 'Person', 'value': 'Smale, Alison', 'rank': 4}, {'name': 'Subject', 'value': 'Freedom of the Press', 'rank': 5}, {'name': 'Subject', 'value': 'Freedom of Speech and Expression', 'rank': 6}, {'name': 'Person', 'value': 'Kaczynski, Jaroslaw', 'rank': 7}, {'name': 'Organization', 'value': 'Law and Justice (Poland)', 'rank': 8}, {'name': 'Person', 'value': 'Maslak, Piotr', 'rank': 9}]",Foreign,5,A,2016-07-03 22:41:52+00:00,World,The right-wing Law and Justice Party’s effort to impose its nationalist message on the state broadcaster has prompted wide concern about press freedom.,The New York Times,Europe,News,nyt://article/23cf731a-20e1-5f2e-8049-021b79e4a9b1,https://www.nytimes.com/2016/07/04/world/europe/polands-conservative-government-puts-curbs-on-state-tv-news.html,1230,By Alison Smale and Joanna Berendt,Poland’s Conservative Government Puts Curbs on State TV News,,"‘Pacification’ of Polish Broadcasters Causes Exodus of Staff, and Viewers","Jaroslaw Kaczynski, the leader of the governing Law and Justice party, in June. Polish television networks have become an arena in recent battles between Polish authorities and European institutions.",Kacper Pempel/Reuters,https://static01.nyt.com/images/2016/06/30/world/30polandmedia-web2/30polandmedia-web2-articleLarge.jpg,406,600,https://static01.nyt.com/images/2016/06/30/world/30polandmedia-web2/30polandmedia-web2-thumbStandard.jpg,75,75,Poland’s Conservative Government Puts Curbs on State TV News,Poland’s Conservative Government Puts Curbs on State TV News The right-wing Law and Justice Party’s effort to impose its nationalist message on the state broadcaster has prompted wide concern about press freedom. The right-wing Law and Justice Party’s effort to impose its nationalist message on the state broadcaster has prompted wide concern about press freedom.
"Maharashtra, which is home to an estimated 3,000 of India’s 4,500 Jews, approved the application for official recognition.",article,nyt://article/79620637-f1ed-520a-9459-1efb5a9f50e7,"[{'name': 'Subject', 'value': 'Jews and Judaism', 'rank': 1}, {'name': 'Location', 'value': 'Maharashtra (India)', 'rank': 2}, {'name': 'Subject', 'value': 'Minorities', 'rank': 3}, {'name': 'Person', 'value': 'Samuel, Judah', 'rank': 4}, {'name': 'Person', 'value': 'Sopher, Solomon F', 'rank': 5}]",Foreign,,,2016-06-22 20:32:34+00:00,World,"Maharashtra, which is home to an estimated 3,000 of India’s 4,500 Jews, approved the application for official recognition.",The New York Times,Asia Pacific,News,nyt://article/79620637-f1ed-520a-9459-1efb5a9f50e7,https://www.nytimes.com/2016/06/23/world/asia/jews-maharashtra-state-india.html,419,By Ayesha Venkataraman,Maharashtra State in India Grants Jews Minority Status,,,,,,0,0,,0,0,Maharashtra State in India Grants Jews Minority Status,"Maharashtra State in India Grants Jews Minority Status Maharashtra, which is home to an estimated 3,000 of India’s 4,500 Jews, approved the application for official recognition. Maharashtra, which is home to an estimated 3,000 of India’s 4,500 Jews, approved the application for official recognition."
A memo issued last week that criticizes the Obama administration’s Syria policy is written in language that can be difficult to parse. Here’s what it means.,article,nyt://article/0e26146c-4727-597f-a0e7-4ab9f0c22202,"[{'name': 'Location', 'value': 'Syria', 'rank': 1}, {'name': 'Subject', 'value': 'United States International Relations', 'rank': 2}, {'name': 'Subject', 'value': 'United States Politics and Government', 'rank': 3}, {'name': 'Subject', 'value': 'United States Defense and Military Forces', 'rank': 4}, {'name': 'Person', 'value': 'Obama, Barack', 'rank': 5}, {'name': 'Person', 'value': 'Assad, Bashar al-', 'rank': 6}, {'name': 'Subject', 'value': 'No-Fly Zones', 'rank': 7}]",Foreign,,,2016-06-22 15:25:27+00:00,World,A memo issued last week that criticizes the Obama administration’s Syria policy is written in language that can be difficult to parse. Here’s what it means.,The New York Times,Middle East,News,nyt://article/0e26146c-4727-597f-a0e7-4ab9f0c22202,https://www.nytimes.com/2016/06/23/world/middleeast/syria-assad-obama-diplomats-memo.html,2607,By Max Fisher,The State Department’s Dissent Memo on Syria: An Explanation,The Interpreter,,"President Obama at a White House briefing on Aug. 20, 2012. It was during this briefing that Mr. Obama warned of consequences if President Bashar al-Assad of Syria crossed a “red line.”",Luke Sharrett for The New York Times,https://static01.nyt.com/images/2016/06/22/world/22ANNOTATION-web1/22ANNOTATION-web1-articleLarge.jpg,400,600,https://static01.nyt.com/images/2016/06/22/world/22ANNOTATION-web1/22ANNOTATION-web1-thumbStandard.jpg,75,75,The State Department’s Dissent Memo on Syria: An Explanation,The State Department’s Dissent Memo on Syria: An Explanation A memo issued last week that criticizes the Obama administration’s Syria policy is written in language that can be difficult to parse. Here’s what it means. A memo issued last week that criticizes the Obama administration’s Syria policy is written in language that can be difficult to parse. Here’s what it means.
"In a draft version of a dissent memo filed with the State Department's senior leadership, dozens of diplomats and other mid-level officials called for military strikes against President Bashar al-Assad of Syria.",interactive,nyt://interactive/aaa89754-0219-5459-9d62-78adc55a426b,"[{'name': 'Subject', 'value': 'International Relations', 'rank': 1}, {'name': 'Organization', 'value': 'State Department', 'rank': 2}, {'name': 'Person', 'value': 'Assad, Bashar al-', 'rank': 3}, {'name': 'Location', 'value': 'Syria', 'rank': 4}]",,,,2016-06-18 00:07:11+00:00,World,"In a draft version of a dissent memo filed with the State Department's senior leadership, dozens of diplomats and other mid-level officials called for military strikes against President Bashar al-Assad of Syria.",The New York Times,Middle East,Interactive Feature,nyt://interactive/aaa89754-0219-5459-9d62-78adc55a426b,https://www.nytimes.com/interactive/2016/06/17/world/middleeast/document-state-dept-syria.html,0,,State Department Draft Dissent Memo on Syria,,,,,https://static01.nyt.com/images/2016/06/17/world/middleeast/image-state-dept-syria/image-state-dept-syria-articleLarge.gif,464,600,https://static01.nyt.com/images/2016/06/17/world/middleeast/image-state-dept-syria/image-state-dept-syria-thumbStandard.gif,75,75,State Department Draft Dissent Memo on Syria,"State Department Draft Dissent Memo on Syria In a draft version of a dissent memo filed with the State Department's senior leadership, dozens of diplomats and other mid-level officials called for military strikes against President Bashar al-Assad of Syria. In a draft version of a dissent memo filed with the State Department's senior leadership, dozens of diplomats and other mid-level officials called for military strikes against President Bashar al-Assad of Syria."
"Hundreds have been sickened by tainted fish up and down the coast from a new steel plant, and escalating protests have grown into a test of government accountability.",article,nyt://article/b3a6d233-5773-59e5-adab-9e43915c6feb,"[{'name': 'Subject', 'value': 'Water Pollution', 'rank': 1}, {'name': 'Person', 'value': 'Paddock, Richard C', 'rank': 2}, {'name': 'Subject', 'value': 'Chemicals', 'rank': 3}, {'name': 'Subject', 'value': 'Hazardous and Toxic Substances', 'rank': 4}, {'name': 'Subject', 'value': 'Demonstrations, Protests and Riots', 'rank': 5}, {'name': 'Subject', 'value': 'Fish and Other Marine Life', 'rank': 6}, {'name': 'Subject', 'value': 'Fishing, Commercial', 'rank': 7}, {'name': 'Location', 'value': 'Vietnam', 'rank': 8}, {'name': 'Organization', 'value': 'Formosa Ha Tinh Steel Corp', 'rank': 9}, {'name': 'Location', 'value': 'Nhan Trach (Vietnam)', 'rank': 10}, {'name': 'Subject', 'value': 'Steel and Iron', 'rank': 11}, {'name': 'Subject', 'value': 'Environment', 'rank': 12}, {'name': 'Location', 'value': 'Taiwan', 'rank': 13}, {'name': 'Subject', 'value': 'Factories and Manufacturing', 'rank': 14}]",Foreign,6,A,2016-06-08 12:14:46+00:00,World,"Hundreds have been sickened by tainted fish up and down the coast from a new steel plant, and escalating protests have grown into a test of government accountability.",The New York Times,Asia Pacific,News,nyt://article/b3a6d233-5773-59e5-adab-9e43915c6feb,https://www.nytimes.com/2016/06/09/world/asia/vietnam-fish-kill.html,1399,By Richard C. Paddock,Toxic Fish in Vietnam Idle a Local Industry and Challenge the State,,Sickness and Unrest Rise From Tainted Fish in Vietnam,"Dead fish on a beach in the central province of Quang Binh, Vietnam. Pollution from a nearby steel plant is suspected in the die-off, and protests across the country are testing the government.",Agence France-Presse — Getty Images,https://static01.nyt.com/images/2016/05/31/world/06VIETNAM-web1/06VIETNAM-web1-articleLarge.jpg,400,600,https://static01.nyt.com/images/2016/05/31/world/06VIETNAM-web1/06VIETNAM-web1-thumbStandard.jpg,75,75,Toxic Fish in Vietnam Idle a Local Industry and Challenge the State,"Toxic Fish in Vietnam Idle a Local Industry and Challenge the State Hundreds have been sickened by tainted fish up and down the coast from a new steel plant, and escalating protests have grown into a test of government accountability. Hundreds have been sickened by tainted fish up and down the coast from a new steel plant, and escalating protests have grown into a test of government accountability."
The Islamic State is increasing taxes and punishments to make up for revenue losses.,interactive,nyt://interactive/4b84cd6c-b82c-5189-93d8-67d365aa09c6,"[{'name': 'Organization', 'value': 'Islamic State in Iraq and Syria (ISIS)', 'rank': 1}, {'name': 'Subject', 'value': 'Fines (Penalties)', 'rank': 2}, {'name': 'Location', 'value': 'Iraq', 'rank': 3}, {'name': 'Location', 'value': 'Syria', 'rank': 4}]",,,,2016-05-26 14:29:34+00:00,World,The Islamic State is increasing taxes and punishments to make up for revenue losses.,The New York Times,Middle East,Interactive Feature,nyt://interactive/4b84cd6c-b82c-5189-93d8-67d365aa09c6,https://www.nytimes.com/interactive/2016/05/26/world/middleeast/isis-taxes-fines-revenue.html,0,By SARAH ALMUKHTAR,"Life Under the Islamic State: Fines, Taxes and Punishments",,,,,https://static01.nyt.com/images/2016/05/26/world/middleeast/isis-taxes-fines-revenue-1464271449369/isis-taxes-fines-revenue-1464271449369-articleLarge-v5.png,300,600,https://static01.nyt.com/images/2016/05/26/world/middleeast/isis-taxes-fines-revenue-1464271449369/isis-taxes-fines-revenue-1464271449369-thumbStandard-v4.png,75,75,"Life Under the Islamic State: Fines, Taxes and Punishments","Life Under the Islamic State: Fines, Taxes and Punishments The Islamic State is increasing taxes and punishments to make up for revenue losses. The Islamic State is increasing taxes and punishments to make up for revenue losses."
"The party, led by Prime Minister Narendra Modi, made inroads in the country’s northeast after disappointing results in previous elections.",article,nyt://article/cd11ac45-5802-5606-bf2f-e612103dda8e,"[{'name': 'Subject', 'value': 'Elections', 'rank': 1}, {'name': 'Organization', 'value': 'Bharatiya Janata Party', 'rank': 2}, {'name': 'Organization', 'value': 'Indian National Congress', 'rank': 3}, {'name': 'Location', 'value': 'India', 'rank': 4}, {'name': 'Person', 'value': 'Modi, Narendra', 'rank': 5}, {'name': 'Location', 'value': 'Assam State (India)', 'rank': 6}, {'name': 'Subject', 'value': 'Legislatures and Parliaments', 'rank': 7}]",Foreign,8,A,2016-05-19 17:37:58+00:00,World,"The party, led by Prime Minister Narendra Modi, made inroads in the country’s northeast after disappointing results in previous elections.",The New York Times,Asia Pacific,News,nyt://article/cd11ac45-5802-5606-bf2f-e612103dda8e,https://www.nytimes.com/2016/05/20/world/asia/modi-india-assembly-elections.html,432,By Nida Najar,Bharatiya Janata Party Rebounds in Indian State Elections,,Party Led by India’s Prime Minister Rebounds in State Elections,"Sarbananda Sonwal, front, the Bharatiya Janata Party’s candidate to lead Assam state, after his party’s victory on Thursday.",Biju Boro/Agence France-Presse — Getty Images,https://static01.nyt.com/images/2016/05/20/world/20India-web/20India-web-articleLarge.jpg,400,600,https://static01.nyt.com/images/2016/05/20/world/20India-web/20India-web-thumbStandard.jpg,75,75,Bharatiya Janata Party Rebounds in Indian State Elections,"Bharatiya Janata Party Rebounds in Indian State Elections The party, led by Prime Minister Narendra Modi, made inroads in the country’s northeast after disappointing results in previous elections. The party, led by Prime Minister Narendra Modi, made inroads in the country’s northeast after disappointing results in previous elections."
"The extension, the third since the attacks in and around Paris on Nov. 13, will cover two major sporting events this summer, including the Euro 2016 soccer tournament.",article,nyt://article/4497ec96-9805-5dc1-a9d4-440bb2fc1fe4,"[{'name': 'Person', 'value': 'Breeden, Aurelien', 'rank': 1}, {'name': 'Location', 'value': 'France', 'rank': 2}, {'name': 'Subject', 'value': 'UEFA European Football Championship', 'rank': 3}, {'name': 'Subject', 'value': 'Tour de France (Bicycle Race)', 'rank': 4}, {'name': 'Subject', 'value': 'Paris Attacks (November 2015)', 'rank': 5}, {'name': 'Subject', 'value': 'Terrorism', 'rank': 6}, {'name': 'Subject', 'value': 'Legislatures and Parliaments', 'rank': 7}, {'name': 'Subject', 'value': 'Soccer', 'rank': 8}, {'name': 'Subject', 'value': 'Bicycles and Bicycling', 'rank': 9}]",Foreign,7,A,2016-05-19 15:56:56+00:00,World,"The extension, the third since the attacks in and around Paris on Nov. 13, will cover two major sporting events this summer, including the Euro 2016 soccer tournament.",The New York Times,Europe,News,nyt://article/4497ec96-9805-5dc1-a9d4-440bb2fc1fe4,https://www.nytimes.com/2016/05/20/world/europe/french-parliament-votes-to-extend-state-of-emergency.html,538,By Aurelien Breeden,French Parliament Votes to Extend State of Emergency,,France Again Extends Its State of Emergency,"President François Hollande declared a state of emergency in France on Nov. 14, 2015.",Gonzalo Fuentes/Agence France-Presse &mdash; Getty Images,https://static01.nyt.com/images/2016/05/20/world/FRANCE/FRANCE-articleLarge.jpg,841,600,https://static01.nyt.com/images/2016/05/20/world/FRANCE/FRANCE-thumbStandard.jpg,75,75,French Parliament Votes to Extend State of Emergency,"French Parliament Votes to Extend State of Emergency The extension, the third since the attacks in and around Paris on Nov. 13, will cover two major sporting events this summer, including the Euro 2016 soccer tournament. The extension, the third since the attacks in and around Paris on Nov. 13, will cover two major sporting events this summer, including the Euro 2016 soccer tournament."
"As the Islamic State loses territory, it is shifting to insurgent tactics in Baghdad.",interactive,nyt://interactive/8085bd7b-f390-5d87-98e3-427e6e13d622,"[{'name': 'Location', 'value': 'Iraq', 'rank': 1}, {'name': 'Location', 'value': 'Baghdad (Iraq)', 'rank': 2}, {'name': 'Organization', 'value': 'Islamic State in Iraq and Syria (ISIS)', 'rank': 3}, {'name': 'Subject', 'value': 'Bombs and Explosives', 'rank': 4}, {'name': 'Subject', 'value': 'Terrorism', 'rank': 5}, {'name': 'Subject', 'value': 'Deaths (Fatalities)', 'rank': 6}]",,,,2016-05-18 23:27:32+00:00,World,"As the Islamic State loses territory, it is shifting to insurgent tactics in Baghdad.",The New York Times,Middle East,Interactive Feature,nyt://interactive/8085bd7b-f390-5d87-98e3-427e6e13d622,https://www.nytimes.com/interactive/2016/05/18/world/middleeast/baghdad-attacks-isis-map.html,0,By SARAH ALMUKHTAR and DEREK WATKINS,Major Islamic State Attacks in Baghdad,,,,,https://static01.nyt.com/images/2016/05/18/world/middleeast/baghdad-attacks-isis-map-1463613210721/baghdad-attacks-isis-map-1463613210721-articleLarge-v2.png,400,600,https://static01.nyt.com/images/2016/05/18/world/middleeast/baghdad-attacks-isis-map-1463613210721/baghdad-attacks-isis-map-1463613210721-thumbStandard-v4.png,75,75,Major Islamic State Attacks in Baghdad,"Major Islamic State Attacks in Baghdad As the Islamic State loses territory, it is shifting to insurgent tactics in Baghdad. As the Islamic State loses territory, it is shifting to insurgent tactics in Baghdad."
"A video of a garden party, which has been posted online, included an exchange in which the queen had sharp words for the officials’ behavior last year.",article,nyt://article/7ea1b36d-104d-53d4-9c2c-6b9868dac063,"[{'name': 'Person', 'value': 'Elizabeth II, Queen of Great Britain', 'rank': 1}, {'name': 'Location', 'value': 'Great Britain', 'rank': 2}, {'name': 'Location', 'value': 'China', 'rank': 3}, {'name': 'Subject', 'value': 'Diplomatic Service, Embassies and Consulates', 'rank': 4}, {'name': 'Subject', 'value': 'Customs, Etiquette and Manners', 'rank': 5}, {'name': 'Person', 'value': 'Xi Jinping', 'rank': 6}, {'name': 'Person', 'value': ""D'Orsi, Lucy (1969- )"", 'rank': 7}, {'name': 'Subject', 'value': 'International Relations', 'rank': 8}]",Foreign,4,A,2016-05-11 07:23:27+00:00,World,"A video of a garden party, which has been posted online, included an exchange in which the queen had sharp words for the officials’ behavior last year.",The New York Times,Asia Pacific,News,nyt://article/7ea1b36d-104d-53d4-9c2c-6b9868dac063,https://www.nytimes.com/2016/05/12/world/asia/china-britain-queen-xi-jinping.html,664,By Edward Wong,Queen Elizabeth II Says Chinese Officials Were ‘Very Rude’ on State Visit,Sinosphere,Queen Says Chinese Were ‘Very Rude’ on State Visit,,"John Stillwell/WPA, via Getty Images",https://static01.nyt.com/images/2016/05/11/multimedia/12chinaengland-queen/12chinaengland-queen-articleLarge.jpg,1043,600,https://static01.nyt.com/images/2016/05/11/multimedia/12chinaengland-queen/12chinaengland-queen-thumbStandard.jpg,75,75,Queen Elizabeth II Says Chinese Officials Were ‘Very Rude’ on State Visit,"Queen Elizabeth II Says Chinese Officials Were ‘Very Rude’ on State Visit A video of a garden party, which has been posted online, included an exchange in which the queen had sharp words for the officials’ behavior last year. A video of a garden party, which has been posted online, included an exchange in which the queen had sharp words for the officials’ behavior last year."
"Immigration officials in Sarawak, on the island of Borneo, refused to let Ms. Nurul Izzah, an opposition member of Parliament, enter.",article,nyt://article/6a7b0029-7c40-5f88-b301-5db849d274bb,"[{'name': 'Person', 'value': 'Paddock, Richard C', 'rank': 1}, {'name': 'Person', 'value': 'Nural Izzah Anwar', 'rank': 2}, {'name': 'Person', 'value': 'Nurul Izzah Anwar', 'rank': 3}, {'name': 'Person', 'value': 'Najib Razak', 'rank': 4}, {'name': 'Person', 'value': 'Adenan Satem', 'rank': 5}, {'name': 'Person', 'value': 'Adenan Satem (1944- )', 'rank': 6}, {'name': 'Location', 'value': 'Malaysia', 'rank': 7}, {'name': 'Location', 'value': 'Sarawak (Malaysia)', 'rank': 8}, {'name': 'Subject', 'value': 'Elections', 'rank': 9}, {'name': 'Subject', 'value': 'Deportation', 'rank': 10}]",Foreign,7,A,2016-05-03 13:36:05+00:00,World,"Immigration officials in Sarawak, on the island of Borneo, refused to let Ms. Nurul Izzah, an opposition member of Parliament, enter.",The New York Times,Asia Pacific,News,nyt://article/6a7b0029-7c40-5f88-b301-5db849d274bb,https://www.nytimes.com/2016/05/04/world/asia/malaysia-sarawak-election.html,658,By Richard C. Paddock,Malaysian State Bars Lawmaker Nurul Izzah Anwar From Campaigning,,Malaysian State Bars Opposition Candidate From Campaigning,"Nurul Izzah Anwar at a rally in Kuala Lumpur last year. For Malaysian opposition leaders, restrictions on campaigning before Saturday’s state election are part of the frustration of going up against Prime Minister Najib Razak.",Fazry Ismail/European Pressphoto Agency,https://static01.nyt.com/images/2016/05/04/world/04malaysia/04malaysia-articleLarge.jpg,400,600,https://static01.nyt.com/images/2016/05/04/world/04malaysia/04malaysia-thumbStandard.jpg,75,75,Malaysian State Bars Lawmaker Nurul Izzah Anwar From Campaigning,"Malaysian State Bars Lawmaker Nurul Izzah Anwar From Campaigning Immigration officials in Sarawak, on the island of Borneo, refused to let Ms. Nurul Izzah, an opposition member of Parliament, enter. Immigration officials in Sarawak, on the island of Borneo, refused to let Ms. Nurul Izzah, an opposition member of Parliament, enter."
"The suspects, accused of cheating mainland Chinese by telephone from a base in Kenya, were deported to China this month, stirring concern in Taiwan.",article,nyt://article/aafed1cd-66f3-515d-9626-119d4be6a3ab,"[{'name': 'Subject', 'value': 'Frauds and Swindling', 'rank': 1}, {'name': 'Subject', 'value': 'Deportation', 'rank': 2}, {'name': 'Location', 'value': 'China', 'rank': 3}, {'name': 'Location', 'value': 'Taiwan', 'rank': 4}, {'name': 'Location', 'value': 'Kenya', 'rank': 5}, {'name': 'Subject', 'value': 'Telephones and Telecommunications', 'rank': 6}]",Foreign,,,2016-04-22 09:43:00+00:00,World,"The suspects, accused of cheating mainland Chinese by telephone from a base in Kenya, were deported to China this month, stirring concern in Taiwan.",The New York Times,Asia Pacific,News,nyt://article/aafed1cd-66f3-515d-9626-119d4be6a3ab,https://www.nytimes.com/2016/04/23/world/asia/taiwan-wire-fraud-suspects-china.html,377,By Austin Ramzy,"Fraud Suspects From Taiwan Have Confessed, Chinese State Media Reports",,,People accused of telephone fraud arriving in Beijing after being deported from Kenya.,"Yin Gang/Xinhua, via Reuters",https://static01.nyt.com/images/2016/04/23/world/23TAIWAN-web1/23TAIWAN-web1-articleLarge.jpg,400,600,https://static01.nyt.com/images/2016/04/23/world/23TAIWAN-web1/23TAIWAN-web1-thumbStandard.jpg,75,75,"Fraud Suspects From Taiwan Have Confessed, Chinese State Media Reports","Fraud Suspects From Taiwan Have Confessed, Chinese State Media Reports The suspects, accused of cheating mainland Chinese by telephone from a base in Kenya, were deported to China this month, stirring concern in Taiwan. The suspects, accused of cheating mainland Chinese by telephone from a base in Kenya, were deported to China this month, stirring concern in Taiwan."
Syrian government recaptured Qaryatain from retreating Islamic State militants who had abducted and terrorized dozens of Christian residents there.,article,nyt://article/2270ce07-9bb3-5e63-bd7d-f8b4b72396f6,"[{'name': 'Location', 'value': 'Syria', 'rank': 1}, {'name': 'Organization', 'value': 'Islamic State in Iraq and Syria (ISIS)', 'rank': 2}, {'name': 'Location', 'value': 'Qaryatain (Syria)', 'rank': 3}]",Foreign,6,A,2016-04-05 00:14:30+00:00,World,Syrian government recaptured Qaryatain from retreating Islamic State militants who had abducted and terrorized dozens of Christian residents there.,The New York Times,Middle East,Brief,nyt://article/2270ce07-9bb3-5e63-bd7d-f8b4b72396f6,https://www.nytimes.com/2016/04/05/world/middleeast/syria-town-retaken-from-islamic-state.html,119,By The Associated Press,Syria: Town Retaken From Islamic State,World Briefing,Middle East; Syria: Town Retaken From Islamic State,,,,0,0,,0,0,Syria: Town Retaken From Islamic State,Syria: Town Retaken From Islamic State Syrian government recaptured Qaryatain from retreating Islamic State militants who had abducted and terrorized dozens of Christian residents there. Syrian government recaptured Qaryatain from retreating Islamic State militants who had abducted and terrorized dozens of Christian residents there.
"Myanmar’s departing government has lifted a nearly four-year curfew in Rakhine, where clashes between Rohingya Muslims and Buddhists left more than 200 people dead.",article,nyt://article/95fd236a-9f12-5c76-b83b-624a7eeb3ab6,"[{'name': 'Location', 'value': 'Myanmar', 'rank': 1}, {'name': 'Subject', 'value': 'Curfews', 'rank': 2}, {'name': 'Subject', 'value': 'Rohingya (Ethnic Group)', 'rank': 3}, {'name': 'Person', 'value': 'Thein Sein', 'rank': 4}]",Foreign,6,A,2016-03-30 00:40:14+00:00,World,"Myanmar’s departing government has lifted a nearly four-year curfew in Rakhine, where clashes between Rohingya Muslims and Buddhists left more than 200 people dead.",The New York Times,Asia Pacific,Brief,nyt://article/95fd236a-9f12-5c76-b83b-624a7eeb3ab6,https://www.nytimes.com/2016/03/30/world/asia/myanmar-state-curfew-is-lifted.html,78,By The Associated Press,Myanmar: State Curfew Is Lifted,World Briefing,Asia; Myanmar: State Curfew Is Lifted,,,,0,0,,0,0,Myanmar: State Curfew Is Lifted,"Myanmar: State Curfew Is Lifted Myanmar’s departing government has lifted a nearly four-year curfew in Rakhine, where clashes between Rohingya Muslims and Buddhists left more than 200 people dead. Myanmar’s departing government has lifted a nearly four-year curfew in Rakhine, where clashes between Rohingya Muslims and Buddhists left more than 200 people dead."
"Amid rising concerns about extremism, a 28-year-old petition supporting secularism has been revived, and the country’s Supreme Court is to hear the challenge on Sunday.",article,nyt://article/199dac89-eb71-5f09-b6d0-3f31c5b697b0,"[{'name': '', 'value': '', 'rank': 1}, {'name': 'Location', 'value': 'Bangladesh', 'rank': 2}, {'name': 'Subject', 'value': 'Muslims and Islam', 'rank': 3}, {'name': 'Subject', 'value': 'Constitutions', 'rank': 4}, {'name': 'Subject', 'value': 'Religion-State Relations', 'rank': 5}, {'name': 'Organization', 'value': 'Bangladesh Awami League', 'rank': 6}]",Foreign,10,A,2016-03-26 00:07:22+00:00,World,"Amid rising concerns about extremism, a 28-year-old petition supporting secularism has been revived, and the country’s Supreme Court is to hear the challenge on Sunday.",The New York Times,Asia Pacific,News,nyt://article/199dac89-eb71-5f09-b6d0-3f31c5b697b0,https://www.nytimes.com/2016/03/26/world/asia/a-revived-challenge-to-islam-as-bangladeshs-state-religion-goes-to-court.html,695,By Maher Sattar,A Revived Challenge to Islam as Bangladesh’s State Religion Goes to Court,,A Revived Challenge to Islam as Bangladesh&#8217;s State Religion Goes to Court ,"Thousands of Muslim devotees rallied in Dhaka, the capital of Bangladesh, on Friday to denounce a court petition seeking to remove Islam as the country’s state religion.",A.M. Ahad/Associated Press,https://static01.nyt.com/images/2016/03/26/world/26dhaka/26dhaka-articleLarge.jpg,400,600,https://static01.nyt.com/images/2016/03/26/world/26dhaka/26dhaka-thumbStandard.jpg,75,75,A Revived Challenge to Islam as Bangladesh’s State Religion Goes to Court,"A Revived Challenge to Islam as Bangladesh’s State Religion Goes to Court Amid rising concerns about extremism, a 28-year-old petition supporting secularism has been revived, and the country’s Supreme Court is to hear the challenge on Sunday. Amid rising concerns about extremism, a 28-year-old petition supporting secularism has been revived, and the country’s Supreme Court is to hear the challenge on Sunday."
"The test of the design, a solid-fuel rocket engine, would decrease the time needed to prepare the launch of a missile, defense officials said.",article,nyt://article/350d5340-ca9c-510f-9731-332d26c7d9d5,"[{'name': 'Person', 'value': 'Sang-hun, Choe', 'rank': 1}, {'name': 'Location', 'value': 'North Korea', 'rank': 2}, {'name': 'Subject', 'value': 'Nuclear Weapons', 'rank': 3}, {'name': 'Location', 'value': 'South Korea', 'rank': 4}, {'name': 'Subject', 'value': 'Missiles and Missile Defense Systems', 'rank': 5}, {'name': 'Person', 'value': 'Kim Jong-un', 'rank': 6}, {'name': 'Person', 'value': 'Park Geun-hye', 'rank': 7}]",Foreign,8,A,2016-03-24 08:35:48+00:00,World,"The test of the design, a solid-fuel rocket engine, would decrease the time needed to prepare the launch of a missile, defense officials said.",The New York Times,Asia Pacific,News,nyt://article/350d5340-ca9c-510f-9731-332d26c7d9d5,https://www.nytimes.com/2016/03/25/world/asia/north-korea-solid-fuel-rocket-engine.html,547,By Choe Sang-Hun,"North Korea Tests New Rocket Engine, State Media Says",,World Briefing | Asia; North Korea: New Rocket Engine Tested,"Travelers at a train station in Seoul, South Korea, watching a broadcast of the North Korean leader, Kim Jong-un, observing what the North called a test of new solid-fuel rocket engine.",Ahn Young-Joon/Associated Press,https://static01.nyt.com/images/2016/03/25/world/25KOREA-web1/25KOREA-web1-articleLarge.jpg,388,600,https://static01.nyt.com/images/2016/03/25/world/25KOREA-web1/25KOREA-web1-thumbStandard.jpg,75,75,"North Korea Tests New Rocket Engine, State Media Says","North Korea Tests New Rocket Engine, State Media Says The test of the design, a solid-fuel rocket engine, would decrease the time needed to prepare the launch of a missile, defense officials said. The test of the design, a solid-fuel rocket engine, would decrease the time needed to prepare the launch of a missile, defense officials said."
"In a report to Congress seen, the department said it was “gravely concerned” about abuses against the Rohingya, but it did not constitute genocide.",article,nyt://article/905b393b-fc59-59c6-b370-0b329fd676d0,"[{'name': 'Location', 'value': 'Myanmar', 'rank': 1}, {'name': 'Subject', 'value': 'Rohingya (Ethnic Group)', 'rank': 2}, {'name': 'Subject', 'value': 'War Crimes, Genocide and Crimes Against Humanity', 'rank': 3}, {'name': 'Organization', 'value': 'State Department', 'rank': 4}, {'name': 'Subject', 'value': 'Human Rights and Human Rights Violations', 'rank': 5}]",Foreign,6,A,2016-03-22 01:05:45+00:00,World,"In a report to Congress seen, the department said it was “gravely concerned” about abuses against the Rohingya, but it did not constitute genocide.",The New York Times,Asia Pacific,Brief,nyt://article/905b393b-fc59-59c6-b370-0b329fd676d0,https://www.nytimes.com/2016/03/22/world/asia/myanmar-state-dept-says-persecution-of-muslims-does-not-rise-to-genocide.html,92,By Reuters,Myanmar: State Dept. Says Persecution of Muslims Does Not Rise to Genocide,World Briefing,Asia; Myanmar: State Dept. Says Persecution of Muslims Does Not Rise to Genocide,,,,0,0,,0,0,Myanmar: State Dept. Says Persecution of Muslims Does Not Rise to Genocide,"Myanmar: State Dept. Says Persecution of Muslims Does Not Rise to Genocide In a report to Congress seen, the department said it was “gravely concerned” about abuses against the Rohingya, but it did not constitute genocide. In a report to Congress seen, the department said it was “gravely concerned” about abuses against the Rohingya, but it did not constitute genocide."
The assault on a coalition base in the north resulted in the second combat death for the United States since it first struck ISIS in 2014.,article,nyt://article/e386db26-bd50-5de5-b9b2-b187879bf518,"[{'name': 'Subject', 'value': 'United States Defense and Military Forces', 'rank': 1}, {'name': 'Subject', 'value': 'United States International Relations', 'rank': 2}, {'name': 'Organization', 'value': 'Islamic State in Iraq and Syria (ISIS)', 'rank': 3}, {'name': 'Organization', 'value': 'Defense Department', 'rank': 4}, {'name': 'Organization', 'value': 'United States Marine Corps', 'rank': 5}, {'name': 'Location', 'value': 'Iraq', 'rank': 6}]",Foreign,,,2016-03-19 22:28:33+00:00,World,The assault on a coalition base in the north resulted in the second combat death for the United States since it first struck ISIS in 2014.,The New York Times,Middle East,News,nyt://article/e386db26-bd50-5de5-b9b2-b187879bf518,https://www.nytimes.com/2016/03/20/world/middleeast/us-marine-killed-by-islamic-state-rocket-attack-in-iraq.html,267,By Emmarie Huetteman,U.S. Marine Killed by Islamic State Rocket Attack in Iraq,,,,,,0,0,,0,0,U.S. Marine Killed by Islamic State Rocket Attack in Iraq,U.S. Marine Killed by Islamic State Rocket Attack in Iraq The assault on a coalition base in the north resulted in the second combat death for the United States since it first struck ISIS in 2014. The assault on a coalition base in the north resulted in the second combat death for the United States since it first struck ISIS in 2014.
"In giving a far-right party up to a quarter of the vote, Germans let their chancellor know they are not happy with how the refugee crisis is being handled.",article,nyt://article/28ff2e0d-b0f6-564f-9d70-13d69eb7d47f,"[{'name': 'Location', 'value': 'Germany', 'rank': 1}, {'name': 'Person', 'value': 'Smale, Alison', 'rank': 2}, {'name': 'Subject', 'value': 'Middle East and Africa Migrant Crisis', 'rank': 3}, {'name': 'Person', 'value': 'Merkel, Angela', 'rank': 4}, {'name': 'Organization', 'value': 'Alternative for Germany', 'rank': 5}, {'name': 'Subject', 'value': 'Elections', 'rank': 6}]",Foreign,4,A,2016-03-14 21:42:08+00:00,World,"In giving a far-right party up to a quarter of the vote, Germans let their chancellor know they are not happy with how the refugee crisis is being handled.",The New York Times,Europe,News Analysis,nyt://article/28ff2e0d-b0f6-564f-9d70-13d69eb7d47f,https://www.nytimes.com/2016/03/15/world/europe/german-state-elections-point-to-vulnerability-for-angela-merkel.html,1048,By Alison Smale,German State Elections Point to Vulnerability for Angela Merkel,News Analysis,German State Elections Point to Growing Vulnerabilities for Merkel,,Carsten Koall/Getty Images,https://static01.nyt.com/images/2016/03/15/world/15Germany-video/15Germany-video-articleLarge.jpg,338,600,https://static01.nyt.com/images/2016/03/15/world/15Germany-video/15Germany-video-thumbStandard.jpg,75,75,German State Elections Point to Vulnerability for Angela Merkel,"German State Elections Point to Vulnerability for Angela Merkel In giving a far-right party up to a quarter of the vote, Germans let their chancellor know they are not happy with how the refugee crisis is being handled. In giving a far-right party up to a quarter of the vote, Germans let their chancellor know they are not happy with how the refugee crisis is being handled."
"The state government promised to introduce a bill to grant coveted “backward” status to the Jats, whose protests had choked New Delhi’s water supply.",article,nyt://article/7b01a458-aa7a-56fd-ad67-b17ac4307c5d,"[{'name': 'Person', 'value': 'Najar, Nida', 'rank': 1}, {'name': 'Location', 'value': 'India', 'rank': 2}, {'name': 'Person', 'value': 'Anand, Geeta', 'rank': 3}, {'name': 'Subject', 'value': 'Demonstrations, Protests and Riots', 'rank': 4}, {'name': 'Subject', 'value': 'Caste Systems', 'rank': 5}, {'name': 'Subject', 'value': 'Affirmative Action', 'rank': 6}, {'name': 'Location', 'value': 'Delhi (India)', 'rank': 7}, {'name': 'Location', 'value': 'Haryana (India)', 'rank': 8}, {'name': 'Keyword', 'value': 'Jat', 'rank': 9}]",Foreign,4,A,2016-02-22 12:09:43+00:00,World,"The state government promised to introduce a bill to grant coveted “backward” status to the Jats, whose protests had choked New Delhi’s water supply.",The New York Times,Asia Pacific,News,nyt://article/7b01a458-aa7a-56fd-ad67-b17ac4307c5d,https://www.nytimes.com/2016/02/23/world/asia/new-delhi-jat-water-protest.html,895,By Geeta Anand and Nida Najar,Haryana State in India Proposes New Caste Status in Bid to Quell Protests,, Indian State Moves to Placate Group Demanding &#8216;Backward&#8217; Status ,Crowding around a municipal tanker to draw water in New Delhi on Monday. Protests damaged a canal that supplies much of the city’s water.,Anindito Mukherjee/Reuters,https://static01.nyt.com/images/2016/02/23/world/23india-web1/23india-web1-articleLarge.jpg,401,600,https://static01.nyt.com/images/2016/02/23/world/23india-web1/23india-web1-thumbStandard-v2.jpg,75,75,Haryana State in India Proposes New Caste Status in Bid to Quell Protests,"Haryana State in India Proposes New Caste Status in Bid to Quell Protests The state government promised to introduce a bill to grant coveted “backward” status to the Jats, whose protests had choked New Delhi’s water supply. The state government promised to introduce a bill to grant coveted “backward” status to the Jats, whose protests had choked New Delhi’s water supply."
"The storm, which had gusts up to 202 miles per hour, killed five people and left villages destroyed.",article,nyt://article/e6b0c7a4-0733-50e8-b460-b51ec7407c46,"[{'name': 'Subject', 'value': 'Cyclones', 'rank': 1}, {'name': 'Location', 'value': 'Fiji', 'rank': 2}, {'name': 'Person', 'value': 'Bainimarama, Frank', 'rank': 3}, {'name': 'Keyword', 'value': 'Cyclone Winston', 'rank': 4}]",Foreign,,,2016-02-21 01:08:52+00:00,World,"The storm, which had gusts up to 202 miles per hour, killed five people and left villages destroyed.",The New York Times,Asia Pacific,News,nyt://article/e6b0c7a4-0733-50e8-b460-b51ec7407c46,https://www.nytimes.com/2016/02/21/world/asia/fiji-declares-a-state-of-natural-disaster-in-the-wake-of-a-fierce-cyclone.html,347,By Michelle Innis,Fiji Declares a State of Natural Disaster After Fierce Cyclone,,,Villages such as Ba were hit hard as Cyclone Winston swept through Fiji.,Reuters,https://static01.nyt.com/images/2016/02/21/world/21FIJI/21FIJI-articleLarge.jpg,338,600,https://static01.nyt.com/images/2016/02/21/world/21FIJI/21FIJI-thumbStandard.jpg,75,75,Fiji Declares a State of Natural Disaster After Fierce Cyclone,"Fiji Declares a State of Natural Disaster After Fierce Cyclone The storm, which had gusts up to 202 miles per hour, killed five people and left villages destroyed. The storm, which had gusts up to 202 miles per hour, killed five people and left villages destroyed."
The court found four of the men guilty of violating Indonesia’s antiterrorism law. This is the first time Indonesia has sent anyone to prison for links to the group.,article,nyt://article/5287d4f6-ed69-5815-8da8-48341011b940,"[{'name': 'Location', 'value': 'Indonesia', 'rank': 1}, {'name': 'Organization', 'value': 'Islamic State in Iraq and Syria (ISIS)', 'rank': 2}, {'name': 'Subject', 'value': 'Terrorism', 'rank': 3}, {'name': 'Subject', 'value': 'Muslims and Islam', 'rank': 4}]",Foreign,9,A,2016-02-10 01:23:00+00:00,World,The court found four of the men guilty of violating Indonesia’s antiterrorism law. This is the first time Indonesia has sent anyone to prison for links to the group.,The New York Times,Asia Pacific,Brief,nyt://article/5287d4f6-ed69-5815-8da8-48341011b940,https://www.nytimes.com/2016/02/10/world/asia/indonesia-7-men-are-convicted-of-ties-to-islamic-state.html,82,By The Associated Press,Indonesia: 7 Men Are Convicted of Ties to Islamic State,World Briefing,Asia; Indonesia: 7 Men Are Convicted of Ties to Islamic State,,,,0,0,,0,0,Indonesia: 7 Men Are Convicted of Ties to Islamic State,Indonesia: 7 Men Are Convicted of Ties to Islamic State The court found four of the men guilty of violating Indonesia’s antiterrorism law. This is the first time Indonesia has sent anyone to prison for links to the group. The court found four of the men guilty of violating Indonesia’s antiterrorism law. This is the first time Indonesia has sent anyone to prison for links to the group.
"While major conglomerates profit, little or nothing is trickling down to the lower levels of Iran’s beleaguered but still enormous private sector.",article,nyt://article/780f91e1-70c4-5c78-8d81-97a3c5ed6061,"[{'name': 'Person', 'value': 'Erdbrink, Thomas', 'rank': 1}, {'name': 'Location', 'value': 'Iran', 'rank': 2}, {'name': 'Subject', 'value': 'Embargoes and Sanctions', 'rank': 3}, {'name': 'Subject', 'value': 'Foreign Investments', 'rank': 4}, {'name': 'Subject', 'value': 'Iranian Rial (Currency)', 'rank': 5}, {'name': 'Subject', 'value': 'Oil (Petroleum) and Gasoline', 'rank': 6}, {'name': 'Organization', 'value': 'Islamic Revolutionary Guards Corps', 'rank': 7}]",Foreign,6,A,2016-02-05 12:20:32+00:00,World,"While major conglomerates profit, little or nothing is trickling down to the lower levels of Iran’s beleaguered but still enormous private sector.",The New York Times,Middle East,News,nyt://article/780f91e1-70c4-5c78-8d81-97a3c5ed6061,https://www.nytimes.com/2016/02/06/world/middleeast/in-iran-state-backed-companies-win-from-lifted-sanctions.html,1056,By Thomas Erdbrink,"In Iran, State-Backed Companies Win From Lifted Sanctions",,Sanctions&#8217; End Benefits State-Backed Iran Companies ,"President Hassan Rouhani of Iran, center, at the Élysée Palace in Paris with President François Hollande, right, last month.",Stephane De Sakutin/Agence France-Presse — Getty Images,https://static01.nyt.com/images/2016/02/06/world/06iran-web1/06iran-web1-articleLarge.jpg,399,600,https://static01.nyt.com/images/2016/02/06/world/06iran-web1/06iran-web1-thumbStandard.jpg,75,75,"In Iran, State-Backed Companies Win From Lifted Sanctions","In Iran, State-Backed Companies Win From Lifted Sanctions While major conglomerates profit, little or nothing is trickling down to the lower levels of Iran’s beleaguered but still enormous private sector. While major conglomerates profit, little or nothing is trickling down to the lower levels of Iran’s beleaguered but still enormous private sector."
"Phillip Yin, a candidate for lieutenant governor of Washington State, was a news anchor for CCTV America, an affiliate of the Chinese state broadcaster.",article,nyt://article/d3635cbb-a21c-5bdc-afd8-c38434031247,"[{'name': 'Person', 'value': 'Yin, Phillip T (1974- )', 'rank': 1}, {'name': 'Organization', 'value': 'China Central Television', 'rank': 2}, {'name': 'Location', 'value': 'Washington (State)', 'rank': 3}, {'name': 'Subject', 'value': 'Elections, Governors', 'rank': 4}]",Foreign,,,2016-02-05 11:50:21+00:00,World,"Phillip Yin, a candidate for lieutenant governor of Washington State, was a news anchor for CCTV America, an affiliate of the Chinese state broadcaster.",The New York Times,Asia Pacific,News,nyt://article/d3635cbb-a21c-5bdc-afd8-c38434031247,https://www.nytimes.com/2016/02/06/world/asia/phillip-yin-lieutenant-governor-washington-state.html,466,By Javier C. Hernández,Ties to Chinese State Media Raise Questions in U.S. Election Campaign,Sinosphere,,"Phillip Yin, former anchor at CCTV America, announced in January that he was running for lieutenant governor of Washington State.",Benjamin Pu,https://static01.nyt.com/images/2016/02/06/world/asia/06chinyin01/06chinyin01-articleLarge.jpg,400,600,https://static01.nyt.com/images/2016/02/06/world/asia/06chinyin01/06chinyin01-thumbStandard.jpg,75,75,Ties to Chinese State Media Raise Questions in U.S. Election Campaign,"Ties to Chinese State Media Raise Questions in U.S. Election Campaign Phillip Yin, a candidate for lieutenant governor of Washington State, was a news anchor for CCTV America, an affiliate of the Chinese state broadcaster. Phillip Yin, a candidate for lieutenant governor of Washington State, was a news anchor for CCTV America, an affiliate of the Chinese state broadcaster."
The French government confirmed Wednesday that it would seek a second three-month extension of the state of emergency declared after the Paris attacks in November.,article,nyt://article/ada864cc-5743-556d-845e-983abb6ee6bf,"[{'name': 'Person', 'value': 'Breeden, Aurelien', 'rank': 1}, {'name': 'Location', 'value': 'France', 'rank': 2}, {'name': 'Subject', 'value': 'Terrorism', 'rank': 3}, {'name': 'Subject', 'value': 'Paris Attacks (November 2015)', 'rank': 4}, {'name': 'Subject', 'value': 'Demonstrations, Protests and Riots', 'rank': 5}, {'name': 'Person', 'value': 'Hollande, Francois', 'rank': 6}, {'name': 'Subject', 'value': 'Search and Seizure', 'rank': 7}, {'name': 'Subject', 'value': 'Citizenship and Naturalization', 'rank': 8}, {'name': 'Subject', 'value': 'Law and Legislation', 'rank': 9}, {'name': 'Organization', 'value': 'Islamic State in Iraq and Syria (ISIS)', 'rank': 10}]",Foreign,8,A,2016-02-03 19:34:38+00:00,World,The French government confirmed Wednesday that it would seek a second three-month extension of the state of emergency declared after the Paris attacks in November.,The New York Times,Europe,News,nyt://article/ada864cc-5743-556d-845e-983abb6ee6bf,https://www.nytimes.com/2016/02/04/world/europe/france-state-of-emergency-paris-attacks.html,784,By Aurelien Breeden,France Seeks to Extend State of Emergency Despite Protests,,France Seeks to Extend Emergency Despite Protests,Soldiers patrolled by the Cathedral of Notre-Dame in Paris last month. Critics say the state of emergency has lasted too long and provided few results.,Dmitry Kostyukov for The New York Times,https://static01.nyt.com/images/2016/02/04/world/04FRANCE-web1/04FRANCE-web1-articleLarge.jpg,401,600,https://static01.nyt.com/images/2016/02/04/world/04FRANCE-web1/04FRANCE-web1-thumbStandard.jpg,75,75,France Seeks to Extend State of Emergency Despite Protests,France Seeks to Extend State of Emergency Despite Protests The French government confirmed Wednesday that it would seek a second three-month extension of the state of emergency declared after the Paris attacks in November. The French government confirmed Wednesday that it would seek a second three-month extension of the state of emergency declared after the Paris attacks in November.
"Modern China is breeding fewer donkeys, threatening the supply of a traditional medicine made from their hides and inviting a flood of fakes into the market.",article,nyt://article/c9cb05dd-7aa9-5af5-be0c-ade283044282,"[{'name': 'Location', 'value': 'China', 'rank': 1}, {'name': 'Subject', 'value': 'Donkeys', 'rank': 2}, {'name': 'Subject', 'value': 'Gelatin', 'rank': 3}, {'name': 'Subject', 'value': 'Alternative and Complementary Medicine', 'rank': 4}, {'name': 'Subject', 'value': 'Counterfeit Merchandise', 'rank': 5}, {'name': 'Subject', 'value': 'Agriculture and Farming', 'rank': 6}, {'name': 'Organization', 'value': 'Xinhua', 'rank': 7}]",Foreign,,,2016-01-28 12:16:01+00:00,World,"Modern China is breeding fewer donkeys, threatening the supply of a traditional medicine made from their hides and inviting a flood of fakes into the market.",The New York Times,Asia Pacific,News,nyt://article/c9cb05dd-7aa9-5af5-be0c-ade283044282,https://www.nytimes.com/2016/01/29/world/asia/china-tcm-donkey-skin-gelatin.html,518,By Chris Buckley,"Sellers of Donkey Gelatin, a Chinese Cure in Crisis, Seek a State Remedy",Sinosphere,,"The farmer collecting firewood in Dashimen village, about 50 miles northeast of Beijing. With the increasing mechanization of agriculture, far fewer farmers are raising donkeys, depressing the supply of hides.",David Gray/Reuters,https://static01.nyt.com/images/2016/01/29/world/29CHINADONKEY/29CHINADONKEY-articleLarge.jpg,400,600,https://static01.nyt.com/images/2016/01/29/world/29CHINADONKEY/29CHINADONKEY-thumbStandard.jpg,75,75,"Sellers of Donkey Gelatin, a Chinese Cure in Crisis, Seek a State Remedy","Sellers of Donkey Gelatin, a Chinese Cure in Crisis, Seek a State Remedy Modern China is breeding fewer donkeys, threatening the supply of a traditional medicine made from their hides and inviting a flood of fakes into the market. Modern China is breeding fewer donkeys, threatening the supply of a traditional medicine made from their hides and inviting a flood of fakes into the market."
Prime Minister Ahmet Davutoglu said a major ground offensive against targets in Iraq and Syria had killed nearly 200 militants over the last 48 hours.,article,nyt://article/9f3c3ab0-9950-5dce-85f2-aac8a9bbd47d,"[{'name': 'Location', 'value': 'Turkey', 'rank': 1}, {'name': 'Person', 'value': 'Yeginsu, Ceylan', 'rank': 2}, {'name': 'Organization', 'value': 'Islamic State in Iraq and Syria (ISIS)', 'rank': 3}, {'name': 'Person', 'value': 'Davutoglu, Ahmet', 'rank': 4}, {'name': 'Location', 'value': 'Istanbul (Turkey)', 'rank': 5}, {'name': 'Subject', 'value': 'Terrorism', 'rank': 6}, {'name': 'Subject', 'value': 'Kurds', 'rank': 7}, {'name': 'Organization', 'value': ""Kurdistan Workers' Party"", 'rank': 8}, {'name': 'Location', 'value': 'Iraq', 'rank': 9}, {'name': 'Subject', 'value': 'Travel and Vacations', 'rank': 10}]",Foreign,8,A,2016-01-14 19:24:06+00:00,World,Prime Minister Ahmet Davutoglu said a major ground offensive against targets in Iraq and Syria had killed nearly 200 militants over the last 48 hours.,The New York Times,Middle East,News,nyt://article/9f3c3ab0-9950-5dce-85f2-aac8a9bbd47d,https://www.nytimes.com/2016/01/15/world/middleeast/turkey-islamic-state-istanbul.html,496,By Ceylan Yeginsu,Turkey Strikes Islamic State Targets in Retaliation for Istanbul Bombing,,World Briefing | Europe; Turkey: Army Strikes ISIS Targets,,,https://static01.nyt.com/images/2016/01/14/multimedia/turkey-bomb/turkey-bomb-articleLarge.jpg,338,600,https://static01.nyt.com/images/2016/01/14/multimedia/turkey-bomb/turkey-bomb-thumbStandard.jpg,75,75,Turkey Strikes Islamic State Targets in Retaliation for Istanbul Bombing,Turkey Strikes Islamic State Targets in Retaliation for Istanbul Bombing Prime Minister Ahmet Davutoglu said a major ground offensive against targets in Iraq and Syria had killed nearly 200 militants over the last 48 hours. Prime Minister Ahmet Davutoglu said a major ground offensive against targets in Iraq and Syria had killed nearly 200 militants over the last 48 hours.
"To many residents in Sinaloa, where Joaquín Guzmán Loera was captured, he was and remains El Señor (the Lord), a mythical figure who inspires as much respect as fear.",article,nyt://article/fd0b634b-2728-5e10-8a32-a7404abe6321,"[{'name': '', 'value': '', 'rank': 1}, {'name': 'Location', 'value': 'Mexico', 'rank': 2}, {'name': 'Person', 'value': 'Guzman Loera, Joaquin', 'rank': 3}, {'name': 'Person', 'value': 'Villegas, Paulina', 'rank': 4}, {'name': 'Location', 'value': 'Sinaloa (Mexico)', 'rank': 5}, {'name': 'Subject', 'value': 'Drug Abuse and Traffic', 'rank': 6}, {'name': 'Organization', 'value': 'Sinaloa Cartel', 'rank': 7}, {'name': 'Subject', 'value': 'Corruption (Institutional)', 'rank': 8}]",Foreign,11,A,2016-01-10 19:11:16+00:00,World,"To many residents in Sinaloa, where Joaquín Guzmán Loera was captured, he was and remains El Señor (the Lord), a mythical figure who inspires as much respect as fear.",The New York Times,Americas,News,nyt://article/fd0b634b-2728-5e10-8a32-a7404abe6321,https://www.nytimes.com/2016/01/11/world/americas/an-uncertain-new-chapter-in-sinaloa-el-chapos-home-state.html,918,By Paulina Villegas and Alberto Arce,"An Uncertain New Chapter in Sinaloa, Home State of ‘El Chapo’",,Uncertain Time for Residents of El Chapo&#8217;s Home State ,"Officers kept watch outside the house where the Mexican drug lord Joaquín Guzmán Loera, known as El Chapo, was captured in Los Mochis, Mexico on Friday.",Edgard Garrido/Reuters,https://static01.nyt.com/images/2016/01/11/world/11SINALOA1/11SINALOA1-articleLarge.jpg,400,600,https://static01.nyt.com/images/2016/01/11/world/11SINALOA1/11SINALOA1-thumbStandard.jpg,75,75,"An Uncertain New Chapter in Sinaloa, Home State of ‘El Chapo’","An Uncertain New Chapter in Sinaloa, Home State of ‘El Chapo’ To many residents in Sinaloa, where Joaquín Guzmán Loera was captured, he was and remains El Señor (the Lord), a mythical figure who inspires as much respect as fear. To many residents in Sinaloa, where Joaquín Guzmán Loera was captured, he was and remains El Señor (the Lord), a mythical figure who inspires as much respect as fear."
The legislation will allow Poland’s new conservative government to appoint and dismiss the executives in charge of public television and radio broadcasters.,article,nyt://article/7b82763c-cdb4-543d-9a45-29eb94b3b2a0,"[{'name': 'Person', 'value': 'Berendt, Joanna', 'rank': 1}, {'name': 'Location', 'value': 'Poland', 'rank': 2}, {'name': 'Organization', 'value': 'European Union', 'rank': 3}, {'name': 'Subject', 'value': 'Freedom of the Press', 'rank': 4}, {'name': 'Subject', 'value': 'News and News Media', 'rank': 5}, {'name': 'Subject', 'value': 'Law and Legislation', 'rank': 6}, {'name': 'Person', 'value': 'Duda, Andrzej (1972- )', 'rank': 7}]",Foreign,6,A,2016-01-07 17:14:55+00:00,World,The legislation will allow Poland’s new conservative government to appoint and dismiss the executives in charge of public television and radio broadcasters.,The New York Times,Europe,News,nyt://article/7b82763c-cdb4-543d-9a45-29eb94b3b2a0,https://www.nytimes.com/2016/01/08/world/europe/poland-andrzej-duda-press-freedom.html,275,By Joanna Berendt,"Poland’s President Approves Controls on State Media, Alarming E.U. Leaders",,World Briefing | Europe; Poland: Media Law Stirs Concerns,,,,0,0,,0,0,"Poland’s President Approves Controls on State Media, Alarming E.U. Leaders","Poland’s President Approves Controls on State Media, Alarming E.U. Leaders The legislation will allow Poland’s new conservative government to appoint and dismiss the executives in charge of public television and radio broadcasters. The legislation will allow Poland’s new conservative government to appoint and dismiss the executives in charge of public television and radio broadcasters."
"Islamic State militants attempted to capture an oil port along Libya’s coast, in fighting that left at least seven people dead and set fire to a storage tank of crude oil.",article,nyt://article/4a9c9b04-b425-5442-8667-89a66b1dbc42,"[{'name': 'Organization', 'value': 'Islamic State in Iraq and Syria (ISIS)', 'rank': 1}, {'name': 'Person', 'value': 'Zway, Suliman Ali', 'rank': 2}, {'name': 'Location', 'value': 'Libya', 'rank': 3}, {'name': 'Subject', 'value': 'Deaths (Fatalities)', 'rank': 4}, {'name': 'Subject', 'value': 'Terrorism', 'rank': 5}, {'name': 'Subject', 'value': 'Oil (Petroleum) and Gasoline', 'rank': 6}]",Foreign,11,A,2016-01-05 00:50:09+00:00,World,"Islamic State militants attempted to capture an oil port along Libya’s coast, in fighting that left at least seven people dead and set fire to a storage tank of crude oil.",The New York Times,Africa,Brief,nyt://article/4a9c9b04-b425-5442-8667-89a66b1dbc42,https://www.nytimes.com/2016/01/05/world/africa/libya-islamic-state-attacks-oil-port.html,140,By Suliman Ali Zway,Libya: Islamic State Attacks Oil Port,World Briefing,Africa; Libya: Islamic State Attacks Oil Port,,,,0,0,,0,0,Libya: Islamic State Attacks Oil Port,"Libya: Islamic State Attacks Oil Port Islamic State militants attempted to capture an oil port along Libya’s coast, in fighting that left at least seven people dead and set fire to a storage tank of crude oil. Islamic State militants attempted to capture an oil port along Libya’s coast, in fighting that left at least seven people dead and set fire to a storage tank of crude oil."
