abstract,document_type,_id,keywords,news_desk,print_page,print_section,pub_date,section_name,snippet,source,subsection_name,type_of_material,uri,web_url,word_count,byline.original,headline.main,headline.kicker,headline.print_headline,multimedia.caption,multimedia.credit,multimedia.default.url,multimedia.default.height,multimedia.default.width,multimedia.thumbnail.url,multimedia.thumbnail.height,multimedia.thumbnail.width,headline,text
A newspaper reported an account of an alcohol-fueled “orgy” among soldiers and officers at a police station last month while Brussels was nearly shut down after the Paris massacre.,article,nyt://article/dcecb932-5fd4-5b82-911e-089a03f774f0,"[{'name': 'Person', 'value': 'Schreuer, Milan', 'rank': 1}, {'name': 'Subject', 'value': 'Police Brutality, Misconduct and Shootings', 'rank': 2}, {'name': 'Subject', 'value': 'Paris Attacks (November 2015)', 'rank': 3}, {'name': 'Location', 'value': 'Belgium', 'rank': 4}, {'name': 'Location', 'value': 'Brussels (Belgium)', 'rank': 5}, {'name': 'Location', 'value': 'Sint-Jans-Molenbeek (Belgium)', 'rank': 6}, {'name': 'Subject', 'value': 'Terrorism', 'rank': 7}, {'name': 'Organization', 'value': 'Islamic State in Iraq and Syria (ISIS)', 'rank': 8}, {'name': 'Subject', 'value': 'Police', 'rank': 9}, {'name': 'Keyword', 'value': 'orgy', 'rank': 10}]",Foreign,7,A,2015-12-30 18:29:57+00:00,World,A newspaper reported an account of an alcohol-fueled “orgy” among soldiers and officers at a police station last month while Brussels was nearly shut down after the Paris massacre.,The New York Times,Europe,News,nyt://article/dcecb932-5fd4-5b82-911e-089a03f774f0,https://www.nytimes.com/2015/12/31/world/europe/belgium-brussels-police-orgy.html,1145,By Milan Schreuer,Brussels Police Investigate Reports of Police Orgy Amid Terror Alert,,Brussels Investigates Report of Orgy at Police Station During Terror Alert,Police officers secured an area of Brussels last month. The authorities have started an internal investigation into reports that an orgy took place at a local police station while the region was on high alert.,Nicolas Maeterlinck/Agence France-Presse — Getty Images,https://static01.nyt.com/images/2015/12/31/world/31belgium-web1/31belgium-web1-articleLarge.jpg,400,600,https://static01.nyt.com/images/2015/12/31/world/31belgium-web1/31belgium-web1-thumbStandard.jpg,75,75,Brussels Police Investigate Reports of Police Orgy Amid Terror Alert,Brussels Police Investigate Reports of Police Orgy Amid Terror Alert A newspaper reported an account of an alcohol-fueled “orgy” among soldiers and officers at a police station last month while Brussels was nearly shut down after the Paris massacre. A newspaper reported an account of an alcohol-fueled “orgy” among soldiers and officers at a police station last month while Brussels was nearly shut down after the Paris massacre.
"It is estimated that 27,875 killings occurred in Venezuela this year, pushing the homicide rate up to 90 per 100,000 residents; last year, its count was 82 per 100,000.",article,nyt://article/687d4a24-c59c-5887-bb2d-9c9b85ab5ef0,"[{'name': 'Subject', 'value': 'Murders, Attempted Murders and Homicides', 'rank': 1}, {'name': 'Location', 'value': 'Venezuela', 'rank': 2}]",Foreign,7,A,2015-12-29 01:34:45+00:00,World,"It is estimated that 27,875 killings occurred in Venezuela this year, pushing the homicide rate up to 90 per 100,000 residents; last year, its count was 82 per 100,000.",The New York Times,Americas,Brief,nyt://article/687d4a24-c59c-5887-bb2d-9c9b85ab5ef0,https://www.nytimes.com/2015/12/29/world/americas/venezuela-murder-rate-for-year-may-be-worlds-worst-report-says.html,150,By The Associated Press,"Venezuela: Murder Rate for Year May Be World’s Worst, Report Says",World Briefing,"The Americas; Venezuela: Murder Rate for Year Among World’s Worst, Report Says",,,,0,0,,0,0,"Venezuela: Murder Rate for Year May Be World’s Worst, Report Says","Venezuela: Murder Rate for Year May Be World’s Worst, Report Says It is estimated that 27,875 killings occurred in Venezuela this year, pushing the homicide rate up to 90 per 100,000 residents; last year, its count was 82 per 100,000. It is estimated that 27,875 killings occurred in Venezuela this year, pushing the homicide rate up to 90 per 100,000 residents; last year, its count was 82 per 100,000."
"The death of the leader, Zahran Alloush, who commanded the Army of Islam, is a significant blow to the armed opposition in the Syria conflict.",article,nyt://article/e2999be8-6f39-5fd5-ba1f-3796f6b23520,"[{'name': 'Location', 'value': 'Syria', 'rank': 1}, {'name': 'Person', 'value': 'Barnard, Anne', 'rank': 2}, {'name': 'Person', 'value': 'Alloush, Zahran', 'rank': 3}, {'name': 'Person', 'value': 'Assad, Bashar al-', 'rank': 4}, {'name': 'Location', 'value': 'Russia', 'rank': 5}, {'name': 'Organization', 'value': 'Islamic State in Iraq and Syria (ISIS)', 'rank': 6}, {'name': 'Location', 'value': 'Damascus (Syria)', 'rank': 7}, {'name': 'Organization', 'value': 'Army of Islam', 'rank': 8}]",Foreign,4,A,2015-12-25 19:39:16+00:00,World,"The death of the leader, Zahran Alloush, who commanded the Army of Islam, is a significant blow to the armed opposition in the Syria conflict.",The New York Times,Middle East,News,nyt://article/e2999be8-6f39-5fd5-ba1f-3796f6b23520,https://www.nytimes.com/2015/12/26/world/middleeast/zahran-alloush-syria-rebel-leader-reported-killed.html,840,By Anne Barnard,Powerful Syrian Rebel Leader Reported Killed in Airstrike,,"In Blow to Syrian Insurgents, Airstrike Is Said to Kill Rebel Leader ","Zahran Alloush, who spoke at a wedding in July, led the Army of Islam insurgents in Syria. The group recently agreed to participate in a political process seeking to end the five-year-old conflict.",Amer Almohibany/Agence France-Presse — Getty Images,https://static01.nyt.com/images/2015/12/26/world/SYRIA/SYRIA-articleLarge.jpg,400,600,https://static01.nyt.com/images/2015/12/26/world/SYRIA/SYRIA-thumbStandard.jpg,75,75,Powerful Syrian Rebel Leader Reported Killed in Airstrike,"Powerful Syrian Rebel Leader Reported Killed in Airstrike The death of the leader, Zahran Alloush, who commanded the Army of Islam, is a significant blow to the armed opposition in the Syria conflict. The death of the leader, Zahran Alloush, who commanded the Army of Islam, is a significant blow to the armed opposition in the Syria conflict."
"Zeid Ra’ad al-Hussein, the high commissioner for Human Rights, said that he had ordered subordinates to inform him immediately when allegations of such abuse by peacekeepers arise.",article,nyt://article/921ea55c-8856-561f-90af-082fd149df47,"[{'name': 'Organization', 'value': 'United Nations', 'rank': 1}, {'name': 'Person', 'value': 'Sengupta, Somini', 'rank': 2}, {'name': 'Subject', 'value': 'Sex Crimes', 'rank': 3}, {'name': 'Person', 'value': 'Gladstone, Rick', 'rank': 4}, {'name': 'Person', 'value': ""Zeid Ra'ad Zeid Al Hussein"", 'rank': 5}, {'name': 'Subject', 'value': 'Human Rights and Human Rights Violations', 'rank': 6}, {'name': 'Subject', 'value': 'Child Abuse and Neglect', 'rank': 7}, {'name': 'Person', 'value': 'Ban Ki-moon', 'rank': 8}, {'name': 'Person', 'value': 'Kompass, Anders', 'rank': 9}]",Foreign,12,A,2015-12-23 01:40:17+00:00,World,"Zeid Ra’ad al-Hussein, the high commissioner for Human Rights, said that he had ordered subordinates to inform him immediately when allegations of such abuse by peacekeepers arise.",The New York Times,,News,nyt://article/921ea55c-8856-561f-90af-082fd149df47,https://www.nytimes.com/2015/12/23/world/un-wants-sexual-abuse-reported-immediately.html,483,By Rick Gladstone and Somini Sengupta,U.N. Wants Sexual Abuse Reported Immediately,,U.N. Wants Sexual Abuse Reported Immediately,,,,0,0,,0,0,U.N. Wants Sexual Abuse Reported Immediately,"U.N. Wants Sexual Abuse Reported Immediately Zeid Ra’ad al-Hussein, the high commissioner for Human Rights, said that he had ordered subordinates to inform him immediately when allegations of such abuse by peacekeepers arise. Zeid Ra’ad al-Hussein, the high commissioner for Human Rights, said that he had ordered subordinates to inform him immediately when allegations of such abuse by peacekeepers arise."
At least 33 buildings are destroyed and 91 people are missing after a sea of earth struck an industrial district in the city of Shenzhen.,article,nyt://article/d91f9d36-0a55-59f8-8c60-3c01b5ee6ee9,"[{'name': 'Location', 'value': 'China', 'rank': 1}, {'name': 'Subject', 'value': 'Landslides and Mudslides', 'rank': 2}, {'name': 'Location', 'value': 'Shenzhen (China)', 'rank': 3}, {'name': 'Subject', 'value': 'Missing Persons', 'rank': 4}]",Foreign,4,A,2015-12-20 18:45:13+00:00,World,At least 33 buildings are destroyed and 91 people are missing after a sea of earth struck an industrial district in the city of Shenzhen.,The New York Times,Asia Pacific,News,nyt://article/d91f9d36-0a55-59f8-8c60-3c01b5ee6ee9,https://www.nytimes.com/2015/12/21/world/asia/landslide-hits-southern-city-sending-hundreds-fleeing-china-reports.html,513,By Michael Forsythe,"Landslide Hits Southern City, Sending Hundreds Fleeing, China Reports",,Landslide in China Sends Hundreds Fleeing,Rescuers searched for survivors on Monday after a landslide in Shenzhen in southern China.,Andy Wong/Associated Press,https://static01.nyt.com/images/2015/12/22/world/22CHINA-web5/22CHINA-web5-articleLarge-v2.jpg,338,600,https://static01.nyt.com/images/2015/12/22/world/22CHINA-web5/22CHINA-web5-thumbStandard.jpg,75,75,"Landslide Hits Southern City, Sending Hundreds Fleeing, China Reports","Landslide Hits Southern City, Sending Hundreds Fleeing, China Reports At least 33 buildings are destroyed and 91 people are missing after a sea of earth struck an industrial district in the city of Shenzhen. At least 33 buildings are destroyed and 91 people are missing after a sea of earth struck an industrial district in the city of Shenzhen."
A panel said the United Nations failed to meet its own standards in investigating allegations of the abuse of boys by French soldiers in the Central African Republic.,article,nyt://article/e0d85601-50a4-54b4-bb11-87b2a793e3b5,"[{'name': 'Person', 'value': 'Gladstone, Rick', 'rank': 1}, {'name': 'Organization', 'value': 'United Nations', 'rank': 2}, {'name': 'Person', 'value': 'Sengupta, Somini', 'rank': 3}, {'name': 'Location', 'value': 'Central African Republic', 'rank': 4}, {'name': 'Subject', 'value': 'Child Abuse and Neglect', 'rank': 5}, {'name': 'Subject', 'value': 'Sex Crimes', 'rank': 6}, {'name': 'Subject', 'value': 'Defense and Military Forces', 'rank': 7}, {'name': 'Subject', 'value': 'Human Rights and Human Rights Violations', 'rank': 8}, {'name': 'Subject', 'value': 'Refugees and Displaced Persons', 'rank': 9}, {'name': 'Location', 'value': 'France', 'rank': 10}, {'name': 'Person', 'value': 'Ban Ki-moon', 'rank': 11}, {'name': 'Person', 'value': 'Deschamps, Marie', 'rank': 12}, {'name': 'Person', 'value': ""Zeid Ra'ad Zeid Al Hussein"", 'rank': 13}, {'name': 'Person', 'value': 'Kompass, Anders', 'rank': 14}]",Foreign,14,A,2015-12-17 18:51:43+00:00,World,A panel said the United Nations failed to meet its own standards in investigating allegations of the abuse of boys by French soldiers in the Central African Republic.,The New York Times,Africa,News,nyt://article/e0d85601-50a4-54b4-bb11-87b2a793e3b5,https://www.nytimes.com/2015/12/18/world/africa/report-criticizes-uns-handling-of-child-sex-abuse-allegations.html,1006,By Somini Sengupta and Rick Gladstone,Report Criticizes U.N.’s Handling of Child Sex Abuse Allegations,,Scathing Report Assails U.N. Handling of Child Sexual Abuse Allegations,,,,0,0,,0,0,Report Criticizes U.N.’s Handling of Child Sex Abuse Allegations,Report Criticizes U.N.’s Handling of Child Sex Abuse Allegations A panel said the United Nations failed to meet its own standards in investigating allegations of the abuse of boys by French soldiers in the Central African Republic. A panel said the United Nations failed to meet its own standards in investigating allegations of the abuse of boys by French soldiers in the Central African Republic.
"A review of the documents provides vivid details of the detainee abuse reported at a military outpost at Kalach, Afghanistan.",article,nyt://article/3960a995-96e7-52fe-9109-5bb1b2a1c7a1,"[{'name': 'Subject', 'value': 'Afghanistan War (2001-14)', 'rank': 1}, {'name': 'Subject', 'value': 'United States Defense and Military Forces', 'rank': 2}, {'name': 'Organization', 'value': 'Navy Seals', 'rank': 3}]",Foreign,,,2015-12-17 08:38:00+00:00,World,"A review of the documents provides vivid details of the detainee abuse reported at a military outpost at Kalach, Afghanistan.",The New York Times,Asia Pacific,News,nyt://article/3960a995-96e7-52fe-9109-5bb1b2a1c7a1,https://www.nytimes.com/2015/12/17/world/asia/navy-seals-ncis-report.html,731,By Christopher Drew and Nicholas Kulish,A Guide to the N.C.I.S. Investigative Report,,,"Abdul Aziz, left — the brother of a detainee, Muhammad Hashem, who died — and Assadullah, who was also abused as a detainee and, like many Afghans, has only one name.",Andrea Bruce for The New York Times,https://static01.nyt.com/images/2015/12/06/world/06SEALSDOCS/06SEALSDOCS-articleLarge.jpg,442,600,https://static01.nyt.com/images/2015/12/06/world/06SEALSDOCS/06SEALSDOCS-thumbStandard.jpg,75,75,A Guide to the N.C.I.S. Investigative Report,"A Guide to the N.C.I.S. Investigative Report A review of the documents provides vivid details of the detainee abuse reported at a military outpost at Kalach, Afghanistan. A review of the documents provides vivid details of the detainee abuse reported at a military outpost at Kalach, Afghanistan."
Four soldiers stationed at an isolated outpost told investigators that they had witnessed members of a Navy SEAL team mistreating Afghan detainees.,interactive,nyt://interactive/8218ec58-823e-5590-ba08-8ea29e06af8c,"[{'name': 'Organization', 'value': 'Navy Seals', 'rank': 1}, {'name': 'Location', 'value': 'Afghanistan', 'rank': 2}, {'name': 'Subject', 'value': 'Afghanistan War (2001-14)', 'rank': 3}, {'name': 'Subject', 'value': 'United States Defense and Military Forces', 'rank': 4}, {'name': 'Organization', 'value': 'United States Army', 'rank': 5}, {'name': 'Subject', 'value': 'Ethics and Official Misconduct', 'rank': 6}]",,,,2015-12-17 08:25:26+00:00,World,Four soldiers stationed at an isolated outpost told investigators that they had witnessed members of a Navy SEAL team mistreating Afghan detainees.,The New York Times,Asia Pacific,Interactive Feature,nyt://interactive/8218ec58-823e-5590-ba08-8ea29e06af8c,https://www.nytimes.com/interactive/2015/12/03/world/asia/document-soldier-statement.html,0,,Soldiers Report Abuse by Navy SEALs,,,,,https://static01.nyt.com/images/2015/12/03/world/asia/soldier-doc-photo/soldier-doc-photo-articleLarge.png,513,600,https://static01.nyt.com/images/2015/12/03/world/asia/soldier-doc-photo/soldier-doc-photo-thumbStandard.png,75,75,Soldiers Report Abuse by Navy SEALs,Soldiers Report Abuse by Navy SEALs Four soldiers stationed at an isolated outpost told investigators that they had witnessed members of a Navy SEAL team mistreating Afghan detainees. Four soldiers stationed at an isolated outpost told investigators that they had witnessed members of a Navy SEAL team mistreating Afghan detainees.
"The New York Times obtained the Naval Criminal Investigative Service report on the detainee abuse episode in Kalach through the Freedom of Information Act. The full document is 129 pages; the following 115 pages do not include photographic exhibits. The report was redacted by the United States Navy. In nearly all cases, the redactions are of the names of American service members.",interactive,nyt://interactive/2c69fd0b-9b15-5e2c-b1c4-1109ac2d526f,[],,,,2015-12-17 08:23:21+00:00,World,"The New York Times obtained the Naval Criminal Investigative Service report on the detainee abuse episode in Kalach through the Freedom of Information Act. The full document is 129 pages; the following 115 pages do not include photographic exhibits. The report was redacted by the United States Navy. In nearly all cases, the redactions are of the names of American service members.",The New York Times,Asia Pacific,Interactive Feature,nyt://interactive/2c69fd0b-9b15-5e2c-b1c4-1109ac2d526f,https://www.nytimes.com/interactive/2015/12/04/world/asia/document-full-ncis-report.html,0,,Full N.C.I.S. Investigative Report,,,,,https://static01.nyt.com/images/2015/12/04/world/asia/ncis-report-cover-photo/ncis-report-cover-photo-articleLarge.png,766,600,https://static01.nyt.com/images/2015/12/04/world/asia/ncis-report-cover-photo/ncis-report-cover-photo-thumbStandard.png,75,75,Full N.C.I.S. Investigative Report,"Full N.C.I.S. Investigative Report The New York Times obtained the Naval Criminal Investigative Service report on the detainee abuse episode in Kalach through the Freedom of Information Act. The full document is 129 pages; the following 115 pages do not include photographic exhibits. The report was redacted by the United States Navy. In nearly all cases, the redactions are of the names of American service members. The New York Times obtained the Naval Criminal Investigative Service report on the detainee abuse episode in Kalach through the Freedom of Information Act. The full document is 129 pages; the following 115 pages do not include photographic exhibits. The report was redacted by the United States Navy. In nearly all cases, the redactions are of the names of American service members."
"The state-run news media released a televised confession of one man, and identified two other suspects in the assault.",article,nyt://article/d3dbe10a-1e47-599d-b6cf-8130ca8368dd,"[{'name': 'Location', 'value': 'China', 'rank': 1}, {'name': 'Subject', 'value': 'Uighurs (Chinese Ethnic Group)', 'rank': 2}, {'name': 'Subject', 'value': 'Han Chinese (Ethnic Group)', 'rank': 3}, {'name': 'Subject', 'value': 'Terrorism', 'rank': 4}, {'name': 'Subject', 'value': 'Mines and Mining', 'rank': 5}, {'name': 'Subject', 'value': 'News and News Media', 'rank': 6}, {'name': 'Location', 'value': 'Xinjiang (China)', 'rank': 7}, {'name': 'Person', 'value': 'Tohti, Ilham', 'rank': 8}, {'name': 'Subject', 'value': 'Coal', 'rank': 9}]",Foreign,18,A,2015-12-16 10:54:09+00:00,World,"The state-run news media released a televised confession of one man, and identified two other suspects in the assault.",The New York Times,Asia Pacific,News,nyt://article/d3dbe10a-1e47-599d-b6cf-8130ca8368dd,https://www.nytimes.com/2015/12/17/world/asia/xinjiang-attack-china-terrorism.html,744,By Michael Forsythe,"Suspect in Xinjiang Mine Attack Spoke of Jihad, Chinese News Reports Say",,Jihad Said to Be Motive in Chinese Mine Attack,,,,0,0,,0,0,"Suspect in Xinjiang Mine Attack Spoke of Jihad, Chinese News Reports Say","Suspect in Xinjiang Mine Attack Spoke of Jihad, Chinese News Reports Say The state-run news media released a televised confession of one man, and identified two other suspects in the assault. The state-run news media released a televised confession of one man, and identified two other suspects in the assault."
From the International Herald Tribune archives: A battle takes place in Badlands in 1890.,article,nyt://article/ea885251-a96b-578c-ba94-62d8124d0410,"[{'name': 'Subject', 'value': 'Oglala Sioux Indians', 'rank': 1}, {'name': 'Location', 'value': 'Badlands National Park (SD)', 'rank': 2}, {'name': 'Location', 'value': 'Pine Ridge Indian Reservation (SD)', 'rank': 3}]",Foreign,,,2015-12-13 11:21:31+00:00,World,From the International Herald Tribune archives: A battle takes place in Badlands in 1890.,The New York Times,,News,nyt://article/ea885251-a96b-578c-ba94-62d8124d0410,https://iht-retrospective.blogs.nytimes.com/2015/12/13/1890-reported-battle-between-indians/,159,By International Herald Tribune,1890: Reported Battle Between Indians,IHT Retrospective,,,,,0,0,,0,0,1890: Reported Battle Between Indians,1890: Reported Battle Between Indians From the International Herald Tribune archives: A battle takes place in Badlands in 1890. From the International Herald Tribune archives: A battle takes place in Badlands in 1890.
The height of the epidemic in Liberia can be traced back to a single case of the disease probably introduced from Sierra Leone.,article,nyt://article/3c87e502-cee8-5018-af90-de326b6cc88d,"[{'name': 'Person', 'value': 'Fink, Sheri', 'rank': 1}, {'name': 'Subject', 'value': 'Ebola Virus', 'rank': 2}, {'name': 'Location', 'value': 'Sierra Leone', 'rank': 3}, {'name': 'Subject', 'value': 'Epidemics', 'rank': 4}, {'name': 'Location', 'value': 'Liberia', 'rank': 5}]",Foreign,10,A,2015-12-10 01:56:17+00:00,World,The height of the epidemic in Liberia can be traced back to a single case of the disease probably introduced from Sierra Leone.,The New York Times,Africa,Brief,nyt://article/3c87e502-cee8-5018-af90-de326b6cc88d,https://www.nytimes.com/2015/12/10/world/africa/report-traces-ebolas-spread-in-liberia.html,146,By Sheri Fink,Report Traces Ebola’s Spread in Liberia,World Briefing,Researchers Trace Virus’s Path,,,,0,0,,0,0,Report Traces Ebola’s Spread in Liberia,Report Traces Ebola’s Spread in Liberia The height of the epidemic in Liberia can be traced back to a single case of the disease probably introduced from Sierra Leone. The height of the epidemic in Liberia can be traced back to a single case of the disease probably introduced from Sierra Leone.
"Xu Ming, 44, once the eighth-richest person in China, died of a heart attack, according to news reports, less than a year before his expected release.",article,nyt://article/a3d2dfa8-35e9-5718-8ea1-e848f318a9dc,"[{'name': 'Location', 'value': 'China', 'rank': 1}, {'name': 'Person', 'value': 'Xu Ming', 'rank': 2}, {'name': 'Person', 'value': 'Bo Xilai', 'rank': 3}, {'name': 'Organization', 'value': 'Communist Party of China', 'rank': 4}, {'name': 'Subject', 'value': 'Deaths (Fatalities)', 'rank': 5}, {'name': 'Subject', 'value': 'Prisons and Prisoners', 'rank': 6}, {'name': 'Subject', 'value': 'Corruption (Institutional)', 'rank': 7}]",Foreign,6,A,2015-12-06 22:58:09+00:00,World,"Xu Ming, 44, once the eighth-richest person in China, died of a heart attack, according to news reports, less than a year before his expected release.",The New York Times,Asia Pacific,News,nyt://article/a3d2dfa8-35e9-5718-8ea1-e848f318a9dc,https://www.nytimes.com/2015/12/07/world/asia/china-xu-ming-dies-prison.html,715,By Michael Forsythe,"Chinese Businessman Linked to Corruption Scandals Dies in Prison, Reports Say",,"Chinese Businessman, 44, Dies in Prison, Reports Say",Xu Ming,China Daily/Reuters,https://static01.nyt.com/images/2015/12/07/world/CHINA/CHINA-articleLarge.jpg,857,600,https://static01.nyt.com/images/2015/12/07/world/CHINA/CHINA-thumbStandard.jpg,75,75,"Chinese Businessman Linked to Corruption Scandals Dies in Prison, Reports Say","Chinese Businessman Linked to Corruption Scandals Dies in Prison, Reports Say Xu Ming, 44, once the eighth-richest person in China, died of a heart attack, according to news reports, less than a year before his expected release. Xu Ming, 44, once the eighth-richest person in China, died of a heart attack, according to news reports, less than a year before his expected release."
"Questions have been raised over the methodology of a 2010 study that reported a steep fall in Afghanistan’s maternal mortality rate, which is used to measure improvement in a nation’s health.",article,nyt://article/65c332fc-40be-5166-8c6e-05c4b88e21bd,"[{'name': 'Person', 'value': 'Nordland, Rod', 'rank': 1}, {'name': 'Subject', 'value': 'Pregnancy and Childbirth', 'rank': 2}, {'name': 'Location', 'value': 'Afghanistan', 'rank': 3}, {'name': 'Organization', 'value': 'United States Agency for International Development', 'rank': 4}, {'name': 'Subject', 'value': 'Medicine and Health', 'rank': 5}, {'name': 'Subject', 'value': 'Midwives', 'rank': 6}]",Foreign,9,A,2015-12-04 16:14:41+00:00,World,"Questions have been raised over the methodology of a 2010 study that reported a steep fall in Afghanistan’s maternal mortality rate, which is used to measure improvement in a nation’s health.",The New York Times,Asia Pacific,News,nyt://article/65c332fc-40be-5166-8c6e-05c4b88e21bd,https://www.nytimes.com/2015/12/05/world/asia/afghanistan-maternal-mortality-rate.html,646,By Rod Nordland,Reported Gains in Afghan Maternal Health Are Found to Be Implausible,,Health Report on Childbirth by Afghans Is Challenged,"Women and their children on the outskirts of Jalalabad in Afghanistan. In 2002, when maternal health was surveyed soon after the American-led invasion that ousted the Taliban, the mortality rate was 1,600, meaning that 1,600 women died for every 100,000 live births.",Rahmat Gul/Associated Press,https://static01.nyt.com/images/2015/12/05/world/05Afghanhealth-web/05Afghanhealth-web-articleLarge.jpg,401,600,https://static01.nyt.com/images/2015/12/05/world/05Afghanhealth-web/05Afghanhealth-web-thumbStandard.jpg,75,75,Reported Gains in Afghan Maternal Health Are Found to Be Implausible,"Reported Gains in Afghan Maternal Health Are Found to Be Implausible Questions have been raised over the methodology of a 2010 study that reported a steep fall in Afghanistan’s maternal mortality rate, which is used to measure improvement in a nation’s health. Questions have been raised over the methodology of a 2010 study that reported a steep fall in Afghanistan’s maternal mortality rate, which is used to measure improvement in a nation’s health."
"Major American news outlets, including The Los Angeles Times and Fox News, were ridiculed on Thursday for apparently falling victim to a hoax.",article,nyt://article/6e02db54-4577-5426-bdad-a15f5287b24c,"[{'name': 'Subject', 'value': 'Hoaxes and Pranks', 'rank': 1}, {'name': 'Subject', 'value': 'News and News Media', 'rank': 2}, {'name': 'Organization', 'value': 'Fox News Channel', 'rank': 3}, {'name': 'Person', 'value': 'Erdogan, Recep Tayyip', 'rank': 4}, {'name': 'Location', 'value': 'San Bernardino (Calif)', 'rank': 5}, {'name': 'Location', 'value': 'Turkey', 'rank': 6}, {'name': 'Subject', 'value': 'Murders, Attempted Murders and Homicides', 'rank': 7}, {'name': 'Organization', 'value': 'Los Angeles Times', 'rank': 8}, {'name': 'Subject', 'value': 'San Bernardino, Calif, Shooting (2015)', 'rank': 9}]",Foreign,,,2015-12-04 01:25:20+00:00,World,"Major American news outlets, including The Los Angeles Times and Fox News, were ridiculed on Thursday for apparently falling victim to a hoax.",The New York Times,Europe,News,nyt://article/6e02db54-4577-5426-bdad-a15f5287b24c,https://www.nytimes.com/2015/12/04/world/europe/us-media-mocked-abroad-for-reporting-false-name-of-california-shooting-suspect.html,325,By Robert Mackey,U.S. Media Mocked Abroad for Reporting False Name of California Shooting Suspect,Open Source,U.S. Media Mocked Abroad for Reporting False Name of Shooting Suspect in California,President Recep Tayyip Erdogan of Turkey received an honorary degree from Qatar University in Doha on Wednesday.,Pool photo by Yasin Bulbul,https://static01.nyt.com/images/2015/12/03/world/europe/03open_turkey/03open_turkey-articleLarge.jpg,413,600,https://static01.nyt.com/images/2015/12/03/world/europe/03open_turkey/03open_turkey-thumbStandard.jpg,75,75,U.S. Media Mocked Abroad for Reporting False Name of California Shooting Suspect,"U.S. Media Mocked Abroad for Reporting False Name of California Shooting Suspect Major American news outlets, including The Los Angeles Times and Fox News, were ridiculed on Thursday for apparently falling victim to a hoax. Major American news outlets, including The Los Angeles Times and Fox News, were ridiculed on Thursday for apparently falling victim to a hoax."
"Analysts, while not ruling out the possibility of the shooting of Mullah Akhtar Muhammad Mansour because of rising tensions, said initial details were contradictory at best.",article,nyt://article/3891952a-af9d-56f6-b8cc-54cede19d0fe,"[{'name': 'Person', 'value': 'Mashal, Mujib', 'rank': 1}, {'name': 'Location', 'value': 'Afghanistan', 'rank': 2}, {'name': 'Location', 'value': 'Pakistan', 'rank': 3}, {'name': 'Organization', 'value': 'Taliban', 'rank': 4}, {'name': 'Person', 'value': 'Mansour, Akhtar Muhammad', 'rank': 5}, {'name': 'Person', 'value': 'Omar, Muhammad (Taliban Leader)', 'rank': 6}, {'name': 'Location', 'value': 'Quetta (Pakistan)', 'rank': 7}, {'name': 'Subject', 'value': 'Murders, Attempted Murders and Homicides', 'rank': 8}, {'name': 'Person', 'value': 'Ghani, Ashraf', 'rank': 9}, {'name': 'Person', 'value': 'Sharif, Nawaz', 'rank': 10}]",Foreign,16,A,2015-12-03 08:59:09+00:00,World,"Analysts, while not ruling out the possibility of the shooting of Mullah Akhtar Muhammad Mansour because of rising tensions, said initial details were contradictory at best.",The New York Times,Asia Pacific,News,nyt://article/3891952a-af9d-56f6-b8cc-54cede19d0fe,https://www.nytimes.com/2015/12/04/world/asia/afghanistan-taliban-leader-mullah-mansour.html,924,By Mujib Mashal,Conflicting Reports on Taliban Leader’s Status Highlight Fraying Unity,,Conflicting Reports on Taliban Leader&#8217;s Status Highlight Group&#8217;s Fraying Unity,"Mullah Akhtar Muhammad Mansour, the supreme leader of the Taliban, in an undated photo.",Reuters,,0,0,https://static01.nyt.com/images/2015/12/03/world/04taliban01/04taliban01-thumbStandard.jpg,75,75,Conflicting Reports on Taliban Leader’s Status Highlight Fraying Unity,"Conflicting Reports on Taliban Leader’s Status Highlight Fraying Unity Analysts, while not ruling out the possibility of the shooting of Mullah Akhtar Muhammad Mansour because of rising tensions, said initial details were contradictory at best. Analysts, while not ruling out the possibility of the shooting of Mullah Akhtar Muhammad Mansour because of rising tensions, said initial details were contradictory at best."
"News of the worst economic performance in two decades is the culmination of months of crisis, paralysis and political scandal.",article,nyt://article/2a037f7e-fa30-5869-a303-e303ab405c66,"[{'name': 'Location', 'value': 'Brazil', 'rank': 1}, {'name': 'Person', 'value': 'Romero, Simon', 'rank': 2}, {'name': 'Organization', 'value': 'Petroleo Brasileiro SA Petrobras', 'rank': 3}, {'name': 'Subject', 'value': 'Economic Conditions and Trends', 'rank': 4}, {'name': 'Person', 'value': 'Rousseff, Dilma', 'rank': 5}]",Foreign,8,A,2015-12-02 00:55:09+00:00,World,"News of the worst economic performance in two decades is the culmination of months of crisis, paralysis and political scandal.",The New York Times,Americas,News,nyt://article/2a037f7e-fa30-5869-a303-e303ab405c66,https://www.nytimes.com/2015/12/02/world/americas/economic-report-adds-to-brazils-mounting-woes.html,891,By Simon Romero,Economic Report Adds to Brazil’s Mounting Woes,,Economic Report Adds to Brazil&#8217;s Mounting Woes,"The political survival of President Dilma Rousseff of Brazil, shown Monday in France, is in doubt.",Loic Venance/Agence France-Presse — Getty Images,https://static01.nyt.com/images/2015/12/02/world/02BRAZIL/02BRAZIL-articleLarge.jpg,400,600,https://static01.nyt.com/images/2015/12/02/world/02BRAZIL/02BRAZIL-thumbStandard.jpg,75,75,Economic Report Adds to Brazil’s Mounting Woes,"Economic Report Adds to Brazil’s Mounting Woes News of the worst economic performance in two decades is the culmination of months of crisis, paralysis and political scandal. News of the worst economic performance in two decades is the culmination of months of crisis, paralysis and political scandal."
The latest report by the Chinese government assesses how climate change has affected and is likely to affect China.,article,nyt://article/586dd635-6cb4-5d15-8f80-a691fa820300,"[{'name': 'Subject', 'value': 'Global Warming', 'rank': 1}, {'name': 'Location', 'value': 'China', 'rank': 2}, {'name': 'Subject', 'value': 'Air Pollution', 'rank': 3}, {'name': 'Subject', 'value': 'Agriculture and Farming', 'rank': 4}, {'name': 'Subject', 'value': 'United Nations Framework Convention on Climate Change', 'rank': 5}]",Foreign,,,2015-11-30 09:08:44+00:00,World,The latest report by the Chinese government assesses how climate change has affected and is likely to affect China.,The New York Times,Asia Pacific,News,nyt://article/586dd635-6cb4-5d15-8f80-a691fa820300,https://www.nytimes.com/2015/12/01/world/asia/china-climate-change-global-warming.html,678,By Chris Buckley,The Findings of China’s Climate Change Report,Sinosphere,,A woman wearing a mask in central Beijing on Monday in the worst recorded smog of the year. Dangerous particulates reached nearly 20 times healthy levels as President Xi Jinping joined other world leaders in Paris for climate change talks.,Fred Dufour/Agence France-Presse — Getty Images,https://static01.nyt.com/images/2015/11/30/world/01CHINACLIMATE/30CHINACLIMATE-articleLarge.jpg,400,600,https://static01.nyt.com/images/2015/11/30/world/01CHINACLIMATE/01CHINACLIMATE-thumbStandard.jpg,75,75,The Findings of China’s Climate Change Report,The Findings of China’s Climate Change Report The latest report by the Chinese government assesses how climate change has affected and is likely to affect China. The latest report by the Chinese government assesses how climate change has affected and is likely to affect China.
An assessment from state-appointed experts was released just before negotiations in Paris for a new international agreement to lower greenhouse-gas pollution.,article,nyt://article/1fa630f3-4d1b-5455-8ca5-94e2dc3e7e7d,"[{'name': 'Location', 'value': 'China', 'rank': 1}, {'name': 'Subject', 'value': 'Global Warming', 'rank': 2}, {'name': 'Subject', 'value': 'United Nations Framework Convention on Climate Change', 'rank': 3}, {'name': 'Subject', 'value': 'Greenhouse Gas Emissions', 'rank': 4}, {'name': 'Organization', 'value': 'European Union', 'rank': 5}, {'name': 'Person', 'value': 'Xi Jinping', 'rank': 6}, {'name': 'Subject', 'value': 'Environment', 'rank': 7}, {'name': 'Location', 'value': 'Three Gorges Dam (China)', 'rank': 8}, {'name': 'Location', 'value': 'Tibet', 'rank': 9}]",Foreign,11,A,2015-11-29 18:54:59+00:00,World,An assessment from state-appointed experts was released just before negotiations in Paris for a new international agreement to lower greenhouse-gas pollution.,The New York Times,Asia Pacific,News,nyt://article/1fa630f3-4d1b-5455-8ca5-94e2dc3e7e7d,https://www.nytimes.com/2015/11/30/world/asia/chinese-report-on-climate-change-depicts-somber-scenarios.html,1238,By Chris Buckley,Chinese Report on Climate Change Depicts Somber Scenarios,,China Climate Report Lists Risks of Warming ,"Changing rainfall patterns will eventually mean that the Three Gorges Dam in China, one of the world’s largest, endures more frequent shortfalls in dry seasons and more intense floods in wet seasons, a report says.",Agence France-Presse — Getty Images,https://static01.nyt.com/images/2015/11/30/world/30CHINACLIMATE1/30CHINACLIMATE1-articleLarge.jpg,296,600,https://static01.nyt.com/images/2015/11/30/world/30CHINACLIMATE1/30CHINACLIMATE1-thumbStandard.jpg,75,75,Chinese Report on Climate Change Depicts Somber Scenarios,Chinese Report on Climate Change Depicts Somber Scenarios An assessment from state-appointed experts was released just before negotiations in Paris for a new international agreement to lower greenhouse-gas pollution. An assessment from state-appointed experts was released just before negotiations in Paris for a new international agreement to lower greenhouse-gas pollution.
"Pakistani intelligence officials said that an American drone strike in Afghanistan had killed Khan Sayed, the leader of a breakaway faction of the Pakistani Taliban.",article,nyt://article/0ffe2534-82a9-5359-876d-96e3f691b88f,"[{'name': 'Person', 'value': 'Mehsud, Ihsanullah Tipu', 'rank': 1}, {'name': 'Subject', 'value': 'Targeted Killings', 'rank': 2}, {'name': 'Location', 'value': 'Pakistan', 'rank': 3}, {'name': 'Location', 'value': 'Afghanistan', 'rank': 4}, {'name': 'Subject', 'value': 'Drones (Pilotless Planes)', 'rank': 5}, {'name': 'Person', 'value': 'Sayed, Khan (Sajna)', 'rank': 6}, {'name': 'Organization', 'value': 'Tehrik-e-Taliban', 'rank': 7}, {'name': 'Organization', 'value': 'Taliban', 'rank': 8}, {'name': 'Person', 'value': 'Mehsud, Hakimullah', 'rank': 9}, {'name': 'Location', 'value': 'United States', 'rank': 10}]",Foreign,16,A,2015-11-25 21:12:25+00:00,World,"Pakistani intelligence officials said that an American drone strike in Afghanistan had killed Khan Sayed, the leader of a breakaway faction of the Pakistani Taliban.",The New York Times,Asia Pacific,News,nyt://article/0ffe2534-82a9-5359-876d-96e3f691b88f,https://www.nytimes.com/2015/11/26/world/asia/afghanistan-pakistan-taliban-sajna.html,386,By Ihsanullah Tipu Mehsud,Pakistani Taliban Commander Reported Killed in Drone Strike in Afghanistan,,A Top Militant Is Reported Killed in Pakistan,"Khan Sayed, also known as Sajna, led a breakaway faction of the Pakistani Taliban.",European Pressphoto Agency,,0,0,https://static01.nyt.com/images/2015/11/26/world/26pakistan-web/26pakistan-web-thumbStandard.jpg,75,75,Pakistani Taliban Commander Reported Killed in Drone Strike in Afghanistan,"Pakistani Taliban Commander Reported Killed in Drone Strike in Afghanistan Pakistani intelligence officials said that an American drone strike in Afghanistan had killed Khan Sayed, the leader of a breakaway faction of the Pakistani Taliban. Pakistani intelligence officials said that an American drone strike in Afghanistan had killed Khan Sayed, the leader of a breakaway faction of the Pakistani Taliban."
"The dead, including women and children, were said to have been involved in a knife attack in September that left 50 people dead at a mine near the Kyrgyzstan border.",article,nyt://article/e02ba76f-8207-5328-b126-df2800727574,"[{'name': 'Location', 'value': 'China', 'rank': 1}, {'name': 'Subject', 'value': 'Uighurs (Chinese Ethnic Group)', 'rank': 2}, {'name': 'Location', 'value': 'Xinjiang (China)', 'rank': 3}, {'name': 'Organization', 'value': 'Amnesty International', 'rank': 4}, {'name': 'Subject', 'value': 'Terrorism', 'rank': 5}, {'name': 'Subject', 'value': 'Mines and Mining', 'rank': 6}, {'name': 'Subject', 'value': 'Police Brutality, Misconduct and Shootings', 'rank': 7}, {'name': 'Subject', 'value': 'Deaths (Fatalities)', 'rank': 8}]",Foreign,4,A,2015-11-18 16:21:03+00:00,World,"The dead, including women and children, were said to have been involved in a knife attack in September that left 50 people dead at a mine near the Kyrgyzstan border.",The New York Times,Asia Pacific,News,nyt://article/e02ba76f-8207-5328-b126-df2800727574,https://www.nytimes.com/2015/11/19/world/asia/police-in-china-kill-17-linked-to-mine-attack-report-says.html,607,By Javier C. Hernández,"Police in China Kill 17 Linked to Mine Attack, Report Says",,Police in China Said to Kill 17 Linked to Knife Attack at Mine,,,,0,0,,0,0,"Police in China Kill 17 Linked to Mine Attack, Report Says","Police in China Kill 17 Linked to Mine Attack, Report Says The dead, including women and children, were said to have been involved in a knife attack in September that left 50 people dead at a mine near the Kyrgyzstan border. The dead, including women and children, were said to have been involved in a knife attack in September that left 50 people dead at a mine near the Kyrgyzstan border."
"The reason for the arrest of the cartoonist, Hadi Heidari, was not clear. It came amid a crackdown against perceived Western infiltration, activists said.",article,nyt://article/cd773060-7f72-56b1-90f9-6bad988e6b3d,"[{'name': 'Location', 'value': 'Iran', 'rank': 1}, {'name': 'Person', 'value': 'Gladstone, Rick', 'rank': 2}, {'name': 'Subject', 'value': 'Cartoons and Cartoonists', 'rank': 3}, {'name': 'Person', 'value': 'Heidari, Hadi', 'rank': 4}, {'name': 'Subject', 'value': 'Newspapers', 'rank': 5}, {'name': 'Subject', 'value': 'Paris Attacks (November 2015)', 'rank': 6}, {'name': 'Subject', 'value': 'Terrorism', 'rank': 7}, {'name': 'Organization', 'value': 'International Federation of Red Cross and Red Crescent Societies', 'rank': 8}, {'name': 'Location', 'value': 'France', 'rank': 9}, {'name': 'Person', 'value': 'Khamenei, Ali', 'rank': 10}]",Foreign,13,A,2015-11-16 21:37:46+00:00,World,"The reason for the arrest of the cartoonist, Hadi Heidari, was not clear. It came amid a crackdown against perceived Western infiltration, activists said.",The New York Times,Middle East,News,nyt://article/cd773060-7f72-56b1-90f9-6bad988e6b3d,https://www.nytimes.com/2015/11/17/world/middleeast/prominent-iranian-cartoonist-reported-arrested-in-tehran.html,455,By Rick Gladstone,Prominent Iranian Cartoonist Reported Arrested in Tehran,,World Briefing | Middle East; Iran: Newspaper Cartoonist Is Arrested,,,,0,0,,0,0,Prominent Iranian Cartoonist Reported Arrested in Tehran,"Prominent Iranian Cartoonist Reported Arrested in Tehran The reason for the arrest of the cartoonist, Hadi Heidari, was not clear. It came amid a crackdown against perceived Western infiltration, activists said. The reason for the arrest of the cartoonist, Hadi Heidari, was not clear. It came amid a crackdown against perceived Western infiltration, activists said."
A Kurdistan government team plans to excavate the site to try to confirm suspicions of executed older Yazidi women whom the Islamic State did not want as sex slaves.,article,nyt://article/1bedc530-2c92-5e8b-9f39-1fc199d81228,"[{'name': 'Subject', 'value': 'Kurds', 'rank': 1}, {'name': 'Subject', 'value': 'Yazidi (Religious Sect)', 'rank': 2}, {'name': 'Location', 'value': 'Sinjar (Iraq)', 'rank': 3}, {'name': 'Organization', 'value': 'Islamic State in Iraq and Syria (ISIS)', 'rank': 4}]",Foreign,,,2015-11-14 23:27:43+00:00,World,A Kurdistan government team plans to excavate the site to try to confirm suspicions of executed older Yazidi women whom the Islamic State did not want as sex slaves.,The New York Times,Middle East,News,nyt://article/1bedc530-2c92-5e8b-9f39-1fc199d81228,https://www.nytimes.com/2015/11/15/world/middleeast/iraq-sinjar-kurds-mass-graves-yazidis.html,167,By Michael R. Gordon,Kurds Investigate Reports of Mass Grave of Yazidis in Sinjar,,,,,,0,0,,0,0,Kurds Investigate Reports of Mass Grave of Yazidis in Sinjar,Kurds Investigate Reports of Mass Grave of Yazidis in Sinjar A Kurdistan government team plans to excavate the site to try to confirm suspicions of executed older Yazidi women whom the Islamic State did not want as sex slaves. A Kurdistan government team plans to excavate the site to try to confirm suspicions of executed older Yazidi women whom the Islamic State did not want as sex slaves.
The report by a Kenyan watchdog group accuses the Kenyan military of making money on smuggling alongside the Shabab Islamist militants in Somalia.,article,nyt://article/4d52d8c6-48de-552e-aa0d-1d824993bb37,"[{'name': 'Person', 'value': 'Kron, Josh', 'rank': 1}, {'name': 'Organization', 'value': 'Shabab', 'rank': 2}, {'name': 'Location', 'value': 'Kenya', 'rank': 3}, {'name': 'Location', 'value': 'Somalia', 'rank': 4}, {'name': 'Organization', 'value': 'Journalists for Justice', 'rank': 5}, {'name': 'Subject', 'value': 'Smuggling', 'rank': 6}, {'name': 'Subject', 'value': 'Sugar', 'rank': 7}, {'name': 'Subject', 'value': 'Defense and Military Forces', 'rank': 8}, {'name': 'Subject', 'value': 'Corruption (Institutional)', 'rank': 9}]",Foreign,3,A,2015-11-13 02:12:15+00:00,World,The report by a Kenyan watchdog group accuses the Kenyan military of making money on smuggling alongside the Shabab Islamist militants in Somalia.,The New York Times,Africa,News,nyt://article/4d52d8c6-48de-552e-aa0d-1d824993bb37,https://www.nytimes.com/2015/11/13/world/africa/report-ties-kenyan-army-to-militants-smuggling.html,681,By Josh Kron,Report Ties Kenyan Army to Militants’ Smuggling ,,Report Ties Kenyan Army to Militants&#8217; Smuggling ,Kenyan and Somali troops in 2011 amid charcoal in Somalia that had been controlled by militants who used it for revenue.,Noor Khamis/Reuters,https://static01.nyt.com/images/2015/11/13/world/13kenya-sub/13kenya-sub-articleLarge.jpg,400,600,https://static01.nyt.com/images/2015/11/13/world/13kenya-sub/13kenya-sub-thumbStandard.jpg,75,75,Report Ties Kenyan Army to Militants’ Smuggling,Report Ties Kenyan Army to Militants’ Smuggling The report by a Kenyan watchdog group accuses the Kenyan military of making money on smuggling alongside the Shabab Islamist militants in Somalia. The report by a Kenyan watchdog group accuses the Kenyan military of making money on smuggling alongside the Shabab Islamist militants in Somalia.
"President Xi Jinping’s legal overhauls have not resulted in a more humane system, the Amnesty International report contended.",article,nyt://article/df9443d6-e5a4-5c1f-9b9d-433f7ae64217,"[{'name': 'Location', 'value': 'China', 'rank': 1}, {'name': 'Organization', 'value': 'Amnesty International', 'rank': 2}, {'name': 'Subject', 'value': 'Human Rights and Human Rights Violations', 'rank': 3}, {'name': 'Subject', 'value': 'Torture', 'rank': 4}, {'name': 'Subject', 'value': 'Legal Profession', 'rank': 5}, {'name': 'Person', 'value': 'Xi Jinping', 'rank': 6}]",Foreign,8,A,2015-11-12 13:07:23+00:00,World,"President Xi Jinping’s legal overhauls have not resulted in a more humane system, the Amnesty International report contended.",The New York Times,Asia Pacific,News,nyt://article/df9443d6-e5a4-5c1f-9b9d-433f7ae64217,https://www.nytimes.com/2015/11/13/world/asia/china-rights-lawyers-abuse-amnesty-international.html,518,By Javier C. Hernández,"Rights Lawyers in China Routinely Face Abuse, Report Says",,"World Briefing | Asia; China: Abuse Is Routine, Report Says",,,,0,0,,0,0,"Rights Lawyers in China Routinely Face Abuse, Report Says","Rights Lawyers in China Routinely Face Abuse, Report Says President Xi Jinping’s legal overhauls have not resulted in a more humane system, the Amnesty International report contended. President Xi Jinping’s legal overhauls have not resulted in a more humane system, the Amnesty International report contended."
"China has been using up to 17 percent more coal a year than reported. By some estimates, that means almost a billion more tons of carbon dioxide released annually.",article,nyt://article/3dbadfad-4de2-5035-8418-c7830c292f7c,"[{'name': 'Location', 'value': 'China', 'rank': 1}, {'name': 'Subject', 'value': 'Greenhouse Gas Emissions', 'rank': 2}, {'name': 'Subject', 'value': 'Coal', 'rank': 3}, {'name': 'Subject', 'value': 'Global Warming', 'rank': 4}, {'name': 'Subject', 'value': 'Mines and Mining', 'rank': 5}, {'name': 'Person', 'value': 'Xi Jinping', 'rank': 6}]",Foreign,1,A,2015-11-03 22:24:35+00:00,World,"China has been using up to 17 percent more coal a year than reported. By some estimates, that means almost a billion more tons of carbon dioxide released annually.",The New York Times,Asia Pacific,News,nyt://article/3dbadfad-4de2-5035-8418-c7830c292f7c,https://www.nytimes.com/2015/11/04/world/asia/china-burns-much-more-coal-than-reported-complicating-climate-talks.html,1198,By Chris Buckley,"China Burns Much More Coal Than Reported, Complicating Climate Talks",,China Is Burning Much More Coal Than It Claimed,"A train carrying coal passed through a station in Sichuan Province, China, in March.",Kevin Frayer/Getty Images,https://static01.nyt.com/images/2015/11/04/world/04chinacoal-web1/04chinacoal-web1-articleLarge.jpg,399,600,https://static01.nyt.com/images/2015/11/04/world/04chinacoal-web1/04chinacoal-web1-thumbStandard.jpg,75,75,"China Burns Much More Coal Than Reported, Complicating Climate Talks","China Burns Much More Coal Than Reported, Complicating Climate Talks China has been using up to 17 percent more coal a year than reported. By some estimates, that means almost a billion more tons of carbon dioxide released annually. China has been using up to 17 percent more coal a year than reported. By some estimates, that means almost a billion more tons of carbon dioxide released annually."
"The document, slated to be vetted by national security agencies before publication, will come after an inquiry that began in 2009 and has cost more than $15 million.",article,nyt://article/fb4a087f-8ee0-5619-87d8-1166f58df5f2,"[{'name': 'Person', 'value': 'Castle, Stephen', 'rank': 1}, {'name': 'Subject', 'value': 'Iraq War (2003-11)', 'rank': 2}, {'name': 'Location', 'value': 'Great Britain', 'rank': 3}, {'name': 'Organization', 'value': 'Labour Party (Great Britain)', 'rank': 4}, {'name': 'Person', 'value': 'Cameron, David', 'rank': 5}]",Foreign,9,A,2015-10-29 21:31:29+00:00,World,"The document, slated to be vetted by national security agencies before publication, will come after an inquiry that began in 2009 and has cost more than $15 million.",The New York Times,Europe,News,nyt://article/fb4a087f-8ee0-5619-87d8-1166f58df5f2,https://www.nytimes.com/2015/10/30/world/europe/delayed-report-on-britains-role-in-iraq-war-is-expected-in-summer.html,605,By Stephen Castle,Delayed Report on Britain’s Role in Iraq War Is Expected in Summer,,Report on British Role in Iraq War Expected in Summer,,,,0,0,,0,0,Delayed Report on Britain’s Role in Iraq War Is Expected in Summer,"Delayed Report on Britain’s Role in Iraq War Is Expected in Summer The document, slated to be vetted by national security agencies before publication, will come after an inquiry that began in 2009 and has cost more than $15 million. The document, slated to be vetted by national security agencies before publication, will come after an inquiry that began in 2009 and has cost more than $15 million."
Reporters in Istanbul covered the raid on their offices as the government seized control of a media group critical of the ruling party.,article,nyt://article/63a108c3-930d-5874-8545-0a444e646ae3,"[{'name': 'Location', 'value': 'Turkey', 'rank': 1}, {'name': 'Person', 'value': 'Erdogan, Recep Tayyip', 'rank': 2}, {'name': 'Subject', 'value': 'Freedom of the Press', 'rank': 3}, {'name': 'Person', 'value': 'Demirtas, Selahattin', 'rank': 4}, {'name': 'Subject', 'value': 'News and News Media', 'rank': 5}]",Foreign,,,2015-10-29 01:15:21+00:00,World,Reporters in Istanbul covered the raid on their offices as the government seized control of a media group critical of the ruling party.,The New York Times,Europe,News,nyt://article/63a108c3-930d-5874-8545-0a444e646ae3,https://www.nytimes.com/2015/10/29/world/europe/turkish-journalists-report-police-raid-on-their-own-offices.html,414,By Robert Mackey,Turkish Journalists Report Police Raid on Their Own Offices,Open Source,Turkish Journalists Report Police Raid on Their Own Offices,Turkish police confronted journalists for Bugun TV and KanalTurk on Wednesday outside their Istanbul studio.,Mehmet Ali Poyraz/Agence France-Presse — Getty Images,https://static01.nyt.com/images/2015/10/28/world/europe/28open_turkey/28open_turkey-articleLarge.jpg,399,600,https://static01.nyt.com/images/2015/10/28/world/europe/28open_turkey/28open_turkey-thumbStandard.jpg,75,75,Turkish Journalists Report Police Raid on Their Own Offices,Turkish Journalists Report Police Raid on Their Own Offices Reporters in Istanbul covered the raid on their offices as the government seized control of a media group critical of the ruling party. Reporters in Istanbul covered the raid on their offices as the government seized control of a media group critical of the ruling party.
"Many online comments have directed their scorn not at the report that may deprive them of their favorite foods, but at the domestic food industry in China.",article,nyt://article/7fc497b0-611c-571f-8dc7-525210d863e2,"[{'name': 'Subject', 'value': 'Food', 'rank': 1}, {'name': 'Subject', 'value': 'Food Contamination and Poisoning', 'rank': 2}, {'name': 'Subject', 'value': 'Meat', 'rank': 3}, {'name': 'Organization', 'value': 'International Agency for Research on Cancer', 'rank': 4}, {'name': 'Organization', 'value': 'Shuanghui International', 'rank': 5}, {'name': 'Organization', 'value': 'World Health Organization', 'rank': 6}, {'name': 'Location', 'value': 'China', 'rank': 7}]",Foreign,,,2015-10-28 10:36:25+00:00,World,"Many online comments have directed their scorn not at the report that may deprive them of their favorite foods, but at the domestic food industry in China.",The New York Times,Asia Pacific,News,nyt://article/7fc497b0-611c-571f-8dc7-525210d863e2,https://sinosphere.blogs.nytimes.com/2015/10/28/china-meat-w-h-o-cancer/,582,By Didi Kirsten Tatlow,Some Chinese Take Aim at Meat Industry After W.H.O. Report on Cancer Risks,Sinosphere,,,,,0,0,,0,0,Some Chinese Take Aim at Meat Industry After W.H.O. Report on Cancer Risks,"Some Chinese Take Aim at Meat Industry After W.H.O. Report on Cancer Risks Many online comments have directed their scorn not at the report that may deprive them of their favorite foods, but at the domestic food industry in China. Many online comments have directed their scorn not at the report that may deprive them of their favorite foods, but at the domestic food industry in China."
"The secretive industry driving armed conflict and rampant drug abuse was worth as much as $31 billion in 2014, almost half of the nation’s entire gross domestic product, according to a report.",article,nyt://article/7f0c85fd-6b0f-564a-b282-b4537769f1ce,"[{'name': 'Person', 'value': 'Levin, Dan', 'rank': 1}, {'name': 'Location', 'value': 'Myanmar', 'rank': 2}, {'name': 'Subject', 'value': 'Jade', 'rank': 3}, {'name': 'Subject', 'value': 'Smuggling', 'rank': 4}, {'name': 'Location', 'value': 'China', 'rank': 5}, {'name': 'Subject', 'value': 'Corruption (Institutional)', 'rank': 6}, {'name': 'Subject', 'value': 'Robberies and Thefts', 'rank': 7}, {'name': 'Subject', 'value': 'Human Rights and Human Rights Violations', 'rank': 8}, {'name': 'Subject', 'value': 'Mines and Mining', 'rank': 9}, {'name': 'Subject', 'value': 'Drug Abuse and Traffic', 'rank': 10}, {'name': 'Organization', 'value': 'Global Witness', 'rank': 11}]",Foreign,10,A,2015-10-23 02:00:58+00:00,World,"The secretive industry driving armed conflict and rampant drug abuse was worth as much as $31 billion in 2014, almost half of the nation’s entire gross domestic product, according to a report.",The New York Times,Asia Pacific,News,nyt://article/7f0c85fd-6b0f-564a-b282-b4537769f1ce,https://www.nytimes.com/2015/10/23/world/asia/myanmars-jade-trade-is-a-dollar31-billion-heist-report-says.html,669,By Dan Levin,"Myanmar’s Jade Trade Is a $31 Billion ‘Heist,’ Report Says",,"Myanmar&#8217;s Jade Trade Is a $31 Billion &#8216;Heist,&#8217; Report Says",,Adam Dean for The New York Times,https://static01.nyt.com/images/2014/12/02/world/jade-video/jade-video-articleLarge.jpg,337,600,https://static01.nyt.com/images/2014/12/02/world/jade-video/jade-video-thumbStandard-v3.jpg,75,75,"Myanmar’s Jade Trade Is a $31 Billion ‘Heist,’ Report Says","Myanmar’s Jade Trade Is a $31 Billion ‘Heist,’ Report Says The secretive industry driving armed conflict and rampant drug abuse was worth as much as $31 billion in 2014, almost half of the nation’s entire gross domestic product, according to a report. The secretive industry driving armed conflict and rampant drug abuse was worth as much as $31 billion in 2014, almost half of the nation’s entire gross domestic product, according to a report."
"A report published by an Italian newspaper that said the pope had a treatable brain tumor fueled suspicion about Francis’ health, which the Vatican denied.",article,nyt://article/01aa3906-c29f-5f26-bb5a-93fc59ebd4a6,"[{'name': 'Person', 'value': 'Francis', 'rank': 1}, {'name': 'Person', 'value': 'Pianigiani, Gaia', 'rank': 2}, {'name': 'Person', 'value': 'Goodstein, Laurie', 'rank': 3}, {'name': 'Organization', 'value': 'Roman Catholic Church', 'rank': 4}, {'name': 'Subject', 'value': 'News and News Media', 'rank': 5}, {'name': 'Organization', 'value': 'Quotidiano Nazionale', 'rank': 6}, {'name': 'Person', 'value': 'Fukushima, Takanori (1942- )', 'rank': 7}]",Foreign,12,A,2015-10-22 23:00:24+00:00,World,"A report published by an Italian newspaper that said the pope had a treatable brain tumor fueled suspicion about Francis’ health, which the Vatican denied.",The New York Times,Europe,News,nyt://article/01aa3906-c29f-5f26-bb5a-93fc59ebd4a6,https://www.nytimes.com/2015/10/23/world/europe/a-whiff-of-intrigue-as-vatican-disputes-unfounded-report-on-pope-francis-health.html,820,By Laurie Goodstein and Gaia Pianigiani,A Whiff of Intrigue as Vatican Disputes ‘Unfounded’ Report on Pope Francis’ Health,,Whiff of Intrigue as Vatican Disputes &#8216;Unfounded&#8217; Report on Francis&#8217; Health ,,Alessandro Bianchi/Reuters,https://static01.nyt.com/images/2015/10/22/multimedia/pope-tumor-false-rumor/pope-tumor-false-rumor-articleLarge.jpg,403,600,https://static01.nyt.com/images/2015/10/22/multimedia/pope-tumor-false-rumor/pope-tumor-false-rumor-thumbStandard.jpg,75,75,A Whiff of Intrigue as Vatican Disputes ‘Unfounded’ Report on Pope Francis’ Health,"A Whiff of Intrigue as Vatican Disputes ‘Unfounded’ Report on Pope Francis’ Health A report published by an Italian newspaper that said the pope had a treatable brain tumor fueled suspicion about Francis’ health, which the Vatican denied. A report published by an Italian newspaper that said the pope had a treatable brain tumor fueled suspicion about Francis’ health, which the Vatican denied."
"The report by Human Rights Watch said 25 people had been killed in the southern Terai region, where there were protests against the new Constitution.",article,nyt://article/cc026f6d-07e4-5b50-8516-b7a69617c08b,"[{'name': 'Location', 'value': 'Nepal', 'rank': 1}, {'name': 'Person', 'value': 'Bearak, Max', 'rank': 2}, {'name': 'Subject', 'value': 'Constitutions', 'rank': 3}, {'name': 'Subject', 'value': 'Demonstrations, Protests and Riots', 'rank': 4}, {'name': 'Organization', 'value': 'Human Rights Watch', 'rank': 5}, {'name': 'Subject', 'value': 'Human Rights and Human Rights Violations', 'rank': 6}]",Foreign,9,A,2015-10-16 21:54:57+00:00,World,"The report by Human Rights Watch said 25 people had been killed in the southern Terai region, where there were protests against the new Constitution.",The New York Times,Asia Pacific,News,nyt://article/cc026f6d-07e4-5b50-8516-b7a69617c08b,https://www.nytimes.com/2015/10/17/world/asia/report-on-nepal-protests-details-grisly-violence.html,973,By Max Bearak,Report on Nepal Protests Details Grisly Violence,,Report on Protests Against Nepal&#8217;s New Constitution Details Grisly Violence ,"Nepalese police officers faced protesters dissatisfied with the Constitution last month in Birgunj, a town bordering India that a report said was shaken by violence.",Ram Sarraf/Associated Press,https://static01.nyt.com/images/2015/10/17/world/NEPAL1/NEPAL1-articleLarge.jpg,403,600,https://static01.nyt.com/images/2015/10/17/world/NEPAL1/NEPAL1-thumbStandard-v2.jpg,75,75,Report on Nepal Protests Details Grisly Violence,"Report on Nepal Protests Details Grisly Violence The report by Human Rights Watch said 25 people had been killed in the southern Terai region, where there were protests against the new Constitution. The report by Human Rights Watch said 25 people had been killed in the southern Terai region, where there were protests against the new Constitution."
Tehran appeared to be trying to position the case of the Washington Post correspondent as part of a broader effort to get detained Iranians released.,article,nyt://article/3ffe199a-805e-5a98-972f-5d5b1ae81868,"[{'name': 'Location', 'value': 'Iran', 'rank': 1}, {'name': 'Person', 'value': 'Erdbrink, Thomas', 'rank': 2}, {'name': 'Person', 'value': 'Rezaian, Jason', 'rank': 3}, {'name': 'Organization', 'value': 'Washington Post', 'rank': 4}, {'name': 'Subject', 'value': 'Political Prisoners', 'rank': 5}, {'name': 'Person', 'value': 'Baron, Martin D', 'rank': 6}, {'name': 'Person', 'value': 'Rezaian, Ali', 'rank': 7}, {'name': 'Subject', 'value': 'News and News Media', 'rank': 8}]",Foreign,10,A,2015-10-12 11:39:21+00:00,World,Tehran appeared to be trying to position the case of the Washington Post correspondent as part of a broader effort to get detained Iranians released.,The New York Times,Middle East,News,nyt://article/3ffe199a-805e-5a98-972f-5d5b1ae81868,https://www.nytimes.com/2015/10/13/world/middleeast/jason-rezaian-washington-post-conviction-iran.html,730,By Thomas Erdbrink,"Amid Report of Jason Rezaian’s Conviction, Iran Hints at Prisoner Exchange",,U.S. Journalist Is Reported Convicted as Iran Hints at a Swap,"The Washington Post reporter Jason Rezaian, in 2013.","Zoeann Murphy/Washington Post, via Reuters",https://static01.nyt.com/images/2015/10/13/world/13Iran2-web/13Iran2-web-articleLarge.jpg,385,600,https://static01.nyt.com/images/2015/10/13/world/13Iran2-web/13Iran2-web-thumbStandard.jpg,75,75,"Amid Report of Jason Rezaian’s Conviction, Iran Hints at Prisoner Exchange","Amid Report of Jason Rezaian’s Conviction, Iran Hints at Prisoner Exchange Tehran appeared to be trying to position the case of the Washington Post correspondent as part of a broader effort to get detained Iranians released. Tehran appeared to be trying to position the case of the Washington Post correspondent as part of a broader effort to get detained Iranians released."
The World Health Organization has warned that Ebola could still come back because more than 500 people in Guinea who may have been exposed are still being monitored.,article,nyt://article/c1ea277f-f395-5ec0-8c67-ff1e04b12d10,"[{'name': 'Person', 'value': 'Grady, Denise', 'rank': 1}, {'name': 'Organization', 'value': 'World Health Organization', 'rank': 2}, {'name': 'Subject', 'value': 'Ebola Virus', 'rank': 3}, {'name': 'Location', 'value': 'Guinea', 'rank': 4}, {'name': 'Location', 'value': 'Africa', 'rank': 5}, {'name': 'Subject', 'value': 'Epidemics', 'rank': 6}, {'name': 'Location', 'value': 'Liberia', 'rank': 7}, {'name': 'Location', 'value': 'Sierra Leone', 'rank': 8}]",Foreign,14,A,2015-10-08 00:23:01+00:00,World,The World Health Organization has warned that Ebola could still come back because more than 500 people in Guinea who may have been exposed are still being monitored.,The New York Times,Africa,Brief,nyt://article/c1ea277f-f395-5ec0-8c67-ff1e04b12d10,https://www.nytimes.com/2015/10/08/world/africa/no-new-ebola-cases-were-reported-in-the-past-week-health-agency-says.html,108,By Denise Grady,"No New Ebola Cases Were Reported in the Past Week, Health Agency Says",World Briefing,"Africa; No New Ebola Cases Were Reported in the Past Week, Health Agency Says",,,,0,0,,0,0,"No New Ebola Cases Were Reported in the Past Week, Health Agency Says","No New Ebola Cases Were Reported in the Past Week, Health Agency Says The World Health Organization has warned that Ebola could still come back because more than 500 people in Guinea who may have been exposed are still being monitored. The World Health Organization has warned that Ebola could still come back because more than 500 people in Guinea who may have been exposed are still being monitored."
"Residents began to emerge in those parts of the city under government control, amid new reports of another provincial city coming under Taliban attack.",article,nyt://article/11de0fe4-7efa-5a52-bb9c-643bcefca773,"[{'name': 'Organization', 'value': 'Afghan National Security Forces', 'rank': 1}, {'name': 'Person', 'value': 'Rubin, Alissa Johannsen', 'rank': 2}, {'name': 'Location', 'value': 'Afghanistan', 'rank': 3}, {'name': 'Organization', 'value': 'Taliban', 'rank': 4}, {'name': 'Location', 'value': 'Kunduz (Afghanistan)', 'rank': 5}, {'name': 'Organization', 'value': 'North Atlantic Treaty Organization', 'rank': 6}, {'name': 'Person', 'value': 'Ghani, Ashraf', 'rank': 7}, {'name': 'Person', 'value': 'Campbell, John F (1957- )', 'rank': 8}, {'name': 'Subject', 'value': 'United States Defense and Military Forces', 'rank': 9}]",Foreign,7,A,2015-10-05 11:27:48+00:00,World,"Residents began to emerge in those parts of the city under government control, amid new reports of another provincial city coming under Taliban attack.",The New York Times,Asia Pacific,News,nyt://article/11de0fe4-7efa-5a52-bb9c-643bcefca773,https://www.nytimes.com/2015/10/06/world/asia/kunduz-afghanistan-taliban.html,1005,By Alissa J. Rubin,Afghan Forces Report Progress in Kunduz as Taliban Press Other Fronts,,Afghan Forces Report Progress in Kunduz as Taliban Press Other Fronts,Afghans donated blood for those injured in the fighting in Kunduz on Monday in Kabul.,Hedayatullah Amid/European Pressphoto Agency,https://static01.nyt.com/images/2015/10/06/world/06afghanistan2-web/06afghanistan2-web-articleLarge.jpg,402,600,https://static01.nyt.com/images/2015/10/06/world/06afghanistan2-web/06afghanistan2-web-thumbStandard-v2.jpg,75,75,Afghan Forces Report Progress in Kunduz as Taliban Press Other Fronts,"Afghan Forces Report Progress in Kunduz as Taliban Press Other Fronts Residents began to emerge in those parts of the city under government control, amid new reports of another provincial city coming under Taliban attack. Residents began to emerge in those parts of the city under government control, amid new reports of another provincial city coming under Taliban attack."
"In clearing a buffer zone to crack down on Islamic insurgents, Egypt has destroyed 3,255 homes — four times the number it said would be, according to Human Rights Watch.",article,nyt://article/abb33c02-fa2d-5845-99c1-11b633fdde15,"[{'name': 'Person', 'value': 'Kirkpatrick, David D', 'rank': 1}, {'name': 'Location', 'value': 'Egypt', 'rank': 2}, {'name': 'Location', 'value': 'Sinai Peninsula (Egypt)', 'rank': 3}, {'name': 'Location', 'value': 'Gaza Strip', 'rank': 4}, {'name': 'Location', 'value': 'Israel', 'rank': 5}, {'name': 'Organization', 'value': 'Human Rights Watch', 'rank': 6}, {'name': 'Subject', 'value': 'Demolition', 'rank': 7}, {'name': 'Person', 'value': 'Sisi, Abdel Fattah el-', 'rank': 8}, {'name': 'Subject', 'value': 'Human Rights and Human Rights Violations', 'rank': 9}, {'name': 'Subject', 'value': 'United States Defense and Military Forces', 'rank': 10}]",Foreign,8,A,2015-09-22 04:01:04+00:00,World,"In clearing a buffer zone to crack down on Islamic insurgents, Egypt has destroyed 3,255 homes — four times the number it said would be, according to Human Rights Watch.",The New York Times,Middle East,News,nyt://article/abb33c02-fa2d-5845-99c1-11b633fdde15,https://www.nytimes.com/2015/09/22/world/egypt-destroying-far-more-homes-than-buffer-zone-plan-called-for-report-says.html,928,By David D. Kirkpatrick,"Egypt Destroying Far More Homes Than Buffer-Zone Plan Called For, Report Says",,"Egypt Destroying Far More Homes Than Buffer-Zone Plan Called For, Report Says",,,,0,0,,0,0,"Egypt Destroying Far More Homes Than Buffer-Zone Plan Called For, Report Says","Egypt Destroying Far More Homes Than Buffer-Zone Plan Called For, Report Says In clearing a buffer zone to crack down on Islamic insurgents, Egypt has destroyed 3,255 homes — four times the number it said would be, according to Human Rights Watch. In clearing a buffer zone to crack down on Islamic insurgents, Egypt has destroyed 3,255 homes — four times the number it said would be, according to Human Rights Watch."
"Aid groups say the photograph of Aylan Kurdi, the Syrian toddler who drowned, was a catalyst.",article,nyt://article/19aad599-7eaa-5dcd-a7f9-6624aaec4498,"[{'name': 'Subject', 'value': 'Refugees and Displaced Persons', 'rank': 1}, {'name': 'Subject', 'value': 'Humanitarian Aid', 'rank': 2}, {'name': 'Person', 'value': 'Kurdi, Aylan (2011-15)', 'rank': 3}, {'name': 'Location', 'value': 'Syria', 'rank': 4}]",Foreign,,,2015-09-11 14:47:23+00:00,World,"Aid groups say the photograph of Aylan Kurdi, the Syrian toddler who drowned, was a catalyst.",The New York Times,,News,nyt://article/19aad599-7eaa-5dcd-a7f9-6624aaec4498,https://www.nytimes.com/2015/09/12/world/donations-for-refugees-surging-american-charities-report.html,365,By Rick Gladstone and Karen Zraick,"Donations for Refugees Surging, American Charities Report",,,Migrants walked toward Vienna after crossing the Hungarian-Austrian border on Friday.,Ronald Zak/Associated Press,https://static01.nyt.com/images/2015/09/12/world/12CHARITIES-LIST/12CHARITIES-LIST-articleLarge.jpg,359,600,https://static01.nyt.com/images/2015/09/12/world/12CHARITIES-LIST/12CHARITIES-LIST-thumbStandard.jpg,75,75,"Donations for Refugees Surging, American Charities Report","Donations for Refugees Surging, American Charities Report Aid groups say the photograph of Aylan Kurdi, the Syrian toddler who drowned, was a catalyst. Aid groups say the photograph of Aylan Kurdi, the Syrian toddler who drowned, was a catalyst."
A World Bank study said 90 percent of the countries surveyed have at least one law that discriminates against women.,article,nyt://article/06c6ddac-3880-5d82-be8a-f46201eeb25e,"[{'name': 'Person', 'value': 'Sengupta, Somini', 'rank': 1}, {'name': 'Organization', 'value': 'World Bank', 'rank': 2}, {'name': 'Subject', 'value': 'Women and Girls', 'rank': 3}, {'name': 'Subject', 'value': 'Discrimination', 'rank': 4}, {'name': 'Location', 'value': 'Russia', 'rank': 5}, {'name': 'Location', 'value': 'Iran', 'rank': 6}, {'name': 'Location', 'value': 'Qatar', 'rank': 7}, {'name': 'Organization', 'value': 'Equality Now', 'rank': 8}, {'name': 'Location', 'value': 'United States', 'rank': 9}, {'name': 'Organization', 'value': 'International Monetary Fund', 'rank': 10}, {'name': 'Location', 'value': 'France', 'rank': 11}, {'name': 'Subject', 'value': 'Family Leaves', 'rank': 12}]",Foreign,15,A,2015-09-10 00:18:47+00:00,World,A World Bank study said 90 percent of the countries surveyed have at least one law that discriminates against women.,The New York Times,,News,nyt://article/06c6ddac-3880-5d82-be8a-f46201eeb25e,https://www.nytimes.com/2015/09/10/world/report-finds-most-nations-hinder-women.html,503,By Somini Sengupta,Report Finds Most Nations Hinder Women,,Report Finds Most Nations Hinder Women,,,,0,0,,0,0,Report Finds Most Nations Hinder Women,Report Finds Most Nations Hinder Women A World Bank study said 90 percent of the countries surveyed have at least one law that discriminates against women. A World Bank study said 90 percent of the countries surveyed have at least one law that discriminates against women.
An independent inquiry contradicting the official account has renewed parents’ hopes and has brought new cynicism into the public’s perceptions of its leaders.,article,nyt://article/cbe4a4e9-5645-5b99-a981-07e83795ee6d,"[{'name': 'Subject', 'value': 'Murders, Attempted Murders and Homicides', 'rank': 1}, {'name': 'Person', 'value': 'Ahmed, Azam', 'rank': 2}, {'name': 'Subject', 'value': 'Missing Persons', 'rank': 3}, {'name': 'Person', 'value': 'Pena Nieto, Enrique', 'rank': 4}, {'name': 'Subject', 'value': 'Corruption (Institutional)', 'rank': 5}, {'name': 'Location', 'value': 'Mexico', 'rank': 6}, {'name': 'Organization', 'value': 'Institutional Revolutionary Party (Mexico)', 'rank': 7}]",Foreign,1,A,2015-09-09 23:27:47+00:00,World,An independent inquiry contradicting the official account has renewed parents’ hopes and has brought new cynicism into the public’s perceptions of its leaders.,The New York Times,Americas,News,nyt://article/cbe4a4e9-5645-5b99-a981-07e83795ee6d,https://www.nytimes.com/2015/09/10/world/americas/report-on-missing-students-reverberates-through-mexico.html,1227,By Azam Ahmed,Report Renews Hope and Doubt on Missing Students in Mexico,,Report Renews Hope and Doubt on Missing Students in Mexico ,Relatives marched last month to mark the 11-month anniversary of the disappearance of 43 Mexican college students.,Henry Romero/Reuters,https://static01.nyt.com/images/2015/09/10/world/10mexico/10mexico-articleLarge.jpg,404,600,https://static01.nyt.com/images/2015/09/10/world/10mexico/10mexico-thumbStandard-v2.jpg,75,75,Report Renews Hope and Doubt on Missing Students in Mexico,Report Renews Hope and Doubt on Missing Students in Mexico An independent inquiry contradicting the official account has renewed parents’ hopes and has brought new cynicism into the public’s perceptions of its leaders. An independent inquiry contradicting the official account has renewed parents’ hopes and has brought new cynicism into the public’s perceptions of its leaders.
"The report by Human Rights Watch, based on interviews with 212 victims and witnesses, describes two campaigns of killings and mass rape since early 2014.",article,nyt://article/7c122971-47cc-5794-92f0-fc3f59a0e0eb,"[{'name': 'Person', 'value': 'Gladstone, Rick', 'rank': 1}, {'name': 'Location', 'value': 'Darfur (Sudan)', 'rank': 2}, {'name': 'Organization', 'value': 'Human Rights Watch', 'rank': 3}, {'name': 'Location', 'value': 'Sudan', 'rank': 4}, {'name': 'Subject', 'value': 'War Crimes, Genocide and Crimes Against Humanity', 'rank': 5}, {'name': 'Person', 'value': 'Bashir, Omar Hassan Al-', 'rank': 6}]",Foreign,6,A,2015-09-09 20:45:59+00:00,World,"The report by Human Rights Watch, based on interviews with 212 victims and witnesses, describes two campaigns of killings and mass rape since early 2014.",The New York Times,Africa,News,nyt://article/7c122971-47cc-5794-92f0-fc3f59a0e0eb,https://www.nytimes.com/2015/09/10/world/africa/sudan-darfur-human-rights-watch-report.html,553,By Rick Gladstone,Report Details New Atrocities in Darfur by Sudanese Force,,Study Finds New Atrocities in Darfur,"Government forces drive through a village in the Darfur region of Sudan, where Human Rights Watch says campaigns of mass killing and rape are again occurring.",Abd Raouf/Associated Press,https://static01.nyt.com/images/2015/09/10/world/10darfur/10darfur-articleLarge.jpg,402,600,https://static01.nyt.com/images/2015/09/10/world/10darfur/10darfur-thumbStandard.jpg,75,75,Report Details New Atrocities in Darfur by Sudanese Force,"Report Details New Atrocities in Darfur by Sudanese Force The report by Human Rights Watch, based on interviews with 212 victims and witnesses, describes two campaigns of killings and mass rape since early 2014. The report by Human Rights Watch, based on interviews with 212 victims and witnesses, describes two campaigns of killings and mass rape since early 2014."
"The insensitivity toward the victims and the focus on stability in a city government’s announcement prompted heated criticism online and censure from Xinhua, China’s state news agency.",article,nyt://article/76de0487-0e5c-5540-845f-3574ac780b40,"[{'name': 'Location', 'value': 'Dongying', 'rank': 1}, {'name': 'Subject', 'value': 'Chemicals', 'rank': 2}, {'name': 'Subject', 'value': 'Deaths (Fatalities)', 'rank': 3}, {'name': 'Subject', 'value': 'Explosions (Accidental)', 'rank': 4}, {'name': 'Organization', 'value': 'Xinhua', 'rank': 5}, {'name': 'Location', 'value': 'China', 'rank': 6}, {'name': 'Location', 'value': 'Dongying (China)', 'rank': 7}, {'name': 'Location', 'value': 'Shandong Province (China)', 'rank': 8}, {'name': 'Location', 'value': 'Tianjin (China)', 'rank': 9}]",Foreign,,,2015-09-07 09:51:46+00:00,World,"The insensitivity toward the victims and the focus on stability in a city government’s announcement prompted heated criticism online and censure from Xinhua, China’s state news agency.",The New York Times,Asia Pacific,News,nyt://article/76de0487-0e5c-5540-845f-3574ac780b40,https://sinosphere.blogs.nytimes.com/2015/09/07/dongying-shandong-chemical-explosion/,431,By Austin Ramzy,Report on Toll From Shandong Blast Is Called ‘Coldblooded’,Sinosphere,,The explosion at the Shandong Binyuan Chemical Company in Lijin County left at least 13 people dead.,"Lou Chen/Xinhua, via Associated Press",https://static01.nyt.com/images/2015/09/08/world/07sino-blast01/07sino-blast01-articleLarge.jpg,398,600,https://static01.nyt.com/images/2015/09/08/world/07sino-blast01/07sino-blast01-thumbStandard-v2.jpg,75,75,Report on Toll From Shandong Blast Is Called ‘Coldblooded’,"Report on Toll From Shandong Blast Is Called ‘Coldblooded’ The insensitivity toward the victims and the focus on stability in a city government’s announcement prompted heated criticism online and censure from Xinhua, China’s state news agency. The insensitivity toward the victims and the focus on stability in a city government’s announcement prompted heated criticism online and censure from Xinhua, China’s state news agency."
"A report indicated that the bombs have been documented in armed conflicts in Libya, Sudan, Syria, Ukraine and Yemen.",article,nyt://article/ce546236-0623-56dd-88b2-b9162d82db2d,"[{'name': 'Person', 'value': 'Gladstone, Rick', 'rank': 1}, {'name': 'Subject', 'value': 'Cluster Munitions', 'rank': 2}, {'name': 'Subject', 'value': 'Arms Control and Limitation and Disarmament', 'rank': 3}, {'name': 'Subject', 'value': 'Bombs and Explosives', 'rank': 4}, {'name': 'Location', 'value': 'Libya', 'rank': 5}, {'name': 'Location', 'value': 'Sudan', 'rank': 6}, {'name': 'Location', 'value': 'Syria', 'rank': 7}, {'name': 'Location', 'value': 'Ukraine', 'rank': 8}, {'name': 'Location', 'value': 'Yemen', 'rank': 9}, {'name': 'Organization', 'value': 'Cluster Munition Coalition', 'rank': 10}, {'name': 'Location', 'value': 'United States', 'rank': 11}]",Foreign,11,A,2015-09-03 08:11:41+00:00,World,"A report indicated that the bombs have been documented in armed conflicts in Libya, Sudan, Syria, Ukraine and Yemen.",The New York Times,,News,nyt://article/ce546236-0623-56dd-88b2-b9162d82db2d,https://www.nytimes.com/2015/09/04/world/banned-cluster-bombs-were-used-in-five-countries-report-says.html,693,By Rick Gladstone,"Banned Cluster Bombs Were Used in Five Countries, Report Says",,Report Notes Use of Cluster Bombs,,Tyler Hicks/The New York Times,https://static01.nyt.com/images/2015/09/03/world/syria-cluster-bombs/syria-cluster-bombs-articleLarge.jpg,400,600,https://static01.nyt.com/images/2015/09/03/world/syria-cluster-bombs/syria-cluster-bombs-thumbStandard.jpg,75,75,"Banned Cluster Bombs Were Used in Five Countries, Report Says","Banned Cluster Bombs Were Used in Five Countries, Report Says A report indicated that the bombs have been documented in armed conflicts in Libya, Sudan, Syria, Ukraine and Yemen. A report indicated that the bombs have been documented in armed conflicts in Libya, Sudan, Syria, Ukraine and Yemen."
"The Saudi-led military coalition killed workers at a water plant on Sunday, the plant’s owner said, while a coalition spokesman said Houthi rebels had made explosive devices at the site.",article,nyt://article/dbcb9124-2c03-55d2-979c-c30f02b44fa7,"[{'name': '', 'value': '', 'rank': 1}, {'name': 'Location', 'value': 'Yemen', 'rank': 2}, {'name': 'Subject', 'value': 'Bombs and Explosives', 'rank': 3}, {'name': 'Location', 'value': 'Saudi Arabia', 'rank': 4}, {'name': 'Subject', 'value': 'Civilian Casualties', 'rank': 5}, {'name': 'Organization', 'value': 'Houthis', 'rank': 6}, {'name': 'Organization', 'value': 'Save the Children', 'rank': 7}, {'name': 'Subject', 'value': 'Defense and Military Forces', 'rank': 8}]",Foreign,5,A,2015-08-31 01:09:00+00:00,World,"The Saudi-led military coalition killed workers at a water plant on Sunday, the plant’s owner said, while a coalition spokesman said Houthi rebels had made explosive devices at the site.",The New York Times,Middle East,News,nyt://article/dbcb9124-2c03-55d2-979c-c30f02b44fa7,https://www.nytimes.com/2015/08/31/world/middleeast/civilians-reported-dead-in-yemen-saudi-strikes.html,345,By Saeed Al-Batati, At Least 13 Reported Dead in Yemen Strikes ,, At Least 13 Reported Dead in Yemen Strikes ,,,,0,0,,0,0,At Least 13 Reported Dead in Yemen Strikes,"At Least 13 Reported Dead in Yemen Strikes The Saudi-led military coalition killed workers at a water plant on Sunday, the plant’s owner said, while a coalition spokesman said Houthi rebels had made explosive devices at the site. The Saudi-led military coalition killed workers at a water plant on Sunday, the plant’s owner said, while a coalition spokesman said Houthi rebels had made explosive devices at the site."
The death of a 67-year-old woman was confirmed less than a week after the country’s last known patient was discharged from a hospital.,article,nyt://article/880496f4-bd78-5785-a505-41a1ef02efea,"[{'name': 'Location', 'value': 'Sierra Leone', 'rank': 1}, {'name': 'Subject', 'value': 'Ebola Virus', 'rank': 2}, {'name': 'Subject', 'value': 'Epidemics', 'rank': 3}, {'name': 'Organization', 'value': 'World Health Organization', 'rank': 4}, {'name': 'Subject', 'value': 'Deaths (Fatalities)', 'rank': 5}]",Foreign,7,A,2015-08-30 22:59:46+00:00,World,The death of a 67-year-old woman was confirmed less than a week after the country’s last known patient was discharged from a hospital.,The New York Times,Africa,News,nyt://article/880496f4-bd78-5785-a505-41a1ef02efea,https://www.nytimes.com/2015/08/31/world/africa/sierra-leone-reports-ebola-death.html,208,By The Associated Press,Sierra Leone Reports Ebola Death,,Sierra Leone Reports Ebola Death,,,,0,0,,0,0,Sierra Leone Reports Ebola Death,Sierra Leone Reports Ebola Death The death of a 67-year-old woman was confirmed less than a week after the country’s last known patient was discharged from a hospital. The death of a 67-year-old woman was confirmed less than a week after the country’s last known patient was discharged from a hospital.
"Mr. Hussain, a 21-year-old Briton, hacked into American military networks and was a central figure in the Islamic State’s online recruitment campaign.",article,nyt://article/493b338c-995f-5a2c-8e15-ab4fdfcf4a1b,"[{'name': 'Person', 'value': 'De Freytas-Tamura, Kimiko', 'rank': 1}, {'name': 'Person', 'value': 'Hussain, Junaid (1994-2015)', 'rank': 2}, {'name': 'Organization', 'value': 'Islamic State in Iraq and Syria (ISIS)', 'rank': 3}, {'name': 'Location', 'value': 'Syria', 'rank': 4}, {'name': 'Location', 'value': 'Great Britain', 'rank': 5}, {'name': 'Subject', 'value': 'Cyberwarfare and Defense', 'rank': 6}, {'name': 'Subject', 'value': 'Targeted Killings', 'rank': 7}, {'name': 'Subject', 'value': 'Terrorism', 'rank': 8}, {'name': 'Subject', 'value': 'United States Defense and Military Forces', 'rank': 9}, {'name': 'Organization', 'value': 'CyberCaliphate', 'rank': 10}]",Foreign,3,A,2015-08-27 16:50:55+00:00,World,"Mr. Hussain, a 21-year-old Briton, hacked into American military networks and was a central figure in the Islamic State’s online recruitment campaign.",The New York Times,Middle East,News,nyt://article/493b338c-995f-5a2c-8e15-ab4fdfcf4a1b,https://www.nytimes.com/2015/08/28/world/middleeast/junaid-hussain-islamic-state-recruiter-killed.html,770,By Kimiko de Freytas-Tamura,"Junaid Hussain, ISIS Recruiter, Reported Killed in Airstrike",,Briton Who Recruited Online for ISIS Is Reported Killed ,,,,0,0,,0,0,"Junaid Hussain, ISIS Recruiter, Reported Killed in Airstrike","Junaid Hussain, ISIS Recruiter, Reported Killed in Airstrike Mr. Hussain, a 21-year-old Briton, hacked into American military networks and was a central figure in the Islamic State’s online recruitment campaign. Mr. Hussain, a 21-year-old Briton, hacked into American military networks and was a central figure in the Islamic State’s online recruitment campaign."
The study came as the Security Council considered a draft resolution that would impose an arms embargo on the country.,article,nyt://article/f173bfc8-256b-5061-8b81-729eb5ced696,"[{'name': 'Person', 'value': 'Sengupta, Somini', 'rank': 1}, {'name': 'Location', 'value': 'South Sudan', 'rank': 2}, {'name': 'Subject', 'value': 'Arms Trade', 'rank': 3}, {'name': 'Organization', 'value': 'United Nations', 'rank': 4}, {'name': 'Subject', 'value': 'War Crimes, Genocide and Crimes Against Humanity', 'rank': 5}, {'name': 'Organization', 'value': 'Security Council (UN)', 'rank': 6}, {'name': 'Subject', 'value': 'Embargoes and Sanctions', 'rank': 7}, {'name': 'Person', 'value': 'Kiir Mayardit, Salva', 'rank': 8}, {'name': 'Person', 'value': 'Machar, Riek', 'rank': 9}, {'name': 'Location', 'value': 'China', 'rank': 10}]",Foreign,9,A,2015-08-26 01:53:42+00:00,World,The study came as the Security Council considered a draft resolution that would impose an arms embargo on the country.,The New York Times,Africa,News,nyt://article/f173bfc8-256b-5061-8b81-729eb5ced696,https://www.nytimes.com/2015/08/26/world/africa/un-report-details-flow-of-foreign-weapons-into-south-sudan.html,444,By Somini Sengupta,U.N. Report Details Flow of Foreign Weapons Into South Sudan,,World Briefing | Africa; South Sudan: U.N. Details Arms Sales Fueling War,,,,0,0,,0,0,U.N. Report Details Flow of Foreign Weapons Into South Sudan,U.N. Report Details Flow of Foreign Weapons Into South Sudan The study came as the Security Council considered a draft resolution that would impose an arms embargo on the country. The study came as the Security Council considered a draft resolution that would impose an arms embargo on the country.
Local rebels and an international aid group accused the militant group of using mustard gas against civilian and rival insurgents in northern Syria last week.,article,nyt://article/acb00493-0b90-5d92-94b5-d67cbf68021b,"[{'name': 'Subject', 'value': 'Biological and Chemical Warfare', 'rank': 1}, {'name': 'Person', 'value': 'Shoumali, Karam', 'rank': 2}, {'name': 'Organization', 'value': 'Islamic State in Iraq and Syria (ISIS)', 'rank': 3}, {'name': 'Person', 'value': 'Yeginsu, Ceylan', 'rank': 4}, {'name': 'Location', 'value': 'Syria', 'rank': 5}, {'name': 'Subject', 'value': 'Terrorism', 'rank': 6}, {'name': 'Organization', 'value': 'Free Syrian Army', 'rank': 7}, {'name': 'Organization', 'value': 'Syrian Army', 'rank': 8}, {'name': 'Person', 'value': 'Assad, Bashar al-', 'rank': 9}]",Foreign,7,A,2015-08-24 22:45:44+00:00,World,Local rebels and an international aid group accused the militant group of using mustard gas against civilian and rival insurgents in northern Syria last week.,The New York Times,Middle East,News,nyt://article/acb00493-0b90-5d92-94b5-d67cbf68021b,https://www.nytimes.com/2015/08/25/world/middleeast/isis-suspected-of-chemical-attack-in-syria.html,513,By Karam Shoumali and Ceylan Yeginsu,New Report of ISIS Using Poison Gas in Syria,,New Report of Islamic State Using Poison Gas in Syria,,,,0,0,,0,0,New Report of ISIS Using Poison Gas in Syria,New Report of ISIS Using Poison Gas in Syria Local rebels and an international aid group accused the militant group of using mustard gas against civilian and rival insurgents in northern Syria last week. Local rebels and an international aid group accused the militant group of using mustard gas against civilian and rival insurgents in northern Syria last week.
"The Journal said reports in Iran accusing the newspaper and a correspondent, Farnaz Fassihi, of conspiring against the government were false and scurrilous.",article,nyt://article/ff522d36-c53a-5781-abd5-cfa8a32b271d,"[{'name': 'Organization', 'value': 'Wall Street Journal', 'rank': 1}, {'name': 'Person', 'value': 'Gladstone, Rick', 'rank': 2}, {'name': 'Person', 'value': 'Fassihi, Farnaz', 'rank': 3}, {'name': 'Location', 'value': 'Iran', 'rank': 4}, {'name': 'Subject', 'value': 'News and News Media', 'rank': 5}, {'name': 'Keyword', 'value': 'Green Movement (Iran)', 'rank': 6}]",Foreign,6,A,2015-08-19 17:12:57+00:00,World,"The Journal said reports in Iran accusing the newspaper and a correspondent, Farnaz Fassihi, of conspiring against the government were false and scurrilous.",The New York Times,Middle East,News,nyt://article/ff522d36-c53a-5781-abd5-cfa8a32b271d,https://www.nytimes.com/2015/08/20/world/middleeast/wall-street-journal-criticizes-iranian-media-accounts-maligning-its-reporter.html,791,By Rick Gladstone,Wall Street Journal Criticizes Iranian Reports on Its Reporter,,Wall Street Journal Criticizes Iranian Reports on Its Correspondent,,,,0,0,,0,0,Wall Street Journal Criticizes Iranian Reports on Its Reporter,"Wall Street Journal Criticizes Iranian Reports on Its Reporter The Journal said reports in Iran accusing the newspaper and a correspondent, Farnaz Fassihi, of conspiring against the government were false and scurrilous. The Journal said reports in Iran accusing the newspaper and a correspondent, Farnaz Fassihi, of conspiring against the government were false and scurrilous."
The state-run news agency described how two major shareholders in a company gained government approvals for the warehouse where the explosions took place.,article,nyt://article/178e72bf-c51b-5fdf-86e5-6cb5270487ba,"[{'name': 'Location', 'value': 'Tianjin (China)', 'rank': 1}, {'name': 'Subject', 'value': 'Explosions (Accidental)', 'rank': 2}, {'name': 'Organization', 'value': 'Rui Hai International Logistics Co Ltd', 'rank': 3}, {'name': 'Person', 'value': 'Huang Xingguo (1954- )', 'rank': 4}, {'name': 'Location', 'value': 'China', 'rank': 5}, {'name': 'Subject', 'value': 'Corruption (Institutional)', 'rank': 6}, {'name': 'Subject', 'value': 'Fires and Firefighters', 'rank': 7}]",Foreign,8,A,2015-08-19 12:41:29+00:00,World,The state-run news agency described how two major shareholders in a company gained government approvals for the warehouse where the explosions took place.,The New York Times,Asia Pacific,News,nyt://article/178e72bf-c51b-5fdf-86e5-6cb5270487ba,https://www.nytimes.com/2015/08/20/world/asia/tianjin-china-explosions.html,909,By Dan Levin,Chinese Report Details Role of Political Connections in Tianjin Blasts,,Report Details Role of Political Connections in Tianjin Disaster,Mourners saluted the victims of the explosions. The mayor of Tianjin on Wednesday took responsibility for the disaster.,Agence France-Presse — Getty Images,https://static01.nyt.com/images/2015/08/20/world/20TIANJIN/20TIANJIN-articleLarge.jpg,400,600,https://static01.nyt.com/images/2015/08/20/world/20TIANJIN/20TIANJIN-thumbStandard.jpg,75,75,Chinese Report Details Role of Political Connections in Tianjin Blasts,Chinese Report Details Role of Political Connections in Tianjin Blasts The state-run news agency described how two major shareholders in a company gained government approvals for the warehouse where the explosions took place. The state-run news agency described how two major shareholders in a company gained government approvals for the warehouse where the explosions took place.
It was not clear if sanctions imposed after the annexation of Crimea played a role in the reported removal of Vladimir I. Yakunin as director of Russian Railways.,article,nyt://article/3706ca24-815c-5181-a4c2-52c739c6b5c2,"[{'name': '', 'value': '', 'rank': 1}, {'name': 'Location', 'value': 'Russia', 'rank': 2}, {'name': 'Person', 'value': 'Yakunin, Vladimir I', 'rank': 3}, {'name': 'Person', 'value': 'Putin, Vladimir V', 'rank': 4}, {'name': 'Subject', 'value': 'Railroads', 'rank': 5}, {'name': 'Subject', 'value': 'Politics and Government', 'rank': 6}, {'name': 'Subject', 'value': 'Appointments and Executive Changes', 'rank': 7}, {'name': 'Person', 'value': 'Lavrov, Sergey V', 'rank': 8}, {'name': 'Location', 'value': 'Crimea (Ukraine)', 'rank': 9}]",Foreign,6,A,2015-08-17 22:19:24+00:00,World,It was not clear if sanctions imposed after the annexation of Crimea played a role in the reported removal of Vladimir I. Yakunin as director of Russian Railways.,The New York Times,Europe,News,nyt://article/3706ca24-815c-5181-a4c2-52c739c6b5c2,https://www.nytimes.com/2015/08/18/world/europe/head-of-russias-national-railway-a-putin-associate-said-to-be-ousted.html,657,By Andrew E. Kramer,"Shake-Up in Moscow as Railways Chief, a Putin Friend, Is Reported Ousted",,"Shake-Up in Moscow as Railways Chief, a Putin Friend, Is Reported Ousted",Vladimir I. Yakunin,Anatoly Maltsev/European Pressphoto Agency,https://static01.nyt.com/images/2015/08/18/world/18RUSSIA/18RUSSIA-articleLarge.jpg,847,600,https://static01.nyt.com/images/2015/08/18/world/18RUSSIA/18RUSSIA-thumbStandard.jpg,75,75,"Shake-Up in Moscow as Railways Chief, a Putin Friend, Is Reported Ousted","Shake-Up in Moscow as Railways Chief, a Putin Friend, Is Reported Ousted It was not clear if sanctions imposed after the annexation of Crimea played a role in the reported removal of Vladimir I. Yakunin as director of Russian Railways. It was not clear if sanctions imposed after the annexation of Crimea played a role in the reported removal of Vladimir I. Yakunin as director of Russian Railways."
The Russian account contradicted statements by senior State Department officials this week that Maj. Gen. Qassim Suleimani had violated a travel ban.,article,nyt://article/8411d2a0-1806-51b0-a696-7c8a69412697,"[{'name': 'Person', 'value': 'Suleimani, Qassim', 'rank': 1}, {'name': 'Person', 'value': 'MacFarquhar, Neil', 'rank': 2}, {'name': 'Location', 'value': 'Russia', 'rank': 3}, {'name': 'Location', 'value': 'Iran', 'rank': 4}, {'name': 'Subject', 'value': 'Nuclear Weapons', 'rank': 5}, {'name': 'Organization', 'value': 'United Nations', 'rank': 6}, {'name': 'Person', 'value': 'Ryabkov, Sergei A', 'rank': 7}, {'name': 'Person', 'value': 'Kerry, John', 'rank': 8}]",Foreign,5,A,2015-08-14 12:52:58+00:00,World,The Russian account contradicted statements by senior State Department officials this week that Maj. Gen. Qassim Suleimani had violated a travel ban.,The New York Times,Europe,News,nyt://article/8411d2a0-1806-51b0-a696-7c8a69412697,https://www.nytimes.com/2015/08/15/world/europe/russia-denies-reports-of-iranian-generals-visit-to-moscow.html,516,By Neil MacFarquhar,Russia Denies Reports of Iranian General’s Visit to Moscow,,Russia Denies U.S. Report That Iranian General Visited Moscow,,,,0,0,,0,0,Russia Denies Reports of Iranian General’s Visit to Moscow,Russia Denies Reports of Iranian General’s Visit to Moscow The Russian account contradicted statements by senior State Department officials this week that Maj. Gen. Qassim Suleimani had violated a travel ban. The Russian account contradicted statements by senior State Department officials this week that Maj. Gen. Qassim Suleimani had violated a travel ban.
"A journalist from The Forward, an American Jewish pro-Israel publication, described a “dynamic push-and-pull’’ between Iran’s theocratic government and its people.",article,nyt://article/df509f9d-601d-58cd-a05b-b17d6a332456,"[{'name': '', 'value': '', 'rank': 1}, {'name': 'Location', 'value': 'Iran', 'rank': 2}, {'name': 'Location', 'value': 'Israel', 'rank': 3}, {'name': 'Subject', 'value': 'Nuclear Weapons', 'rank': 4}, {'name': 'Person', 'value': 'Cohler-Esses, Larry', 'rank': 5}, {'name': 'Organization', 'value': 'Forward, The', 'rank': 6}, {'name': 'Subject', 'value': 'Jews and Judaism', 'rank': 7}, {'name': 'Subject', 'value': 'News and News Media', 'rank': 8}]",Foreign,3,A,2015-08-12 10:00:04+00:00,World,"A journalist from The Forward, an American Jewish pro-Israel publication, described a “dynamic push-and-pull’’ between Iran’s theocratic government and its people.",The New York Times,Middle East,News,nyt://article/df509f9d-601d-58cd-a05b-b17d6a332456,https://www.nytimes.com/2015/08/13/world/middleeast/reporting-from-iran-jewish-paper-sees-no-plot-to-destroy-israel.html,679,By Rick Gladstone,"Reporting From Iran, Jewish Paper Sees No Plot to Destroy Israel",, Reporter for Jewish Paper Finds No Anti-Israel Plot in Iran,Shoppers at the Grand Bazaar in Tehran in July.,Arash Khamooshi for The New York Times,https://static01.nyt.com/images/2015/08/13/world/13Forward-web/13Forward-web-articleLarge.jpg,400,600,https://static01.nyt.com/images/2015/08/13/world/13Forward-web/13Forward-web-thumbStandard.jpg,75,75,"Reporting From Iran, Jewish Paper Sees No Plot to Destroy Israel","Reporting From Iran, Jewish Paper Sees No Plot to Destroy Israel A journalist from The Forward, an American Jewish pro-Israel publication, described a “dynamic push-and-pull’’ between Iran’s theocratic government and its people. A journalist from The Forward, an American Jewish pro-Israel publication, described a “dynamic push-and-pull’’ between Iran’s theocratic government and its people."
"The number of new Ebola diagnoses in Sierra Leone and Guinea reached its lowest point in well over a year last week, according to the World Health Organization.",article,nyt://article/c73d7037-5fa9-5eb3-a7c0-24ebbc49cde0,"[{'name': 'Subject', 'value': 'Ebola Virus', 'rank': 1}, {'name': '', 'value': '', 'rank': 2}, {'name': 'Location', 'value': 'Guinea', 'rank': 3}, {'name': 'Location', 'value': 'Sierra Leone', 'rank': 4}, {'name': 'Location', 'value': 'Liberia', 'rank': 5}, {'name': 'Organization', 'value': 'World Health Organization', 'rank': 6}, {'name': 'Subject', 'value': 'Epidemics', 'rank': 7}, {'name': 'Keyword', 'value': 'OraQuick', 'rank': 8}, {'name': 'Subject', 'value': 'Tests (Medical)', 'rank': 9}]",Foreign,5,A,2015-08-04 23:14:07+00:00,World,"The number of new Ebola diagnoses in Sierra Leone and Guinea reached its lowest point in well over a year last week, according to the World Health Organization.",The New York Times,Africa,News,nyt://article/c73d7037-5fa9-5eb3-a7c0-24ebbc49cde0,https://www.nytimes.com/2015/08/05/world/africa/ebola-cases-fall-sharply-un-reports.html,406,By Sheri Fink,"Ebola Cases Fall Sharply, W.H.O. Reports",,"Ebola Cases Fall Sharply, W.H.O. Says",,,,0,0,,0,0,"Ebola Cases Fall Sharply, W.H.O. Reports","Ebola Cases Fall Sharply, W.H.O. Reports The number of new Ebola diagnoses in Sierra Leone and Guinea reached its lowest point in well over a year last week, according to the World Health Organization. The number of new Ebola diagnoses in Sierra Leone and Guinea reached its lowest point in well over a year last week, according to the World Health Organization."
"Shohret Hoshur, a journalist who fled the Chinese authorities in Xinjiang, has continued to chronicle violence there for Radio Free Asia, based in Washington.",article,nyt://article/f34ed8d1-eb24-573d-8013-5070eddd795c,"[{'name': 'Person', 'value': 'Hoshur, Shohret (1965- )', 'rank': 1}, {'name': 'Location', 'value': 'China', 'rank': 2}, {'name': 'Subject', 'value': 'Freedom of the Press', 'rank': 3}, {'name': 'Subject', 'value': 'Uighurs (Chinese Ethnic Group)', 'rank': 4}, {'name': 'Location', 'value': 'Xinjiang (China)', 'rank': 5}, {'name': 'Organization', 'value': 'Radio Free Asia', 'rank': 6}, {'name': 'Subject', 'value': 'News and News Media', 'rank': 7}, {'name': 'Location', 'value': 'United States', 'rank': 8}]",Foreign,7,A,2015-07-31 15:17:04+00:00,World,"Shohret Hoshur, a journalist who fled the Chinese authorities in Xinjiang, has continued to chronicle violence there for Radio Free Asia, based in Washington.",The New York Times,Asia Pacific,News,nyt://article/f34ed8d1-eb24-573d-8013-5070eddd795c,https://www.nytimes.com/2015/08/01/world/asia/a-voice-from-chinas-uighur-homeland-reporting-from-the-united-states.html,1411,By Michael Forsythe,"A Voice From China’s Uighur Homeland, Reporting From the U.S.",The Saturday Profile,Reporting From the U.S. on China’s Uighur Homeland,"Shohret Hoshur at the Radio Free Asia office in Washington. He said, “I cannot leave. They took such risks. In such a situation, how can I?”",Zach Gibson/The New York Times,https://static01.nyt.com/images/2015/07/31/world/hoshur-web/hoshur-web-articleLarge.jpg,400,600,https://static01.nyt.com/images/2015/07/31/world/hoshur-web/hoshur-web-thumbStandard.jpg,75,75,"A Voice From China’s Uighur Homeland, Reporting From the U.S.","A Voice From China’s Uighur Homeland, Reporting From the U.S. Shohret Hoshur, a journalist who fled the Chinese authorities in Xinjiang, has continued to chronicle violence there for Radio Free Asia, based in Washington. Shohret Hoshur, a journalist who fled the Chinese authorities in Xinjiang, has continued to chronicle violence there for Radio Free Asia, based in Washington."
"The report, published in the British medical journal The Lancet, indicated that the vaccine “might be safe and highly efficacious in preventing Ebola virus disease.”",article,nyt://article/3f62bdb7-a6a9-5e9a-bdf0-ae91cb84d5aa,"[{'name': '', 'value': '', 'rank': 1}, {'name': 'Subject', 'value': 'Ebola Virus', 'rank': 2}, {'name': 'Subject', 'value': 'Vaccination and Immunization', 'rank': 3}, {'name': 'Location', 'value': 'Guinea', 'rank': 4}, {'name': 'Organization', 'value': 'Lancet, The (Journal)', 'rank': 5}, {'name': 'Subject', 'value': 'Epidemics', 'rank': 6}, {'name': 'Subject', 'value': 'Medicine and Health', 'rank': 7}, {'name': 'Location', 'value': 'Africa', 'rank': 8}, {'name': 'Organization', 'value': 'Doctors Without Borders', 'rank': 9}, {'name': 'Organization', 'value': 'World Health Organization', 'rank': 10}, {'name': 'Location', 'value': 'Liberia', 'rank': 11}, {'name': 'Location', 'value': 'Sierra Leone', 'rank': 12}, {'name': 'Subject', 'value': 'Preventive Medicine', 'rank': 13}, {'name': 'Subject', 'value': 'Clinical Trials', 'rank': 14}, {'name': 'Subject', 'value': 'Academic and Scientific Journals', 'rank': 15}]",Foreign,9,A,2015-07-31 12:00:05+00:00,World,"The report, published in the British medical journal The Lancet, indicated that the vaccine “might be safe and highly efficacious in preventing Ebola virus disease.”",The New York Times,Africa,News,nyt://article/3f62bdb7-a6a9-5e9a-bdf0-ae91cb84d5aa,https://www.nytimes.com/2015/08/01/world/africa/experimental-ebola-vaccine-in-guinea-shows-promise-report-says.html,1274,By Sheri Fink,"Experimental Ebola Vaccine Tested in Guinea Shows Promise, Report Says",,"Ebola Vaccine Tested During Outbreak in Guinea Shows Promise, Report Says","A woman receiving an Ebola vaccination in Guinea in March. The clinical trial involved inoculating people who had come into contact with Ebola patients, and the contacts of those contacts.",Cellou Binani/Agence France-Presse — Getty Images,https://static01.nyt.com/images/2015/08/01/world/01Ebola2-web/01Ebola-web-1438344899648-articleLarge.jpg,401,600,https://static01.nyt.com/images/2015/08/01/world/01Ebola2-web/01Ebola-web-1438344899648-thumbStandard.jpg,75,75,"Experimental Ebola Vaccine Tested in Guinea Shows Promise, Report Says","Experimental Ebola Vaccine Tested in Guinea Shows Promise, Report Says The report, published in the British medical journal The Lancet, indicated that the vaccine “might be safe and highly efficacious in preventing Ebola virus disease.” The report, published in the British medical journal The Lancet, indicated that the vaccine “might be safe and highly efficacious in preventing Ebola virus disease.”"
"The Washington Post correspondent, who is accused of espionage, may have aroused suspicion by gaining strong connections to Iranian sources, his friends and colleagues say.",article,nyt://article/a7121f64-09a1-5eec-ac83-364e09ada5fa,"[{'name': 'Person', 'value': 'Erdbrink, Thomas', 'rank': 1}, {'name': 'Location', 'value': 'Iran', 'rank': 2}, {'name': 'Person', 'value': 'Gladstone, Rick', 'rank': 3}, {'name': 'Person', 'value': 'Rezaian, Jason', 'rank': 4}, {'name': 'Person', 'value': 'Salehi, Yeganeh', 'rank': 5}, {'name': 'Organization', 'value': 'Washington Post', 'rank': 6}, {'name': 'Subject', 'value': 'News and News Media', 'rank': 7}, {'name': 'Subject', 'value': 'Political Prisoners', 'rank': 8}, {'name': 'Subject', 'value': 'Espionage and Intelligence Services', 'rank': 9}]",Foreign,1,A,2015-07-28 17:42:03+00:00,World,"The Washington Post correspondent, who is accused of espionage, may have aroused suspicion by gaining strong connections to Iranian sources, his friends and colleagues say.",The New York Times,Middle East,News,nyt://article/a7121f64-09a1-5eec-ac83-364e09ada5fa,https://www.nytimes.com/2015/07/29/world/middleeast/irans-trial-of-jason-rezaian-illustrates-perils-faced-by-reporters.html,1616,By Thomas Erdbrink and Rick Gladstone,"In Iran, Jason Rezaian’s Reporting Strengths Led to Suspicion, Then Detention",,"In Iran, a Reporter’s Skills Led to Suspicion, Then Detention","Ali Rezaian, brother of Jason Rezaian, the Washington Post reporter on trial in Iran for spying, at a news conference in Washington last week. Foreign journalists are often assumed to be spies in Iran.",Molly Riley/Associated Press,https://static01.nyt.com/images/2015/07/29/world/29rezaian-3/29rezaian-3-articleLarge.jpg,379,600,https://static01.nyt.com/images/2015/07/29/world/29rezaian-3/29rezaian-3-thumbStandard.jpg,75,75,"In Iran, Jason Rezaian’s Reporting Strengths Led to Suspicion, Then Detention","In Iran, Jason Rezaian’s Reporting Strengths Led to Suspicion, Then Detention The Washington Post correspondent, who is accused of espionage, may have aroused suspicion by gaining strong connections to Iranian sources, his friends and colleagues say. The Washington Post correspondent, who is accused of espionage, may have aroused suspicion by gaining strong connections to Iranian sources, his friends and colleagues say."
The indictments come days before the State Department is expected to release an analysis of international efforts to fight such smuggling networks.,article,nyt://article/8892f663-cf08-59ba-a010-89db1b5dacca,"[{'name': '', 'value': '', 'rank': 1}, {'name': 'Subject', 'value': 'Human Trafficking', 'rank': 2}, {'name': 'Location', 'value': 'Thailand', 'rank': 3}, {'name': 'Organization', 'value': 'State Department', 'rank': 4}, {'name': 'Subject', 'value': 'Rohingya (Ethnic Group)', 'rank': 5}, {'name': 'Subject', 'value': 'Immigration and Emigration', 'rank': 6}]",Foreign,8,A,2015-07-24 19:39:18+00:00,World,The indictments come days before the State Department is expected to release an analysis of international efforts to fight such smuggling networks.,The New York Times,Asia Pacific,News,nyt://article/8892f663-cf08-59ba-a010-89db1b5dacca,https://www.nytimes.com/2015/07/25/world/asia/thailand-charges-72-with-human-trafficking-crimes-ahead-of-us-report.html,318,By Poypiti Amatatham,Thailand Charges 72 With Human Trafficking Crimes Ahead of U.S. Report,,World Briefing | Asia; Thailand: Prosecutors Indict 72 on Human-Trafficking Charges,,,,0,0,,0,0,Thailand Charges 72 With Human Trafficking Crimes Ahead of U.S. Report,Thailand Charges 72 With Human Trafficking Crimes Ahead of U.S. Report The indictments come days before the State Department is expected to release an analysis of international efforts to fight such smuggling networks. The indictments come days before the State Department is expected to release an analysis of international efforts to fight such smuggling networks.
From the International Herald Tribune archives: Italy’s air force bombs oil refineries in Haifa in 1940.,article,nyt://article/1472b539-4bdb-570e-97f1-dc597a678864,"[{'name': 'Subject', 'value': 'Bombs and Explosives', 'rank': 1}, {'name': 'Subject', 'value': 'ITALY', 'rank': 2}, {'name': 'Subject', 'value': 'Palestinians', 'rank': 3}, {'name': 'Subject', 'value': 'World War II (1939-45)', 'rank': 4}]",Foreign,,,2015-07-16 13:58:33+00:00,World,From the International Herald Tribune archives: Italy’s air force bombs oil refineries in Haifa in 1940.,The New York Times,,News,nyt://article/1472b539-4bdb-570e-97f1-dc597a678864,https://iht-retrospective.blogs.nytimes.com/2015/07/16/1940-rome-reports-bombing-haifa/,108,By International Herald Tribune,1940: Rome Reports Bombing Haifa,IHT Retrospective,,"The city of Haifa in British Mandate Palestine attacked by an Italian air raid on July 15, 1940.",Australian War Memorial,,0,0,https://static01.nyt.com/images/2015/07/17/blogs/17iht-oldjuly17-palestine/17iht-oldjuly17-palestine-thumbStandard.jpg,75,75,1940: Rome Reports Bombing Haifa,1940: Rome Reports Bombing Haifa From the International Herald Tribune archives: Italy’s air force bombs oil refineries in Haifa in 1940. From the International Herald Tribune archives: Italy’s air force bombs oil refineries in Haifa in 1940.
"A woman died at an Ebola treatment unit in Liberia, the second victim of the virus since the World Health Organization declared the country free of of the virus in May.",article,nyt://article/d2aaeb5a-4c20-50d7-977d-1b1ee25ed20c,"[{'name': 'Subject', 'value': 'Ebola Virus', 'rank': 1}, {'name': '', 'value': '', 'rank': 2}, {'name': 'Location', 'value': 'Liberia', 'rank': 3}, {'name': '', 'value': '', 'rank': 4}, {'name': 'Organization', 'value': 'World Health Organization', 'rank': 5}, {'name': 'Subject', 'value': 'Deaths (Fatalities)', 'rank': 6}]",Foreign,8,A,2015-07-15 23:10:44+00:00,World,"A woman died at an Ebola treatment unit in Liberia, the second victim of the virus since the World Health Organization declared the country free of of the virus in May.",The New York Times,Africa,News,nyt://article/d2aaeb5a-4c20-50d7-977d-1b1ee25ed20c,https://www.nytimes.com/2015/07/16/world/africa/another-ebola-fatality-is-reported-in-liberia.html,337,By Clair MacDougall and Sheri Fink,Another Ebola Fatality Is Reported in Liberia,,"In Liberia, Another Death From Ebola ","A quarantined home in Nedowein, Liberia, on Wednesday. A woman died in a treatment unit on Sunday, becoming the second Ebola fatality since Liberia was declared free of the virus on May 9.",James Giahyue/Reuters,https://static01.nyt.com/images/2015/07/16/world/16ebola/16ebola-articleLarge.jpg,400,600,https://static01.nyt.com/images/2015/07/16/world/16ebola/16ebola-thumbStandard.jpg,75,75,Another Ebola Fatality Is Reported in Liberia,"Another Ebola Fatality Is Reported in Liberia A woman died at an Ebola treatment unit in Liberia, the second victim of the virus since the World Health Organization declared the country free of of the virus in May. A woman died at an Ebola treatment unit in Liberia, the second victim of the virus since the World Health Organization declared the country free of of the virus in May."
"A pesticide factory recently visited by the North Korean leader Kim Jong-un may be used to produce biological weapons, like anthrax, according to an online report.",article,nyt://article/dd1951b4-3584-5806-8d28-4fcc017715f6,"[{'name': '', 'value': '', 'rank': 1}, {'name': 'Location', 'value': 'North Korea', 'rank': 2}, {'name': 'Subject', 'value': 'Biological and Chemical Warfare', 'rank': 3}, {'name': 'Organization', 'value': '38 North', 'rank': 4}, {'name': 'Subject', 'value': 'Pesticides', 'rank': 5}, {'name': 'Subject', 'value': 'Factories and Manufacturing', 'rank': 6}, {'name': 'Subject', 'value': 'Nuclear Weapons', 'rank': 7}, {'name': 'Person', 'value': 'Kim Jong-un', 'rank': 8}]",Foreign,6,A,2015-07-10 03:43:48+00:00,World,"A pesticide factory recently visited by the North Korean leader Kim Jong-un may be used to produce biological weapons, like anthrax, according to an online report.",The New York Times,Asia Pacific,Brief,nyt://article/dd1951b4-3584-5806-8d28-4fcc017715f6,https://www.nytimes.com/2015/07/10/world/asia/north-korea-pesticide-factory-may-have-sinister-purpose-report-says.html,139,By Choe Sang-Hun,"North Korea: Pesticide Factory May Have Sinister Purpose, Report Says",World Briefing,"Asia | North Korea: Pesticide Factory May Have Sinister Purpose, Report Says",,,,0,0,,0,0,"North Korea: Pesticide Factory May Have Sinister Purpose, Report Says","North Korea: Pesticide Factory May Have Sinister Purpose, Report Says A pesticide factory recently visited by the North Korean leader Kim Jong-un may be used to produce biological weapons, like anthrax, according to an online report. A pesticide factory recently visited by the North Korean leader Kim Jong-un may be used to produce biological weapons, like anthrax, according to an online report."
Among those killed in the American attack in Nangarhar Province were two senior Pakistani militants who had allied themselves with the Islamic State.,article,nyt://article/b9232285-2704-59f3-a6b8-f0d49cbabfb9,"[{'name': 'Location', 'value': 'Afghanistan', 'rank': 1}, {'name': '', 'value': '', 'rank': 2}, {'name': 'Subject', 'value': 'Drones (Pilotless Planes)', 'rank': 3}, {'name': 'Location', 'value': 'Pakistan', 'rank': 4}, {'name': 'Organization', 'value': 'Islamic State in Iraq and Syria (ISIS)', 'rank': 5}, {'name': 'Subject', 'value': 'Targeted Killings', 'rank': 6}, {'name': 'Person', 'value': 'Shahid, Shahidullah', 'rank': 7}, {'name': 'Person', 'value': 'Zaman, Gul', 'rank': 8}]",Foreign,14,A,2015-07-09 14:45:28+00:00,World,Among those killed in the American attack in Nangarhar Province were two senior Pakistani militants who had allied themselves with the Islamic State.,The New York Times,Asia Pacific,News,nyt://article/b9232285-2704-59f3-a6b8-f0d49cbabfb9,https://www.nytimes.com/2015/07/10/world/asia/us-drone-strike-said-to-kill-gul-zaman-and-shahidullah-shahid-of-islamic-state.html,392,By Ismail Khan,ISIS Leaders Reported Killed in Drone Strike in Afghanistan,,Drone Strike Kills 2 Pakistanis Tied to ISIS,,,,0,0,,0,0,ISIS Leaders Reported Killed in Drone Strike in Afghanistan,ISIS Leaders Reported Killed in Drone Strike in Afghanistan Among those killed in the American attack in Nangarhar Province were two senior Pakistani militants who had allied themselves with the Islamic State. Among those killed in the American attack in Nangarhar Province were two senior Pakistani militants who had allied themselves with the Islamic State.
"The conclusion came in a final report on the successes and failures of the Millennium Development Goals, a set of targets established 15 years ago to improve the lives of the poor.",article,nyt://article/d611b1b2-42fe-5f14-a8d7-5df5f07aa09a,"[{'name': 'Subject', 'value': 'Poverty', 'rank': 1}, {'name': 'Person', 'value': 'Sengupta, Somini', 'rank': 2}, {'name': 'Organization', 'value': 'United Nations', 'rank': 3}, {'name': 'Subject', 'value': 'Millennium Development Goals', 'rank': 4}, {'name': 'Location', 'value': 'China', 'rank': 5}, {'name': 'Location', 'value': 'India', 'rank': 6}, {'name': 'Subject', 'value': 'Malaria', 'rank': 7}]",Foreign,4,A,2015-07-07 00:04:27+00:00,World,"The conclusion came in a final report on the successes and failures of the Millennium Development Goals, a set of targets established 15 years ago to improve the lives of the poor.",The New York Times,Asia Pacific,News,nyt://article/d611b1b2-42fe-5f14-a8d7-5df5f07aa09a,https://www.nytimes.com/2015/07/07/world/asia/global-poverty-drops-sharply-with-china-making-big-strides-un-report-says.html,708,By Somini Sengupta,"Global Poverty Drops Sharply, With China Making Big Strides, U.N. Report Says",,"Global Poverty Drops Sharply, but Gains Are Uneven","Measures like using bed nets, like ones used in Tanzania last year, have been credited with a decline in the mortality rate from malaria.",Uriel Sinai for The New York Times,https://static01.nyt.com/images/2015/07/07/world/07POVERTY/07POVERTY-articleLarge.jpg,400,600,https://static01.nyt.com/images/2015/07/07/world/07POVERTY/07POVERTY-thumbStandard.jpg,75,75,"Global Poverty Drops Sharply, With China Making Big Strides, U.N. Report Says","Global Poverty Drops Sharply, With China Making Big Strides, U.N. Report Says The conclusion came in a final report on the successes and failures of the Millennium Development Goals, a set of targets established 15 years ago to improve the lives of the poor. The conclusion came in a final report on the successes and failures of the Millennium Development Goals, a set of targets established 15 years ago to improve the lives of the poor."
"Three cases have emerged in the country since it was declared free of the virus on May 9, highlighting the continuing threat of viral outbreaks in West Africa.",article,nyt://article/39f60e78-6440-5eb7-ae36-5e09e8240b57,"[{'name': '', 'value': '', 'rank': 1}, {'name': 'Subject', 'value': 'Ebola Virus', 'rank': 2}, {'name': 'Location', 'value': 'Liberia', 'rank': 3}, {'name': 'Subject', 'value': 'Epidemics', 'rank': 4}, {'name': 'Person', 'value': 'Johnson Sirleaf, Ellen', 'rank': 5}]",Foreign,10,A,2015-07-02 23:20:14+00:00,World,"Three cases have emerged in the country since it was declared free of the virus on May 9, highlighting the continuing threat of viral outbreaks in West Africa.",The New York Times,Africa,News,nyt://article/39f60e78-6440-5eb7-ae36-5e09e8240b57,https://www.nytimes.com/2015/07/03/world/africa/liberia-reports-new-cases-of-ebola.html,513,By Clair MacDougall,Liberia Reports New Cases of Ebola,,Ebola Revival Is New Test for Liberia,,,,0,0,,0,0,Liberia Reports New Cases of Ebola,"Liberia Reports New Cases of Ebola Three cases have emerged in the country since it was declared free of the virus on May 9, highlighting the continuing threat of viral outbreaks in West Africa. Three cases have emerged in the country since it was declared free of the virus on May 9, highlighting the continuing threat of viral outbreaks in West Africa."
"Investigators in Taiwan found that the pilot of a plane that went down in Taipei in February, killing 43, had also failed a simulator test last year.",article,nyt://article/c8efa79e-a43c-52dc-94f8-f5c4fbca576e,"[{'name': 'Location', 'value': 'Taiwan', 'rank': 1}, {'name': 'Subject', 'value': 'Aviation Accidents, Safety and Disasters', 'rank': 2}, {'name': 'Organization', 'value': 'TransAsia Airways', 'rank': 3}, {'name': 'Person', 'value': 'Liao Chien-tsung (d 2015)', 'rank': 4}, {'name': 'Location', 'value': 'Taipei (Taiwan)', 'rank': 5}, {'name': 'Subject', 'value': 'Pilots', 'rank': 6}]",Foreign,10,A,2015-07-02 08:11:49+00:00,World,"Investigators in Taiwan found that the pilot of a plane that went down in Taipei in February, killing 43, had also failed a simulator test last year.",The New York Times,Asia Pacific,News,nyt://article/c8efa79e-a43c-52dc-94f8-f5c4fbca576e,https://www.nytimes.com/2015/07/03/world/asia/transasia-pilot-acknowledged-cutting-wrong-engine-crash-report-says.html,459,By Austin Ramzy,"TransAsia Pilot Acknowledged Cutting Wrong Engine, Crash Report Says",,World Briefing | Asia; Taiwan: Pilot Acknowledged Error,A still image taken from a dashboard video camera showed the TransAsia Airways plane clipping a roadway on its way down in Taipei on Feb. 4.,"Tvbs Taiwan, via Agence France-Presse — Getty Images",https://static01.nyt.com/images/2015/07/03/world/03taiwan-01/03taiwan-01-articleLarge.jpg,360,600,https://static01.nyt.com/images/2015/07/03/world/03taiwan-01/03taiwan-01-thumbStandard.jpg,75,75,"TransAsia Pilot Acknowledged Cutting Wrong Engine, Crash Report Says","TransAsia Pilot Acknowledged Cutting Wrong Engine, Crash Report Says Investigators in Taiwan found that the pilot of a plane that went down in Taipei in February, killing 43, had also failed a simulator test last year. Investigators in Taiwan found that the pilot of a plane that went down in Taipei in February, killing 43, had also failed a simulator test last year."
The country’s deputy health minister said the body of a 17-year-old man had tested positive for the disease.,article,nyt://article/220b9370-c43f-5204-a00f-0152bc87a592,"[{'name': 'Subject', 'value': 'Ebola Virus', 'rank': 1}, {'name': 'Location', 'value': 'Liberia', 'rank': 2}, {'name': 'Organization', 'value': 'World Health Organization', 'rank': 3}, {'name': 'Subject', 'value': 'Epidemics', 'rank': 4}]",Foreign,6,A,2015-06-30 03:10:58+00:00,World,The country’s deputy health minister said the body of a 17-year-old man had tested positive for the disease.,The New York Times,Africa,Brief,nyt://article/220b9370-c43f-5204-a00f-0152bc87a592,https://www.nytimes.com/2015/06/30/world/africa/liberia-new-ebola-death-is-reported.html,156,By The Associated Press,Liberia: New Ebola Death Is Reported,World Briefing,Africa; Liberia: New Ebola Death Is Reported,,,,0,0,,0,0,Liberia: New Ebola Death Is Reported,Liberia: New Ebola Death Is Reported The country’s deputy health minister said the body of a 17-year-old man had tested positive for the disease. The country’s deputy health minister said the body of a 17-year-old man had tested positive for the disease.
"Joshua Wong, the 18-year-old student who led months of protests last year for a free election of Hong Kong’s leader, said he was assaulted by an unidentified man early Monday while walking down a street.",article,nyt://article/9694469a-f2bd-57eb-9a5c-7166bc298bab,[],Foreign,,,2015-06-29 11:32:46+00:00,World,"Joshua Wong, the 18-year-old student who led months of protests last year for a free election of Hong Kong’s leader, said he was assaulted by an unidentified man early Monday while walking down a street.",The New York Times,Asia Pacific,News,nyt://article/9694469a-f2bd-57eb-9a5c-7166bc298bab,https://sinosphere.blogs.nytimes.com/2015/06/29/hong-kong-democracy-activist-reports-being-assaulted-on-street/,694,By Alan Wong,Hong Kong Democracy Activist Reports Being Assaulted on Street,Sinosphere,,,,,0,0,,0,0,Hong Kong Democracy Activist Reports Being Assaulted on Street,"Hong Kong Democracy Activist Reports Being Assaulted on Street Joshua Wong, the 18-year-old student who led months of protests last year for a free election of Hong Kong’s leader, said he was assaulted by an unidentified man early Monday while walking down a street. Joshua Wong, the 18-year-old student who led months of protests last year for a free election of Hong Kong’s leader, said he was assaulted by an unidentified man early Monday while walking down a street."
"The crash of a United States Marines helicopter in Nepal that killed 13 people in May was caused by bad weather and the geography of the region, the Nepalese Army said.",article,nyt://article/33bee3a7-fc03-51bb-8a9d-4afdcaa3699a,"[{'name': 'Person', 'value': 'Sharma, Bhadra', 'rank': 1}, {'name': 'Location', 'value': 'Nepal', 'rank': 2}, {'name': 'Subject', 'value': 'Helicopters', 'rank': 3}, {'name': 'Subject', 'value': 'Aviation Accidents, Safety and Disasters', 'rank': 4}, {'name': 'Subject', 'value': 'United States Defense and Military Forces', 'rank': 5}]",Foreign,9,A,2015-06-27 01:05:54+00:00,World,"The crash of a United States Marines helicopter in Nepal that killed 13 people in May was caused by bad weather and the geography of the region, the Nepalese Army said.",The New York Times,Asia Pacific,Brief,nyt://article/33bee3a7-fc03-51bb-8a9d-4afdcaa3699a,https://www.nytimes.com/2015/06/27/world/asia/nepal-rough-terrain-and-bad-weather-led-to-helicopter-crash-report-says.html,145,By Bhadra Sharma,"Nepal: Rough Terrain and Bad Weather Led to Helicopter Crash, Report Says",World Briefing,"Asia; Nepal: Rough Terrain and Bad Weather Led to Helicopter Crash, Report Says",,,,0,0,,0,0,"Nepal: Rough Terrain and Bad Weather Led to Helicopter Crash, Report Says","Nepal: Rough Terrain and Bad Weather Led to Helicopter Crash, Report Says The crash of a United States Marines helicopter in Nepal that killed 13 people in May was caused by bad weather and the geography of the region, the Nepalese Army said. The crash of a United States Marines helicopter in Nepal that killed 13 people in May was caused by bad weather and the geography of the region, the Nepalese Army said."
"In response to the State Department’s annual report on human rights abuses, Beijing issued its own study, highlighting what it views as the abysmal record of the United States.",article,nyt://article/e03c772f-a496-5fa2-be74-c2240277fd44,"[{'name': 'Subject', 'value': 'Discrimination', 'rank': 1}, {'name': 'Subject', 'value': 'Freedom of Speech and Expression', 'rank': 2}, {'name': 'Subject', 'value': 'Human Rights and Human Rights Violations', 'rank': 3}, {'name': 'Subject', 'value': 'Income Inequality', 'rank': 4}, {'name': 'Subject', 'value': 'Police Brutality, Misconduct and Shootings', 'rank': 5}, {'name': 'Subject', 'value': 'Poverty', 'rank': 6}, {'name': 'Subject', 'value': 'Torture', 'rank': 7}, {'name': 'Person', 'value': 'Brown, Michael (1996-2014)', 'rank': 8}, {'name': 'Person', 'value': 'Rice, Tamir E (2002-14)', 'rank': 9}, {'name': 'Organization', 'value': 'Communist Party of China', 'rank': 10}, {'name': 'Organization', 'value': 'Human Rights Watch', 'rank': 11}, {'name': 'Organization', 'value': 'Senate Committee on Intelligence', 'rank': 12}, {'name': 'Organization', 'value': 'State Department', 'rank': 13}, {'name': 'Location', 'value': 'China', 'rank': 14}, {'name': 'Location', 'value': 'Ferguson (Mo)', 'rank': 15}, {'name': 'Location', 'value': 'United States', 'rank': 16}]",Foreign,,,2015-06-26 12:43:54+00:00,World,"In response to the State Department’s annual report on human rights abuses, Beijing issued its own study, highlighting what it views as the abysmal record of the United States.",The New York Times,Asia Pacific,News,nyt://article/e03c772f-a496-5fa2-be74-c2240277fd44,https://sinosphere.blogs.nytimes.com/2015/06/26/china-issues-report-on-u-s-human-rights-record-in-annual-tit-for-tat/,523,By Michael Forsythe,"China Issues Report on U.S. Human Rights Record, in Annual Tit for Tat",Sinosphere,,,,,0,0,,0,0,"China Issues Report on U.S. Human Rights Record, in Annual Tit for Tat","China Issues Report on U.S. Human Rights Record, in Annual Tit for Tat In response to the State Department’s annual report on human rights abuses, Beijing issued its own study, highlighting what it views as the abysmal record of the United States. In response to the State Department’s annual report on human rights abuses, Beijing issued its own study, highlighting what it views as the abysmal record of the United States."
"More than a dozen people were killed in the violence Monday, according to a Radio Free Asia report that was largely corroborated by local residents.",article,nyt://article/41b667dc-ae8c-5fc5-864d-efc66ea7485d,"[{'name': 'Subject', 'value': 'Uighurs (Chinese Ethnic Group)', 'rank': 1}, {'name': 'Person', 'value': 'Forsythe, Michael', 'rank': 2}, {'name': 'Location', 'value': 'Kashgar (China)', 'rank': 3}, {'name': 'Subject', 'value': 'Attacks on Police', 'rank': 4}, {'name': 'Location', 'value': 'China', 'rank': 5}, {'name': 'Location', 'value': 'Xinjiang (China)', 'rank': 6}]",Foreign,10,A,2015-06-24 08:30:28+00:00,World,"More than a dozen people were killed in the violence Monday, according to a Radio Free Asia report that was largely corroborated by local residents.",The New York Times,Asia Pacific,News,nyt://article/41b667dc-ae8c-5fc5-864d-efc66ea7485d,https://www.nytimes.com/2015/06/25/world/asia/deadly-clash-between-police-and-ethnic-uighurs-reported-in-xinjiang-region-of-china.html,494,By Michael Forsythe,Deadly Clash Between Police and Ethnic Uighurs Reported in Xinjiang Region of China,,Deadly Clash in Western China Between Uighurs and the Police,,,,0,0,,0,0,Deadly Clash Between Police and Ethnic Uighurs Reported in Xinjiang Region of China,"Deadly Clash Between Police and Ethnic Uighurs Reported in Xinjiang Region of China More than a dozen people were killed in the violence Monday, according to a Radio Free Asia report that was largely corroborated by local residents. More than a dozen people were killed in the violence Monday, according to a Radio Free Asia report that was largely corroborated by local residents."
The United Nations Children’s Fund said improvements in national averages had obscured worsening trends among the world’s poorest children.,article,nyt://article/3eb0e029-e4b3-5e1f-940e-41e61356e635,"[{'name': 'Person', 'value': 'Gladstone, Rick', 'rank': 1}, {'name': 'Organization', 'value': ""United Nations Children's Fund"", 'rank': 2}, {'name': 'Subject', 'value': 'Children and Childhood', 'rank': 3}, {'name': 'Subject', 'value': 'Third World and Developing Countries', 'rank': 4}, {'name': 'Subject', 'value': 'Millennium Development Goals', 'rank': 5}, {'name': 'Subject', 'value': 'Deaths (Fatalities)', 'rank': 6}, {'name': 'Location', 'value': 'Africa', 'rank': 7}, {'name': 'Subject', 'value': 'Population', 'rank': 8}]",Foreign,6,A,2015-06-23 00:42:22+00:00,World,The United Nations Children’s Fund said improvements in national averages had obscured worsening trends among the world’s poorest children.,The New York Times,Americas,News,nyt://article/3eb0e029-e4b3-5e1f-940e-41e61356e635,https://www.nytimes.com/2015/06/23/world/americas/poor-children-still-at-risk-despite-progress-unicef-warns.html,463,By Rick Gladstone,Unicef Report Describes Grim Trends for the Poorest Children,,Unicef Report Describes Grim Trends for the Poorest ,,,,0,0,,0,0,Unicef Report Describes Grim Trends for the Poorest Children,Unicef Report Describes Grim Trends for the Poorest Children The United Nations Children’s Fund said improvements in national averages had obscured worsening trends among the world’s poorest children. The United Nations Children’s Fund said improvements in national averages had obscured worsening trends among the world’s poorest children.
"The report said “impunity prevails across the board” regarding the actions of Israeli forces in Gaza, but also cited the “inherently indiscriminate nature” of rockets fired at Israeli civilians.",article,nyt://article/c4c14e90-04ac-511a-9d18-9b3d5194a54c,"[{'name': 'Person', 'value': 'Rudoren, Jodi', 'rank': 1}, {'name': 'Location', 'value': 'Israel', 'rank': 2}, {'name': 'Person', 'value': 'Sengupta, Somini', 'rank': 3}, {'name': 'Subject', 'value': 'Palestinians', 'rank': 4}, {'name': 'Organization', 'value': 'United Nations', 'rank': 5}, {'name': 'Location', 'value': 'Gaza Strip', 'rank': 6}, {'name': 'Subject', 'value': 'War Crimes, Genocide and Crimes Against Humanity', 'rank': 7}, {'name': 'Organization', 'value': 'Hamas', 'rank': 8}, {'name': 'Organization', 'value': 'United Nations Human Rights Council', 'rank': 9}, {'name': 'Organization', 'value': 'International Criminal Court', 'rank': 10}, {'name': 'Person', 'value': 'McGowan Davis, Mary', 'rank': 11}, {'name': 'Person', 'value': 'Diene, Doudou (1941- )', 'rank': 12}]",Foreign,4,A,2015-06-22 11:30:35+00:00,World,"The report said “impunity prevails across the board” regarding the actions of Israeli forces in Gaza, but also cited the “inherently indiscriminate nature” of rockets fired at Israeli civilians.",The New York Times,Middle East,News,nyt://article/c4c14e90-04ac-511a-9d18-9b3d5194a54c,https://www.nytimes.com/2015/06/23/world/middleeast/israel-gaza-report.html,1256,By Jodi Rudoren and Somini Sengupta,U.N. Report on Gaza Finds Evidence of War Crimes by Israel and by Palestinian Militants,,Both Sides in Gaza War Are Faulted by U.N. Panel,"Palestinians mourned members of the Nigim family, killed during an Israeli airstrike in Jabaliya, Gaza, on Aug. 4, 2014.",Sergey Ponomarev for The New York Times,https://static01.nyt.com/images/2015/06/23/world/middleeast/23gaza-web/23gaza-web-articleLarge.jpg,400,600,https://static01.nyt.com/images/2015/06/23/world/middleeast/23gaza-web/23gaza-web-thumbStandard-v2.jpg,75,75,U.N. Report on Gaza Finds Evidence of War Crimes by Israel and by Palestinian Militants,"U.N. Report on Gaza Finds Evidence of War Crimes by Israel and by Palestinian Militants The report said “impunity prevails across the board” regarding the actions of Israeli forces in Gaza, but also cited the “inherently indiscriminate nature” of rockets fired at Israeli civilians. The report said “impunity prevails across the board” regarding the actions of Israeli forces in Gaza, but also cited the “inherently indiscriminate nature” of rockets fired at Israeli civilians."
The Central Commission for Discipline Inspection has added a new function to its mobile app and opened an online platform to allow citizens to report any corruption they spot.,article,nyt://article/4f04876c-cf75-50a8-9f62-0be0dc23462f,"[{'name': 'Subject', 'value': 'Computers and the Internet', 'rank': 1}, {'name': 'Subject', 'value': 'Corruption (Institutional)', 'rank': 2}, {'name': 'Subject', 'value': 'Ethics and Official Misconduct', 'rank': 3}, {'name': 'Subject', 'value': 'Mobile Applications', 'rank': 4}, {'name': 'Person', 'value': 'Mao Zedong', 'rank': 5}, {'name': 'Person', 'value': 'Xi Jinping', 'rank': 6}, {'name': 'Person', 'value': 'Zhou Yongkang', 'rank': 7}, {'name': 'Person', 'value': 'Zhu Ruifeng', 'rank': 8}, {'name': 'Organization', 'value': 'Central Commission for Discipline Inspection (Communist Party of China)', 'rank': 9}, {'name': 'Organization', 'value': 'Communist Party of China', 'rank': 10}, {'name': 'Location', 'value': 'China', 'rank': 11}]",Foreign,,,2015-06-19 10:51:31+00:00,World,The Central Commission for Discipline Inspection has added a new function to its mobile app and opened an online platform to allow citizens to report any corruption they spot.,The New York Times,Asia Pacific,News,nyt://article/4f04876c-cf75-50a8-9f62-0be0dc23462f,https://sinosphere.blogs.nytimes.com/2015/06/19/china-communist-party-corruption-app/,749,By Vanessa Piao,China Lets Citizens’ Fingers Do the Talking to Report Graft,Sinosphere,,"Tombstones of relatives of Zhou Yongkang, an official who was sentenced to life over graft. A new app and online platform let citizens to report suspected corruption.",Johannes Eisele/Agence France-Presse — Getty Images,https://static01.nyt.com/images/2015/06/20/world/19sino-app/19sino-app-articleLarge.jpg,400,600,https://static01.nyt.com/images/2015/06/20/world/19sino-app/19sino-app-thumbStandard.jpg,75,75,China Lets Citizens’ Fingers Do the Talking to Report Graft,China Lets Citizens’ Fingers Do the Talking to Report Graft The Central Commission for Discipline Inspection has added a new function to its mobile app and opened an online platform to allow citizens to report any corruption they spot. The Central Commission for Discipline Inspection has added a new function to its mobile app and opened an online platform to allow citizens to report any corruption they spot.
"With renovation expected to take years and cost $6.2 billion or more, some even suggest finding another home away from London.",article,nyt://article/bd616c22-2c3b-501b-94f9-a1e45a6990c8,"[{'name': 'Location', 'value': 'Great Britain', 'rank': 1}, {'name': 'Person', 'value': 'Erlanger, Steven', 'rank': 2}, {'name': 'Organization', 'value': 'Palace of Westminster (London, England)', 'rank': 3}, {'name': 'Subject', 'value': 'Restoration and Renovation', 'rank': 4}, {'name': 'Subject', 'value': 'Historic Buildings and Sites', 'rank': 5}, {'name': 'Location', 'value': 'London (England)', 'rank': 6}, {'name': 'Subject', 'value': 'Legislatures and Parliaments', 'rank': 7}]",Foreign,10,A,2015-06-18 21:51:39+00:00,World,"With renovation expected to take years and cost $6.2 billion or more, some even suggest finding another home away from London.",The New York Times,Europe,News,nyt://article/bd616c22-2c3b-501b-94f9-a1e45a6990c8,https://www.nytimes.com/2015/06/19/world/europe/houses-of-parliament-are-crumbling-report-finds-and-there-is-no-quick-fix.html,567,By Steven Erlanger,"Houses of Parliament Are Crumbling, Report Finds, and There Is No Quick Fix",,Parliament Said to Need Costly Fixes,"Scaffolding surrounding part of the Houses of Parliament in London. A new report says that repairs could take as long as 30 years and cost more than $11 billion.

",Kirsty Wigglesworth/Associated Press,https://static01.nyt.com/images/2015/06/19/world/19LONDON/19LONDON-articleLarge.jpg,400,600,https://static01.nyt.com/images/2015/06/19/world/19LONDON/19LONDON-thumbStandard.jpg,75,75,"Houses of Parliament Are Crumbling, Report Finds, and There Is No Quick Fix","Houses of Parliament Are Crumbling, Report Finds, and There Is No Quick Fix With renovation expected to take years and cost $6.2 billion or more, some even suggest finding another home away from London. With renovation expected to take years and cost $6.2 billion or more, some even suggest finding another home away from London."
"Almost a quarter of journalists from Syria have been forced into exile since 2010, a leading press advocacy group said in a report released Wednesday.",article,nyt://article/2b6419b9-376d-5a91-bf21-1795b31e3a37,"[{'name': 'Person', 'value': 'Gladstone, Rick', 'rank': 1}, {'name': 'Organization', 'value': 'Committee to Protect Journalists', 'rank': 2}, {'name': 'Subject', 'value': 'Freedom of Speech and Expression', 'rank': 3}, {'name': 'Location', 'value': 'Syria', 'rank': 4}, {'name': 'Location', 'value': 'Iran', 'rank': 5}, {'name': 'Location', 'value': 'Ethiopia', 'rank': 6}, {'name': 'Subject', 'value': 'News and News Media', 'rank': 7}]",Foreign,7,A,2015-06-17 04:01:05+00:00,World,"Almost a quarter of journalists from Syria have been forced into exile since 2010, a leading press advocacy group said in a report released Wednesday.",The New York Times,,Brief,nyt://article/2b6419b9-376d-5a91-bf21-1795b31e3a37,https://www.nytimes.com/2015/06/17/world/hundreds-of-journalists-exiled-globally-syria-report-says.html,112,By Rick Gladstone,"Hundreds of Journalists Exiled Globally, Report Says",World Briefing |,"Hundreds of Journalists Exiled Globally, With 1 in 4 From Syria, Report Says",,,,0,0,,0,0,"Hundreds of Journalists Exiled Globally, Report Says","Hundreds of Journalists Exiled Globally, Report Says Almost a quarter of journalists from Syria have been forced into exile since 2010, a leading press advocacy group said in a report released Wednesday. Almost a quarter of journalists from Syria have been forced into exile since 2010, a leading press advocacy group said in a report released Wednesday."
"Ahead of a United Nations report, the ministry argues that Israel’s troops adhered to international law and blames Palestinian militants for the bulk of the civilian casualties in last summer’s war.",article,nyt://article/4a526212-aec0-53f8-8b10-78dbda1f5bd9,"[{'name': 'Person', 'value': 'Rudoren, Jodi', 'rank': 1}, {'name': 'Location', 'value': 'Israel', 'rank': 2}, {'name': 'Subject', 'value': 'Palestinians', 'rank': 3}, {'name': 'Location', 'value': 'Gaza Strip', 'rank': 4}, {'name': 'Organization', 'value': 'United Nations', 'rank': 5}, {'name': 'Subject', 'value': 'Civilian Casualties', 'rank': 6}, {'name': 'Person', 'value': 'Netanyahu, Benjamin', 'rank': 7}, {'name': 'Organization', 'value': 'United Nations Human Rights Council', 'rank': 8}, {'name': 'Subject', 'value': 'Defense and Military Forces', 'rank': 9}, {'name': 'Organization', 'value': 'Hamas', 'rank': 10}]",Foreign,4,A,2015-06-14 20:03:14+00:00,World,"Ahead of a United Nations report, the ministry argues that Israel’s troops adhered to international law and blames Palestinian militants for the bulk of the civilian casualties in last summer’s war.",The New York Times,Middle East,News,nyt://article/4a526212-aec0-53f8-8b10-78dbda1f5bd9,https://www.nytimes.com/2015/06/15/world/middleeast/israel-foreign-ministry-report-gaza-palestinians-hamas.html,1029,By Jodi Rudoren,Israel’s Foreign Ministry Issues Report Defending Conduct in Gaza War,,"In Bid to Pre-empt U.N. Report, Israel Issues Study Defending Conduct in Gaza War","Prime Minister Benjamin Netanyahu said a forthcoming United Nations study was an ""automatic indictment against Israel.""",Pool photo by Gali Tibbon,https://static01.nyt.com/images/2015/06/15/world/ISRAEL/ISRAEL-articleLarge.jpg,384,600,https://static01.nyt.com/images/2015/06/15/world/ISRAEL/ISRAEL-thumbStandard.jpg,75,75,Israel’s Foreign Ministry Issues Report Defending Conduct in Gaza War,"Israel’s Foreign Ministry Issues Report Defending Conduct in Gaza War Ahead of a United Nations report, the ministry argues that Israel’s troops adhered to international law and blames Palestinian militants for the bulk of the civilian casualties in last summer’s war. Ahead of a United Nations report, the ministry argues that Israel’s troops adhered to international law and blames Palestinian militants for the bulk of the civilian casualties in last summer’s war."
"The study by the World Health Organization and World Bank examined access to health services like prenatal care, child immunization and access to clean water.",article,nyt://article/b0623a18-a1c6-55ab-949e-adb72d36ae19,"[{'name': 'Person', 'value': 'Gladstone, Rick', 'rank': 1}, {'name': 'Subject', 'value': 'Health Insurance and Managed Care', 'rank': 2}, {'name': 'Organization', 'value': 'World Health Organization', 'rank': 3}, {'name': 'Organization', 'value': 'World Bank', 'rank': 4}, {'name': 'Subject', 'value': 'Medicine and Health', 'rank': 5}, {'name': 'Organization', 'value': 'United Nations', 'rank': 6}]",Foreign,8,A,2015-06-12 21:10:30+00:00,World,"The study by the World Health Organization and World Bank examined access to health services like prenatal care, child immunization and access to clean water.",The New York Times,Americas,News,nyt://article/b0623a18-a1c6-55ab-949e-adb72d36ae19,https://www.nytimes.com/2015/06/13/world/americas/400-million-lack-basic-health-services-report-finds.html,498,By Rick Gladstone,"400 Million Lack Basic Health Services, Report Finds",,"World Briefing | Science and Heallth; 400 Million Lack Access to Health Care, Report Says",,,,0,0,,0,0,"400 Million Lack Basic Health Services, Report Finds","400 Million Lack Basic Health Services, Report Finds The study by the World Health Organization and World Bank examined access to health services like prenatal care, child immunization and access to clean water. The study by the World Health Organization and World Bank examined access to health services like prenatal care, child immunization and access to clean water."
"Ahead of a U.N. commission report, the Israeli military issued an update on its internal inquiries, saying neither Israeli nor international laws were broken in several deadly clashes.",article,nyt://article/4fe88895-59fd-5d84-be3b-9d2ed189e756,"[{'name': 'Location', 'value': 'Israel', 'rank': 1}, {'name': 'Person', 'value': 'Rudoren, Jodi', 'rank': 2}, {'name': 'Subject', 'value': 'Palestinians', 'rank': 3}, {'name': 'Location', 'value': 'Gaza Strip', 'rank': 4}, {'name': 'Subject', 'value': 'War Crimes, Genocide and Crimes Against Humanity', 'rank': 5}, {'name': 'Subject', 'value': 'Defense and Military Forces', 'rank': 6}, {'name': 'Subject', 'value': 'Civilian Casualties', 'rank': 7}, {'name': 'Subject', 'value': 'Human Rights and Human Rights Violations', 'rank': 8}, {'name': 'Subject', 'value': 'International Relations', 'rank': 9}, {'name': 'Organization', 'value': 'United Nations Human Rights Council', 'rank': 10}]",Foreign,12,A,2015-06-12 00:09:57+00:00,World,"Ahead of a U.N. commission report, the Israeli military issued an update on its internal inquiries, saying neither Israeli nor international laws were broken in several deadly clashes.",The New York Times,Middle East,News,nyt://article/4fe88895-59fd-5d84-be3b-9d2ed189e756,https://www.nytimes.com/2015/06/12/world/middleeast/israeli-report-backs-tactics-by-military-in-gaza-war.html,705,By Jodi Rudoren,Israeli Report Backs Tactics by Military in Gaza War,,Israeli Report Backs Tactics by Military in Gaza War,,,,0,0,,0,0,Israeli Report Backs Tactics by Military in Gaza War,"Israeli Report Backs Tactics by Military in Gaza War Ahead of a U.N. commission report, the Israeli military issued an update on its internal inquiries, saying neither Israeli nor international laws were broken in several deadly clashes. Ahead of a U.N. commission report, the Israeli military issued an update on its internal inquiries, saying neither Israeli nor international laws were broken in several deadly clashes."
The report endorsed government efforts to fight terrorism but said the laws regulating them were “incomprehensible” and could erode public confidence.,article,nyt://article/8ab1cd7b-8f20-5a5b-878e-f4617c32b1be,"[{'name': 'Person', 'value': 'Castle, Stephen', 'rank': 1}, {'name': 'Location', 'value': 'Great Britain', 'rank': 2}, {'name': 'Subject', 'value': 'Surveillance of Citizens by Government', 'rank': 3}, {'name': 'Person', 'value': 'Anderson, David', 'rank': 4}, {'name': 'Subject', 'value': 'Terrorism', 'rank': 5}, {'name': 'Subject', 'value': 'Law and Legislation', 'rank': 6}, {'name': 'Person', 'value': 'Cameron, David', 'rank': 7}]",Foreign,12,A,2015-06-11 14:44:43+00:00,World,The report endorsed government efforts to fight terrorism but said the laws regulating them were “incomprehensible” and could erode public confidence.,The New York Times,Europe,News,nyt://article/8ab1cd7b-8f20-5a5b-878e-f4617c32b1be,https://www.nytimes.com/2015/06/12/world/europe/david-anderson-report-urges-british-surveillance-law-changes.html,1001,By Stephen Castle,Government Report Urges Changes in British Surveillance Law,,Britain Is Urged to Fix ‘Intolerable’ Surveillance System,,,,0,0,,0,0,Government Report Urges Changes in British Surveillance Law,Government Report Urges Changes in British Surveillance Law The report endorsed government efforts to fight terrorism but said the laws regulating them were “incomprehensible” and could erode public confidence. The report endorsed government efforts to fight terrorism but said the laws regulating them were “incomprehensible” and could erode public confidence.
"The findings, involving current and former members, threaten to erode the standing of the Senate, which is under a cloud from a corruption trial.",article,nyt://article/54291059-8ac6-55a0-b164-fdb4dec4d5f2,"[{'name': 'Location', 'value': 'Canada', 'rank': 1}, {'name': 'Person', 'value': 'Austen, Ian', 'rank': 2}, {'name': 'Subject', 'value': 'Expense Accounts', 'rank': 3}, {'name': 'Organization', 'value': 'Conservative Party (Canada)', 'rank': 4}, {'name': 'Subject', 'value': 'Corruption (Institutional)', 'rank': 5}, {'name': 'Person', 'value': 'Harper, Stephen J', 'rank': 6}, {'name': 'Person', 'value': 'Duffy, Mike (1946- )', 'rank': 7}]",Foreign,8,A,2015-06-09 19:37:51+00:00,World,"The findings, involving current and former members, threaten to erode the standing of the Senate, which is under a cloud from a corruption trial.",The New York Times,Americas,News,nyt://article/54291059-8ac6-55a0-b164-fdb4dec4d5f2,https://www.nytimes.com/2015/06/10/world/americas/canadian-senators-expenses-under-investigation-after-auditors-report.html,1302,By Ian Austen,Canadian Senators’ Expenses Under Investigation After Auditor’s Report,,Canadian Senators Face Wide Corruption Inquiry ,"Michael Ferguson, the auditor general of Canada, said he found irregularities in more than a quarter of the expense accounts he reviewed.",Patrick Doyle/Reuters,https://static01.nyt.com/images/2015/06/10/world/10CANADA/10CANADA-articleLarge.jpg,833,600,https://static01.nyt.com/images/2015/06/10/world/10CANADA/10CANADA-thumbStandard.jpg,75,75,Canadian Senators’ Expenses Under Investigation After Auditor’s Report,"Canadian Senators’ Expenses Under Investigation After Auditor’s Report The findings, involving current and former members, threaten to erode the standing of the Senate, which is under a cloud from a corruption trial. The findings, involving current and former members, threaten to erode the standing of the Senate, which is under a cloud from a corruption trial."
A report on the impact of armed conflict on children and violations against children in conflict zones in 2014.,interactive,nyt://interactive/c3a388ef-a9a6-5f8d-acc2-3dbdffb2d502,"[{'name': 'Subject', 'value': 'Children and Childhood', 'rank': 1}, {'name': 'Organization', 'value': 'General Assembly (UN)', 'rank': 2}]",,,,2015-06-08 21:15:24+00:00,World,A report on the impact of armed conflict on children and violations against children in conflict zones in 2014.,The New York Times,,Interactive Feature,nyt://interactive/c3a388ef-a9a6-5f8d-acc2-3dbdffb2d502,https://www.nytimes.com/interactive/2015/06/08/world/document-un-general-assembly-report-on-children-and-armed-conflict.html,0,,U.N. General Assembly Report on Children and Armed Conflict,,,,,,0,0,https://static01.nyt.com/images/2015/06/08/world/document-un-general-assembly-report-on-children-and-armed-conflict/document-un-general-assembly-report-on-children-and-armed-conflict-thumbStandard.gif,75,75,U.N. General Assembly Report on Children and Armed Conflict,U.N. General Assembly Report on Children and Armed Conflict A report on the impact of armed conflict on children and violations against children in conflict zones in 2014. A report on the impact of armed conflict on children and violations against children in conflict zones in 2014.
"Egypt is moving away from democracy, stifling freedom of expression and failing to hold the security forces accountable for “arbitrary or unlawful killings,” the administration said.",article,nyt://article/a9b6853b-4c11-5212-b164-ae7f8c6f781d,"[{'name': 'Person', 'value': 'Kirkpatrick, David D', 'rank': 1}, {'name': 'Location', 'value': 'Egypt', 'rank': 2}, {'name': 'Subject', 'value': 'Foreign Aid', 'rank': 3}, {'name': 'Subject', 'value': 'Human Rights and Human Rights Violations', 'rank': 4}, {'name': 'Person', 'value': 'Sisi, Abdel Fattah el-', 'rank': 5}, {'name': 'Organization', 'value': 'April 6 Youth Movement (Egypt)', 'rank': 6}, {'name': 'Organization', 'value': 'Muslim Brotherhood (Egypt)', 'rank': 7}, {'name': 'Person', 'value': 'Obama, Barack', 'rank': 8}, {'name': 'Subject', 'value': 'United States International Relations', 'rank': 9}, {'name': 'Subject', 'value': 'Democracy (Theory and Philosophy)', 'rank': 10}]",Foreign,6,A,2015-06-08 01:29:12+00:00,World,"Egypt is moving away from democracy, stifling freedom of expression and failing to hold the security forces accountable for “arbitrary or unlawful killings,” the administration said.",The New York Times,Middle East,News,nyt://article/a9b6853b-4c11-5212-b164-ae7f8c6f781d,https://www.nytimes.com/2015/06/08/world/middleeast/obama-administration-criticizes-egypt-in-report-to-congress.html,1005,By David D. Kirkpatrick,Obama Administration Criticizes Egypt in Report to Congress,,Administration Criticizes Egypt in Report to Congress,,,,0,0,,0,0,Obama Administration Criticizes Egypt in Report to Congress,"Obama Administration Criticizes Egypt in Report to Congress Egypt is moving away from democracy, stifling freedom of expression and failing to hold the security forces accountable for “arbitrary or unlawful killings,” the administration said. Egypt is moving away from democracy, stifling freedom of expression and failing to hold the security forces accountable for “arbitrary or unlawful killings,” the administration said."
An American military helicopter that crashed last month in the mountains east of Kathmandu was carrying five more passengers than had previously been reported.,article,nyt://article/964274a6-c2c9-5a51-82fa-aacc56d15a32,"[{'name': 'Location', 'value': 'Nepal', 'rank': 1}, {'name': 'Person', 'value': 'Sharma, Bhadra', 'rank': 2}, {'name': 'Subject', 'value': 'Helicopters', 'rank': 3}, {'name': 'Subject', 'value': 'Aviation Accidents, Safety and Disasters', 'rank': 4}, {'name': 'Subject', 'value': 'United States Defense and Military Forces', 'rank': 5}, {'name': 'Subject', 'value': 'Earthquakes', 'rank': 6}, {'name': 'Organization', 'value': 'United States Marine Corps', 'rank': 7}]",Foreign,5,A,2015-06-05 23:49:07+00:00,World,An American military helicopter that crashed last month in the mountains east of Kathmandu was carrying five more passengers than had previously been reported.,The New York Times,Asia Pacific,Brief,nyt://article/964274a6-c2c9-5a51-82fa-aacc56d15a32,https://www.nytimes.com/2015/06/06/world/asia/nepal-more-victims-reported-in-helicopter-crash.html,127,By Bhadra Sharma,Nepal: More Victims Reported in Helicopter Crash,World Briefing,Asia; Nepal: More Victims Reported in Helicopter Crash,,,,0,0,,0,0,Nepal: More Victims Reported in Helicopter Crash,Nepal: More Victims Reported in Helicopter Crash An American military helicopter that crashed last month in the mountains east of Kathmandu was carrying five more passengers than had previously been reported. An American military helicopter that crashed last month in the mountains east of Kathmandu was carrying five more passengers than had previously been reported.
"Five of the new cases announced Saturday stemmed from transmissions at Samsung Medical Center in Seoul, one of the country’s best hospitals.",article,nyt://article/c64a1b18-2cdb-5617-a9d6-6a201c6bc5b2,"[{'name': 'Subject', 'value': 'MERS (Middle East Respiratory Syndrome)', 'rank': 1}, {'name': 'Subject', 'value': 'Hospitals', 'rank': 2}, {'name': 'Location', 'value': 'South Korea', 'rank': 3}]",Foreign,,,2015-06-05 11:41:34+00:00,World,"Five of the new cases announced Saturday stemmed from transmissions at Samsung Medical Center in Seoul, one of the country’s best hospitals.",The New York Times,Asia Pacific,News,nyt://article/c64a1b18-2cdb-5617-a9d6-6a201c6bc5b2,https://www.nytimes.com/2015/06/06/world/asia/south-korea-mers-virus-st-marys-hospital.html,939,By Choe Sang-Hun,South Korea Reports Nine New Cases in MERS Virus Outbreak,,,"Train passengers wore protective masks in Seoul, South Korea, on Friday. The outbreak of Middle East respiratory syndrome was traced to Pyeongtaek, about 35 miles south of the capital.",Kim Hong-Ji/Reuters,https://static01.nyt.com/images/2015/06/06/world/06Korea1-web/06Korea1-web-articleLarge.jpg,421,600,https://static01.nyt.com/images/2015/06/06/world/06Korea1-web/06Korea1-web-thumbStandard.jpg,75,75,South Korea Reports Nine New Cases in MERS Virus Outbreak,"South Korea Reports Nine New Cases in MERS Virus Outbreak Five of the new cases announced Saturday stemmed from transmissions at Samsung Medical Center in Seoul, one of the country’s best hospitals. Five of the new cases announced Saturday stemmed from transmissions at Samsung Medical Center in Seoul, one of the country’s best hospitals."
The country’s Truth and Reconciliation Commission published a summary version of a report on the former policy of forcibly removing children from their families for schooling.,article,nyt://article/b0b98ada-490e-53e0-b959-fd06d995948c,"[{'name': 'Location', 'value': 'Canada', 'rank': 1}, {'name': 'Subject', 'value': 'Child Abuse and Neglect', 'rank': 2}, {'name': 'Subject', 'value': 'Education (K-12)', 'rank': 3}, {'name': 'Subject', 'value': 'Aborigines', 'rank': 4}, {'name': 'Subject', 'value': 'Deaths (Fatalities)', 'rank': 5}, {'name': 'Organization', 'value': 'Truth and Reconciliation Commission (Canada)', 'rank': 6}]",Foreign,7,A,2015-06-02 15:13:02+00:00,World,The country’s Truth and Reconciliation Commission published a summary version of a report on the former policy of forcibly removing children from their families for schooling.,The New York Times,Canada,News,nyt://article/b0b98ada-490e-53e0-b959-fd06d995948c,https://www.nytimes.com/2015/06/03/world/americas/canadas-forced-schooling-of-aboriginal-children-was-cultural-genocide-report-finds.html,1219,By Ian Austen,"Canada’s Forced Schooling of Aboriginal Children Was ‘Cultural Genocide,’ Report Finds",,Report Details &#8216;Cultural Genocide&#8217; at Schools for Aboriginal Canadians,"Aboriginal Canadians were forced to attend boarding schools like this one in the Northwest Territories, shown around 1936.",Library and Archive of Canada,https://static01.nyt.com/images/2015/06/03/world/03canada-web/03canada-web-articleLarge.jpg,432,600,https://static01.nyt.com/images/2015/06/03/world/03canada-web/03canada-web-thumbStandard-v2.jpg,75,75,"Canada’s Forced Schooling of Aboriginal Children Was ‘Cultural Genocide,’ Report Finds","Canada’s Forced Schooling of Aboriginal Children Was ‘Cultural Genocide,’ Report Finds The country’s Truth and Reconciliation Commission published a summary version of a report on the former policy of forcibly removing children from their families for schooling. The country’s Truth and Reconciliation Commission published a summary version of a report on the former policy of forcibly removing children from their families for schooling."
The United Nations’ top human rights official has urged African members to prosecute what he called longstanding abuse allegations by troops sent to keep the peace in the Central African Republic.,article,nyt://article/f4051a5f-f910-55ba-b234-aae5a3146841,"[{'name': 'Location', 'value': 'Central African Republic', 'rank': 1}, {'name': 'Person', 'value': 'Cumming-Bruce, Nick', 'rank': 2}, {'name': 'Organization', 'value': 'United Nations', 'rank': 3}, {'name': 'Person', 'value': ""Zeid Ra'ad Zeid Al Hussein"", 'rank': 4}, {'name': 'Location', 'value': 'Africa', 'rank': 5}, {'name': 'Subject', 'value': 'Human Rights and Human Rights Violations', 'rank': 6}, {'name': 'Subject', 'value': 'International Relations', 'rank': 7}, {'name': 'Subject', 'value': 'Child Abuse and Neglect', 'rank': 8}, {'name': 'Subject', 'value': 'Sex Crimes', 'rank': 9}, {'name': 'Location', 'value': 'France', 'rank': 10}]",Foreign,6,A,2015-06-02 00:45:19+00:00,World,The United Nations’ top human rights official has urged African members to prosecute what he called longstanding abuse allegations by troops sent to keep the peace in the Central African Republic.,The New York Times,Africa,News,nyt://article/f4051a5f-f910-55ba-b234-aae5a3146841,https://www.nytimes.com/2015/06/02/world/africa/prosecutions-of-child-abuses-in-africa-are-urged.html,256,By Nick Cumming-Bruce,African Countries Are Urged to Investigate Reports of Abuse by Peacekeepers,,U.N. Urges More Scrutiny of Peacekeepers in Africa,,,,0,0,,0,0,African Countries Are Urged to Investigate Reports of Abuse by Peacekeepers,African Countries Are Urged to Investigate Reports of Abuse by Peacekeepers The United Nations’ top human rights official has urged African members to prosecute what he called longstanding abuse allegations by troops sent to keep the peace in the Central African Republic. The United Nations’ top human rights official has urged African members to prosecute what he called longstanding abuse allegations by troops sent to keep the peace in the Central African Republic.
The report by the Organization for Security and Cooperation was a rare allegation of a sighting of active Russian military personnel in eastern Ukraine.,article,nyt://article/6c0415ff-f1bb-5620-a268-1c0edaa33682,"[{'name': 'Location', 'value': 'Russia', 'rank': 1}, {'name': 'Person', 'value': 'Herszenhorn, David M', 'rank': 2}, {'name': 'Location', 'value': 'Ukraine', 'rank': 3}, {'name': 'Subject', 'value': 'Defense and Military Forces', 'rank': 4}, {'name': 'Organization', 'value': 'Organization for Security and Cooperation in Europe', 'rank': 5}, {'name': 'Person', 'value': 'Putin, Vladimir V', 'rank': 6}]",Foreign,7,A,2015-05-29 18:18:52+00:00,World,The report by the Organization for Security and Cooperation was a rare allegation of a sighting of active Russian military personnel in eastern Ukraine.,The New York Times,Europe,News,nyt://article/6c0415ff-f1bb-5620-a268-1c0edaa33682,https://www.nytimes.com/2015/05/30/world/europe/ukraine-russia-donetsk.html,871,By David M. Herszenhorn,Russian Military Insignia Are Reported in Ukraine,,Russian Military Insignia Are Reported in Ukraine,"Sgt. Aleksandr Aleksandrov, who identified himself as a Russian soldier, was interviewed by Reuters at a hospital in Kiev.",Valentyn Ogirenko/Reuters,https://static01.nyt.com/images/2015/05/30/world/UKRAINE1/UKRAINE1-articleLarge.jpg,399,600,https://static01.nyt.com/images/2015/05/30/world/UKRAINE1/UKRAINE1-thumbStandard.jpg,75,75,Russian Military Insignia Are Reported in Ukraine,Russian Military Insignia Are Reported in Ukraine The report by the Organization for Security and Cooperation was a rare allegation of a sighting of active Russian military personnel in eastern Ukraine. The report by the Organization for Security and Cooperation was a rare allegation of a sighting of active Russian military personnel in eastern Ukraine.
The Organization for the Prohibition of Chemical Weapons said the achievement was “a major milestone” toward eradicating the weapons.,article,nyt://article/f7cdd842-2dc8-589c-baed-76cea09b45a1,"[{'name': 'Subject', 'value': 'Biological and Chemical Warfare', 'rank': 1}, {'name': 'Person', 'value': 'Gladstone, Rick', 'rank': 2}, {'name': 'Organization', 'value': 'Organization for the Prohibition of Chemical Weapons', 'rank': 3}]",Foreign,6,A,2015-05-28 16:21:14+00:00,World,The Organization for the Prohibition of Chemical Weapons said the achievement was “a major milestone” toward eradicating the weapons.,The New York Times,,News,nyt://article/f7cdd842-2dc8-589c-baed-76cea09b45a1,https://www.nytimes.com/2015/05/29/world/europe/chemical-weapon-stockpiles-greatly-reduced-treaty-group-reports.html,263,By Rick Gladstone,"Chemical Weapon Stockpiles Greatly Reduced, Treaty Group Reports  ",,Monitors Report a 90% Decline in Stockpiles of Chemical Arms,,,,0,0,,0,0,"Chemical Weapon Stockpiles Greatly Reduced, Treaty Group Reports","Chemical Weapon Stockpiles Greatly Reduced, Treaty Group Reports The Organization for the Prohibition of Chemical Weapons said the achievement was “a major milestone” toward eradicating the weapons. The Organization for the Prohibition of Chemical Weapons said the achievement was “a major milestone” toward eradicating the weapons."
"The global count of hungry people has fallen from about one billion 25 years ago to 795 million today, the United Nations says, or about one person out of every nine.",article,nyt://article/90d9b3aa-5484-51ec-a587-83667d3e6bbd,"[{'name': 'Organization', 'value': 'United Nations', 'rank': 1}, {'name': 'Person', 'value': 'Gladstone, Rick', 'rank': 2}, {'name': 'Subject', 'value': 'Food', 'rank': 3}, {'name': 'Organization', 'value': 'Food and Agriculture Organization of the United Nations', 'rank': 4}, {'name': 'Subject', 'value': 'Millennium Development Goals', 'rank': 5}, {'name': 'Subject', 'value': 'Famine', 'rank': 6}, {'name': 'Location', 'value': 'Africa', 'rank': 7}, {'name': 'Organization', 'value': 'World Food Program', 'rank': 8}, {'name': 'Location', 'value': 'Far East, South and Southeast Asia and Pacific Areas', 'rank': 9}, {'name': 'Location', 'value': 'Latin America', 'rank': 10}, {'name': 'Location', 'value': 'Central Asia', 'rank': 11}, {'name': 'Location', 'value': 'Caribbean Area', 'rank': 12}]",Foreign,10,A,2015-05-27 09:15:28+00:00,World,"The global count of hungry people has fallen from about one billion 25 years ago to 795 million today, the United Nations says, or about one person out of every nine.",The New York Times,,News,nyt://article/90d9b3aa-5484-51ec-a587-83667d3e6bbd,https://www.nytimes.com/2015/05/28/world/united-nations-reports-global-hunger-down-since-1990.html,376,By Rick Gladstone,U.N. Reports About 200 Million Fewer Hungry People Than in 1990,,"World Briefing | United Nations; Hunger Declines Sharply, Report Says",,,,0,0,,0,0,U.N. Reports About 200 Million Fewer Hungry People Than in 1990,"U.N. Reports About 200 Million Fewer Hungry People Than in 1990 The global count of hungry people has fallen from about one billion 25 years ago to 795 million today, the United Nations says, or about one person out of every nine. The global count of hungry people has fallen from about one billion 25 years ago to 795 million today, the United Nations says, or about one person out of every nine."
"Both warring sides in eastern Ukraine are perpetrating war crimes almost daily, including torturing prisoners and summarily killing them, Amnesty International said in a report.",article,nyt://article/204c9366-df81-5e73-92d4-87cbcef28853,"[{'name': 'Location', 'value': 'Ukraine', 'rank': 1}, {'name': 'Organization', 'value': 'Amnesty International', 'rank': 2}, {'name': 'Subject', 'value': 'War Crimes, Genocide and Crimes Against Humanity', 'rank': 3}, {'name': 'Subject', 'value': 'Human Rights and Human Rights Violations', 'rank': 4}]",Foreign,7,A,2015-05-23 00:31:28+00:00,World,"Both warring sides in eastern Ukraine are perpetrating war crimes almost daily, including torturing prisoners and summarily killing them, Amnesty International said in a report.",The New York Times,Europe,Brief,nyt://article/204c9366-df81-5e73-92d4-87cbcef28853,https://www.nytimes.com/2015/05/23/world/europe/ukraine-report-finds-war-crimes.html,125,By The Associated Press,Ukraine: Report Finds War Crimes,World Briefing,Europe; Ukraine: Report Finds War Crimes,,,,0,0,,0,0,Ukraine: Report Finds War Crimes,"Ukraine: Report Finds War Crimes Both warring sides in eastern Ukraine are perpetrating war crimes almost daily, including torturing prisoners and summarily killing them, Amnesty International said in a report. Both warring sides in eastern Ukraine are perpetrating war crimes almost daily, including torturing prisoners and summarily killing them, Amnesty International said in a report."
"Police data suggests that revelations about Mr. Savile, a disgraced television personality who died before he could be prosecuted, has led to a greater willingness to report abuse.",article,nyt://article/4cca33b5-4ccb-53ee-b6df-83eadd9ba763,"[{'name': 'Person', 'value': 'Bilefsky, Dan', 'rank': 1}, {'name': 'Location', 'value': 'Great Britain', 'rank': 2}, {'name': 'Subject', 'value': 'Sex Crimes', 'rank': 3}, {'name': 'Subject', 'value': 'Child Abuse and Neglect', 'rank': 4}, {'name': 'Person', 'value': 'Savile, Jimmy', 'rank': 5}, {'name': 'Organization', 'value': 'British Broadcasting Corp', 'rank': 6}]",Foreign,4,A,2015-05-21 15:02:35+00:00,World,"Police data suggests that revelations about Mr. Savile, a disgraced television personality who died before he could be prosecuted, has led to a greater willingness to report abuse.",The New York Times,Europe,News,nyt://article/4cca33b5-4ccb-53ee-b6df-83eadd9ba763,https://www.nytimes.com/2015/05/22/world/europe/britain-child-sex-abuse-jimmy-savile.html,556,By Dan Bilefsky,British Police Find Jimmy Savile Case Has Spurred Reports of Child Sexual Abuse,,Views Shift in Britain on Reporting Sexual Abuse,Jimmy Savile in 2008.,"Lewis Whyld/Press Association, via Associated Press",https://static01.nyt.com/images/2015/05/22/world/22Britain-web/22Britain-web-articleLarge.jpg,773,600,https://static01.nyt.com/images/2015/05/22/world/22Britain-web/22Britain-web-thumbStandard.jpg,75,75,British Police Find Jimmy Savile Case Has Spurred Reports of Child Sexual Abuse,"British Police Find Jimmy Savile Case Has Spurred Reports of Child Sexual Abuse Police data suggests that revelations about Mr. Savile, a disgraced television personality who died before he could be prosecuted, has led to a greater willingness to report abuse. Police data suggests that revelations about Mr. Savile, a disgraced television personality who died before he could be prosecuted, has led to a greater willingness to report abuse."
"The study urged a greater international effort to protect medical services in places like Syria, where 194 medical workers were killed during the 15 months ending in March.",article,nyt://article/b70387bf-7d94-5c2f-b954-da38b7545244,"[{'name': 'Subject', 'value': 'Human Rights and Human Rights Violations', 'rank': 1}, {'name': 'Subject', 'value': 'Terrorism', 'rank': 2}, {'name': 'Subject', 'value': 'Medicine and Health', 'rank': 3}, {'name': 'Location', 'value': 'Syria', 'rank': 4}, {'name': 'Organization', 'value': 'Boko Haram', 'rank': 5}, {'name': 'Organization', 'value': 'Human Rights Watch', 'rank': 6}, {'name': 'Organization', 'value': 'United Nations', 'rank': 7}, {'name': 'Organization', 'value': 'World Health Organization', 'rank': 8}, {'name': 'Location', 'value': 'Yemen', 'rank': 9}, {'name': 'Location', 'value': 'Mali', 'rank': 10}, {'name': 'Location', 'value': 'Sudan', 'rank': 11}, {'name': 'Location', 'value': 'Myanmar', 'rank': 12}, {'name': 'Location', 'value': 'South Sudan', 'rank': 13}, {'name': 'Organization', 'value': 'Safeguarding Health in Conflict', 'rank': 14}]",Foreign,,,2015-05-20 15:27:36+00:00,World,"The study urged a greater international effort to protect medical services in places like Syria, where 194 medical workers were killed during the 15 months ending in March.",The New York Times,,News,nyt://article/b70387bf-7d94-5c2f-b954-da38b7545244,https://www.nytimes.com/2015/05/20/world/health-workers-and-patients-under-threat-in-17-countries-report-finds.html,661,By Nick Cumming-Bruce,"Health Workers and Patients Under Threat in 17 Countries, Report Finds",,,,,,0,0,,0,0,"Health Workers and Patients Under Threat in 17 Countries, Report Finds","Health Workers and Patients Under Threat in 17 Countries, Report Finds The study urged a greater international effort to protect medical services in places like Syria, where 194 medical workers were killed during the 15 months ending in March. The study urged a greater international effort to protect medical services in places like Syria, where 194 medical workers were killed during the 15 months ending in March."
"The Iraq Survey Group said that in 2003, more than 20 American soldiers at Iraq’s Camp Taji were exposed to “a carcinogen and poisonous chemical.”",interactive,nyt://interactive/e7a98a62-7737-5bc7-b0ca-74b3be3df7b5,"[{'name': 'Location', 'value': 'Iraq', 'rank': 1}, {'name': 'Location', 'value': 'Taji (Iraq)', 'rank': 2}, {'name': 'Subject', 'value': 'United States Defense and Military Forces', 'rank': 3}, {'name': 'Subject', 'value': 'Biological and Chemical Warfare', 'rank': 4}]",,,,2015-05-13 03:03:27+00:00,World,"The Iraq Survey Group said that in 2003, more than 20 American soldiers at Iraq’s Camp Taji were exposed to “a carcinogen and poisonous chemical.”",The New York Times,Middle East,Interactive Feature,nyt://interactive/e7a98a62-7737-5bc7-b0ca-74b3be3df7b5,https://www.nytimes.com/interactive/2015/05/11/world/middleeast/document-camp-taji-incident-report-declassified-after-12-years.html,0,,Camp Taji Incident Report Declassified After 12 Years,,,,,https://static01.nyt.com/images/2015/05/11/world/middleeast/document-camp-taji-incident-report-declassified-after-12-years-1431445732802/document-camp-taji-incident-report-declassified-after-12-years-1431445732802-articleLarge-v3.png,273,600,https://static01.nyt.com/images/2015/05/11/world/middleeast/document-camp-taji-incident-report-declassified-after-12-years-1431445732802/document-camp-taji-incident-report-declassified-after-12-years-1431445732802-thumbStandard.png,75,75,Camp Taji Incident Report Declassified After 12 Years,"Camp Taji Incident Report Declassified After 12 Years The Iraq Survey Group said that in 2003, more than 20 American soldiers at Iraq’s Camp Taji were exposed to “a carcinogen and poisonous chemical.” The Iraq Survey Group said that in 2003, more than 20 American soldiers at Iraq’s Camp Taji were exposed to “a carcinogen and poisonous chemical.”"
"Members of Russia’s political opposition published a report by Boris Y. Nemtsov, who was killed in February, that documents the deaths of 220 Russian soldiers in southeastern Ukraine.",article,nyt://article/b679d1b7-f35b-50a7-8ab5-7fbbed1e3b3a,"[{'name': 'Person', 'value': 'Kramer, Andrew E', 'rank': 1}, {'name': 'Person', 'value': 'Nemtsov, Boris Y', 'rank': 2}, {'name': 'Location', 'value': 'Russia', 'rank': 3}, {'name': 'Location', 'value': 'Ukraine', 'rank': 4}, {'name': 'Subject', 'value': 'Defense and Military Forces', 'rank': 5}, {'name': 'Person', 'value': 'Putin, Vladimir V', 'rank': 6}, {'name': 'Location', 'value': 'Debaltseve (Ukraine)', 'rank': 7}, {'name': 'Location', 'value': 'Moscow (Russia)', 'rank': 8}, {'name': 'Location', 'value': 'Donetsk (Ukraine)', 'rank': 9}, {'name': 'Location', 'value': 'Luhansk (Ukraine)', 'rank': 10}]",Foreign,4,A,2015-05-12 21:25:58+00:00,World,"Members of Russia’s political opposition published a report by Boris Y. Nemtsov, who was killed in February, that documents the deaths of 220 Russian soldiers in southeastern Ukraine.",The New York Times,Europe,News,nyt://article/b679d1b7-f35b-50a7-8ab5-7fbbed1e3b3a,https://www.nytimes.com/2015/05/13/world/europe/kremlin-critics-posthumous-report-links-russian-soldiers-to-ukraine.html,766,By Andrew E. Kramer,Kremlin Critic’s Posthumous Report Links Russian Soldiers to Ukraine,,Putin Foe’s Work on Russian Role in Ukraine Sees the Light of Day,"In January, pro-Russian separatists in Debaltseve.",Manu Brabo/Agence France-Presse — Getty Images,https://static01.nyt.com/images/2015/05/13/world/13UKRAINE/13UKRAINE-articleLarge.jpg,403,600,https://static01.nyt.com/images/2015/05/13/world/13UKRAINE/13UKRAINE-thumbStandard.jpg,75,75,Kremlin Critic’s Posthumous Report Links Russian Soldiers to Ukraine,"Kremlin Critic’s Posthumous Report Links Russian Soldiers to Ukraine Members of Russia’s political opposition published a report by Boris Y. Nemtsov, who was killed in February, that documents the deaths of 220 Russian soldiers in southeastern Ukraine. Members of Russia’s political opposition published a report by Boris Y. Nemtsov, who was killed in February, that documents the deaths of 220 Russian soldiers in southeastern Ukraine."
A panel of experts said that the World Health Organization requires a radical change of culture to cope with future emergencies.,article,nyt://article/bb5e1192-67ac-5998-b7e6-7c2dc812c61f,"[{'name': 'Person', 'value': 'Cumming-Bruce, Nick', 'rank': 1}, {'name': 'Organization', 'value': 'World Health Organization', 'rank': 2}, {'name': 'Organization', 'value': 'United Nations', 'rank': 3}, {'name': 'Subject', 'value': 'Epidemics', 'rank': 4}, {'name': 'Subject', 'value': 'Ebola Virus', 'rank': 5}]",Foreign,10,A,2015-05-12 02:29:37+00:00,World,A panel of experts said that the World Health Organization requires a radical change of culture to cope with future emergencies.,The New York Times,Europe,News,nyt://article/bb5e1192-67ac-5998-b7e6-7c2dc812c61f,https://www.nytimes.com/2015/05/12/world/europe/who-needs-reforms-in-wake-of-ebola-crisis-report-says.html,452,By Nick Cumming-Bruce,"W.H.O. Needs Reforms in Wake of Ebola Crisis, Report Says",,World Briefing | Europe; Panel Recommends Overhaul at W.H.O.,,,,0,0,,0,0,"W.H.O. Needs Reforms in Wake of Ebola Crisis, Report Says","W.H.O. Needs Reforms in Wake of Ebola Crisis, Report Says A panel of experts said that the World Health Organization requires a radical change of culture to cope with future emergencies. A panel of experts said that the World Health Organization requires a radical change of culture to cope with future emergencies."
"The World Health Organization reported the lowest weekly total of new cases in the West Africa Ebola epidemic this year, calling it an encouraging development but expressing caution about complacency.",article,nyt://article/38cc1f7e-3d11-5e66-99e6-29333d292f1b,"[{'name': 'Person', 'value': 'Gladstone, Rick', 'rank': 1}, {'name': 'Subject', 'value': 'Ebola Virus', 'rank': 2}, {'name': 'Subject', 'value': 'Epidemics', 'rank': 3}, {'name': 'Organization', 'value': 'World Health Organization', 'rank': 4}, {'name': 'Location', 'value': 'Africa', 'rank': 5}, {'name': 'Location', 'value': 'Guinea', 'rank': 6}, {'name': 'Location', 'value': 'Sierra Leone', 'rank': 7}, {'name': 'Location', 'value': 'Liberia', 'rank': 8}]",Foreign,14,A,2015-05-07 01:27:07+00:00,World,"The World Health Organization reported the lowest weekly total of new cases in the West Africa Ebola epidemic this year, calling it an encouraging development but expressing caution about complacency.",The New York Times,Africa,Brief,nyt://article/38cc1f7e-3d11-5e66-99e6-29333d292f1b,https://www.nytimes.com/2015/05/07/world/africa/who-officials-report-a-drop-in-new-ebola-cases.html,146,By Rick Gladstone,W.H.O. Officials Report a Drop in New Ebola Cases,World Briefing,Africa; W.H.O. Officials Report a Drop in New Ebola Cases,,,,0,0,,0,0,W.H.O. Officials Report a Drop in New Ebola Cases,"W.H.O. Officials Report a Drop in New Ebola Cases The World Health Organization reported the lowest weekly total of new cases in the West Africa Ebola epidemic this year, calling it an encouraging development but expressing caution about complacency. The World Health Organization reported the lowest weekly total of new cases in the West Africa Ebola epidemic this year, calling it an encouraging development but expressing caution about complacency."
"The report shows that the co-pilot rehearsed the plane’s fatal dive during an earlier flight, repeatedly setting the aircraft’s altitude to 100 feet on the day of the crash.",interactive,nyt://interactive/18c73f79-06aa-5246-9409-42b8ecc67ef5,"[{'name': 'Subject', 'value': 'Aviation Accidents, Safety and Disasters', 'rank': 1}, {'name': 'Organization', 'value': 'Germanwings GmbH', 'rank': 2}, {'name': 'Person', 'value': 'Lubitz, Andreas (1987-2015)', 'rank': 3}]",,,,2015-05-06 11:28:59+00:00,World,"The report shows that the co-pilot rehearsed the plane’s fatal dive during an earlier flight, repeatedly setting the aircraft’s altitude to 100 feet on the day of the crash.",The New York Times,Europe,Interactive Feature,nyt://interactive/18c73f79-06aa-5246-9409-42b8ecc67ef5,https://www.nytimes.com/interactive/2015/05/06/world/europe/document-preliminary-report-on-the-germanwings-flight-9525-crash.html,0,,Preliminary Report on the Germanwings Flight 9525 Crash,,,,,,0,0,https://static01.nyt.com/images/2015/05/06/world/document-preliminary-report-on-the-germanwings-flight-9525-crash/document-preliminary-report-on-the-germanwings-flight-9525-crash-thumbStandard.gif,75,75,Preliminary Report on the Germanwings Flight 9525 Crash,"Preliminary Report on the Germanwings Flight 9525 Crash The report shows that the co-pilot rehearsed the plane’s fatal dive during an earlier flight, repeatedly setting the aircraft’s altitude to 100 feet on the day of the crash. The report shows that the co-pilot rehearsed the plane’s fatal dive during an earlier flight, repeatedly setting the aircraft’s altitude to 100 feet on the day of the crash."
"While not binding, agreements on matters such as the Constitution and the presence of foreign troops raised hopes about the long deadlocked process.",article,nyt://article/94ce0c95-8f3d-5c11-8514-a01ec5bf80f6,"[{'name': 'Person', 'value': 'Nordland, Rod', 'rank': 1}, {'name': 'Location', 'value': 'Afghanistan', 'rank': 2}, {'name': 'Organization', 'value': 'Taliban', 'rank': 3}, {'name': 'Subject', 'value': 'Afghanistan War (2001-14)', 'rank': 4}, {'name': 'Location', 'value': 'Qatar', 'rank': 5}, {'name': 'Location', 'value': 'Doha (Qatar)', 'rank': 6}, {'name': 'Subject', 'value': 'Constitutions', 'rank': 7}]",Foreign,5,A,2015-05-04 23:32:16+00:00,World,"While not binding, agreements on matters such as the Constitution and the presence of foreign troops raised hopes about the long deadlocked process.",The New York Times,Asia Pacific,News,nyt://article/94ce0c95-8f3d-5c11-8514-a01ec5bf80f6,https://www.nytimes.com/2015/05/05/world/middleeast/some-progress-is-reported-in-informal-afghan-taliban-talks.html,463,By Rod Nordland,Some Progress Is Reported in Informal Afghan-Taliban Talks ,,Some Progress Is Reported in Informal Afghan-Taliban Talks ,,,,0,0,,0,0,Some Progress Is Reported in Informal Afghan-Taliban Talks,"Some Progress Is Reported in Informal Afghan-Taliban Talks While not binding, agreements on matters such as the Constitution and the presence of foreign troops raised hopes about the long deadlocked process. While not binding, agreements on matters such as the Constitution and the presence of foreign troops raised hopes about the long deadlocked process."
"Nigeria’s military rescued 234 more girls and women from a Boko Haram forest stronghold in the country’s northeast, according to a Twitter message from the Nigerian Defense Headquarters.",article,nyt://article/7a663cba-9628-557e-8633-87cafca9127a,"[{'name': 'Subject', 'value': 'Women and Girls', 'rank': 1}, {'name': 'Subject', 'value': 'Kidnapping and Hostages', 'rank': 2}, {'name': 'Organization', 'value': 'Boko Haram', 'rank': 3}, {'name': 'Location', 'value': 'Nigeria', 'rank': 4}]",Foreign,8,A,2015-05-03 01:36:04+00:00,World,"Nigeria’s military rescued 234 more girls and women from a Boko Haram forest stronghold in the country’s northeast, according to a Twitter message from the Nigerian Defense Headquarters.",The New York Times,Africa,Brief,nyt://article/7a663cba-9628-557e-8633-87cafca9127a,https://www.nytimes.com/2015/05/03/world/africa/nigeria-more-rescues-from-boko-haram-reported.html,97,By The Associated Press,Nigeria: More Rescues From Boko Haram Reported,World Briefing,"Nigeria: Captives Freed, Army Says",,,,0,0,,0,0,Nigeria: More Rescues From Boko Haram Reported,"Nigeria: More Rescues From Boko Haram Reported Nigeria’s military rescued 234 more girls and women from a Boko Haram forest stronghold in the country’s northeast, according to a Twitter message from the Nigerian Defense Headquarters. Nigeria’s military rescued 234 more girls and women from a Boko Haram forest stronghold in the country’s northeast, according to a Twitter message from the Nigerian Defense Headquarters."
North Korea said that Joo Won-moon had been detained after crossing into the country from the Chinese town Dandong.,article,nyt://article/56d276d4-26fd-515b-af6e-e5eca619f3e5,"[{'name': 'Location', 'value': 'North Korea', 'rank': 1}, {'name': 'Person', 'value': 'Choe Sang-Hun', 'rank': 2}, {'name': 'Location', 'value': 'South Korea', 'rank': 3}, {'name': 'Person', 'value': 'Joo Won-moon', 'rank': 4}, {'name': 'Subject', 'value': 'Colleges and Universities', 'rank': 5}, {'name': 'Organization', 'value': 'New York University', 'rank': 6}]",Foreign,4,A,2015-05-02 13:52:26+00:00,World,North Korea said that Joo Won-moon had been detained after crossing into the country from the Chinese town Dandong.,The New York Times,Asia Pacific,News,nyt://article/56d276d4-26fd-515b-af6e-e5eca619f3e5,https://www.nytimes.com/2015/05/03/world/asia/new-york-university-student-joo-won-moon-arrested-north-korea-says.html,388,By Choe Sang-Hun,South Korean N.Y.U. Student Is Reported Arrested in North Korea,,North Korea Says N.Y.U. Student Is Held for Illegal Entry,"Cora Fabian, a neighbor of Joo Won-moon, a South Korean student detained on April 22 after crossing the Yalu River from Dandong, China, spoke to the press on Saturday in front of Mr. Joo's family home in New Jersey.",Bryan Anselm for The New York Times,https://static01.nyt.com/images/2015/05/03/nyregion/03KOREA/03KOREA-articleLarge.jpg,400,600,https://static01.nyt.com/images/2015/05/03/nyregion/03KOREA/03KOREA-thumbStandard.jpg,75,75,South Korean N.Y.U. Student Is Reported Arrested in North Korea,South Korean N.Y.U. Student Is Reported Arrested in North Korea North Korea said that Joo Won-moon had been detained after crossing into the country from the Chinese town Dandong. North Korea said that Joo Won-moon had been detained after crossing into the country from the Chinese town Dandong.
Brazil’s political establishment was shaken on Friday after federal prosecutors opened an investigation into Luiz Inácio Lula da Silva.,article,nyt://article/e8ae48f7-ac43-5ad0-82a4-8c11df2c85d8,"[{'name': 'Subject', 'value': 'Embezzlement', 'rank': 1}, {'name': 'Person', 'value': 'Romero, Simon', 'rank': 2}, {'name': 'Person', 'value': 'Da Silva, Luiz Inacio Lula', 'rank': 3}, {'name': 'Location', 'value': 'Brazil', 'rank': 4}]",Foreign,3,A,2015-05-02 01:17:21+00:00,World,Brazil’s political establishment was shaken on Friday after federal prosecutors opened an investigation into Luiz Inácio Lula da Silva.,The New York Times,Americas,News,nyt://article/e8ae48f7-ac43-5ad0-82a4-8c11df2c85d8,https://www.nytimes.com/2015/05/02/world/americas/report-of-an-inquiry-into-a-former-president-rattles-brazil.html,391,By Simon Romero,Report of an Inquiry Into a Former President Rattles Brazil,,Report of an Inquiry Into a Former President Rattles Brazil,,,,0,0,,0,0,Report of an Inquiry Into a Former President Rattles Brazil,Report of an Inquiry Into a Former President Rattles Brazil Brazil’s political establishment was shaken on Friday after federal prosecutors opened an investigation into Luiz Inácio Lula da Silva. Brazil’s political establishment was shaken on Friday after federal prosecutors opened an investigation into Luiz Inácio Lula da Silva.
"All but two of the victims in the downing of Flight MH-17 over eastern Ukraine last summer have been identified, Bert Koenders said.",article,nyt://article/7a3bafea-973c-5460-983d-112378a5a278,"[{'name': 'Subject', 'value': 'Malaysia Airlines Flight 17', 'rank': 1}, {'name': 'Location', 'value': 'Ukraine', 'rank': 2}, {'name': 'Location', 'value': 'Russia', 'rank': 3}, {'name': 'Location', 'value': 'Netherlands', 'rank': 4}, {'name': 'Subject', 'value': 'Defense and Military Forces', 'rank': 5}]",Foreign,,,2015-04-28 23:56:11+00:00,World,"All but two of the victims in the downing of Flight MH-17 over eastern Ukraine last summer have been identified, Bert Koenders said.",The New York Times,Europe,News,nyt://article/7a3bafea-973c-5460-983d-112378a5a278,https://www.nytimes.com/2015/04/29/world/europe/progress-reported-in-malaysian-plane-shootdown-inquiry.html,497,By Rick Gladstone,Dutch Foreign Minister Reports Progress in Inquiry Into Downing of Malaysian Jetliner,,Dutch Foreign Minister Reports Progress in Inquiry Into Downing of Malaysian Jetliner,,,,0,0,,0,0,Dutch Foreign Minister Reports Progress in Inquiry Into Downing of Malaysian Jetliner,"Dutch Foreign Minister Reports Progress in Inquiry Into Downing of Malaysian Jetliner All but two of the victims in the downing of Flight MH-17 over eastern Ukraine last summer have been identified, Bert Koenders said. All but two of the victims in the downing of Flight MH-17 over eastern Ukraine last summer have been identified, Bert Koenders said."
"Israeli military actions killed 44 Palestinian civilians who had sought refuge in seven United Nations schools during last summer’s conflict in Gaza, the United Nations said Monday.",interactive,nyt://interactive/9f3481cc-8eba-5da1-a5bb-4f77f787d017,[],,,,2015-04-27 20:48:33+00:00,World,"Israeli military actions killed 44 Palestinian civilians who had sought refuge in seven United Nations schools during last summer’s conflict in Gaza, the United Nations said Monday.",The New York Times,Middle East,Interactive Feature,nyt://interactive/9f3481cc-8eba-5da1-a5bb-4f77f787d017,https://www.nytimes.com/interactive/2015/04/27/world/middleeast/document-gaza-board-of-inquiry-report-and-cover-letter.html,0,,United Nations Internal Report on Gaza,,,,,,0,0,https://static01.nyt.com/images/2015/04/27/world/middleeast/gaza/gaza-thumbStandard.png,75,75,United Nations Internal Report on Gaza,"United Nations Internal Report on Gaza Israeli military actions killed 44 Palestinian civilians who had sought refuge in seven United Nations schools during last summer’s conflict in Gaza, the United Nations said Monday. Israeli military actions killed 44 Palestinian civilians who had sought refuge in seven United Nations schools during last summer’s conflict in Gaza, the United Nations said Monday."
"The discovery of the drone on Wednesday had baffled officials, especially after it was found to be carrying trace amounts of radioactive material.",article,nyt://article/3fa4d7c7-53b5-5c23-8754-bf3cd5b6109d,"[{'name': 'Location', 'value': 'Japan', 'rank': 1}, {'name': 'Person', 'value': 'Fackler, Martin', 'rank': 2}, {'name': 'Subject', 'value': 'Drones (Pilotless Planes)', 'rank': 3}, {'name': 'Subject', 'value': 'Nuclear Energy', 'rank': 4}, {'name': 'Person', 'value': 'Abe, Shinzo', 'rank': 5}]",Foreign,5,A,2015-04-24 22:10:33+00:00,World,"The discovery of the drone on Wednesday had baffled officials, especially after it was found to be carrying trace amounts of radioactive material.",The New York Times,Asia Pacific,News,nyt://article/3fa4d7c7-53b5-5c23-8754-bf3cd5b6109d,https://www.nytimes.com/2015/04/25/world/asia/man-says-he-flew-drone-onto-japanese-leaders-office-roof-in-nuclear-protest.html,296,By Martin Fackler,"Man Is Arrested for Flying Drone Onto Japanese Leader’s Office Roof, Reports Say",World Briefing,Asia; Japan: Arrest in Radioactive Drone Case,,,,0,0,,0,0,"Man Is Arrested for Flying Drone Onto Japanese Leader’s Office Roof, Reports Say","Man Is Arrested for Flying Drone Onto Japanese Leader’s Office Roof, Reports Say The discovery of the drone on Wednesday had baffled officials, especially after it was found to be carrying trace amounts of radioactive material. The discovery of the drone on Wednesday had baffled officials, especially after it was found to be carrying trace amounts of radioactive material."
"More than 90 percent of 360 Chinese cities failed to meet national air quality standards in the first three months of this year, according to a study released by Greenpeace East Asia.",article,nyt://article/80e7df64-f968-5aed-b8ec-5453eae8bcd4,"[{'name': 'Subject', 'value': 'Air Pollution', 'rank': 1}, {'name': 'Person', 'value': 'Wong, Edward', 'rank': 2}, {'name': 'Location', 'value': 'China', 'rank': 3}, {'name': 'Subject', 'value': 'Urban Areas', 'rank': 4}, {'name': 'Organization', 'value': 'Greenpeace', 'rank': 5}]",Foreign,6,A,2015-04-21 11:46:08+00:00,World,"More than 90 percent of 360 Chinese cities failed to meet national air quality standards in the first three months of this year, according to a study released by Greenpeace East Asia.",The New York Times,Asia Pacific,News,nyt://article/80e7df64-f968-5aed-b8ec-5453eae8bcd4,https://www.nytimes.com/2015/04/22/world/asia/hundreds-of-chinese-cities-dont-meet-air-standards-report-finds.html,731,By Edward Wong,"Hundreds of Chinese Cities Don’t Meet Air Standards, Report Finds",,Report Finds Chinese Cities Fail to Meet Air Standards,"Morning exercises on a polluted day in March in Jiaozuo, Henan Province, China.",China Daily/Reuters,https://static01.nyt.com/images/2015/04/22/world/22pollute-web/22pollute-web-articleLarge.jpg,400,600,https://static01.nyt.com/images/2015/04/22/world/22pollute-web/22pollute-web-thumbStandard.jpg,75,75,"Hundreds of Chinese Cities Don’t Meet Air Standards, Report Finds","Hundreds of Chinese Cities Don’t Meet Air Standards, Report Finds More than 90 percent of 360 Chinese cities failed to meet national air quality standards in the first three months of this year, according to a study released by Greenpeace East Asia. More than 90 percent of 360 Chinese cities failed to meet national air quality standards in the first three months of this year, according to a study released by Greenpeace East Asia."
"Aliaskhab Kebekov, 43, the leader of the Caucasus Emirate, the most active militant group in Russia, was shot to death in a counterterrorism operation, according to several reports.",article,nyt://article/3a1b21b3-e243-5322-ba1f-1e0dd4fa47c7,"[{'name': 'Person', 'value': 'Roth, Andrew', 'rank': 1}, {'name': 'Location', 'value': 'Russia', 'rank': 2}, {'name': 'Subject', 'value': 'Assassinations and Attempted Assassinations', 'rank': 3}, {'name': 'Person', 'value': 'Kebekov, Aliaskhab (1972-2015)', 'rank': 4}, {'name': 'Subject', 'value': 'Terrorism', 'rank': 5}, {'name': 'Organization', 'value': 'Caucasus Emirate', 'rank': 6}, {'name': 'Location', 'value': 'Caucasus (Russia)', 'rank': 7}, {'name': 'Person', 'value': 'Kadyrov, Ramzan', 'rank': 8}, {'name': 'Person', 'value': 'Putin, Vladimir V', 'rank': 9}, {'name': 'Subject', 'value': 'Muslims and Islam', 'rank': 10}]",Foreign,4,A,2015-04-20 21:18:11+00:00,World,"Aliaskhab Kebekov, 43, the leader of the Caucasus Emirate, the most active militant group in Russia, was shot to death in a counterterrorism operation, according to several reports.",The New York Times,Europe,News,nyt://article/3a1b21b3-e243-5322-ba1f-1e0dd4fa47c7,https://www.nytimes.com/2015/04/21/world/europe/aliaskhab-kebekov-reported-killed-russia.html,484,By Andrew Roth,"Leader of Militant Group in Russia Is Killed, Reports Say",,"Militant Chief in Russia Is Shot Dead, Reports Say",,,,0,0,,0,0,"Leader of Militant Group in Russia Is Killed, Reports Say","Leader of Militant Group in Russia Is Killed, Reports Say Aliaskhab Kebekov, 43, the leader of the Caucasus Emirate, the most active militant group in Russia, was shot to death in a counterterrorism operation, according to several reports. Aliaskhab Kebekov, 43, the leader of the Caucasus Emirate, the most active militant group in Russia, was shot to death in a counterterrorism operation, according to several reports."
"The aide, Izzat Ibrahim al-Douri, an ally of the Islamic State, was the highest-ranking deputy to Mr. Hussein not caught in the American invasion.",article,nyt://article/c682ae7f-b7c4-541f-92e3-747bbc4dede5,"[{'name': 'Person', 'value': 'Arango, Tim', 'rank': 1}, {'name': 'Location', 'value': 'Iraq', 'rank': 2}, {'name': 'Person', 'value': 'Douri, Izzat Ibrahim al-', 'rank': 3}, {'name': 'Organization', 'value': 'Islamic State in Iraq and Syria (ISIS)', 'rank': 4}, {'name': 'Person', 'value': 'Hussein, Saddam', 'rank': 5}]",Foreign,9,A,2015-04-17 14:59:13+00:00,World,"The aide, Izzat Ibrahim al-Douri, an ally of the Islamic State, was the highest-ranking deputy to Mr. Hussein not caught in the American invasion.",The New York Times,Middle East,News,nyt://article/c682ae7f-b7c4-541f-92e3-747bbc4dede5,https://www.nytimes.com/2015/04/18/world/middleeast/saddam-hussein-aide-izzat-ibrahim-al-douri-reported-killed.html,298,By Tim Arango,Top Saddam Hussein Aide Reported Killed in Northern Iraq,,Ex-Aide to Saddam Hussein Is Reported Killed in Iraq,Izzat Ibrahim al-Douri in 2002. News of his death has been announced several times over the years.,Jassim Mohammed/Associated Press,https://static01.nyt.com/images/2015/04/18/world/18Douri-web/18Douri-web-articleLarge.jpg,400,600,https://static01.nyt.com/images/2015/04/18/world/18Douri-web/18Douri-web-thumbStandard.jpg,75,75,Top Saddam Hussein Aide Reported Killed in Northern Iraq,"Top Saddam Hussein Aide Reported Killed in Northern Iraq The aide, Izzat Ibrahim al-Douri, an ally of the Islamic State, was the highest-ranking deputy to Mr. Hussein not caught in the American invasion. The aide, Izzat Ibrahim al-Douri, an ally of the Islamic State, was the highest-ranking deputy to Mr. Hussein not caught in the American invasion."
From the International Herald Tribune archives: Fighting breaks out on the Austro-Italian frontier in 1915.,article,nyt://article/442d7922-387d-5ecb-88fc-c1f3ae7fec96,"[{'name': 'Subject', 'value': 'World War I (1914-18)', 'rank': 1}, {'name': 'Location', 'value': 'Austria', 'rank': 2}, {'name': 'Location', 'value': 'Italy', 'rank': 3}]",Foreign,,,2015-04-17 14:31:06+00:00,World,From the International Herald Tribune archives: Fighting breaks out on the Austro-Italian frontier in 1915.,The New York Times,,News,nyt://article/442d7922-387d-5ecb-88fc-c1f3ae7fec96,https://iht-retrospective.blogs.nytimes.com/2015/04/17/1915-italo-austrian-fight-reported/,164,By International Herald Tribune,1915: Italo-Austrian Fight Reported,IHT Retrospective,,,,,0,0,,0,0,1915: Italo-Austrian Fight Reported,1915: Italo-Austrian Fight Reported From the International Herald Tribune archives: Fighting breaks out on the Austro-Italian frontier in 1915. From the International Herald Tribune archives: Fighting breaks out on the Austro-Italian frontier in 1915.
"A new Unicef report says that about 800,000 children have been forced from their homes in northeast Nigeria by the Boko Haram uprising, with many separated from their families and some subjected to abuse and forced marriage.",article,nyt://article/e7a6b5df-6fbc-5138-b5a6-ef3fe375c8f3,"[{'name': 'Location', 'value': 'Nigeria', 'rank': 1}, {'name': 'Organization', 'value': 'Boko Haram', 'rank': 2}, {'name': 'Subject', 'value': 'Children and Childhood', 'rank': 3}, {'name': 'Subject', 'value': 'Refugees and Displaced Persons', 'rank': 4}, {'name': 'Organization', 'value': ""United Nations Children's Fund"", 'rank': 5}, {'name': 'Location', 'value': 'Africa', 'rank': 6}]",Foreign,8,A,2015-04-14 02:03:44+00:00,World,"A new Unicef report says that about 800,000 children have been forced from their homes in northeast Nigeria by the Boko Haram uprising, with many separated from their families and some subjected to abuse and forced marriage.",The New York Times,Africa,Brief,nyt://article/e7a6b5df-6fbc-5138-b5a6-ef3fe375c8f3,https://www.nytimes.com/2015/04/14/world/africa/nigeria-militants-have-displaced-800000-children-unicef-reports.html,99,By The Associated Press,"Nigeria: Militants Have Displaced 800,000 Children, Unicef Reports",World Briefing,"Africa; Nigeria: Militants Have Displaced 800,000 Children, Unicef Reports",,,,0,0,,0,0,"Nigeria: Militants Have Displaced 800,000 Children, Unicef Reports","Nigeria: Militants Have Displaced 800,000 Children, Unicef Reports A new Unicef report says that about 800,000 children have been forced from their homes in northeast Nigeria by the Boko Haram uprising, with many separated from their families and some subjected to abuse and forced marriage. A new Unicef report says that about 800,000 children have been forced from their homes in northeast Nigeria by the Boko Haram uprising, with many separated from their families and some subjected to abuse and forced marriage."
"The Iranian news report was laden with innuendo and unattributed assertions about Jason Rezaian, a Washington Post correspondent jailed in Tehran since last year.",article,nyt://article/316dcbb4-f236-5142-bae6-50cd7ba10463,"[{'name': 'Person', 'value': 'Rezaian, Jason', 'rank': 1}, {'name': 'Person', 'value': 'Gladstone, Rick', 'rank': 2}, {'name': 'Location', 'value': 'Iran', 'rank': 3}, {'name': 'Person', 'value': 'Erdbrink, Thomas', 'rank': 4}, {'name': 'Organization', 'value': 'Washington Post', 'rank': 5}, {'name': 'Subject', 'value': 'Espionage and Intelligence Services', 'rank': 6}, {'name': 'Subject', 'value': 'News and News Media', 'rank': 7}, {'name': 'Subject', 'value': 'Iranian-Americans', 'rank': 8}, {'name': 'Location', 'value': 'United States', 'rank': 9}]",Foreign,7,A,2015-04-14 00:42:56+00:00,World,"The Iranian news report was laden with innuendo and unattributed assertions about Jason Rezaian, a Washington Post correspondent jailed in Tehran since last year.",The New York Times,Middle East,News,nyt://article/316dcbb4-f236-5142-bae6-50cd7ba10463,https://www.nytimes.com/2015/04/14/world/middleeast/new-report-on-washington-post-writer-seen-as-prelude-to-espionage-trial.html,684,By Rick Gladstone and Thomas Erdbrink,New Report on Washington Post Writer Seen as Prelude to Espionage Trial,,Spy Claim Against Reporter Hints Trial in Iran Is Near,Jason Rezaian,Agence France-Presse — Getty Images,https://static01.nyt.com/images/2014/08/08/world/IRAN-promo/IRAN-articleLarge.jpg,911,600,https://static01.nyt.com/images/2014/08/08/world/IRAN-promo/IRAN-thumbStandard-v3.jpg,75,75,New Report on Washington Post Writer Seen as Prelude to Espionage Trial,"New Report on Washington Post Writer Seen as Prelude to Espionage Trial The Iranian news report was laden with innuendo and unattributed assertions about Jason Rezaian, a Washington Post correspondent jailed in Tehran since last year. The Iranian news report was laden with innuendo and unattributed assertions about Jason Rezaian, a Washington Post correspondent jailed in Tehran since last year."
"The former Communist Party official, Jiang Jiemin, who has been tied to the disgraced security chief Zhou Yongkang, is said to have not disputed the charges.",article,nyt://article/6e0a4291-e383-536d-be0b-67d8b864fc64,"[{'name': 'Person', 'value': 'Buckley, Chris', 'rank': 1}, {'name': 'Person', 'value': 'Jiang Jiemin', 'rank': 2}, {'name': 'Subject', 'value': 'Bribery and Kickbacks', 'rank': 3}, {'name': 'Location', 'value': 'China', 'rank': 4}, {'name': 'Organization', 'value': 'China National Petroleum Corp', 'rank': 5}, {'name': 'Subject', 'value': 'Corruption (Institutional)', 'rank': 6}, {'name': 'Organization', 'value': 'Communist Party of China', 'rank': 7}, {'name': 'Person', 'value': 'Zhou Yongkang', 'rank': 8}, {'name': 'Person', 'value': 'Xi Jinping', 'rank': 9}, {'name': 'Organization', 'value': 'Politburo Standing Committee of the Communist Party of China', 'rank': 10}, {'name': 'Subject', 'value': 'Oil (Petroleum) and Gasoline', 'rank': 11}, {'name': 'Location', 'value': 'Hubei Province (China)', 'rank': 12}]",Foreign,8,A,2015-04-13 08:50:18+00:00,World,"The former Communist Party official, Jiang Jiemin, who has been tied to the disgraced security chief Zhou Yongkang, is said to have not disputed the charges.",The New York Times,Asia Pacific,News,nyt://article/6e0a4291-e383-536d-be0b-67d8b864fc64,https://www.nytimes.com/2015/04/14/world/asia/jiang-jiemin-bribery-trial-china.html,643,By Chris Buckley,"Chinese Official Who Ran Oil Giant Admits Bribetaking, Court Reports",,World Briefing | Asia; China: Ex-Official Admits at Trial He Took Bribes and Abused Power,"Jiang Jiemin, the former chairman of the China National Petroleum Corporation, at his trial in Xiantao on Monday.","Hanjiang Intermediate People's Court, via Agence France-Presse — Getty Images",https://static01.nyt.com/images/2015/04/14/world/14China/14China-articleLarge.jpg,398,600,https://static01.nyt.com/images/2015/04/14/world/14China/14China-thumbStandard.jpg,75,75,"Chinese Official Who Ran Oil Giant Admits Bribetaking, Court Reports","Chinese Official Who Ran Oil Giant Admits Bribetaking, Court Reports The former Communist Party official, Jiang Jiemin, who has been tied to the disgraced security chief Zhou Yongkang, is said to have not disputed the charges. The former Communist Party official, Jiang Jiemin, who has been tied to the disgraced security chief Zhou Yongkang, is said to have not disputed the charges."
"The alliance cited an effort to limit the size of delegations from partner nations, but Western officials said an internal assessment had found that intelligence agents were part of Russia’s mission.",article,nyt://article/550c9698-55de-5b80-8bb0-725aecb173d8,"[{'name': 'Location', 'value': 'Russia', 'rank': 1}, {'name': 'Person', 'value': 'Gordon, Michael R', 'rank': 2}, {'name': 'Organization', 'value': 'North Atlantic Treaty Organization', 'rank': 3}, {'name': 'Location', 'value': 'Ukraine', 'rank': 4}, {'name': 'Subject', 'value': 'Diplomatic Service, Embassies and Consulates', 'rank': 5}, {'name': 'Subject', 'value': 'Espionage and Intelligence Services', 'rank': 6}, {'name': 'Subject', 'value': 'International Relations', 'rank': 7}, {'name': 'Location', 'value': 'Brussels (Belgium)', 'rank': 8}]",Foreign,10,A,2015-04-10 02:02:57+00:00,World,"The alliance cited an effort to limit the size of delegations from partner nations, but Western officials said an internal assessment had found that intelligence agents were part of Russia’s mission.",The New York Times,Europe,News,nyt://article/550c9698-55de-5b80-8bb0-725aecb173d8,https://www.nytimes.com/2015/04/10/world/europe/nato-caps-size-of-russias-mission-after-internal-reports-of-espionage.html,900,By Michael R. Gordon,NATO Caps Size of Russia’s Mission After Internal Reports of Espionage,,NATO Caps Size of Russia’s Mission After Internal Reports of Espionage,,,,0,0,,0,0,NATO Caps Size of Russia’s Mission After Internal Reports of Espionage,"NATO Caps Size of Russia’s Mission After Internal Reports of Espionage The alliance cited an effort to limit the size of delegations from partner nations, but Western officials said an internal assessment had found that intelligence agents were part of Russia’s mission. The alliance cited an effort to limit the size of delegations from partner nations, but Western officials said an internal assessment had found that intelligence agents were part of Russia’s mission."
"Some local officials said it was the beginning of a major offensive in western Anbar Province, though others said such a description was premature.",article,nyt://article/7fd5d4a6-c59b-5b4c-a862-a2ff6aa8eb6c,"[{'name': 'Person', 'value': 'Nordland, Rod', 'rank': 1}, {'name': 'Location', 'value': 'Iraq', 'rank': 2}, {'name': 'Organization', 'value': 'Islamic State in Iraq and Syria (ISIS)', 'rank': 3}, {'name': 'Location', 'value': 'Anbar Province (Iraq)', 'rank': 4}, {'name': 'Subject', 'value': 'Defense and Military Forces', 'rank': 5}, {'name': 'Location', 'value': 'Ramadi (Iraq)', 'rank': 6}, {'name': 'Organization', 'value': 'Iraqi Army', 'rank': 7}]",Foreign,10,A,2015-04-08 13:28:22+00:00,World,"Some local officials said it was the beginning of a major offensive in western Anbar Province, though others said such a description was premature.",The New York Times,Middle East,News,nyt://article/7fd5d4a6-c59b-5b4c-a862-a2ff6aa8eb6c,https://www.nytimes.com/2015/04/09/world/middleeast/iraq-isis-offensive.html,746,By Rod Nordland,"Iraq Starts Drive Against ISIS, but Reports on Scale Differ",,Iraqi Officials Deny Attack on ISIS Signals the Start of a Key Battle,"Iraqi security forces searching for Islamic State fighters on Saturday in the Haouz neighborhood of Ramadi, Iraq.",Associated Press,https://static01.nyt.com/images/2015/04/09/world/09Iraq-web/09Iraq-web-articleLarge.jpg,400,600,https://static01.nyt.com/images/2015/04/09/world/09Iraq-web/09Iraq-web-thumbStandard.jpg,75,75,"Iraq Starts Drive Against ISIS, but Reports on Scale Differ","Iraq Starts Drive Against ISIS, but Reports on Scale Differ Some local officials said it was the beginning of a major offensive in western Anbar Province, though others said such a description was premature. Some local officials said it was the beginning of a major offensive in western Anbar Province, though others said such a description was premature."
From the International Herald Tribune archives: German steamers are sunk by mines in 1915.,article,nyt://article/463f0f0f-e96d-59b5-97e5-e3a58253d7c0,"[{'name': 'Subject', 'value': 'Mines, Explosive', 'rank': 1}, {'name': 'Subject', 'value': 'Ships and Shipping', 'rank': 2}, {'name': 'Subject', 'value': 'World War I (1914-18)', 'rank': 3}, {'name': 'Location', 'value': 'Copenhagen (Denmark)', 'rank': 4}]",Foreign,,,2015-04-06 13:53:39+00:00,World,From the International Herald Tribune archives: German steamers are sunk by mines in 1915.,The New York Times,,News,nyt://article/463f0f0f-e96d-59b5-97e5-e3a58253d7c0,https://iht-retrospective.blogs.nytimes.com/2015/04/06/1915-german-ships-reported-sunk/,118,By International Herald Tribune,1915: German Ships Reported Sunk,IHT Retrospective,,,,,0,0,,0,0,1915: German Ships Reported Sunk,1915: German Ships Reported Sunk From the International Herald Tribune archives: German steamers are sunk by mines in 1915. From the International Herald Tribune archives: German steamers are sunk by mines in 1915.
"Britain spied on Argentine military and political leaders to ensure the security of the Falkland Islands from 2006 to 2011, an Argentine television channel reported on Friday, citing intelligence documents provided by Edward J. Snowden.",article,nyt://article/cd504af4-147b-5e12-bc99-8f03eea7b85b,"[{'name': 'Subject', 'value': 'Surveillance of Citizens by Government', 'rank': 1}, {'name': 'Organization', 'value': 'National Security Agency', 'rank': 2}, {'name': 'Location', 'value': 'Falkland Islands', 'rank': 3}, {'name': 'Location', 'value': 'Argentina', 'rank': 4}, {'name': 'Location', 'value': 'Great Britain', 'rank': 5}]",Foreign,,,2015-04-04 02:49:10+00:00,World,"Britain spied on Argentine military and political leaders to ensure the security of the Falkland Islands from 2006 to 2011, an Argentine television channel reported on Friday, citing intelligence documents provided by Edward J. Snowden.",The New York Times,Americas,Brief,nyt://article/cd504af4-147b-5e12-bc99-8f03eea7b85b,https://www.nytimes.com/2015/04/04/world/americas/argentina-britain-spied-to-ensure-falklands-security-report-says.html,156,By Reuters,"Argentina: Britain Spied to Ensure Falklands Security, Report Says",World Briefing,"Argentina: Britain Spied to Ensure Falklands Security, Report Says",,,,0,0,,0,0,"Argentina: Britain Spied to Ensure Falklands Security, Report Says","Argentina: Britain Spied to Ensure Falklands Security, Report Says Britain spied on Argentine military and political leaders to ensure the security of the Falkland Islands from 2006 to 2011, an Argentine television channel reported on Friday, citing intelligence documents provided by Edward J. Snowden. Britain spied on Argentine military and political leaders to ensure the security of the Falkland Islands from 2006 to 2011, an Argentine television channel reported on Friday, citing intelligence documents provided by Edward J. Snowden."
"Families of the hostages held by a gunman who killed four people in a kosher supermarket in Paris in January are suing a French broadcaster, saying its live coverage endangered the hostages’ lives.",article,nyt://article/bca9329e-81f1-571a-8e9d-19dbfa9e5a2e,"[{'name': 'Location', 'value': 'France', 'rank': 1}, {'name': 'Location', 'value': 'Paris (France)', 'rank': 2}, {'name': 'Subject', 'value': 'Kidnapping and Hostages', 'rank': 3}, {'name': 'Organization', 'value': 'BFM-TV', 'rank': 4}, {'name': 'Subject', 'value': 'Suits and Litigation (Civil)', 'rank': 5}, {'name': 'Subject', 'value': 'Murders, Attempted Murders and Homicides', 'rank': 6}, {'name': 'Organization', 'value': 'Charlie Hebdo', 'rank': 7}]",Foreign,9,A,2015-04-04 02:42:10+00:00,World,"Families of the hostages held by a gunman who killed four people in a kosher supermarket in Paris in January are suing a French broadcaster, saying its live coverage endangered the hostages’ lives.",The New York Times,Europe,Brief,nyt://article/bca9329e-81f1-571a-8e9d-19dbfa9e5a2e,https://www.nytimes.com/2015/04/04/world/europe/france-tv-reports-on-hostage-taking-prompt-lawsuit-and-an-investigation.html,197,By The Associated Press,France: TV Reports on Hostage Taking Prompt Lawsuit and an Investigation,World Briefing,Europe; France: TV Reports on Hostage-Taking Prompt Lawsuit and an Investigation,,,,0,0,,0,0,France: TV Reports on Hostage Taking Prompt Lawsuit and an Investigation,"France: TV Reports on Hostage Taking Prompt Lawsuit and an Investigation Families of the hostages held by a gunman who killed four people in a kosher supermarket in Paris in January are suing a French broadcaster, saying its live coverage endangered the hostages’ lives. Families of the hostages held by a gunman who killed four people in a kosher supermarket in Paris in January are suing a French broadcaster, saying its live coverage endangered the hostages’ lives."
The Israeli police said that the man reported missing was found in the Jewish settlement of Kiryat Arba equipped with canned food and a sleeping bag.,article,nyt://article/8a078d15-77a5-5115-b19d-8457668f23c6,"[{'name': 'Location', 'value': 'Hebron (West Bank)', 'rank': 1}, {'name': 'Subject', 'value': 'Kidnapping and Hostages', 'rank': 2}, {'name': 'Location', 'value': 'Israel', 'rank': 3}, {'name': 'Subject', 'value': 'Palestinians', 'rank': 4}, {'name': 'Organization', 'value': 'Hamas', 'rank': 5}, {'name': 'Subject', 'value': 'Hoaxes and Pranks', 'rank': 6}]",Foreign,,,2015-04-02 20:06:51+00:00,World,The Israeli police said that the man reported missing was found in the Jewish settlement of Kiryat Arba equipped with canned food and a sleeping bag.,The New York Times,Middle East,News,nyt://article/8a078d15-77a5-5115-b19d-8457668f23c6,https://www.nytimes.com/2015/04/03/world/middleeast/circumstances-unclear-in-reports-of-missing-israeli-in-west-bank.html,341,By Isabel Kershner,Report of Missing Israeli in West Bank Proves to Be Hoax,,Report of Missing Israeli in West Bank Proves to Be Hoax,,,,0,0,,0,0,Report of Missing Israeli in West Bank Proves to Be Hoax,Report of Missing Israeli in West Bank Proves to Be Hoax The Israeli police said that the man reported missing was found in the Jewish settlement of Kiryat Arba equipped with canned food and a sleeping bag. The Israeli police said that the man reported missing was found in the Jewish settlement of Kiryat Arba equipped with canned food and a sleeping bag.
The French police asserted that the reports about it were false and the French prosecutor leading the crash investigation said no videos had been recovered.,article,nyt://article/4ffda04c-f163-5804-8554-04acdef336ef,"[{'name': 'Subject', 'value': 'Aviation Accidents, Safety and Disasters', 'rank': 1}, {'name': 'Person', 'value': 'Gladstone, Rick', 'rank': 2}, {'name': 'Organization', 'value': 'Germanwings GmbH', 'rank': 3}, {'name': 'Organization', 'value': 'Bild (Newspaper)', 'rank': 4}, {'name': 'Organization', 'value': 'Paris Match', 'rank': 5}, {'name': 'Subject', 'value': 'Video Recordings, Downloads and Streaming', 'rank': 6}, {'name': 'Organization', 'value': 'Deutsche Lufthansa AG', 'rank': 7}, {'name': 'Location', 'value': 'France', 'rank': 8}, {'name': 'Subject', 'value': 'Ethics and Official Misconduct', 'rank': 9}, {'name': 'Subject', 'value': 'Murders, Attempted Murders and Homicides', 'rank': 10}]",Foreign,10,A,2015-04-02 01:05:46+00:00,World,The French police asserted that the reports about it were false and the French prosecutor leading the crash investigation said no videos had been recovered.,The New York Times,Europe,News,nyt://article/4ffda04c-f163-5804-8554-04acdef336ef,https://www.nytimes.com/2015/04/02/world/europe/doubts-intensify-about-reports-of-a-video-made-during-germanwings-flights-final-moments.html,722,By Rick Gladstone,Doubts Intensify About Reports of a Video Made During Germanwings Flight’s Final Moments,,Doubts Surface About Reports of a Video Made During Jet’s Final Moments,,,,0,0,,0,0,Doubts Intensify About Reports of a Video Made During Germanwings Flight’s Final Moments,Doubts Intensify About Reports of a Video Made During Germanwings Flight’s Final Moments The French police asserted that the reports about it were false and the French prosecutor leading the crash investigation said no videos had been recovered. The French police asserted that the reports about it were false and the French prosecutor leading the crash investigation said no videos had been recovered.
"The company said Andreas Lubitz, thought to have intentionally crashed a Germanwings flight, had informed it of his depressive episodes in 2009 after a break in training.",article,nyt://article/ae483ccc-508c-5d04-815e-ffbf0f63d164,"[{'name': 'Person', 'value': 'Lubitz, Andreas (1987-2015)', 'rank': 1}, {'name': 'Person', 'value': 'Kulish, Nicholas', 'rank': 2}, {'name': 'Person', 'value': 'Ewing, Jack', 'rank': 3}, {'name': 'Organization', 'value': 'Germanwings GmbH', 'rank': 4}, {'name': 'Organization', 'value': 'Deutsche Lufthansa AG', 'rank': 5}, {'name': 'Subject', 'value': 'Aviation Accidents, Safety and Disasters', 'rank': 6}, {'name': 'Subject', 'value': 'Mental Health and Disorders', 'rank': 7}, {'name': 'Subject', 'value': 'Pilots', 'rank': 8}, {'name': 'Subject', 'value': 'Depression (Mental)', 'rank': 9}, {'name': 'Location', 'value': 'Germany', 'rank': 10}, {'name': 'Location', 'value': 'French Alps', 'rank': 11}]",Foreign,1,A,2015-03-31 17:32:07+00:00,World,"The company said Andreas Lubitz, thought to have intentionally crashed a Germanwings flight, had informed it of his depressive episodes in 2009 after a break in training.",The New York Times,Europe,News,nyt://article/ae483ccc-508c-5d04-815e-ffbf0f63d164,https://www.nytimes.com/2015/04/01/world/europe/lufthansa-germanwings-andreas-lubitz.html,1217,By Nicholas Kulish and Jack Ewing,Lufthansa Says Germanwings Pilot Reported Deep Depression,,Lufthansa Says Pilot Reported Deep Depression,"Candles, flowers and other tributes formed a memorial at the airport in in Düsseldorf, Germany, the planned destination of the Germanwings flight that crashed last week, killing 150 people.",Martin Meissner/Associated Press,https://static01.nyt.com/images/2015/04/01/world/01PLANE/01PLANE-articleLarge-v2.jpg,365,600,https://static01.nyt.com/images/2015/04/01/world/01PLANE/01PLANE-thumbStandard-v6.jpg,75,75,Lufthansa Says Germanwings Pilot Reported Deep Depression,"Lufthansa Says Germanwings Pilot Reported Deep Depression The company said Andreas Lubitz, thought to have intentionally crashed a Germanwings flight, had informed it of his depressive episodes in 2009 after a break in training. The company said Andreas Lubitz, thought to have intentionally crashed a Germanwings flight, had informed it of his depressive episodes in 2009 after a break in training."
"Saudi-led military actions intensified in Yemen, including a strike on a missile depot in Sana, which set a fire that sent civilians in a nearby village fleeing.",article,nyt://article/b51abbcc-124f-5694-92a4-a75f53a1f682,"[{'name': '', 'value': '', 'rank': 1}, {'name': 'Location', 'value': 'Yemen', 'rank': 2}, {'name': 'Person', 'value': 'Gladstone, Rick', 'rank': 3}, {'name': 'Subject', 'value': 'Refugees and Displaced Persons', 'rank': 4}, {'name': 'Location', 'value': 'Saudi Arabia', 'rank': 5}, {'name': 'Subject', 'value': 'Civilian Casualties', 'rank': 6}, {'name': 'Organization', 'value': 'Houthis', 'rank': 7}]",Foreign,8,A,2015-03-30 16:13:07+00:00,World,"Saudi-led military actions intensified in Yemen, including a strike on a missile depot in Sana, which set a fire that sent civilians in a nearby village fleeing.",The New York Times,Middle East,News,nyt://article/b51abbcc-124f-5694-92a4-a75f53a1f682,https://www.nytimes.com/2015/03/31/world/middleeast/yemen-camp-air-raid.html,737,By Saeed Al-Batati and Rick Gladstone,Dozens Are Reported Killed as Saudi-Led Strike Hits Camp for Displaced Yemeni Civilians,,Dozens Are Reported Killed as Saudi-Led Strike Hits Camp for Displaced Yemeni Civilians,,,,0,0,,0,0,Dozens Are Reported Killed as Saudi-Led Strike Hits Camp for Displaced Yemeni Civilians,"Dozens Are Reported Killed as Saudi-Led Strike Hits Camp for Displaced Yemeni Civilians Saudi-led military actions intensified in Yemen, including a strike on a missile depot in Sana, which set a fire that sent civilians in a nearby village fleeing. Saudi-led military actions intensified in Yemen, including a strike on a missile depot in Sana, which set a fire that sent civilians in a nearby village fleeing."
Twitter and Facebook updates and snatches of grainy video on Instagram and YouTube offered observers following from afar vivid glimpses of the terror.,article,nyt://article/ad880abd-4d53-574d-ae40-5faf55aec397,"[{'name': 'Location', 'value': 'Yemen', 'rank': 1}, {'name': 'Location', 'value': 'Sana (Yemen)', 'rank': 2}, {'name': 'Location', 'value': 'Saudi Arabia', 'rank': 3}, {'name': 'Person', 'value': 'Hadi, Abdu Rabbu Mansour', 'rank': 4}, {'name': 'Subject', 'value': 'Social Media', 'rank': 5}, {'name': 'Subject', 'value': 'Middle East and North Africa Unrest (2010- )', 'rank': 6}]",Foreign,,,2015-03-27 00:58:01+00:00,World,Twitter and Facebook updates and snatches of grainy video on Instagram and YouTube offered observers following from afar vivid glimpses of the terror.,The New York Times,Middle East,News,nyt://article/ad880abd-4d53-574d-ae40-5faf55aec397,https://www.nytimes.com/2015/03/27/world/middleeast/yemenis-share-reports-rumors-and-wry-commentary-online-as-bombs-drop.html,212,By Robert Mackey,"Yemenis Share Reports, Rumors and Wry Commentary Online as Bombs Drop",Open Source,"Yemenis Share Reports, Rumors and Wry Commentary Online as Bombs Drop",,,,0,0,,0,0,"Yemenis Share Reports, Rumors and Wry Commentary Online as Bombs Drop","Yemenis Share Reports, Rumors and Wry Commentary Online as Bombs Drop Twitter and Facebook updates and snatches of grainy video on Instagram and YouTube offered observers following from afar vivid glimpses of the terror. Twitter and Facebook updates and snatches of grainy video on Instagram and YouTube offered observers following from afar vivid glimpses of the terror."
The World Health Organization on Wednesday reported the lowest weekly total of new Ebola cases so far this year in the three nations of West Africa that have been afflicted by the deadly virus.,article,nyt://article/5bfd58b1-9669-5468-b5f8-81f0f272e08e,"[{'name': 'Subject', 'value': 'Ebola Virus', 'rank': 1}, {'name': 'Subject', 'value': 'Epidemics', 'rank': 2}, {'name': 'Organization', 'value': 'World Health Organization', 'rank': 3}, {'name': 'Location', 'value': 'Liberia', 'rank': 4}, {'name': 'Location', 'value': 'Sierra Leone', 'rank': 5}, {'name': 'Location', 'value': 'Guinea', 'rank': 6}]",Foreign,,,2015-03-26 04:13:19+00:00,World,The World Health Organization on Wednesday reported the lowest weekly total of new Ebola cases so far this year in the three nations of West Africa that have been afflicted by the deadly virus.,The New York Times,Africa,Brief,nyt://article/5bfd58b1-9669-5468-b5f8-81f0f272e08e,https://www.nytimes.com/2015/03/26/world/africa/health-agency-reports-lowest-weekly-total-of-new-ebola-cases.html,124,By Rick Gladstone,Health Agency Reports Lowest Weekly Total of New Ebola Cases,World Briefing,Health Agency Reports Lowest Weekly Total of New Ebola Cases,,,,0,0,,0,0,Health Agency Reports Lowest Weekly Total of New Ebola Cases,Health Agency Reports Lowest Weekly Total of New Ebola Cases The World Health Organization on Wednesday reported the lowest weekly total of new Ebola cases so far this year in the three nations of West Africa that have been afflicted by the deadly virus. The World Health Organization on Wednesday reported the lowest weekly total of new Ebola cases so far this year in the three nations of West Africa that have been afflicted by the deadly virus.
Confirmation that a patient tested positive deflated hope that Liberia was now free of the Ebola virus.,article,nyt://article/672aee30-d71c-521b-8692-7d7a918f5843,"[{'name': 'Location', 'value': 'Liberia', 'rank': 1}, {'name': 'Person', 'value': 'Fink, Sheri', 'rank': 2}, {'name': 'Subject', 'value': 'Ebola Virus', 'rank': 3}, {'name': 'Person', 'value': 'Gladstone, Rick', 'rank': 4}]",Foreign,4,A,2015-03-20 19:33:18+00:00,World,Confirmation that a patient tested positive deflated hope that Liberia was now free of the Ebola virus.,The New York Times,Africa,News,nyt://article/672aee30-d71c-521b-8692-7d7a918f5843,https://www.nytimes.com/2015/03/21/world/africa/liberia-reports-first-ebola-case-in-weeks.html,584,By Sheri Fink and Rick Gladstone,Liberia Reports First Ebola Case in Weeks,,Liberia Has a New Case of Ebola,,,,0,0,,0,0,Liberia Reports First Ebola Case in Weeks,Liberia Reports First Ebola Case in Weeks Confirmation that a patient tested positive deflated hope that Liberia was now free of the Ebola virus. Confirmation that a patient tested positive deflated hope that Liberia was now free of the Ebola virus.
"Aid workers described a “grave situation” in the South Pacific nation devastated by Tropical Cyclone Pam, with food, clean water and shelter all in short supply.",article,nyt://article/374cf85d-c5ac-5698-a1a9-2a36cb7d65ae,"[{'name': 'Location', 'value': 'Vanuatu', 'rank': 1}, {'name': 'Subject', 'value': 'Humanitarian Aid', 'rank': 2}, {'name': 'Subject', 'value': 'Cyclones', 'rank': 3}, {'name': 'Organization', 'value': 'CARE', 'rank': 4}, {'name': 'Organization', 'value': 'Oxfam', 'rank': 5}]",Foreign,,,2015-03-18 10:10:48+00:00,World,"Aid workers described a “grave situation” in the South Pacific nation devastated by Tropical Cyclone Pam, with food, clean water and shelter all in short supply.",The New York Times,Asia Pacific,News,nyt://article/374cf85d-c5ac-5698-a1a9-2a36cb7d65ae,https://www.nytimes.com/2015/03/19/world/asia/vanuatu-cyclone-pam-aid.html,600,By Michelle Innis,Aid Trickles to Vanuatu as Relief Workers Report Vast Cyclone Damage,,,,Jeremy Piper/Agence France-Presse — Getty Images,https://static01.nyt.com/images/2015/03/18/multimedia/vanuatu-aftermath/vanuatu-aftermath-articleLarge.jpg,435,600,https://static01.nyt.com/images/2015/03/18/multimedia/vanuatu-aftermath/vanuatu-aftermath-thumbStandard.jpg,75,75,Aid Trickles to Vanuatu as Relief Workers Report Vast Cyclone Damage,"Aid Trickles to Vanuatu as Relief Workers Report Vast Cyclone Damage Aid workers described a “grave situation” in the South Pacific nation devastated by Tropical Cyclone Pam, with food, clean water and shelter all in short supply. Aid workers described a “grave situation” in the South Pacific nation devastated by Tropical Cyclone Pam, with food, clean water and shelter all in short supply."
The Syrian state news media reported Tuesday that the country’s air defense systems had shot down an American surveillance plane near the northwestern city of Latakia.,article,nyt://article/8e5565b1-cb55-5006-a700-4ed4738ec17b,"[{'name': 'Person', 'value': 'Hubbard, Ben', 'rank': 1}, {'name': 'Location', 'value': 'Syria', 'rank': 2}, {'name': 'Subject', 'value': 'Drones (Pilotless Planes)', 'rank': 3}, {'name': 'Subject', 'value': 'Military Aircraft', 'rank': 4}, {'name': 'Organization', 'value': 'Islamic State in Iraq and Syria (ISIS)', 'rank': 5}, {'name': 'Location', 'value': 'United States', 'rank': 6}]",Foreign,6,A,2015-03-18 03:44:11+00:00,World,The Syrian state news media reported Tuesday that the country’s air defense systems had shot down an American surveillance plane near the northwestern city of Latakia.,The New York Times,Middle East,Brief,nyt://article/8e5565b1-cb55-5006-a700-4ed4738ec17b,https://www.nytimes.com/2015/03/18/world/middleeast/syria-reports-claim-downing-of-a-us-surveillance-drone.html,120,By Ben Hubbard,Syria: Reports Claim Downing of a U.S. Surveillance Drone,World Briefing,Middle East; Syria: Reports Claim Downing of a U.S. Surveillance Drone,,,,0,0,,0,0,Syria: Reports Claim Downing of a U.S. Surveillance Drone,Syria: Reports Claim Downing of a U.S. Surveillance Drone The Syrian state news media reported Tuesday that the country’s air defense systems had shot down an American surveillance plane near the northwestern city of Latakia. The Syrian state news media reported Tuesday that the country’s air defense systems had shot down an American surveillance plane near the northwestern city of Latakia.
"Those held encompass a wide group of people, including opponents of sexual discrimination, groups pushing for migrant workers’ rights and those who argue for better treatment of ethnic minorities.",article,nyt://article/dd19c17b-b4ee-5903-b7c4-1433ddd18220,"[{'name': 'Subject', 'value': 'Human Rights and Human Rights Violations', 'rank': 1}, {'name': 'Person', 'value': 'Xi Jinping', 'rank': 2}, {'name': 'Person', 'value': 'Xu Zhiyong', 'rank': 3}, {'name': 'Organization', 'value': 'Chinese Human Rights Defenders', 'rank': 4}, {'name': 'Organization', 'value': 'Communist Party of China', 'rank': 5}, {'name': 'Location', 'value': 'China', 'rank': 6}]",Foreign,,,2015-03-17 10:50:10+00:00,World,"Those held encompass a wide group of people, including opponents of sexual discrimination, groups pushing for migrant workers’ rights and those who argue for better treatment of ethnic minorities.",The New York Times,Asia Pacific,News,nyt://article/dd19c17b-b4ee-5903-b7c4-1433ddd18220,https://sinosphere.blogs.nytimes.com/2015/03/17/detention-of-rights-activists-in-china-soared-in-2014-report-says/,328,By Michael Forsythe,"Detention of Rights Activists in China Soared in 2014, Report Says",Sinosphere,,"Lun Chunxia, a supporter of the lawyer and rights advocate Xu Zhiyong, being detained by the police near a Beijing court where Mr. Xu's trial was underway on Jan. 22, 2014.",Kim Kyung-Hoon/Reuters,https://static01.nyt.com/images/2015/03/17/world/17sino-detain/17sino-detain-articleLarge.jpg,440,600,https://static01.nyt.com/images/2015/03/17/world/17sino-detain/17sino-detain-thumbStandard.jpg,75,75,"Detention of Rights Activists in China Soared in 2014, Report Says","Detention of Rights Activists in China Soared in 2014, Report Says Those held encompass a wide group of people, including opponents of sexual discrimination, groups pushing for migrant workers’ rights and those who argue for better treatment of ethnic minorities. Those held encompass a wide group of people, including opponents of sexual discrimination, groups pushing for migrant workers’ rights and those who argue for better treatment of ethnic minorities."
"Carmen Aristegui, who has a long record of exposing the foibles of Mexico’s elite and exposed a possible conflict of interest involving the first lady, was fired Sunday from MVS Radio.",article,nyt://article/b5a47a16-4892-5670-a45c-d02c57262cd6,"[{'name': 'Person', 'value': 'Archibold, Randal C', 'rank': 1}, {'name': 'Location', 'value': 'Mexico', 'rank': 2}, {'name': 'Organization', 'value': 'MVS Radio', 'rank': 3}, {'name': 'Person', 'value': 'Aristegui, Carmen (1964- )', 'rank': 4}, {'name': 'Person', 'value': 'Rivera Hurtado, Angelica', 'rank': 5}, {'name': 'Subject', 'value': 'Freedom of the Press', 'rank': 6}, {'name': 'Subject', 'value': 'News and News Media', 'rank': 7}]",Foreign,10,A,2015-03-17 00:51:07+00:00,World,"Carmen Aristegui, who has a long record of exposing the foibles of Mexico’s elite and exposed a possible conflict of interest involving the first lady, was fired Sunday from MVS Radio.",The New York Times,Americas,News,nyt://article/b5a47a16-4892-5670-a45c-d02c57262cd6,https://www.nytimes.com/2015/03/17/world/americas/mexican-journalist-is-fired-after-report-about-first-lady.html,528,By Randal C. Archibold,Mexican Journalist Is Fired After Report About First Lady,,Mexican Journalist Is Fired After Report About First Lady,Carmen Aristegui greeted her supporters on Monday.,Edgard Garrido/Reuters,https://static01.nyt.com/images/2015/03/17/world/17Mexico/17Mexico-articleLarge.jpg,734,600,https://static01.nyt.com/images/2015/03/17/world/17Mexico/17Mexico-thumbStandard.jpg,75,75,Mexican Journalist Is Fired After Report About First Lady,"Mexican Journalist Is Fired After Report About First Lady Carmen Aristegui, who has a long record of exposing the foibles of Mexico’s elite and exposed a possible conflict of interest involving the first lady, was fired Sunday from MVS Radio. Carmen Aristegui, who has a long record of exposing the foibles of Mexico’s elite and exposed a possible conflict of interest involving the first lady, was fired Sunday from MVS Radio."
"A police report concluded that there had been a forcewide failure to address sexual abuse in the northern city of Rochdale, but that no police officer would face serious discipline.",article,nyt://article/dfdc3dff-4999-5a54-b483-eff3dfb3f7e0,"[{'name': 'Subject', 'value': 'Sex Crimes', 'rank': 1}, {'name': 'Subject', 'value': 'Police', 'rank': 2}, {'name': 'Organization', 'value': 'Guardian (British Newspaper)', 'rank': 3}, {'name': 'Location', 'value': 'Manchester (England)', 'rank': 4}]",Foreign,,,2015-03-13 12:28:46+00:00,World,"A police report concluded that there had been a forcewide failure to address sexual abuse in the northern city of Rochdale, but that no police officer would face serious discipline.",The New York Times,Europe,News,nyt://article/dfdc3dff-4999-5a54-b483-eff3dfb3f7e0,https://www.nytimes.com/2015/03/14/world/europe/police-failed-to-address-sexual-abuse-in-northern-british-city-report-says.html,304,By Katrin Bennhold,"Police Failed to Address Sexual Abuse in Northern British City, Report Says",,,,,,0,0,,0,0,"Police Failed to Address Sexual Abuse in Northern British City, Report Says","Police Failed to Address Sexual Abuse in Northern British City, Report Says A police report concluded that there had been a forcewide failure to address sexual abuse in the northern city of Rochdale, but that no police officer would face serious discipline. A police report concluded that there had been a forcewide failure to address sexual abuse in the northern city of Rochdale, but that no police officer would face serious discipline."
"The operation in January that killed 44 elite officers and jeopardized a landmark peace deal involved missteps by officials all the way up to the president, the report says.",article,nyt://article/0ead629e-d01d-5015-b9a9-425d6b7d0f29,"[{'name': 'Location', 'value': 'Philippines', 'rank': 1}, {'name': 'Person', 'value': 'Whaley, Floyd', 'rank': 2}, {'name': 'Person', 'value': 'Zulkifli bin Hir', 'rank': 3}, {'name': 'Subject', 'value': 'Terrorism', 'rank': 4}, {'name': 'Organization', 'value': 'Jemaah Islamiyah', 'rank': 5}, {'name': 'Subject', 'value': 'Attacks on Police', 'rank': 6}, {'name': 'Subject', 'value': 'Murders, Attempted Murders and Homicides', 'rank': 7}, {'name': 'Person', 'value': 'Aquino, Benigno S III', 'rank': 8}]",Foreign,9,A,2015-03-13 10:23:36+00:00,World,"The operation in January that killed 44 elite officers and jeopardized a landmark peace deal involved missteps by officials all the way up to the president, the report says.",The New York Times,Asia Pacific,News,nyt://article/0ead629e-d01d-5015-b9a9-425d6b7d0f29,https://www.nytimes.com/2015/03/14/world/asia/philippines-police-raid-official-report.html,638,By Floyd Whaley,Official Report Describes Blunders in Deadly Police Raid in Philippines,,World Briefing | Asia; Philippines: Blunders in Deadly Raid,"At the Villamor Air Base in January, members of an elite police force of the Philippines carried the remains of 42 of the 44 officers who were killed in a January raid.",Dennis M. Sabangan/European Pressphoto Agency,https://static01.nyt.com/images/2015/03/14/world/14philippines/14philippines-articleLarge.jpg,370,600,https://static01.nyt.com/images/2015/03/14/world/14philippines/14philippines-thumbStandard.jpg,75,75,Official Report Describes Blunders in Deadly Police Raid in Philippines,"Official Report Describes Blunders in Deadly Police Raid in Philippines The operation in January that killed 44 elite officers and jeopardized a landmark peace deal involved missteps by officials all the way up to the president, the report says. The operation in January that killed 44 elite officers and jeopardized a landmark peace deal involved missteps by officials all the way up to the president, the report says."
"The captain and co-pilot of Flight 370, which disappeared a year ago, had shown no signs of distress, a Malaysian government report said Sunday.",article,nyt://article/1a23e375-c905-50f3-b591-5d079cd8755a,"[{'name': 'Subject', 'value': 'Malaysia Airlines Flight 370', 'rank': 1}, {'name': 'Person', 'value': 'Forsythe, Michael', 'rank': 2}, {'name': 'Location', 'value': 'Malaysia', 'rank': 3}, {'name': 'Subject', 'value': 'Aviation Accidents, Safety and Disasters', 'rank': 4}, {'name': 'Person', 'value': 'Zaharie Ahmad Shah', 'rank': 5}, {'name': 'Person', 'value': 'Fariq Abdul Hamid', 'rank': 6}, {'name': 'Organization', 'value': 'Malaysia Airlines', 'rank': 7}]",Foreign,3,A,2015-03-08 10:58:00+00:00,World,"The captain and co-pilot of Flight 370, which disappeared a year ago, had shown no signs of distress, a Malaysian government report said Sunday.",The New York Times,Asia Pacific,News,nyt://article/1a23e375-c905-50f3-b591-5d079cd8755a,https://www.nytimes.com/2015/03/09/world/asia/missing-malaysian-airliners-crew-behaved-normally-report-says.html,1033,By Michael Forsythe,"No Sign of Distress in Malaysia Jet’s Crew, Report Says",,"No Sign of Distress in Malaysia Jet’s Crew, Report Says",Relatives of missing passengers from Malaysia Airlines Flight 370 protest outside the Malaysia Embassy in Beijing on Sunday.,Kevin Frayer/Getty Images,https://static01.nyt.com/images/2015/03/09/world/09plane/09plane-articleLarge.jpg,404,600,https://static01.nyt.com/images/2015/03/09/world/09plane/09plane-thumbStandard.jpg,75,75,"No Sign of Distress in Malaysia Jet’s Crew, Report Says","No Sign of Distress in Malaysia Jet’s Crew, Report Says The captain and co-pilot of Flight 370, which disappeared a year ago, had shown no signs of distress, a Malaysian government report said Sunday. The captain and co-pilot of Flight 370, which disappeared a year ago, had shown no signs of distress, a Malaysian government report said Sunday."
"The deaths of so many top figures, if confirmed, would be a blow to the affiliate of Al Qaeda, one of the strongest insurgent factions in Syria’s civil war.",article,nyt://article/b05e5c6f-7bb5-5bc2-9f08-771a67f1e191,"[{'name': 'Location', 'value': 'Syria', 'rank': 1}, {'name': 'Person', 'value': 'Hubbard, Ben', 'rank': 2}, {'name': 'Organization', 'value': 'Al Nusra Front', 'rank': 3}, {'name': 'Person', 'value': 'Hijazi, Samir', 'rank': 4}, {'name': 'Person', 'value': 'Hijazi, Samir (d 2015)', 'rank': 5}, {'name': 'Organization', 'value': 'Al Qaeda', 'rank': 6}, {'name': 'Organization', 'value': 'Syrian Observatory for Human Rights', 'rank': 7}]",Foreign,10,A,2015-03-06 20:57:11+00:00,World,"The deaths of so many top figures, if confirmed, would be a blow to the affiliate of Al Qaeda, one of the strongest insurgent factions in Syria’s civil war.",The New York Times,Middle East,News,nyt://article/b05e5c6f-7bb5-5bc2-9f08-771a67f1e191,https://www.nytimes.com/2015/03/07/world/middleeast/4-nusra-front-leaders-said-to-be-killed-in-syria.html,860,By Ben Hubbard,Deaths Reported in Syria of Top Figures in Group Affiliated With Al Qaeda,,Deaths Reported in Syria of Top Figures in Group Affiliated With Al Qaeda,"An image from a video on YouTube of Samir Hijazi, a Nusra Front leader who rebels and a monitoring group say is dead.",,https://static01.nyt.com/images/2015/03/07/world/07syria-2/07syria-2-articleLarge.jpg,400,600,https://static01.nyt.com/images/2015/03/07/world/07syria-2/07syria-2-thumbStandard.jpg,75,75,Deaths Reported in Syria of Top Figures in Group Affiliated With Al Qaeda,"Deaths Reported in Syria of Top Figures in Group Affiliated With Al Qaeda The deaths of so many top figures, if confirmed, would be a blow to the affiliate of Al Qaeda, one of the strongest insurgent factions in Syria’s civil war. The deaths of so many top figures, if confirmed, would be a blow to the affiliate of Al Qaeda, one of the strongest insurgent factions in Syria’s civil war."
"The Russian newspaper Novaya Gazeta said that a memo, possibly from an oligarch, warned that Moscow should act quickly to protect interests in Ukraine.",article,nyt://article/d862b731-9234-5866-8b4c-9465241e5813,"[{'name': 'Location', 'value': 'Ukraine', 'rank': 1}, {'name': 'Person', 'value': 'MacFarquhar, Neil', 'rank': 2}, {'name': 'Location', 'value': 'Crimea (Ukraine)', 'rank': 3}, {'name': 'Location', 'value': 'Russia', 'rank': 4}, {'name': 'Person', 'value': 'Yanukovych, Viktor F', 'rank': 5}, {'name': 'Person', 'value': 'Malofeev, Konstantin V', 'rank': 6}, {'name': 'Organization', 'value': 'Novaya Gazeta', 'rank': 7}]",Foreign,4,A,2015-02-25 13:16:58+00:00,World,"The Russian newspaper Novaya Gazeta said that a memo, possibly from an oligarch, warned that Moscow should act quickly to protect interests in Ukraine.",The New York Times,Europe,News,nyt://article/d862b731-9234-5866-8b4c-9465241e5813,https://www.nytimes.com/2015/02/26/world/europe/russia-ukraine-crimea-annexation.html,936,By Neil MacFarquhar,"Early Memo Urged Moscow to Annex Crimea, Report Says",,"Early Memo Urged Moscow to Annex Crimea, Report Says","Cleaning the train station in Debaltseve, Ukraine, as fighting recedes. A report hints at the Kremlin’s early calculations.",Andrew Burton/Getty Images,https://static01.nyt.com/images/2015/02/26/world/UKRAINE-REFER/UKRAINE-REFER-articleLarge.jpg,392,600,https://static01.nyt.com/images/2015/02/26/world/UKRAINE-REFER/UKRAINE-REFER-thumbStandard.jpg,75,75,"Early Memo Urged Moscow to Annex Crimea, Report Says","Early Memo Urged Moscow to Annex Crimea, Report Says The Russian newspaper Novaya Gazeta said that a memo, possibly from an oligarch, warned that Moscow should act quickly to protect interests in Ukraine. The Russian newspaper Novaya Gazeta said that a memo, possibly from an oligarch, warned that Moscow should act quickly to protect interests in Ukraine."
"Human Rights Watch said Tuesday that the Syrian government had dropped so-called barrel bombs on hundreds of heavily populated rebel-held areas in the past year, flouting a United Nations Security Council measure.",article,nyt://article/d22c6e80-7529-5f75-96ca-fbead091d03f,"[{'name': 'Person', 'value': 'Sengupta, Somini', 'rank': 1}, {'name': 'Location', 'value': 'Syria', 'rank': 2}, {'name': 'Subject', 'value': 'Bombs and Explosives', 'rank': 3}, {'name': 'Organization', 'value': 'Human Rights Watch', 'rank': 4}, {'name': 'Subject', 'value': 'Human Rights and Human Rights Violations', 'rank': 5}, {'name': 'Organization', 'value': 'United Nations', 'rank': 6}, {'name': 'Subject', 'value': 'War Crimes, Genocide and Crimes Against Humanity', 'rank': 7}]",Foreign,8,A,2015-02-25 02:49:31+00:00,World,"Human Rights Watch said Tuesday that the Syrian government had dropped so-called barrel bombs on hundreds of heavily populated rebel-held areas in the past year, flouting a United Nations Security Council measure.",The New York Times,Middle East,News,nyt://article/d22c6e80-7529-5f75-96ca-fbead091d03f,https://www.nytimes.com/2015/02/25/world/middleeast/syria-dropped-barrel-bombs-despite-ban-report-says.html,269,By Somini Sengupta,"Syria Dropped ‘Barrel Bombs’ Despite Ban, Report Says",,Syria: Rights Group Reports on Use of ‘Barrel Bombs’ by Assad Forces,,,,0,0,,0,0,"Syria Dropped ‘Barrel Bombs’ Despite Ban, Report Says","Syria Dropped ‘Barrel Bombs’ Despite Ban, Report Says Human Rights Watch said Tuesday that the Syrian government had dropped so-called barrel bombs on hundreds of heavily populated rebel-held areas in the past year, flouting a United Nations Security Council measure. Human Rights Watch said Tuesday that the Syrian government had dropped so-called barrel bombs on hundreds of heavily populated rebel-held areas in the past year, flouting a United Nations Security Council measure."
"Prime Minister Benjamin Netanyahu’s dire warning in 2012 about Iran’s nuclear program differed sharply from an analysis just weeks later by Israel’s foreign intelligence agency, a leaked report showed.",article,nyt://article/c9ce8007-7b19-50f9-b077-f3b70e47be98,"[{'name': 'Person', 'value': 'Rudoren, Jodi', 'rank': 1}, {'name': 'Location', 'value': 'Israel', 'rank': 2}, {'name': 'Location', 'value': 'Iran', 'rank': 3}, {'name': 'Subject', 'value': 'Nuclear Weapons', 'rank': 4}, {'name': 'Person', 'value': 'Netanyahu, Benjamin', 'rank': 5}, {'name': 'Organization', 'value': 'Mossad', 'rank': 6}, {'name': 'Organization', 'value': 'United Nations', 'rank': 7}]",Foreign,6,A,2015-02-24 03:16:28+00:00,World,"Prime Minister Benjamin Netanyahu’s dire warning in 2012 about Iran’s nuclear program differed sharply from an analysis just weeks later by Israel’s foreign intelligence agency, a leaked report showed.",The New York Times,Middle East,News,nyt://article/c9ce8007-7b19-50f9-b077-f3b70e47be98,https://www.nytimes.com/2015/02/24/world/middleeast/israeli-views-on-iran-diverged-reports-say.html,542,By Jodi Rudoren,"Israeli Views on Iran Diverged, Reports Say",,"Israeli Views on Iran Diverged, Reports Say",,,,0,0,,0,0,"Israeli Views on Iran Diverged, Reports Say","Israeli Views on Iran Diverged, Reports Say Prime Minister Benjamin Netanyahu’s dire warning in 2012 about Iran’s nuclear program differed sharply from an analysis just weeks later by Israel’s foreign intelligence agency, a leaked report showed. Prime Minister Benjamin Netanyahu’s dire warning in 2012 about Iran’s nuclear program differed sharply from an analysis just weeks later by Israel’s foreign intelligence agency, a leaked report showed."
"The Turkish Army launched an operation targeting the Tomb of Suleyman Shah, which has been besieged by Islamic State militants, an official and Turkish news media reported.",article,nyt://article/1cf24170-b370-5188-8aa4-a043f406c480,"[{'name': 'Person', 'value': 'Arsu, Sebnem', 'rank': 1}, {'name': 'Location', 'value': 'Turkey', 'rank': 2}, {'name': 'Location', 'value': 'Syria', 'rank': 3}, {'name': 'Organization', 'value': 'Islamic State in Iraq and Syria (ISIS)', 'rank': 4}, {'name': 'Person', 'value': 'Suleyman Shah (1178-1236)', 'rank': 5}, {'name': 'Subject', 'value': 'Tombs and Tombstones', 'rank': 6}, {'name': 'Location', 'value': 'Aleppo (Syria)', 'rank': 7}, {'name': 'Location', 'value': 'Kobani (Syria)', 'rank': 8}, {'name': 'Subject', 'value': 'Defense and Military Forces', 'rank': 9}]",Foreign,8,A,2015-02-22 03:35:50+00:00,World,"The Turkish Army launched an operation targeting the Tomb of Suleyman Shah, which has been besieged by Islamic State militants, an official and Turkish news media reported.",The New York Times,Middle East,News,nyt://article/1cf24170-b370-5188-8aa4-a043f406c480,https://www.nytimes.com/2015/02/22/world/europe/turkish-military-enters-syria-to-evacuate-soldiers-guarding-tomb-reports-say.html,494,By Sebnem Arsu,"Turkish Military Enters Syria to Evacuate Soldiers and Move Tomb’s Remains, Reports Say",,Turkish Military Is Said to Start Foray Into Syria,,,,0,0,,0,0,"Turkish Military Enters Syria to Evacuate Soldiers and Move Tomb’s Remains, Reports Say","Turkish Military Enters Syria to Evacuate Soldiers and Move Tomb’s Remains, Reports Say The Turkish Army launched an operation targeting the Tomb of Suleyman Shah, which has been besieged by Islamic State militants, an official and Turkish news media reported. The Turkish Army launched an operation targeting the Tomb of Suleyman Shah, which has been besieged by Islamic State militants, an official and Turkish news media reported."
"An analytical failure and a “glaring absence of political oversight” was compounded by a decline in Russia expertise and analysis, the report said.",article,nyt://article/c89b9bd8-987d-5f75-8302-6e674643ddaf,"[{'name': 'Location', 'value': 'Great Britain', 'rank': 1}, {'name': 'Person', 'value': 'Erlanger, Steven', 'rank': 2}, {'name': 'Location', 'value': 'Ukraine', 'rank': 3}, {'name': 'Organization', 'value': 'European Union', 'rank': 4}, {'name': 'Location', 'value': 'Russia', 'rank': 5}, {'name': 'Subject', 'value': 'International Relations', 'rank': 6}, {'name': 'Organization', 'value': 'House of Lords (Great Britain)', 'rank': 7}, {'name': 'Person', 'value': 'Putin, Vladimir V', 'rank': 8}]",Foreign,7,A,2015-02-20 15:37:28+00:00,World,"An analytical failure and a “glaring absence of political oversight” was compounded by a decline in Russia expertise and analysis, the report said.",The New York Times,Europe,News,nyt://article/c89b9bd8-987d-5f75-8302-6e674643ddaf,https://www.nytimes.com/2015/02/21/world/europe/britain-europe-ukraine-house-of-lords-report.html,938,By Steven Erlanger,"Britain and Europe ‘Sleepwalked’ Into the Ukraine Crisis, Report Says",,"Britain and Europe ‘Sleepwalked’ Into the Ukraine Crisis, Report Says",,,,0,0,,0,0,"Britain and Europe ‘Sleepwalked’ Into the Ukraine Crisis, Report Says","Britain and Europe ‘Sleepwalked’ Into the Ukraine Crisis, Report Says An analytical failure and a “glaring absence of political oversight” was compounded by a decline in Russia expertise and analysis, the report said. An analytical failure and a “glaring absence of political oversight” was compounded by a decline in Russia expertise and analysis, the report said."
"The 10,000 civilian casualties reported by the United Nations, a record since it began its tallies in 2009, reflects the altered nature of a war in which almost no Western troops are still fighting.",article,nyt://article/8b3b74ee-282a-5e5d-b372-5c8fbb646382,"[{'name': 'Subject', 'value': 'Afghanistan War (2001-14)', 'rank': 1}, {'name': 'Person', 'value': 'Ahmed, Azam', 'rank': 2}, {'name': 'Organization', 'value': 'Taliban', 'rank': 3}, {'name': 'Organization', 'value': 'United Nations', 'rank': 4}, {'name': 'Subject', 'value': 'Civilian Casualties', 'rank': 5}, {'name': 'Location', 'value': 'Afghanistan', 'rank': 6}]",Foreign,8,A,2015-02-18 07:21:42+00:00,World,"The 10,000 civilian casualties reported by the United Nations, a record since it began its tallies in 2009, reflects the altered nature of a war in which almost no Western troops are still fighting.",The New York Times,Asia Pacific,News,nyt://article/8b3b74ee-282a-5e5d-b372-5c8fbb646382,https://www.nytimes.com/2015/02/19/world/asia/afghanistan-civilian-casualties-topped-10000-in-2014-un-says.html,651,By Azam Ahmed,"Civilian Toll in Afghan War Rose in 2014, U.N. Reports",,"Civilian Toll in Afghan War Rose in 2014, U.N. Reports",,,,0,0,,0,0,"Civilian Toll in Afghan War Rose in 2014, U.N. Reports","Civilian Toll in Afghan War Rose in 2014, U.N. Reports The 10,000 civilian casualties reported by the United Nations, a record since it began its tallies in 2009, reflects the altered nature of a war in which almost no Western troops are still fighting. The 10,000 civilian casualties reported by the United Nations, a record since it began its tallies in 2009, reflects the altered nature of a war in which almost no Western troops are still fighting."
"At least seven people were said to have been injured in an attack by a young Uighur, which could not be independently confirmed and was not reported by the Chinese news media.",article,nyt://article/bc48ba4e-3d01-5f60-83a5-bd227ff4abfc,"[{'name': 'Person', 'value': 'Forsythe, Michael', 'rank': 1}, {'name': 'Subject', 'value': 'Bombs and Explosives', 'rank': 2}, {'name': 'Location', 'value': 'China', 'rank': 3}, {'name': 'Subject', 'value': 'Uighurs (Chinese Ethnic Group)', 'rank': 4}, {'name': 'Organization', 'value': 'Radio Free Asia', 'rank': 5}, {'name': 'Location', 'value': 'Xinjiang (China)', 'rank': 6}, {'name': 'Location', 'value': 'Hotan (China)', 'rank': 7}, {'name': 'Subject', 'value': 'Terrorism', 'rank': 8}]",Foreign,5,A,2015-02-17 09:35:21+00:00,World,"At least seven people were said to have been injured in an attack by a young Uighur, which could not be independently confirmed and was not reported by the Chinese news media.",The New York Times,Asia Pacific,News,nyt://article/bc48ba4e-3d01-5f60-83a5-bd227ff4abfc,https://www.nytimes.com/2015/02/18/world/asia/suicide-bomber-kills-up-to-8-in-xinjiang-radio-free-asia-reports.html,520,By Michael Forsythe,"Suicide Bomber Kills Up to 8 in Xinjiang, Radio Free Asia Reports",,China: Deadly Violence Reported in Xinjiang Region,,,,0,0,,0,0,"Suicide Bomber Kills Up to 8 in Xinjiang, Radio Free Asia Reports","Suicide Bomber Kills Up to 8 in Xinjiang, Radio Free Asia Reports At least seven people were said to have been injured in an attack by a young Uighur, which could not be independently confirmed and was not reported by the Chinese news media. At least seven people were said to have been injured in an attack by a young Uighur, which could not be independently confirmed and was not reported by the Chinese news media."
"The release of the report was deferred after intense lobbying by the country’s newly elected government, which is said to be prepared to cooperate with the investigation.",article,nyt://article/fb42accf-35ec-5ae5-b051-4c1918567bc6,"[{'name': 'Person', 'value': 'Sengupta, Somini', 'rank': 1}, {'name': 'Location', 'value': 'Sri Lanka', 'rank': 2}, {'name': 'Organization', 'value': 'Liberation Tigers of Tamil Eelam', 'rank': 3}, {'name': 'Organization', 'value': 'United Nations', 'rank': 4}, {'name': 'Subject', 'value': 'War Crimes, Genocide and Crimes Against Humanity', 'rank': 5}, {'name': 'Subject', 'value': 'Tamils (Ethnic Group)', 'rank': 6}, {'name': 'Subject', 'value': 'Human Rights and Human Rights Violations', 'rank': 7}, {'name': 'Organization', 'value': 'United Nations Human Rights Council', 'rank': 8}, {'name': 'Person', 'value': ""Zeid Ra'ad Zeid Al Hussein"", 'rank': 9}, {'name': 'Person', 'value': 'Sirisena, Maithripala', 'rank': 10}]",Foreign,4,A,2015-02-16 20:11:17+00:00,World,"The release of the report was deferred after intense lobbying by the country’s newly elected government, which is said to be prepared to cooperate with the investigation.",The New York Times,Asia Pacific,News,nyt://article/fb42accf-35ec-5ae5-b051-4c1918567bc6,https://www.nytimes.com/2015/02/17/world/asia/united-nations-postpones-report-possible-war-crimes-sri-lanka.html,638,By Somini Sengupta,U.N. Delays Release of Report on Possible War Crimes in Sri Lanka,,U.N. Grants Sri Lanka Deferral in Inquiry,,,,0,0,,0,0,U.N. Delays Release of Report on Possible War Crimes in Sri Lanka,"U.N. Delays Release of Report on Possible War Crimes in Sri Lanka The release of the report was deferred after intense lobbying by the country’s newly elected government, which is said to be prepared to cooperate with the investigation. The release of the report was deferred after intense lobbying by the country’s newly elected government, which is said to be prepared to cooperate with the investigation."
"On social media, many in Jordan and elsewhere said the news media’s reluctance to treat the shooting in North Carolina as a hate crime was evidence of anti-Muslim bias.",article,nyt://article/8b46258f-e384-56a9-a9ca-e9f6a1a0e08a,"[{'name': 'Location', 'value': 'Jordan', 'rank': 1}, {'name': 'Person', 'value': 'Sweis, Rana F', 'rank': 2}, {'name': 'Subject', 'value': 'Murders, Attempted Murders and Homicides', 'rank': 3}, {'name': 'Location', 'value': 'Chapel Hill (NC)', 'rank': 4}, {'name': 'Location', 'value': 'North Carolina', 'rank': 5}, {'name': 'Subject', 'value': 'Muslims and Islam', 'rank': 6}, {'name': 'Subject', 'value': 'Hate Crimes', 'rank': 7}, {'name': 'Location', 'value': 'United States', 'rank': 8}, {'name': 'Subject', 'value': 'Social Media', 'rank': 9}]",Foreign,8,A,2015-02-14 00:30:17+00:00,World,"On social media, many in Jordan and elsewhere said the news media’s reluctance to treat the shooting in North Carolina as a hate crime was evidence of anti-Muslim bias.",The New York Times,Middle East,News,nyt://article/8b46258f-e384-56a9-a9ca-e9f6a1a0e08a,https://www.nytimes.com/2015/02/14/world/middleeast/online-commenters-see-reporting-bias-in-killing-of-3-muslims.html,648,By Rana F. Sweis,Jordanians See U.S. Reporting Bias in Coverage of Student Killings,,Jordanians See U.S. Reporting Bias in Coverage of Student Killings,,,,0,0,,0,0,Jordanians See U.S. Reporting Bias in Coverage of Student Killings,"Jordanians See U.S. Reporting Bias in Coverage of Student Killings On social media, many in Jordan and elsewhere said the news media’s reluctance to treat the shooting in North Carolina as a hate crime was evidence of anti-Muslim bias. On social media, many in Jordan and elsewhere said the news media’s reluctance to treat the shooting in North Carolina as a hate crime was evidence of anti-Muslim bias."
"Those sentenced were either family members or supporters of Long Baorong, who died in 2012 after being jailed following attempts to expose corruption.",article,nyt://article/54adb328-2ad4-51d1-b3bf-4ed742bc1a10,"[{'name': 'Location', 'value': 'China', 'rank': 1}, {'name': 'Person', 'value': 'Wong, Edward', 'rank': 2}, {'name': '', 'value': '', 'rank': 3}, {'name': 'Subject', 'value': 'Corruption (Institutional)', 'rank': 4}, {'name': 'Subject', 'value': 'Law and Legislation', 'rank': 5}, {'name': 'Person', 'value': 'Xi Jinping', 'rank': 6}, {'name': 'Subject', 'value': 'Hmong Tribe', 'rank': 7}, {'name': 'Subject', 'value': 'Prisons and Prisoners', 'rank': 8}, {'name': 'Subject', 'value': 'Sentences (Criminal)', 'rank': 9}, {'name': 'Person', 'value': 'Long Baorong', 'rank': 10}]",Foreign,5,A,2015-02-12 12:24:11+00:00,World,"Those sentenced were either family members or supporters of Long Baorong, who died in 2012 after being jailed following attempts to expose corruption.",The New York Times,Asia Pacific,News,nyt://article/54adb328-2ad4-51d1-b3bf-4ed742bc1a10,https://www.nytimes.com/2015/02/13/world/asia/27-affiliated-with-former-official-given-prison-terms-in-southern-china.html,523,By Edward Wong,China Sentences 27 Linked to Official Who Reported Graft ,,China Sentences 27 Linked to Official Who Reported Graft,,,,0,0,,0,0,China Sentences 27 Linked to Official Who Reported Graft,"China Sentences 27 Linked to Official Who Reported Graft Those sentenced were either family members or supporters of Long Baorong, who died in 2012 after being jailed following attempts to expose corruption. Those sentenced were either family members or supporters of Long Baorong, who died in 2012 after being jailed following attempts to expose corruption."
"In addition to visiting the White House, Mr. Xi will go to New York for events marking the 70th anniversary of the United Nations’ founding, the state media report said.",article,nyt://article/a945b311-cf95-5708-baca-604856d46ccf,"[{'name': 'Person', 'value': 'Xi Jinping', 'rank': 1}, {'name': 'Person', 'value': 'Forsythe, Michael', 'rank': 2}, {'name': 'Location', 'value': 'China', 'rank': 3}, {'name': 'Person', 'value': 'Obama, Barack', 'rank': 4}, {'name': 'Subject', 'value': 'International Relations', 'rank': 5}]",Foreign,8,A,2015-02-11 08:57:24+00:00,World,"In addition to visiting the White House, Mr. Xi will go to New York for events marking the 70th anniversary of the United Nations’ founding, the state media report said.",The New York Times,Asia Pacific,News,nyt://article/a945b311-cf95-5708-baca-604856d46ccf,https://www.nytimes.com/2015/02/12/world/asia/china-president-xi-jinping-state-visit-to-us.html,228,By Michael Forsythe,"President Xi Jinping to Visit U.S. in September, Chinese Agency Reports",,China: President Xi Plans to Visit U.S. in September,,,,0,0,,0,0,"President Xi Jinping to Visit U.S. in September, Chinese Agency Reports","President Xi Jinping to Visit U.S. in September, Chinese Agency Reports In addition to visiting the White House, Mr. Xi will go to New York for events marking the 70th anniversary of the United Nations’ founding, the state media report said. In addition to visiting the White House, Mr. Xi will go to New York for events marking the 70th anniversary of the United Nations’ founding, the state media report said."
"Negotiators meeting in Belarus were said to have reached a tentative deal on Tuesday night, according to news reports.",article,nyt://article/ec04ac1c-0480-5285-9abe-23be749c4416,"[{'name': 'Location', 'value': 'Ukraine', 'rank': 1}, {'name': 'Location', 'value': 'Russia', 'rank': 2}, {'name': 'Location', 'value': 'Germany', 'rank': 3}, {'name': 'Location', 'value': 'France', 'rank': 4}, {'name': 'Person', 'value': 'Poroshenko, Petro Olekseyevich', 'rank': 5}, {'name': 'Person', 'value': 'Pushilin, Denis', 'rank': 6}, {'name': 'Person', 'value': 'Putin, Vladimir V', 'rank': 7}, {'name': 'Organization', 'value': 'Organization for Security and Cooperation in Europe', 'rank': 8}]",Foreign,,,2015-02-10 22:03:25+00:00,World,"Negotiators meeting in Belarus were said to have reached a tentative deal on Tuesday night, according to news reports.",The New York Times,Europe,News,nyt://article/ec04ac1c-0480-5285-9abe-23be749c4416,https://www.nytimes.com/2015/02/11/world/europe/agreement-on-deal-for-ukraine-cease-fire-is-reported.html,779,By David M. Herszenhorn,Agreement on Ukraine Cease-Fire Deal Is Reported,,Agreement on Ukraine Cease-Fire Deal Is Reported,,,,0,0,,0,0,Agreement on Ukraine Cease-Fire Deal Is Reported,"Agreement on Ukraine Cease-Fire Deal Is Reported Negotiators meeting in Belarus were said to have reached a tentative deal on Tuesday night, according to news reports. Negotiators meeting in Belarus were said to have reached a tentative deal on Tuesday night, according to news reports."
"Educational institutions, teachers and students have been targeted despite legal protections of gender equality, a report finds.",article,nyt://article/63f3edc7-c26b-544d-85c3-d96d78d4248e,"[{'name': 'Subject', 'value': 'Women and Girls', 'rank': 1}, {'name': 'Person', 'value': 'Gladstone, Rick', 'rank': 2}, {'name': 'Subject', 'value': 'Education (K-12)', 'rank': 3}, {'name': 'Organization', 'value': 'United Nations', 'rank': 4}, {'name': 'Subject', 'value': 'Terrorism', 'rank': 5}, {'name': 'Subject', 'value': ""Women's Rights"", 'rank': 6}, {'name': 'Organization', 'value': 'Boko Haram', 'rank': 7}, {'name': 'Organization', 'value': 'United Nations Human Rights Council', 'rank': 8}, {'name': 'Subject', 'value': 'Human Rights and Human Rights Violations', 'rank': 9}, {'name': 'Location', 'value': 'Pakistan', 'rank': 10}, {'name': 'Location', 'value': 'Nigeria', 'rank': 11}]",Foreign,7,A,2015-02-10 01:50:51+00:00,World,"Educational institutions, teachers and students have been targeted despite legal protections of gender equality, a report finds.",The New York Times,,News,nyt://article/63f3edc7-c26b-544d-85c3-d96d78d4248e,https://www.nytimes.com/2015/02/10/world/schoolgirls-are-facing-more-threats-united-nations-reports.html,584,By Rick Gladstone,"Schoolgirls Are Facing More Threats, U.N. Reports ",,"Schoolgirls Are Facing More Threats, U.N. Reports",,,,0,0,,0,0,"Schoolgirls Are Facing More Threats, U.N. Reports","Schoolgirls Are Facing More Threats, U.N. Reports Educational institutions, teachers and students have been targeted despite legal protections of gender equality, a report finds. Educational institutions, teachers and students have been targeted despite legal protections of gender equality, a report finds."
A report by the British government found a culture of cover-ups and bullying that allowed a sexual abuse ring to exist from 1997 to 2013.,article,nyt://article/dafecc47-c55b-53d4-9a52-50590d68215a,"[{'name': 'Person', 'value': 'Erlanger, Steven', 'rank': 1}, {'name': 'Location', 'value': 'Rotherham (England)', 'rank': 2}, {'name': 'Subject', 'value': 'Sex Crimes', 'rank': 3}, {'name': 'Subject', 'value': 'Child Abuse and Neglect', 'rank': 4}, {'name': 'Location', 'value': 'Great Britain', 'rank': 5}, {'name': 'Location', 'value': 'Pakistan', 'rank': 6}, {'name': 'Person', 'value': 'Wright, Shaun', 'rank': 7}, {'name': 'Person', 'value': 'Lakin, Paul M', 'rank': 8}]",Foreign,8,A,2015-02-04 20:32:51+00:00,World,A report by the British government found a culture of cover-ups and bullying that allowed a sexual abuse ring to exist from 1997 to 2013.,The New York Times,Europe,News,nyt://article/dafecc47-c55b-53d4-9a52-50590d68215a,https://www.nytimes.com/2015/02/05/world/europe/britain-child-abuse-scandal-rotherham-city-council.html,519,By Steven Erlanger,Britain Condemns Leaders in Town of Rotherham for Ignoring Reports of Child Abuse,,Local Council Blamed by British Panel for Ignoring Reports of Child Abuse,The Rotherham Metropolitan Borough Council offices on Wednesday after officials resigned.,Darren Staples/Reuters,https://static01.nyt.com/images/2015/02/05/world/05BRITAIN/05BRITAIN-articleLarge.jpg,343,600,https://static01.nyt.com/images/2015/02/05/world/05BRITAIN/05BRITAIN-thumbStandard.jpg,75,75,Britain Condemns Leaders in Town of Rotherham for Ignoring Reports of Child Abuse,Britain Condemns Leaders in Town of Rotherham for Ignoring Reports of Child Abuse A report by the British government found a culture of cover-ups and bullying that allowed a sexual abuse ring to exist from 1997 to 2013. A report by the British government found a culture of cover-ups and bullying that allowed a sexual abuse ring to exist from 1997 to 2013.
The United Nations World Food Program was responding to reports that the Islamic State was distributing its aid bags but rebranded with the militants’ logo.,article,nyt://article/4e6bd4c5-2bad-5b06-bf62-c4108b94b08d,"[{'name': 'Location', 'value': 'Syria', 'rank': 1}, {'name': 'Person', 'value': 'Cumming-Bruce, Nick', 'rank': 2}, {'name': 'Organization', 'value': 'United Nations', 'rank': 3}, {'name': 'Organization', 'value': 'Islamic State in Iraq and Syria (ISIS)', 'rank': 4}, {'name': 'Subject', 'value': 'Food Aid', 'rank': 5}, {'name': 'Subject', 'value': 'Humanitarian Aid', 'rank': 6}, {'name': 'Organization', 'value': 'World Food Program', 'rank': 7}, {'name': 'Organization', 'value': 'Syrian Arab Red Crescent', 'rank': 8}]",Foreign,11,A,2015-02-03 20:15:36+00:00,World,The United Nations World Food Program was responding to reports that the Islamic State was distributing its aid bags but rebranded with the militants’ logo.,The New York Times,Middle East,News,nyt://article/4e6bd4c5-2bad-5b06-bf62-c4108b94b08d,https://www.nytimes.com/2015/02/04/world/middleeast/un-concerned-about-reports-that-food-aid-to-syria-is-in-isis-hands.html,338,By Nick Cumming-Bruce,U.N. Concerned About Reports That Food Aid to Syria Is in ISIS Hands,,Syria: U.N. Agency Expresses Concern That ISIS Is Distributing Its Food Aid,,,,0,0,,0,0,U.N. Concerned About Reports That Food Aid to Syria Is in ISIS Hands,U.N. Concerned About Reports That Food Aid to Syria Is in ISIS Hands The United Nations World Food Program was responding to reports that the Islamic State was distributing its aid bags but rebranded with the militants’ logo. The United Nations World Food Program was responding to reports that the Islamic State was distributing its aid bags but rebranded with the militants’ logo.
"Cuba’s former leader Fidel Castro met with Frei Betto, a Brazilian intellectual, this week, the first such meeting reported in the state-run Cuban news media since a recent swell of rumors that he was dead.",article,nyt://article/995b587d-f557-59da-aa19-4b509592bf9d,"[{'name': 'Location', 'value': 'Cuba', 'rank': 1}, {'name': 'Person', 'value': 'Burnett, Victoria', 'rank': 2}, {'name': 'Person', 'value': 'Castro, Fidel', 'rank': 3}, {'name': 'Person', 'value': 'Betto, Frei', 'rank': 4}, {'name': 'Location', 'value': 'Brazil', 'rank': 5}, {'name': 'Subject', 'value': 'Books and Literature', 'rank': 6}]",Foreign,8,A,2015-01-29 03:18:41+00:00,World,"Cuba’s former leader Fidel Castro met with Frei Betto, a Brazilian intellectual, this week, the first such meeting reported in the state-run Cuban news media since a recent swell of rumors that he was dead.",The New York Times,Americas,Brief,nyt://article/995b587d-f557-59da-aa19-4b509592bf9d,https://www.nytimes.com/2015/01/29/world/americas/cuba-party-paper-reports-on-meeting-of-fidel-castro-and-brazilian-author.html,135,By Victoria Burnett,Cuba: Party Paper Reports on Meeting of Fidel Castro and Brazilian Author,World Briefing,Cuba: Party Paper Reports on Meeting of Fidel Castro and Brazilian Author,,,,0,0,,0,0,Cuba: Party Paper Reports on Meeting of Fidel Castro and Brazilian Author,"Cuba: Party Paper Reports on Meeting of Fidel Castro and Brazilian Author Cuba’s former leader Fidel Castro met with Frei Betto, a Brazilian intellectual, this week, the first such meeting reported in the state-run Cuban news media since a recent swell of rumors that he was dead. Cuba’s former leader Fidel Castro met with Frei Betto, a Brazilian intellectual, this week, the first such meeting reported in the state-run Cuban news media since a recent swell of rumors that he was dead."
A document leaked by Edward J. Snowden outlines an effort by the Canadian electronic spying agency to detect possible extremists; some privacy experts expressed concerns.,article,nyt://article/4cd4dbad-c97e-5fb8-9af9-ff748bb20265,"[{'name': 'Subject', 'value': 'Surveillance of Citizens by Government', 'rank': 1}, {'name': 'Person', 'value': 'Austen, Ian', 'rank': 2}, {'name': 'Location', 'value': 'Canada', 'rank': 3}, {'name': 'Person', 'value': 'Snowden, Edward J', 'rank': 4}, {'name': 'Organization', 'value': 'Communications Security Establishment Canada', 'rank': 5}, {'name': 'Subject', 'value': 'Terrorism', 'rank': 6}, {'name': 'Subject', 'value': 'Computers and the Internet', 'rank': 7}, {'name': 'Organization', 'value': 'Canadian Broadcasting Corp', 'rank': 8}, {'name': 'Organization', 'value': 'National Security Agency', 'rank': 9}, {'name': 'Location', 'value': 'United States', 'rank': 10}, {'name': 'Keyword', 'value': 'Levitation', 'rank': 11}]",Foreign,13,A,2015-01-29 03:02:37+00:00,World,A document leaked by Edward J. Snowden outlines an effort by the Canadian electronic spying agency to detect possible extremists; some privacy experts expressed concerns.,The New York Times,Americas,News,nyt://article/4cd4dbad-c97e-5fb8-9af9-ff748bb20265,https://www.nytimes.com/2015/01/29/world/americas/canada-agency-monitors-file-sharing-reports-say.html,511,By Ian Austen,"Canada Agency Monitors File-Sharing, Reports Say",,"Canada Agency Monitors File-Sharing, Reports Say",,,,0,0,,0,0,"Canada Agency Monitors File-Sharing, Reports Say","Canada Agency Monitors File-Sharing, Reports Say A document leaked by Edward J. Snowden outlines an effort by the Canadian electronic spying agency to detect possible extremists; some privacy experts expressed concerns. A document leaked by Edward J. Snowden outlines an effort by the Canadian electronic spying agency to detect possible extremists; some privacy experts expressed concerns."
"The report, “My Life Is Too Dark to See the Light,” draws on interviews with 70 people, most of whom left their rural hometowns to live in more liberal-minded cities, like Beijing and Shanghai, where they engage in sex work to make a living.",article,nyt://article/4f7a89fa-c397-5811-92a8-0e5ddcb8a2f0,"[{'name': 'Organization', 'value': 'Asia Catalyst', 'rank': 1}, {'name': 'Subject', 'value': 'Discrimination', 'rank': 2}, {'name': 'Subject', 'value': 'Prostitution', 'rank': 3}, {'name': 'Subject', 'value': 'Transgender and Transsexuals', 'rank': 4}, {'name': 'Organization', 'value': 'Asia Catalyst', 'rank': 5}, {'name': 'Location', 'value': 'Beijing (China)', 'rank': 6}, {'name': 'Location', 'value': 'China', 'rank': 7}, {'name': 'Location', 'value': 'Shanghai (China)', 'rank': 8}]",Foreign,,,2015-01-27 23:00:52+00:00,World,"The report, “My Life Is Too Dark to See the Light,” draws on interviews with 70 people, most of whom left their rural hometowns to live in more liberal-minded cities, like Beijing and Shanghai, where they engage in sex work to make a living.",The New York Times,Asia Pacific,News,nyt://article/4f7a89fa-c397-5811-92a8-0e5ddcb8a2f0,https://sinosphere.blogs.nytimes.com/2015/01/27/report-sheds-light-on-transgender-sex-workers-in-china/,838,By Jess Macy Yu,Report Sheds Light on Transgender Sex Workers in China,Sinosphere,,"Piao Piao found it hard to find a mainstream job in Beijing, so she became an entertainer in bars and a sex worker.",The New York Times,https://static01.nyt.com/images/2015/01/23/blogs/23sino-transgender02/23sino-transgender02-articleLarge.jpg,400,600,https://static01.nyt.com/images/2015/01/23/blogs/23sino-transgender02/23sino-transgender02-thumbStandard.jpg,75,75,Report Sheds Light on Transgender Sex Workers in China,"Report Sheds Light on Transgender Sex Workers in China The report, “My Life Is Too Dark to See the Light,” draws on interviews with 70 people, most of whom left their rural hometowns to live in more liberal-minded cities, like Beijing and Shanghai, where they engage in sex work to make a living. The report, “My Life Is Too Dark to See the Light,” draws on interviews with 70 people, most of whom left their rural hometowns to live in more liberal-minded cities, like Beijing and Shanghai, where they engage in sex work to make a living."
"Damián Pachter, who broke the story of the death of an official investigating the bombing of a Jewish center, said he was being followed.",article,nyt://article/50efabf0-a7a3-567a-8eed-b7f77806e30d,"[{'name': 'Person', 'value': 'Pachter, Damian', 'rank': 1}, {'name': 'Location', 'value': 'Buenos Aires (Argentina)', 'rank': 2}, {'name': 'Organization', 'value': 'Haaretz', 'rank': 3}, {'name': 'Organization', 'value': 'Hezbollah', 'rank': 4}, {'name': 'Person', 'value': 'Kirchner, Cristina Fernandez de', 'rank': 5}, {'name': 'Person', 'value': 'Cobos, Julio', 'rank': 6}, {'name': 'Person', 'value': 'Nisman, Alberto', 'rank': 7}, {'name': 'Location', 'value': 'Israel', 'rank': 8}, {'name': 'Location', 'value': 'Argentina', 'rank': 9}]",Foreign,,,2015-01-26 13:29:05+00:00,World,"Damián Pachter, who broke the story of the death of an official investigating the bombing of a Jewish center, said he was being followed.",The New York Times,Americas,News,nyt://article/50efabf0-a7a3-567a-8eed-b7f77806e30d,https://www.nytimes.com/2015/01/27/world/americas/journalist-damian-pachter-in-argentina-fearing-for-his-safety-flees-to-israel.html,587,By Isabel Kershner,Journalist Who Reported on Argentine Prosecutor’s Death Flees to Israel,,Journalist Who Reported on Argentine Prosecutor’s Death Flees to Israel,"Damián Pachter, a journalist who fled Argentina after reporting on the death of a prosecutor investigating the 1994 bombing of a Jewish center in Buenos Aires, arrived in Israel on Monday.",Amir Cohen/Reuters,https://static01.nyt.com/images/2015/01/27/world/27argentina/27argentina-articleLarge-v2.jpg,801,600,https://static01.nyt.com/images/2015/01/27/world/27argentina/27argentina-thumbStandard.jpg,75,75,Journalist Who Reported on Argentine Prosecutor’s Death Flees to Israel,"Journalist Who Reported on Argentine Prosecutor’s Death Flees to Israel Damián Pachter, who broke the story of the death of an official investigating the bombing of a Jewish center, said he was being followed. Damián Pachter, who broke the story of the death of an official investigating the bombing of a Jewish center, said he was being followed."
Mayor Anne Hidalgo announced plans to take legal action against Fox News for inaccurate reports that areas of her city are Muslim-ruled enclaves.,article,nyt://article/7a3b6fcd-e5e8-5c0c-940a-a88dc839107a,"[{'name': 'Person', 'value': 'Hidalgo, Anne (1959- )', 'rank': 1}, {'name': 'Location', 'value': 'Paris (France)', 'rank': 2}, {'name': 'Person', 'value': 'Jindal, Bobby', 'rank': 3}, {'name': 'Person', 'value': 'de Blasio, Bill', 'rank': 4}, {'name': 'Subject', 'value': 'Suits and Litigation (Civil)', 'rank': 5}, {'name': 'Subject', 'value': 'Terrorism', 'rank': 6}, {'name': 'Subject', 'value': 'Conservatism (US Politics)', 'rank': 7}, {'name': 'Organization', 'value': 'Fox News Channel', 'rank': 8}, {'name': 'Subject', 'value': 'Freedom of the Press', 'rank': 9}]",Foreign,,,2015-01-21 04:01:24+00:00,World,Mayor Anne Hidalgo announced plans to take legal action against Fox News for inaccurate reports that areas of her city are Muslim-ruled enclaves.,The New York Times,Europe,News,nyt://article/7a3b6fcd-e5e8-5c0c-940a-a88dc839107a,https://www.nytimes.com/2015/01/21/world/europe/paris-mayor-plans-to-sue-over-news-of-no-go-zones.html,1056,By Robert Mackey,Paris Mayor Plans to Sue Fox Over False Reports of ‘No-Go Zones’,Open Source,,Mayor Anne Hidalgo of Paris on Jan. 9.,Eric Feferberg/Agence France-Presse — Getty Images,https://static01.nyt.com/images/2015/01/21/world/europe/21open_hidalgo/21open_hidalgo-articleLarge.jpg,931,600,https://static01.nyt.com/images/2015/01/21/world/europe/21open_hidalgo/21open_hidalgo-thumbStandard.jpg,75,75,Paris Mayor Plans to Sue Fox Over False Reports of ‘No-Go Zones’,Paris Mayor Plans to Sue Fox Over False Reports of ‘No-Go Zones’ Mayor Anne Hidalgo announced plans to take legal action against Fox News for inaccurate reports that areas of her city are Muslim-ruled enclaves. Mayor Anne Hidalgo announced plans to take legal action against Fox News for inaccurate reports that areas of her city are Muslim-ruled enclaves.
"Years before a scathing Senate report, an internal review found that the C.I.A. had repeatedly overstated the value of intelligence gained from brutal interrogation techniques.",article,nyt://article/bdcae33a-2ce7-55d4-a8f9-910ba7dca482,"[{'name': 'Subject', 'value': 'Detainees', 'rank': 1}, {'name': 'Person', 'value': 'Mazzetti, Mark', 'rank': 2}, {'name': 'Subject', 'value': 'Torture', 'rank': 3}, {'name': 'Subject', 'value': 'Interrogations', 'rank': 4}, {'name': 'Organization', 'value': 'Central Intelligence Agency', 'rank': 5}, {'name': 'Organization', 'value': 'Senate Committee on Intelligence', 'rank': 6}, {'name': 'Person', 'value': 'Panetta, Leon E', 'rank': 7}, {'name': 'Person', 'value': 'Burr, Richard M', 'rank': 8}, {'name': 'Person', 'value': 'Buckley, David B', 'rank': 9}]",Foreign,7,A,2015-01-21 01:58:33+00:00,World,"Years before a scathing Senate report, an internal review found that the C.I.A. had repeatedly overstated the value of intelligence gained from brutal interrogation techniques.",The New York Times,,News,nyt://article/bdcae33a-2ce7-55d4-a8f9-910ba7dca482,https://www.nytimes.com/2015/01/21/world/cia-report-found-value-of-brutal-interrogation-was-inflated.html,1083,By Mark Mazzetti,C.I.A. Report Found Value of Brutal Interrogation Was Inflated,,C.I.A. Report Found Value of Brutal Interrogation Was Inflated,Details of the C.I.A.’s internal review have emerged amid a partisan battle over one of the nation’s most polarizing chapters.,Saul Loeb/Agence France-Presse — Getty Images,https://static01.nyt.com/images/2015/01/21/world/INTEL/INTEL-articleLarge.jpg,400,600,https://static01.nyt.com/images/2015/01/21/world/INTEL/INTEL-thumbStandard.jpg,75,75,C.I.A. Report Found Value of Brutal Interrogation Was Inflated,"C.I.A. Report Found Value of Brutal Interrogation Was Inflated Years before a scathing Senate report, an internal review found that the C.I.A. had repeatedly overstated the value of intelligence gained from brutal interrogation techniques. Years before a scathing Senate report, an internal review found that the C.I.A. had repeatedly overstated the value of intelligence gained from brutal interrogation techniques."
"The deaths were among serious cases of H7N9 avian flu in humans confirmed by China, the World Health Organization reported Monday.",article,nyt://article/a4ad66fd-82e3-5c93-9aa3-5e90713731fe,"[{'name': 'Person', 'value': 'McNeil, Donald G Jr', 'rank': 1}, {'name': 'Subject', 'value': 'Avian Influenza', 'rank': 2}, {'name': 'Location', 'value': 'China', 'rank': 3}, {'name': 'Organization', 'value': 'World Health Organization', 'rank': 4}, {'name': 'Subject', 'value': 'Deaths (Fatalities)', 'rank': 5}]",Foreign,7,A,2015-01-20 02:50:56+00:00,World,"The deaths were among serious cases of H7N9 avian flu in humans confirmed by China, the World Health Organization reported Monday.",The New York Times,Asia Pacific,Brief,nyt://article/a4ad66fd-82e3-5c93-9aa3-5e90713731fe,https://www.nytimes.com/2015/01/20/world/asia/china-who-reports-3-deaths-among-bird-flu-cases-in-humans.html,146,By Donald G. McNeil Jr.,China: W.H.O. Reports 3 Deaths Among Bird Flu Cases in Humans,World Briefing,China: W.H.O. Reports 3 Deaths Among Bird Flu Cases in Humans,,,,0,0,,0,0,China: W.H.O. Reports 3 Deaths Among Bird Flu Cases in Humans,"China: W.H.O. Reports 3 Deaths Among Bird Flu Cases in Humans The deaths were among serious cases of H7N9 avian flu in humans confirmed by China, the World Health Organization reported Monday. The deaths were among serious cases of H7N9 avian flu in humans confirmed by China, the World Health Organization reported Monday."
"The shooting in the Guangxi region occurred when a van carrying five Uighurs refused to stop and members of the group resisted arrest with knives, the state news media reported.",article,nyt://article/f775887c-f7b8-57c0-afd7-33f4a178d33e,"[{'name': 'Person', 'value': 'Buckley, Chris', 'rank': 1}, {'name': 'Location', 'value': 'China', 'rank': 2}, {'name': 'Subject', 'value': 'Uighurs (Chinese Ethnic Group)', 'rank': 3}, {'name': 'Location', 'value': 'Vietnam', 'rank': 4}, {'name': 'Location', 'value': 'Guangxi (China)', 'rank': 5}, {'name': 'Subject', 'value': 'Deaths (Fatalities)', 'rank': 6}, {'name': 'Subject', 'value': 'Police Brutality, Misconduct and Shootings', 'rank': 7}, {'name': 'Organization', 'value': ""Ministry of Public Security of the People's Republic of China"", 'rank': 8}, {'name': 'Location', 'value': 'Xinjiang (China)', 'rank': 9}]",Foreign,6,A,2015-01-19 05:39:26+00:00,World,"The shooting in the Guangxi region occurred when a van carrying five Uighurs refused to stop and members of the group resisted arrest with knives, the state news media reported.",The New York Times,Asia Pacific,News,nyt://article/f775887c-f7b8-57c0-afd7-33f4a178d33e,https://www.nytimes.com/2015/01/20/world/asia/chinese-police-kill-2-uighurs-fleeing-to-vietnam-reports-say.html,407,By Chris Buckley,"Chinese Police Kill 2 Uighurs Fleeing to Vietnam, Reports Say",,China: Officers Kill 2 Fleeing Uighurs,,,,0,0,,0,0,"Chinese Police Kill 2 Uighurs Fleeing to Vietnam, Reports Say","Chinese Police Kill 2 Uighurs Fleeing to Vietnam, Reports Say The shooting in the Guangxi region occurred when a van carrying five Uighurs refused to stop and members of the group resisted arrest with knives, the state news media reported. The shooting in the Guangxi region occurred when a van carrying five Uighurs refused to stop and members of the group resisted arrest with knives, the state news media reported."
The health and veterinary authorities on Friday reported outbreaks of avian flu hundreds of miles apart on opposite ends of Nigeria.,article,nyt://article/59dd0c45-c368-5ba6-894a-4d780509173e,"[{'name': 'Location', 'value': 'Nigeria', 'rank': 1}, {'name': 'Person', 'value': 'Gladstone, Rick', 'rank': 2}, {'name': 'Subject', 'value': 'Avian Influenza', 'rank': 3}, {'name': 'Organization', 'value': 'World Health Organization', 'rank': 4}]",Foreign,10,A,2015-01-17 03:52:46+00:00,World,The health and veterinary authorities on Friday reported outbreaks of avian flu hundreds of miles apart on opposite ends of Nigeria.,The New York Times,Africa,Brief,nyt://article/59dd0c45-c368-5ba6-894a-4d780509173e,https://www.nytimes.com/2015/01/17/world/africa/nigeria-2-regions-report-new-outbreaks-of-bird-flu.html,167,By Rick Gladstone,Nigeria: 2 Regions Report New Outbreaks of Bird Flu,,Nigeria: 2 Regions Report New Outbreaks of Bird Flu,,,,0,0,,0,0,Nigeria: 2 Regions Report New Outbreaks of Bird Flu,Nigeria: 2 Regions Report New Outbreaks of Bird Flu The health and veterinary authorities on Friday reported outbreaks of avian flu hundreds of miles apart on opposite ends of Nigeria. The health and veterinary authorities on Friday reported outbreaks of avian flu hundreds of miles apart on opposite ends of Nigeria.
Highlights from the International Herald Tribune archives: 1965: Swedes report Soviet nuclear blast,article,nyt://article/9470d8af-d8d3-5b85-8cb3-833f32d56082,"[{'name': 'Subject', 'value': 'Bombs and Explosives', 'rank': 1}, {'name': 'Organization', 'value': 'Atomic Energy Commission', 'rank': 2}, {'name': 'Location', 'value': 'Uppsala (Sweden)', 'rank': 3}, {'name': 'Location', 'value': 'USSR (Former Soviet Union)', 'rank': 4}]",Foreign,,,2015-01-16 17:40:27+00:00,World,Highlights from the International Herald Tribune archives: 1965: Swedes report Soviet nuclear blast,The New York Times,,News,nyt://article/9470d8af-d8d3-5b85-8cb3-833f32d56082,https://iht-retrospective.blogs.nytimes.com/2015/01/16/1965-swedes-report-soviet-blast/,158,By International Herald Tribune,1965: Swedes Report Soviet Blast,IHT Retrospective,,,,,0,0,,0,0,1965: Swedes Report Soviet Blast,1965: Swedes Report Soviet Blast Highlights from the International Herald Tribune archives: 1965: Swedes report Soviet nuclear blast Highlights from the International Herald Tribune archives: 1965: Swedes report Soviet nuclear blast
The report by the PEN American Center cites developments that it says amount to an alarming erosion of Hong Kong’s tradition of freewheeling news media.,article,nyt://article/4a4aa82d-2ebc-5517-8066-41cf05f449f6,"[{'name': 'Location', 'value': 'Hong Kong', 'rank': 1}, {'name': 'Person', 'value': 'Buckley, Chris', 'rank': 2}, {'name': 'Subject', 'value': 'Freedom of the Press', 'rank': 3}, {'name': 'Person', 'value': 'Forsythe, Michael', 'rank': 4}, {'name': 'Organization', 'value': 'PEN American Center', 'rank': 5}, {'name': 'Organization', 'value': 'Apple Daily', 'rank': 6}, {'name': 'Person', 'value': 'Lai, Jimmy', 'rank': 7}]",Foreign,10,A,2015-01-16 06:26:45+00:00,World,The report by the PEN American Center cites developments that it says amount to an alarming erosion of Hong Kong’s tradition of freewheeling news media.,The New York Times,Asia Pacific,News,nyt://article/4a4aa82d-2ebc-5517-8066-41cf05f449f6,https://www.nytimes.com/2015/01/17/world/asia/press-freedom-in-hong-kong-under-threat-report-says.html,749,By Chris Buckley and Michael Forsythe,"Press Freedom in Hong Kong Under Threat, Report Says",,"Hong Kong: Press Freedom Threatened, Report Says",Supporters held yellow umbrellas as student protest leaders arrived at police headquarters in Hong Kong on Friday.,Tyrone Siu/Reuters,https://static01.nyt.com/images/2015/01/17/world/17hongkong01/17hongkong01-articleLarge.jpg,400,600,https://static01.nyt.com/images/2015/01/17/world/17hongkong01/17hongkong01-thumbStandard.jpg,75,75,"Press Freedom in Hong Kong Under Threat, Report Says","Press Freedom in Hong Kong Under Threat, Report Says The report by the PEN American Center cites developments that it says amount to an alarming erosion of Hong Kong’s tradition of freewheeling news media. The report by the PEN American Center cites developments that it says amount to an alarming erosion of Hong Kong’s tradition of freewheeling news media."
Some of the prisoners were believed to be among 53 that Cuba had agreed to free last month as part of a thaw with the United States.,article,nyt://article/acb32edf-7cf3-5ae9-befd-8ae6439bcf30,"[{'name': 'Location', 'value': 'Cuba', 'rank': 1}, {'name': 'Person', 'value': 'Archibold, Randal C', 'rank': 2}, {'name': 'Subject', 'value': 'Political Prisoners', 'rank': 3}, {'name': 'Subject', 'value': 'United States International Relations', 'rank': 4}]",Foreign,6,A,2015-01-09 02:55:55+00:00,World,Some of the prisoners were believed to be among 53 that Cuba had agreed to free last month as part of a thaw with the United States.,The New York Times,Americas,News,nyt://article/acb32edf-7cf3-5ae9-befd-8ae6439bcf30,https://www.nytimes.com/2015/01/09/world/americas/cuba-is-reported-to-release-26-dissidents.html,508,By Randal C. Archibold,Cuba Is Reported to Release 26 Dissidents,,Cuba: More Than Two Dozen Dissidents Are Released,,,,0,0,,0,0,Cuba Is Reported to Release 26 Dissidents,Cuba Is Reported to Release 26 Dissidents Some of the prisoners were believed to be among 53 that Cuba had agreed to free last month as part of a thaw with the United States. Some of the prisoners were believed to be among 53 that Cuba had agreed to free last month as part of a thaw with the United States.
The Sri Lankan election commissioner said he had received complaints about the deployment of troops in the former conflict zones in the north and east of the country.,article,nyt://article/2d882713-98e7-516a-8001-920c97905c5f,"[{'name': 'Location', 'value': 'Sri Lanka', 'rank': 1}, {'name': '', 'value': '', 'rank': 2}, {'name': 'Person', 'value': 'Rajapaksa, Mahinda', 'rank': 3}, {'name': 'Person', 'value': 'Sirisena, Maithripala', 'rank': 4}, {'name': 'Subject', 'value': 'Defense and Military Forces', 'rank': 5}, {'name': 'Subject', 'value': 'Elections', 'rank': 6}]",Foreign,8,A,2015-01-07 19:51:37+00:00,World,The Sri Lankan election commissioner said he had received complaints about the deployment of troops in the former conflict zones in the north and east of the country.,The New York Times,Asia Pacific,News,nyt://article/2d882713-98e7-516a-8001-920c97905c5f,https://www.nytimes.com/2015/01/08/world/asia/reports-of-army-deployment-in-sri-lanka-investigated-ahead-of-election.html,381,By Dharisha Bastians,Reports of Army Deployment in Sri Lanka Investigated Ahead of Election,,Sri Lanka: Officials Investigating Reports on Troops Before Election,,,,0,0,,0,0,Reports of Army Deployment in Sri Lanka Investigated Ahead of Election,Reports of Army Deployment in Sri Lanka Investigated Ahead of Election The Sri Lankan election commissioner said he had received complaints about the deployment of troops in the former conflict zones in the north and east of the country. The Sri Lankan election commissioner said he had received complaints about the deployment of troops in the former conflict zones in the north and east of the country.
The United States military has begun looking into two instances in which coalition airstrikes against the Sunni militancy known as the Islamic State may have inadvertently hit civilians.,article,nyt://article/7a2ee11a-952f-5e97-a2a8-32104712162f,"[{'name': 'Subject', 'value': 'Civilian Casualties', 'rank': 1}, {'name': 'Person', 'value': 'Cooper, Helene', 'rank': 2}, {'name': 'Organization', 'value': 'Islamic State in Iraq and Syria (ISIS)', 'rank': 3}, {'name': 'Location', 'value': 'Iraq', 'rank': 4}, {'name': 'Location', 'value': 'Syria', 'rank': 5}, {'name': 'Subject', 'value': 'United States Defense and Military Forces', 'rank': 6}, {'name': 'Organization', 'value': 'United States Central Command', 'rank': 7}, {'name': 'Organization', 'value': 'Defense Department', 'rank': 8}]",Foreign,9,A,2015-01-07 03:23:21+00:00,World,The United States military has begun looking into two instances in which coalition airstrikes against the Sunni militancy known as the Islamic State may have inadvertently hit civilians.,The New York Times,Middle East,News,nyt://article/7a2ee11a-952f-5e97-a2a8-32104712162f,https://www.nytimes.com/2015/01/07/world/middleeast/reports-of-civilian-deaths-prompt-inquiry-into-strikes-against-isis.html,442,By Helene Cooper,Reports of Civilian Deaths Prompt Inquiry Into Strikes Against ISIS,,Reports of Civilian Deaths Prompt Inquiry Into Strikes,,,,0,0,,0,0,Reports of Civilian Deaths Prompt Inquiry Into Strikes Against ISIS,Reports of Civilian Deaths Prompt Inquiry Into Strikes Against ISIS The United States military has begun looking into two instances in which coalition airstrikes against the Sunni militancy known as the Islamic State may have inadvertently hit civilians. The United States military has begun looking into two instances in which coalition airstrikes against the Sunni militancy known as the Islamic State may have inadvertently hit civilians.
"The Ebola virus is still spreading in West Africa, especially in Sierra Leone, and the worldwide toll from the outbreak stood at 7,905 deaths among 20,206 known cases at year’s end, the World Health Organization said Wednesday.",article,nyt://article/74693a6d-c6d1-5e81-9b55-2240a47aab51,"[{'name': 'Subject', 'value': 'Ebola Virus', 'rank': 1}, {'name': 'Organization', 'value': 'World Health Organization', 'rank': 2}, {'name': 'Location', 'value': 'Guinea', 'rank': 3}, {'name': 'Location', 'value': 'Sierra Leone', 'rank': 4}, {'name': 'Subject', 'value': 'Epidemics', 'rank': 5}, {'name': 'Location', 'value': 'Africa', 'rank': 6}]",Foreign,8,A,2015-01-01 03:26:17+00:00,World,"The Ebola virus is still spreading in West Africa, especially in Sierra Leone, and the worldwide toll from the outbreak stood at 7,905 deaths among 20,206 known cases at year’s end, the World Health Organization said Wednesday.",The New York Times,Africa,Brief,nyt://article/74693a6d-c6d1-5e81-9b55-2240a47aab51,https://www.nytimes.com/2015/01/01/world/africa/ebola-still-spreading-who-reports.html,123,By Reuters,"Ebola Still Spreading, W.H.O. Reports",World Briefing,"Ebola Still Spreading, W.H.O. Reports",,,,0,0,,0,0,"Ebola Still Spreading, W.H.O. Reports","Ebola Still Spreading, W.H.O. Reports The Ebola virus is still spreading in West Africa, especially in Sierra Leone, and the worldwide toll from the outbreak stood at 7,905 deaths among 20,206 known cases at year’s end, the World Health Organization said Wednesday. The Ebola virus is still spreading in West Africa, especially in Sierra Leone, and the worldwide toll from the outbreak stood at 7,905 deaths among 20,206 known cases at year’s end, the World Health Organization said Wednesday."
