abstract,document_type,_id,keywords,news_desk,print_page,print_section,pub_date,section_name,snippet,source,subsection_name,type_of_material,uri,web_url,word_count,byline.original,headline.main,headline.kicker,headline.print_headline,multimedia.caption,multimedia.credit,multimedia.default.url,multimedia.default.height,multimedia.default.width,multimedia.thumbnail.url,multimedia.thumbnail.height,multimedia.thumbnail.width,headline,text
"The Islamic State said it completed deadly strikes in response to a military assault to retake Ramadi, though Iraqi officials denied they suffered major casualties.",article,nyt://article/156abb4a-b238-53c5-b42d-c0fa4756bde1,"[{'name': 'Person', 'value': 'Gladstone, Rick', 'rank': 1}, {'name': 'Location', 'value': 'Iraq', 'rank': 2}, {'name': 'Person', 'value': 'Al-Jawoshy, Omar', 'rank': 3}, {'name': 'Location', 'value': 'Ramadi (Iraq)', 'rank': 4}, {'name': 'Organization', 'value': 'Islamic State in Iraq and Syria (ISIS)', 'rank': 5}, {'name': 'Person', 'value': 'Abadi, Haider al-', 'rank': 6}, {'name': 'Subject', 'value': 'Assaults', 'rank': 7}]",Foreign,8.0,A,2015-12-24 16:00:06+00:00,World,"The Islamic State said it completed deadly strikes in response to a military assault to retake Ramadi, though Iraqi officials denied they suffered major casualties.",The New York Times,Middle East,News,nyt://article/156abb4a-b238-53c5-b42d-c0fa4756bde1,https://www.nytimes.com/2015/12/25/world/middleeast/iraq-isis-ramadi.html,576,By Omar Al-Jawoshy and Rick Gladstone,ISIS Claims Major Counterattacks as Iraqi Forces Lay Siege to Ramadi,,"Amid Siege, ISIS Claims Deadly Strikes in Ramadi ",,,,0,0,,0,0,ISIS Claims Major Counterattacks as Iraqi Forces Lay Siege to Ramadi,"ISIS Claims Major Counterattacks as Iraqi Forces Lay Siege to Ramadi The Islamic State said it completed deadly strikes in response to a military assault to retake Ramadi, though Iraqi officials denied they suffered major casualties. The Islamic State said it completed deadly strikes in response to a military assault to retake Ramadi, though Iraqi officials denied they suffered major casualties."
From the International Herald Tribune archives: Hundreds of homeless died during a severe cold spell in Shanghai in 1940.,article,nyt://article/a4f24d55-b7ab-5526-81ad-7e2559d1c9d9,"[{'name': 'Subject', 'value': 'Death and Dying', 'rank': 1}, {'name': 'Subject', 'value': 'Homeless Persons', 'rank': 2}, {'name': 'Subject', 'value': 'World War II (1939-45)', 'rank': 3}, {'name': 'Location', 'value': 'Shanghai (China)', 'rank': 4}]",Foreign,,,2015-12-20 11:30:52+00:00,World,From the International Herald Tribune archives: Hundreds of homeless died during a severe cold spell in Shanghai in 1940.,The New York Times,,News,nyt://article/a4f24d55-b7ab-5526-81ad-7e2559d1c9d9,https://iht-retrospective.blogs.nytimes.com/2015/12/20/1940-extreme-cold-weather-in-shanghai-claims-hundreds-of-lives/,162,By International Herald Tribune,1940: Extreme Cold Weather in Shanghai Claims Hundreds of Lives,IHT Retrospective,,A blockade near the Shanghai North Railway Station in 1932.,Gallica,https://static01.nyt.com/images/2015/12/21/blogs/21iht-olddec21-shanghai/21iht-olddec21-shanghai-articleLarge.jpg,410,600,https://static01.nyt.com/images/2015/12/21/blogs/21iht-olddec21-shanghai/21iht-olddec21-shanghai-thumbStandard.jpg,75,75,1940: Extreme Cold Weather in Shanghai Claims Hundreds of Lives,1940: Extreme Cold Weather in Shanghai Claims Hundreds of Lives From the International Herald Tribune archives: Hundreds of homeless died during a severe cold spell in Shanghai in 1940. From the International Herald Tribune archives: Hundreds of homeless died during a severe cold spell in Shanghai in 1940.
U.S. soldiers accused Afghan police and Navy SEALs of abusing detainees. But the SEAL command opted against a court-martial and cleared its men of wrongdoing.,article,nyt://article/825aa0f0-df96-5b66-8b8e-6928fc791c89,"[{'name': 'Subject', 'value': 'Afghanistan War (2001-14)', 'rank': 1}, {'name': 'Subject', 'value': 'Detainees', 'rank': 2}, {'name': 'Subject', 'value': 'Torture', 'rank': 3}, {'name': 'Subject', 'value': 'United States Defense and Military Forces', 'rank': 4}, {'name': 'Subject', 'value': 'Interrogations', 'rank': 5}, {'name': 'Location', 'value': 'Afghanistan', 'rank': 6}, {'name': 'Organization', 'value': 'Navy Seals', 'rank': 7}, {'name': 'Organization', 'value': 'Afghan National Security Forces', 'rank': 8}, {'name': 'Person', 'value': 'David Walker', 'rank': 9}]",Foreign,1.0,A,2015-12-17 08:36:47+00:00,World,U.S. soldiers accused Afghan police and Navy SEALs of abusing detainees. But the SEAL command opted against a court-martial and cleared its men of wrongdoing.,The New York Times,Asia Pacific,News,nyt://article/825aa0f0-df96-5b66-8b8e-6928fc791c89,https://www.nytimes.com/2015/12/17/world/asia/navy-seal-team-2-afghanistan-beating-death.html,5437,"By Nicholas Kulish, Christopher Drew and Matthew Rosenberg","Navy SEALs, a Beating Death and Claims of a Cover-Up",,"Navy SEALs, a Beating Death and Claims of a Cover-Up",Afghan Local Police recruits ran through a smoke-filled ravine in 2012 during a training exercise in Kalach.,Petty Officer First Class Jacob Dillon/Department of Defense,https://static01.nyt.com/images/2015/12/06/world/06SEALS-2/06SEALS-2-articleLarge.jpg,425,600,https://static01.nyt.com/images/2015/12/06/world/06SEALS-2/06SEALS-2-thumbStandard.jpg,75,75,"Navy SEALs, a Beating Death and Claims of a Cover-Up","Navy SEALs, a Beating Death and Claims of a Cover-Up U.S. soldiers accused Afghan police and Navy SEALs of abusing detainees. But the SEAL command opted against a court-martial and cleared its men of wrongdoing. U.S. soldiers accused Afghan police and Navy SEALs of abusing detainees. But the SEAL command opted against a court-martial and cleared its men of wrongdoing."
Potential compensation for property seized in the Cuban Revolution has excited many. But what if Cuba approaches the talks with a much different claim in mind?,article,nyt://article/64e80bb4-3fa4-55f0-b8ad-c2afcb483150,"[{'name': 'Location', 'value': 'Cuba', 'rank': 1}, {'name': 'Person', 'value': 'Robles, Frances', 'rank': 2}, {'name': 'Subject', 'value': 'Cuban Missile Crisis (1962)', 'rank': 3}, {'name': 'Subject', 'value': 'Embargoes and Sanctions', 'rank': 4}, {'name': 'Subject', 'value': 'Reparations', 'rank': 5}, {'name': 'Subject', 'value': 'United States International Relations', 'rank': 6}, {'name': 'Organization', 'value': 'State Department', 'rank': 7}]",Foreign,4.0,A,2015-12-14 00:48:29+00:00,World,Potential compensation for property seized in the Cuban Revolution has excited many. But what if Cuba approaches the talks with a much different claim in mind?,The New York Times,Americas,News,nyt://article/64e80bb4-3fa4-55f0-b8ad-c2afcb483150,https://www.nytimes.com/2015/12/14/world/americas/talks-begin-in-cuba-on-confiscated-us-property-worth-billions.html,1301,By Frances Robles,"In Talks Over Seized U.S. Property, Havana Counters With Own Claim",Diplomatic Memo,Competing Claims in Havana,Children looked out of a window at the newly reopened United States embassy in August in Havana.,Ramon Espinosa/Associated Press,https://static01.nyt.com/images/2015/12/14/world/14CUBA1-WEB/14CUBA1-WEB-articleLarge.jpg,382,600,https://static01.nyt.com/images/2015/12/14/world/14CUBA1-WEB/14CUBA1-WEB-thumbStandard.jpg,75,75,"In Talks Over Seized U.S. Property, Havana Counters With Own Claim","In Talks Over Seized U.S. Property, Havana Counters With Own Claim Potential compensation for property seized in the Cuban Revolution has excited many. But what if Cuba approaches the talks with a much different claim in mind? Potential compensation for property seized in the Cuban Revolution has excited many. But what if Cuba approaches the talks with a much different claim in mind?"
"The militants said the bombing, which killed at least 22, was revenge against Shiites supporting President Bashar al-Assad in the Syrian civil war.",article,nyt://article/a2883a4b-b202-5ad5-9fcb-4e7663e299fa,"[{'name': 'Person', 'value': 'Masood, Salman', 'rank': 1}, {'name': 'Location', 'value': 'Pakistan', 'rank': 2}, {'name': 'Subject', 'value': 'Bombs and Explosives', 'rank': 3}, {'name': 'Organization', 'value': 'Lashkar-e-Jhangvi', 'rank': 4}, {'name': 'Location', 'value': 'Syria', 'rank': 5}, {'name': 'Person', 'value': 'Assad, Bashar al-', 'rank': 6}, {'name': 'Subject', 'value': 'Sunni Muslims', 'rank': 7}, {'name': 'Subject', 'value': 'Shiite Muslims', 'rank': 8}, {'name': 'Subject', 'value': 'Deaths (Fatalities)', 'rank': 9}, {'name': 'Organization', 'value': 'Taliban', 'rank': 10}]",Foreign,9.0,A,2015-12-13 15:37:40+00:00,World,"The militants said the bombing, which killed at least 22, was revenge against Shiites supporting President Bashar al-Assad in the Syrian civil war.",The New York Times,Asia Pacific,News,nyt://article/a2883a4b-b202-5ad5-9fcb-4e7663e299fa,https://www.nytimes.com/2015/12/14/world/asia/sunni-militants-claim-deadly-attack-at-market-in-pakistan.html,483,By Salman Masood,Sunni Militants Claim Deadly Attack at Market in Pakistan,,Sunni Extremists in Pakistan Kill at Least 22 in Bombing in Remote Shiite Town,"Lashkar-e-Jhangvi, a banned Sunni extremist group, claimed responsibility for the attack in the town of Parachinar, Pakistan. Some of the injured were transported from the scene on Sunday.",European Pressphoto Agency,https://static01.nyt.com/images/2015/12/13/world/asia/14PAKISTAN/14PAKISTAN-articleLarge.jpg,450,600,https://static01.nyt.com/images/2015/12/13/world/asia/14PAKISTAN/14PAKISTAN-thumbStandard.jpg,75,75,Sunni Militants Claim Deadly Attack at Market in Pakistan,"Sunni Militants Claim Deadly Attack at Market in Pakistan The militants said the bombing, which killed at least 22, was revenge against Shiites supporting President Bashar al-Assad in the Syrian civil war. The militants said the bombing, which killed at least 22, was revenge against Shiites supporting President Bashar al-Assad in the Syrian civil war."
"North Korea’s official news agency reported that Kim Jong-un said his country had developed a hydrogen bomb, which the White House and experts said was doubtful.",article,nyt://article/7943ea95-ea78-53ef-a96a-83d9edbe9dc9,"[{'name': 'Person', 'value': 'Sang-hun, Choe', 'rank': 1}, {'name': 'Location', 'value': 'North Korea', 'rank': 2}, {'name': 'Subject', 'value': 'Nuclear Weapons', 'rank': 3}, {'name': 'Person', 'value': 'Kim Jong-un', 'rank': 4}, {'name': 'Subject', 'value': 'Radiation', 'rank': 5}, {'name': 'Subject', 'value': 'News and News Media', 'rank': 6}, {'name': 'Organization', 'value': 'Institute for Science and International Security', 'rank': 7}]",Foreign,8.0,A,2015-12-10 21:01:11+00:00,World,"North Korea’s official news agency reported that Kim Jong-un said his country had developed a hydrogen bomb, which the White House and experts said was doubtful.",The New York Times,Asia Pacific,News,nyt://article/7943ea95-ea78-53ef-a96a-83d9edbe9dc9,https://www.nytimes.com/2015/12/11/world/asia/north-korea-kim-hydrogen-bomb.html,641,By Choe Sang-Hun,Kim Jong-Un’s Claim of North Korea Hydrogen Bomb Draws Skepticism,,World Briefing | Asia; North Korea: Skepticism About Bomb,"The North Korean leader, Kim Jong-un, center, in Pyongyang in undated photograph.","Korean Central News Agency, via Agence France-Presse — Getty Images",https://static01.nyt.com/images/2015/12/11/world/11nkorea_web1/11nkorea_web1-articleLarge.jpg,400,600,https://static01.nyt.com/images/2015/12/11/world/11nkorea_web1/11nkorea_web1-thumbStandard.jpg,75,75,Kim Jong-Un’s Claim of North Korea Hydrogen Bomb Draws Skepticism,"Kim Jong-Un’s Claim of North Korea Hydrogen Bomb Draws Skepticism North Korea’s official news agency reported that Kim Jong-un said his country had developed a hydrogen bomb, which the White House and experts said was doubtful. North Korea’s official news agency reported that Kim Jong-un said his country had developed a hydrogen bomb, which the White House and experts said was doubtful."
"A suicide bomber attacked a Shiite mosque in Baghdad on Wednesday, killing at least 11 people.",article,nyt://article/6d4f49d0-784e-5e51-b5c4-3d49b05ccd3a,"[{'name': 'Subject', 'value': 'Terrorism', 'rank': 1}, {'name': 'Subject', 'value': 'Mosques', 'rank': 2}, {'name': 'Organization', 'value': 'Islamic State in Iraq and Syria (ISIS)', 'rank': 3}, {'name': 'Location', 'value': 'Iraq', 'rank': 4}]",Foreign,,,2015-12-10 04:11:06+00:00,World,"A suicide bomber attacked a Shiite mosque in Baghdad on Wednesday, killing at least 11 people.",The New York Times,Middle East,Brief,nyt://article/6d4f49d0-784e-5e51-b5c4-3d49b05ccd3a,https://www.nytimes.com/2015/12/10/world/middleeast/iraq-isis-claims-responsibility-for-deadly-attack-at-baghdad-mosque.html,70,By The Associated Press,Iraq: ISIS Claims Responsibility for Deadly Attack at Baghdad Mosque,World Briefing,Iraq: ISIS Claims Responsibility for Deadly Attack at Baghdad Mosque,,,,0,0,,0,0,Iraq: ISIS Claims Responsibility for Deadly Attack at Baghdad Mosque,"Iraq: ISIS Claims Responsibility for Deadly Attack at Baghdad Mosque A suicide bomber attacked a Shiite mosque in Baghdad on Wednesday, killing at least 11 people. A suicide bomber attacked a Shiite mosque in Baghdad on Wednesday, killing at least 11 people."
"The Obama administration’s response that it was reviewing reports of the launch of a medium-range ballistic missile, drew Democratic and Republican criticism.",article,nyt://article/9335aad4-d9b1-5342-9e5f-49509b96951f,"[{'name': 'Location', 'value': 'Iran', 'rank': 1}, {'name': 'Person', 'value': 'Sanger, David E', 'rank': 2}, {'name': 'Subject', 'value': 'Nuclear Weapons', 'rank': 3}, {'name': 'Subject', 'value': 'United States Defense and Military Forces', 'rank': 4}, {'name': 'Subject', 'value': 'Nuclear Tests', 'rank': 5}, {'name': 'Subject', 'value': 'United States International Relations', 'rank': 6}, {'name': 'Person', 'value': 'Obama, Barack', 'rank': 7}, {'name': 'Location', 'value': 'United States', 'rank': 8}, {'name': 'Person', 'value': 'Power, Samantha', 'rank': 9}, {'name': 'Person', 'value': 'Clinton, Hillary Rodham', 'rank': 10}, {'name': 'Organization', 'value': 'International Atomic Energy Agency', 'rank': 11}]",Foreign,19.0,A,2015-12-09 01:44:56+00:00,World,"The Obama administration’s response that it was reviewing reports of the launch of a medium-range ballistic missile, drew Democratic and Republican criticism.",The New York Times,Middle East,News,nyt://article/9335aad4-d9b1-5342-9e5f-49509b96951f,https://www.nytimes.com/2015/12/09/world/middleeast/us-cautious-on-iran-missile-test-claim.html,533,By David E. Sanger,U.S. Cautious on Iran Missile Test Claim,,U.S. Cautious on Iran Missile Test Claim,,,,0,0,,0,0,U.S. Cautious on Iran Missile Test Claim,"U.S. Cautious on Iran Missile Test Claim The Obama administration’s response that it was reviewing reports of the launch of a medium-range ballistic missile, drew Democratic and Republican criticism. The Obama administration’s response that it was reviewing reports of the launch of a medium-range ballistic missile, drew Democratic and Republican criticism."
"For the first time in years, government opponents have won most of the seats in the National Assembly, handing a setback to President Nicolás Maduro.",article,nyt://article/eb166ad9-373d-52da-8ed8-4a84686540e3,"[{'name': 'Person', 'value': 'Neuman, William', 'rank': 1}, {'name': 'Location', 'value': 'Venezuela', 'rank': 2}, {'name': 'Organization', 'value': 'Democratic Unity (Venezuela)', 'rank': 3}, {'name': 'Organization', 'value': 'United Socialist Party (Venezuela)', 'rank': 4}, {'name': 'Person', 'value': 'Maduro, Nicolas', 'rank': 5}, {'name': 'Person', 'value': 'Chavez, Hugo', 'rank': 6}, {'name': 'Subject', 'value': 'Elections', 'rank': 7}, {'name': 'Subject', 'value': 'Recession and Depression', 'rank': 8}, {'name': 'Subject', 'value': 'Polls and Public Opinion', 'rank': 9}]",Foreign,8.0,A,2015-12-07 00:42:04+00:00,World,"For the first time in years, government opponents have won most of the seats in the National Assembly, handing a setback to President Nicolás Maduro.",The New York Times,Americas,News,nyt://article/eb166ad9-373d-52da-8ed8-4a84686540e3,https://www.nytimes.com/2015/12/07/world/americas/venezuela-elections.html,860,By William Neuman,Venezuelan Opposition Claims a Rare Victory: A Legislative Majority,,Opposition Gains a Rare Victory in Venezuela Election,"Voters in Caracas, Venezuela, on Sunday. The opposition rode economic discontent to victories in congressional races.",Ariana Cubillos/Associated Press,https://static01.nyt.com/images/2015/12/07/world/VENEZUELA-FLOATER/VENEZUELA-FLOATER-articleLarge.jpg,400,600,https://static01.nyt.com/images/2015/12/07/world/VENEZUELA-FLOATER/VENEZUELA-FLOATER-thumbStandard.jpg,75,75,Venezuelan Opposition Claims a Rare Victory: A Legislative Majority,"Venezuelan Opposition Claims a Rare Victory: A Legislative Majority For the first time in years, government opponents have won most of the seats in the National Assembly, handing a setback to President Nicolás Maduro. For the first time in years, government opponents have won most of the seats in the National Assembly, handing a setback to President Nicolás Maduro."
Negotiators will discuss decades-old property claims from thousands of American citizens and companies whose assets were confiscated after Cuba’s revolution.,article,nyt://article/c0cbf11f-768c-5ebf-abbd-429d271fb404,"[{'name': 'Location', 'value': 'Cuba', 'rank': 1}, {'name': 'Person', 'value': 'Robles, Frances', 'rank': 2}, {'name': 'Subject', 'value': 'United States International Relations', 'rank': 3}, {'name': 'Organization', 'value': 'Foreign Claims Settlement Commission', 'rank': 4}, {'name': 'Person', 'value': 'Castro, Fidel', 'rank': 5}]",Foreign,4.0,A,2015-12-05 01:42:34+00:00,World,Negotiators will discuss decades-old property claims from thousands of American citizens and companies whose assets were confiscated after Cuba’s revolution.,The New York Times,Americas,News,nyt://article/c0cbf11f-768c-5ebf-abbd-429d271fb404,https://www.nytimes.com/2015/12/05/world/americas/cuba-and-us-to-discuss-settling-claims-on-property.html,727,By Frances Robles,Cuba and U.S. to Discuss Settling Claims on Property,,Cuba and U.S. Set to Discuss Settling Claims on Property,,,,0,0,,0,0,Cuba and U.S. to Discuss Settling Claims on Property,Cuba and U.S. to Discuss Settling Claims on Property Negotiators will discuss decades-old property claims from thousands of American citizens and companies whose assets were confiscated after Cuba’s revolution. Negotiators will discuss decades-old property claims from thousands of American citizens and companies whose assets were confiscated after Cuba’s revolution.
"Security forces arrested 13 people and seized weapons and bomb-making materials near the border with Mali,",article,nyt://article/2fe0bc48-1ee2-509d-8e09-1d24121b9c9e,"[{'name': 'Location', 'value': 'Burkina Faso', 'rank': 1}, {'name': 'Subject', 'value': 'Elections', 'rank': 2}]",Foreign,6.0,A,2015-11-28 00:26:07+00:00,World,"Security forces arrested 13 people and seized weapons and bomb-making materials near the border with Mali,",The New York Times,Africa,Brief,nyt://article/2fe0bc48-1ee2-509d-8e09-1d24121b9c9e,https://www.nytimes.com/2015/11/28/world/africa/burkina-faso-authorities-claim-to-disrupt-a-large-scale-attack.html,87,By The Associated Press,Burkina Faso: Authorities Claim to Disrupt a ‘Large-Scale Attack’,World Briefing,Africa; Burkina Faso: Authorities Claim to Disrupt a ‘Large-Scale Attack’,,,,0,0,,0,0,Burkina Faso: Authorities Claim to Disrupt a ‘Large-Scale Attack’,"Burkina Faso: Authorities Claim to Disrupt a ‘Large-Scale Attack’ Security forces arrested 13 people and seized weapons and bomb-making materials near the border with Mali, Security forces arrested 13 people and seized weapons and bomb-making materials near the border with Mali,"
Al Mourabitoun and Al Qaeda in the Islamic Maghreb have complicated histories but maintain ties to Al Qaeda and nomadic tribesmen.,article,nyt://article/a991bcfa-af2b-5957-aab6-20551d431431,"[{'name': 'Subject', 'value': 'Terrorism', 'rank': 1}, {'name': 'Person', 'value': 'Schmitt, Eric', 'rank': 2}, {'name': 'Organization', 'value': 'Al Murabitoun', 'rank': 3}, {'name': 'Organization', 'value': 'Al Qaeda in the Islamic Maghreb', 'rank': 4}, {'name': 'Location', 'value': 'Mali', 'rank': 5}]",Foreign,6.0,A,2015-11-21 02:00:41+00:00,World,Al Mourabitoun and Al Qaeda in the Islamic Maghreb have complicated histories but maintain ties to Al Qaeda and nomadic tribesmen.,The New York Times,Africa,News Analysis,nyt://article/a991bcfa-af2b-5957-aab6-20551d431431,https://www.nytimes.com/2015/11/21/world/africa/groups-claiming-responsibility-in-mali-attack-have-history-of-resilience.html,978,By Eric Schmitt,Groups Claiming Responsibility in Mali Attack Have History of Resilience,News Analysis,"In a Fertile Region for Terrorist Groups, Two of the Most Dangerous and Resilient",,,,0,0,,0,0,Groups Claiming Responsibility in Mali Attack Have History of Resilience,Groups Claiming Responsibility in Mali Attack Have History of Resilience Al Mourabitoun and Al Qaeda in the Islamic Maghreb have complicated histories but maintain ties to Al Qaeda and nomadic tribesmen. Al Mourabitoun and Al Qaeda in the Islamic Maghreb have complicated histories but maintain ties to Al Qaeda and nomadic tribesmen.
"In recent weeks, the group appears to have struck on three continents, killing hundreds of people.",article,nyt://article/fcb69737-d557-5225-98a7-d6169a9bf284,"[{'name': 'Person', 'value': 'Yourish, Karen', 'rank': 1}, {'name': 'Subject', 'value': 'Paris Attacks (November 2015)', 'rank': 2}, {'name': '', 'value': '', 'rank': 3}, {'name': 'Organization', 'value': 'Islamic State in Iraq and Syria (ISIS)', 'rank': 4}, {'name': 'Location', 'value': 'Paris (France)', 'rank': 5}, {'name': 'Location', 'value': 'Baghdad (Iraq)', 'rank': 6}, {'name': 'Location', 'value': 'El Arish (Egypt)', 'rank': 7}, {'name': 'Location', 'value': 'Beirut (Lebanon)', 'rank': 8}, {'name': 'Location', 'value': 'Dhaka (Bangladesh)', 'rank': 9}, {'name': 'Location', 'value': 'Sinai Peninsula (Egypt)', 'rank': 10}, {'name': 'Location', 'value': 'Ankara (Turkey)', 'rank': 11}, {'name': 'Location', 'value': 'Sana (Yemen)', 'rank': 12}, {'name': 'Subject', 'value': 'Terrorism', 'rank': 13}]",Foreign,11.0,A,2015-11-17 04:00:17+00:00,World,"In recent weeks, the group appears to have struck on three continents, killing hundreds of people.",The New York Times,Middle East,News,nyt://article/fcb69737-d557-5225-98a7-d6169a9bf284,https://www.nytimes.com/2015/11/17/world/middleeast/where-isis-claims-it-has-struck-and-why.html,585,By Russell Goldman and Karen Yourish,"Where ISIS Claims It Has Struck, and Why ",,"Where ISIS Claims It Has Struck, and Why ","Suicide bombers killed 43 people in a busy district of Beirut, Lebanon, on Nov. 12. The Islamic State claimed responsibility.",Khalil Hassan/Reuters,https://static01.nyt.com/images/2015/11/17/world/17STRIKES-1/17STRIKES-1-articleLarge.jpg,400,600,https://static01.nyt.com/images/2015/11/17/world/17STRIKES-1/17STRIKES-1-thumbStandard-v2.jpg,75,75,"Where ISIS Claims It Has Struck, and Why","Where ISIS Claims It Has Struck, and Why In recent weeks, the group appears to have struck on three continents, killing hundreds of people. In recent weeks, the group appears to have struck on three continents, killing hundreds of people."
"The statement was issued online in Arabic, French and English and distributed via supporters on Twitter, according to a group that tracks jihadist propaganda.",article,nyt://article/ad1652e6-4109-536c-ac8b-709740b98259,"[{'name': 'Subject', 'value': 'Paris Attacks (November 2015)', 'rank': 1}, {'name': 'Subject', 'value': 'Terrorism', 'rank': 2}, {'name': 'Organization', 'value': 'Islamic State in Iraq and Syria (ISIS)', 'rank': 3}, {'name': 'Organization', 'value': 'Al Qaeda', 'rank': 4}, {'name': 'Location', 'value': 'France', 'rank': 5}]",Foreign,,,2015-11-14 11:22:18+00:00,World,"The statement was issued online in Arabic, French and English and distributed via supporters on Twitter, according to a group that tracks jihadist propaganda.",The New York Times,Europe,News,nyt://article/ad1652e6-4109-536c-ac8b-709740b98259,https://www.nytimes.com/2015/11/15/world/europe/isis-claims-responsibility-for-paris-attacks-calling-them-miracles.html,564,By Rukmini Callimachi,"ISIS Claims Responsibility, Calling Paris Attacks ‘First of the Storm’",,ISIS Calls Bloodshed ‘First of the Storm’,,Philippe Wojazer/Reuters,https://static01.nyt.com/images/2015/11/13/world/paris-friday13-roundup-photo2/paris-friday13-roundup-photo2-articleLarge.jpg,391,600,https://static01.nyt.com/images/2015/11/13/world/paris-friday13-roundup-photo2/paris-friday13-roundup-photo2-thumbStandard-v2.jpg,75,75,"ISIS Claims Responsibility, Calling Paris Attacks ‘First of the Storm’","ISIS Claims Responsibility, Calling Paris Attacks ‘First of the Storm’ The statement was issued online in Arabic, French and English and distributed via supporters on Twitter, according to a group that tracks jihadist propaganda. The statement was issued online in Arabic, French and English and distributed via supporters on Twitter, according to a group that tracks jihadist propaganda."
Questions of doping and corruption have spread to those in high office at the International Association of Athletics Federations.,article,nyt://article/b12d127f-0be6-5c6b-82bb-6d8647ea823a,"[{'name': 'Subject', 'value': 'Doping (Sports)', 'rank': 1}, {'name': 'Subject', 'value': 'Corruption (Institutional)', 'rank': 2}, {'name': 'Subject', 'value': 'Ethics and Official Misconduct', 'rank': 3}, {'name': 'Subject', 'value': 'Soccer', 'rank': 4}, {'name': 'Subject', 'value': 'Rugby', 'rank': 5}, {'name': 'Organization', 'value': 'International Assn of Athletics Federations', 'rank': 6}, {'name': 'Organization', 'value': 'International Federation of Association Football (FIFA)', 'rank': 7}, {'name': 'Person', 'value': 'Diack, Lamine (1933- )', 'rank': 8}, {'name': 'Person', 'value': 'Coe, Sebastian', 'rank': 9}]",Foreign,,,2015-11-13 08:48:23+00:00,World,Questions of doping and corruption have spread to those in high office at the International Association of Athletics Federations.,The New York Times,Europe,News,nyt://article/b12d127f-0be6-5c6b-82bb-6d8647ea823a,https://www.nytimes.com/2015/11/13/world/europe/claims-of-corruption-chip-away-at-trust-in-sports.html,654,By Alan Cowell,Claims of Corruption Chip Away at Trust in Sports,Letter From Europe,,"Sebastian Coe, the president of the International Association of Athletics Federations and an Olympic medalist, has promised to confront claims of corruption leveled against his organization “without fear or favor.”",Facundo Arrizabalaga/European Pressphoto Agency,https://static01.nyt.com/images/2015/11/13/world/europe/13Letter-web/13Letter-web-articleLarge.jpg,400,600,https://static01.nyt.com/images/2015/11/13/world/europe/13Letter-web/13Letter-web-thumbStandard.jpg,75,75,Claims of Corruption Chip Away at Trust in Sports,Claims of Corruption Chip Away at Trust in Sports Questions of doping and corruption have spread to those in high office at the International Association of Athletics Federations. Questions of doping and corruption have spread to those in high office at the International Association of Athletics Federations.
"The bombings, near a Palestinian refugee camp that has absorbed many Syrians, killed at least 43 people, according to the Lebanese Health Ministry.",article,nyt://article/8d168bf5-b3a1-5a20-94ef-786049962a0c,"[{'name': 'Organization', 'value': 'Islamic State in Iraq and Syria (ISIS)', 'rank': 1}, {'name': 'Location', 'value': 'Beirut (Lebanon)', 'rank': 2}, {'name': 'Subject', 'value': 'Bombs and Explosives', 'rank': 3}, {'name': 'Subject', 'value': 'Terrorism', 'rank': 4}, {'name': 'Subject', 'value': 'Shiite Muslims', 'rank': 5}, {'name': 'Organization', 'value': 'Hezbollah', 'rank': 6}, {'name': 'Location', 'value': 'Syria', 'rank': 7}, {'name': 'Subject', 'value': 'Deaths (Fatalities)', 'rank': 8}, {'name': 'Subject', 'value': 'Refugees and Displaced Persons', 'rank': 9}]",Foreign,6.0,A,2015-11-12 17:27:08+00:00,World,"The bombings, near a Palestinian refugee camp that has absorbed many Syrians, killed at least 43 people, according to the Lebanese Health Ministry.",The New York Times,Middle East,News,nyt://article/8d168bf5-b3a1-5a20-94ef-786049962a0c,https://www.nytimes.com/2015/11/13/world/middleeast/lebanon-explosions-southern-beirut-hezbollah.html,804,By Anne Barnard and Hwaida Saad,ISIS Claims Responsibility for Blasts That Killed Dozens in Beirut,,ISIS Claims Responsibility for Blasts That Killed Dozens in Beirut,"In recent years, Beirut has been subjected to bombings and other attacks carried out in the name of rival factions in the Syrian civil war.",Hasan Shaaban/Reuters,https://static01.nyt.com/images/2015/11/13/world/middleeast/13lebanon-web2/13lebanon-web2-articleLarge.jpg,400,600,https://static01.nyt.com/images/2015/11/13/world/middleeast/13lebanon-web2/13lebanon-web2-thumbStandard-v2.jpg,75,75,ISIS Claims Responsibility for Blasts That Killed Dozens in Beirut,"ISIS Claims Responsibility for Blasts That Killed Dozens in Beirut The bombings, near a Palestinian refugee camp that has absorbed many Syrians, killed at least 43 people, according to the Lebanese Health Ministry. The bombings, near a Palestinian refugee camp that has absorbed many Syrians, killed at least 43 people, according to the Lebanese Health Ministry."
From the International Herald Tribune archives: Rhodesia declares independence from British rule in 1965.,article,nyt://article/c70bba3a-0ab9-535b-a0f9-d9101483665a,"[{'name': 'Location', 'value': 'Great Britain', 'rank': 1}, {'name': 'Location', 'value': 'Rhodesia', 'rank': 2}]",Foreign,,,2015-11-11 16:10:16+00:00,World,From the International Herald Tribune archives: Rhodesia declares independence from British rule in 1965.,The New York Times,,News,nyt://article/c70bba3a-0ab9-535b-a0f9-d9101483665a,https://iht-retrospective.blogs.nytimes.com/2015/11/11/1965-rhodesia-claims-independence/,99,By International Herald Tribune,1965: Rhodesia Claims Independence,IHT Retrospective,,,,,0,0,,0,0,1965: Rhodesia Claims Independence,1965: Rhodesia Claims Independence From the International Herald Tribune archives: Rhodesia declares independence from British rule in 1965. From the International Herald Tribune archives: Rhodesia declares independence from British rule in 1965.
"In a speech in Singapore before he met the president of Taiwan, China’s president asked countries “outside the region” to respect stability in the area.",article,nyt://article/344176d1-ac9d-5b06-ba8c-ca2ef96103f3,"[{'name': 'Person', 'value': 'Xi Jinping', 'rank': 1}, {'name': 'Location', 'value': 'China', 'rank': 2}, {'name': 'Location', 'value': 'South China Sea', 'rank': 3}]",Foreign,,,2015-11-07 10:33:47+00:00,World,"In a speech in Singapore before he met the president of Taiwan, China’s president asked countries “outside the region” to respect stability in the area.",The New York Times,Asia Pacific,News,nyt://article/344176d1-ac9d-5b06-ba8c-ca2ef96103f3,https://www.nytimes.com/2015/11/08/world/asia/xi-jinping-china-south-china-sea-singapore.html,684,By Edward Wong,Xi Again Defends China’s Claim to South China Sea Islands,,,,,,0,0,,0,0,Xi Again Defends China’s Claim to South China Sea Islands,"Xi Again Defends China’s Claim to South China Sea Islands In a speech in Singapore before he met the president of Taiwan, China’s president asked countries “outside the region” to respect stability in the area. In a speech in Singapore before he met the president of Taiwan, China’s president asked countries “outside the region” to respect stability in the area."
Statements attributed to the Islamic State said the group was behind an assault at a checkpoint that left one officer dead and another wounded.,article,nyt://article/43b9ca89-1bdd-51a3-8888-cdaf1caff1f0,"[{'name': 'Person', 'value': 'Manik, Julfikar Ali', 'rank': 1}, {'name': 'Organization', 'value': 'Islamic State in Iraq and Syria (ISIS)', 'rank': 2}, {'name': 'Person', 'value': 'Najar, Nida', 'rank': 3}, {'name': 'Location', 'value': 'Bangladesh', 'rank': 4}, {'name': 'Location', 'value': 'Dhaka (Bangladesh)', 'rank': 5}, {'name': 'Subject', 'value': 'Terrorism', 'rank': 6}, {'name': 'Subject', 'value': 'Attacks on Police', 'rank': 7}]",Foreign,6.0,A,2015-11-05 13:24:07+00:00,World,Statements attributed to the Islamic State said the group was behind an assault at a checkpoint that left one officer dead and another wounded.,The New York Times,Asia Pacific,News,nyt://article/43b9ca89-1bdd-51a3-8888-cdaf1caff1f0,https://www.nytimes.com/2015/11/06/world/asia/isis-bangladesh-police-attack.html,496,By Nida Najar and Julfikar Ali Manik,ISIS Claims It Struck Police in Bangladesh,,ISIS Claims It Struck Police in Bangladesh,,,,0,0,,0,0,ISIS Claims It Struck Police in Bangladesh,ISIS Claims It Struck Police in Bangladesh Statements attributed to the Islamic State said the group was behind an assault at a checkpoint that left one officer dead and another wounded. Statements attributed to the Islamic State said the group was behind an assault at a checkpoint that left one officer dead and another wounded.
"The victims’ publishing houses had released work by Avijit Roy, a critic of religious extremism who was killed in a similar attack eight months ago.",article,nyt://article/1fc483fb-2d9c-55f7-83c8-29b4326185fb,"[{'name': 'Location', 'value': 'Dhaka (Bangladesh)', 'rank': 1}, {'name': 'Organization', 'value': 'Al Qaeda', 'rank': 2}, {'name': 'Subject', 'value': 'Terrorism', 'rank': 3}, {'name': 'Subject', 'value': 'Assassinations and Attempted Assassinations', 'rank': 4}, {'name': 'Person', 'value': 'Roy, Avijit (1972-2015)', 'rank': 5}, {'name': 'Subject', 'value': 'Muslims and Islam', 'rank': 6}, {'name': 'Subject', 'value': 'Murders, Attempted Murders and Homicides', 'rank': 7}]",Foreign,,,2015-11-01 06:53:38+00:00,World,"The victims’ publishing houses had released work by Avijit Roy, a critic of religious extremism who was killed in a similar attack eight months ago.",The New York Times,Asia Pacific,News,nyt://article/1fc483fb-2d9c-55f7-83c8-29b4326185fb,https://www.nytimes.com/2015/11/02/world/asia/bangladesh-publishers-attacked-al-qaeda-claims-responsibility.html,875,By Ellen Barry and Julfikar Ali Manik,Al Qaeda Claims Responsibility for Attacks on 2 Publishers in Bangladesh,,,,,,0,0,,0,0,Al Qaeda Claims Responsibility for Attacks on 2 Publishers in Bangladesh,"Al Qaeda Claims Responsibility for Attacks on 2 Publishers in Bangladesh The victims’ publishing houses had released work by Avijit Roy, a critic of religious extremism who was killed in a similar attack eight months ago. The victims’ publishing houses had released work by Avijit Roy, a critic of religious extremism who was killed in a similar attack eight months ago."
A rocket barrage on a camp near Baghdad killed 23 members of an Iranian opposition group and provoked condemnation by the United States.,article,nyt://article/060c25d6-0c60-54ce-bf0c-fd55bc53d61c,"[{'name': 'Location', 'value': 'Iraq', 'rank': 1}, {'name': 'Person', 'value': 'Gordon, Michael R', 'rank': 2}, {'name': 'Location', 'value': 'Iran', 'rank': 3}, {'name': 'Person', 'value': 'Jawoshy, Omar Al-', 'rank': 4}, {'name': 'Organization', 'value': 'Mukhtar Army', 'rank': 5}, {'name': 'Organization', 'value': ""People's Mujahedeen of Iran"", 'rank': 6}, {'name': 'Subject', 'value': 'International Relations', 'rank': 7}, {'name': 'Organization', 'value': 'Mujahedeen Khalq', 'rank': 8}, {'name': 'Person', 'value': 'Kerry, John', 'rank': 9}]",Foreign,9.0,A,2015-10-30 18:47:35+00:00,World,A rocket barrage on a camp near Baghdad killed 23 members of an Iranian opposition group and provoked condemnation by the United States.,The New York Times,Middle East,News,nyt://article/060c25d6-0c60-54ce-bf0c-fd55bc53d61c,https://www.nytimes.com/2015/10/31/world/middleeast/iran-backed-militia-claims-responsibility-for-attack-on-iraqi-camp.html,557,By Omar Al-Jawoshy and Michael R. Gordon,Iran-Backed Militia Claims Responsibility for Attack on Iraqi Camp,,Shiite Militia Claims Responsibility for Attack on Iraqi Camp Housing Iranian Dissidents,,,,0,0,,0,0,Iran-Backed Militia Claims Responsibility for Attack on Iraqi Camp,Iran-Backed Militia Claims Responsibility for Attack on Iraqi Camp A rocket barrage on a camp near Baghdad killed 23 members of an Iranian opposition group and provoked condemnation by the United States. A rocket barrage on a camp near Baghdad killed 23 members of an Iranian opposition group and provoked condemnation by the United States.
The maneuver by the United States Navy is a direct challenge to China’s assertion that the artificial islands it has built in the South China Sea are a part of its territory.,article,nyt://article/4b0aca92-c15d-5049-a67a-efa92a75276d,"[{'name': 'Location', 'value': 'South China Sea', 'rank': 1}, {'name': 'Location', 'value': 'China', 'rank': 2}, {'name': 'Organization', 'value': 'United States Navy', 'rank': 3}, {'name': 'Subject', 'value': 'United States Defense and Military Forces', 'rank': 4}, {'name': 'Location', 'value': 'Spratly Islands', 'rank': 5}, {'name': 'Organization', 'value': 'Defense Department', 'rank': 6}, {'name': 'Person', 'value': 'Obama, Barack', 'rank': 7}, {'name': 'Subject', 'value': 'United States International Relations', 'rank': 8}]",Foreign,7.0,A,2015-10-27 01:08:01+00:00,World,The maneuver by the United States Navy is a direct challenge to China’s assertion that the artificial islands it has built in the South China Sea are a part of its territory.,The New York Times,Asia Pacific,News,nyt://article/4b0aca92-c15d-5049-a67a-efa92a75276d,https://www.nytimes.com/2015/10/27/world/asia/challenging-chinese-claims-us-sends-warship-near-artificial-island-chain.html,776,By Helene Cooper,"Challenging Chinese Claims, U.S. Sends Warship Near Artificial Island Chain",,"Challenging Chinese Claims, U.S. Sends Warship to Artificial Island Chain","A satellite image from March showed work on an emerging artificial island at Mischief Reef, part of the Spratly Islands in the South China Sea. China has been turning submerged reefs into islands to bolster its territorial claims.","Center for Strategic International Studies, via Digital Globe",https://static01.nyt.com/images/2015/10/27/world/27military-web/27military-web-articleLarge.jpg,458,600,https://static01.nyt.com/images/2015/10/27/world/27military-web/27military-web-thumbStandard.jpg,75,75,"Challenging Chinese Claims, U.S. Sends Warship Near Artificial Island Chain","Challenging Chinese Claims, U.S. Sends Warship Near Artificial Island Chain The maneuver by the United States Navy is a direct challenge to China’s assertion that the artificial islands it has built in the South China Sea are a part of its territory. The maneuver by the United States Navy is a direct challenge to China’s assertion that the artificial islands it has built in the South China Sea are a part of its territory."
"Late Saturday, with just 12 hours before polls were to open, election officials said they had discovered printing flaws on the ballots and destroyed them.",article,nyt://article/b4546e78-c1c8-571c-b842-4150e2752bf3,"[{'name': 'Location', 'value': 'Mariupol (Ukraine)', 'rank': 1}, {'name': '', 'value': '', 'rank': 2}, {'name': 'Location', 'value': 'Ukraine', 'rank': 3}, {'name': 'Subject', 'value': 'Elections', 'rank': 4}, {'name': 'Subject', 'value': 'Frauds and Swindling', 'rank': 5}, {'name': 'Person', 'value': 'Poroshenko, Petro Olekseyevich', 'rank': 6}, {'name': 'Subject', 'value': 'Polls and Public Opinion', 'rank': 7}]",Foreign,3.0,A,2015-10-25 22:39:04+00:00,World,"Late Saturday, with just 12 hours before polls were to open, election officials said they had discovered printing flaws on the ballots and destroyed them.",The New York Times,Europe,News,nyt://article/b4546e78-c1c8-571c-b842-4150e2752bf3,https://www.nytimes.com/2015/10/26/world/europe/ukraine-regional-elections-mariupol.html,484,By Alisa Sopova,Fraud Claims Delay Elections in Two Ukrainian Cities,,Fraud Claims Delay Elections in Two Ukrainian Cities ,Members of an election commission inspected ballots Sunday in a printing firm in Mariupol. Flaws were said to be found.,Sergey Vaganov/European Pressphoto Agency,https://static01.nyt.com/images/2015/10/26/world/26UKRAINE2/26UKRAINE2-articleLarge.jpg,398,600,https://static01.nyt.com/images/2015/10/26/world/26UKRAINE2/26UKRAINE2-thumbStandard.jpg,75,75,Fraud Claims Delay Elections in Two Ukrainian Cities,"Fraud Claims Delay Elections in Two Ukrainian Cities Late Saturday, with just 12 hours before polls were to open, election officials said they had discovered printing flaws on the ballots and destroyed them. Late Saturday, with just 12 hours before polls were to open, election officials said they had discovered printing flaws on the ballots and destroyed them."
The explosions Saturday morning during a procession in the capital were the third act of violence that an Islamic State account has claimed in Bangladesh in the last month.,article,nyt://article/51f4f01d-def2-55a3-8642-999dbfb902ce,"[{'name': 'Person', 'value': 'Manik, Julfikar Ali', 'rank': 1}, {'name': 'Location', 'value': 'Bangladesh', 'rank': 2}, {'name': 'Person', 'value': 'Barry, Ellen', 'rank': 3}, {'name': 'Subject', 'value': 'Bombs and Explosives', 'rank': 4}, {'name': 'Subject', 'value': 'Muslims and Islam', 'rank': 5}, {'name': 'Organization', 'value': 'Islamic State in Iraq and Syria (ISIS)', 'rank': 6}, {'name': 'Subject', 'value': 'Shiite Muslims', 'rank': 7}, {'name': 'Location', 'value': 'Dhaka (Bangladesh)', 'rank': 8}, {'name': 'Subject', 'value': 'Terrorism', 'rank': 9}]",Foreign,12.0,A,2015-10-24 11:23:04+00:00,World,The explosions Saturday morning during a procession in the capital were the third act of violence that an Islamic State account has claimed in Bangladesh in the last month.,The New York Times,Asia Pacific,News,nyt://article/51f4f01d-def2-55a3-8642-999dbfb902ce,https://www.nytimes.com/2015/10/25/world/asia/isis-claims-responsibility-for-attack-in-bangladesh-targeting-shias.html,808,By Ellen Barry and Julfikar Ali Manik,ISIS Claims Responsibility for Attack in Bangladesh,,Bombs Target Shiites in Bangladesh on Holy Day,"Security personnel near bloodstains after bombs in Dhaka, Bangladesh, exploded Saturday during a procession to mark Ashura.",A.M. Ahad/Associated Press,https://static01.nyt.com/images/2015/10/25/world/BANGLADESH1/BANGLADESH1-articleLarge.jpg,411,600,https://static01.nyt.com/images/2015/10/25/world/BANGLADESH1/BANGLADESH1-thumbStandard.jpg,75,75,ISIS Claims Responsibility for Attack in Bangladesh,ISIS Claims Responsibility for Attack in Bangladesh The explosions Saturday morning during a procession in the capital were the third act of violence that an Islamic State account has claimed in Bangladesh in the last month. The explosions Saturday morning during a procession in the capital were the third act of violence that an Islamic State account has claimed in Bangladesh in the last month.
A gunman wearing an explosives belt fired on Shiites as they took part in evening worship in the eastern city of Saihat.,article,nyt://article/303e4179-8cc4-5299-be67-ed7d274a24b6,"[{'name': 'Location', 'value': 'Saudi Arabia', 'rank': 1}, {'name': 'Organization', 'value': 'Islamic State in Iraq and Syria (ISIS)', 'rank': 2}, {'name': 'Subject', 'value': 'Terrorism', 'rank': 3}]",Foreign,8.0,A,2015-10-17 01:30:09+00:00,World,A gunman wearing an explosives belt fired on Shiites as they took part in evening worship in the eastern city of Saihat.,The New York Times,Middle East,Brief,nyt://article/303e4179-8cc4-5299-be67-ed7d274a24b6,https://www.nytimes.com/2015/10/17/world/middleeast/saudi-arabia-5-killed-at-prayer-hall-new-isis-branch-claims-responsibility.html,203,By The Associated Press,Saudi Arabia: 5 Killed at Prayer Hall; New ISIS Branch Claims Responsibility,World Briefing,Middle East; Saudi Arabia: 5 Killed at Prayer Hall; New ISIS Branch Claims Responsibility,,,,0,0,,0,0,Saudi Arabia: 5 Killed at Prayer Hall; New ISIS Branch Claims Responsibility,Saudi Arabia: 5 Killed at Prayer Hall; New ISIS Branch Claims Responsibility A gunman wearing an explosives belt fired on Shiites as they took part in evening worship in the eastern city of Saihat. A gunman wearing an explosives belt fired on Shiites as they took part in evening worship in the eastern city of Saihat.
The government confirmed that the office of Prime Minister Stephen Harper slowed the handling of refugee claims from Syrians in what his office described as a security audit.,article,nyt://article/be8aded6-2612-5752-b5b2-ab129d4eb5c5,"[{'name': 'Person', 'value': 'Austen, Ian', 'rank': 1}, {'name': 'Subject', 'value': 'Middle East and Africa Migrant Crisis', 'rank': 2}, {'name': 'Location', 'value': 'Canada', 'rank': 3}, {'name': 'Person', 'value': 'Harper, Stephen J', 'rank': 4}, {'name': 'Organization', 'value': 'Conservative Party (Canada)', 'rank': 5}, {'name': 'Organization', 'value': 'New Democratic Party (Canada)', 'rank': 6}, {'name': 'Location', 'value': 'Syria', 'rank': 7}, {'name': 'Subject', 'value': 'Elections', 'rank': 8}, {'name': 'Subject', 'value': 'Refugees and Displaced Persons', 'rank': 9}, {'name': 'Subject', 'value': 'Security and Warning Systems', 'rank': 10}, {'name': 'Organization', 'value': 'United Nations High Commissioner for Refugees', 'rank': 11}]",Foreign,6.0,A,2015-10-09 01:12:44+00:00,World,The government confirmed that the office of Prime Minister Stephen Harper slowed the handling of refugee claims from Syrians in what his office described as a security audit.,The New York Times,Americas,News,nyt://article/be8aded6-2612-5752-b5b2-ab129d4eb5c5,https://www.nytimes.com/2015/10/09/world/americas/canadian-premiers-office-slowed-syrian-refugee-claims.html,717,By Ian Austen,Syrian Asylum Claims in Canada Slowed by Stephen Harper’s Office,,Canadian Leader&#8217;s Office Slowed Syrians&#8217; Claims ,Prime Minister Stephen Harper on Wednesday. His office intervened in asylum reviews.,"Nathan Denette/The Canadian Press, via Associated Press",https://static01.nyt.com/images/2015/10/09/world/CANADA/CANADA-articleLarge.jpg,537,600,https://static01.nyt.com/images/2015/10/09/world/CANADA/CANADA-thumbStandard.jpg,75,75,Syrian Asylum Claims in Canada Slowed by Stephen Harper’s Office,Syrian Asylum Claims in Canada Slowed by Stephen Harper’s Office The government confirmed that the office of Prime Minister Stephen Harper slowed the handling of refugee claims from Syrians in what his office described as a security audit. The government confirmed that the office of Prime Minister Stephen Harper slowed the handling of refugee claims from Syrians in what his office described as a security audit.
"Russian and Iranian officials dismissed the claim as a nonsensical propaganda ploy, as the Kremlin intensified military coordination with the newly emboldened forces of President Bashar al-Assad of Syria.",article,nyt://article/add96e5d-473f-5a18-b759-61094255c220,"[{'name': 'Person', 'value': 'Cooper, Helene', 'rank': 1}, {'name': 'Location', 'value': 'Russia', 'rank': 2}, {'name': 'Location', 'value': 'Iran', 'rank': 3}, {'name': 'Person', 'value': 'Schmitt, Eric', 'rank': 4}, {'name': 'Location', 'value': 'Syria', 'rank': 5}, {'name': 'Person', 'value': 'Carter, Ashton B', 'rank': 6}, {'name': 'Subject', 'value': 'United States Defense and Military Forces', 'rank': 7}, {'name': 'Organization', 'value': 'Al Qaeda', 'rank': 8}, {'name': 'Organization', 'value': 'Free Syrian Army', 'rank': 9}, {'name': 'Organization', 'value': 'Islamic State in Iraq and Syria (ISIS)', 'rank': 10}, {'name': 'Organization', 'value': 'Syrian Army', 'rank': 11}, {'name': 'Person', 'value': 'Assad, Bashar al-', 'rank': 12}, {'name': 'Location', 'value': 'Hama (Syria)', 'rank': 13}, {'name': 'Location', 'value': 'Idlib (Syria)', 'rank': 14}, {'name': 'Organization', 'value': 'Syrian Observatory for Human Rights', 'rank': 15}, {'name': 'Subject', 'value': 'Defense and Military Forces', 'rank': 16}, {'name': 'Organization', 'value': 'State Department', 'rank': 17}]",Foreign,13.0,A,2015-10-08 12:37:08+00:00,World,"Russian and Iranian officials dismissed the claim as a nonsensical propaganda ploy, as the Kremlin intensified military coordination with the newly emboldened forces of President Bashar al-Assad of Syria.",The New York Times,Middle East,News,nyt://article/add96e5d-473f-5a18-b759-61094255c220,https://www.nytimes.com/2015/10/09/world/middleeast/syria-and-russia-continue-coordinated-assault-on-militants.html,1052,By Helene Cooper and Eric Schmitt,Russia Denies U.S. Claim That Missiles Aimed at Syria Hit Iran,,Russia Denies U.S. Claim That Missiles Aimed at Syria Hit Iran,A Syrian civil defense demining unit collected unexploded cluster bombs on Thursday that activists said had been fired a day earlier by Russian aircraft in Idlib Province.,Khalil Ashawi/Reuters,https://static01.nyt.com/images/2015/10/09/world/middleeast/09Syria-web/09Syria-web-articleLarge.jpg,400,600,https://static01.nyt.com/images/2015/10/09/world/middleeast/09Syria-web/09Syria-web-thumbStandard.jpg,75,75,Russia Denies U.S. Claim That Missiles Aimed at Syria Hit Iran,"Russia Denies U.S. Claim That Missiles Aimed at Syria Hit Iran Russian and Iranian officials dismissed the claim as a nonsensical propaganda ploy, as the Kremlin intensified military coordination with the newly emboldened forces of President Bashar al-Assad of Syria. Russian and Iranian officials dismissed the claim as a nonsensical propaganda ploy, as the Kremlin intensified military coordination with the newly emboldened forces of President Bashar al-Assad of Syria."
The BBC says many of the claims made by a central witness in the case cannot be confirmed with public records.,article,nyt://article/39f92b44-18fd-5a4d-8e9f-f92299644559,"[{'name': 'Location', 'value': 'Great Britain', 'rank': 1}, {'name': 'Person', 'value': 'Bennhold, Katrin', 'rank': 2}, {'name': 'Subject', 'value': 'Child Abuse and Neglect', 'rank': 3}, {'name': 'Subject', 'value': 'Sex Crimes', 'rank': 4}, {'name': 'Organization', 'value': 'British Broadcasting Corp', 'rank': 5}, {'name': 'Person', 'value': 'Heath, Edward', 'rank': 6}, {'name': 'Person', 'value': 'Brittan, Leon', 'rank': 7}, {'name': 'Person', 'value': 'Savile, Jimmy', 'rank': 8}]",Foreign,3.0,A,2015-10-06 17:17:58+00:00,World,The BBC says many of the claims made by a central witness in the case cannot be confirmed with public records.,The New York Times,Europe,News,nyt://article/39f92b44-18fd-5a4d-8e9f-f92299644559,https://www.nytimes.com/2015/10/07/world/europe/westminster-vip-pedophile-claims.html,954,By Katrin Bennhold,BBC Casts Doubt on Claims of British Pedophile Ring,,BBC Casts Doubt on Witness in Abuse Case ,,,,0,0,,0,0,BBC Casts Doubt on Claims of British Pedophile Ring,BBC Casts Doubt on Claims of British Pedophile Ring The BBC says many of the claims made by a central witness in the case cannot be confirmed with public records. The BBC says many of the claims made by a central witness in the case cannot be confirmed with public records.
Prime Minister Sheikh Hasina suggested that the shootings may have been the work of homegrown militants aligned with her political opponents in the Bangladesh Nationalist Party.,article,nyt://article/f0073fe5-758c-5103-8cf1-d4860909c08e,"[{'name': 'Person', 'value': 'Barry, Ellen', 'rank': 1}, {'name': 'Subject', 'value': 'Murders, Attempted Murders and Homicides', 'rank': 2}, {'name': 'Person', 'value': 'Hasina, Sheikh', 'rank': 3}, {'name': 'Organization', 'value': 'Islamic State in Iraq and Syria (ISIS)', 'rank': 4}, {'name': 'Person', 'value': 'Tavella, Cesare', 'rank': 5}, {'name': 'Organization', 'value': 'Bangladesh Nationalist Party', 'rank': 6}, {'name': 'Subject', 'value': 'Terrorism', 'rank': 7}, {'name': 'Location', 'value': 'Bangladesh', 'rank': 8}]",Foreign,8.0,A,2015-10-04 14:39:08+00:00,World,Prime Minister Sheikh Hasina suggested that the shootings may have been the work of homegrown militants aligned with her political opponents in the Bangladesh Nationalist Party.,The New York Times,Asia Pacific,News,nyt://article/f0073fe5-758c-5103-8cf1-d4860909c08e,https://www.nytimes.com/2015/10/05/world/asia/bangladesh-skeptical-of-claims-that-isis-was-behind-shootings-of-foreigners.html,480,By Ellen Barry,Bangladesh Skeptical of Claims That ISIS Was Behind Shootings of Foreigners,,Bangladesh Skeptical of Claims ISIS Was Behind Shootings ,,,,0,0,,0,0,Bangladesh Skeptical of Claims That ISIS Was Behind Shootings of Foreigners,Bangladesh Skeptical of Claims That ISIS Was Behind Shootings of Foreigners Prime Minister Sheikh Hasina suggested that the shootings may have been the work of homegrown militants aligned with her political opponents in the Bangladesh Nationalist Party. Prime Minister Sheikh Hasina suggested that the shootings may have been the work of homegrown militants aligned with her political opponents in the Bangladesh Nationalist Party.
"The Shabab, a militant Islamist group affiliated with Al Qaeda, said the attack had targeted senior Somali and foreign officials.",article,nyt://article/1a9f76b1-74bd-552c-acec-b42bfc7616ed,"[{'name': 'Person', 'value': 'Ibrahim, Mohammed', 'rank': 1}, {'name': 'Location', 'value': 'Mogadishu (Somalia)', 'rank': 2}, {'name': 'Subject', 'value': 'Bombs and Explosives', 'rank': 3}, {'name': 'Organization', 'value': 'Shabab', 'rank': 4}, {'name': 'Subject', 'value': 'Terrorism', 'rank': 5}, {'name': 'Location', 'value': 'Somalia', 'rank': 6}]",Foreign,8.0,A,2015-09-21 23:27:04+00:00,World,"The Shabab, a militant Islamist group affiliated with Al Qaeda, said the attack had targeted senior Somali and foreign officials.",The New York Times,Africa,News,nyt://article/1a9f76b1-74bd-552c-acec-b42bfc7616ed,https://www.nytimes.com/2015/09/22/world/africa/deadly-car-bombing-at-somalias-presidential-palace-is-claimed-by-shabab.html,303,By Mohamed Ibrahim,Deadly Car Bombing at Somalia’s Presidential Palace Is Claimed by Shabab,,Deadly Car Bombing at Somalia&#8217;s Presidential Palace Is Claimed by Shabab,,,,0,0,,0,0,Deadly Car Bombing at Somalia’s Presidential Palace Is Claimed by Shabab,"Deadly Car Bombing at Somalia’s Presidential Palace Is Claimed by Shabab The Shabab, a militant Islamist group affiliated with Al Qaeda, said the attack had targeted senior Somali and foreign officials. The Shabab, a militant Islamist group affiliated with Al Qaeda, said the attack had targeted senior Somali and foreign officials."
The request came as the United States is pressing Iran to release three American citizens — including a Washington Post correspondent — and provide information about a fourth missing for eight years.,article,nyt://article/4bb93fd2-32f1-59d5-aba8-30a4878d1064,"[{'name': 'Location', 'value': 'Iran', 'rank': 1}, {'name': 'Person', 'value': 'Gladstone, Rick', 'rank': 2}, {'name': 'Location', 'value': 'United States', 'rank': 3}, {'name': 'Subject', 'value': 'Political Prisoners', 'rank': 4}, {'name': 'Person', 'value': 'Rezaian, Jason', 'rank': 5}, {'name': 'Subject', 'value': 'Prisons and Prisoners', 'rank': 6}, {'name': 'Person', 'value': 'Hekmati, Amir Mirzaei', 'rank': 7}, {'name': 'Subject', 'value': 'News and News Media', 'rank': 8}, {'name': 'Subject', 'value': 'Nuclear Weapons', 'rank': 9}, {'name': 'Subject', 'value': 'Embargoes and Sanctions', 'rank': 10}]",Foreign,9.0,A,2015-08-26 22:42:24+00:00,World,The request came as the United States is pressing Iran to release three American citizens — including a Washington Post correspondent — and provide information about a fourth missing for eight years.,The New York Times,Middle East,News,nyt://article/4bb93fd2-32f1-59d5-aba8-30a4878d1064,https://www.nytimes.com/2015/08/27/world/middleeast/tehran-asks-us-to-release-19-iranian-citizens.html,407,By Rick Gladstone,Tehran Claims U.S. Is Holding 19 Iranians,,"World Briefing | Middle East; Iran: 19 Detained by U.S., Tehran Says",,,,0,0,,0,0,Tehran Claims U.S. Is Holding 19 Iranians,Tehran Claims U.S. Is Holding 19 Iranians The request came as the United States is pressing Iran to release three American citizens — including a Washington Post correspondent — and provide information about a fourth missing for eight years. The request came as the United States is pressing Iran to release three American citizens — including a Washington Post correspondent — and provide information about a fourth missing for eight years.
The United Nations said that nine of the 13 cases reported against its peacekeepers in the Central African Republic in the past year involved children as young as 11 and that no one had yet been convicted.,article,nyt://article/cb06217b-847d-586d-acee-a181c1ea2108,"[{'name': 'Organization', 'value': 'United Nations', 'rank': 1}, {'name': 'Person', 'value': 'Gladstone, Rick', 'rank': 2}, {'name': 'Location', 'value': 'Central African Republic', 'rank': 3}, {'name': 'Subject', 'value': 'Sex Crimes', 'rank': 4}, {'name': 'Subject', 'value': 'Child Abuse and Neglect', 'rank': 5}, {'name': 'Person', 'value': 'Ban Ki-moon', 'rank': 6}, {'name': 'Person', 'value': 'Gaye, Babacar (1951- )', 'rank': 7}, {'name': 'Person', 'value': 'Corner, Diane (1959- )', 'rank': 8}]",Foreign,11.0,A,2015-08-21 01:11:45+00:00,World,The United Nations said that nine of the 13 cases reported against its peacekeepers in the Central African Republic in the past year involved children as young as 11 and that no one had yet been convicted.,The New York Times,Africa,News,nyt://article/cb06217b-847d-586d-acee-a181c1ea2108,https://www.nytimes.com/2015/08/21/world/africa/un-details-sexual-abuse-claims-against-troops.html,435,By Rick Gladstone,U.N. Details Sexual Abuse Claims Against Troops,,U.N. Details Abuse Claims Against Troops,,,,0,0,,0,0,U.N. Details Sexual Abuse Claims Against Troops,U.N. Details Sexual Abuse Claims Against Troops The United Nations said that nine of the 13 cases reported against its peacekeepers in the Central African Republic in the past year involved children as young as 11 and that no one had yet been convicted. The United Nations said that nine of the 13 cases reported against its peacekeepers in the Central African Republic in the past year involved children as young as 11 and that no one had yet been convicted.
"The Islamic State claimed responsibility for the blast in the Shiite neighborhood of Sadr City, which came just after dawn as shoppers were stocking up for the weekend.",article,nyt://article/a7a0b310-7c0e-5eb9-a527-066cad2c96d1,"[{'name': 'Person', 'value': 'Jawoshy, Omar Al-', 'rank': 1}, {'name': 'Location', 'value': 'Iraq', 'rank': 2}, {'name': 'Person', 'value': 'Arango, Tim (Per)', 'rank': 3}, {'name': 'Location', 'value': 'Sadr City (Iraq)', 'rank': 4}, {'name': 'Subject', 'value': 'Terrorism', 'rank': 5}, {'name': 'Subject', 'value': 'Bombs and Explosives', 'rank': 6}, {'name': 'Organization', 'value': 'Islamic State in Iraq and Syria (ISIS)', 'rank': 7}, {'name': 'Subject', 'value': 'Deaths (Fatalities)', 'rank': 8}]",Foreign,3.0,A,2015-08-13 12:24:35+00:00,World,"The Islamic State claimed responsibility for the blast in the Shiite neighborhood of Sadr City, which came just after dawn as shoppers were stocking up for the weekend.",The New York Times,Middle East,News,nyt://article/a7a0b310-7c0e-5eb9-a527-066cad2c96d1,https://www.nytimes.com/2015/08/14/world/middleeast/baghdad-truck-bomb.html,711,By Omar Al-Jawoshy and Tim Arango,Bomb Claimed by ISIS Kills Dozens in Baghdad,,Bomb Claimed by ISIS Kills Dozens in Baghdad,"About 60 people were killed and more than 100 were wounded in the explosion Thursday in Sadr City, a Shiite neighborhood.",Wissm Al-Okili/Reuters,https://static01.nyt.com/images/2015/08/14/world/iraq/iraq-articleLarge.jpg,400,600,https://static01.nyt.com/images/2015/08/14/world/iraq/iraq-thumbStandard.jpg,75,75,Bomb Claimed by ISIS Kills Dozens in Baghdad,"Bomb Claimed by ISIS Kills Dozens in Baghdad The Islamic State claimed responsibility for the blast in the Shiite neighborhood of Sadr City, which came just after dawn as shoppers were stocking up for the weekend. The Islamic State claimed responsibility for the blast in the Shiite neighborhood of Sadr City, which came just after dawn as shoppers were stocking up for the weekend."
"After some notable previous revelations proved true, Britain is now taking each new case seriously and engaging in a systemic review.",article,nyt://article/8a08a902-265f-5ecb-a048-2993a735a7a3,"[{'name': 'Person', 'value': 'Erlanger, Steven (Per)', 'rank': 1}, {'name': 'Location', 'value': 'Great Britain', 'rank': 2}, {'name': 'Subject', 'value': 'Child Abuse and Neglect', 'rank': 3}, {'name': 'Subject', 'value': 'Sex Crimes', 'rank': 4}, {'name': 'Person', 'value': 'Heath, Edward', 'rank': 5}, {'name': 'Subject', 'value': 'Police Brutality, Misconduct and Shootings', 'rank': 6}, {'name': 'Person', 'value': 'Brittan, Leon', 'rank': 7}, {'name': 'Person', 'value': 'Savile, Jimmy', 'rank': 8}, {'name': 'Person', 'value': 'Harris, Rolf', 'rank': 9}]",Foreign,4.0,A,2015-08-07 17:03:24+00:00,World,"After some notable previous revelations proved true, Britain is now taking each new case seriously and engaging in a systemic review.",The New York Times,Europe,News,nyt://article/8a08a902-265f-5ecb-a048-2993a735a7a3,https://www.nytimes.com/2015/08/08/world/europe/in-britain-edward-heath-case-intensifies-debate-over-validity-of-sex-abuse-claims.html,1632,By Steven Erlanger,"In Britain, Edward Heath Case Intensifies Debate Over Validity of Sex Abuse Claims",,Shock in Britain as More Abuse Claims Emerge,,,,0,0,,0,0,"In Britain, Edward Heath Case Intensifies Debate Over Validity of Sex Abuse Claims","In Britain, Edward Heath Case Intensifies Debate Over Validity of Sex Abuse Claims After some notable previous revelations proved true, Britain is now taking each new case seriously and engaging in a systemic review. After some notable previous revelations proved true, Britain is now taking each new case seriously and engaging in a systemic review."
"Russia seeks oversight over an area including the North Pole, a region increasingly ripe for oil drilling and more as global warming melts the ice there.",article,nyt://article/4861d682-18a8-57cc-ade8-151c11a54d51,"[{'name': 'Location', 'value': 'Russia', 'rank': 1}, {'name': '', 'value': '', 'rank': 2}, {'name': 'Location', 'value': 'Arctic Ocean', 'rank': 3}, {'name': 'Organization', 'value': 'United Nations', 'rank': 4}, {'name': 'Subject', 'value': 'Global Warming', 'rank': 5}, {'name': 'Subject', 'value': 'Oil (Petroleum) and Gasoline', 'rank': 6}, {'name': 'Subject', 'value': 'Offshore Drilling and Exploration', 'rank': 7}, {'name': 'Location', 'value': 'North Pole', 'rank': 8}, {'name': 'Subject', 'value': 'Ice', 'rank': 9}, {'name': 'Subject', 'value': 'Law of the Sea (UN Convention)', 'rank': 10}, {'name': 'Location', 'value': 'Arctic Regions', 'rank': 11}]",Foreign,4.0,A,2015-08-04 22:40:25+00:00,World,"Russia seeks oversight over an area including the North Pole, a region increasingly ripe for oil drilling and more as global warming melts the ice there.",The New York Times,Europe,News,nyt://article/4861d682-18a8-57cc-ade8-151c11a54d51,https://www.nytimes.com/2015/08/05/world/europe/kremlin-stakes-claim-to-arctic-expanse-and-its-resources.html,634,By Andrew E. Kramer,Russia Stakes New Claim to Expanse in the Arctic,,Russia Makes New Claim to Expanse in the Arctic,,,,0,0,,0,0,Russia Stakes New Claim to Expanse in the Arctic,"Russia Stakes New Claim to Expanse in the Arctic Russia seeks oversight over an area including the North Pole, a region increasingly ripe for oil drilling and more as global warming melts the ice there. Russia seeks oversight over an area including the North Pole, a region increasingly ripe for oil drilling and more as global warming melts the ice there."
An independent agency will look into whether an inquiry was dropped when a subject threatened to go public with accusations that former Prime Minister Edward Heath had sexually abused children.,article,nyt://article/8f95d176-0547-53bb-a602-d4defe222652,"[{'name': 'Location', 'value': 'Great Britain', 'rank': 1}, {'name': 'Person', 'value': 'Erlanger, Steven (Per)', 'rank': 2}, {'name': 'Subject', 'value': 'Child Abuse and Neglect', 'rank': 3}, {'name': 'Person', 'value': 'Heath, Edward', 'rank': 4}, {'name': 'Subject', 'value': 'Police Brutality, Misconduct and Shootings', 'rank': 5}, {'name': 'Organization', 'value': 'Conservative Party (Great Britain)', 'rank': 6}, {'name': 'Subject', 'value': 'Sex Crimes', 'rank': 7}]",Foreign,10.0,A,2015-08-03 18:55:54+00:00,World,An independent agency will look into whether an inquiry was dropped when a subject threatened to go public with accusations that former Prime Minister Edward Heath had sexually abused children.,The New York Times,Europe,News,nyt://article/8f95d176-0547-53bb-a602-d4defe222652,https://www.nytimes.com/2015/08/04/world/europe/britain-edward-heath-sex-abuse-claims.html,399,By Steven Erlanger,British Police to Review Sex Abuse Claims Against Ex-Premier Edward Heath,,British Police to Review Abuse Claims Against Ex-Premier ,,,,0,0,,0,0,British Police to Review Sex Abuse Claims Against Ex-Premier Edward Heath,British Police to Review Sex Abuse Claims Against Ex-Premier Edward Heath An independent agency will look into whether an inquiry was dropped when a subject threatened to go public with accusations that former Prime Minister Edward Heath had sexually abused children. An independent agency will look into whether an inquiry was dropped when a subject threatened to go public with accusations that former Prime Minister Edward Heath had sexually abused children.
The issue is made more difficult by the more than 50 years that have passed since Fidel Castro came to power and began confiscating land and businesses in the name of the revolution.,article,nyt://article/7b5b961d-b2d5-531c-890e-bda7d2afc683,"[{'name': 'Location', 'value': 'Cuba', 'rank': 1}, {'name': 'Person', 'value': 'Davis, Julie Hirschfeld', 'rank': 2}, {'name': 'Subject', 'value': 'Assets, Frozen', 'rank': 3}, {'name': 'Subject', 'value': 'United States International Relations', 'rank': 4}, {'name': 'Subject', 'value': 'Economic Conditions and Trends', 'rank': 5}, {'name': 'Subject', 'value': 'Real Estate and Housing (Residential)', 'rank': 6}, {'name': 'Location', 'value': 'United States', 'rank': 7}]",Foreign,10.0,A,2015-07-20 01:02:22+00:00,World,The issue is made more difficult by the more than 50 years that have passed since Fidel Castro came to power and began confiscating land and businesses in the name of the revolution.,The New York Times,Americas,News,nyt://article/7b5b961d-b2d5-531c-890e-bda7d2afc683,https://www.nytimes.com/2015/07/20/world/americas/as-us-and-cuba-relations-warm-property-claims-issue-is-revived.html,1201,By Julie Hirschfeld Davis,"As U.S. and Cuba Relations Warm, Property Claims Issue Is Revived",,"As U.S. and Cuba Relations Warm, Property Claims Issue Is Revived","Amy Rosoff's father, Roy Schechter, at bottom left, in Cuba in 1930 with his immediate family. Morris Schechter, top left, and Jeannette Schechter, center, were forced to abandon their home in the ""Country Club"" district in Havana.",,https://static01.nyt.com/images/2015/07/20/world/claims-3/claims-3-articleLarge.jpg,860,600,https://static01.nyt.com/images/2015/07/20/world/claims-3/claims-3-thumbStandard.jpg,75,75,"As U.S. and Cuba Relations Warm, Property Claims Issue Is Revived","As U.S. and Cuba Relations Warm, Property Claims Issue Is Revived The issue is made more difficult by the more than 50 years that have passed since Fidel Castro came to power and began confiscating land and businesses in the name of the revolution. The issue is made more difficult by the more than 50 years that have passed since Fidel Castro came to power and began confiscating land and businesses in the name of the revolution."
"The affiliate, which calls itself Sinai Province, said that it carried out an attack on military checkpoints in North Sinai that killed five members of the government’s forces.",article,nyt://article/e707afc8-283d-5ee0-94fd-1e305d5aa08d,"[{'name': 'Subject', 'value': 'Terrorism', 'rank': 1}, {'name': 'Location', 'value': 'Sinai Peninsula (Egypt)', 'rank': 2}, {'name': 'Organization', 'value': 'Islamic State in Iraq and Syria (ISIS)', 'rank': 3}, {'name': 'Organization', 'value': 'Sinai Province of the Islamic State', 'rank': 4}]",Foreign,,,2015-07-19 02:23:46+00:00,World,"The affiliate, which calls itself Sinai Province, said that it carried out an attack on military checkpoints in North Sinai that killed five members of the government’s forces.",The New York Times,Middle East,News,nyt://article/e707afc8-283d-5ee0-94fd-1e305d5aa08d,https://www.nytimes.com/2015/07/19/world/middleeast/egyptian-affiliate-of-islamic-state-claims-attack-on-checkpoints.html,227,By Reuters,Egyptian Affiliate of Islamic State Claims Attack on Checkpoints,,Egyptian Affiliate of Islamic State Claims Attack on Checkpoints,,,,0,0,,0,0,Egyptian Affiliate of Islamic State Claims Attack on Checkpoints,"Egyptian Affiliate of Islamic State Claims Attack on Checkpoints The affiliate, which calls itself Sinai Province, said that it carried out an attack on military checkpoints in North Sinai that killed five members of the government’s forces. The affiliate, which calls itself Sinai Province, said that it carried out an attack on military checkpoints in North Sinai that killed five members of the government’s forces."
"The group Sinai Province said it had destroyed an Egyptian ship, killing everyone on board, in the latest sign of a growing assertiveness by Egypt’s militant groups.",article,nyt://article/54a4cff6-4c7c-585b-ba3b-9ccf1fb45de5,"[{'name': 'Organization', 'value': 'Sinai Province of the Islamic State', 'rank': 1}, {'name': 'Person', 'value': 'Fahim, Kareem', 'rank': 2}, {'name': 'Location', 'value': 'Egypt', 'rank': 3}, {'name': 'Organization', 'value': 'Islamic State in Iraq and Syria (ISIS)', 'rank': 4}, {'name': 'Subject', 'value': 'Defense and Military Forces', 'rank': 5}, {'name': 'Subject', 'value': 'Terrorism', 'rank': 6}]",Foreign,4.0,A,2015-07-16 16:13:12+00:00,World,"The group Sinai Province said it had destroyed an Egyptian ship, killing everyone on board, in the latest sign of a growing assertiveness by Egypt’s militant groups.",The New York Times,Middle East,News,nyt://article/54a4cff6-4c7c-585b-ba3b-9ccf1fb45de5,https://www.nytimes.com/2015/07/17/world/africa/isis-affiliate-sinai-province-claims-ship-attack.html,731,By Kareem Fahim,Egypt ISIS Affiliate Claims Destruction of Naval Vessel,,Egypt ISIS Affiliate Claims Destruction of Naval Vessel,An Egyptian naval vessel burned off the coast of the northern Sinai Peninsula on Thursday. A militant group and the military gave conflicting accounts of an attack.,Hatem Khaled/European Pressphoto Agency,https://static01.nyt.com/images/2015/07/17/world/EGYPT/EGYPT-articleLarge.jpg,401,600,https://static01.nyt.com/images/2015/07/17/world/EGYPT/EGYPT-thumbStandard.jpg,75,75,Egypt ISIS Affiliate Claims Destruction of Naval Vessel,"Egypt ISIS Affiliate Claims Destruction of Naval Vessel The group Sinai Province said it had destroyed an Egyptian ship, killing everyone on board, in the latest sign of a growing assertiveness by Egypt’s militant groups. The group Sinai Province said it had destroyed an Egyptian ship, killing everyone on board, in the latest sign of a growing assertiveness by Egypt’s militant groups."
The police are asking whether government officials leaked records said to show hundreds of millions of dollars in transfers to the prime minister and his wife.,article,nyt://article/537ea261-d4c9-5942-b138-101457a36752,"[{'name': 'Person', 'value': 'Fuller, Thomas (Per)', 'rank': 1}, {'name': 'Location', 'value': 'Malaysia', 'rank': 2}, {'name': 'Person', 'value': 'Najib Razak', 'rank': 3}, {'name': 'Subject', 'value': 'Embezzlement', 'rank': 4}, {'name': 'Subject', 'value': 'Sovereign Wealth Funds', 'rank': 5}, {'name': 'Organization', 'value': 'Bank Negara', 'rank': 6}, {'name': 'Organization', 'value': '1Malaysia Development Berhad (1MDB)', 'rank': 7}, {'name': 'Subject', 'value': 'Banking and Financial Institutions', 'rank': 8}, {'name': 'Organization', 'value': 'United Malays National Organization', 'rank': 9}, {'name': 'Person', 'value': 'Mohamad, Mahathir', 'rank': 10}, {'name': 'Person', 'value': 'Khalid Abu Bakar', 'rank': 11}]",Foreign,6.0,A,2015-07-13 12:06:46+00:00,World,The police are asking whether government officials leaked records said to show hundreds of millions of dollars in transfers to the prime minister and his wife.,The New York Times,Asia Pacific,News,nyt://article/537ea261-d4c9-5942-b138-101457a36752,https://www.nytimes.com/2015/07/14/world/asia/malaysia-investigates-leaks-claiming-to-show-transfers-to-najib-razak.html,622,By Thomas Fuller,Malaysia Investigates Leaks Claiming to Show Transfers to Najib Razak,,Malaysia Investigating If Officials Leaked Files,Prime Minister Najib Razak of Malaysia.,Manan Vatsyayana/Agence France-Presse — Getty Images,https://static01.nyt.com/images/2015/07/14/world/14Malaysia-web/14Malaysia-web-articleLarge.jpg,809,600,https://static01.nyt.com/images/2015/07/14/world/14Malaysia-web/14Malaysia-web-thumbStandard.jpg,75,75,Malaysia Investigates Leaks Claiming to Show Transfers to Najib Razak,Malaysia Investigates Leaks Claiming to Show Transfers to Najib Razak The police are asking whether government officials leaked records said to show hundreds of millions of dollars in transfers to the prime minister and his wife. The police are asking whether government officials leaked records said to show hundreds of millions of dollars in transfers to the prime minister and his wife.
"The attack, which killed one person, was the first major bombing of a diplomatic mission in Egypt since the start of an insurgency nearly two years ago.",article,nyt://article/71a70545-f890-504e-ba08-4e4a6d31b846,"[{'name': 'Location', 'value': 'Egypt', 'rank': 1}, {'name': 'Person', 'value': 'Fahim, Kareem', 'rank': 2}, {'name': 'Subject', 'value': 'Diplomatic Service, Embassies and Consulates', 'rank': 3}, {'name': 'Subject', 'value': 'Bombs and Explosives', 'rank': 4}, {'name': 'Organization', 'value': 'Islamic State in Iraq and Syria (ISIS)', 'rank': 5}, {'name': 'Location', 'value': 'Italy', 'rank': 6}, {'name': 'Location', 'value': 'Cairo (Egypt)', 'rank': 7}, {'name': 'Subject', 'value': 'Terrorism', 'rank': 8}, {'name': 'Person', 'value': 'Sisi, Abdel Fattah el-', 'rank': 9}]",Foreign,4.0,A,2015-07-11 08:00:40+00:00,World,"The attack, which killed one person, was the first major bombing of a diplomatic mission in Egypt since the start of an insurgency nearly two years ago.",The New York Times,Middle East,News,nyt://article/71a70545-f890-504e-ba08-4e4a6d31b846,https://www.nytimes.com/2015/07/12/world/middleeast/egypt-bombing-at-italian-consulate-in-cairo.html,499,By Kareem Fahim,ISIS Claims Responsibility for Blast at Italian Consulate in Cairo,,Bomb Outside Italy’s Mission Shakes Cairo and Kills One,Security officials inspected the site of an explosion outside the Italian Consulate on Saturday. It was the first bombing of a foreign diplomatic mission since an insurgency began two years ago.,Mohamed Abd El Ghany/Reuters,https://static01.nyt.com/images/2015/07/12/world/CAIRO/CAIRO-articleLarge.jpg,398,600,https://static01.nyt.com/images/2015/07/12/world/CAIRO/CAIRO-thumbStandard.jpg,75,75,ISIS Claims Responsibility for Blast at Italian Consulate in Cairo,"ISIS Claims Responsibility for Blast at Italian Consulate in Cairo The attack, which killed one person, was the first major bombing of a diplomatic mission in Egypt since the start of an insurgency nearly two years ago. The attack, which killed one person, was the first major bombing of a diplomatic mission in Egypt since the start of an insurgency nearly two years ago."
"At one Athens bank Wednesday, people waited hours to get just a portion of their July pension money. Many wondered how they would pay bills.",article,nyt://article/d7c7af54-d60c-521b-95b6-458261d28723,"[{'name': 'Location', 'value': 'Greece', 'rank': 1}, {'name': 'Person', 'value': 'Hartocollis, Anemona', 'rank': 2}, {'name': 'Subject', 'value': 'Pensions and Retirement Plans', 'rank': 3}, {'name': 'Organization', 'value': 'European Union', 'rank': 4}, {'name': 'Subject', 'value': 'Retirement', 'rank': 5}, {'name': 'Subject', 'value': 'European Sovereign Debt Crisis (2010- )', 'rank': 6}, {'name': 'Subject', 'value': 'Banking and Financial Institutions', 'rank': 7}]",Foreign,10.0,A,2015-07-01 17:27:33+00:00,World,"At one Athens bank Wednesday, people waited hours to get just a portion of their July pension money. Many wondered how they would pay bills.",The New York Times,Europe,News,nyt://article/d7c7af54-d60c-521b-95b6-458261d28723,https://www.nytimes.com/2015/07/02/world/europe/amid-greek-debt-crisis-pensioners-line-up-for-cash.html,1079,By Anemona Hartocollis,Worried Greek Retirees Line Up to Claim Just a Part of Pensions,,Worried Retirees Line Up to Claim Just a Part of Pensions ,People waited to receive part of their pensions in Athens on Wednesday.,Eirini Vourloumis for The New York Times,https://static01.nyt.com/images/2015/07/02/world/greecedebtca1/greecedebtca1-articleLarge.jpg,400,600,https://static01.nyt.com/images/2015/07/02/world/greecedebtca1/greecedebtca1-thumbStandard.jpg,75,75,Worried Greek Retirees Line Up to Claim Just a Part of Pensions,"Worried Greek Retirees Line Up to Claim Just a Part of Pensions At one Athens bank Wednesday, people waited hours to get just a portion of their July pension money. Many wondered how they would pay bills. At one Athens bank Wednesday, people waited hours to get just a portion of their July pension money. Many wondered how they would pay bills."
"At least two people were killed in the Somali capital when militants detonated a vehicle loaded with explosives and engaged in a firefight, witnesses and officials said.",article,nyt://article/b47a75fd-633c-5ce7-a538-4ef2ea7848b5,"[{'name': 'Location', 'value': 'Somalia', 'rank': 1}, {'name': 'Person', 'value': 'Ibrahim, Mohammed', 'rank': 2}, {'name': 'Location', 'value': 'Mogadishu (Somalia)', 'rank': 3}, {'name': 'Subject', 'value': 'Bombs and Explosives', 'rank': 4}, {'name': 'Location', 'value': 'United Arab Emirates', 'rank': 5}, {'name': 'Organization', 'value': 'Shabab', 'rank': 6}, {'name': 'Subject', 'value': 'Terrorism', 'rank': 7}, {'name': 'Subject', 'value': 'Deaths (Fatalities)', 'rank': 8}]",Foreign,11.0,A,2015-06-24 14:24:50+00:00,World,"At least two people were killed in the Somali capital when militants detonated a vehicle loaded with explosives and engaged in a firefight, witnesses and officials said.",The New York Times,Africa,News,nyt://article/b47a75fd-633c-5ce7-a538-4ef2ea7848b5,https://www.nytimes.com/2015/06/25/world/africa/shabab-claim-responsibility-for-deadly-car-bomb-in-mogadishu.html,226,By Mohamed Ibrahim,Shabab Claim Responsibility for Deadly Car Bomb in Mogadishu,,World Briefing | Africa; Somalia: Militants Set Off Car Bomb,"Carrying the body of a car bomb victim in Mogadishu, Somalia, on Wednesday.",Feisal Omar/Reuters,https://static01.nyt.com/images/2015/06/25/world/25Somalia-web/25Somalia-web-articleLarge.jpg,393,600,https://static01.nyt.com/images/2015/06/25/world/25Somalia-web/25Somalia-web-thumbStandard.jpg,75,75,Shabab Claim Responsibility for Deadly Car Bomb in Mogadishu,"Shabab Claim Responsibility for Deadly Car Bomb in Mogadishu At least two people were killed in the Somali capital when militants detonated a vehicle loaded with explosives and engaged in a firefight, witnesses and officials said. At least two people were killed in the Somali capital when militants detonated a vehicle loaded with explosives and engaged in a firefight, witnesses and officials said."
The governing Conservative Party removed Don Meredith from its caucus after a newspaper reported that he had had an extramarital affair with a teenage girl.,article,nyt://article/b015ca7d-d916-5165-9ac4-1b3bebfc25e4,"[{'name': 'Location', 'value': 'Canada', 'rank': 1}, {'name': 'Person', 'value': 'Austen, Ian', 'rank': 2}, {'name': 'Person', 'value': 'Meredith, Don', 'rank': 3}, {'name': 'Subject', 'value': 'Adultery', 'rank': 4}, {'name': 'Subject', 'value': 'Teenagers and Adolescence', 'rank': 5}, {'name': 'Subject', 'value': 'Child Abuse and Neglect', 'rank': 6}, {'name': 'Organization', 'value': 'Conservative Party (Canada)', 'rank': 7}]",Foreign,9.0,A,2015-06-18 18:30:11+00:00,World,The governing Conservative Party removed Don Meredith from its caucus after a newspaper reported that he had had an extramarital affair with a teenage girl.,The New York Times,Americas,News,nyt://article/b015ca7d-d916-5165-9ac4-1b3bebfc25e4,https://www.nytimes.com/2015/06/19/world/americas/canadian-senator-expelled-from-partys-caucus-over-claims-of-affair-with-teenager.html,174,By Ian Austen,Canadian Senator Expelled From Party’s Caucus Over Claims of Affair With Teenager,World Briefing,The Americas; Canada: Conservatives Expel a Senator,,,,0,0,,0,0,Canadian Senator Expelled From Party’s Caucus Over Claims of Affair With Teenager,Canadian Senator Expelled From Party’s Caucus Over Claims of Affair With Teenager The governing Conservative Party removed Don Meredith from its caucus after a newspaper reported that he had had an extramarital affair with a teenage girl. The governing Conservative Party removed Don Meredith from its caucus after a newspaper reported that he had had an extramarital affair with a teenage girl.
"The bombs, which ripped through mosques in the capital Sana during prayer times, were another attempt to inflame tensions during cease-fire negotiations in Geneva.",article,nyt://article/8d57628e-ed6e-5d0c-a458-e6a376ebba94,"[{'name': 'Person', 'value': 'Almosawa, Shuaib', 'rank': 1}, {'name': 'Location', 'value': 'Yemen', 'rank': 2}, {'name': '', 'value': '', 'rank': 3}, {'name': 'Organization', 'value': 'Islamic State in Iraq and Syria (ISIS)', 'rank': 4}, {'name': 'Organization', 'value': 'Houthis', 'rank': 5}, {'name': 'Subject', 'value': 'Terrorism', 'rank': 6}, {'name': 'Subject', 'value': 'Civilian Casualties', 'rank': 7}, {'name': 'Subject', 'value': 'Mosques', 'rank': 8}, {'name': 'Organization', 'value': 'United Nations', 'rank': 9}, {'name': 'Person', 'value': 'Hadi, Abdu Rabbu Mansour', 'rank': 10}, {'name': 'Location', 'value': 'Sana (Yemen)', 'rank': 11}]",Foreign,7.0,A,2015-06-17 23:41:22+00:00,World,"The bombs, which ripped through mosques in the capital Sana during prayer times, were another attempt to inflame tensions during cease-fire negotiations in Geneva.",The New York Times,Middle East,News,nyt://article/8d57628e-ed6e-5d0c-a458-e6a376ebba94,https://www.nytimes.com/2015/06/18/world/middleeast/isis-claims-responsibility-for-deadly-bombings-in-yemen.html,495,By Shuaib Almosawa and Saeed Al-Batati,ISIS Claims Responsibility for Deadly Bombings in Yemen,,ISIS Claims Responsibility for Deadly Bombings in Yemen,,,,0,0,,0,0,ISIS Claims Responsibility for Deadly Bombings in Yemen,"ISIS Claims Responsibility for Deadly Bombings in Yemen The bombs, which ripped through mosques in the capital Sana during prayer times, were another attempt to inflame tensions during cease-fire negotiations in Geneva. The bombs, which ripped through mosques in the capital Sana during prayer times, were another attempt to inflame tensions during cease-fire negotiations in Geneva."
News from the Organization for the Prohibition of Chemical Weapons and testimony at a House hearing on chlorine bomb use presented contradictory pictures.,article,nyt://article/d286f9cb-e874-56a4-a70d-e8ff492c4342,"[{'name': 'Person', 'value': 'Gladstone, Rick', 'rank': 1}, {'name': 'Location', 'value': 'Syria', 'rank': 2}, {'name': 'Subject', 'value': 'Biological and Chemical Warfare', 'rank': 3}, {'name': 'Organization', 'value': 'Organization for the Prohibition of Chemical Weapons', 'rank': 4}]",Foreign,8.0,A,2015-06-17 21:10:09+00:00,World,News from the Organization for the Prohibition of Chemical Weapons and testimony at a House hearing on chlorine bomb use presented contradictory pictures.,The New York Times,Middle East,News,nyt://article/d286f9cb-e874-56a4-a70d-e8ff492c4342,https://www.nytimes.com/2015/06/18/world/middleeast/claims-of-syrian-chlorine-bombs-counter-news-of-progress-on-chemical-arms.html,624,By Rick Gladstone,Claims of Syrian Chlorine Bombs Counter News of Progress on Chemical Arms,,Reports of Chlorine Bombs Mar Progress in Syria Arms ,,,,0,0,,0,0,Claims of Syrian Chlorine Bombs Counter News of Progress on Chemical Arms,Claims of Syrian Chlorine Bombs Counter News of Progress on Chemical Arms News from the Organization for the Prohibition of Chemical Weapons and testimony at a House hearing on chlorine bomb use presented contradictory pictures. News from the Organization for the Prohibition of Chemical Weapons and testimony at a House hearing on chlorine bomb use presented contradictory pictures.
"The investigation over allegations of eavesdropping by the N.S.A. was ended because of a lack of concrete evidence, a federal prosecutor said.",article,nyt://article/fa6d8677-03c9-5152-9c17-2c988ffcbd92,"[{'name': 'Location', 'value': 'Germany', 'rank': 1}, {'name': 'Person', 'value': 'Eddy, Melissa', 'rank': 2}, {'name': 'Person', 'value': 'Merkel, Angela', 'rank': 3}, {'name': 'Organization', 'value': 'National Security Agency', 'rank': 4}, {'name': 'Subject', 'value': 'Wiretapping and Other Eavesdropping Devices and Methods', 'rank': 5}, {'name': 'Subject', 'value': 'Espionage and Intelligence Services', 'rank': 6}, {'name': 'Organization', 'value': 'Der Spiegel', 'rank': 7}, {'name': 'Subject', 'value': 'Surveillance of Citizens by Government', 'rank': 8}]",Foreign,4.0,A,2015-06-12 10:11:29+00:00,World,"The investigation over allegations of eavesdropping by the N.S.A. was ended because of a lack of concrete evidence, a federal prosecutor said.",The New York Times,Europe,News,nyt://article/fa6d8677-03c9-5152-9c17-2c988ffcbd92,https://www.nytimes.com/2015/06/13/world/europe/germany-drops-inquiry-us-tapped-angela-merkel-phone.html,610,By Melissa Eddy,Germany Drops Inquiry Into Claims U.S. Tapped Angela Merkel’s Phone,,Germany Drops Inquiry Into N.S.A.,Chancellor Angela Merkel of Germany in 2013.,Fabrizio Bensch/Reuters,https://static01.nyt.com/images/2015/06/13/world/13Germany-web/13Germany-web-articleLarge.jpg,400,600,https://static01.nyt.com/images/2015/06/13/world/13Germany-web/13Germany-web-thumbStandard.jpg,75,75,Germany Drops Inquiry Into Claims U.S. Tapped Angela Merkel’s Phone,"Germany Drops Inquiry Into Claims U.S. Tapped Angela Merkel’s Phone The investigation over allegations of eavesdropping by the N.S.A. was ended because of a lack of concrete evidence, a federal prosecutor said. The investigation over allegations of eavesdropping by the N.S.A. was ended because of a lack of concrete evidence, a federal prosecutor said."
"The bombings late Thursday night took place inside the parking lots within the tight security bubbles of two luxury hotels, killing 14 people.",article,nyt://article/bc292d8f-ae9d-5ef2-8f8b-2c0e771fcf21,"[{'name': 'Location', 'value': 'Iraq', 'rank': 1}, {'name': 'Person', 'value': 'Arango, Tim', 'rank': 2}, {'name': 'Organization', 'value': 'Islamic State in Iraq and Syria (ISIS)', 'rank': 3}, {'name': 'Subject', 'value': 'Bombs and Explosives', 'rank': 4}, {'name': 'Subject', 'value': 'Terrorism', 'rank': 5}, {'name': 'Location', 'value': 'Baghdad (Iraq)', 'rank': 6}]",Foreign,9.0,A,2015-05-29 18:41:39+00:00,World,"The bombings late Thursday night took place inside the parking lots within the tight security bubbles of two luxury hotels, killing 14 people.",The New York Times,Middle East,News,nyt://article/bc292d8f-ae9d-5ef2-8f8b-2c0e771fcf21,https://www.nytimes.com/2015/05/30/world/middleeast/isis-claims-deadly-car-bombings-at-baghdad-hotels.html,234,By Tim Arango,ISIS Claims Deadly Car Bombings at Baghdad Hotels,,World Briefing | Middle East; Iraq: 14 Are Killed in Hotel Bombings,,,,0,0,,0,0,ISIS Claims Deadly Car Bombings at Baghdad Hotels,"ISIS Claims Deadly Car Bombings at Baghdad Hotels The bombings late Thursday night took place inside the parking lots within the tight security bubbles of two luxury hotels, killing 14 people. The bombings late Thursday night took place inside the parking lots within the tight security bubbles of two luxury hotels, killing 14 people."
"The government of Bashar al-Assad said troops and civilians left safely, while insurgents claimed to have killed or captured some in completing their takeover of the town of Jisr al-Shoughour.",article,nyt://article/8b94f05e-d206-54dc-8ffe-a581e92ec4af,"[{'name': 'Person', 'value': 'Barnard, Anne', 'rank': 1}, {'name': 'Location', 'value': 'Syria', 'rank': 2}, {'name': 'Person', 'value': 'Assad, Bashar al-', 'rank': 3}, {'name': 'Organization', 'value': 'Al Nusra Front', 'rank': 4}, {'name': 'Subject', 'value': 'Terrorism', 'rank': 5}, {'name': 'Subject', 'value': 'Civilian Casualties', 'rank': 6}, {'name': 'Organization', 'value': 'Islamic State in Iraq and Syria (ISIS)', 'rank': 7}, {'name': 'Organization', 'value': 'Al Qaeda', 'rank': 8}, {'name': 'Location', 'value': 'Jisr al-Shoughour (Syria)', 'rank': 9}]",Foreign,3.0,A,2015-05-23 01:08:17+00:00,World,"The government of Bashar al-Assad said troops and civilians left safely, while insurgents claimed to have killed or captured some in completing their takeover of the town of Jisr al-Shoughour.",The New York Times,Middle East,News,nyt://article/8b94f05e-d206-54dc-8ffe-a581e92ec4af,https://www.nytimes.com/2015/05/23/world/middleeast/two-sides-claim-victory-as-syrian-troops-flee-hospital.html,880,By Anne Barnard,Two Sides Claim Victory as Syrian Troops Flee Hospital,,Two Sides Claim Victory as Syrian Troops Flee Hospital,"Nusra Front fighters on Friday walked amid debris from a hospital in Jisr-al-Shoughour, Syria, caused by what activists said was shelling from warplanes loyal to President Bashar al-Assad.",Ammar Abdullah/Reuters,https://static01.nyt.com/images/2015/05/23/world/ALT-SYRIA/ALT-SYRIA-articleLarge.jpg,400,600,https://static01.nyt.com/images/2015/05/23/world/ALT-SYRIA/ALT-SYRIA-thumbStandard.jpg,75,75,Two Sides Claim Victory as Syrian Troops Flee Hospital,"Two Sides Claim Victory as Syrian Troops Flee Hospital The government of Bashar al-Assad said troops and civilians left safely, while insurgents claimed to have killed or captured some in completing their takeover of the town of Jisr al-Shoughour. The government of Bashar al-Assad said troops and civilians left safely, while insurgents claimed to have killed or captured some in completing their takeover of the town of Jisr al-Shoughour."
"The attack on Shiites during midday Friday Prayer left at least 21 people dead, and some Saudis on social media rushed to blame Iran.",article,nyt://article/45cc5180-755c-5aee-a7c0-49f5b898fb39,"[{'name': 'Location', 'value': 'Saudi Arabia', 'rank': 1}, {'name': 'Person', 'value': 'Kirkpatrick, David D', 'rank': 2}, {'name': 'Organization', 'value': 'Islamic State in Iraq and Syria (ISIS)', 'rank': 3}, {'name': 'Location', 'value': 'Yemen', 'rank': 4}, {'name': 'Subject', 'value': 'Bombs and Explosives', 'rank': 5}, {'name': 'Subject', 'value': 'Mosques', 'rank': 6}, {'name': 'Subject', 'value': 'Terrorism', 'rank': 7}, {'name': 'Subject', 'value': 'Shiite Muslims', 'rank': 8}, {'name': 'Subject', 'value': 'Sunni Muslims', 'rank': 9}]",Foreign,4.0,A,2015-05-22 13:31:06+00:00,World,"The attack on Shiites during midday Friday Prayer left at least 21 people dead, and some Saudis on social media rushed to blame Iran.",The New York Times,Middle East,News,nyt://article/45cc5180-755c-5aee-a7c0-49f5b898fb39,https://www.nytimes.com/2015/05/23/world/middleeast/suicide-bombing-saudi-arabia-shiites-sunnis-yemen-mosque.html,961,By David D. Kirkpatrick,ISIS Claims Responsibility for Bombing at Saudi Mosque,,Islamic State Says It Was Behind Suicide Bombing at Saudi Mosque That Killed 21 ,"The wreckage of a mosque after a suicide bombing in Al Qudaih, Saudi Arabia. The attack on Shiites took place during midday Friday Prayer.",Agence France-Presse — Getty Images,https://static01.nyt.com/images/2015/05/23/world/BOMBING/BOMBING-articleLarge.jpg,400,600,https://static01.nyt.com/images/2015/05/23/world/BOMBING/BOMBING-thumbStandard.jpg,75,75,ISIS Claims Responsibility for Bombing at Saudi Mosque,"ISIS Claims Responsibility for Bombing at Saudi Mosque The attack on Shiites during midday Friday Prayer left at least 21 people dead, and some Saudis on social media rushed to blame Iran. The attack on Shiites during midday Friday Prayer left at least 21 people dead, and some Saudis on social media rushed to blame Iran."
"Pyongyang said it already has nuclear weapons compact enough to be carried by missiles, but an American commander cast doubt on the North’s other recent claims.",article,nyt://article/b89e3ab2-69d1-54aa-977c-1326ea339efd,"[{'name': 'Person', 'value': 'Choe Sang-Hun', 'rank': 1}, {'name': 'Location', 'value': 'North Korea', 'rank': 2}, {'name': 'Subject', 'value': 'Nuclear Weapons', 'rank': 3}, {'name': 'Subject', 'value': 'Missiles and Missile Defense Systems', 'rank': 4}, {'name': 'Organization', 'value': 'North American Aerospace Defense Command', 'rank': 5}, {'name': 'Person', 'value': 'Winnefeld, James A Jr', 'rank': 6}]",Foreign,8.0,A,2015-05-20 14:53:13+00:00,World,"Pyongyang said it already has nuclear weapons compact enough to be carried by missiles, but an American commander cast doubt on the North’s other recent claims.",The New York Times,Asia Pacific,News,nyt://article/b89e3ab2-69d1-54aa-977c-1326ea339efd,https://www.nytimes.com/2015/05/21/world/asia/north-korea-claims-it-has-built-small-nuclear-warheads.html,526,By Choe Sang-Hun,North Korea Claims It Has Built Small Nuclear Warheads,,World Briefing | Asia; North Korea: Missile Test Is Questioned,,,,0,0,,0,0,North Korea Claims It Has Built Small Nuclear Warheads,"North Korea Claims It Has Built Small Nuclear Warheads Pyongyang said it already has nuclear weapons compact enough to be carried by missiles, but an American commander cast doubt on the North’s other recent claims. Pyongyang said it already has nuclear weapons compact enough to be carried by missiles, but an American commander cast doubt on the North’s other recent claims."
"Thousands have filed claims with the country’s newly formed Truth and Dignity Commission, which is scheduled to begin public hearings in June.",article,nyt://article/d5f92a1d-9ba2-56db-a187-60184068186a,"[{'name': 'Location', 'value': 'Tunisia', 'rank': 1}, {'name': 'Person', 'value': 'Gall, Carlotta', 'rank': 2}, {'name': 'Subject', 'value': 'Torture', 'rank': 3}, {'name': 'Subject', 'value': 'Human Rights and Human Rights Violations', 'rank': 4}, {'name': 'Organization', 'value': 'Truth and Dignity Commission (Tunisia)', 'rank': 5}, {'name': 'Subject', 'value': 'Political Prisoners', 'rank': 6}]",Foreign,4.0,A,2015-05-20 00:29:26+00:00,World,"Thousands have filed claims with the country’s newly formed Truth and Dignity Commission, which is scheduled to begin public hearings in June.",The New York Times,Africa,News,nyt://article/d5f92a1d-9ba2-56db-a187-60184068186a,https://www.nytimes.com/2015/05/20/world/africa/torture-claims-in-tunisia-await-truth-commission.html,1399,By Carlotta Gall,Torture Claims in Tunisia Await Truth Commission,,Tunisia Shines a Light on Past Abuses,Members of Tunisia's Truth and Dignity Commission met with people in the town of Kebili last week to urge victims of abuse to make public complaints.,Mauricio Lima for The New York Times,https://static01.nyt.com/images/2015/05/20/world/20TUNISIA/20TUNISIA-articleLarge-v2.jpg,400,600,https://static01.nyt.com/images/2015/05/20/world/20TUNISIA/20TUNISIA-thumbStandard-v2.jpg,75,75,Torture Claims in Tunisia Await Truth Commission,"Torture Claims in Tunisia Await Truth Commission Thousands have filed claims with the country’s newly formed Truth and Dignity Commission, which is scheduled to begin public hearings in June. Thousands have filed claims with the country’s newly formed Truth and Dignity Commission, which is scheduled to begin public hearings in June."
"Top diplomat, meeting with Secretary of State John Kerry, says its focus on island-building in the South China Sea is unshaken by rising tensions.",article,nyt://article/5c3c60c2-8fcd-5ca4-873a-bfb15a4b35f0,"[{'name': 'Person', 'value': 'Jacobs, Andrew', 'rank': 1}, {'name': 'Location', 'value': 'China', 'rank': 2}, {'name': 'Location', 'value': 'South China Sea', 'rank': 3}, {'name': 'Subject', 'value': 'Reefs', 'rank': 4}, {'name': 'Person', 'value': 'Wang Yi', 'rank': 5}, {'name': 'Person', 'value': 'Kerry, John', 'rank': 6}, {'name': 'Organization', 'value': 'State Department', 'rank': 7}, {'name': 'Subject', 'value': 'United States International Relations', 'rank': 8}, {'name': 'Location', 'value': 'Beijing (China)', 'rank': 9}]",Foreign,9.0,A,2015-05-16 16:39:21+00:00,World,"Top diplomat, meeting with Secretary of State John Kerry, says its focus on island-building in the South China Sea is unshaken by rising tensions.",The New York Times,Asia Pacific,News,nyt://article/5c3c60c2-8fcd-5ca4-873a-bfb15a4b35f0,https://www.nytimes.com/2015/05/17/world/asia/china-stands-by-its-claims-over-reefs.html,560,By Andrew Jacobs,China Stands by Its Claims Over South China Sea Reefs,,China Stands by Its Claims Over Reefs,"Secretary of State John Kerry met with the Chinese foreign minister, Wang Yi, in Beijing on Saturday.",Kim Kyung-Hoon/Reuters,https://static01.nyt.com/images/2015/05/17/world/DIPLO/DIPLO-articleLarge.jpg,397,600,https://static01.nyt.com/images/2015/05/17/world/DIPLO/DIPLO-thumbStandard.jpg,75,75,China Stands by Its Claims Over South China Sea Reefs,"China Stands by Its Claims Over South China Sea Reefs Top diplomat, meeting with Secretary of State John Kerry, says its focus on island-building in the South China Sea is unshaken by rising tensions. Top diplomat, meeting with Secretary of State John Kerry, says its focus on island-building in the South China Sea is unshaken by rising tensions."
"Secretary of State John Kerry will tell Beijing that its island-building campaign threatens relations with the United States, State Department officials said.",article,nyt://article/d45845ce-b011-524e-901b-ec3770f02c02,"[{'name': 'Location', 'value': 'China', 'rank': 1}, {'name': 'Person', 'value': 'Jacobs, Andrew', 'rank': 2}, {'name': 'Person', 'value': 'Kerry, John', 'rank': 3}, {'name': 'Location', 'value': 'South China Sea', 'rank': 4}, {'name': 'Subject', 'value': 'Reclamation of Land', 'rank': 5}, {'name': 'Location', 'value': 'Spratly Islands', 'rank': 6}]",Foreign,8.0,A,2015-05-15 13:32:54+00:00,World,"Secretary of State John Kerry will tell Beijing that its island-building campaign threatens relations with the United States, State Department officials said.",The New York Times,Asia Pacific,News,nyt://article/d45845ce-b011-524e-901b-ec3770f02c02,https://www.nytimes.com/2015/05/16/world/asia/kerry-china-south-sea-dispute.html,654,By Andrew Jacobs,Kerry Expected to Bring Up China’s Sea Claims During Visit,,Kerry Is Expected to Confront China Over Its Sea Claims During a Weekend Visit ,,,,0,0,,0,0,Kerry Expected to Bring Up China’s Sea Claims During Visit,"Kerry Expected to Bring Up China’s Sea Claims During Visit Secretary of State John Kerry will tell Beijing that its island-building campaign threatens relations with the United States, State Department officials said. Secretary of State John Kerry will tell Beijing that its island-building campaign threatens relations with the United States, State Department officials said."
"Ananta Bijoy Dash, who wrote about secularism and science, was hacked to death near his home in Sylhet. Islamist extremists claimed responsibility.",article,nyt://article/0ebc55af-a2c4-5dcf-8bbf-b03f06be319d,"[{'name': 'Location', 'value': 'Bangladesh', 'rank': 1}, {'name': 'Person', 'value': 'Roy, Avijit (1972-2015)', 'rank': 2}, {'name': 'Organization', 'value': 'International PEN', 'rank': 3}, {'name': 'Subject', 'value': 'Blogs and Blogging (Internet)', 'rank': 4}, {'name': 'Subject', 'value': 'Freedom of the Press', 'rank': 5}, {'name': 'Subject', 'value': 'Social Media', 'rank': 6}, {'name': 'Location', 'value': 'Sweden', 'rank': 7}]",Foreign,,,2015-05-13 22:58:23+00:00,World,"Ananta Bijoy Dash, who wrote about secularism and science, was hacked to death near his home in Sylhet. Islamist extremists claimed responsibility.",The New York Times,Asia Pacific,News,nyt://article/0ebc55af-a2c4-5dcf-8bbf-b03f06be319d,https://www.nytimes.com/2015/05/14/world/asia/fearing-bangladeshi-blogger-might-claim-asylum-sweden-blocked-visit-that-could-have-saved-his-life.html,348,By Robert Mackey,"Fearing Bangladeshi Blogger Might Claim Asylum, Sweden Blocked Visit That Could Have Saved His Life",Open Source,"Fearing Bangladeshi Blogger Might Claim Asylum, Sweden Blocked Visit That Could Have Saved His Life",,,,0,0,,0,0,"Fearing Bangladeshi Blogger Might Claim Asylum, Sweden Blocked Visit That Could Have Saved His Life","Fearing Bangladeshi Blogger Might Claim Asylum, Sweden Blocked Visit That Could Have Saved His Life Ananta Bijoy Dash, who wrote about secularism and science, was hacked to death near his home in Sylhet. Islamist extremists claimed responsibility. Ananta Bijoy Dash, who wrote about secularism and science, was hacked to death near his home in Sylhet. Islamist extremists claimed responsibility."
The army general announced Wednesday on a private radio station that the military had ousted the leader amid protests in Burundi.,article,nyt://article/0a62ec53-7809-5af2-99f4-b9170687a940,"[{'name': 'Location', 'value': 'Burundi', 'rank': 1}, {'name': 'Person', 'value': ""Kushkush, Isma'il"", 'rank': 2}, {'name': 'Subject', 'value': ""Coups D'Etat and Attempted Coups D'Etat"", 'rank': 3}, {'name': 'Person', 'value': 'Nkurunziza, Pierre', 'rank': 4}, {'name': 'Person', 'value': 'Niyombare, Godefroid', 'rank': 5}]",Foreign,7.0,A,2015-05-13 12:50:45+00:00,World,The army general announced Wednesday on a private radio station that the military had ousted the leader amid protests in Burundi.,The New York Times,Africa,News,nyt://article/0a62ec53-7809-5af2-99f4-b9170687a940,https://www.nytimes.com/2015/05/14/world/africa/general-claims-to-oust-president-of-burundi.html,414,By Isma’il Kushkush,Burundi General Claims to Oust President Pierre Nkurunziza,,"President Has Been Removed From Power, General Says",,Gildas Ngingo/Associated Press,https://static01.nyt.com/images/2015/05/13/multimedia/burundi-protests/burundi-protests-articleLarge.jpg,369,600,https://static01.nyt.com/images/2015/05/13/multimedia/burundi-protests/burundi-protests-thumbStandard.jpg,75,75,Burundi General Claims to Oust President Pierre Nkurunziza,Burundi General Claims to Oust President Pierre Nkurunziza The army general announced Wednesday on a private radio station that the military had ousted the leader amid protests in Burundi. The army general announced Wednesday on a private radio station that the military had ousted the leader amid protests in Burundi.
French judges will formally investigate allegations that French troops sexually abused children during peacekeeping operations in the Central African Republic.,article,nyt://article/7ca2d2eb-d2a8-573d-889c-1e48e290c35e,"[{'name': 'Person', 'value': 'Breeden, Aurelien', 'rank': 1}, {'name': 'Location', 'value': 'France', 'rank': 2}, {'name': 'Location', 'value': 'Central African Republic', 'rank': 3}, {'name': 'Subject', 'value': 'Child Abuse and Neglect', 'rank': 4}, {'name': 'Subject', 'value': 'Sex Crimes', 'rank': 5}, {'name': 'Subject', 'value': 'Defense and Military Forces', 'rank': 6}, {'name': 'Subject', 'value': 'International Relations', 'rank': 7}, {'name': 'Organization', 'value': 'United Nations', 'rank': 8}]",Foreign,12.0,A,2015-05-08 01:25:28+00:00,World,French judges will formally investigate allegations that French troops sexually abused children during peacekeeping operations in the Central African Republic.,The New York Times,Europe,Brief,nyt://article/7ca2d2eb-d2a8-573d-889c-1e48e290c35e,https://www.nytimes.com/2015/05/08/world/europe/france-claims-of-abuse-by-troops-prompt-an-inquiry.html,147,By Aurelien Breeden,France: Claims of Abuse by Troops Prompt an Inquiry,World Briefing,Europe; France: Formal Inquiry Into Claims Against Troops,,,,0,0,,0,0,France: Claims of Abuse by Troops Prompt an Inquiry,France: Claims of Abuse by Troops Prompt an Inquiry French judges will formally investigate allegations that French troops sexually abused children during peacekeeping operations in the Central African Republic. French judges will formally investigate allegations that French troops sexually abused children during peacekeeping operations in the Central African Republic.
Michael J. Morell says there is “no evidence” to support the charge that “there was a conspiracy between C.I.A. and the White House to spin the Benghazi story.”,article,nyt://article/cc298c76-d562-52fb-b9b0-8bf4439e719e,"[{'name': 'Person', 'value': 'Morell, Michael J', 'rank': 1}, {'name': 'Person', 'value': 'Sanger, David E', 'rank': 2}, {'name': 'Organization', 'value': 'Central Intelligence Agency', 'rank': 3}, {'name': 'Location', 'value': 'Libya', 'rank': 4}, {'name': 'Subject', 'value': 'Books and Literature', 'rank': 5}, {'name': 'Person', 'value': 'Clinton, Hillary Rodham', 'rank': 6}, {'name': 'Subject', 'value': 'Diplomatic Service, Embassies and Consulates', 'rank': 7}, {'name': 'Subject', 'value': 'United States Politics and Government', 'rank': 8}, {'name': 'Subject', 'value': 'Benghazi Attack (2012)', 'rank': 9}, {'name': 'Subject', 'value': 'United States International Relations', 'rank': 10}, {'name': 'Location', 'value': 'Benghazi (Libya)', 'rank': 11}, {'name': 'Organization', 'value': 'Republican Party', 'rank': 12}, {'name': 'Subject', 'value': 'Surveillance of Citizens by Government', 'rank': 13}, {'name': 'Organization', 'value': 'National Security Agency', 'rank': 14}, {'name': 'Person', 'value': 'Petraeus, David H', 'rank': 15}, {'name': 'Title', 'value': ""The Great War of Our Time: An Insider's Account of the CIA's Fight Against Al Qa'ida (Book)"", 'rank': 16}]",Foreign,8.0,A,2015-05-04 00:15:08+00:00,World,Michael J. Morell says there is “no evidence” to support the charge that “there was a conspiracy between C.I.A. and the White House to spin the Benghazi story.”,The New York Times,Middle East,News,nyt://article/cc298c76-d562-52fb-b9b0-8bf4439e719e,https://www.nytimes.com/2015/05/04/world/middleeast/ex-cia-official-rebuts-republican-claims-on-benghazi-attack-in-the-great-war-of-our-time.html,1322,By David E. Sanger,Ex-C.I.A. Official Rebuts Republican Claims on Benghazi Attack in ‘The Great War of Our Time’,,"In Book, Ex-C.I.A. Official Rebuts Republican Claims on Benghazi Attack ",Michael J. Morell,Mark Wilson/Getty Images,,0,0,https://static01.nyt.com/images/2015/05/04/world/INTEL/INTEL-thumbStandard.jpg,75,75,Ex-C.I.A. Official Rebuts Republican Claims on Benghazi Attack in ‘The Great War of Our Time’,Ex-C.I.A. Official Rebuts Republican Claims on Benghazi Attack in ‘The Great War of Our Time’ Michael J. Morell says there is “no evidence” to support the charge that “there was a conspiracy between C.I.A. and the White House to spin the Benghazi story.” Michael J. Morell says there is “no evidence” to support the charge that “there was a conspiracy between C.I.A. and the White House to spin the Benghazi story.”
"In a video on Saturday, the leader of the branch said followers were responsible for the killing of several “blasphemers,” including Avijit Roy.",article,nyt://article/6d41aad8-8d4d-5c20-9251-da224495e753,"[{'name': 'Person', 'value': 'Roy, Avijit (1972-2015)', 'rank': 1}, {'name': 'Organization', 'value': 'Al Qaeda', 'rank': 2}, {'name': 'Subject', 'value': 'Murders, Attempted Murders and Homicides', 'rank': 3}, {'name': 'Subject', 'value': 'Terrorism', 'rank': 4}, {'name': 'Location', 'value': 'Dhaka (Bangladesh)', 'rank': 5}, {'name': 'Location', 'value': 'Bangladesh', 'rank': 6}]",Foreign,4.0,A,2015-05-03 20:03:48+00:00,World,"In a video on Saturday, the leader of the branch said followers were responsible for the killing of several “blasphemers,” including Avijit Roy.",The New York Times,Asia Pacific,News,nyt://article/6d41aad8-8d4d-5c20-9251-da224495e753,https://www.nytimes.com/2015/05/04/world/asia/bangladesh-al-qaeda-indian-subcontinent-attack-on-bloggers.html,500,By Ellen Barry,Al Qaeda Branch Claims Responsibility for Bangladeshi Blogger’s Killing,,Qaeda Branch in South Asia Claims Role in Killings,,,,0,0,,0,0,Al Qaeda Branch Claims Responsibility for Bangladeshi Blogger’s Killing,"Al Qaeda Branch Claims Responsibility for Bangladeshi Blogger’s Killing In a video on Saturday, the leader of the branch said followers were responsible for the killing of several “blasphemers,” including Avijit Roy. In a video on Saturday, the leader of the branch said followers were responsible for the killing of several “blasphemers,” including Avijit Roy."
"Lee Wan-koo, the second prime minister to step down under President Park Geun-hye, denied that he had received the money, but calls mounted for his resignation.",article,nyt://article/2d26f120-d307-54a3-af37-b42e7e3a3173,"[{'name': 'Location', 'value': 'South Korea', 'rank': 1}, {'name': 'Person', 'value': 'Choe Sang-Hun', 'rank': 2}, {'name': 'Person', 'value': 'Lee Wan-koo', 'rank': 3}, {'name': 'Person', 'value': 'Park Geun-hye', 'rank': 4}, {'name': 'Subject', 'value': 'Bribery and Kickbacks', 'rank': 5}, {'name': 'Subject', 'value': 'Gifts to Public Officials', 'rank': 6}, {'name': 'Location', 'value': 'Seoul (South Korea)', 'rank': 7}, {'name': 'Subject', 'value': 'Appointments and Executive Changes', 'rank': 8}]",Foreign,8.0,A,2015-04-27 13:10:51+00:00,World,"Lee Wan-koo, the second prime minister to step down under President Park Geun-hye, denied that he had received the money, but calls mounted for his resignation.",The New York Times,Asia Pacific,News,nyt://article/2d26f120-d307-54a3-af37-b42e7e3a3173,https://www.nytimes.com/2015/04/28/world/asia/prime-minister-lee-wan-koo-of-south-korea-resigns.html,344,By Choe Sang-Hun,South Korea’s Premier Resigns After Claims He Took an Illegal Cash Gift,,South Korea’s Premier Resigns in Scandal,"Prime Minister Lee Wan-koo of South Korea during his departure ceremony on Monday in the capital, Seoul.",Kim Hong-Ji/Reuters,https://static01.nyt.com/images/2015/04/28/world/28Korea-web/28Korea-web-articleLarge.jpg,401,600,https://static01.nyt.com/images/2015/04/28/world/28Korea-web/28Korea-web-thumbStandard.jpg,75,75,South Korea’s Premier Resigns After Claims He Took an Illegal Cash Gift,"South Korea’s Premier Resigns After Claims He Took an Illegal Cash Gift Lee Wan-koo, the second prime minister to step down under President Park Geun-hye, denied that he had received the money, but calls mounted for his resignation. Lee Wan-koo, the second prime minister to step down under President Park Geun-hye, denied that he had received the money, but calls mounted for his resignation."
"Day laborers became casualties in a decades-old war over the red sandalwood, an endangered tree often targeted by smugglers.",article,nyt://article/4aa418ed-59d4-537a-b40a-1454d6339223,"[{'name': 'Person', 'value': 'Kumar, Hari', 'rank': 1}, {'name': 'Subject', 'value': 'Logging Industry', 'rank': 2}, {'name': 'Person', 'value': 'Barry, Ellen', 'rank': 3}, {'name': 'Location', 'value': 'India', 'rank': 4}, {'name': 'Subject', 'value': 'Smuggling', 'rank': 5}, {'name': 'Subject', 'value': 'Murders, Attempted Murders and Homicides', 'rank': 6}, {'name': 'Subject', 'value': 'Police Brutality, Misconduct and Shootings', 'rank': 7}, {'name': 'Subject', 'value': 'Forests and Forestry', 'rank': 8}, {'name': 'Organization', 'value': 'National Human Rights Commission (India)', 'rank': 9}, {'name': 'Location', 'value': 'China', 'rank': 10}, {'name': 'Location', 'value': 'Japan', 'rank': 11}]",Foreign,4.0,A,2015-04-13 22:40:57+00:00,World,"Day laborers became casualties in a decades-old war over the red sandalwood, an endangered tree often targeted by smugglers.",The New York Times,Asia Pacific,News,nyt://article/4aa418ed-59d4-537a-b40a-1454d6339223,https://www.nytimes.com/2015/04/14/world/asia/witnesses-to-indian-loggers-killing-dispute-police-claims-of-self-defense.html,870,By Hari Kumar and Ellen Barry,Witnesses to Indian Loggers’ Killing Dispute Police Claims of Self-Defense,,Witnesses to Indian Loggers’ Killing Dispute Police Claims of Self-Defense,,,,0,0,,0,0,Witnesses to Indian Loggers’ Killing Dispute Police Claims of Self-Defense,"Witnesses to Indian Loggers’ Killing Dispute Police Claims of Self-Defense Day laborers became casualties in a decades-old war over the red sandalwood, an endangered tree often targeted by smugglers. Day laborers became casualties in a decades-old war over the red sandalwood, an endangered tree often targeted by smugglers."
"Bob Graham, the Democratic former chairman of the Senate Intelligence Committee, has recently submitted affidavits in two court cases seeking to link Saudi Arabia to the attacks.",article,nyt://article/5ba2f47c-3e01-5cec-a46b-863ac4cd89a7,"[{'name': 'Person', 'value': 'Hulse, Carl', 'rank': 1}, {'name': 'Person', 'value': 'Graham, Bob (1936- )', 'rank': 2}, {'name': 'Subject', 'value': 'September 11 (2001)', 'rank': 3}, {'name': 'Location', 'value': 'Saudi Arabia', 'rank': 4}, {'name': 'Subject', 'value': 'Classified Information and State Secrets', 'rank': 5}, {'name': 'Organization', 'value': 'Senate Committee on Intelligence', 'rank': 6}, {'name': 'Subject', 'value': 'Terrorism', 'rank': 7}, {'name': 'Subject', 'value': 'Hijacking', 'rank': 8}, {'name': 'Person', 'value': 'Moussaoui, Zacarias', 'rank': 9}, {'name': 'Organization', 'value': 'Federal Bureau of Investigation', 'rank': 10}]",Foreign,7.0,A,2015-04-13 16:24:27+00:00,World,"Bob Graham, the Democratic former chairman of the Senate Intelligence Committee, has recently submitted affidavits in two court cases seeking to link Saudi Arabia to the attacks.",The New York Times,Middle East,News,nyt://article/5ba2f47c-3e01-5cec-a46b-863ac4cd89a7,https://www.nytimes.com/2015/04/14/world/middleeast/florida-ex-senator-pursues-claims-of-saudi-ties-to-sept-11-attacks.html,1226,By Carl Hulse,Florida Ex-Senator Pursues Claims of Saudi Ties to Sept. 11 Attacks,,Pursuing Suspicions of Saudi Ties to Sept. 11 Attacks,"“I think the American people deserve to know the truth of what has happened in their name,” said former Senator Bob Graham of Florida.",Benjamin Rusnak for The New York Times,https://static01.nyt.com/images/2015/04/14/us/14GRAHAMWEB/14GRAHAMWEB-articleLarge.jpg,400,600,https://static01.nyt.com/images/2015/04/14/us/14GRAHAMWEB/14GRAHAMWEB-thumbStandard.jpg,75,75,Florida Ex-Senator Pursues Claims of Saudi Ties to Sept. 11 Attacks,"Florida Ex-Senator Pursues Claims of Saudi Ties to Sept. 11 Attacks Bob Graham, the Democratic former chairman of the Senate Intelligence Committee, has recently submitted affidavits in two court cases seeking to link Saudi Arabia to the attacks. Bob Graham, the Democratic former chairman of the Senate Intelligence Committee, has recently submitted affidavits in two court cases seeking to link Saudi Arabia to the attacks."
"Separatists claimed responsibility for an attack on construction workers in Baluchistan Province, which has simmered with an insurgency for decades.",article,nyt://article/4cf912ab-ab5c-5471-8cc1-fe444f618560,"[{'name': 'Location', 'value': 'Pakistan', 'rank': 1}, {'name': 'Person', 'value': 'Masood, Salman', 'rank': 2}, {'name': 'Location', 'value': 'Baluchistan (Pakistan)', 'rank': 3}, {'name': 'Subject', 'value': 'Baluch (Ethnic Group)', 'rank': 4}]",Foreign,13.0,A,2015-04-11 08:54:32+00:00,World,"Separatists claimed responsibility for an attack on construction workers in Baluchistan Province, which has simmered with an insurgency for decades.",The New York Times,Asia Pacific,News,nyt://article/4cf912ab-ab5c-5471-8cc1-fe444f618560,https://www.nytimes.com/2015/04/12/world/asia/gunmen-kill-20-workers-in-pakistan.html,528,By Salman Masood,Separatists Claim Attack That Killed 20 in Pakistan,,Separatists Claim Attack That Killed 20 in Pakistan,"A Pakistani government photograph, showing officials carrying the body of a victim of an attack in Baluchistan on Saturday.",Pid/Agence France-Presse — Getty Images,https://static01.nyt.com/images/2015/04/12/world/PAKISTAN/PAKISTAN-articleLarge.jpg,367,600,https://static01.nyt.com/images/2015/04/12/world/PAKISTAN/PAKISTAN-thumbStandard.jpg,75,75,Separatists Claim Attack That Killed 20 in Pakistan,"Separatists Claim Attack That Killed 20 in Pakistan Separatists claimed responsibility for an attack on construction workers in Baluchistan Province, which has simmered with an insurgency for decades. Separatists claimed responsibility for an attack on construction workers in Baluchistan Province, which has simmered with an insurgency for decades."
"Aryeh Shimron, a geologist based in Jerusalem, believes he has established a common bond between two Christian relics: the James burial box and the Talpiot Tomb.",article,nyt://article/f8e0e339-4a99-5ad7-83cb-668934730194,"[{'name': 'Person', 'value': 'Kershner, Isabel', 'rank': 1}, {'name': 'Subject', 'value': 'Tombs and Tombstones', 'rank': 2}, {'name': 'Location', 'value': 'Jerusalem (Israel)', 'rank': 3}, {'name': 'Person', 'value': 'Jesus Christ', 'rank': 4}, {'name': 'Subject', 'value': 'Archaeology', 'rank': 5}, {'name': 'Person', 'value': 'Shimron, Aryeh', 'rank': 6}, {'name': 'Location', 'value': 'Israel', 'rank': 7}, {'name': 'Person', 'value': 'Jacobovici, Simcha', 'rank': 8}]",Foreign,4.0,A,2015-04-04 20:26:20+00:00,World,"Aryeh Shimron, a geologist based in Jerusalem, believes he has established a common bond between two Christian relics: the James burial box and the Talpiot Tomb.",The New York Times,Middle East,News,nyt://article/f8e0e339-4a99-5ad7-83cb-668934730194,https://www.nytimes.com/2015/04/05/world/middleeast/findings-reignite-debate-on-claim-of-jesus-bones.html,1361,By Isabel Kershner,Findings Reignite Debate on Claim of Jesus’ Bones,,Findings Reignite Debate on Claim of Jesus’ Bones,"Aryeh Shimron, a geologist based in Jerusalem, said the soil found on two sets of ancient burial boxes was a geochemical match.",Rina Castelnuovo for The New York Times,https://static01.nyt.com/images/2015/04/05/world/ISRAEL1/ISRAEL1-articleLarge-v2.jpg,400,600,https://static01.nyt.com/images/2015/04/05/world/ISRAEL1/ISRAEL1-thumbStandard-v3.jpg,75,75,Findings Reignite Debate on Claim of Jesus’ Bones,"Findings Reignite Debate on Claim of Jesus’ Bones Aryeh Shimron, a geologist based in Jerusalem, believes he has established a common bond between two Christian relics: the James burial box and the Talpiot Tomb. Aryeh Shimron, a geologist based in Jerusalem, believes he has established a common bond between two Christian relics: the James burial box and the Talpiot Tomb."
Ou Shaokun’s supporters question whether the charges of soliciting a prostitute represent a reprisal by officials angered by his investigations.,article,nyt://article/f21bcb1a-7364-525b-9dbe-f8859f97b780,"[{'name': 'Person', 'value': 'Ou Shaokun', 'rank': 1}, {'name': 'Subject', 'value': 'Automobiles', 'rank': 2}, {'name': 'Subject', 'value': 'Corruption (Institutional)', 'rank': 3}, {'name': 'Subject', 'value': 'Police', 'rank': 4}, {'name': 'Subject', 'value': 'Prostitution', 'rank': 5}, {'name': 'Person', 'value': 'Ou Shaokun', 'rank': 6}, {'name': 'Organization', 'value': 'Central Commission for Discipline Inspection (Communist Party of China)', 'rank': 7}, {'name': 'Location', 'value': 'Changsha (China)', 'rank': 8}, {'name': 'Location', 'value': 'China', 'rank': 9}, {'name': 'Location', 'value': 'Guangzhou (China)', 'rank': 10}, {'name': 'Location', 'value': 'Hunan Province (China)', 'rank': 11}]",Foreign,,,2015-04-01 09:42:21+00:00,World,Ou Shaokun’s supporters question whether the charges of soliciting a prostitute represent a reprisal by officials angered by his investigations.,The New York Times,Asia Pacific,News,nyt://article/f21bcb1a-7364-525b-9dbe-f8859f97b780,https://sinosphere.blogs.nytimes.com/2015/04/01/ou-shaokun-china-arrest/,886,By Patrick Boehler and Jess Macy Yu,Claims of Retaliation in Detention of Chinese Anticorruption Campaigner,Sinosphere,,Ou Shaokun offering a toast to villagers in the partly demolished village of Xian in Guangzhou in 2013.,David Bandurski,https://static01.nyt.com/images/2015/03/31/world/31sino-ou/31sino-ou-articleLarge.jpg,336,600,https://static01.nyt.com/images/2015/03/31/world/31sino-ou/31sino-ou-thumbStandard.jpg,75,75,Claims of Retaliation in Detention of Chinese Anticorruption Campaigner,Claims of Retaliation in Detention of Chinese Anticorruption Campaigner Ou Shaokun’s supporters question whether the charges of soliciting a prostitute represent a reprisal by officials angered by his investigations. Ou Shaokun’s supporters question whether the charges of soliciting a prostitute represent a reprisal by officials angered by his investigations.
"The announcement, made in an audio recording that was posted Monday to YouTube, is the clearest claim of responsibility of the fatal museum attack by members of the Islamic State group.",article,nyt://article/79036b2e-b774-56cc-a383-a925bb0da2b4,"[{'name': 'Person', 'value': 'Gall, Carlotta', 'rank': 1}, {'name': 'Location', 'value': 'Tunisia', 'rank': 2}, {'name': 'Subject', 'value': 'Terrorism', 'rank': 3}, {'name': 'Organization', 'value': 'Jund al-Khilafah', 'rank': 4}, {'name': 'Organization', 'value': 'Islamic State in Iraq and Syria (ISIS)', 'rank': 5}, {'name': 'Subject', 'value': 'Muslims and Islam', 'rank': 6}, {'name': 'Subject', 'value': 'Museums', 'rank': 7}, {'name': 'Subject', 'value': 'Murders, Attempted Murders and Homicides', 'rank': 8}, {'name': 'Organization', 'value': 'Al Qaeda in the Islamic Maghreb', 'rank': 9}, {'name': 'Person', 'value': 'Essebsi, Beji Caid', 'rank': 10}, {'name': 'Person', 'value': 'Essid, Habib', 'rank': 11}, {'name': 'Location', 'value': 'Algeria', 'rank': 12}, {'name': 'Person', 'value': 'Baghdadi, Abu Bakr al-', 'rank': 13}, {'name': 'Organization', 'value': 'National Bardo Museum (Tunis, Tunisia)', 'rank': 14}]",Foreign,8.0,A,2015-03-31 23:31:58+00:00,World,"The announcement, made in an audio recording that was posted Monday to YouTube, is the clearest claim of responsibility of the fatal museum attack by members of the Islamic State group.",The New York Times,Africa,News,nyt://article/79036b2e-b774-56cc-a383-a925bb0da2b4,https://www.nytimes.com/2015/04/01/world/africa/group-linked-to-islamic-state-claims-responsibility-for-tunisia-attack.html,579,By Carlotta Gall,Group Linked to Islamic State Claims Responsibility for Tunisia Attack,,Group Linked to Islamic State Claims Responsibility for Tunisia Attack,,,,0,0,,0,0,Group Linked to Islamic State Claims Responsibility for Tunisia Attack,"Group Linked to Islamic State Claims Responsibility for Tunisia Attack The announcement, made in an audio recording that was posted Monday to YouTube, is the clearest claim of responsibility of the fatal museum attack by members of the Islamic State group. The announcement, made in an audio recording that was posted Monday to YouTube, is the clearest claim of responsibility of the fatal museum attack by members of the Islamic State group."
"Prime Minister Haider al-Abadi said government forces had reached the center of Tikrit, which some took to mean a declaration of victory. But Islamic State forces still hold parts of the city.",article,nyt://article/0a8f361a-6e06-506a-9e67-a8f06f29c15f,"[{'name': 'Location', 'value': 'Tikrit (Iraq)', 'rank': 1}, {'name': 'Person', 'value': 'Nordland, Rod', 'rank': 2}, {'name': 'Person', 'value': 'Abadi, Haider al-', 'rank': 3}, {'name': 'Organization', 'value': 'Islamic State in Iraq and Syria (ISIS)', 'rank': 4}, {'name': 'Location', 'value': 'Iraq', 'rank': 5}, {'name': 'Organization', 'value': 'Iraqiya', 'rank': 6}]",Foreign,8.0,A,2015-03-31 19:11:42+00:00,World,"Prime Minister Haider al-Abadi said government forces had reached the center of Tikrit, which some took to mean a declaration of victory. But Islamic State forces still hold parts of the city.",The New York Times,Middle East,News,nyt://article/0a8f361a-6e06-506a-9e67-a8f06f29c15f,https://www.nytimes.com/2015/04/01/world/middleeast/iraq-tikrit-isis.html,680,By Rod Nordland,Iraqi Claims That ‘Tikrit Has Fallen’ Is Disputed,,Shades of Meaning in Iraqi Claims That ‘Tikrit Has Fallen’,Iraqi security forces and allied Shiite militiamen prepared on Tuesday to attack the Islamic State in the contested city of Tikrit.,Khalid Mohammed/Associated Press,https://static01.nyt.com/images/2015/04/01/world/01IRAQ-14/01IRAQ-1427845293072-articleLarge.jpg,400,600,https://static01.nyt.com/images/2015/04/01/world/01IRAQ-14/01IRAQ-14-thumbStandard-v2.jpg,75,75,Iraqi Claims That ‘Tikrit Has Fallen’ Is Disputed,"Iraqi Claims That ‘Tikrit Has Fallen’ Is Disputed Prime Minister Haider al-Abadi said government forces had reached the center of Tikrit, which some took to mean a declaration of victory. But Islamic State forces still hold parts of the city. Prime Minister Haider al-Abadi said government forces had reached the center of Tikrit, which some took to mean a declaration of victory. But Islamic State forces still hold parts of the city."
"North Korea said on Friday that it had arrested two South Korean men on espionage charges for collecting military and other secrets on the isolated country, including data regarding its top leadership.",article,nyt://article/8036cf54-e13e-5c70-8f86-517b33367f6f,"[{'name': 'Location', 'value': 'North Korea', 'rank': 1}, {'name': 'Person', 'value': 'Choe Sang-Hun', 'rank': 2}, {'name': 'Location', 'value': 'South Korea', 'rank': 3}, {'name': 'Organization', 'value': 'Korean Central News Agency', 'rank': 4}, {'name': 'Organization', 'value': 'National Intelligence Service (South Korea)', 'rank': 5}, {'name': 'Subject', 'value': 'False Arrests, Convictions and Imprisonments', 'rank': 6}]",Foreign,9.0,A,2015-03-27 04:16:17+00:00,World,"North Korea said on Friday that it had arrested two South Korean men on espionage charges for collecting military and other secrets on the isolated country, including data regarding its top leadership.",The New York Times,Asia Pacific,News,nyt://article/8036cf54-e13e-5c70-8f86-517b33367f6f,https://www.nytimes.com/2015/03/27/world/asia/north-korea-claims-to-have-arrested-two-spies-from-south.html,500,By Choe Sang-Hun,North Korea Claims to Have Arrested Two Spies From South,,World Briefing | Asia; South Korea: Two Men Are Arrested in North Korea on Spying Charges,,,,0,0,,0,0,North Korea Claims to Have Arrested Two Spies From South,"North Korea Claims to Have Arrested Two Spies From South North Korea said on Friday that it had arrested two South Korean men on espionage charges for collecting military and other secrets on the isolated country, including data regarding its top leadership. North Korea said on Friday that it had arrested two South Korean men on espionage charges for collecting military and other secrets on the isolated country, including data regarding its top leadership."
"The eagerness of the Islamic State and other jihadists to associate themselves with the attack, which killed at least 21 people, underscored the looseness of their proliferating networks.",article,nyt://article/41e42217-21bc-5c05-939c-472ae24e9d74,"[{'name': 'Location', 'value': 'Tunisia', 'rank': 1}, {'name': 'Person', 'value': 'Kirkpatrick, David D', 'rank': 2}, {'name': 'Organization', 'value': 'Islamic State in Iraq and Syria (ISIS)', 'rank': 3}, {'name': 'Subject', 'value': 'Terrorism', 'rank': 4}, {'name': 'Organization', 'value': 'National Bardo Museum (Tunis, Tunisia)', 'rank': 5}, {'name': 'Location', 'value': 'Tunis (Tunisia)', 'rank': 6}, {'name': 'Person', 'value': 'Khachnaoui, Hatem', 'rank': 7}, {'name': 'Person', 'value': 'Abidi, Yassine', 'rank': 8}]",Foreign,6.0,A,2015-03-19 09:48:27+00:00,World,"The eagerness of the Islamic State and other jihadists to associate themselves with the attack, which killed at least 21 people, underscored the looseness of their proliferating networks.",The New York Times,Africa,News,nyt://article/41e42217-21bc-5c05-939c-472ae24e9d74,https://www.nytimes.com/2015/03/20/world/africa/miltants-isis-included-claim-tunisia-museum-attack.html,1494,By David D. Kirkpatrick,"Militants, ISIS Included, Claim Tunisia Museum Attack",,"Militants, ISIS Included, Claim Attack in Tunisia","Demonstrators in Tunis on Thursday, a day after gunmen attacked the National Bardo Museum. The Islamic State and another terror group claimed responsibility.",Christophe Ena/Associated Press,https://static01.nyt.com/images/2015/03/20/world/20Tunisia1-Alt/20Tunisia1-Alt-articleLarge.jpg,400,600,https://static01.nyt.com/images/2015/03/20/world/20Tunisia1-Alt/20Tunisia1-Alt-thumbStandard.jpg,75,75,"Militants, ISIS Included, Claim Tunisia Museum Attack","Militants, ISIS Included, Claim Tunisia Museum Attack The eagerness of the Islamic State and other jihadists to associate themselves with the attack, which killed at least 21 people, underscored the looseness of their proliferating networks. The eagerness of the Islamic State and other jihadists to associate themselves with the attack, which killed at least 21 people, underscored the looseness of their proliferating networks."
The Syrian state news media reported Tuesday that the country’s air defense systems had shot down an American surveillance plane near the northwestern city of Latakia.,article,nyt://article/8e5565b1-cb55-5006-a700-4ed4738ec17b,"[{'name': 'Person', 'value': 'Hubbard, Ben', 'rank': 1}, {'name': 'Location', 'value': 'Syria', 'rank': 2}, {'name': 'Subject', 'value': 'Drones (Pilotless Planes)', 'rank': 3}, {'name': 'Subject', 'value': 'Military Aircraft', 'rank': 4}, {'name': 'Organization', 'value': 'Islamic State in Iraq and Syria (ISIS)', 'rank': 5}, {'name': 'Location', 'value': 'United States', 'rank': 6}]",Foreign,6.0,A,2015-03-18 03:44:11+00:00,World,The Syrian state news media reported Tuesday that the country’s air defense systems had shot down an American surveillance plane near the northwestern city of Latakia.,The New York Times,Middle East,Brief,nyt://article/8e5565b1-cb55-5006-a700-4ed4738ec17b,https://www.nytimes.com/2015/03/18/world/middleeast/syria-reports-claim-downing-of-a-us-surveillance-drone.html,120,By Ben Hubbard,Syria: Reports Claim Downing of a U.S. Surveillance Drone,World Briefing,Middle East; Syria: Reports Claim Downing of a U.S. Surveillance Drone,,,,0,0,,0,0,Syria: Reports Claim Downing of a U.S. Surveillance Drone,Syria: Reports Claim Downing of a U.S. Surveillance Drone The Syrian state news media reported Tuesday that the country’s air defense systems had shot down an American surveillance plane near the northwestern city of Latakia. The Syrian state news media reported Tuesday that the country’s air defense systems had shot down an American surveillance plane near the northwestern city of Latakia.
Militants identifying themselves as the Sinai Province of the Islamic State said Monday that they had captured the engine of an American-made M60 tank from the Egyptian military in an ambush.,article,nyt://article/632b8857-f315-5c6c-bf09-aa64e65d137a,"[{'name': 'Person', 'value': 'Kirkpatrick, David D', 'rank': 1}, {'name': 'Organization', 'value': 'Islamic State in Iraq and Syria (ISIS)', 'rank': 2}, {'name': 'Location', 'value': 'Egypt', 'rank': 3}, {'name': 'Organization', 'value': 'Sinai Province of the Islamic State', 'rank': 4}, {'name': 'Subject', 'value': 'Defense and Military Forces', 'rank': 5}, {'name': 'Subject', 'value': 'Terrorism', 'rank': 6}, {'name': 'Organization', 'value': 'Ansar Beit al-Maqdis', 'rank': 7}, {'name': 'Location', 'value': 'Sinai Peninsula (Egypt)', 'rank': 8}, {'name': 'Organization', 'value': 'Twitter', 'rank': 9}, {'name': 'Person', 'value': 'Sisi, Abdel Fattah el-', 'rank': 10}]",Foreign,6.0,A,2015-03-17 00:06:37+00:00,World,Militants identifying themselves as the Sinai Province of the Islamic State said Monday that they had captured the engine of an American-made M60 tank from the Egyptian military in an ambush.,The New York Times,Middle East,Brief,nyt://article/632b8857-f315-5c6c-bf09-aa64e65d137a,https://www.nytimes.com/2015/03/17/world/middleeast/egypt-militants-claim-ambush.html,130,By David D. Kirkpatrick,Egypt: Militants Claim Ambush,World Briefing,Middle East; Egypt: Militants Claim Ambush,,,,0,0,,0,0,Egypt: Militants Claim Ambush,Egypt: Militants Claim Ambush Militants identifying themselves as the Sinai Province of the Islamic State said Monday that they had captured the engine of an American-made M60 tank from the Egyptian military in an ambush. Militants identifying themselves as the Sinai Province of the Islamic State said Monday that they had captured the engine of an American-made M60 tank from the Egyptian military in an ambush.
"A major step for the Iraqi government in fighting ISIS came with Shiite militias and Iranian military officials in a leading role, which has American officials worried.",article,nyt://article/3950715f-668e-52f6-9656-b1d6da56ba28,"[{'name': 'Person', 'value': 'Barnard, Anne', 'rank': 1}, {'name': 'Location', 'value': 'Iraq', 'rank': 2}, {'name': 'Location', 'value': 'Tikrit (Iraq)', 'rank': 3}, {'name': 'Organization', 'value': 'Islamic State in Iraq and Syria (ISIS)', 'rank': 4}, {'name': 'Location', 'value': 'Iran', 'rank': 5}, {'name': 'Person', 'value': 'Maliki, Nuri Kamal al-', 'rank': 6}, {'name': 'Person', 'value': 'Abadi, Haider al-', 'rank': 7}]",Foreign,1.0,A,2015-03-12 11:41:06+00:00,World,"A major step for the Iraqi government in fighting ISIS came with Shiite militias and Iranian military officials in a leading role, which has American officials worried.",The New York Times,Middle East,News,nyt://article/3950715f-668e-52f6-9656-b1d6da56ba28,https://www.nytimes.com/2015/03/13/world/middleeast/tikrit-isis-iraq.html,1264,By Anne Barnard,A Balancing Act as Iraq Claims Gains in Tikrit,,A Balancing Act as Iraq Claims Gains in Tikrit,"Shiite fighters near a suicide bomb attack Thursday on the southern edge of Tikrit, site of an offensive by Iraqi government forces.",Thaier Al-Sudani/Reuters,https://static01.nyt.com/images/2015/03/13/world/13Iraq/13Iraq-articleLarge.jpg,400,600,https://static01.nyt.com/images/2015/03/13/world/13Iraq/13Iraq-thumbStandard.jpg,75,75,A Balancing Act as Iraq Claims Gains in Tikrit,"A Balancing Act as Iraq Claims Gains in Tikrit A major step for the Iraqi government in fighting ISIS came with Shiite militias and Iranian military officials in a leading role, which has American officials worried. A major step for the Iraqi government in fighting ISIS came with Shiite militias and Iranian military officials in a leading role, which has American officials worried."
Remarks by President Vladimir V. Putin of Russia contradict his claims that he awaited referendum results before moving to reclaim Crimea from Ukraine last year.,article,nyt://article/5e579690-5847-550c-a373-7cbc26d57bbd,"[{'name': 'Person', 'value': 'MacFarquhar, Neil', 'rank': 1}, {'name': 'Person', 'value': 'Putin, Vladimir V', 'rank': 2}, {'name': 'Location', 'value': 'Crimea (Ukraine)', 'rank': 3}, {'name': 'Location', 'value': 'Russia', 'rank': 4}, {'name': 'Location', 'value': 'Ukraine', 'rank': 5}, {'name': 'Subject', 'value': 'Movies', 'rank': 6}, {'name': 'Subject', 'value': 'Referendums', 'rank': 7}, {'name': 'Title', 'value': 'Homeward Bound (Movie)', 'rank': 8}]",Foreign,7.0,A,2015-03-09 17:48:46+00:00,World,Remarks by President Vladimir V. Putin of Russia contradict his claims that he awaited referendum results before moving to reclaim Crimea from Ukraine last year.,The New York Times,Europe,News,nyt://article/5e579690-5847-550c-a373-7cbc26d57bbd,https://www.nytimes.com/2015/03/10/world/europe/putin-contrary-to-earlier-assertions-suggests-planning-to-seize-crimea-started-in-early-2014.html,704,By Neil MacFarquhar,Putin Contradicts Claims on Annexation of Crimea,,Putin Contradicts Claims on Annexation of Crimea,Unidentified soldiers overran Crimea in early March 2014. President Vladimir V. Putin later admitted the troops were Russian special forces.,Sergey Ponomarev for The New York Times,https://static01.nyt.com/images/2015/03/10/world/10Putin/10Putin-articleLarge.jpg,400,600,https://static01.nyt.com/images/2015/03/10/world/10Putin/10Putin-thumbStandard.jpg,75,75,Putin Contradicts Claims on Annexation of Crimea,Putin Contradicts Claims on Annexation of Crimea Remarks by President Vladimir V. Putin of Russia contradict his claims that he awaited referendum results before moving to reclaim Crimea from Ukraine last year. Remarks by President Vladimir V. Putin of Russia contradict his claims that he awaited referendum results before moving to reclaim Crimea from Ukraine last year.
The dead at a hotel in Mogadishu were said to include several government officials and lawmakers.,article,nyt://article/5ec4af29-87de-5868-9bdb-532101c046b5,"[{'name': 'Organization', 'value': 'Shabab', 'rank': 1}, {'name': 'Location', 'value': 'Mogadishu (Somalia)', 'rank': 2}, {'name': 'Subject', 'value': 'Terrorism', 'rank': 3}]",Foreign,,,2015-02-20 16:49:54+00:00,World,The dead at a hotel in Mogadishu were said to include several government officials and lawmakers.,The New York Times,Africa,News,nyt://article/5ec4af29-87de-5868-9bdb-532101c046b5,https://www.nytimes.com/2015/02/21/world/africa/shabab-claims-responsibility-for-mogadishu-hotel-bombing.html,269,By Mohamed Ibrahim,"Bombing in Somalia Capital Kills at Least 10 People, and the Shabab Claims Responsibility",,,"Rescuers outside the Central Hotel in Mogadishu, Somalia, on Friday. Militants detonated a bomb near the entrance and then attacked politicians meeting inside, killing at least 10 people, including a lawmaker. The radical group Shabab took responsibility.",Feisal Omar/Reuters,https://static01.nyt.com/images/2015/02/21/world/africa/SOMALIA-FLOATER/SOMALIA-FLOATER-articleLarge.jpg,376,600,https://static01.nyt.com/images/2015/02/21/world/africa/SOMALIA-FLOATER/SOMALIA-FLOATER-thumbStandard.jpg,75,75,"Bombing in Somalia Capital Kills at Least 10 People, and the Shabab Claims Responsibility","Bombing in Somalia Capital Kills at Least 10 People, and the Shabab Claims Responsibility The dead at a hotel in Mogadishu were said to include several government officials and lawmakers. The dead at a hotel in Mogadishu were said to include several government officials and lawmakers."
"The American and British intelligence agencies were said to have stolen the encryption codes to chips manufactured by Gemalto, the world’s biggest manufacturer of SIM cards.",article,nyt://article/dc351858-040c-5207-87ea-f4a5e9230701,"[{'name': 'Organization', 'value': 'Gemalto NV', 'rank': 1}, {'name': 'Subject', 'value': 'Surveillance of Citizens by Government', 'rank': 2}, {'name': 'Organization', 'value': 'National Security Agency', 'rank': 3}, {'name': 'Organization', 'value': 'Government Communications Headquarters (Great Britain)', 'rank': 4}, {'name': 'Person', 'value': 'Snowden, Edward J', 'rank': 5}, {'name': 'Location', 'value': 'Amsterdam (Netherlands)', 'rank': 6}, {'name': 'Location', 'value': 'Great Britain', 'rank': 7}, {'name': 'Location', 'value': 'United States', 'rank': 8}]",Foreign,,,2015-02-20 14:03:29+00:00,World,"The American and British intelligence agencies were said to have stolen the encryption codes to chips manufactured by Gemalto, the world’s biggest manufacturer of SIM cards.",The New York Times,Europe,News,nyt://article/dc351858-040c-5207-87ea-f4a5e9230701,https://www.nytimes.com/2015/02/21/world/europe/chip-maker-to-investigate-claims-of-hacking-by-nsa-and-british-spy-agencies.html,402,By Mark Scott,Chip Maker to Investigate Claims of Hacking by N.S.A. and British Spy Agencies,,,,,,0,0,,0,0,Chip Maker to Investigate Claims of Hacking by N.S.A. and British Spy Agencies,"Chip Maker to Investigate Claims of Hacking by N.S.A. and British Spy Agencies The American and British intelligence agencies were said to have stolen the encryption codes to chips manufactured by Gemalto, the world’s biggest manufacturer of SIM cards. The American and British intelligence agencies were said to have stolen the encryption codes to chips manufactured by Gemalto, the world’s biggest manufacturer of SIM cards."
"In 2002, victims’ families sued the government of Saudi Arabia and the Saudi elite, including banks, charities and even members of the royal family, accusing them of financing Al Qaeda.",article,nyt://article/df74d671-361d-582d-b6eb-faa91fffba39,"[{'name': 'Subject', 'value': 'September 11 (2001)', 'rank': 1}, {'name': 'Person', 'value': 'Risen, James', 'rank': 2}, {'name': 'Location', 'value': 'Saudi Arabia', 'rank': 3}, {'name': 'Person', 'value': 'Moussaoui, Zacarias', 'rank': 4}, {'name': 'Person', 'value': 'Motley, Ron (1944-2013)', 'rank': 5}, {'name': 'Subject', 'value': 'Suits and Litigation (Civil)', 'rank': 6}, {'name': 'Person', 'value': 'Noorzai, Haji Bashir', 'rank': 7}, {'name': 'Organization', 'value': 'Federal Bureau of Investigation', 'rank': 8}, {'name': 'Organization', 'value': 'Drug Enforcement Administration', 'rank': 9}]",Foreign,8.0,A,2015-02-10 15:03:06+00:00,World,"In 2002, victims’ families sued the government of Saudi Arabia and the Saudi elite, including banks, charities and even members of the royal family, accusing them of financing Al Qaeda.",The New York Times,Middle East,News,nyt://article/df74d671-361d-582d-b6eb-faa91fffba39,https://www.nytimes.com/2015/02/11/world/middleeast/terrorists-claims-about-saudis-put-9-11-families-lawsuit-back-in-spotlight.html,1149,By James Risen,Terrorist Claims Return Sept. 11 Suit to Spotlight,,Terrorist Claims Return Sept. 11 Suit to Spotlight,,,,0,0,,0,0,Terrorist Claims Return Sept. 11 Suit to Spotlight,"Terrorist Claims Return Sept. 11 Suit to Spotlight In 2002, victims’ families sued the government of Saudi Arabia and the Saudi elite, including banks, charities and even members of the royal family, accusing them of financing Al Qaeda. In 2002, victims’ families sued the government of Saudi Arabia and the Saudi elite, including banks, charities and even members of the royal family, accusing them of financing Al Qaeda."
"In the December assault, gunmen opened fire on the Israeli Embassy in a suburb of Athens, raking the building with bullets but causing no injuries.",article,nyt://article/cfe528e5-3d25-5970-bd4f-e5003f18366f,"[{'name': 'Location', 'value': 'Greece', 'rank': 1}, {'name': 'Person', 'value': 'Kitsantonis, Niki', 'rank': 2}, {'name': 'Subject', 'value': 'Diplomatic Service, Embassies and Consulates', 'rank': 3}, {'name': 'Location', 'value': 'Israel', 'rank': 4}, {'name': 'Subject', 'value': 'Assaults', 'rank': 5}]",Foreign,8.0,A,2015-02-04 13:18:12+00:00,World,"In the December assault, gunmen opened fire on the Israeli Embassy in a suburb of Athens, raking the building with bullets but causing no injuries.",The New York Times,Europe,News,nyt://article/cfe528e5-3d25-5970-bd4f-e5003f18366f,https://www.nytimes.com/2015/02/05/world/europe/greek-guerrilla-group-claims-responsibility-for-attack-on-israeli-embassy.html,333,By Niki Kitsantonis,Greek Guerrilla Group Claims Responsibility for Attack on Israeli Embassy,,Greece: Group Claims Embassy Attack,,,,0,0,,0,0,Greek Guerrilla Group Claims Responsibility for Attack on Israeli Embassy,"Greek Guerrilla Group Claims Responsibility for Attack on Israeli Embassy In the December assault, gunmen opened fire on the Israeli Embassy in a suburb of Athens, raking the building with bullets but causing no injuries. In the December assault, gunmen opened fire on the Israeli Embassy in a suburb of Athens, raking the building with bullets but causing no injuries."
Fox News issued a correction on supposed “no-go zones” in Europe off-limits to non-Muslims after stirring a wave of outrage and derision.,article,nyt://article/6bd5c0d7-5d47-5beb-aef8-259143e31f45,"[{'name': 'Organization', 'value': 'Fox News Channel', 'rank': 1}, {'name': 'Subject', 'value': 'Muslims and Islam', 'rank': 2}, {'name': 'Person', 'value': 'Emerson, Steven', 'rank': 3}, {'name': 'Location', 'value': 'France', 'rank': 4}, {'name': 'Location', 'value': 'England', 'rank': 5}, {'name': 'Person', 'value': 'Pipes, Daniel', 'rank': 6}, {'name': 'Location', 'value': 'Paris (France)', 'rank': 7}, {'name': 'Subject', 'value': 'News and News Media', 'rank': 8}, {'name': 'Subject', 'value': 'Terrorism', 'rank': 9}, {'name': 'Organization', 'value': 'Charlie Hebdo', 'rank': 10}, {'name': 'Person', 'value': 'Pirro, Jeanine', 'rank': 11}, {'name': 'Location', 'value': 'Birmingham (England)', 'rank': 12}, {'name': 'Person', 'value': 'Banderas, Julie (1973- )', 'rank': 13}, {'name': 'Title', 'value': 'Le Petit Journal (TV Program)', 'rank': 14}, {'name': 'Person', 'value': 'Barthes, Yann', 'rank': 15}]",Foreign,,,2015-01-19 03:54:57+00:00,World,Fox News issued a correction on supposed “no-go zones” in Europe off-limits to non-Muslims after stirring a wave of outrage and derision.,The New York Times,Europe,News,nyt://article/6bd5c0d7-5d47-5beb-aef8-259143e31f45,https://www.nytimes.com/2015/01/19/world/europe/fox-news-apologizes-for-false-claims-of-muslim-only-areas-in-england-and-france.html,1033,By Robert Mackey,Fox News Apologizes for False Claims of Muslim-Only Areas in England and France,Open Source,,,,,0,0,,0,0,Fox News Apologizes for False Claims of Muslim-Only Areas in England and France,Fox News Apologizes for False Claims of Muslim-Only Areas in England and France Fox News issued a correction on supposed “no-go zones” in Europe off-limits to non-Muslims after stirring a wave of outrage and derision. Fox News issued a correction on supposed “no-go zones” in Europe off-limits to non-Muslims after stirring a wave of outrage and derision.
"Central government officials, however, deny that the long-sought prize in the continuing battle in eastern Ukraine has fallen.",article,nyt://article/d93a0be6-dd4a-586f-ac26-b2be9631aeb4,"[{'name': 'Location', 'value': 'Ukraine', 'rank': 1}, {'name': 'Person', 'value': 'Roth, Andrew', 'rank': 2}, {'name': 'Location', 'value': 'Russia', 'rank': 3}, {'name': 'Person', 'value': 'Kramer, Andrew E', 'rank': 4}, {'name': 'Location', 'value': 'Donetsk (Ukraine)', 'rank': 5}, {'name': 'Organization', 'value': ""People's Militia (Donetsk People's Republic)"", 'rank': 6}, {'name': 'Organization', 'value': 'Donetsk International Airport (Ukraine)', 'rank': 7}, {'name': 'Subject', 'value': 'Defense and Military Forces', 'rank': 8}, {'name': 'Person', 'value': 'Zakharchenko, Aleksandr', 'rank': 9}]",Foreign,3.0,A,2015-01-16 14:08:32+00:00,World,"Central government officials, however, deny that the long-sought prize in the continuing battle in eastern Ukraine has fallen.",The New York Times,Europe,News,nyt://article/d93a0be6-dd4a-586f-ac26-b2be9631aeb4,https://www.nytimes.com/2015/01/17/world/europe/russia-ukraine-donetsk-airport.html,843,By Andrew Roth and Andrew E. Kramer,Rebels Claim to Have Control of Ukraine Airport,,Rebels Claim to Have Control of Ukraine Airport,"Smoke rising from the Donetsk airport on Thursday. After a major escalation in shelling, rebels said they had captured the facility.",Mstyslav Chernov/Associated Press,https://static01.nyt.com/images/2015/01/17/world/UKRAINE-1/UKRAINE-1-articleLarge.jpg,397,600,https://static01.nyt.com/images/2015/01/17/world/UKRAINE-1/UKRAINE-1-thumbStandard.jpg,75,75,Rebels Claim to Have Control of Ukraine Airport,"Rebels Claim to Have Control of Ukraine Airport Central government officials, however, deny that the long-sought prize in the continuing battle in eastern Ukraine has fallen. Central government officials, however, deny that the long-sought prize in the continuing battle in eastern Ukraine has fallen."
"A fuller portrait of the Kouachi brothers has emerged as an international effort is focused on determining who may have been behind the attack on Charlie Hebdo, and what direct role terror organizations may have had in ordering the assault.",article,nyt://article/42e5cb69-86e0-5d2a-9989-6de8cfc6f819,"[{'name': 'Organization', 'value': 'Al Qaeda in the Arabian Peninsula', 'rank': 1}, {'name': 'Person', 'value': 'Schmitt, Eric', 'rank': 2}, {'name': 'Organization', 'value': 'Charlie Hebdo', 'rank': 3}, {'name': 'Person', 'value': 'Callimachi, Rukmini', 'rank': 4}, {'name': 'Subject', 'value': 'Terrorism', 'rank': 5}, {'name': 'Person', 'value': 'Mazzetti, Mark', 'rank': 6}, {'name': 'Person', 'value': 'Kouachi, Cherif (1982-2015)', 'rank': 7}, {'name': 'Person', 'value': 'Kouachi, Said (1980-2015)', 'rank': 8}, {'name': 'Location', 'value': 'Paris (France)', 'rank': 9}, {'name': 'Location', 'value': 'France', 'rank': 10}, {'name': 'Person', 'value': 'Awlaki, Anwar al-', 'rank': 11}]",Foreign,1.0,A,2015-01-14 10:11:54+00:00,World,"A fuller portrait of the Kouachi brothers has emerged as an international effort is focused on determining who may have been behind the attack on Charlie Hebdo, and what direct role terror organizations may have had in ordering the assault.",The New York Times,Europe,News,nyt://article/42e5cb69-86e0-5d2a-9989-6de8cfc6f819,https://www.nytimes.com/2015/01/15/world/europe/al-qaeda-in-the-arabian-peninsula-charlie-hebdo.html,1155,"By Eric Schmitt, Mark Mazzetti and Rukmini Callimachi",Disputed Claims Over Qaeda Role in Paris Attacks,,Disputed Claims Over Qaeda Role,"An image from a video released on Wednesday by Al Malahem, in which Al Qaeda’s branch in Yemen claimed responsibility for the deadly assault on Charlie Hebdo in Paris.","Al Malahem Media, via European Pressphoto Agency",https://static01.nyt.com/images/2015/01/14/world/middleeast/15QAEDA/15QAEDA-articleLarge.jpg,340,600,https://static01.nyt.com/images/2015/01/14/world/middleeast/15QAEDA/15QAEDA-thumbStandard.jpg,75,75,Disputed Claims Over Qaeda Role in Paris Attacks,"Disputed Claims Over Qaeda Role in Paris Attacks A fuller portrait of the Kouachi brothers has emerged as an international effort is focused on determining who may have been behind the attack on Charlie Hebdo, and what direct role terror organizations may have had in ordering the assault. A fuller portrait of the Kouachi brothers has emerged as an international effort is focused on determining who may have been behind the attack on Charlie Hebdo, and what direct role terror organizations may have had in ordering the assault."
"The group claiming to have seized the hostages identified itself as the Tripolitania Province of the Islamic State, named for the region around the capital, Tripoli, in western Libya.",article,nyt://article/aa3ea235-e459-530b-9c4e-caf0e2ed1e64,"[{'name': 'Location', 'value': 'Libya', 'rank': 1}, {'name': 'Person', 'value': 'Kirkpatrick, David D', 'rank': 2}, {'name': 'Subject', 'value': 'Kidnapping and Hostages', 'rank': 3}, {'name': 'Organization', 'value': 'Islamic State in Iraq and Syria (ISIS)', 'rank': 4}, {'name': 'Subject', 'value': 'Christians and Christianity', 'rank': 5}, {'name': 'Location', 'value': 'Egypt', 'rank': 6}, {'name': 'Location', 'value': 'Iraq', 'rank': 7}, {'name': 'Location', 'value': 'Syria', 'rank': 8}, {'name': 'Subject', 'value': 'Terrorism', 'rank': 9}]",Foreign,8.0,A,2015-01-13 01:54:01+00:00,World,"The group claiming to have seized the hostages identified itself as the Tripolitania Province of the Islamic State, named for the region around the capital, Tripoli, in western Libya.",The New York Times,Middle East,News,nyt://article/aa3ea235-e459-530b-9c4e-caf0e2ed1e64,https://www.nytimes.com/2015/01/13/world/middleeast/libyan-militants-aligned-with-islamic-state-claim-kidnapping-of-21-egyptian-christians.html,590,By David D. Kirkpatrick,Libyan Militants Aligned With Islamic State Claim Kidnapping of 21 Egyptian Christians,,Libyan Militants Aligned With Islamic State Claim Kidnapping of 21 Egyptian Christians,,,,0,0,,0,0,Libyan Militants Aligned With Islamic State Claim Kidnapping of 21 Egyptian Christians,"Libyan Militants Aligned With Islamic State Claim Kidnapping of 21 Egyptian Christians The group claiming to have seized the hostages identified itself as the Tripolitania Province of the Islamic State, named for the region around the capital, Tripoli, in western Libya. The group claiming to have seized the hostages identified itself as the Tripolitania Province of the Islamic State, named for the region around the capital, Tripoli, in western Libya."
This cannot have been a quiet weekend for anyone at 21st Century Fox responsible for cultivating the image of Rupert Murdoch or his Fox News Channel.,article,nyt://article/5c5b4853-43e4-5f6d-b496-72a66d12c851,"[{'name': 'Person', 'value': 'Murdoch, Rupert', 'rank': 1}, {'name': 'Organization', 'value': 'Fox News Channel', 'rank': 2}, {'name': 'Subject', 'value': 'Social Media', 'rank': 3}, {'name': 'Subject', 'value': 'Muslims and Islam', 'rank': 4}, {'name': 'Organization', 'value': 'Twitter', 'rank': 5}, {'name': 'Location', 'value': 'Birmingham (England)', 'rank': 6}, {'name': 'Location', 'value': 'France', 'rank': 7}, {'name': 'Organization', 'value': 'Charlie Hebdo', 'rank': 8}]",Foreign,,,2015-01-12 21:06:14+00:00,World,This cannot have been a quiet weekend for anyone at 21st Century Fox responsible for cultivating the image of Rupert Murdoch or his Fox News Channel.,The New York Times,Europe,News,nyt://article/5c5b4853-43e4-5f6d-b496-72a66d12c851,https://www.nytimes.com/2015/01/13/world/europe/murdoch-and-fox-news-mocked-on-twitter-for-claims-about-muslims.html,803,By Robert Mackey,Murdoch and Fox News Mocked on Twitter for Claims About Muslims,Open Source,,,,,0,0,,0,0,Murdoch and Fox News Mocked on Twitter for Claims About Muslims,Murdoch and Fox News Mocked on Twitter for Claims About Muslims This cannot have been a quiet weekend for anyone at 21st Century Fox responsible for cultivating the image of Rupert Murdoch or his Fox News Channel. This cannot have been a quiet weekend for anyone at 21st Century Fox responsible for cultivating the image of Rupert Murdoch or his Fox News Channel.
Three infants and a fisherman have died from exposure during a fierce storm that hit the Gaza Strip over the past week.,article,nyt://article/09e0033e-f05a-5637-97e8-e381a97b3e17,"[{'name': 'Location', 'value': 'Gaza Strip', 'rank': 1}, {'name': 'Subject', 'value': 'Palestinians', 'rank': 2}, {'name': 'Subject', 'value': 'Deaths (Fatalities)', 'rank': 3}, {'name': 'Organization', 'value': 'Hamas', 'rank': 4}]",Foreign,,,2015-01-12 20:18:09+00:00,World,Three infants and a fisherman have died from exposure during a fierce storm that hit the Gaza Strip over the past week.,The New York Times,Middle East,News,nyt://article/09e0033e-f05a-5637-97e8-e381a97b3e17,https://www.nytimes.com/2015/01/13/world/middleeast/bitter-cold-claims-more-lives-in-gaza.html,318,By Majd Al Waheidi and Jodi Rudoren,Bitter Cold Claims More Lives in Gaza,World Briefing,,,,,0,0,,0,0,Bitter Cold Claims More Lives in Gaza,Bitter Cold Claims More Lives in Gaza Three infants and a fisherman have died from exposure during a fierce storm that hit the Gaza Strip over the past week. Three infants and a fisherman have died from exposure during a fierce storm that hit the Gaza Strip over the past week.
"A Marxist extremist group that took responsibility for a suicide bombing in Istanbul this week retracted its claim on Friday, saying that it had made a mistake.",article,nyt://article/a42130c1-d7bc-5b2c-b690-69625cf6467f,"[{'name': 'Location', 'value': 'Turkey', 'rank': 1}, {'name': 'Person', 'value': 'Yeginsu, Ceylan', 'rank': 2}, {'name': 'Subject', 'value': 'Terrorism', 'rank': 3}, {'name': 'Organization', 'value': ""Revolutionary People's Liberation Party-Front (Turkey)"", 'rank': 4}, {'name': 'Location', 'value': 'Istanbul (Turkey)', 'rank': 5}]",Foreign,5.0,A,2015-01-10 01:15:18+00:00,World,"A Marxist extremist group that took responsibility for a suicide bombing in Istanbul this week retracted its claim on Friday, saying that it had made a mistake.",The New York Times,Europe,Brief,nyt://article/a42130c1-d7bc-5b2c-b690-69625cf6467f,https://www.nytimes.com/2015/01/10/world/europe/turkey-leftists-retract-their-claim-about-an-attack.html,158,By Ceylan Yeginsu,Turkey: Leftists Retract Their Claim About an Attack,World Briefing,Turkey: Leftists Retract Their Claim About an Attack,,,,0,0,,0,0,Turkey: Leftists Retract Their Claim About an Attack,"Turkey: Leftists Retract Their Claim About an Attack A Marxist extremist group that took responsibility for a suicide bombing in Istanbul this week retracted its claim on Friday, saying that it had made a mistake. A Marxist extremist group that took responsibility for a suicide bombing in Istanbul this week retracted its claim on Friday, saying that it had made a mistake."
The Revolutionary People’s Liberation Party-Front identified a female bomber who killed herself and a police officer in a popular tourist area.,article,nyt://article/12438f24-bfea-5601-9c2c-0f2d8c1ddf7c,"[{'name': 'Location', 'value': 'Turkey', 'rank': 1}, {'name': 'Person', 'value': 'Yeginsu, Ceylan', 'rank': 2}, {'name': 'Subject', 'value': 'Bombs and Explosives', 'rank': 3}, {'name': 'Subject', 'value': 'Attacks on Police', 'rank': 4}, {'name': 'Organization', 'value': ""Revolutionary People's Liberation Party-Front (Turkey)"", 'rank': 5}, {'name': 'Location', 'value': 'Istanbul (Turkey)', 'rank': 6}, {'name': 'Subject', 'value': 'Terrorism', 'rank': 7}, {'name': 'Person', 'value': 'Kalsen, Elif Sultan', 'rank': 8}, {'name': 'Subject', 'value': 'Murders, Attempted Murders and Homicides', 'rank': 9}]",Foreign,9.0,A,2015-01-07 10:00:23+00:00,World,The Revolutionary People’s Liberation Party-Front identified a female bomber who killed herself and a police officer in a popular tourist area.,The New York Times,Europe,News,nyt://article/12438f24-bfea-5601-9c2c-0f2d8c1ddf7c,https://www.nytimes.com/2015/01/08/world/europe/turkey-suicide-attack-revolutionary-peoples-liberation-party-front.html,422,By Ceylan Yeginsu,Extremist Group Claims Responsibility for Suicide Attack at Istanbul Police Station,,Extremist Group Claims Responsibility for Suicide Attack at Istanbul Police Station,,,,0,0,,0,0,Extremist Group Claims Responsibility for Suicide Attack at Istanbul Police Station,Extremist Group Claims Responsibility for Suicide Attack at Istanbul Police Station The Revolutionary People’s Liberation Party-Front identified a female bomber who killed herself and a police officer in a popular tourist area. The Revolutionary People’s Liberation Party-Front identified a female bomber who killed herself and a police officer in a popular tourist area.
"Five men were arrested after a tourist said they robbed her and held her for days in a village where two of them raped her, charges that echo complaints from other tourists and tourism officials.",article,nyt://article/b0b7763a-52d1-5f97-9a50-66e6c3e3765c,"[{'name': 'Person', 'value': 'Barry, Ellen', 'rank': 1}, {'name': 'Location', 'value': 'India', 'rank': 2}, {'name': 'Person', 'value': 'Najar, Nida', 'rank': 3}, {'name': 'Location', 'value': 'Kolkata (India)', 'rank': 4}, {'name': 'Subject', 'value': 'Women and Girls', 'rank': 5}, {'name': 'Subject', 'value': 'Sex Crimes', 'rank': 6}, {'name': 'Subject', 'value': 'Travel and Vacations', 'rank': 7}]",Foreign,7.0,A,2015-01-05 01:41:05+00:00,World,"Five men were arrested after a tourist said they robbed her and held her for days in a village where two of them raped her, charges that echo complaints from other tourists and tourism officials.",The New York Times,Asia Pacific,News,nyt://article/b0b7763a-52d1-5f97-9a50-66e6c3e3765c,https://www.nytimes.com/2015/01/05/world/india-rape-case-echoes-claims-of-tourists-as-prey.html,1096,By Ellen Barry and Nida Najar,Indian Rape Case Echoes Claims of Tourists as Prey ,,India Rape Case Echoes Claims of Tourists as Prey,Two of the men covered their faces when escorted to court.,Reuters,https://static01.nyt.com/images/2015/01/05/world/INDIA-2/INDIA-2-articleLarge.jpg,417,600,https://static01.nyt.com/images/2015/01/05/world/INDIA-2/INDIA-2-thumbStandard.jpg,75,75,Indian Rape Case Echoes Claims of Tourists as Prey,"Indian Rape Case Echoes Claims of Tourists as Prey Five men were arrested after a tourist said they robbed her and held her for days in a village where two of them raped her, charges that echo complaints from other tourists and tourism officials. Five men were arrested after a tourist said they robbed her and held her for days in a village where two of them raped her, charges that echo complaints from other tourists and tourism officials."
The president spoke to reporters before leaving for Hawaii at the end of a week in which he has sought to demonstrate his commitment to fighting terrorism.,article,nyt://article/2b22878a-837d-53df-a65d-101ccdd256d0,"[{'name': 'Person', 'value': 'Obama, Barack', 'rank': 1}, {'name': 'Subject', 'value': 'United States Economy', 'rank': 2}, {'name': 'Subject', 'value': 'Terrorism', 'rank': 3}, {'name': 'Subject', 'value': 'United States Politics and Government', 'rank': 4}, {'name': 'Subject', 'value': 'United States Defense and Military Forces', 'rank': 5}, {'name': 'Subject', 'value': 'United States International Relations', 'rank': 6}, {'name': 'Subject', 'value': 'United Nations Framework Convention on Climate Change', 'rank': 7}]",Foreign,,,2015-12-18 17:30:03+00:00,World,The president spoke to reporters before leaving for Hawaii at the end of a week in which he has sought to demonstrate his commitment to fighting terrorism.,The New York Times,,News,nyt://article/2b22878a-837d-53df-a65d-101ccdd256d0,https://www.nytimes.com/2015/12/19/world/obama-white-house-press-conference.html,1242,By Michael D. Shear and Gardiner Harris,Obama Discusses Difficulty of Detecting Terrorism at Year-End Conference,,,President Obama during a press conference in the briefing room at the White House on Friday.,Stephen Crowley/The New York Times,https://static01.nyt.com/images/2015/12/21/us/19PREXY-web02/19PREXY-we02-articleLarge.jpg,400,600,https://static01.nyt.com/images/2015/12/21/us/19PREXY-web02/19PREXY-we02-thumbStandard.jpg,75,75,Obama Discusses Difficulty of Detecting Terrorism at Year-End Conference,Obama Discusses Difficulty of Detecting Terrorism at Year-End Conference The president spoke to reporters before leaving for Hawaii at the end of a week in which he has sought to demonstrate his commitment to fighting terrorism. The president spoke to reporters before leaving for Hawaii at the end of a week in which he has sought to demonstrate his commitment to fighting terrorism.
Negotiators will discuss decades-old property claims from thousands of American citizens and companies whose assets were confiscated after Cuba’s revolution.,article,nyt://article/c0cbf11f-768c-5ebf-abbd-429d271fb404,"[{'name': 'Location', 'value': 'Cuba', 'rank': 1}, {'name': 'Person', 'value': 'Robles, Frances', 'rank': 2}, {'name': 'Subject', 'value': 'United States International Relations', 'rank': 3}, {'name': 'Organization', 'value': 'Foreign Claims Settlement Commission', 'rank': 4}, {'name': 'Person', 'value': 'Castro, Fidel', 'rank': 5}]",Foreign,4.0,A,2015-12-05 01:42:34+00:00,World,Negotiators will discuss decades-old property claims from thousands of American citizens and companies whose assets were confiscated after Cuba’s revolution.,The New York Times,Americas,News,nyt://article/c0cbf11f-768c-5ebf-abbd-429d271fb404,https://www.nytimes.com/2015/12/05/world/americas/cuba-and-us-to-discuss-settling-claims-on-property.html,727,By Frances Robles,Cuba and U.S. to Discuss Settling Claims on Property,,Cuba and U.S. Set to Discuss Settling Claims on Property,,,,0,0,,0,0,Cuba and U.S. to Discuss Settling Claims on Property,Cuba and U.S. to Discuss Settling Claims on Property Negotiators will discuss decades-old property claims from thousands of American citizens and companies whose assets were confiscated after Cuba’s revolution. Negotiators will discuss decades-old property claims from thousands of American citizens and companies whose assets were confiscated after Cuba’s revolution.
"The two men, in Turkey for the Group of 20 summit meeting, talked for 35 minutes, though a Russian official said they disagreed on how to deal with with the Islamic State.",article,nyt://article/b11224df-9aae-573c-8baf-0e9f1f8de808,"[{'name': 'Subject', 'value': 'United States International Relations', 'rank': 1}, {'name': 'Subject', 'value': 'Terrorism', 'rank': 2}, {'name': 'Person', 'value': 'Obama, Barack', 'rank': 3}, {'name': 'Person', 'value': 'Putin, Vladimir V', 'rank': 4}, {'name': 'Organization', 'value': 'Group of Twenty', 'rank': 5}]",Foreign,,,2015-11-15 20:58:15+00:00,World,"The two men, in Turkey for the Group of 20 summit meeting, talked for 35 minutes, though a Russian official said they disagreed on how to deal with with the Islamic State.",The New York Times,Europe,News,nyt://article/b11224df-9aae-573c-8baf-0e9f1f8de808,https://www.nytimes.com/2015/11/16/world/europe/russia-united-states-syria-g-20.html,390,By Michael D. Shear,Obama and Putin Discuss ISIS and Syria in Informal Conversation,,,,,,0,0,,0,0,Obama and Putin Discuss ISIS and Syria in Informal Conversation,"Obama and Putin Discuss ISIS and Syria in Informal Conversation The two men, in Turkey for the Group of 20 summit meeting, talked for 35 minutes, though a Russian official said they disagreed on how to deal with with the Islamic State. The two men, in Turkey for the Group of 20 summit meeting, talked for 35 minutes, though a Russian official said they disagreed on how to deal with with the Islamic State."
"The leaders talked about their joint military campaign and a future political transition in Syria, a Kremlin spokesman said.",article,nyt://article/a04fcfd5-b5eb-5623-b674-2eacb95be6fa,"[{'name': 'Person', 'value': 'Assad, Bashar al-', 'rank': 1}, {'name': 'Person', 'value': 'Putin, Vladimir V', 'rank': 2}, {'name': 'Subject', 'value': 'Defense and Military Forces', 'rank': 3}, {'name': 'Location', 'value': 'Moscow (Russia)', 'rank': 4}, {'name': 'Location', 'value': 'Syria', 'rank': 5}]",Foreign,,,2015-10-21 07:16:02+00:00,World,"The leaders talked about their joint military campaign and a future political transition in Syria, a Kremlin spokesman said.",The New York Times,Middle East,News,nyt://article/a04fcfd5-b5eb-5623-b674-2eacb95be6fa,https://www.nytimes.com/2015/10/22/world/middleeast/assad-putin-syria-russia.html,1269,By Neil MacFarquhar,Assad Makes Unannounced Trip to Moscow to Discuss Syria With Putin,,,,Alexey Druzhinin/Agence France-Presse — Getty Images,https://static01.nyt.com/images/2015/10/21/multimedia/putin-assad-meeting/putin-assad-meeting-articleLarge.jpg,413,600,https://static01.nyt.com/images/2015/10/21/multimedia/putin-assad-meeting/putin-assad-meeting-thumbStandard.jpg,75,75,Assad Makes Unannounced Trip to Moscow to Discuss Syria With Putin,"Assad Makes Unannounced Trip to Moscow to Discuss Syria With Putin The leaders talked about their joint military campaign and a future political transition in Syria, a Kremlin spokesman said. The leaders talked about their joint military campaign and a future political transition in Syria, a Kremlin spokesman said."
From the International Herald Tribune archives: Pope Paul and Lyndon B. Johnson spoke discussed the world’s problems in 1965.,article,nyt://article/be0479e5-ade6-5ae5-937d-05c8c8a13859,"[{'name': 'Subject', 'value': 'Popes', 'rank': 1}, {'name': 'Person', 'value': 'Johnson, Lyndon Baines', 'rank': 2}, {'name': 'Organization', 'value': 'Roman Catholic Church', 'rank': 3}]",Foreign,,,2015-10-04 16:29:34+00:00,World,From the International Herald Tribune archives: Pope Paul and Lyndon B. Johnson spoke discussed the world’s problems in 1965.,The New York Times,,News,nyt://article/be0479e5-ade6-5ae5-937d-05c8c8a13859,https://iht-retrospective.blogs.nytimes.com/2015/10/04/1965-pope-and-lyndon-johnson-discuss-threats-to-peace/,171,By International Herald Tribune,1965: Pope and Lyndon Johnson Discuss Threats to Peace,IHT Retrospective,,,,,0,0,,0,0,1965: Pope and Lyndon Johnson Discuss Threats to Peace,1965: Pope and Lyndon Johnson Discuss Threats to Peace From the International Herald Tribune archives: Pope Paul and Lyndon B. Johnson spoke discussed the world’s problems in 1965. From the International Herald Tribune archives: Pope Paul and Lyndon B. Johnson spoke discussed the world’s problems in 1965.
A top State Department official said Thursday that human rights would feature prominently in talks next month between President Xi Jinping of China and President Obama.,article,nyt://article/1d0f5e3f-2276-5bad-90ad-e87ce437e14d,"[{'name': 'Location', 'value': 'China', 'rank': 1}, {'name': 'Person', 'value': 'Harris, Gardiner (Per)', 'rank': 2}, {'name': 'Subject', 'value': 'Human Rights and Human Rights Violations', 'rank': 3}, {'name': 'Subject', 'value': 'Censorship', 'rank': 4}, {'name': 'Person', 'value': 'Xi Jinping', 'rank': 5}, {'name': 'Person', 'value': 'Obama, Barack', 'rank': 6}, {'name': 'Person', 'value': 'Malinowski, Tom', 'rank': 7}, {'name': 'Location', 'value': 'United States', 'rank': 8}]",Foreign,6.0,A,2015-08-14 03:01:35+00:00,World,A top State Department official said Thursday that human rights would feature prominently in talks next month between President Xi Jinping of China and President Obama.,The New York Times,Asia Pacific,News,nyt://article/1d0f5e3f-2276-5bad-90ad-e87ce437e14d,https://www.nytimes.com/2015/08/14/world/asia/obama-is-set-to-discuss-rights-issues-with-china.html,711,By Gardiner Harris,Obama Is Set to Discuss Rights Issues With China,,Obama Is Set to Discuss Rights Issues With China,,,,0,0,,0,0,Obama Is Set to Discuss Rights Issues With China,Obama Is Set to Discuss Rights Issues With China A top State Department official said Thursday that human rights would feature prominently in talks next month between President Xi Jinping of China and President Obama. A top State Department official said Thursday that human rights would feature prominently in talks next month between President Xi Jinping of China and President Obama.
It was the first time that Finance Minister Wolfgang Schäuble had mentioned resignation in the debate over Greece’s debt. He has taken a harder line toward Greece than Chancellor Angela Merkel.,article,nyt://article/7a350300-d4c4-5527-9acd-033d70a69be4,"[{'name': 'Person', 'value': 'Smale, Alison', 'rank': 1}, {'name': 'Location', 'value': 'Germany', 'rank': 2}, {'name': 'Location', 'value': 'Greece', 'rank': 3}, {'name': 'Person', 'value': 'Schauble, Wolfgang', 'rank': 4}, {'name': 'Person', 'value': 'Merkel, Angela', 'rank': 5}, {'name': 'Subject', 'value': 'European Sovereign Debt Crisis (2010- )', 'rank': 6}, {'name': 'Organization', 'value': 'European Union', 'rank': 7}, {'name': 'Organization', 'value': 'Eurozone', 'rank': 8}]",Foreign,8.0,A,2015-07-18 18:16:04+00:00,World,It was the first time that Finance Minister Wolfgang Schäuble had mentioned resignation in the debate over Greece’s debt. He has taken a harder line toward Greece than Chancellor Angela Merkel.,The New York Times,Europe,News,nyt://article/7a350300-d4c4-5527-9acd-033d70a69be4,https://www.nytimes.com/2015/07/19/world/europe/minister-in-germany-discusses-greece-role.html,500,By Alison Smale,Minister in Germany Discusses Greece Role,,Minister in Germany Discusses Greece Role,,,,0,0,,0,0,Minister in Germany Discusses Greece Role,Minister in Germany Discusses Greece Role It was the first time that Finance Minister Wolfgang Schäuble had mentioned resignation in the debate over Greece’s debt. He has taken a harder line toward Greece than Chancellor Angela Merkel. It was the first time that Finance Minister Wolfgang Schäuble had mentioned resignation in the debate over Greece’s debt. He has taken a harder line toward Greece than Chancellor Angela Merkel.
The Tunisian government hosted a meeting to discuss what more can be done to secure the country after two attacks in recent months killed dozens of foreigners.,article,nyt://article/4dc24ba4-99f2-57b8-8bfa-6438b450440f,"[{'name': 'Subject', 'value': 'Terrorism', 'rank': 1}, {'name': 'Location', 'value': 'Tunisia', 'rank': 2}, {'name': 'Organization', 'value': 'Group of Seven', 'rank': 3}, {'name': 'Organization', 'value': 'National Bardo Museum (Tunis, Tunisia)', 'rank': 4}, {'name': 'Person', 'value': 'Ben Ali, Zine El-Abidine', 'rank': 5}, {'name': 'Person', 'value': 'Essebsi, Beji Caid', 'rank': 6}, {'name': 'Location', 'value': 'Tunis (Tunisia)', 'rank': 7}, {'name': 'Location', 'value': 'Sousse (Tunisia)', 'rank': 8}]",Foreign,,,2015-07-16 02:09:31+00:00,World,The Tunisian government hosted a meeting to discuss what more can be done to secure the country after two attacks in recent months killed dozens of foreigners.,The New York Times,Africa,News,nyt://article/4dc24ba4-99f2-57b8-8bfa-6438b450440f,https://www.nytimes.com/2015/07/16/world/africa/tunisia-hosts-security-meeting-with-group-of-7-to-discuss-terrorism-threat.html,448,By Carlotta Gall,Tunisia Hosts Security Meeting With Group of 7 to Discuss Terrorism Threat,,,,,,0,0,,0,0,Tunisia Hosts Security Meeting With Group of 7 to Discuss Terrorism Threat,Tunisia Hosts Security Meeting With Group of 7 to Discuss Terrorism Threat The Tunisian government hosted a meeting to discuss what more can be done to secure the country after two attacks in recent months killed dozens of foreigners. The Tunisian government hosted a meeting to discuss what more can be done to secure the country after two attacks in recent months killed dozens of foreigners.
"Amid a steady stream of official visitors to his home, Hamid Karzai said in a rare, wide-ranging interview, “I have done my time.”",article,nyt://article/f86214bd-d489-554d-8f21-d4dc7db1744f,"[{'name': 'Person', 'value': 'Nordland, Rod', 'rank': 1}, {'name': 'Location', 'value': 'Afghanistan', 'rank': 2}, {'name': 'Person', 'value': 'Karzai, Hamid', 'rank': 3}, {'name': 'Person', 'value': 'Ghani, Ashraf', 'rank': 4}, {'name': 'Subject', 'value': 'Freedom of the Press', 'rank': 5}, {'name': 'Person', 'value': 'Rosenberg, Matthew (1974- )', 'rank': 6}, {'name': 'Subject', 'value': 'Afghanistan War (2001-14)', 'rank': 7}, {'name': 'Organization', 'value': 'New York Times', 'rank': 8}, {'name': 'Subject', 'value': 'United States International Relations', 'rank': 9}]",Foreign,4.0,A,2015-06-15 22:37:43+00:00,World,"Amid a steady stream of official visitors to his home, Hamid Karzai said in a rare, wide-ranging interview, “I have done my time.”",The New York Times,Asia Pacific,News,nyt://article/f86214bd-d489-554d-8f21-d4dc7db1744f,https://www.nytimes.com/2015/06/16/world/asia/ex-president-karzai-vows-he-is-out-of-afghanistans-politics.html,1396,By Rod Nordland,"Karzai, Vowing That He’s Done, Discusses His Afghanistan Legacy",,"Karzai, Vowing He&#8217;s Done, Discusses His Afghan Legacy ","Former President Hamid Karzai of Afghanistan, above at a conference last month in Beijing, agreed to a rare interview on Sunday.",Ng Han Guan/Associated Press,https://static01.nyt.com/images/2015/06/16/world/16KARZAI/16KARZAI-articleLarge.jpg,400,600,https://static01.nyt.com/images/2015/06/16/world/16KARZAI/16KARZAI-thumbStandard.jpg,75,75,"Karzai, Vowing That He’s Done, Discusses His Afghanistan Legacy","Karzai, Vowing That He’s Done, Discusses His Afghanistan Legacy Amid a steady stream of official visitors to his home, Hamid Karzai said in a rare, wide-ranging interview, “I have done my time.” Amid a steady stream of official visitors to his home, Hamid Karzai said in a rare, wide-ranging interview, “I have done my time.”"
The president will meet with Haider al-Abadi to discuss the military campaign against the Islamic State. It will be their first meeting since Ramadi fell to the militants.,article,nyt://article/cf5faa1f-d3c4-50cf-be34-f80b1cb816c1,"[{'name': 'Person', 'value': 'Obama, Barack', 'rank': 1}, {'name': 'Person', 'value': 'Abadi, Haider al-', 'rank': 2}, {'name': 'Organization', 'value': 'Islamic State in Iraq and Syria (ISIS)', 'rank': 3}, {'name': 'Location', 'value': 'Germany', 'rank': 4}, {'name': 'Subject', 'value': 'Terrorism', 'rank': 5}, {'name': 'Organization', 'value': 'Group of Seven', 'rank': 6}, {'name': 'Location', 'value': 'Iraq', 'rank': 7}]",National,,,2015-06-04 18:29:09+00:00,World,The president will meet with Haider al-Abadi to discuss the military campaign against the Islamic State. It will be their first meeting since Ramadi fell to the militants.,The New York Times,Middle East,News,nyt://article/cf5faa1f-d3c4-50cf-be34-f80b1cb816c1,https://www.nytimes.com/2015/06/05/world/middleeast/obama-iraq-prime-minister-haider-abadi-to-discuss-isis-threat.html,283,By Julie Hirschfeld Davis,Obama to Meet With Iraqi Prime Minister to Discuss ISIS’ Advance,,,President Obama met with Prime Minister Haider al-Abadi of Iraq in April at the White House.,Zach Gibson/The New York Times,https://static01.nyt.com/images/2015/06/05/us/05abadi-web/05abadi-web-articleLarge.jpg,400,600,https://static01.nyt.com/images/2015/06/05/us/05abadi-web/05abadi-web-thumbStandard.jpg,75,75,Obama to Meet With Iraqi Prime Minister to Discuss ISIS’ Advance,Obama to Meet With Iraqi Prime Minister to Discuss ISIS’ Advance The president will meet with Haider al-Abadi to discuss the military campaign against the Islamic State. It will be their first meeting since Ramadi fell to the militants. The president will meet with Haider al-Abadi to discuss the military campaign against the Islamic State. It will be their first meeting since Ramadi fell to the militants.
Officials are discussing a joint effort to clear Islamic State fighters away from Turkey’s southern border.,article,nyt://article/d21e7d08-46a7-5791-9f6d-2e0d5fcf3ad4,"[{'name': 'Location', 'value': 'Turkey', 'rank': 1}, {'name': 'Person', 'value': 'Gordon, Michael R', 'rank': 2}, {'name': 'Organization', 'value': 'Islamic State in Iraq and Syria (ISIS)', 'rank': 3}, {'name': 'Location', 'value': 'Syria', 'rank': 4}, {'name': 'Location', 'value': 'Iraq', 'rank': 5}, {'name': 'Subject', 'value': 'International Relations', 'rank': 6}, {'name': 'Subject', 'value': 'Terrorism', 'rank': 7}, {'name': 'Location', 'value': 'Ramadi (Iraq)', 'rank': 8}, {'name': 'Subject', 'value': 'United States Politics and Government', 'rank': 9}, {'name': 'Person', 'value': 'Obama, Barack', 'rank': 10}, {'name': 'Person', 'value': 'Abadi, Haider al-', 'rank': 11}]",Foreign,6.0,A,2015-06-02 01:02:12+00:00,World,Officials are discussing a joint effort to clear Islamic State fighters away from Turkey’s southern border.,The New York Times,Europe,News,nyt://article/d21e7d08-46a7-5791-9f6d-2e0d5fcf3ad4,https://www.nytimes.com/2015/06/02/world/europe/americans-and-turks-discuss-isis-threat.html,790,By Michael R. Gordon,Americans and Turks Discuss ISIS Threat ,,Americans and Turks Discuss ISIS Threat ,"Shiite militiamen clashed with members of the Islamic State in Fallujah, Iraq. Turkey wants to clear ISIS from its southern border.",Hadi Mizban/Associated Press,https://static01.nyt.com/images/2015/06/02/world/02MILITARY/02MILITARY-articleLarge.jpg,420,600,https://static01.nyt.com/images/2015/06/02/world/02MILITARY/02MILITARY-thumbStandard.jpg,75,75,Americans and Turks Discuss ISIS Threat,Americans and Turks Discuss ISIS Threat Officials are discussing a joint effort to clear Islamic State fighters away from Turkey’s southern border. Officials are discussing a joint effort to clear Islamic State fighters away from Turkey’s southern border.
"The two met in Beijing, and the visit by the Taiwanese party leader, Eric Chu, was the first official trip by a head of the party to the mainland since 2009.",article,nyt://article/8375ef07-6723-59f2-987f-8b2a31e784fd,"[{'name': 'Subject', 'value': 'Elections', 'rank': 1}, {'name': 'Person', 'value': 'Chu, Eric (1961- )', 'rank': 2}, {'name': 'Person', 'value': 'Ma Ying-jeou', 'rank': 3}, {'name': 'Person', 'value': 'Mao Zedong', 'rank': 4}, {'name': 'Person', 'value': 'Xi Jinping', 'rank': 5}, {'name': 'Organization', 'value': 'Asian Infrastructure Investment Bank', 'rank': 6}, {'name': 'Organization', 'value': 'Chinese Nationalist Party (Taiwan)', 'rank': 7}, {'name': 'Organization', 'value': 'Democratic Progressive Party (Taiwan)', 'rank': 8}, {'name': 'Location', 'value': 'Beijing (China)', 'rank': 9}, {'name': 'Location', 'value': 'China', 'rank': 10}, {'name': 'Location', 'value': 'Taiwan', 'rank': 11}]",Foreign,,,2015-05-04 10:02:56+00:00,World,"The two met in Beijing, and the visit by the Taiwanese party leader, Eric Chu, was the first official trip by a head of the party to the mainland since 2009.",The New York Times,Asia Pacific,News,nyt://article/8375ef07-6723-59f2-987f-8b2a31e784fd,https://sinosphere.blogs.nytimes.com/2015/05/04/eric-chu-xi-jinping-kuomintang-china-taiwan/,696,By Austin Ramzy,Chinese Leader and Head of Taiwan’s Kuomintang Discuss Economy and Disaster Response,Sinosphere,,"Eric Chu, left, chairman of the Kuomintang, met with President Xi Jinping of China in Beijing on Monday.",Agence France-Presse — Getty Images,https://static01.nyt.com/images/2015/05/05/sports/04sino-taiwan01/04sino-taiwan01-articleLarge.jpg,402,600,https://static01.nyt.com/images/2015/05/05/sports/04sino-taiwan01/04sino-taiwan01-thumbStandard.jpg,75,75,Chinese Leader and Head of Taiwan’s Kuomintang Discuss Economy and Disaster Response,"Chinese Leader and Head of Taiwan’s Kuomintang Discuss Economy and Disaster Response The two met in Beijing, and the visit by the Taiwanese party leader, Eric Chu, was the first official trip by a head of the party to the mainland since 2009. The two met in Beijing, and the visit by the Taiwanese party leader, Eric Chu, was the first official trip by a head of the party to the mainland since 2009."
Secretary General Ban Ki-moon of the United Nations said he was counting on the pope’s “moral leadership” to help limit human contributions to global warming.,article,nyt://article/9612d9e0-2143-50fb-bc59-447166e497fa,"[{'name': 'Person', 'value': 'Povoledo, Elisabetta', 'rank': 1}, {'name': 'Subject', 'value': 'Global Warming', 'rank': 2}, {'name': 'Person', 'value': 'Francis', 'rank': 3}, {'name': 'Organization', 'value': 'Roman Catholic Church', 'rank': 4}, {'name': 'Person', 'value': 'Ban Ki-moon', 'rank': 5}, {'name': 'Subject', 'value': 'Encyclicals', 'rank': 6}]",Foreign,8.0,A,2015-04-28 18:48:40+00:00,World,Secretary General Ban Ki-moon of the United Nations said he was counting on the pope’s “moral leadership” to help limit human contributions to global warming.,The New York Times,Europe,News,nyt://article/9612d9e0-2143-50fb-bc59-447166e497fa,https://www.nytimes.com/2015/04/29/world/europe/scientists-and-religious-leaders-discuss-climate-change-at-vatican.html,540,By Elisabetta Povoledo,Scientists and Religious Leaders Discuss Climate Change at Vatican,,Voices on Climate Change Gather at Vatican,Secretary General Ban Ki-moon of the United Nations during his visit to the Vatican on Tuesday.,Tony Gentile/Reuters,https://static01.nyt.com/images/2015/04/29/world/29VATICAN/29VATICAN-articleLarge.jpg,377,600,https://static01.nyt.com/images/2015/04/29/world/29VATICAN/29VATICAN-thumbStandard-v2.jpg,75,75,Scientists and Religious Leaders Discuss Climate Change at Vatican,Scientists and Religious Leaders Discuss Climate Change at Vatican Secretary General Ban Ki-moon of the United Nations said he was counting on the pope’s “moral leadership” to help limit human contributions to global warming. Secretary General Ban Ki-moon of the United Nations said he was counting on the pope’s “moral leadership” to help limit human contributions to global warming.
"The father of Austin Tice, who disappeared in Syria in 2012, and a State Department official said the governments of the two countries had been in direct contact.",article,nyt://article/9258b46c-b8c8-5ea5-b0d6-c8f851400a59,"[{'name': 'Person', 'value': 'Gladstone, Rick', 'rank': 1}, {'name': 'Location', 'value': 'Syria', 'rank': 2}, {'name': 'Person', 'value': 'Tice, Austin', 'rank': 3}, {'name': 'Subject', 'value': 'Missing Persons', 'rank': 4}, {'name': 'Subject', 'value': 'News and News Media', 'rank': 5}, {'name': 'Location', 'value': 'United States', 'rank': 6}]",Foreign,12.0,A,2015-03-27 03:36:53+00:00,World,"The father of Austin Tice, who disappeared in Syria in 2012, and a State Department official said the governments of the two countries had been in direct contact.",The New York Times,Middle East,News,nyt://article/9258b46c-b8c8-5ea5-b0d6-c8f851400a59,https://www.nytimes.com/2015/03/27/world/middleeast/us-and-syria-discuss-missing-journalist.html,393,By Rick Gladstone,U.S. and Syria Discuss Missing Journalist ,,U.S. and Syria Discuss Missing Journalist,,,,0,0,,0,0,U.S. and Syria Discuss Missing Journalist,"U.S. and Syria Discuss Missing Journalist The father of Austin Tice, who disappeared in Syria in 2012, and a State Department official said the governments of the two countries had been in direct contact. The father of Austin Tice, who disappeared in Syria in 2012, and a State Department official said the governments of the two countries had been in direct contact."
"The foreign ministers of South Korea, China and Japan will meet in Seoul, the South Korean capital, for the first time in three years this weekend.",article,nyt://article/f8faae96-5102-5790-8602-669fe95870b5,"[{'name': 'Location', 'value': 'China', 'rank': 1}, {'name': 'Location', 'value': 'South Korea', 'rank': 2}, {'name': 'Location', 'value': 'Japan', 'rank': 3}, {'name': 'Subject', 'value': 'Diplomatic Service, Embassies and Consulates', 'rank': 4}]",Foreign,5.0,A,2015-03-21 00:40:25+00:00,World,"The foreign ministers of South Korea, China and Japan will meet in Seoul, the South Korean capital, for the first time in three years this weekend.",The New York Times,Asia Pacific,Brief,nyt://article/f8faae96-5102-5790-8602-669fe95870b5,https://www.nytimes.com/2015/03/21/world/asia/south-korea-nations-to-discuss-disputes.html,118,By The Associated Press,South Korea: Nations to Discuss Disputes,World Briefing,Asia; South Korea: Nations to Discuss Disputes,,,,0,0,,0,0,South Korea: Nations to Discuss Disputes,"South Korea: Nations to Discuss Disputes The foreign ministers of South Korea, China and Japan will meet in Seoul, the South Korean capital, for the first time in three years this weekend. The foreign ministers of South Korea, China and Japan will meet in Seoul, the South Korean capital, for the first time in three years this weekend."
"Mr. Kerry plans to meet with King Salman and to consult with foreign ministers from Bahrain, Kuwait, Oman, Qatar and the United Arab Emirates.",article,nyt://article/ce15f720-e873-503b-ab24-8c9040fab223,"[{'name': 'Location', 'value': 'Iran', 'rank': 1}, {'name': 'Subject', 'value': 'Nuclear Weapons', 'rank': 2}, {'name': 'Subject', 'value': 'United States International Relations', 'rank': 3}, {'name': 'Person', 'value': 'Kerry, John', 'rank': 4}, {'name': 'Person', 'value': 'Salman, King of Saudi Arabia', 'rank': 5}, {'name': 'Person', 'value': 'Moniz, Ernest J', 'rank': 6}, {'name': 'Person', 'value': 'Salehi, Ali Akbar', 'rank': 7}]",Foreign,,,2015-03-04 14:27:48+00:00,World,"Mr. Kerry plans to meet with King Salman and to consult with foreign ministers from Bahrain, Kuwait, Oman, Qatar and the United Arab Emirates.",The New York Times,Middle East,News,nyt://article/ce15f720-e873-503b-ab24-8c9040fab223,https://www.nytimes.com/2015/03/05/world/middleeast/john-kerry-meeting-in-saudi-arabia-for-iran-nuclear-talks.html,748,By Michael R. Gordon,Kerry Flies to Saudi Arabia to Discuss Iran Nuclear Talks,,John Kerry Flies to Saudi Arabia to Discuss Iran Nuclear Talks,Secretary of State John Kerry during a break in the negotiations over Iran's nuclear program in Switzerland on Wednesday. ,"Jean-Christophe Bott/Keystone, via Associated Press",https://static01.nyt.com/images/2015/03/05/world/05DIPLO/05DIPLO-articleLarge.jpg,400,600,https://static01.nyt.com/images/2015/03/05/world/05DIPLO/05DIPLO-thumbStandard.jpg,75,75,Kerry Flies to Saudi Arabia to Discuss Iran Nuclear Talks,"Kerry Flies to Saudi Arabia to Discuss Iran Nuclear Talks Mr. Kerry plans to meet with King Salman and to consult with foreign ministers from Bahrain, Kuwait, Oman, Qatar and the United Arab Emirates. Mr. Kerry plans to meet with King Salman and to consult with foreign ministers from Bahrain, Kuwait, Oman, Qatar and the United Arab Emirates."
"The sides met for several hours, mostly to iron out technical issues in converting their diplomatic outposts into full-fledged embassies.",article,nyt://article/b808b30f-1d96-55eb-8d2f-bc35ced78016,"[{'name': 'Location', 'value': 'Cuba', 'rank': 1}, {'name': 'Person', 'value': 'Archibold, Randal C', 'rank': 2}, {'name': 'Subject', 'value': 'Diplomatic Service, Embassies and Consulates', 'rank': 3}, {'name': 'Location', 'value': 'United States', 'rank': 4}, {'name': 'Subject', 'value': 'United States International Relations', 'rank': 5}, {'name': 'Subject', 'value': 'Human Rights and Human Rights Violations', 'rank': 6}, {'name': 'Person', 'value': 'Jacobson, Roberta S', 'rank': 7}, {'name': 'Person', 'value': 'Castro, Raul', 'rank': 8}]",Foreign,6.0,A,2015-01-23 01:25:54+00:00,World,"The sides met for several hours, mostly to iron out technical issues in converting their diplomatic outposts into full-fledged embassies.",The New York Times,Americas,News,nyt://article/b808b30f-1d96-55eb-8d2f-bc35ced78016,https://www.nytimes.com/2015/01/23/world/conflict-and-smiles-as-us-and-cuba-discuss-ties.html,708,By Randal C. Archibold,"Conflict, and Smiles, as U.S. and Cuba Discuss Ties ",,"Conflict, and Smiles, as U.S. and Cuba Discuss Ties",,,,0,0,,0,0,"Conflict, and Smiles, as U.S. and Cuba Discuss Ties","Conflict, and Smiles, as U.S. and Cuba Discuss Ties The sides met for several hours, mostly to iron out technical issues in converting their diplomatic outposts into full-fledged embassies. The sides met for several hours, mostly to iron out technical issues in converting their diplomatic outposts into full-fledged embassies."
"The nations on Wednesday discussed migration, and a meeting on Thursday will cover matters like reopening embassies.",article,nyt://article/c9d1e73c-d6a0-5c15-9373-0022186439fd,"[{'name': 'Location', 'value': 'Cuba', 'rank': 1}, {'name': 'Person', 'value': 'Archibold, Randal C', 'rank': 2}, {'name': 'Subject', 'value': 'United States International Relations', 'rank': 3}, {'name': 'Subject', 'value': 'Immigration and Emigration', 'rank': 4}, {'name': 'Location', 'value': 'United States', 'rank': 5}, {'name': 'Person', 'value': 'Vidal, Josefina', 'rank': 6}, {'name': 'Person', 'value': 'Jacobson, Roberta S', 'rank': 7}]",Foreign,6.0,A,2015-01-22 02:25:47+00:00,World,"The nations on Wednesday discussed migration, and a meeting on Thursday will cover matters like reopening embassies.",The New York Times,Americas,News,nyt://article/c9d1e73c-d6a0-5c15-9373-0022186439fd,https://www.nytimes.com/2015/01/22/world/us-and-cuba-set-to-discuss-diplomatic-ties.html,605,By Randal C. Archibold,U.S. and Cuba Set to Discuss Diplomatic Ties,,U.S. and Cuba Set to Discuss Diplomatic Ties,,,,0,0,,0,0,U.S. and Cuba Set to Discuss Diplomatic Ties,"U.S. and Cuba Set to Discuss Diplomatic Ties The nations on Wednesday discussed migration, and a meeting on Thursday will cover matters like reopening embassies. The nations on Wednesday discussed migration, and a meeting on Thursday will cover matters like reopening embassies."
An expected session with President Raúl Castro did not materialize after the delegation met with several Cuba dissidents.,article,nyt://article/86f928ab-3d2c-5542-a2d8-84bdee3037a4,"[{'name': 'Person', 'value': 'Archibold, Randal C', 'rank': 1}, {'name': 'Location', 'value': 'Cuba', 'rank': 2}, {'name': 'Person', 'value': 'Castro, Raul', 'rank': 3}, {'name': 'Person', 'value': 'Leahy, Patrick J', 'rank': 4}, {'name': 'Person', 'value': 'Stabenow, Debbie', 'rank': 5}, {'name': 'Person', 'value': 'Durbin, Richard J', 'rank': 6}, {'name': 'Subject', 'value': 'United States International Relations', 'rank': 7}, {'name': 'Subject', 'value': 'International Trade and World Market', 'rank': 8}]",Foreign,6.0,A,2015-01-20 02:23:31+00:00,World,An expected session with President Raúl Castro did not materialize after the delegation met with several Cuba dissidents.,The New York Times,Americas,News,nyt://article/86f928ab-3d2c-5542-a2d8-84bdee3037a4,https://www.nytimes.com/2015/01/20/world/americas/members-of-congress-in-cuba-discuss-trade-but-dont-meet-with-castro.html,574,By Randal C. Archibold,"Members of Congress, in Cuba, Discuss Trade but Don’t Meet With Castro ",,"Members of Congress, in Cuba, Discuss Trade but Don’t Meet With Castro",,,,0,0,,0,0,"Members of Congress, in Cuba, Discuss Trade but Don’t Meet With Castro","Members of Congress, in Cuba, Discuss Trade but Don’t Meet With Castro An expected session with President Raúl Castro did not materialize after the delegation met with several Cuba dissidents. An expected session with President Raúl Castro did not materialize after the delegation met with several Cuba dissidents."
A newspaper reported an account of an alcohol-fueled “orgy” among soldiers and officers at a police station last month while Brussels was nearly shut down after the Paris massacre.,article,nyt://article/dcecb932-5fd4-5b82-911e-089a03f774f0,"[{'name': 'Person', 'value': 'Schreuer, Milan', 'rank': 1}, {'name': 'Subject', 'value': 'Police Brutality, Misconduct and Shootings', 'rank': 2}, {'name': 'Subject', 'value': 'Paris Attacks (November 2015)', 'rank': 3}, {'name': 'Location', 'value': 'Belgium', 'rank': 4}, {'name': 'Location', 'value': 'Brussels (Belgium)', 'rank': 5}, {'name': 'Location', 'value': 'Sint-Jans-Molenbeek (Belgium)', 'rank': 6}, {'name': 'Subject', 'value': 'Terrorism', 'rank': 7}, {'name': 'Organization', 'value': 'Islamic State in Iraq and Syria (ISIS)', 'rank': 8}, {'name': 'Subject', 'value': 'Police', 'rank': 9}, {'name': 'Keyword', 'value': 'orgy', 'rank': 10}]",Foreign,7.0,A,2015-12-30 18:29:57+00:00,World,A newspaper reported an account of an alcohol-fueled “orgy” among soldiers and officers at a police station last month while Brussels was nearly shut down after the Paris massacre.,The New York Times,Europe,News,nyt://article/dcecb932-5fd4-5b82-911e-089a03f774f0,https://www.nytimes.com/2015/12/31/world/europe/belgium-brussels-police-orgy.html,1145,By Milan Schreuer,Brussels Police Investigate Reports of Police Orgy Amid Terror Alert,,Brussels Investigates Report of Orgy at Police Station During Terror Alert,Police officers secured an area of Brussels last month. The authorities have started an internal investigation into reports that an orgy took place at a local police station while the region was on high alert.,Nicolas Maeterlinck/Agence France-Presse — Getty Images,https://static01.nyt.com/images/2015/12/31/world/31belgium-web1/31belgium-web1-articleLarge.jpg,400,600,https://static01.nyt.com/images/2015/12/31/world/31belgium-web1/31belgium-web1-thumbStandard.jpg,75,75,Brussels Police Investigate Reports of Police Orgy Amid Terror Alert,Brussels Police Investigate Reports of Police Orgy Amid Terror Alert A newspaper reported an account of an alcohol-fueled “orgy” among soldiers and officers at a police station last month while Brussels was nearly shut down after the Paris massacre. A newspaper reported an account of an alcohol-fueled “orgy” among soldiers and officers at a police station last month while Brussels was nearly shut down after the Paris massacre.
"It is estimated that 27,875 killings occurred in Venezuela this year, pushing the homicide rate up to 90 per 100,000 residents; last year, its count was 82 per 100,000.",article,nyt://article/687d4a24-c59c-5887-bb2d-9c9b85ab5ef0,"[{'name': 'Subject', 'value': 'Murders, Attempted Murders and Homicides', 'rank': 1}, {'name': 'Location', 'value': 'Venezuela', 'rank': 2}]",Foreign,7.0,A,2015-12-29 01:34:45+00:00,World,"It is estimated that 27,875 killings occurred in Venezuela this year, pushing the homicide rate up to 90 per 100,000 residents; last year, its count was 82 per 100,000.",The New York Times,Americas,Brief,nyt://article/687d4a24-c59c-5887-bb2d-9c9b85ab5ef0,https://www.nytimes.com/2015/12/29/world/americas/venezuela-murder-rate-for-year-may-be-worlds-worst-report-says.html,150,By The Associated Press,"Venezuela: Murder Rate for Year May Be World’s Worst, Report Says",World Briefing,"The Americas; Venezuela: Murder Rate for Year Among World’s Worst, Report Says",,,,0,0,,0,0,"Venezuela: Murder Rate for Year May Be World’s Worst, Report Says","Venezuela: Murder Rate for Year May Be World’s Worst, Report Says It is estimated that 27,875 killings occurred in Venezuela this year, pushing the homicide rate up to 90 per 100,000 residents; last year, its count was 82 per 100,000. It is estimated that 27,875 killings occurred in Venezuela this year, pushing the homicide rate up to 90 per 100,000 residents; last year, its count was 82 per 100,000."
"The death of the leader, Zahran Alloush, who commanded the Army of Islam, is a significant blow to the armed opposition in the Syria conflict.",article,nyt://article/e2999be8-6f39-5fd5-ba1f-3796f6b23520,"[{'name': 'Location', 'value': 'Syria', 'rank': 1}, {'name': 'Person', 'value': 'Barnard, Anne', 'rank': 2}, {'name': 'Person', 'value': 'Alloush, Zahran', 'rank': 3}, {'name': 'Person', 'value': 'Assad, Bashar al-', 'rank': 4}, {'name': 'Location', 'value': 'Russia', 'rank': 5}, {'name': 'Organization', 'value': 'Islamic State in Iraq and Syria (ISIS)', 'rank': 6}, {'name': 'Location', 'value': 'Damascus (Syria)', 'rank': 7}, {'name': 'Organization', 'value': 'Army of Islam', 'rank': 8}]",Foreign,4.0,A,2015-12-25 19:39:16+00:00,World,"The death of the leader, Zahran Alloush, who commanded the Army of Islam, is a significant blow to the armed opposition in the Syria conflict.",The New York Times,Middle East,News,nyt://article/e2999be8-6f39-5fd5-ba1f-3796f6b23520,https://www.nytimes.com/2015/12/26/world/middleeast/zahran-alloush-syria-rebel-leader-reported-killed.html,840,By Anne Barnard,Powerful Syrian Rebel Leader Reported Killed in Airstrike,,"In Blow to Syrian Insurgents, Airstrike Is Said to Kill Rebel Leader ","Zahran Alloush, who spoke at a wedding in July, led the Army of Islam insurgents in Syria. The group recently agreed to participate in a political process seeking to end the five-year-old conflict.",Amer Almohibany/Agence France-Presse — Getty Images,https://static01.nyt.com/images/2015/12/26/world/SYRIA/SYRIA-articleLarge.jpg,400,600,https://static01.nyt.com/images/2015/12/26/world/SYRIA/SYRIA-thumbStandard.jpg,75,75,Powerful Syrian Rebel Leader Reported Killed in Airstrike,"Powerful Syrian Rebel Leader Reported Killed in Airstrike The death of the leader, Zahran Alloush, who commanded the Army of Islam, is a significant blow to the armed opposition in the Syria conflict. The death of the leader, Zahran Alloush, who commanded the Army of Islam, is a significant blow to the armed opposition in the Syria conflict."
"Zeid Ra’ad al-Hussein, the high commissioner for Human Rights, said that he had ordered subordinates to inform him immediately when allegations of such abuse by peacekeepers arise.",article,nyt://article/921ea55c-8856-561f-90af-082fd149df47,"[{'name': 'Organization', 'value': 'United Nations', 'rank': 1}, {'name': 'Person', 'value': 'Sengupta, Somini', 'rank': 2}, {'name': 'Subject', 'value': 'Sex Crimes', 'rank': 3}, {'name': 'Person', 'value': 'Gladstone, Rick', 'rank': 4}, {'name': 'Person', 'value': ""Zeid Ra'ad Zeid Al Hussein"", 'rank': 5}, {'name': 'Subject', 'value': 'Human Rights and Human Rights Violations', 'rank': 6}, {'name': 'Subject', 'value': 'Child Abuse and Neglect', 'rank': 7}, {'name': 'Person', 'value': 'Ban Ki-moon', 'rank': 8}, {'name': 'Person', 'value': 'Kompass, Anders', 'rank': 9}]",Foreign,12.0,A,2015-12-23 01:40:17+00:00,World,"Zeid Ra’ad al-Hussein, the high commissioner for Human Rights, said that he had ordered subordinates to inform him immediately when allegations of such abuse by peacekeepers arise.",The New York Times,,News,nyt://article/921ea55c-8856-561f-90af-082fd149df47,https://www.nytimes.com/2015/12/23/world/un-wants-sexual-abuse-reported-immediately.html,483,By Rick Gladstone and Somini Sengupta,U.N. Wants Sexual Abuse Reported Immediately,,U.N. Wants Sexual Abuse Reported Immediately,,,,0,0,,0,0,U.N. Wants Sexual Abuse Reported Immediately,"U.N. Wants Sexual Abuse Reported Immediately Zeid Ra’ad al-Hussein, the high commissioner for Human Rights, said that he had ordered subordinates to inform him immediately when allegations of such abuse by peacekeepers arise. Zeid Ra’ad al-Hussein, the high commissioner for Human Rights, said that he had ordered subordinates to inform him immediately when allegations of such abuse by peacekeepers arise."
At least 33 buildings are destroyed and 91 people are missing after a sea of earth struck an industrial district in the city of Shenzhen.,article,nyt://article/d91f9d36-0a55-59f8-8c60-3c01b5ee6ee9,"[{'name': 'Location', 'value': 'China', 'rank': 1}, {'name': 'Subject', 'value': 'Landslides and Mudslides', 'rank': 2}, {'name': 'Location', 'value': 'Shenzhen (China)', 'rank': 3}, {'name': 'Subject', 'value': 'Missing Persons', 'rank': 4}]",Foreign,4.0,A,2015-12-20 18:45:13+00:00,World,At least 33 buildings are destroyed and 91 people are missing after a sea of earth struck an industrial district in the city of Shenzhen.,The New York Times,Asia Pacific,News,nyt://article/d91f9d36-0a55-59f8-8c60-3c01b5ee6ee9,https://www.nytimes.com/2015/12/21/world/asia/landslide-hits-southern-city-sending-hundreds-fleeing-china-reports.html,513,By Michael Forsythe,"Landslide Hits Southern City, Sending Hundreds Fleeing, China Reports",,Landslide in China Sends Hundreds Fleeing,Rescuers searched for survivors on Monday after a landslide in Shenzhen in southern China.,Andy Wong/Associated Press,https://static01.nyt.com/images/2015/12/22/world/22CHINA-web5/22CHINA-web5-articleLarge-v2.jpg,338,600,https://static01.nyt.com/images/2015/12/22/world/22CHINA-web5/22CHINA-web5-thumbStandard.jpg,75,75,"Landslide Hits Southern City, Sending Hundreds Fleeing, China Reports","Landslide Hits Southern City, Sending Hundreds Fleeing, China Reports At least 33 buildings are destroyed and 91 people are missing after a sea of earth struck an industrial district in the city of Shenzhen. At least 33 buildings are destroyed and 91 people are missing after a sea of earth struck an industrial district in the city of Shenzhen."
A panel said the United Nations failed to meet its own standards in investigating allegations of the abuse of boys by French soldiers in the Central African Republic.,article,nyt://article/e0d85601-50a4-54b4-bb11-87b2a793e3b5,"[{'name': 'Person', 'value': 'Gladstone, Rick', 'rank': 1}, {'name': 'Organization', 'value': 'United Nations', 'rank': 2}, {'name': 'Person', 'value': 'Sengupta, Somini', 'rank': 3}, {'name': 'Location', 'value': 'Central African Republic', 'rank': 4}, {'name': 'Subject', 'value': 'Child Abuse and Neglect', 'rank': 5}, {'name': 'Subject', 'value': 'Sex Crimes', 'rank': 6}, {'name': 'Subject', 'value': 'Defense and Military Forces', 'rank': 7}, {'name': 'Subject', 'value': 'Human Rights and Human Rights Violations', 'rank': 8}, {'name': 'Subject', 'value': 'Refugees and Displaced Persons', 'rank': 9}, {'name': 'Location', 'value': 'France', 'rank': 10}, {'name': 'Person', 'value': 'Ban Ki-moon', 'rank': 11}, {'name': 'Person', 'value': 'Deschamps, Marie', 'rank': 12}, {'name': 'Person', 'value': ""Zeid Ra'ad Zeid Al Hussein"", 'rank': 13}, {'name': 'Person', 'value': 'Kompass, Anders', 'rank': 14}]",Foreign,14.0,A,2015-12-17 18:51:43+00:00,World,A panel said the United Nations failed to meet its own standards in investigating allegations of the abuse of boys by French soldiers in the Central African Republic.,The New York Times,Africa,News,nyt://article/e0d85601-50a4-54b4-bb11-87b2a793e3b5,https://www.nytimes.com/2015/12/18/world/africa/report-criticizes-uns-handling-of-child-sex-abuse-allegations.html,1006,By Somini Sengupta and Rick Gladstone,Report Criticizes U.N.’s Handling of Child Sex Abuse Allegations,,Scathing Report Assails U.N. Handling of Child Sexual Abuse Allegations,,,,0,0,,0,0,Report Criticizes U.N.’s Handling of Child Sex Abuse Allegations,Report Criticizes U.N.’s Handling of Child Sex Abuse Allegations A panel said the United Nations failed to meet its own standards in investigating allegations of the abuse of boys by French soldiers in the Central African Republic. A panel said the United Nations failed to meet its own standards in investigating allegations of the abuse of boys by French soldiers in the Central African Republic.
"A review of the documents provides vivid details of the detainee abuse reported at a military outpost at Kalach, Afghanistan.",article,nyt://article/3960a995-96e7-52fe-9109-5bb1b2a1c7a1,"[{'name': 'Subject', 'value': 'Afghanistan War (2001-14)', 'rank': 1}, {'name': 'Subject', 'value': 'United States Defense and Military Forces', 'rank': 2}, {'name': 'Organization', 'value': 'Navy Seals', 'rank': 3}]",Foreign,,,2015-12-17 08:38:00+00:00,World,"A review of the documents provides vivid details of the detainee abuse reported at a military outpost at Kalach, Afghanistan.",The New York Times,Asia Pacific,News,nyt://article/3960a995-96e7-52fe-9109-5bb1b2a1c7a1,https://www.nytimes.com/2015/12/17/world/asia/navy-seals-ncis-report.html,731,By Christopher Drew and Nicholas Kulish,A Guide to the N.C.I.S. Investigative Report,,,"Abdul Aziz, left — the brother of a detainee, Muhammad Hashem, who died — and Assadullah, who was also abused as a detainee and, like many Afghans, has only one name.",Andrea Bruce for The New York Times,https://static01.nyt.com/images/2015/12/06/world/06SEALSDOCS/06SEALSDOCS-articleLarge.jpg,442,600,https://static01.nyt.com/images/2015/12/06/world/06SEALSDOCS/06SEALSDOCS-thumbStandard.jpg,75,75,A Guide to the N.C.I.S. Investigative Report,"A Guide to the N.C.I.S. Investigative Report A review of the documents provides vivid details of the detainee abuse reported at a military outpost at Kalach, Afghanistan. A review of the documents provides vivid details of the detainee abuse reported at a military outpost at Kalach, Afghanistan."
Four soldiers stationed at an isolated outpost told investigators that they had witnessed members of a Navy SEAL team mistreating Afghan detainees.,interactive,nyt://interactive/8218ec58-823e-5590-ba08-8ea29e06af8c,"[{'name': 'Organization', 'value': 'Navy Seals', 'rank': 1}, {'name': 'Location', 'value': 'Afghanistan', 'rank': 2}, {'name': 'Subject', 'value': 'Afghanistan War (2001-14)', 'rank': 3}, {'name': 'Subject', 'value': 'United States Defense and Military Forces', 'rank': 4}, {'name': 'Organization', 'value': 'United States Army', 'rank': 5}, {'name': 'Subject', 'value': 'Ethics and Official Misconduct', 'rank': 6}]",,,,2015-12-17 08:25:26+00:00,World,Four soldiers stationed at an isolated outpost told investigators that they had witnessed members of a Navy SEAL team mistreating Afghan detainees.,The New York Times,Asia Pacific,Interactive Feature,nyt://interactive/8218ec58-823e-5590-ba08-8ea29e06af8c,https://www.nytimes.com/interactive/2015/12/03/world/asia/document-soldier-statement.html,0,,Soldiers Report Abuse by Navy SEALs,,,,,https://static01.nyt.com/images/2015/12/03/world/asia/soldier-doc-photo/soldier-doc-photo-articleLarge.png,513,600,https://static01.nyt.com/images/2015/12/03/world/asia/soldier-doc-photo/soldier-doc-photo-thumbStandard.png,75,75,Soldiers Report Abuse by Navy SEALs,Soldiers Report Abuse by Navy SEALs Four soldiers stationed at an isolated outpost told investigators that they had witnessed members of a Navy SEAL team mistreating Afghan detainees. Four soldiers stationed at an isolated outpost told investigators that they had witnessed members of a Navy SEAL team mistreating Afghan detainees.
"The New York Times obtained the Naval Criminal Investigative Service report on the detainee abuse episode in Kalach through the Freedom of Information Act. The full document is 129 pages; the following 115 pages do not include photographic exhibits. The report was redacted by the United States Navy. In nearly all cases, the redactions are of the names of American service members.",interactive,nyt://interactive/2c69fd0b-9b15-5e2c-b1c4-1109ac2d526f,[],,,,2015-12-17 08:23:21+00:00,World,"The New York Times obtained the Naval Criminal Investigative Service report on the detainee abuse episode in Kalach through the Freedom of Information Act. The full document is 129 pages; the following 115 pages do not include photographic exhibits. The report was redacted by the United States Navy. In nearly all cases, the redactions are of the names of American service members.",The New York Times,Asia Pacific,Interactive Feature,nyt://interactive/2c69fd0b-9b15-5e2c-b1c4-1109ac2d526f,https://www.nytimes.com/interactive/2015/12/04/world/asia/document-full-ncis-report.html,0,,Full N.C.I.S. Investigative Report,,,,,https://static01.nyt.com/images/2015/12/04/world/asia/ncis-report-cover-photo/ncis-report-cover-photo-articleLarge.png,766,600,https://static01.nyt.com/images/2015/12/04/world/asia/ncis-report-cover-photo/ncis-report-cover-photo-thumbStandard.png,75,75,Full N.C.I.S. Investigative Report,"Full N.C.I.S. Investigative Report The New York Times obtained the Naval Criminal Investigative Service report on the detainee abuse episode in Kalach through the Freedom of Information Act. The full document is 129 pages; the following 115 pages do not include photographic exhibits. The report was redacted by the United States Navy. In nearly all cases, the redactions are of the names of American service members. The New York Times obtained the Naval Criminal Investigative Service report on the detainee abuse episode in Kalach through the Freedom of Information Act. The full document is 129 pages; the following 115 pages do not include photographic exhibits. The report was redacted by the United States Navy. In nearly all cases, the redactions are of the names of American service members."
"The state-run news media released a televised confession of one man, and identified two other suspects in the assault.",article,nyt://article/d3dbe10a-1e47-599d-b6cf-8130ca8368dd,"[{'name': 'Location', 'value': 'China', 'rank': 1}, {'name': 'Subject', 'value': 'Uighurs (Chinese Ethnic Group)', 'rank': 2}, {'name': 'Subject', 'value': 'Han Chinese (Ethnic Group)', 'rank': 3}, {'name': 'Subject', 'value': 'Terrorism', 'rank': 4}, {'name': 'Subject', 'value': 'Mines and Mining', 'rank': 5}, {'name': 'Subject', 'value': 'News and News Media', 'rank': 6}, {'name': 'Location', 'value': 'Xinjiang (China)', 'rank': 7}, {'name': 'Person', 'value': 'Tohti, Ilham', 'rank': 8}, {'name': 'Subject', 'value': 'Coal', 'rank': 9}]",Foreign,18.0,A,2015-12-16 10:54:09+00:00,World,"The state-run news media released a televised confession of one man, and identified two other suspects in the assault.",The New York Times,Asia Pacific,News,nyt://article/d3dbe10a-1e47-599d-b6cf-8130ca8368dd,https://www.nytimes.com/2015/12/17/world/asia/xinjiang-attack-china-terrorism.html,744,By Michael Forsythe,"Suspect in Xinjiang Mine Attack Spoke of Jihad, Chinese News Reports Say",,Jihad Said to Be Motive in Chinese Mine Attack,,,,0,0,,0,0,"Suspect in Xinjiang Mine Attack Spoke of Jihad, Chinese News Reports Say","Suspect in Xinjiang Mine Attack Spoke of Jihad, Chinese News Reports Say The state-run news media released a televised confession of one man, and identified two other suspects in the assault. The state-run news media released a televised confession of one man, and identified two other suspects in the assault."
From the International Herald Tribune archives: A battle takes place in Badlands in 1890.,article,nyt://article/ea885251-a96b-578c-ba94-62d8124d0410,"[{'name': 'Subject', 'value': 'Oglala Sioux Indians', 'rank': 1}, {'name': 'Location', 'value': 'Badlands National Park (SD)', 'rank': 2}, {'name': 'Location', 'value': 'Pine Ridge Indian Reservation (SD)', 'rank': 3}]",Foreign,,,2015-12-13 11:21:31+00:00,World,From the International Herald Tribune archives: A battle takes place in Badlands in 1890.,The New York Times,,News,nyt://article/ea885251-a96b-578c-ba94-62d8124d0410,https://iht-retrospective.blogs.nytimes.com/2015/12/13/1890-reported-battle-between-indians/,159,By International Herald Tribune,1890: Reported Battle Between Indians,IHT Retrospective,,,,,0,0,,0,0,1890: Reported Battle Between Indians,1890: Reported Battle Between Indians From the International Herald Tribune archives: A battle takes place in Badlands in 1890. From the International Herald Tribune archives: A battle takes place in Badlands in 1890.
The height of the epidemic in Liberia can be traced back to a single case of the disease probably introduced from Sierra Leone.,article,nyt://article/3c87e502-cee8-5018-af90-de326b6cc88d,"[{'name': 'Person', 'value': 'Fink, Sheri', 'rank': 1}, {'name': 'Subject', 'value': 'Ebola Virus', 'rank': 2}, {'name': 'Location', 'value': 'Sierra Leone', 'rank': 3}, {'name': 'Subject', 'value': 'Epidemics', 'rank': 4}, {'name': 'Location', 'value': 'Liberia', 'rank': 5}]",Foreign,10.0,A,2015-12-10 01:56:17+00:00,World,The height of the epidemic in Liberia can be traced back to a single case of the disease probably introduced from Sierra Leone.,The New York Times,Africa,Brief,nyt://article/3c87e502-cee8-5018-af90-de326b6cc88d,https://www.nytimes.com/2015/12/10/world/africa/report-traces-ebolas-spread-in-liberia.html,146,By Sheri Fink,Report Traces Ebola’s Spread in Liberia,World Briefing,Researchers Trace Virus’s Path,,,,0,0,,0,0,Report Traces Ebola’s Spread in Liberia,Report Traces Ebola’s Spread in Liberia The height of the epidemic in Liberia can be traced back to a single case of the disease probably introduced from Sierra Leone. The height of the epidemic in Liberia can be traced back to a single case of the disease probably introduced from Sierra Leone.
"Xu Ming, 44, once the eighth-richest person in China, died of a heart attack, according to news reports, less than a year before his expected release.",article,nyt://article/a3d2dfa8-35e9-5718-8ea1-e848f318a9dc,"[{'name': 'Location', 'value': 'China', 'rank': 1}, {'name': 'Person', 'value': 'Xu Ming', 'rank': 2}, {'name': 'Person', 'value': 'Bo Xilai', 'rank': 3}, {'name': 'Organization', 'value': 'Communist Party of China', 'rank': 4}, {'name': 'Subject', 'value': 'Deaths (Fatalities)', 'rank': 5}, {'name': 'Subject', 'value': 'Prisons and Prisoners', 'rank': 6}, {'name': 'Subject', 'value': 'Corruption (Institutional)', 'rank': 7}]",Foreign,6.0,A,2015-12-06 22:58:09+00:00,World,"Xu Ming, 44, once the eighth-richest person in China, died of a heart attack, according to news reports, less than a year before his expected release.",The New York Times,Asia Pacific,News,nyt://article/a3d2dfa8-35e9-5718-8ea1-e848f318a9dc,https://www.nytimes.com/2015/12/07/world/asia/china-xu-ming-dies-prison.html,715,By Michael Forsythe,"Chinese Businessman Linked to Corruption Scandals Dies in Prison, Reports Say",,"Chinese Businessman, 44, Dies in Prison, Reports Say",Xu Ming,China Daily/Reuters,https://static01.nyt.com/images/2015/12/07/world/CHINA/CHINA-articleLarge.jpg,857,600,https://static01.nyt.com/images/2015/12/07/world/CHINA/CHINA-thumbStandard.jpg,75,75,"Chinese Businessman Linked to Corruption Scandals Dies in Prison, Reports Say","Chinese Businessman Linked to Corruption Scandals Dies in Prison, Reports Say Xu Ming, 44, once the eighth-richest person in China, died of a heart attack, according to news reports, less than a year before his expected release. Xu Ming, 44, once the eighth-richest person in China, died of a heart attack, according to news reports, less than a year before his expected release."
"Questions have been raised over the methodology of a 2010 study that reported a steep fall in Afghanistan’s maternal mortality rate, which is used to measure improvement in a nation’s health.",article,nyt://article/65c332fc-40be-5166-8c6e-05c4b88e21bd,"[{'name': 'Person', 'value': 'Nordland, Rod', 'rank': 1}, {'name': 'Subject', 'value': 'Pregnancy and Childbirth', 'rank': 2}, {'name': 'Location', 'value': 'Afghanistan', 'rank': 3}, {'name': 'Organization', 'value': 'United States Agency for International Development', 'rank': 4}, {'name': 'Subject', 'value': 'Medicine and Health', 'rank': 5}, {'name': 'Subject', 'value': 'Midwives', 'rank': 6}]",Foreign,9.0,A,2015-12-04 16:14:41+00:00,World,"Questions have been raised over the methodology of a 2010 study that reported a steep fall in Afghanistan’s maternal mortality rate, which is used to measure improvement in a nation’s health.",The New York Times,Asia Pacific,News,nyt://article/65c332fc-40be-5166-8c6e-05c4b88e21bd,https://www.nytimes.com/2015/12/05/world/asia/afghanistan-maternal-mortality-rate.html,646,By Rod Nordland,Reported Gains in Afghan Maternal Health Are Found to Be Implausible,,Health Report on Childbirth by Afghans Is Challenged,"Women and their children on the outskirts of Jalalabad in Afghanistan. In 2002, when maternal health was surveyed soon after the American-led invasion that ousted the Taliban, the mortality rate was 1,600, meaning that 1,600 women died for every 100,000 live births.",Rahmat Gul/Associated Press,https://static01.nyt.com/images/2015/12/05/world/05Afghanhealth-web/05Afghanhealth-web-articleLarge.jpg,401,600,https://static01.nyt.com/images/2015/12/05/world/05Afghanhealth-web/05Afghanhealth-web-thumbStandard.jpg,75,75,Reported Gains in Afghan Maternal Health Are Found to Be Implausible,"Reported Gains in Afghan Maternal Health Are Found to Be Implausible Questions have been raised over the methodology of a 2010 study that reported a steep fall in Afghanistan’s maternal mortality rate, which is used to measure improvement in a nation’s health. Questions have been raised over the methodology of a 2010 study that reported a steep fall in Afghanistan’s maternal mortality rate, which is used to measure improvement in a nation’s health."
"Major American news outlets, including The Los Angeles Times and Fox News, were ridiculed on Thursday for apparently falling victim to a hoax.",article,nyt://article/6e02db54-4577-5426-bdad-a15f5287b24c,"[{'name': 'Subject', 'value': 'Hoaxes and Pranks', 'rank': 1}, {'name': 'Subject', 'value': 'News and News Media', 'rank': 2}, {'name': 'Organization', 'value': 'Fox News Channel', 'rank': 3}, {'name': 'Person', 'value': 'Erdogan, Recep Tayyip', 'rank': 4}, {'name': 'Location', 'value': 'San Bernardino (Calif)', 'rank': 5}, {'name': 'Location', 'value': 'Turkey', 'rank': 6}, {'name': 'Subject', 'value': 'Murders, Attempted Murders and Homicides', 'rank': 7}, {'name': 'Organization', 'value': 'Los Angeles Times', 'rank': 8}, {'name': 'Subject', 'value': 'San Bernardino, Calif, Shooting (2015)', 'rank': 9}]",Foreign,,,2015-12-04 01:25:20+00:00,World,"Major American news outlets, including The Los Angeles Times and Fox News, were ridiculed on Thursday for apparently falling victim to a hoax.",The New York Times,Europe,News,nyt://article/6e02db54-4577-5426-bdad-a15f5287b24c,https://www.nytimes.com/2015/12/04/world/europe/us-media-mocked-abroad-for-reporting-false-name-of-california-shooting-suspect.html,325,By Robert Mackey,U.S. Media Mocked Abroad for Reporting False Name of California Shooting Suspect,Open Source,U.S. Media Mocked Abroad for Reporting False Name of Shooting Suspect in California,President Recep Tayyip Erdogan of Turkey received an honorary degree from Qatar University in Doha on Wednesday.,Pool photo by Yasin Bulbul,https://static01.nyt.com/images/2015/12/03/world/europe/03open_turkey/03open_turkey-articleLarge.jpg,413,600,https://static01.nyt.com/images/2015/12/03/world/europe/03open_turkey/03open_turkey-thumbStandard.jpg,75,75,U.S. Media Mocked Abroad for Reporting False Name of California Shooting Suspect,"U.S. Media Mocked Abroad for Reporting False Name of California Shooting Suspect Major American news outlets, including The Los Angeles Times and Fox News, were ridiculed on Thursday for apparently falling victim to a hoax. Major American news outlets, including The Los Angeles Times and Fox News, were ridiculed on Thursday for apparently falling victim to a hoax."
"Analysts, while not ruling out the possibility of the shooting of Mullah Akhtar Muhammad Mansour because of rising tensions, said initial details were contradictory at best.",article,nyt://article/3891952a-af9d-56f6-b8cc-54cede19d0fe,"[{'name': 'Person', 'value': 'Mashal, Mujib', 'rank': 1}, {'name': 'Location', 'value': 'Afghanistan', 'rank': 2}, {'name': 'Location', 'value': 'Pakistan', 'rank': 3}, {'name': 'Organization', 'value': 'Taliban', 'rank': 4}, {'name': 'Person', 'value': 'Mansour, Akhtar Muhammad', 'rank': 5}, {'name': 'Person', 'value': 'Omar, Muhammad (Taliban Leader)', 'rank': 6}, {'name': 'Location', 'value': 'Quetta (Pakistan)', 'rank': 7}, {'name': 'Subject', 'value': 'Murders, Attempted Murders and Homicides', 'rank': 8}, {'name': 'Person', 'value': 'Ghani, Ashraf', 'rank': 9}, {'name': 'Person', 'value': 'Sharif, Nawaz', 'rank': 10}]",Foreign,16.0,A,2015-12-03 08:59:09+00:00,World,"Analysts, while not ruling out the possibility of the shooting of Mullah Akhtar Muhammad Mansour because of rising tensions, said initial details were contradictory at best.",The New York Times,Asia Pacific,News,nyt://article/3891952a-af9d-56f6-b8cc-54cede19d0fe,https://www.nytimes.com/2015/12/04/world/asia/afghanistan-taliban-leader-mullah-mansour.html,924,By Mujib Mashal,Conflicting Reports on Taliban Leader’s Status Highlight Fraying Unity,,Conflicting Reports on Taliban Leader&#8217;s Status Highlight Group&#8217;s Fraying Unity,"Mullah Akhtar Muhammad Mansour, the supreme leader of the Taliban, in an undated photo.",Reuters,,0,0,https://static01.nyt.com/images/2015/12/03/world/04taliban01/04taliban01-thumbStandard.jpg,75,75,Conflicting Reports on Taliban Leader’s Status Highlight Fraying Unity,"Conflicting Reports on Taliban Leader’s Status Highlight Fraying Unity Analysts, while not ruling out the possibility of the shooting of Mullah Akhtar Muhammad Mansour because of rising tensions, said initial details were contradictory at best. Analysts, while not ruling out the possibility of the shooting of Mullah Akhtar Muhammad Mansour because of rising tensions, said initial details were contradictory at best."
"News of the worst economic performance in two decades is the culmination of months of crisis, paralysis and political scandal.",article,nyt://article/2a037f7e-fa30-5869-a303-e303ab405c66,"[{'name': 'Location', 'value': 'Brazil', 'rank': 1}, {'name': 'Person', 'value': 'Romero, Simon', 'rank': 2}, {'name': 'Organization', 'value': 'Petroleo Brasileiro SA Petrobras', 'rank': 3}, {'name': 'Subject', 'value': 'Economic Conditions and Trends', 'rank': 4}, {'name': 'Person', 'value': 'Rousseff, Dilma', 'rank': 5}]",Foreign,8.0,A,2015-12-02 00:55:09+00:00,World,"News of the worst economic performance in two decades is the culmination of months of crisis, paralysis and political scandal.",The New York Times,Americas,News,nyt://article/2a037f7e-fa30-5869-a303-e303ab405c66,https://www.nytimes.com/2015/12/02/world/americas/economic-report-adds-to-brazils-mounting-woes.html,891,By Simon Romero,Economic Report Adds to Brazil’s Mounting Woes,,Economic Report Adds to Brazil&#8217;s Mounting Woes,"The political survival of President Dilma Rousseff of Brazil, shown Monday in France, is in doubt.",Loic Venance/Agence France-Presse — Getty Images,https://static01.nyt.com/images/2015/12/02/world/02BRAZIL/02BRAZIL-articleLarge.jpg,400,600,https://static01.nyt.com/images/2015/12/02/world/02BRAZIL/02BRAZIL-thumbStandard.jpg,75,75,Economic Report Adds to Brazil’s Mounting Woes,"Economic Report Adds to Brazil’s Mounting Woes News of the worst economic performance in two decades is the culmination of months of crisis, paralysis and political scandal. News of the worst economic performance in two decades is the culmination of months of crisis, paralysis and political scandal."
The latest report by the Chinese government assesses how climate change has affected and is likely to affect China.,article,nyt://article/586dd635-6cb4-5d15-8f80-a691fa820300,"[{'name': 'Subject', 'value': 'Global Warming', 'rank': 1}, {'name': 'Location', 'value': 'China', 'rank': 2}, {'name': 'Subject', 'value': 'Air Pollution', 'rank': 3}, {'name': 'Subject', 'value': 'Agriculture and Farming', 'rank': 4}, {'name': 'Subject', 'value': 'United Nations Framework Convention on Climate Change', 'rank': 5}]",Foreign,,,2015-11-30 09:08:44+00:00,World,The latest report by the Chinese government assesses how climate change has affected and is likely to affect China.,The New York Times,Asia Pacific,News,nyt://article/586dd635-6cb4-5d15-8f80-a691fa820300,https://www.nytimes.com/2015/12/01/world/asia/china-climate-change-global-warming.html,678,By Chris Buckley,The Findings of China’s Climate Change Report,Sinosphere,,A woman wearing a mask in central Beijing on Monday in the worst recorded smog of the year. Dangerous particulates reached nearly 20 times healthy levels as President Xi Jinping joined other world leaders in Paris for climate change talks.,Fred Dufour/Agence France-Presse — Getty Images,https://static01.nyt.com/images/2015/11/30/world/01CHINACLIMATE/30CHINACLIMATE-articleLarge.jpg,400,600,https://static01.nyt.com/images/2015/11/30/world/01CHINACLIMATE/01CHINACLIMATE-thumbStandard.jpg,75,75,The Findings of China’s Climate Change Report,The Findings of China’s Climate Change Report The latest report by the Chinese government assesses how climate change has affected and is likely to affect China. The latest report by the Chinese government assesses how climate change has affected and is likely to affect China.
An assessment from state-appointed experts was released just before negotiations in Paris for a new international agreement to lower greenhouse-gas pollution.,article,nyt://article/1fa630f3-4d1b-5455-8ca5-94e2dc3e7e7d,"[{'name': 'Location', 'value': 'China', 'rank': 1}, {'name': 'Subject', 'value': 'Global Warming', 'rank': 2}, {'name': 'Subject', 'value': 'United Nations Framework Convention on Climate Change', 'rank': 3}, {'name': 'Subject', 'value': 'Greenhouse Gas Emissions', 'rank': 4}, {'name': 'Organization', 'value': 'European Union', 'rank': 5}, {'name': 'Person', 'value': 'Xi Jinping', 'rank': 6}, {'name': 'Subject', 'value': 'Environment', 'rank': 7}, {'name': 'Location', 'value': 'Three Gorges Dam (China)', 'rank': 8}, {'name': 'Location', 'value': 'Tibet', 'rank': 9}]",Foreign,11.0,A,2015-11-29 18:54:59+00:00,World,An assessment from state-appointed experts was released just before negotiations in Paris for a new international agreement to lower greenhouse-gas pollution.,The New York Times,Asia Pacific,News,nyt://article/1fa630f3-4d1b-5455-8ca5-94e2dc3e7e7d,https://www.nytimes.com/2015/11/30/world/asia/chinese-report-on-climate-change-depicts-somber-scenarios.html,1238,By Chris Buckley,Chinese Report on Climate Change Depicts Somber Scenarios,,China Climate Report Lists Risks of Warming ,"Changing rainfall patterns will eventually mean that the Three Gorges Dam in China, one of the world’s largest, endures more frequent shortfalls in dry seasons and more intense floods in wet seasons, a report says.",Agence France-Presse — Getty Images,https://static01.nyt.com/images/2015/11/30/world/30CHINACLIMATE1/30CHINACLIMATE1-articleLarge.jpg,296,600,https://static01.nyt.com/images/2015/11/30/world/30CHINACLIMATE1/30CHINACLIMATE1-thumbStandard.jpg,75,75,Chinese Report on Climate Change Depicts Somber Scenarios,Chinese Report on Climate Change Depicts Somber Scenarios An assessment from state-appointed experts was released just before negotiations in Paris for a new international agreement to lower greenhouse-gas pollution. An assessment from state-appointed experts was released just before negotiations in Paris for a new international agreement to lower greenhouse-gas pollution.
"Pakistani intelligence officials said that an American drone strike in Afghanistan had killed Khan Sayed, the leader of a breakaway faction of the Pakistani Taliban.",article,nyt://article/0ffe2534-82a9-5359-876d-96e3f691b88f,"[{'name': 'Person', 'value': 'Mehsud, Ihsanullah Tipu', 'rank': 1}, {'name': 'Subject', 'value': 'Targeted Killings', 'rank': 2}, {'name': 'Location', 'value': 'Pakistan', 'rank': 3}, {'name': 'Location', 'value': 'Afghanistan', 'rank': 4}, {'name': 'Subject', 'value': 'Drones (Pilotless Planes)', 'rank': 5}, {'name': 'Person', 'value': 'Sayed, Khan (Sajna)', 'rank': 6}, {'name': 'Organization', 'value': 'Tehrik-e-Taliban', 'rank': 7}, {'name': 'Organization', 'value': 'Taliban', 'rank': 8}, {'name': 'Person', 'value': 'Mehsud, Hakimullah', 'rank': 9}, {'name': 'Location', 'value': 'United States', 'rank': 10}]",Foreign,16.0,A,2015-11-25 21:12:25+00:00,World,"Pakistani intelligence officials said that an American drone strike in Afghanistan had killed Khan Sayed, the leader of a breakaway faction of the Pakistani Taliban.",The New York Times,Asia Pacific,News,nyt://article/0ffe2534-82a9-5359-876d-96e3f691b88f,https://www.nytimes.com/2015/11/26/world/asia/afghanistan-pakistan-taliban-sajna.html,386,By Ihsanullah Tipu Mehsud,Pakistani Taliban Commander Reported Killed in Drone Strike in Afghanistan,,A Top Militant Is Reported Killed in Pakistan,"Khan Sayed, also known as Sajna, led a breakaway faction of the Pakistani Taliban.",European Pressphoto Agency,,0,0,https://static01.nyt.com/images/2015/11/26/world/26pakistan-web/26pakistan-web-thumbStandard.jpg,75,75,Pakistani Taliban Commander Reported Killed in Drone Strike in Afghanistan,"Pakistani Taliban Commander Reported Killed in Drone Strike in Afghanistan Pakistani intelligence officials said that an American drone strike in Afghanistan had killed Khan Sayed, the leader of a breakaway faction of the Pakistani Taliban. Pakistani intelligence officials said that an American drone strike in Afghanistan had killed Khan Sayed, the leader of a breakaway faction of the Pakistani Taliban."
"The dead, including women and children, were said to have been involved in a knife attack in September that left 50 people dead at a mine near the Kyrgyzstan border.",article,nyt://article/e02ba76f-8207-5328-b126-df2800727574,"[{'name': 'Location', 'value': 'China', 'rank': 1}, {'name': 'Subject', 'value': 'Uighurs (Chinese Ethnic Group)', 'rank': 2}, {'name': 'Location', 'value': 'Xinjiang (China)', 'rank': 3}, {'name': 'Organization', 'value': 'Amnesty International', 'rank': 4}, {'name': 'Subject', 'value': 'Terrorism', 'rank': 5}, {'name': 'Subject', 'value': 'Mines and Mining', 'rank': 6}, {'name': 'Subject', 'value': 'Police Brutality, Misconduct and Shootings', 'rank': 7}, {'name': 'Subject', 'value': 'Deaths (Fatalities)', 'rank': 8}]",Foreign,4.0,A,2015-11-18 16:21:03+00:00,World,"The dead, including women and children, were said to have been involved in a knife attack in September that left 50 people dead at a mine near the Kyrgyzstan border.",The New York Times,Asia Pacific,News,nyt://article/e02ba76f-8207-5328-b126-df2800727574,https://www.nytimes.com/2015/11/19/world/asia/police-in-china-kill-17-linked-to-mine-attack-report-says.html,607,By Javier C. Hernández,"Police in China Kill 17 Linked to Mine Attack, Report Says",,Police in China Said to Kill 17 Linked to Knife Attack at Mine,,,,0,0,,0,0,"Police in China Kill 17 Linked to Mine Attack, Report Says","Police in China Kill 17 Linked to Mine Attack, Report Says The dead, including women and children, were said to have been involved in a knife attack in September that left 50 people dead at a mine near the Kyrgyzstan border. The dead, including women and children, were said to have been involved in a knife attack in September that left 50 people dead at a mine near the Kyrgyzstan border."
"The reason for the arrest of the cartoonist, Hadi Heidari, was not clear. It came amid a crackdown against perceived Western infiltration, activists said.",article,nyt://article/cd773060-7f72-56b1-90f9-6bad988e6b3d,"[{'name': 'Location', 'value': 'Iran', 'rank': 1}, {'name': 'Person', 'value': 'Gladstone, Rick', 'rank': 2}, {'name': 'Subject', 'value': 'Cartoons and Cartoonists', 'rank': 3}, {'name': 'Person', 'value': 'Heidari, Hadi', 'rank': 4}, {'name': 'Subject', 'value': 'Newspapers', 'rank': 5}, {'name': 'Subject', 'value': 'Paris Attacks (November 2015)', 'rank': 6}, {'name': 'Subject', 'value': 'Terrorism', 'rank': 7}, {'name': 'Organization', 'value': 'International Federation of Red Cross and Red Crescent Societies', 'rank': 8}, {'name': 'Location', 'value': 'France', 'rank': 9}, {'name': 'Person', 'value': 'Khamenei, Ali', 'rank': 10}]",Foreign,13.0,A,2015-11-16 21:37:46+00:00,World,"The reason for the arrest of the cartoonist, Hadi Heidari, was not clear. It came amid a crackdown against perceived Western infiltration, activists said.",The New York Times,Middle East,News,nyt://article/cd773060-7f72-56b1-90f9-6bad988e6b3d,https://www.nytimes.com/2015/11/17/world/middleeast/prominent-iranian-cartoonist-reported-arrested-in-tehran.html,455,By Rick Gladstone,Prominent Iranian Cartoonist Reported Arrested in Tehran,,World Briefing | Middle East; Iran: Newspaper Cartoonist Is Arrested,,,,0,0,,0,0,Prominent Iranian Cartoonist Reported Arrested in Tehran,"Prominent Iranian Cartoonist Reported Arrested in Tehran The reason for the arrest of the cartoonist, Hadi Heidari, was not clear. It came amid a crackdown against perceived Western infiltration, activists said. The reason for the arrest of the cartoonist, Hadi Heidari, was not clear. It came amid a crackdown against perceived Western infiltration, activists said."
A Kurdistan government team plans to excavate the site to try to confirm suspicions of executed older Yazidi women whom the Islamic State did not want as sex slaves.,article,nyt://article/1bedc530-2c92-5e8b-9f39-1fc199d81228,"[{'name': 'Subject', 'value': 'Kurds', 'rank': 1}, {'name': 'Subject', 'value': 'Yazidi (Religious Sect)', 'rank': 2}, {'name': 'Location', 'value': 'Sinjar (Iraq)', 'rank': 3}, {'name': 'Organization', 'value': 'Islamic State in Iraq and Syria (ISIS)', 'rank': 4}]",Foreign,,,2015-11-14 23:27:43+00:00,World,A Kurdistan government team plans to excavate the site to try to confirm suspicions of executed older Yazidi women whom the Islamic State did not want as sex slaves.,The New York Times,Middle East,News,nyt://article/1bedc530-2c92-5e8b-9f39-1fc199d81228,https://www.nytimes.com/2015/11/15/world/middleeast/iraq-sinjar-kurds-mass-graves-yazidis.html,167,By Michael R. Gordon,Kurds Investigate Reports of Mass Grave of Yazidis in Sinjar,,,,,,0,0,,0,0,Kurds Investigate Reports of Mass Grave of Yazidis in Sinjar,Kurds Investigate Reports of Mass Grave of Yazidis in Sinjar A Kurdistan government team plans to excavate the site to try to confirm suspicions of executed older Yazidi women whom the Islamic State did not want as sex slaves. A Kurdistan government team plans to excavate the site to try to confirm suspicions of executed older Yazidi women whom the Islamic State did not want as sex slaves.
The report by a Kenyan watchdog group accuses the Kenyan military of making money on smuggling alongside the Shabab Islamist militants in Somalia.,article,nyt://article/4d52d8c6-48de-552e-aa0d-1d824993bb37,"[{'name': 'Person', 'value': 'Kron, Josh', 'rank': 1}, {'name': 'Organization', 'value': 'Shabab', 'rank': 2}, {'name': 'Location', 'value': 'Kenya', 'rank': 3}, {'name': 'Location', 'value': 'Somalia', 'rank': 4}, {'name': 'Organization', 'value': 'Journalists for Justice', 'rank': 5}, {'name': 'Subject', 'value': 'Smuggling', 'rank': 6}, {'name': 'Subject', 'value': 'Sugar', 'rank': 7}, {'name': 'Subject', 'value': 'Defense and Military Forces', 'rank': 8}, {'name': 'Subject', 'value': 'Corruption (Institutional)', 'rank': 9}]",Foreign,3.0,A,2015-11-13 02:12:15+00:00,World,The report by a Kenyan watchdog group accuses the Kenyan military of making money on smuggling alongside the Shabab Islamist militants in Somalia.,The New York Times,Africa,News,nyt://article/4d52d8c6-48de-552e-aa0d-1d824993bb37,https://www.nytimes.com/2015/11/13/world/africa/report-ties-kenyan-army-to-militants-smuggling.html,681,By Josh Kron,Report Ties Kenyan Army to Militants’ Smuggling ,,Report Ties Kenyan Army to Militants&#8217; Smuggling ,Kenyan and Somali troops in 2011 amid charcoal in Somalia that had been controlled by militants who used it for revenue.,Noor Khamis/Reuters,https://static01.nyt.com/images/2015/11/13/world/13kenya-sub/13kenya-sub-articleLarge.jpg,400,600,https://static01.nyt.com/images/2015/11/13/world/13kenya-sub/13kenya-sub-thumbStandard.jpg,75,75,Report Ties Kenyan Army to Militants’ Smuggling,Report Ties Kenyan Army to Militants’ Smuggling The report by a Kenyan watchdog group accuses the Kenyan military of making money on smuggling alongside the Shabab Islamist militants in Somalia. The report by a Kenyan watchdog group accuses the Kenyan military of making money on smuggling alongside the Shabab Islamist militants in Somalia.
"President Xi Jinping’s legal overhauls have not resulted in a more humane system, the Amnesty International report contended.",article,nyt://article/df9443d6-e5a4-5c1f-9b9d-433f7ae64217,"[{'name': 'Location', 'value': 'China', 'rank': 1}, {'name': 'Organization', 'value': 'Amnesty International', 'rank': 2}, {'name': 'Subject', 'value': 'Human Rights and Human Rights Violations', 'rank': 3}, {'name': 'Subject', 'value': 'Torture', 'rank': 4}, {'name': 'Subject', 'value': 'Legal Profession', 'rank': 5}, {'name': 'Person', 'value': 'Xi Jinping', 'rank': 6}]",Foreign,8.0,A,2015-11-12 13:07:23+00:00,World,"President Xi Jinping’s legal overhauls have not resulted in a more humane system, the Amnesty International report contended.",The New York Times,Asia Pacific,News,nyt://article/df9443d6-e5a4-5c1f-9b9d-433f7ae64217,https://www.nytimes.com/2015/11/13/world/asia/china-rights-lawyers-abuse-amnesty-international.html,518,By Javier C. Hernández,"Rights Lawyers in China Routinely Face Abuse, Report Says",,"World Briefing | Asia; China: Abuse Is Routine, Report Says",,,,0,0,,0,0,"Rights Lawyers in China Routinely Face Abuse, Report Says","Rights Lawyers in China Routinely Face Abuse, Report Says President Xi Jinping’s legal overhauls have not resulted in a more humane system, the Amnesty International report contended. President Xi Jinping’s legal overhauls have not resulted in a more humane system, the Amnesty International report contended."
"China has been using up to 17 percent more coal a year than reported. By some estimates, that means almost a billion more tons of carbon dioxide released annually.",article,nyt://article/3dbadfad-4de2-5035-8418-c7830c292f7c,"[{'name': 'Location', 'value': 'China', 'rank': 1}, {'name': 'Subject', 'value': 'Greenhouse Gas Emissions', 'rank': 2}, {'name': 'Subject', 'value': 'Coal', 'rank': 3}, {'name': 'Subject', 'value': 'Global Warming', 'rank': 4}, {'name': 'Subject', 'value': 'Mines and Mining', 'rank': 5}, {'name': 'Person', 'value': 'Xi Jinping', 'rank': 6}]",Foreign,1.0,A,2015-11-03 22:24:35+00:00,World,"China has been using up to 17 percent more coal a year than reported. By some estimates, that means almost a billion more tons of carbon dioxide released annually.",The New York Times,Asia Pacific,News,nyt://article/3dbadfad-4de2-5035-8418-c7830c292f7c,https://www.nytimes.com/2015/11/04/world/asia/china-burns-much-more-coal-than-reported-complicating-climate-talks.html,1198,By Chris Buckley,"China Burns Much More Coal Than Reported, Complicating Climate Talks",,China Is Burning Much More Coal Than It Claimed,"A train carrying coal passed through a station in Sichuan Province, China, in March.",Kevin Frayer/Getty Images,https://static01.nyt.com/images/2015/11/04/world/04chinacoal-web1/04chinacoal-web1-articleLarge.jpg,399,600,https://static01.nyt.com/images/2015/11/04/world/04chinacoal-web1/04chinacoal-web1-thumbStandard.jpg,75,75,"China Burns Much More Coal Than Reported, Complicating Climate Talks","China Burns Much More Coal Than Reported, Complicating Climate Talks China has been using up to 17 percent more coal a year than reported. By some estimates, that means almost a billion more tons of carbon dioxide released annually. China has been using up to 17 percent more coal a year than reported. By some estimates, that means almost a billion more tons of carbon dioxide released annually."
"The document, slated to be vetted by national security agencies before publication, will come after an inquiry that began in 2009 and has cost more than $15 million.",article,nyt://article/fb4a087f-8ee0-5619-87d8-1166f58df5f2,"[{'name': 'Person', 'value': 'Castle, Stephen', 'rank': 1}, {'name': 'Subject', 'value': 'Iraq War (2003-11)', 'rank': 2}, {'name': 'Location', 'value': 'Great Britain', 'rank': 3}, {'name': 'Organization', 'value': 'Labour Party (Great Britain)', 'rank': 4}, {'name': 'Person', 'value': 'Cameron, David', 'rank': 5}]",Foreign,9.0,A,2015-10-29 21:31:29+00:00,World,"The document, slated to be vetted by national security agencies before publication, will come after an inquiry that began in 2009 and has cost more than $15 million.",The New York Times,Europe,News,nyt://article/fb4a087f-8ee0-5619-87d8-1166f58df5f2,https://www.nytimes.com/2015/10/30/world/europe/delayed-report-on-britains-role-in-iraq-war-is-expected-in-summer.html,605,By Stephen Castle,Delayed Report on Britain’s Role in Iraq War Is Expected in Summer,,Report on British Role in Iraq War Expected in Summer,,,,0,0,,0,0,Delayed Report on Britain’s Role in Iraq War Is Expected in Summer,"Delayed Report on Britain’s Role in Iraq War Is Expected in Summer The document, slated to be vetted by national security agencies before publication, will come after an inquiry that began in 2009 and has cost more than $15 million. The document, slated to be vetted by national security agencies before publication, will come after an inquiry that began in 2009 and has cost more than $15 million."
Reporters in Istanbul covered the raid on their offices as the government seized control of a media group critical of the ruling party.,article,nyt://article/63a108c3-930d-5874-8545-0a444e646ae3,"[{'name': 'Location', 'value': 'Turkey', 'rank': 1}, {'name': 'Person', 'value': 'Erdogan, Recep Tayyip', 'rank': 2}, {'name': 'Subject', 'value': 'Freedom of the Press', 'rank': 3}, {'name': 'Person', 'value': 'Demirtas, Selahattin', 'rank': 4}, {'name': 'Subject', 'value': 'News and News Media', 'rank': 5}]",Foreign,,,2015-10-29 01:15:21+00:00,World,Reporters in Istanbul covered the raid on their offices as the government seized control of a media group critical of the ruling party.,The New York Times,Europe,News,nyt://article/63a108c3-930d-5874-8545-0a444e646ae3,https://www.nytimes.com/2015/10/29/world/europe/turkish-journalists-report-police-raid-on-their-own-offices.html,414,By Robert Mackey,Turkish Journalists Report Police Raid on Their Own Offices,Open Source,Turkish Journalists Report Police Raid on Their Own Offices,Turkish police confronted journalists for Bugun TV and KanalTurk on Wednesday outside their Istanbul studio.,Mehmet Ali Poyraz/Agence France-Presse — Getty Images,https://static01.nyt.com/images/2015/10/28/world/europe/28open_turkey/28open_turkey-articleLarge.jpg,399,600,https://static01.nyt.com/images/2015/10/28/world/europe/28open_turkey/28open_turkey-thumbStandard.jpg,75,75,Turkish Journalists Report Police Raid on Their Own Offices,Turkish Journalists Report Police Raid on Their Own Offices Reporters in Istanbul covered the raid on their offices as the government seized control of a media group critical of the ruling party. Reporters in Istanbul covered the raid on their offices as the government seized control of a media group critical of the ruling party.
"Many online comments have directed their scorn not at the report that may deprive them of their favorite foods, but at the domestic food industry in China.",article,nyt://article/7fc497b0-611c-571f-8dc7-525210d863e2,"[{'name': 'Subject', 'value': 'Food', 'rank': 1}, {'name': 'Subject', 'value': 'Food Contamination and Poisoning', 'rank': 2}, {'name': 'Subject', 'value': 'Meat', 'rank': 3}, {'name': 'Organization', 'value': 'International Agency for Research on Cancer', 'rank': 4}, {'name': 'Organization', 'value': 'Shuanghui International', 'rank': 5}, {'name': 'Organization', 'value': 'World Health Organization', 'rank': 6}, {'name': 'Location', 'value': 'China', 'rank': 7}]",Foreign,,,2015-10-28 10:36:25+00:00,World,"Many online comments have directed their scorn not at the report that may deprive them of their favorite foods, but at the domestic food industry in China.",The New York Times,Asia Pacific,News,nyt://article/7fc497b0-611c-571f-8dc7-525210d863e2,https://sinosphere.blogs.nytimes.com/2015/10/28/china-meat-w-h-o-cancer/,582,By Didi Kirsten Tatlow,Some Chinese Take Aim at Meat Industry After W.H.O. Report on Cancer Risks,Sinosphere,,,,,0,0,,0,0,Some Chinese Take Aim at Meat Industry After W.H.O. Report on Cancer Risks,"Some Chinese Take Aim at Meat Industry After W.H.O. Report on Cancer Risks Many online comments have directed their scorn not at the report that may deprive them of their favorite foods, but at the domestic food industry in China. Many online comments have directed their scorn not at the report that may deprive them of their favorite foods, but at the domestic food industry in China."
"The secretive industry driving armed conflict and rampant drug abuse was worth as much as $31 billion in 2014, almost half of the nation’s entire gross domestic product, according to a report.",article,nyt://article/7f0c85fd-6b0f-564a-b282-b4537769f1ce,"[{'name': 'Person', 'value': 'Levin, Dan', 'rank': 1}, {'name': 'Location', 'value': 'Myanmar', 'rank': 2}, {'name': 'Subject', 'value': 'Jade', 'rank': 3}, {'name': 'Subject', 'value': 'Smuggling', 'rank': 4}, {'name': 'Location', 'value': 'China', 'rank': 5}, {'name': 'Subject', 'value': 'Corruption (Institutional)', 'rank': 6}, {'name': 'Subject', 'value': 'Robberies and Thefts', 'rank': 7}, {'name': 'Subject', 'value': 'Human Rights and Human Rights Violations', 'rank': 8}, {'name': 'Subject', 'value': 'Mines and Mining', 'rank': 9}, {'name': 'Subject', 'value': 'Drug Abuse and Traffic', 'rank': 10}, {'name': 'Organization', 'value': 'Global Witness', 'rank': 11}]",Foreign,10.0,A,2015-10-23 02:00:58+00:00,World,"The secretive industry driving armed conflict and rampant drug abuse was worth as much as $31 billion in 2014, almost half of the nation’s entire gross domestic product, according to a report.",The New York Times,Asia Pacific,News,nyt://article/7f0c85fd-6b0f-564a-b282-b4537769f1ce,https://www.nytimes.com/2015/10/23/world/asia/myanmars-jade-trade-is-a-dollar31-billion-heist-report-says.html,669,By Dan Levin,"Myanmar’s Jade Trade Is a $31 Billion ‘Heist,’ Report Says",,"Myanmar&#8217;s Jade Trade Is a $31 Billion &#8216;Heist,&#8217; Report Says",,Adam Dean for The New York Times,https://static01.nyt.com/images/2014/12/02/world/jade-video/jade-video-articleLarge.jpg,337,600,https://static01.nyt.com/images/2014/12/02/world/jade-video/jade-video-thumbStandard-v3.jpg,75,75,"Myanmar’s Jade Trade Is a $31 Billion ‘Heist,’ Report Says","Myanmar’s Jade Trade Is a $31 Billion ‘Heist,’ Report Says The secretive industry driving armed conflict and rampant drug abuse was worth as much as $31 billion in 2014, almost half of the nation’s entire gross domestic product, according to a report. The secretive industry driving armed conflict and rampant drug abuse was worth as much as $31 billion in 2014, almost half of the nation’s entire gross domestic product, according to a report."
"A report published by an Italian newspaper that said the pope had a treatable brain tumor fueled suspicion about Francis’ health, which the Vatican denied.",article,nyt://article/01aa3906-c29f-5f26-bb5a-93fc59ebd4a6,"[{'name': 'Person', 'value': 'Francis', 'rank': 1}, {'name': 'Person', 'value': 'Pianigiani, Gaia', 'rank': 2}, {'name': 'Person', 'value': 'Goodstein, Laurie', 'rank': 3}, {'name': 'Organization', 'value': 'Roman Catholic Church', 'rank': 4}, {'name': 'Subject', 'value': 'News and News Media', 'rank': 5}, {'name': 'Organization', 'value': 'Quotidiano Nazionale', 'rank': 6}, {'name': 'Person', 'value': 'Fukushima, Takanori (1942- )', 'rank': 7}]",Foreign,12.0,A,2015-10-22 23:00:24+00:00,World,"A report published by an Italian newspaper that said the pope had a treatable brain tumor fueled suspicion about Francis’ health, which the Vatican denied.",The New York Times,Europe,News,nyt://article/01aa3906-c29f-5f26-bb5a-93fc59ebd4a6,https://www.nytimes.com/2015/10/23/world/europe/a-whiff-of-intrigue-as-vatican-disputes-unfounded-report-on-pope-francis-health.html,820,By Laurie Goodstein and Gaia Pianigiani,A Whiff of Intrigue as Vatican Disputes ‘Unfounded’ Report on Pope Francis’ Health,,Whiff of Intrigue as Vatican Disputes &#8216;Unfounded&#8217; Report on Francis&#8217; Health ,,Alessandro Bianchi/Reuters,https://static01.nyt.com/images/2015/10/22/multimedia/pope-tumor-false-rumor/pope-tumor-false-rumor-articleLarge.jpg,403,600,https://static01.nyt.com/images/2015/10/22/multimedia/pope-tumor-false-rumor/pope-tumor-false-rumor-thumbStandard.jpg,75,75,A Whiff of Intrigue as Vatican Disputes ‘Unfounded’ Report on Pope Francis’ Health,"A Whiff of Intrigue as Vatican Disputes ‘Unfounded’ Report on Pope Francis’ Health A report published by an Italian newspaper that said the pope had a treatable brain tumor fueled suspicion about Francis’ health, which the Vatican denied. A report published by an Italian newspaper that said the pope had a treatable brain tumor fueled suspicion about Francis’ health, which the Vatican denied."
"The report by Human Rights Watch said 25 people had been killed in the southern Terai region, where there were protests against the new Constitution.",article,nyt://article/cc026f6d-07e4-5b50-8516-b7a69617c08b,"[{'name': 'Location', 'value': 'Nepal', 'rank': 1}, {'name': 'Person', 'value': 'Bearak, Max', 'rank': 2}, {'name': 'Subject', 'value': 'Constitutions', 'rank': 3}, {'name': 'Subject', 'value': 'Demonstrations, Protests and Riots', 'rank': 4}, {'name': 'Organization', 'value': 'Human Rights Watch', 'rank': 5}, {'name': 'Subject', 'value': 'Human Rights and Human Rights Violations', 'rank': 6}]",Foreign,9.0,A,2015-10-16 21:54:57+00:00,World,"The report by Human Rights Watch said 25 people had been killed in the southern Terai region, where there were protests against the new Constitution.",The New York Times,Asia Pacific,News,nyt://article/cc026f6d-07e4-5b50-8516-b7a69617c08b,https://www.nytimes.com/2015/10/17/world/asia/report-on-nepal-protests-details-grisly-violence.html,973,By Max Bearak,Report on Nepal Protests Details Grisly Violence,,Report on Protests Against Nepal&#8217;s New Constitution Details Grisly Violence ,"Nepalese police officers faced protesters dissatisfied with the Constitution last month in Birgunj, a town bordering India that a report said was shaken by violence.",Ram Sarraf/Associated Press,https://static01.nyt.com/images/2015/10/17/world/NEPAL1/NEPAL1-articleLarge.jpg,403,600,https://static01.nyt.com/images/2015/10/17/world/NEPAL1/NEPAL1-thumbStandard-v2.jpg,75,75,Report on Nepal Protests Details Grisly Violence,"Report on Nepal Protests Details Grisly Violence The report by Human Rights Watch said 25 people had been killed in the southern Terai region, where there were protests against the new Constitution. The report by Human Rights Watch said 25 people had been killed in the southern Terai region, where there were protests against the new Constitution."
Tehran appeared to be trying to position the case of the Washington Post correspondent as part of a broader effort to get detained Iranians released.,article,nyt://article/3ffe199a-805e-5a98-972f-5d5b1ae81868,"[{'name': 'Location', 'value': 'Iran', 'rank': 1}, {'name': 'Person', 'value': 'Erdbrink, Thomas', 'rank': 2}, {'name': 'Person', 'value': 'Rezaian, Jason', 'rank': 3}, {'name': 'Organization', 'value': 'Washington Post', 'rank': 4}, {'name': 'Subject', 'value': 'Political Prisoners', 'rank': 5}, {'name': 'Person', 'value': 'Baron, Martin D', 'rank': 6}, {'name': 'Person', 'value': 'Rezaian, Ali', 'rank': 7}, {'name': 'Subject', 'value': 'News and News Media', 'rank': 8}]",Foreign,10.0,A,2015-10-12 11:39:21+00:00,World,Tehran appeared to be trying to position the case of the Washington Post correspondent as part of a broader effort to get detained Iranians released.,The New York Times,Middle East,News,nyt://article/3ffe199a-805e-5a98-972f-5d5b1ae81868,https://www.nytimes.com/2015/10/13/world/middleeast/jason-rezaian-washington-post-conviction-iran.html,730,By Thomas Erdbrink,"Amid Report of Jason Rezaian’s Conviction, Iran Hints at Prisoner Exchange",,U.S. Journalist Is Reported Convicted as Iran Hints at a Swap,"The Washington Post reporter Jason Rezaian, in 2013.","Zoeann Murphy/Washington Post, via Reuters",https://static01.nyt.com/images/2015/10/13/world/13Iran2-web/13Iran2-web-articleLarge.jpg,385,600,https://static01.nyt.com/images/2015/10/13/world/13Iran2-web/13Iran2-web-thumbStandard.jpg,75,75,"Amid Report of Jason Rezaian’s Conviction, Iran Hints at Prisoner Exchange","Amid Report of Jason Rezaian’s Conviction, Iran Hints at Prisoner Exchange Tehran appeared to be trying to position the case of the Washington Post correspondent as part of a broader effort to get detained Iranians released. Tehran appeared to be trying to position the case of the Washington Post correspondent as part of a broader effort to get detained Iranians released."
The World Health Organization has warned that Ebola could still come back because more than 500 people in Guinea who may have been exposed are still being monitored.,article,nyt://article/c1ea277f-f395-5ec0-8c67-ff1e04b12d10,"[{'name': 'Person', 'value': 'Grady, Denise', 'rank': 1}, {'name': 'Organization', 'value': 'World Health Organization', 'rank': 2}, {'name': 'Subject', 'value': 'Ebola Virus', 'rank': 3}, {'name': 'Location', 'value': 'Guinea', 'rank': 4}, {'name': 'Location', 'value': 'Africa', 'rank': 5}, {'name': 'Subject', 'value': 'Epidemics', 'rank': 6}, {'name': 'Location', 'value': 'Liberia', 'rank': 7}, {'name': 'Location', 'value': 'Sierra Leone', 'rank': 8}]",Foreign,14.0,A,2015-10-08 00:23:01+00:00,World,The World Health Organization has warned that Ebola could still come back because more than 500 people in Guinea who may have been exposed are still being monitored.,The New York Times,Africa,Brief,nyt://article/c1ea277f-f395-5ec0-8c67-ff1e04b12d10,https://www.nytimes.com/2015/10/08/world/africa/no-new-ebola-cases-were-reported-in-the-past-week-health-agency-says.html,108,By Denise Grady,"No New Ebola Cases Were Reported in the Past Week, Health Agency Says",World Briefing,"Africa; No New Ebola Cases Were Reported in the Past Week, Health Agency Says",,,,0,0,,0,0,"No New Ebola Cases Were Reported in the Past Week, Health Agency Says","No New Ebola Cases Were Reported in the Past Week, Health Agency Says The World Health Organization has warned that Ebola could still come back because more than 500 people in Guinea who may have been exposed are still being monitored. The World Health Organization has warned that Ebola could still come back because more than 500 people in Guinea who may have been exposed are still being monitored."
"Residents began to emerge in those parts of the city under government control, amid new reports of another provincial city coming under Taliban attack.",article,nyt://article/11de0fe4-7efa-5a52-bb9c-643bcefca773,"[{'name': 'Organization', 'value': 'Afghan National Security Forces', 'rank': 1}, {'name': 'Person', 'value': 'Rubin, Alissa Johannsen', 'rank': 2}, {'name': 'Location', 'value': 'Afghanistan', 'rank': 3}, {'name': 'Organization', 'value': 'Taliban', 'rank': 4}, {'name': 'Location', 'value': 'Kunduz (Afghanistan)', 'rank': 5}, {'name': 'Organization', 'value': 'North Atlantic Treaty Organization', 'rank': 6}, {'name': 'Person', 'value': 'Ghani, Ashraf', 'rank': 7}, {'name': 'Person', 'value': 'Campbell, John F (1957- )', 'rank': 8}, {'name': 'Subject', 'value': 'United States Defense and Military Forces', 'rank': 9}]",Foreign,7.0,A,2015-10-05 11:27:48+00:00,World,"Residents began to emerge in those parts of the city under government control, amid new reports of another provincial city coming under Taliban attack.",The New York Times,Asia Pacific,News,nyt://article/11de0fe4-7efa-5a52-bb9c-643bcefca773,https://www.nytimes.com/2015/10/06/world/asia/kunduz-afghanistan-taliban.html,1005,By Alissa J. Rubin,Afghan Forces Report Progress in Kunduz as Taliban Press Other Fronts,,Afghan Forces Report Progress in Kunduz as Taliban Press Other Fronts,Afghans donated blood for those injured in the fighting in Kunduz on Monday in Kabul.,Hedayatullah Amid/European Pressphoto Agency,https://static01.nyt.com/images/2015/10/06/world/06afghanistan2-web/06afghanistan2-web-articleLarge.jpg,402,600,https://static01.nyt.com/images/2015/10/06/world/06afghanistan2-web/06afghanistan2-web-thumbStandard-v2.jpg,75,75,Afghan Forces Report Progress in Kunduz as Taliban Press Other Fronts,"Afghan Forces Report Progress in Kunduz as Taliban Press Other Fronts Residents began to emerge in those parts of the city under government control, amid new reports of another provincial city coming under Taliban attack. Residents began to emerge in those parts of the city under government control, amid new reports of another provincial city coming under Taliban attack."
"In clearing a buffer zone to crack down on Islamic insurgents, Egypt has destroyed 3,255 homes — four times the number it said would be, according to Human Rights Watch.",article,nyt://article/abb33c02-fa2d-5845-99c1-11b633fdde15,"[{'name': 'Person', 'value': 'Kirkpatrick, David D', 'rank': 1}, {'name': 'Location', 'value': 'Egypt', 'rank': 2}, {'name': 'Location', 'value': 'Sinai Peninsula (Egypt)', 'rank': 3}, {'name': 'Location', 'value': 'Gaza Strip', 'rank': 4}, {'name': 'Location', 'value': 'Israel', 'rank': 5}, {'name': 'Organization', 'value': 'Human Rights Watch', 'rank': 6}, {'name': 'Subject', 'value': 'Demolition', 'rank': 7}, {'name': 'Person', 'value': 'Sisi, Abdel Fattah el-', 'rank': 8}, {'name': 'Subject', 'value': 'Human Rights and Human Rights Violations', 'rank': 9}, {'name': 'Subject', 'value': 'United States Defense and Military Forces', 'rank': 10}]",Foreign,8.0,A,2015-09-22 04:01:04+00:00,World,"In clearing a buffer zone to crack down on Islamic insurgents, Egypt has destroyed 3,255 homes — four times the number it said would be, according to Human Rights Watch.",The New York Times,Middle East,News,nyt://article/abb33c02-fa2d-5845-99c1-11b633fdde15,https://www.nytimes.com/2015/09/22/world/egypt-destroying-far-more-homes-than-buffer-zone-plan-called-for-report-says.html,928,By David D. Kirkpatrick,"Egypt Destroying Far More Homes Than Buffer-Zone Plan Called For, Report Says",,"Egypt Destroying Far More Homes Than Buffer-Zone Plan Called For, Report Says",,,,0,0,,0,0,"Egypt Destroying Far More Homes Than Buffer-Zone Plan Called For, Report Says","Egypt Destroying Far More Homes Than Buffer-Zone Plan Called For, Report Says In clearing a buffer zone to crack down on Islamic insurgents, Egypt has destroyed 3,255 homes — four times the number it said would be, according to Human Rights Watch. In clearing a buffer zone to crack down on Islamic insurgents, Egypt has destroyed 3,255 homes — four times the number it said would be, according to Human Rights Watch."
"Aid groups say the photograph of Aylan Kurdi, the Syrian toddler who drowned, was a catalyst.",article,nyt://article/19aad599-7eaa-5dcd-a7f9-6624aaec4498,"[{'name': 'Subject', 'value': 'Refugees and Displaced Persons', 'rank': 1}, {'name': 'Subject', 'value': 'Humanitarian Aid', 'rank': 2}, {'name': 'Person', 'value': 'Kurdi, Aylan (2011-15)', 'rank': 3}, {'name': 'Location', 'value': 'Syria', 'rank': 4}]",Foreign,,,2015-09-11 14:47:23+00:00,World,"Aid groups say the photograph of Aylan Kurdi, the Syrian toddler who drowned, was a catalyst.",The New York Times,,News,nyt://article/19aad599-7eaa-5dcd-a7f9-6624aaec4498,https://www.nytimes.com/2015/09/12/world/donations-for-refugees-surging-american-charities-report.html,365,By Rick Gladstone and Karen Zraick,"Donations for Refugees Surging, American Charities Report",,,Migrants walked toward Vienna after crossing the Hungarian-Austrian border on Friday.,Ronald Zak/Associated Press,https://static01.nyt.com/images/2015/09/12/world/12CHARITIES-LIST/12CHARITIES-LIST-articleLarge.jpg,359,600,https://static01.nyt.com/images/2015/09/12/world/12CHARITIES-LIST/12CHARITIES-LIST-thumbStandard.jpg,75,75,"Donations for Refugees Surging, American Charities Report","Donations for Refugees Surging, American Charities Report Aid groups say the photograph of Aylan Kurdi, the Syrian toddler who drowned, was a catalyst. Aid groups say the photograph of Aylan Kurdi, the Syrian toddler who drowned, was a catalyst."
A World Bank study said 90 percent of the countries surveyed have at least one law that discriminates against women.,article,nyt://article/06c6ddac-3880-5d82-be8a-f46201eeb25e,"[{'name': 'Person', 'value': 'Sengupta, Somini', 'rank': 1}, {'name': 'Organization', 'value': 'World Bank', 'rank': 2}, {'name': 'Subject', 'value': 'Women and Girls', 'rank': 3}, {'name': 'Subject', 'value': 'Discrimination', 'rank': 4}, {'name': 'Location', 'value': 'Russia', 'rank': 5}, {'name': 'Location', 'value': 'Iran', 'rank': 6}, {'name': 'Location', 'value': 'Qatar', 'rank': 7}, {'name': 'Organization', 'value': 'Equality Now', 'rank': 8}, {'name': 'Location', 'value': 'United States', 'rank': 9}, {'name': 'Organization', 'value': 'International Monetary Fund', 'rank': 10}, {'name': 'Location', 'value': 'France', 'rank': 11}, {'name': 'Subject', 'value': 'Family Leaves', 'rank': 12}]",Foreign,15.0,A,2015-09-10 00:18:47+00:00,World,A World Bank study said 90 percent of the countries surveyed have at least one law that discriminates against women.,The New York Times,,News,nyt://article/06c6ddac-3880-5d82-be8a-f46201eeb25e,https://www.nytimes.com/2015/09/10/world/report-finds-most-nations-hinder-women.html,503,By Somini Sengupta,Report Finds Most Nations Hinder Women,,Report Finds Most Nations Hinder Women,,,,0,0,,0,0,Report Finds Most Nations Hinder Women,Report Finds Most Nations Hinder Women A World Bank study said 90 percent of the countries surveyed have at least one law that discriminates against women. A World Bank study said 90 percent of the countries surveyed have at least one law that discriminates against women.
An independent inquiry contradicting the official account has renewed parents’ hopes and has brought new cynicism into the public’s perceptions of its leaders.,article,nyt://article/cbe4a4e9-5645-5b99-a981-07e83795ee6d,"[{'name': 'Subject', 'value': 'Murders, Attempted Murders and Homicides', 'rank': 1}, {'name': 'Person', 'value': 'Ahmed, Azam', 'rank': 2}, {'name': 'Subject', 'value': 'Missing Persons', 'rank': 3}, {'name': 'Person', 'value': 'Pena Nieto, Enrique', 'rank': 4}, {'name': 'Subject', 'value': 'Corruption (Institutional)', 'rank': 5}, {'name': 'Location', 'value': 'Mexico', 'rank': 6}, {'name': 'Organization', 'value': 'Institutional Revolutionary Party (Mexico)', 'rank': 7}]",Foreign,1.0,A,2015-09-09 23:27:47+00:00,World,An independent inquiry contradicting the official account has renewed parents’ hopes and has brought new cynicism into the public’s perceptions of its leaders.,The New York Times,Americas,News,nyt://article/cbe4a4e9-5645-5b99-a981-07e83795ee6d,https://www.nytimes.com/2015/09/10/world/americas/report-on-missing-students-reverberates-through-mexico.html,1227,By Azam Ahmed,Report Renews Hope and Doubt on Missing Students in Mexico,,Report Renews Hope and Doubt on Missing Students in Mexico ,Relatives marched last month to mark the 11-month anniversary of the disappearance of 43 Mexican college students.,Henry Romero/Reuters,https://static01.nyt.com/images/2015/09/10/world/10mexico/10mexico-articleLarge.jpg,404,600,https://static01.nyt.com/images/2015/09/10/world/10mexico/10mexico-thumbStandard-v2.jpg,75,75,Report Renews Hope and Doubt on Missing Students in Mexico,Report Renews Hope and Doubt on Missing Students in Mexico An independent inquiry contradicting the official account has renewed parents’ hopes and has brought new cynicism into the public’s perceptions of its leaders. An independent inquiry contradicting the official account has renewed parents’ hopes and has brought new cynicism into the public’s perceptions of its leaders.
"The report by Human Rights Watch, based on interviews with 212 victims and witnesses, describes two campaigns of killings and mass rape since early 2014.",article,nyt://article/7c122971-47cc-5794-92f0-fc3f59a0e0eb,"[{'name': 'Person', 'value': 'Gladstone, Rick', 'rank': 1}, {'name': 'Location', 'value': 'Darfur (Sudan)', 'rank': 2}, {'name': 'Organization', 'value': 'Human Rights Watch', 'rank': 3}, {'name': 'Location', 'value': 'Sudan', 'rank': 4}, {'name': 'Subject', 'value': 'War Crimes, Genocide and Crimes Against Humanity', 'rank': 5}, {'name': 'Person', 'value': 'Bashir, Omar Hassan Al-', 'rank': 6}]",Foreign,6.0,A,2015-09-09 20:45:59+00:00,World,"The report by Human Rights Watch, based on interviews with 212 victims and witnesses, describes two campaigns of killings and mass rape since early 2014.",The New York Times,Africa,News,nyt://article/7c122971-47cc-5794-92f0-fc3f59a0e0eb,https://www.nytimes.com/2015/09/10/world/africa/sudan-darfur-human-rights-watch-report.html,553,By Rick Gladstone,Report Details New Atrocities in Darfur by Sudanese Force,,Study Finds New Atrocities in Darfur,"Government forces drive through a village in the Darfur region of Sudan, where Human Rights Watch says campaigns of mass killing and rape are again occurring.",Abd Raouf/Associated Press,https://static01.nyt.com/images/2015/09/10/world/10darfur/10darfur-articleLarge.jpg,402,600,https://static01.nyt.com/images/2015/09/10/world/10darfur/10darfur-thumbStandard.jpg,75,75,Report Details New Atrocities in Darfur by Sudanese Force,"Report Details New Atrocities in Darfur by Sudanese Force The report by Human Rights Watch, based on interviews with 212 victims and witnesses, describes two campaigns of killings and mass rape since early 2014. The report by Human Rights Watch, based on interviews with 212 victims and witnesses, describes two campaigns of killings and mass rape since early 2014."
"The insensitivity toward the victims and the focus on stability in a city government’s announcement prompted heated criticism online and censure from Xinhua, China’s state news agency.",article,nyt://article/76de0487-0e5c-5540-845f-3574ac780b40,"[{'name': 'Location', 'value': 'Dongying', 'rank': 1}, {'name': 'Subject', 'value': 'Chemicals', 'rank': 2}, {'name': 'Subject', 'value': 'Deaths (Fatalities)', 'rank': 3}, {'name': 'Subject', 'value': 'Explosions (Accidental)', 'rank': 4}, {'name': 'Organization', 'value': 'Xinhua', 'rank': 5}, {'name': 'Location', 'value': 'China', 'rank': 6}, {'name': 'Location', 'value': 'Dongying (China)', 'rank': 7}, {'name': 'Location', 'value': 'Shandong Province (China)', 'rank': 8}, {'name': 'Location', 'value': 'Tianjin (China)', 'rank': 9}]",Foreign,,,2015-09-07 09:51:46+00:00,World,"The insensitivity toward the victims and the focus on stability in a city government’s announcement prompted heated criticism online and censure from Xinhua, China’s state news agency.",The New York Times,Asia Pacific,News,nyt://article/76de0487-0e5c-5540-845f-3574ac780b40,https://sinosphere.blogs.nytimes.com/2015/09/07/dongying-shandong-chemical-explosion/,431,By Austin Ramzy,Report on Toll From Shandong Blast Is Called ‘Coldblooded’,Sinosphere,,The explosion at the Shandong Binyuan Chemical Company in Lijin County left at least 13 people dead.,"Lou Chen/Xinhua, via Associated Press",https://static01.nyt.com/images/2015/09/08/world/07sino-blast01/07sino-blast01-articleLarge.jpg,398,600,https://static01.nyt.com/images/2015/09/08/world/07sino-blast01/07sino-blast01-thumbStandard-v2.jpg,75,75,Report on Toll From Shandong Blast Is Called ‘Coldblooded’,"Report on Toll From Shandong Blast Is Called ‘Coldblooded’ The insensitivity toward the victims and the focus on stability in a city government’s announcement prompted heated criticism online and censure from Xinhua, China’s state news agency. The insensitivity toward the victims and the focus on stability in a city government’s announcement prompted heated criticism online and censure from Xinhua, China’s state news agency."
"A report indicated that the bombs have been documented in armed conflicts in Libya, Sudan, Syria, Ukraine and Yemen.",article,nyt://article/ce546236-0623-56dd-88b2-b9162d82db2d,"[{'name': 'Person', 'value': 'Gladstone, Rick', 'rank': 1}, {'name': 'Subject', 'value': 'Cluster Munitions', 'rank': 2}, {'name': 'Subject', 'value': 'Arms Control and Limitation and Disarmament', 'rank': 3}, {'name': 'Subject', 'value': 'Bombs and Explosives', 'rank': 4}, {'name': 'Location', 'value': 'Libya', 'rank': 5}, {'name': 'Location', 'value': 'Sudan', 'rank': 6}, {'name': 'Location', 'value': 'Syria', 'rank': 7}, {'name': 'Location', 'value': 'Ukraine', 'rank': 8}, {'name': 'Location', 'value': 'Yemen', 'rank': 9}, {'name': 'Organization', 'value': 'Cluster Munition Coalition', 'rank': 10}, {'name': 'Location', 'value': 'United States', 'rank': 11}]",Foreign,11.0,A,2015-09-03 08:11:41+00:00,World,"A report indicated that the bombs have been documented in armed conflicts in Libya, Sudan, Syria, Ukraine and Yemen.",The New York Times,,News,nyt://article/ce546236-0623-56dd-88b2-b9162d82db2d,https://www.nytimes.com/2015/09/04/world/banned-cluster-bombs-were-used-in-five-countries-report-says.html,693,By Rick Gladstone,"Banned Cluster Bombs Were Used in Five Countries, Report Says",,Report Notes Use of Cluster Bombs,,Tyler Hicks/The New York Times,https://static01.nyt.com/images/2015/09/03/world/syria-cluster-bombs/syria-cluster-bombs-articleLarge.jpg,400,600,https://static01.nyt.com/images/2015/09/03/world/syria-cluster-bombs/syria-cluster-bombs-thumbStandard.jpg,75,75,"Banned Cluster Bombs Were Used in Five Countries, Report Says","Banned Cluster Bombs Were Used in Five Countries, Report Says A report indicated that the bombs have been documented in armed conflicts in Libya, Sudan, Syria, Ukraine and Yemen. A report indicated that the bombs have been documented in armed conflicts in Libya, Sudan, Syria, Ukraine and Yemen."
"The Saudi-led military coalition killed workers at a water plant on Sunday, the plant’s owner said, while a coalition spokesman said Houthi rebels had made explosive devices at the site.",article,nyt://article/dbcb9124-2c03-55d2-979c-c30f02b44fa7,"[{'name': '', 'value': '', 'rank': 1}, {'name': 'Location', 'value': 'Yemen', 'rank': 2}, {'name': 'Subject', 'value': 'Bombs and Explosives', 'rank': 3}, {'name': 'Location', 'value': 'Saudi Arabia', 'rank': 4}, {'name': 'Subject', 'value': 'Civilian Casualties', 'rank': 5}, {'name': 'Organization', 'value': 'Houthis', 'rank': 6}, {'name': 'Organization', 'value': 'Save the Children', 'rank': 7}, {'name': 'Subject', 'value': 'Defense and Military Forces', 'rank': 8}]",Foreign,5.0,A,2015-08-31 01:09:00+00:00,World,"The Saudi-led military coalition killed workers at a water plant on Sunday, the plant’s owner said, while a coalition spokesman said Houthi rebels had made explosive devices at the site.",The New York Times,Middle East,News,nyt://article/dbcb9124-2c03-55d2-979c-c30f02b44fa7,https://www.nytimes.com/2015/08/31/world/middleeast/civilians-reported-dead-in-yemen-saudi-strikes.html,345,By Saeed Al-Batati, At Least 13 Reported Dead in Yemen Strikes ,, At Least 13 Reported Dead in Yemen Strikes ,,,,0,0,,0,0,At Least 13 Reported Dead in Yemen Strikes,"At Least 13 Reported Dead in Yemen Strikes The Saudi-led military coalition killed workers at a water plant on Sunday, the plant’s owner said, while a coalition spokesman said Houthi rebels had made explosive devices at the site. The Saudi-led military coalition killed workers at a water plant on Sunday, the plant’s owner said, while a coalition spokesman said Houthi rebels had made explosive devices at the site."
The death of a 67-year-old woman was confirmed less than a week after the country’s last known patient was discharged from a hospital.,article,nyt://article/880496f4-bd78-5785-a505-41a1ef02efea,"[{'name': 'Location', 'value': 'Sierra Leone', 'rank': 1}, {'name': 'Subject', 'value': 'Ebola Virus', 'rank': 2}, {'name': 'Subject', 'value': 'Epidemics', 'rank': 3}, {'name': 'Organization', 'value': 'World Health Organization', 'rank': 4}, {'name': 'Subject', 'value': 'Deaths (Fatalities)', 'rank': 5}]",Foreign,7.0,A,2015-08-30 22:59:46+00:00,World,The death of a 67-year-old woman was confirmed less than a week after the country’s last known patient was discharged from a hospital.,The New York Times,Africa,News,nyt://article/880496f4-bd78-5785-a505-41a1ef02efea,https://www.nytimes.com/2015/08/31/world/africa/sierra-leone-reports-ebola-death.html,208,By The Associated Press,Sierra Leone Reports Ebola Death,,Sierra Leone Reports Ebola Death,,,,0,0,,0,0,Sierra Leone Reports Ebola Death,Sierra Leone Reports Ebola Death The death of a 67-year-old woman was confirmed less than a week after the country’s last known patient was discharged from a hospital. The death of a 67-year-old woman was confirmed less than a week after the country’s last known patient was discharged from a hospital.
"Mr. Hussain, a 21-year-old Briton, hacked into American military networks and was a central figure in the Islamic State’s online recruitment campaign.",article,nyt://article/493b338c-995f-5a2c-8e15-ab4fdfcf4a1b,"[{'name': 'Person', 'value': 'De Freytas-Tamura, Kimiko', 'rank': 1}, {'name': 'Person', 'value': 'Hussain, Junaid (1994-2015)', 'rank': 2}, {'name': 'Organization', 'value': 'Islamic State in Iraq and Syria (ISIS)', 'rank': 3}, {'name': 'Location', 'value': 'Syria', 'rank': 4}, {'name': 'Location', 'value': 'Great Britain', 'rank': 5}, {'name': 'Subject', 'value': 'Cyberwarfare and Defense', 'rank': 6}, {'name': 'Subject', 'value': 'Targeted Killings', 'rank': 7}, {'name': 'Subject', 'value': 'Terrorism', 'rank': 8}, {'name': 'Subject', 'value': 'United States Defense and Military Forces', 'rank': 9}, {'name': 'Organization', 'value': 'CyberCaliphate', 'rank': 10}]",Foreign,3.0,A,2015-08-27 16:50:55+00:00,World,"Mr. Hussain, a 21-year-old Briton, hacked into American military networks and was a central figure in the Islamic State’s online recruitment campaign.",The New York Times,Middle East,News,nyt://article/493b338c-995f-5a2c-8e15-ab4fdfcf4a1b,https://www.nytimes.com/2015/08/28/world/middleeast/junaid-hussain-islamic-state-recruiter-killed.html,770,By Kimiko de Freytas-Tamura,"Junaid Hussain, ISIS Recruiter, Reported Killed in Airstrike",,Briton Who Recruited Online for ISIS Is Reported Killed ,,,,0,0,,0,0,"Junaid Hussain, ISIS Recruiter, Reported Killed in Airstrike","Junaid Hussain, ISIS Recruiter, Reported Killed in Airstrike Mr. Hussain, a 21-year-old Briton, hacked into American military networks and was a central figure in the Islamic State’s online recruitment campaign. Mr. Hussain, a 21-year-old Briton, hacked into American military networks and was a central figure in the Islamic State’s online recruitment campaign."
The study came as the Security Council considered a draft resolution that would impose an arms embargo on the country.,article,nyt://article/f173bfc8-256b-5061-8b81-729eb5ced696,"[{'name': 'Person', 'value': 'Sengupta, Somini', 'rank': 1}, {'name': 'Location', 'value': 'South Sudan', 'rank': 2}, {'name': 'Subject', 'value': 'Arms Trade', 'rank': 3}, {'name': 'Organization', 'value': 'United Nations', 'rank': 4}, {'name': 'Subject', 'value': 'War Crimes, Genocide and Crimes Against Humanity', 'rank': 5}, {'name': 'Organization', 'value': 'Security Council (UN)', 'rank': 6}, {'name': 'Subject', 'value': 'Embargoes and Sanctions', 'rank': 7}, {'name': 'Person', 'value': 'Kiir Mayardit, Salva', 'rank': 8}, {'name': 'Person', 'value': 'Machar, Riek', 'rank': 9}, {'name': 'Location', 'value': 'China', 'rank': 10}]",Foreign,9.0,A,2015-08-26 01:53:42+00:00,World,The study came as the Security Council considered a draft resolution that would impose an arms embargo on the country.,The New York Times,Africa,News,nyt://article/f173bfc8-256b-5061-8b81-729eb5ced696,https://www.nytimes.com/2015/08/26/world/africa/un-report-details-flow-of-foreign-weapons-into-south-sudan.html,444,By Somini Sengupta,U.N. Report Details Flow of Foreign Weapons Into South Sudan,,World Briefing | Africa; South Sudan: U.N. Details Arms Sales Fueling War,,,,0,0,,0,0,U.N. Report Details Flow of Foreign Weapons Into South Sudan,U.N. Report Details Flow of Foreign Weapons Into South Sudan The study came as the Security Council considered a draft resolution that would impose an arms embargo on the country. The study came as the Security Council considered a draft resolution that would impose an arms embargo on the country.
Local rebels and an international aid group accused the militant group of using mustard gas against civilian and rival insurgents in northern Syria last week.,article,nyt://article/acb00493-0b90-5d92-94b5-d67cbf68021b,"[{'name': 'Subject', 'value': 'Biological and Chemical Warfare', 'rank': 1}, {'name': 'Person', 'value': 'Shoumali, Karam', 'rank': 2}, {'name': 'Organization', 'value': 'Islamic State in Iraq and Syria (ISIS)', 'rank': 3}, {'name': 'Person', 'value': 'Yeginsu, Ceylan', 'rank': 4}, {'name': 'Location', 'value': 'Syria', 'rank': 5}, {'name': 'Subject', 'value': 'Terrorism', 'rank': 6}, {'name': 'Organization', 'value': 'Free Syrian Army', 'rank': 7}, {'name': 'Organization', 'value': 'Syrian Army', 'rank': 8}, {'name': 'Person', 'value': 'Assad, Bashar al-', 'rank': 9}]",Foreign,7.0,A,2015-08-24 22:45:44+00:00,World,Local rebels and an international aid group accused the militant group of using mustard gas against civilian and rival insurgents in northern Syria last week.,The New York Times,Middle East,News,nyt://article/acb00493-0b90-5d92-94b5-d67cbf68021b,https://www.nytimes.com/2015/08/25/world/middleeast/isis-suspected-of-chemical-attack-in-syria.html,513,By Karam Shoumali and Ceylan Yeginsu,New Report of ISIS Using Poison Gas in Syria,,New Report of Islamic State Using Poison Gas in Syria,,,,0,0,,0,0,New Report of ISIS Using Poison Gas in Syria,New Report of ISIS Using Poison Gas in Syria Local rebels and an international aid group accused the militant group of using mustard gas against civilian and rival insurgents in northern Syria last week. Local rebels and an international aid group accused the militant group of using mustard gas against civilian and rival insurgents in northern Syria last week.
"The Journal said reports in Iran accusing the newspaper and a correspondent, Farnaz Fassihi, of conspiring against the government were false and scurrilous.",article,nyt://article/ff522d36-c53a-5781-abd5-cfa8a32b271d,"[{'name': 'Organization', 'value': 'Wall Street Journal', 'rank': 1}, {'name': 'Person', 'value': 'Gladstone, Rick', 'rank': 2}, {'name': 'Person', 'value': 'Fassihi, Farnaz', 'rank': 3}, {'name': 'Location', 'value': 'Iran', 'rank': 4}, {'name': 'Subject', 'value': 'News and News Media', 'rank': 5}, {'name': 'Keyword', 'value': 'Green Movement (Iran)', 'rank': 6}]",Foreign,6.0,A,2015-08-19 17:12:57+00:00,World,"The Journal said reports in Iran accusing the newspaper and a correspondent, Farnaz Fassihi, of conspiring against the government were false and scurrilous.",The New York Times,Middle East,News,nyt://article/ff522d36-c53a-5781-abd5-cfa8a32b271d,https://www.nytimes.com/2015/08/20/world/middleeast/wall-street-journal-criticizes-iranian-media-accounts-maligning-its-reporter.html,791,By Rick Gladstone,Wall Street Journal Criticizes Iranian Reports on Its Reporter,,Wall Street Journal Criticizes Iranian Reports on Its Correspondent,,,,0,0,,0,0,Wall Street Journal Criticizes Iranian Reports on Its Reporter,"Wall Street Journal Criticizes Iranian Reports on Its Reporter The Journal said reports in Iran accusing the newspaper and a correspondent, Farnaz Fassihi, of conspiring against the government were false and scurrilous. The Journal said reports in Iran accusing the newspaper and a correspondent, Farnaz Fassihi, of conspiring against the government were false and scurrilous."
The state-run news agency described how two major shareholders in a company gained government approvals for the warehouse where the explosions took place.,article,nyt://article/178e72bf-c51b-5fdf-86e5-6cb5270487ba,"[{'name': 'Location', 'value': 'Tianjin (China)', 'rank': 1}, {'name': 'Subject', 'value': 'Explosions (Accidental)', 'rank': 2}, {'name': 'Organization', 'value': 'Rui Hai International Logistics Co Ltd', 'rank': 3}, {'name': 'Person', 'value': 'Huang Xingguo (1954- )', 'rank': 4}, {'name': 'Location', 'value': 'China', 'rank': 5}, {'name': 'Subject', 'value': 'Corruption (Institutional)', 'rank': 6}, {'name': 'Subject', 'value': 'Fires and Firefighters', 'rank': 7}]",Foreign,8.0,A,2015-08-19 12:41:29+00:00,World,The state-run news agency described how two major shareholders in a company gained government approvals for the warehouse where the explosions took place.,The New York Times,Asia Pacific,News,nyt://article/178e72bf-c51b-5fdf-86e5-6cb5270487ba,https://www.nytimes.com/2015/08/20/world/asia/tianjin-china-explosions.html,909,By Dan Levin,Chinese Report Details Role of Political Connections in Tianjin Blasts,,Report Details Role of Political Connections in Tianjin Disaster,Mourners saluted the victims of the explosions. The mayor of Tianjin on Wednesday took responsibility for the disaster.,Agence France-Presse — Getty Images,https://static01.nyt.com/images/2015/08/20/world/20TIANJIN/20TIANJIN-articleLarge.jpg,400,600,https://static01.nyt.com/images/2015/08/20/world/20TIANJIN/20TIANJIN-thumbStandard.jpg,75,75,Chinese Report Details Role of Political Connections in Tianjin Blasts,Chinese Report Details Role of Political Connections in Tianjin Blasts The state-run news agency described how two major shareholders in a company gained government approvals for the warehouse where the explosions took place. The state-run news agency described how two major shareholders in a company gained government approvals for the warehouse where the explosions took place.
It was not clear if sanctions imposed after the annexation of Crimea played a role in the reported removal of Vladimir I. Yakunin as director of Russian Railways.,article,nyt://article/3706ca24-815c-5181-a4c2-52c739c6b5c2,"[{'name': '', 'value': '', 'rank': 1}, {'name': 'Location', 'value': 'Russia', 'rank': 2}, {'name': 'Person', 'value': 'Yakunin, Vladimir I', 'rank': 3}, {'name': 'Person', 'value': 'Putin, Vladimir V', 'rank': 4}, {'name': 'Subject', 'value': 'Railroads', 'rank': 5}, {'name': 'Subject', 'value': 'Politics and Government', 'rank': 6}, {'name': 'Subject', 'value': 'Appointments and Executive Changes', 'rank': 7}, {'name': 'Person', 'value': 'Lavrov, Sergey V', 'rank': 8}, {'name': 'Location', 'value': 'Crimea (Ukraine)', 'rank': 9}]",Foreign,6.0,A,2015-08-17 22:19:24+00:00,World,It was not clear if sanctions imposed after the annexation of Crimea played a role in the reported removal of Vladimir I. Yakunin as director of Russian Railways.,The New York Times,Europe,News,nyt://article/3706ca24-815c-5181-a4c2-52c739c6b5c2,https://www.nytimes.com/2015/08/18/world/europe/head-of-russias-national-railway-a-putin-associate-said-to-be-ousted.html,657,By Andrew E. Kramer,"Shake-Up in Moscow as Railways Chief, a Putin Friend, Is Reported Ousted",,"Shake-Up in Moscow as Railways Chief, a Putin Friend, Is Reported Ousted",Vladimir I. Yakunin,Anatoly Maltsev/European Pressphoto Agency,https://static01.nyt.com/images/2015/08/18/world/18RUSSIA/18RUSSIA-articleLarge.jpg,847,600,https://static01.nyt.com/images/2015/08/18/world/18RUSSIA/18RUSSIA-thumbStandard.jpg,75,75,"Shake-Up in Moscow as Railways Chief, a Putin Friend, Is Reported Ousted","Shake-Up in Moscow as Railways Chief, a Putin Friend, Is Reported Ousted It was not clear if sanctions imposed after the annexation of Crimea played a role in the reported removal of Vladimir I. Yakunin as director of Russian Railways. It was not clear if sanctions imposed after the annexation of Crimea played a role in the reported removal of Vladimir I. Yakunin as director of Russian Railways."
The Russian account contradicted statements by senior State Department officials this week that Maj. Gen. Qassim Suleimani had violated a travel ban.,article,nyt://article/8411d2a0-1806-51b0-a696-7c8a69412697,"[{'name': 'Person', 'value': 'Suleimani, Qassim', 'rank': 1}, {'name': 'Person', 'value': 'MacFarquhar, Neil', 'rank': 2}, {'name': 'Location', 'value': 'Russia', 'rank': 3}, {'name': 'Location', 'value': 'Iran', 'rank': 4}, {'name': 'Subject', 'value': 'Nuclear Weapons', 'rank': 5}, {'name': 'Organization', 'value': 'United Nations', 'rank': 6}, {'name': 'Person', 'value': 'Ryabkov, Sergei A', 'rank': 7}, {'name': 'Person', 'value': 'Kerry, John', 'rank': 8}]",Foreign,5.0,A,2015-08-14 12:52:58+00:00,World,The Russian account contradicted statements by senior State Department officials this week that Maj. Gen. Qassim Suleimani had violated a travel ban.,The New York Times,Europe,News,nyt://article/8411d2a0-1806-51b0-a696-7c8a69412697,https://www.nytimes.com/2015/08/15/world/europe/russia-denies-reports-of-iranian-generals-visit-to-moscow.html,516,By Neil MacFarquhar,Russia Denies Reports of Iranian General’s Visit to Moscow,,Russia Denies U.S. Report That Iranian General Visited Moscow,,,,0,0,,0,0,Russia Denies Reports of Iranian General’s Visit to Moscow,Russia Denies Reports of Iranian General’s Visit to Moscow The Russian account contradicted statements by senior State Department officials this week that Maj. Gen. Qassim Suleimani had violated a travel ban. The Russian account contradicted statements by senior State Department officials this week that Maj. Gen. Qassim Suleimani had violated a travel ban.
"A journalist from The Forward, an American Jewish pro-Israel publication, described a “dynamic push-and-pull’’ between Iran’s theocratic government and its people.",article,nyt://article/df509f9d-601d-58cd-a05b-b17d6a332456,"[{'name': '', 'value': '', 'rank': 1}, {'name': 'Location', 'value': 'Iran', 'rank': 2}, {'name': 'Location', 'value': 'Israel', 'rank': 3}, {'name': 'Subject', 'value': 'Nuclear Weapons', 'rank': 4}, {'name': 'Person', 'value': 'Cohler-Esses, Larry', 'rank': 5}, {'name': 'Organization', 'value': 'Forward, The', 'rank': 6}, {'name': 'Subject', 'value': 'Jews and Judaism', 'rank': 7}, {'name': 'Subject', 'value': 'News and News Media', 'rank': 8}]",Foreign,3.0,A,2015-08-12 10:00:04+00:00,World,"A journalist from The Forward, an American Jewish pro-Israel publication, described a “dynamic push-and-pull’’ between Iran’s theocratic government and its people.",The New York Times,Middle East,News,nyt://article/df509f9d-601d-58cd-a05b-b17d6a332456,https://www.nytimes.com/2015/08/13/world/middleeast/reporting-from-iran-jewish-paper-sees-no-plot-to-destroy-israel.html,679,By Rick Gladstone,"Reporting From Iran, Jewish Paper Sees No Plot to Destroy Israel",, Reporter for Jewish Paper Finds No Anti-Israel Plot in Iran,Shoppers at the Grand Bazaar in Tehran in July.,Arash Khamooshi for The New York Times,https://static01.nyt.com/images/2015/08/13/world/13Forward-web/13Forward-web-articleLarge.jpg,400,600,https://static01.nyt.com/images/2015/08/13/world/13Forward-web/13Forward-web-thumbStandard.jpg,75,75,"Reporting From Iran, Jewish Paper Sees No Plot to Destroy Israel","Reporting From Iran, Jewish Paper Sees No Plot to Destroy Israel A journalist from The Forward, an American Jewish pro-Israel publication, described a “dynamic push-and-pull’’ between Iran’s theocratic government and its people. A journalist from The Forward, an American Jewish pro-Israel publication, described a “dynamic push-and-pull’’ between Iran’s theocratic government and its people."
"The number of new Ebola diagnoses in Sierra Leone and Guinea reached its lowest point in well over a year last week, according to the World Health Organization.",article,nyt://article/c73d7037-5fa9-5eb3-a7c0-24ebbc49cde0,"[{'name': 'Subject', 'value': 'Ebola Virus', 'rank': 1}, {'name': '', 'value': '', 'rank': 2}, {'name': 'Location', 'value': 'Guinea', 'rank': 3}, {'name': 'Location', 'value': 'Sierra Leone', 'rank': 4}, {'name': 'Location', 'value': 'Liberia', 'rank': 5}, {'name': 'Organization', 'value': 'World Health Organization', 'rank': 6}, {'name': 'Subject', 'value': 'Epidemics', 'rank': 7}, {'name': 'Keyword', 'value': 'OraQuick', 'rank': 8}, {'name': 'Subject', 'value': 'Tests (Medical)', 'rank': 9}]",Foreign,5.0,A,2015-08-04 23:14:07+00:00,World,"The number of new Ebola diagnoses in Sierra Leone and Guinea reached its lowest point in well over a year last week, according to the World Health Organization.",The New York Times,Africa,News,nyt://article/c73d7037-5fa9-5eb3-a7c0-24ebbc49cde0,https://www.nytimes.com/2015/08/05/world/africa/ebola-cases-fall-sharply-un-reports.html,406,By Sheri Fink,"Ebola Cases Fall Sharply, W.H.O. Reports",,"Ebola Cases Fall Sharply, W.H.O. Says",,,,0,0,,0,0,"Ebola Cases Fall Sharply, W.H.O. Reports","Ebola Cases Fall Sharply, W.H.O. Reports The number of new Ebola diagnoses in Sierra Leone and Guinea reached its lowest point in well over a year last week, according to the World Health Organization. The number of new Ebola diagnoses in Sierra Leone and Guinea reached its lowest point in well over a year last week, according to the World Health Organization."
"Shohret Hoshur, a journalist who fled the Chinese authorities in Xinjiang, has continued to chronicle violence there for Radio Free Asia, based in Washington.",article,nyt://article/f34ed8d1-eb24-573d-8013-5070eddd795c,"[{'name': 'Person', 'value': 'Hoshur, Shohret (1965- )', 'rank': 1}, {'name': 'Location', 'value': 'China', 'rank': 2}, {'name': 'Subject', 'value': 'Freedom of the Press', 'rank': 3}, {'name': 'Subject', 'value': 'Uighurs (Chinese Ethnic Group)', 'rank': 4}, {'name': 'Location', 'value': 'Xinjiang (China)', 'rank': 5}, {'name': 'Organization', 'value': 'Radio Free Asia', 'rank': 6}, {'name': 'Subject', 'value': 'News and News Media', 'rank': 7}, {'name': 'Location', 'value': 'United States', 'rank': 8}]",Foreign,7.0,A,2015-07-31 15:17:04+00:00,World,"Shohret Hoshur, a journalist who fled the Chinese authorities in Xinjiang, has continued to chronicle violence there for Radio Free Asia, based in Washington.",The New York Times,Asia Pacific,News,nyt://article/f34ed8d1-eb24-573d-8013-5070eddd795c,https://www.nytimes.com/2015/08/01/world/asia/a-voice-from-chinas-uighur-homeland-reporting-from-the-united-states.html,1411,By Michael Forsythe,"A Voice From China’s Uighur Homeland, Reporting From the U.S.",The Saturday Profile,Reporting From the U.S. on China’s Uighur Homeland,"Shohret Hoshur at the Radio Free Asia office in Washington. He said, “I cannot leave. They took such risks. In such a situation, how can I?”",Zach Gibson/The New York Times,https://static01.nyt.com/images/2015/07/31/world/hoshur-web/hoshur-web-articleLarge.jpg,400,600,https://static01.nyt.com/images/2015/07/31/world/hoshur-web/hoshur-web-thumbStandard.jpg,75,75,"A Voice From China’s Uighur Homeland, Reporting From the U.S.","A Voice From China’s Uighur Homeland, Reporting From the U.S. Shohret Hoshur, a journalist who fled the Chinese authorities in Xinjiang, has continued to chronicle violence there for Radio Free Asia, based in Washington. Shohret Hoshur, a journalist who fled the Chinese authorities in Xinjiang, has continued to chronicle violence there for Radio Free Asia, based in Washington."
"The report, published in the British medical journal The Lancet, indicated that the vaccine “might be safe and highly efficacious in preventing Ebola virus disease.”",article,nyt://article/3f62bdb7-a6a9-5e9a-bdf0-ae91cb84d5aa,"[{'name': '', 'value': '', 'rank': 1}, {'name': 'Subject', 'value': 'Ebola Virus', 'rank': 2}, {'name': 'Subject', 'value': 'Vaccination and Immunization', 'rank': 3}, {'name': 'Location', 'value': 'Guinea', 'rank': 4}, {'name': 'Organization', 'value': 'Lancet, The (Journal)', 'rank': 5}, {'name': 'Subject', 'value': 'Epidemics', 'rank': 6}, {'name': 'Subject', 'value': 'Medicine and Health', 'rank': 7}, {'name': 'Location', 'value': 'Africa', 'rank': 8}, {'name': 'Organization', 'value': 'Doctors Without Borders', 'rank': 9}, {'name': 'Organization', 'value': 'World Health Organization', 'rank': 10}, {'name': 'Location', 'value': 'Liberia', 'rank': 11}, {'name': 'Location', 'value': 'Sierra Leone', 'rank': 12}, {'name': 'Subject', 'value': 'Preventive Medicine', 'rank': 13}, {'name': 'Subject', 'value': 'Clinical Trials', 'rank': 14}, {'name': 'Subject', 'value': 'Academic and Scientific Journals', 'rank': 15}]",Foreign,9.0,A,2015-07-31 12:00:05+00:00,World,"The report, published in the British medical journal The Lancet, indicated that the vaccine “might be safe and highly efficacious in preventing Ebola virus disease.”",The New York Times,Africa,News,nyt://article/3f62bdb7-a6a9-5e9a-bdf0-ae91cb84d5aa,https://www.nytimes.com/2015/08/01/world/africa/experimental-ebola-vaccine-in-guinea-shows-promise-report-says.html,1274,By Sheri Fink,"Experimental Ebola Vaccine Tested in Guinea Shows Promise, Report Says",,"Ebola Vaccine Tested During Outbreak in Guinea Shows Promise, Report Says","A woman receiving an Ebola vaccination in Guinea in March. The clinical trial involved inoculating people who had come into contact with Ebola patients, and the contacts of those contacts.",Cellou Binani/Agence France-Presse — Getty Images,https://static01.nyt.com/images/2015/08/01/world/01Ebola2-web/01Ebola-web-1438344899648-articleLarge.jpg,401,600,https://static01.nyt.com/images/2015/08/01/world/01Ebola2-web/01Ebola-web-1438344899648-thumbStandard.jpg,75,75,"Experimental Ebola Vaccine Tested in Guinea Shows Promise, Report Says","Experimental Ebola Vaccine Tested in Guinea Shows Promise, Report Says The report, published in the British medical journal The Lancet, indicated that the vaccine “might be safe and highly efficacious in preventing Ebola virus disease.” The report, published in the British medical journal The Lancet, indicated that the vaccine “might be safe and highly efficacious in preventing Ebola virus disease.”"
"The Washington Post correspondent, who is accused of espionage, may have aroused suspicion by gaining strong connections to Iranian sources, his friends and colleagues say.",article,nyt://article/a7121f64-09a1-5eec-ac83-364e09ada5fa,"[{'name': 'Person', 'value': 'Erdbrink, Thomas', 'rank': 1}, {'name': 'Location', 'value': 'Iran', 'rank': 2}, {'name': 'Person', 'value': 'Gladstone, Rick', 'rank': 3}, {'name': 'Person', 'value': 'Rezaian, Jason', 'rank': 4}, {'name': 'Person', 'value': 'Salehi, Yeganeh', 'rank': 5}, {'name': 'Organization', 'value': 'Washington Post', 'rank': 6}, {'name': 'Subject', 'value': 'News and News Media', 'rank': 7}, {'name': 'Subject', 'value': 'Political Prisoners', 'rank': 8}, {'name': 'Subject', 'value': 'Espionage and Intelligence Services', 'rank': 9}]",Foreign,1.0,A,2015-07-28 17:42:03+00:00,World,"The Washington Post correspondent, who is accused of espionage, may have aroused suspicion by gaining strong connections to Iranian sources, his friends and colleagues say.",The New York Times,Middle East,News,nyt://article/a7121f64-09a1-5eec-ac83-364e09ada5fa,https://www.nytimes.com/2015/07/29/world/middleeast/irans-trial-of-jason-rezaian-illustrates-perils-faced-by-reporters.html,1616,By Thomas Erdbrink and Rick Gladstone,"In Iran, Jason Rezaian’s Reporting Strengths Led to Suspicion, Then Detention",,"In Iran, a Reporter’s Skills Led to Suspicion, Then Detention","Ali Rezaian, brother of Jason Rezaian, the Washington Post reporter on trial in Iran for spying, at a news conference in Washington last week. Foreign journalists are often assumed to be spies in Iran.",Molly Riley/Associated Press,https://static01.nyt.com/images/2015/07/29/world/29rezaian-3/29rezaian-3-articleLarge.jpg,379,600,https://static01.nyt.com/images/2015/07/29/world/29rezaian-3/29rezaian-3-thumbStandard.jpg,75,75,"In Iran, Jason Rezaian’s Reporting Strengths Led to Suspicion, Then Detention","In Iran, Jason Rezaian’s Reporting Strengths Led to Suspicion, Then Detention The Washington Post correspondent, who is accused of espionage, may have aroused suspicion by gaining strong connections to Iranian sources, his friends and colleagues say. The Washington Post correspondent, who is accused of espionage, may have aroused suspicion by gaining strong connections to Iranian sources, his friends and colleagues say."
The indictments come days before the State Department is expected to release an analysis of international efforts to fight such smuggling networks.,article,nyt://article/8892f663-cf08-59ba-a010-89db1b5dacca,"[{'name': '', 'value': '', 'rank': 1}, {'name': 'Subject', 'value': 'Human Trafficking', 'rank': 2}, {'name': 'Location', 'value': 'Thailand', 'rank': 3}, {'name': 'Organization', 'value': 'State Department', 'rank': 4}, {'name': 'Subject', 'value': 'Rohingya (Ethnic Group)', 'rank': 5}, {'name': 'Subject', 'value': 'Immigration and Emigration', 'rank': 6}]",Foreign,8.0,A,2015-07-24 19:39:18+00:00,World,The indictments come days before the State Department is expected to release an analysis of international efforts to fight such smuggling networks.,The New York Times,Asia Pacific,News,nyt://article/8892f663-cf08-59ba-a010-89db1b5dacca,https://www.nytimes.com/2015/07/25/world/asia/thailand-charges-72-with-human-trafficking-crimes-ahead-of-us-report.html,318,By Poypiti Amatatham,Thailand Charges 72 With Human Trafficking Crimes Ahead of U.S. Report,,World Briefing | Asia; Thailand: Prosecutors Indict 72 on Human-Trafficking Charges,,,,0,0,,0,0,Thailand Charges 72 With Human Trafficking Crimes Ahead of U.S. Report,Thailand Charges 72 With Human Trafficking Crimes Ahead of U.S. Report The indictments come days before the State Department is expected to release an analysis of international efforts to fight such smuggling networks. The indictments come days before the State Department is expected to release an analysis of international efforts to fight such smuggling networks.
From the International Herald Tribune archives: Italy’s air force bombs oil refineries in Haifa in 1940.,article,nyt://article/1472b539-4bdb-570e-97f1-dc597a678864,"[{'name': 'Subject', 'value': 'Bombs and Explosives', 'rank': 1}, {'name': 'Subject', 'value': 'ITALY', 'rank': 2}, {'name': 'Subject', 'value': 'Palestinians', 'rank': 3}, {'name': 'Subject', 'value': 'World War II (1939-45)', 'rank': 4}]",Foreign,,,2015-07-16 13:58:33+00:00,World,From the International Herald Tribune archives: Italy’s air force bombs oil refineries in Haifa in 1940.,The New York Times,,News,nyt://article/1472b539-4bdb-570e-97f1-dc597a678864,https://iht-retrospective.blogs.nytimes.com/2015/07/16/1940-rome-reports-bombing-haifa/,108,By International Herald Tribune,1940: Rome Reports Bombing Haifa,IHT Retrospective,,"The city of Haifa in British Mandate Palestine attacked by an Italian air raid on July 15, 1940.",Australian War Memorial,,0,0,https://static01.nyt.com/images/2015/07/17/blogs/17iht-oldjuly17-palestine/17iht-oldjuly17-palestine-thumbStandard.jpg,75,75,1940: Rome Reports Bombing Haifa,1940: Rome Reports Bombing Haifa From the International Herald Tribune archives: Italy’s air force bombs oil refineries in Haifa in 1940. From the International Herald Tribune archives: Italy’s air force bombs oil refineries in Haifa in 1940.
"A woman died at an Ebola treatment unit in Liberia, the second victim of the virus since the World Health Organization declared the country free of of the virus in May.",article,nyt://article/d2aaeb5a-4c20-50d7-977d-1b1ee25ed20c,"[{'name': 'Subject', 'value': 'Ebola Virus', 'rank': 1}, {'name': '', 'value': '', 'rank': 2}, {'name': 'Location', 'value': 'Liberia', 'rank': 3}, {'name': '', 'value': '', 'rank': 4}, {'name': 'Organization', 'value': 'World Health Organization', 'rank': 5}, {'name': 'Subject', 'value': 'Deaths (Fatalities)', 'rank': 6}]",Foreign,8.0,A,2015-07-15 23:10:44+00:00,World,"A woman died at an Ebola treatment unit in Liberia, the second victim of the virus since the World Health Organization declared the country free of of the virus in May.",The New York Times,Africa,News,nyt://article/d2aaeb5a-4c20-50d7-977d-1b1ee25ed20c,https://www.nytimes.com/2015/07/16/world/africa/another-ebola-fatality-is-reported-in-liberia.html,337,By Clair MacDougall and Sheri Fink,Another Ebola Fatality Is Reported in Liberia,,"In Liberia, Another Death From Ebola ","A quarantined home in Nedowein, Liberia, on Wednesday. A woman died in a treatment unit on Sunday, becoming the second Ebola fatality since Liberia was declared free of the virus on May 9.",James Giahyue/Reuters,https://static01.nyt.com/images/2015/07/16/world/16ebola/16ebola-articleLarge.jpg,400,600,https://static01.nyt.com/images/2015/07/16/world/16ebola/16ebola-thumbStandard.jpg,75,75,Another Ebola Fatality Is Reported in Liberia,"Another Ebola Fatality Is Reported in Liberia A woman died at an Ebola treatment unit in Liberia, the second victim of the virus since the World Health Organization declared the country free of of the virus in May. A woman died at an Ebola treatment unit in Liberia, the second victim of the virus since the World Health Organization declared the country free of of the virus in May."
"A pesticide factory recently visited by the North Korean leader Kim Jong-un may be used to produce biological weapons, like anthrax, according to an online report.",article,nyt://article/dd1951b4-3584-5806-8d28-4fcc017715f6,"[{'name': '', 'value': '', 'rank': 1}, {'name': 'Location', 'value': 'North Korea', 'rank': 2}, {'name': 'Subject', 'value': 'Biological and Chemical Warfare', 'rank': 3}, {'name': 'Organization', 'value': '38 North', 'rank': 4}, {'name': 'Subject', 'value': 'Pesticides', 'rank': 5}, {'name': 'Subject', 'value': 'Factories and Manufacturing', 'rank': 6}, {'name': 'Subject', 'value': 'Nuclear Weapons', 'rank': 7}, {'name': 'Person', 'value': 'Kim Jong-un', 'rank': 8}]",Foreign,6.0,A,2015-07-10 03:43:48+00:00,World,"A pesticide factory recently visited by the North Korean leader Kim Jong-un may be used to produce biological weapons, like anthrax, according to an online report.",The New York Times,Asia Pacific,Brief,nyt://article/dd1951b4-3584-5806-8d28-4fcc017715f6,https://www.nytimes.com/2015/07/10/world/asia/north-korea-pesticide-factory-may-have-sinister-purpose-report-says.html,139,By Choe Sang-Hun,"North Korea: Pesticide Factory May Have Sinister Purpose, Report Says",World Briefing,"Asia | North Korea: Pesticide Factory May Have Sinister Purpose, Report Says",,,,0,0,,0,0,"North Korea: Pesticide Factory May Have Sinister Purpose, Report Says","North Korea: Pesticide Factory May Have Sinister Purpose, Report Says A pesticide factory recently visited by the North Korean leader Kim Jong-un may be used to produce biological weapons, like anthrax, according to an online report. A pesticide factory recently visited by the North Korean leader Kim Jong-un may be used to produce biological weapons, like anthrax, according to an online report."
Among those killed in the American attack in Nangarhar Province were two senior Pakistani militants who had allied themselves with the Islamic State.,article,nyt://article/b9232285-2704-59f3-a6b8-f0d49cbabfb9,"[{'name': 'Location', 'value': 'Afghanistan', 'rank': 1}, {'name': '', 'value': '', 'rank': 2}, {'name': 'Subject', 'value': 'Drones (Pilotless Planes)', 'rank': 3}, {'name': 'Location', 'value': 'Pakistan', 'rank': 4}, {'name': 'Organization', 'value': 'Islamic State in Iraq and Syria (ISIS)', 'rank': 5}, {'name': 'Subject', 'value': 'Targeted Killings', 'rank': 6}, {'name': 'Person', 'value': 'Shahid, Shahidullah', 'rank': 7}, {'name': 'Person', 'value': 'Zaman, Gul', 'rank': 8}]",Foreign,14.0,A,2015-07-09 14:45:28+00:00,World,Among those killed in the American attack in Nangarhar Province were two senior Pakistani militants who had allied themselves with the Islamic State.,The New York Times,Asia Pacific,News,nyt://article/b9232285-2704-59f3-a6b8-f0d49cbabfb9,https://www.nytimes.com/2015/07/10/world/asia/us-drone-strike-said-to-kill-gul-zaman-and-shahidullah-shahid-of-islamic-state.html,392,By Ismail Khan,ISIS Leaders Reported Killed in Drone Strike in Afghanistan,,Drone Strike Kills 2 Pakistanis Tied to ISIS,,,,0,0,,0,0,ISIS Leaders Reported Killed in Drone Strike in Afghanistan,ISIS Leaders Reported Killed in Drone Strike in Afghanistan Among those killed in the American attack in Nangarhar Province were two senior Pakistani militants who had allied themselves with the Islamic State. Among those killed in the American attack in Nangarhar Province were two senior Pakistani militants who had allied themselves with the Islamic State.
"The conclusion came in a final report on the successes and failures of the Millennium Development Goals, a set of targets established 15 years ago to improve the lives of the poor.",article,nyt://article/d611b1b2-42fe-5f14-a8d7-5df5f07aa09a,"[{'name': 'Subject', 'value': 'Poverty', 'rank': 1}, {'name': 'Person', 'value': 'Sengupta, Somini', 'rank': 2}, {'name': 'Organization', 'value': 'United Nations', 'rank': 3}, {'name': 'Subject', 'value': 'Millennium Development Goals', 'rank': 4}, {'name': 'Location', 'value': 'China', 'rank': 5}, {'name': 'Location', 'value': 'India', 'rank': 6}, {'name': 'Subject', 'value': 'Malaria', 'rank': 7}]",Foreign,4.0,A,2015-07-07 00:04:27+00:00,World,"The conclusion came in a final report on the successes and failures of the Millennium Development Goals, a set of targets established 15 years ago to improve the lives of the poor.",The New York Times,Asia Pacific,News,nyt://article/d611b1b2-42fe-5f14-a8d7-5df5f07aa09a,https://www.nytimes.com/2015/07/07/world/asia/global-poverty-drops-sharply-with-china-making-big-strides-un-report-says.html,708,By Somini Sengupta,"Global Poverty Drops Sharply, With China Making Big Strides, U.N. Report Says",,"Global Poverty Drops Sharply, but Gains Are Uneven","Measures like using bed nets, like ones used in Tanzania last year, have been credited with a decline in the mortality rate from malaria.",Uriel Sinai for The New York Times,https://static01.nyt.com/images/2015/07/07/world/07POVERTY/07POVERTY-articleLarge.jpg,400,600,https://static01.nyt.com/images/2015/07/07/world/07POVERTY/07POVERTY-thumbStandard.jpg,75,75,"Global Poverty Drops Sharply, With China Making Big Strides, U.N. Report Says","Global Poverty Drops Sharply, With China Making Big Strides, U.N. Report Says The conclusion came in a final report on the successes and failures of the Millennium Development Goals, a set of targets established 15 years ago to improve the lives of the poor. The conclusion came in a final report on the successes and failures of the Millennium Development Goals, a set of targets established 15 years ago to improve the lives of the poor."
"Three cases have emerged in the country since it was declared free of the virus on May 9, highlighting the continuing threat of viral outbreaks in West Africa.",article,nyt://article/39f60e78-6440-5eb7-ae36-5e09e8240b57,"[{'name': '', 'value': '', 'rank': 1}, {'name': 'Subject', 'value': 'Ebola Virus', 'rank': 2}, {'name': 'Location', 'value': 'Liberia', 'rank': 3}, {'name': 'Subject', 'value': 'Epidemics', 'rank': 4}, {'name': 'Person', 'value': 'Johnson Sirleaf, Ellen', 'rank': 5}]",Foreign,10.0,A,2015-07-02 23:20:14+00:00,World,"Three cases have emerged in the country since it was declared free of the virus on May 9, highlighting the continuing threat of viral outbreaks in West Africa.",The New York Times,Africa,News,nyt://article/39f60e78-6440-5eb7-ae36-5e09e8240b57,https://www.nytimes.com/2015/07/03/world/africa/liberia-reports-new-cases-of-ebola.html,513,By Clair MacDougall,Liberia Reports New Cases of Ebola,,Ebola Revival Is New Test for Liberia,,,,0,0,,0,0,Liberia Reports New Cases of Ebola,"Liberia Reports New Cases of Ebola Three cases have emerged in the country since it was declared free of the virus on May 9, highlighting the continuing threat of viral outbreaks in West Africa. Three cases have emerged in the country since it was declared free of the virus on May 9, highlighting the continuing threat of viral outbreaks in West Africa."
"Investigators in Taiwan found that the pilot of a plane that went down in Taipei in February, killing 43, had also failed a simulator test last year.",article,nyt://article/c8efa79e-a43c-52dc-94f8-f5c4fbca576e,"[{'name': 'Location', 'value': 'Taiwan', 'rank': 1}, {'name': 'Subject', 'value': 'Aviation Accidents, Safety and Disasters', 'rank': 2}, {'name': 'Organization', 'value': 'TransAsia Airways', 'rank': 3}, {'name': 'Person', 'value': 'Liao Chien-tsung (d 2015)', 'rank': 4}, {'name': 'Location', 'value': 'Taipei (Taiwan)', 'rank': 5}, {'name': 'Subject', 'value': 'Pilots', 'rank': 6}]",Foreign,10.0,A,2015-07-02 08:11:49+00:00,World,"Investigators in Taiwan found that the pilot of a plane that went down in Taipei in February, killing 43, had also failed a simulator test last year.",The New York Times,Asia Pacific,News,nyt://article/c8efa79e-a43c-52dc-94f8-f5c4fbca576e,https://www.nytimes.com/2015/07/03/world/asia/transasia-pilot-acknowledged-cutting-wrong-engine-crash-report-says.html,459,By Austin Ramzy,"TransAsia Pilot Acknowledged Cutting Wrong Engine, Crash Report Says",,World Briefing | Asia; Taiwan: Pilot Acknowledged Error,A still image taken from a dashboard video camera showed the TransAsia Airways plane clipping a roadway on its way down in Taipei on Feb. 4.,"Tvbs Taiwan, via Agence France-Presse — Getty Images",https://static01.nyt.com/images/2015/07/03/world/03taiwan-01/03taiwan-01-articleLarge.jpg,360,600,https://static01.nyt.com/images/2015/07/03/world/03taiwan-01/03taiwan-01-thumbStandard.jpg,75,75,"TransAsia Pilot Acknowledged Cutting Wrong Engine, Crash Report Says","TransAsia Pilot Acknowledged Cutting Wrong Engine, Crash Report Says Investigators in Taiwan found that the pilot of a plane that went down in Taipei in February, killing 43, had also failed a simulator test last year. Investigators in Taiwan found that the pilot of a plane that went down in Taipei in February, killing 43, had also failed a simulator test last year."
The country’s deputy health minister said the body of a 17-year-old man had tested positive for the disease.,article,nyt://article/220b9370-c43f-5204-a00f-0152bc87a592,"[{'name': 'Subject', 'value': 'Ebola Virus', 'rank': 1}, {'name': 'Location', 'value': 'Liberia', 'rank': 2}, {'name': 'Organization', 'value': 'World Health Organization', 'rank': 3}, {'name': 'Subject', 'value': 'Epidemics', 'rank': 4}]",Foreign,6.0,A,2015-06-30 03:10:58+00:00,World,The country’s deputy health minister said the body of a 17-year-old man had tested positive for the disease.,The New York Times,Africa,Brief,nyt://article/220b9370-c43f-5204-a00f-0152bc87a592,https://www.nytimes.com/2015/06/30/world/africa/liberia-new-ebola-death-is-reported.html,156,By The Associated Press,Liberia: New Ebola Death Is Reported,World Briefing,Africa; Liberia: New Ebola Death Is Reported,,,,0,0,,0,0,Liberia: New Ebola Death Is Reported,Liberia: New Ebola Death Is Reported The country’s deputy health minister said the body of a 17-year-old man had tested positive for the disease. The country’s deputy health minister said the body of a 17-year-old man had tested positive for the disease.
"Joshua Wong, the 18-year-old student who led months of protests last year for a free election of Hong Kong’s leader, said he was assaulted by an unidentified man early Monday while walking down a street.",article,nyt://article/9694469a-f2bd-57eb-9a5c-7166bc298bab,[],Foreign,,,2015-06-29 11:32:46+00:00,World,"Joshua Wong, the 18-year-old student who led months of protests last year for a free election of Hong Kong’s leader, said he was assaulted by an unidentified man early Monday while walking down a street.",The New York Times,Asia Pacific,News,nyt://article/9694469a-f2bd-57eb-9a5c-7166bc298bab,https://sinosphere.blogs.nytimes.com/2015/06/29/hong-kong-democracy-activist-reports-being-assaulted-on-street/,694,By Alan Wong,Hong Kong Democracy Activist Reports Being Assaulted on Street,Sinosphere,,,,,0,0,,0,0,Hong Kong Democracy Activist Reports Being Assaulted on Street,"Hong Kong Democracy Activist Reports Being Assaulted on Street Joshua Wong, the 18-year-old student who led months of protests last year for a free election of Hong Kong’s leader, said he was assaulted by an unidentified man early Monday while walking down a street. Joshua Wong, the 18-year-old student who led months of protests last year for a free election of Hong Kong’s leader, said he was assaulted by an unidentified man early Monday while walking down a street."
"The crash of a United States Marines helicopter in Nepal that killed 13 people in May was caused by bad weather and the geography of the region, the Nepalese Army said.",article,nyt://article/33bee3a7-fc03-51bb-8a9d-4afdcaa3699a,"[{'name': 'Person', 'value': 'Sharma, Bhadra', 'rank': 1}, {'name': 'Location', 'value': 'Nepal', 'rank': 2}, {'name': 'Subject', 'value': 'Helicopters', 'rank': 3}, {'name': 'Subject', 'value': 'Aviation Accidents, Safety and Disasters', 'rank': 4}, {'name': 'Subject', 'value': 'United States Defense and Military Forces', 'rank': 5}]",Foreign,9.0,A,2015-06-27 01:05:54+00:00,World,"The crash of a United States Marines helicopter in Nepal that killed 13 people in May was caused by bad weather and the geography of the region, the Nepalese Army said.",The New York Times,Asia Pacific,Brief,nyt://article/33bee3a7-fc03-51bb-8a9d-4afdcaa3699a,https://www.nytimes.com/2015/06/27/world/asia/nepal-rough-terrain-and-bad-weather-led-to-helicopter-crash-report-says.html,145,By Bhadra Sharma,"Nepal: Rough Terrain and Bad Weather Led to Helicopter Crash, Report Says",World Briefing,"Asia; Nepal: Rough Terrain and Bad Weather Led to Helicopter Crash, Report Says",,,,0,0,,0,0,"Nepal: Rough Terrain and Bad Weather Led to Helicopter Crash, Report Says","Nepal: Rough Terrain and Bad Weather Led to Helicopter Crash, Report Says The crash of a United States Marines helicopter in Nepal that killed 13 people in May was caused by bad weather and the geography of the region, the Nepalese Army said. The crash of a United States Marines helicopter in Nepal that killed 13 people in May was caused by bad weather and the geography of the region, the Nepalese Army said."
"In response to the State Department’s annual report on human rights abuses, Beijing issued its own study, highlighting what it views as the abysmal record of the United States.",article,nyt://article/e03c772f-a496-5fa2-be74-c2240277fd44,"[{'name': 'Subject', 'value': 'Discrimination', 'rank': 1}, {'name': 'Subject', 'value': 'Freedom of Speech and Expression', 'rank': 2}, {'name': 'Subject', 'value': 'Human Rights and Human Rights Violations', 'rank': 3}, {'name': 'Subject', 'value': 'Income Inequality', 'rank': 4}, {'name': 'Subject', 'value': 'Police Brutality, Misconduct and Shootings', 'rank': 5}, {'name': 'Subject', 'value': 'Poverty', 'rank': 6}, {'name': 'Subject', 'value': 'Torture', 'rank': 7}, {'name': 'Person', 'value': 'Brown, Michael (1996-2014)', 'rank': 8}, {'name': 'Person', 'value': 'Rice, Tamir E (2002-14)', 'rank': 9}, {'name': 'Organization', 'value': 'Communist Party of China', 'rank': 10}, {'name': 'Organization', 'value': 'Human Rights Watch', 'rank': 11}, {'name': 'Organization', 'value': 'Senate Committee on Intelligence', 'rank': 12}, {'name': 'Organization', 'value': 'State Department', 'rank': 13}, {'name': 'Location', 'value': 'China', 'rank': 14}, {'name': 'Location', 'value': 'Ferguson (Mo)', 'rank': 15}, {'name': 'Location', 'value': 'United States', 'rank': 16}]",Foreign,,,2015-06-26 12:43:54+00:00,World,"In response to the State Department’s annual report on human rights abuses, Beijing issued its own study, highlighting what it views as the abysmal record of the United States.",The New York Times,Asia Pacific,News,nyt://article/e03c772f-a496-5fa2-be74-c2240277fd44,https://sinosphere.blogs.nytimes.com/2015/06/26/china-issues-report-on-u-s-human-rights-record-in-annual-tit-for-tat/,523,By Michael Forsythe,"China Issues Report on U.S. Human Rights Record, in Annual Tit for Tat",Sinosphere,,,,,0,0,,0,0,"China Issues Report on U.S. Human Rights Record, in Annual Tit for Tat","China Issues Report on U.S. Human Rights Record, in Annual Tit for Tat In response to the State Department’s annual report on human rights abuses, Beijing issued its own study, highlighting what it views as the abysmal record of the United States. In response to the State Department’s annual report on human rights abuses, Beijing issued its own study, highlighting what it views as the abysmal record of the United States."
"More than a dozen people were killed in the violence Monday, according to a Radio Free Asia report that was largely corroborated by local residents.",article,nyt://article/41b667dc-ae8c-5fc5-864d-efc66ea7485d,"[{'name': 'Subject', 'value': 'Uighurs (Chinese Ethnic Group)', 'rank': 1}, {'name': 'Person', 'value': 'Forsythe, Michael', 'rank': 2}, {'name': 'Location', 'value': 'Kashgar (China)', 'rank': 3}, {'name': 'Subject', 'value': 'Attacks on Police', 'rank': 4}, {'name': 'Location', 'value': 'China', 'rank': 5}, {'name': 'Location', 'value': 'Xinjiang (China)', 'rank': 6}]",Foreign,10.0,A,2015-06-24 08:30:28+00:00,World,"More than a dozen people were killed in the violence Monday, according to a Radio Free Asia report that was largely corroborated by local residents.",The New York Times,Asia Pacific,News,nyt://article/41b667dc-ae8c-5fc5-864d-efc66ea7485d,https://www.nytimes.com/2015/06/25/world/asia/deadly-clash-between-police-and-ethnic-uighurs-reported-in-xinjiang-region-of-china.html,494,By Michael Forsythe,Deadly Clash Between Police and Ethnic Uighurs Reported in Xinjiang Region of China,,Deadly Clash in Western China Between Uighurs and the Police,,,,0,0,,0,0,Deadly Clash Between Police and Ethnic Uighurs Reported in Xinjiang Region of China,"Deadly Clash Between Police and Ethnic Uighurs Reported in Xinjiang Region of China More than a dozen people were killed in the violence Monday, according to a Radio Free Asia report that was largely corroborated by local residents. More than a dozen people were killed in the violence Monday, according to a Radio Free Asia report that was largely corroborated by local residents."
The United Nations Children’s Fund said improvements in national averages had obscured worsening trends among the world’s poorest children.,article,nyt://article/3eb0e029-e4b3-5e1f-940e-41e61356e635,"[{'name': 'Person', 'value': 'Gladstone, Rick', 'rank': 1}, {'name': 'Organization', 'value': ""United Nations Children's Fund"", 'rank': 2}, {'name': 'Subject', 'value': 'Children and Childhood', 'rank': 3}, {'name': 'Subject', 'value': 'Third World and Developing Countries', 'rank': 4}, {'name': 'Subject', 'value': 'Millennium Development Goals', 'rank': 5}, {'name': 'Subject', 'value': 'Deaths (Fatalities)', 'rank': 6}, {'name': 'Location', 'value': 'Africa', 'rank': 7}, {'name': 'Subject', 'value': 'Population', 'rank': 8}]",Foreign,6.0,A,2015-06-23 00:42:22+00:00,World,The United Nations Children’s Fund said improvements in national averages had obscured worsening trends among the world’s poorest children.,The New York Times,Americas,News,nyt://article/3eb0e029-e4b3-5e1f-940e-41e61356e635,https://www.nytimes.com/2015/06/23/world/americas/poor-children-still-at-risk-despite-progress-unicef-warns.html,463,By Rick Gladstone,Unicef Report Describes Grim Trends for the Poorest Children,,Unicef Report Describes Grim Trends for the Poorest ,,,,0,0,,0,0,Unicef Report Describes Grim Trends for the Poorest Children,Unicef Report Describes Grim Trends for the Poorest Children The United Nations Children’s Fund said improvements in national averages had obscured worsening trends among the world’s poorest children. The United Nations Children’s Fund said improvements in national averages had obscured worsening trends among the world’s poorest children.
"The report said “impunity prevails across the board” regarding the actions of Israeli forces in Gaza, but also cited the “inherently indiscriminate nature” of rockets fired at Israeli civilians.",article,nyt://article/c4c14e90-04ac-511a-9d18-9b3d5194a54c,"[{'name': 'Person', 'value': 'Rudoren, Jodi', 'rank': 1}, {'name': 'Location', 'value': 'Israel', 'rank': 2}, {'name': 'Person', 'value': 'Sengupta, Somini', 'rank': 3}, {'name': 'Subject', 'value': 'Palestinians', 'rank': 4}, {'name': 'Organization', 'value': 'United Nations', 'rank': 5}, {'name': 'Location', 'value': 'Gaza Strip', 'rank': 6}, {'name': 'Subject', 'value': 'War Crimes, Genocide and Crimes Against Humanity', 'rank': 7}, {'name': 'Organization', 'value': 'Hamas', 'rank': 8}, {'name': 'Organization', 'value': 'United Nations Human Rights Council', 'rank': 9}, {'name': 'Organization', 'value': 'International Criminal Court', 'rank': 10}, {'name': 'Person', 'value': 'McGowan Davis, Mary', 'rank': 11}, {'name': 'Person', 'value': 'Diene, Doudou (1941- )', 'rank': 12}]",Foreign,4.0,A,2015-06-22 11:30:35+00:00,World,"The report said “impunity prevails across the board” regarding the actions of Israeli forces in Gaza, but also cited the “inherently indiscriminate nature” of rockets fired at Israeli civilians.",The New York Times,Middle East,News,nyt://article/c4c14e90-04ac-511a-9d18-9b3d5194a54c,https://www.nytimes.com/2015/06/23/world/middleeast/israel-gaza-report.html,1256,By Jodi Rudoren and Somini Sengupta,U.N. Report on Gaza Finds Evidence of War Crimes by Israel and by Palestinian Militants,,Both Sides in Gaza War Are Faulted by U.N. Panel,"Palestinians mourned members of the Nigim family, killed during an Israeli airstrike in Jabaliya, Gaza, on Aug. 4, 2014.",Sergey Ponomarev for The New York Times,https://static01.nyt.com/images/2015/06/23/world/middleeast/23gaza-web/23gaza-web-articleLarge.jpg,400,600,https://static01.nyt.com/images/2015/06/23/world/middleeast/23gaza-web/23gaza-web-thumbStandard-v2.jpg,75,75,U.N. Report on Gaza Finds Evidence of War Crimes by Israel and by Palestinian Militants,"U.N. Report on Gaza Finds Evidence of War Crimes by Israel and by Palestinian Militants The report said “impunity prevails across the board” regarding the actions of Israeli forces in Gaza, but also cited the “inherently indiscriminate nature” of rockets fired at Israeli civilians. The report said “impunity prevails across the board” regarding the actions of Israeli forces in Gaza, but also cited the “inherently indiscriminate nature” of rockets fired at Israeli civilians."
The Central Commission for Discipline Inspection has added a new function to its mobile app and opened an online platform to allow citizens to report any corruption they spot.,article,nyt://article/4f04876c-cf75-50a8-9f62-0be0dc23462f,"[{'name': 'Subject', 'value': 'Computers and the Internet', 'rank': 1}, {'name': 'Subject', 'value': 'Corruption (Institutional)', 'rank': 2}, {'name': 'Subject', 'value': 'Ethics and Official Misconduct', 'rank': 3}, {'name': 'Subject', 'value': 'Mobile Applications', 'rank': 4}, {'name': 'Person', 'value': 'Mao Zedong', 'rank': 5}, {'name': 'Person', 'value': 'Xi Jinping', 'rank': 6}, {'name': 'Person', 'value': 'Zhou Yongkang', 'rank': 7}, {'name': 'Person', 'value': 'Zhu Ruifeng', 'rank': 8}, {'name': 'Organization', 'value': 'Central Commission for Discipline Inspection (Communist Party of China)', 'rank': 9}, {'name': 'Organization', 'value': 'Communist Party of China', 'rank': 10}, {'name': 'Location', 'value': 'China', 'rank': 11}]",Foreign,,,2015-06-19 10:51:31+00:00,World,The Central Commission for Discipline Inspection has added a new function to its mobile app and opened an online platform to allow citizens to report any corruption they spot.,The New York Times,Asia Pacific,News,nyt://article/4f04876c-cf75-50a8-9f62-0be0dc23462f,https://sinosphere.blogs.nytimes.com/2015/06/19/china-communist-party-corruption-app/,749,By Vanessa Piao,China Lets Citizens’ Fingers Do the Talking to Report Graft,Sinosphere,,"Tombstones of relatives of Zhou Yongkang, an official who was sentenced to life over graft. A new app and online platform let citizens to report suspected corruption.",Johannes Eisele/Agence France-Presse — Getty Images,https://static01.nyt.com/images/2015/06/20/world/19sino-app/19sino-app-articleLarge.jpg,400,600,https://static01.nyt.com/images/2015/06/20/world/19sino-app/19sino-app-thumbStandard.jpg,75,75,China Lets Citizens’ Fingers Do the Talking to Report Graft,China Lets Citizens’ Fingers Do the Talking to Report Graft The Central Commission for Discipline Inspection has added a new function to its mobile app and opened an online platform to allow citizens to report any corruption they spot. The Central Commission for Discipline Inspection has added a new function to its mobile app and opened an online platform to allow citizens to report any corruption they spot.
"With renovation expected to take years and cost $6.2 billion or more, some even suggest finding another home away from London.",article,nyt://article/bd616c22-2c3b-501b-94f9-a1e45a6990c8,"[{'name': 'Location', 'value': 'Great Britain', 'rank': 1}, {'name': 'Person', 'value': 'Erlanger, Steven', 'rank': 2}, {'name': 'Organization', 'value': 'Palace of Westminster (London, England)', 'rank': 3}, {'name': 'Subject', 'value': 'Restoration and Renovation', 'rank': 4}, {'name': 'Subject', 'value': 'Historic Buildings and Sites', 'rank': 5}, {'name': 'Location', 'value': 'London (England)', 'rank': 6}, {'name': 'Subject', 'value': 'Legislatures and Parliaments', 'rank': 7}]",Foreign,10.0,A,2015-06-18 21:51:39+00:00,World,"With renovation expected to take years and cost $6.2 billion or more, some even suggest finding another home away from London.",The New York Times,Europe,News,nyt://article/bd616c22-2c3b-501b-94f9-a1e45a6990c8,https://www.nytimes.com/2015/06/19/world/europe/houses-of-parliament-are-crumbling-report-finds-and-there-is-no-quick-fix.html,567,By Steven Erlanger,"Houses of Parliament Are Crumbling, Report Finds, and There Is No Quick Fix",,Parliament Said to Need Costly Fixes,"Scaffolding surrounding part of the Houses of Parliament in London. A new report says that repairs could take as long as 30 years and cost more than $11 billion.

",Kirsty Wigglesworth/Associated Press,https://static01.nyt.com/images/2015/06/19/world/19LONDON/19LONDON-articleLarge.jpg,400,600,https://static01.nyt.com/images/2015/06/19/world/19LONDON/19LONDON-thumbStandard.jpg,75,75,"Houses of Parliament Are Crumbling, Report Finds, and There Is No Quick Fix","Houses of Parliament Are Crumbling, Report Finds, and There Is No Quick Fix With renovation expected to take years and cost $6.2 billion or more, some even suggest finding another home away from London. With renovation expected to take years and cost $6.2 billion or more, some even suggest finding another home away from London."
"Almost a quarter of journalists from Syria have been forced into exile since 2010, a leading press advocacy group said in a report released Wednesday.",article,nyt://article/2b6419b9-376d-5a91-bf21-1795b31e3a37,"[{'name': 'Person', 'value': 'Gladstone, Rick', 'rank': 1}, {'name': 'Organization', 'value': 'Committee to Protect Journalists', 'rank': 2}, {'name': 'Subject', 'value': 'Freedom of Speech and Expression', 'rank': 3}, {'name': 'Location', 'value': 'Syria', 'rank': 4}, {'name': 'Location', 'value': 'Iran', 'rank': 5}, {'name': 'Location', 'value': 'Ethiopia', 'rank': 6}, {'name': 'Subject', 'value': 'News and News Media', 'rank': 7}]",Foreign,7.0,A,2015-06-17 04:01:05+00:00,World,"Almost a quarter of journalists from Syria have been forced into exile since 2010, a leading press advocacy group said in a report released Wednesday.",The New York Times,,Brief,nyt://article/2b6419b9-376d-5a91-bf21-1795b31e3a37,https://www.nytimes.com/2015/06/17/world/hundreds-of-journalists-exiled-globally-syria-report-says.html,112,By Rick Gladstone,"Hundreds of Journalists Exiled Globally, Report Says",World Briefing |,"Hundreds of Journalists Exiled Globally, With 1 in 4 From Syria, Report Says",,,,0,0,,0,0,"Hundreds of Journalists Exiled Globally, Report Says","Hundreds of Journalists Exiled Globally, Report Says Almost a quarter of journalists from Syria have been forced into exile since 2010, a leading press advocacy group said in a report released Wednesday. Almost a quarter of journalists from Syria have been forced into exile since 2010, a leading press advocacy group said in a report released Wednesday."
"Ahead of a United Nations report, the ministry argues that Israel’s troops adhered to international law and blames Palestinian militants for the bulk of the civilian casualties in last summer’s war.",article,nyt://article/4a526212-aec0-53f8-8b10-78dbda1f5bd9,"[{'name': 'Person', 'value': 'Rudoren, Jodi', 'rank': 1}, {'name': 'Location', 'value': 'Israel', 'rank': 2}, {'name': 'Subject', 'value': 'Palestinians', 'rank': 3}, {'name': 'Location', 'value': 'Gaza Strip', 'rank': 4}, {'name': 'Organization', 'value': 'United Nations', 'rank': 5}, {'name': 'Subject', 'value': 'Civilian Casualties', 'rank': 6}, {'name': 'Person', 'value': 'Netanyahu, Benjamin', 'rank': 7}, {'name': 'Organization', 'value': 'United Nations Human Rights Council', 'rank': 8}, {'name': 'Subject', 'value': 'Defense and Military Forces', 'rank': 9}, {'name': 'Organization', 'value': 'Hamas', 'rank': 10}]",Foreign,4.0,A,2015-06-14 20:03:14+00:00,World,"Ahead of a United Nations report, the ministry argues that Israel’s troops adhered to international law and blames Palestinian militants for the bulk of the civilian casualties in last summer’s war.",The New York Times,Middle East,News,nyt://article/4a526212-aec0-53f8-8b10-78dbda1f5bd9,https://www.nytimes.com/2015/06/15/world/middleeast/israel-foreign-ministry-report-gaza-palestinians-hamas.html,1029,By Jodi Rudoren,Israel’s Foreign Ministry Issues Report Defending Conduct in Gaza War,,"In Bid to Pre-empt U.N. Report, Israel Issues Study Defending Conduct in Gaza War","Prime Minister Benjamin Netanyahu said a forthcoming United Nations study was an ""automatic indictment against Israel.""",Pool photo by Gali Tibbon,https://static01.nyt.com/images/2015/06/15/world/ISRAEL/ISRAEL-articleLarge.jpg,384,600,https://static01.nyt.com/images/2015/06/15/world/ISRAEL/ISRAEL-thumbStandard.jpg,75,75,Israel’s Foreign Ministry Issues Report Defending Conduct in Gaza War,"Israel’s Foreign Ministry Issues Report Defending Conduct in Gaza War Ahead of a United Nations report, the ministry argues that Israel’s troops adhered to international law and blames Palestinian militants for the bulk of the civilian casualties in last summer’s war. Ahead of a United Nations report, the ministry argues that Israel’s troops adhered to international law and blames Palestinian militants for the bulk of the civilian casualties in last summer’s war."
"The study by the World Health Organization and World Bank examined access to health services like prenatal care, child immunization and access to clean water.",article,nyt://article/b0623a18-a1c6-55ab-949e-adb72d36ae19,"[{'name': 'Person', 'value': 'Gladstone, Rick', 'rank': 1}, {'name': 'Subject', 'value': 'Health Insurance and Managed Care', 'rank': 2}, {'name': 'Organization', 'value': 'World Health Organization', 'rank': 3}, {'name': 'Organization', 'value': 'World Bank', 'rank': 4}, {'name': 'Subject', 'value': 'Medicine and Health', 'rank': 5}, {'name': 'Organization', 'value': 'United Nations', 'rank': 6}]",Foreign,8.0,A,2015-06-12 21:10:30+00:00,World,"The study by the World Health Organization and World Bank examined access to health services like prenatal care, child immunization and access to clean water.",The New York Times,Americas,News,nyt://article/b0623a18-a1c6-55ab-949e-adb72d36ae19,https://www.nytimes.com/2015/06/13/world/americas/400-million-lack-basic-health-services-report-finds.html,498,By Rick Gladstone,"400 Million Lack Basic Health Services, Report Finds",,"World Briefing | Science and Heallth; 400 Million Lack Access to Health Care, Report Says",,,,0,0,,0,0,"400 Million Lack Basic Health Services, Report Finds","400 Million Lack Basic Health Services, Report Finds The study by the World Health Organization and World Bank examined access to health services like prenatal care, child immunization and access to clean water. The study by the World Health Organization and World Bank examined access to health services like prenatal care, child immunization and access to clean water."
"Ahead of a U.N. commission report, the Israeli military issued an update on its internal inquiries, saying neither Israeli nor international laws were broken in several deadly clashes.",article,nyt://article/4fe88895-59fd-5d84-be3b-9d2ed189e756,"[{'name': 'Location', 'value': 'Israel', 'rank': 1}, {'name': 'Person', 'value': 'Rudoren, Jodi', 'rank': 2}, {'name': 'Subject', 'value': 'Palestinians', 'rank': 3}, {'name': 'Location', 'value': 'Gaza Strip', 'rank': 4}, {'name': 'Subject', 'value': 'War Crimes, Genocide and Crimes Against Humanity', 'rank': 5}, {'name': 'Subject', 'value': 'Defense and Military Forces', 'rank': 6}, {'name': 'Subject', 'value': 'Civilian Casualties', 'rank': 7}, {'name': 'Subject', 'value': 'Human Rights and Human Rights Violations', 'rank': 8}, {'name': 'Subject', 'value': 'International Relations', 'rank': 9}, {'name': 'Organization', 'value': 'United Nations Human Rights Council', 'rank': 10}]",Foreign,12.0,A,2015-06-12 00:09:57+00:00,World,"Ahead of a U.N. commission report, the Israeli military issued an update on its internal inquiries, saying neither Israeli nor international laws were broken in several deadly clashes.",The New York Times,Middle East,News,nyt://article/4fe88895-59fd-5d84-be3b-9d2ed189e756,https://www.nytimes.com/2015/06/12/world/middleeast/israeli-report-backs-tactics-by-military-in-gaza-war.html,705,By Jodi Rudoren,Israeli Report Backs Tactics by Military in Gaza War,,Israeli Report Backs Tactics by Military in Gaza War,,,,0,0,,0,0,Israeli Report Backs Tactics by Military in Gaza War,"Israeli Report Backs Tactics by Military in Gaza War Ahead of a U.N. commission report, the Israeli military issued an update on its internal inquiries, saying neither Israeli nor international laws were broken in several deadly clashes. Ahead of a U.N. commission report, the Israeli military issued an update on its internal inquiries, saying neither Israeli nor international laws were broken in several deadly clashes."
The report endorsed government efforts to fight terrorism but said the laws regulating them were “incomprehensible” and could erode public confidence.,article,nyt://article/8ab1cd7b-8f20-5a5b-878e-f4617c32b1be,"[{'name': 'Person', 'value': 'Castle, Stephen', 'rank': 1}, {'name': 'Location', 'value': 'Great Britain', 'rank': 2}, {'name': 'Subject', 'value': 'Surveillance of Citizens by Government', 'rank': 3}, {'name': 'Person', 'value': 'Anderson, David', 'rank': 4}, {'name': 'Subject', 'value': 'Terrorism', 'rank': 5}, {'name': 'Subject', 'value': 'Law and Legislation', 'rank': 6}, {'name': 'Person', 'value': 'Cameron, David', 'rank': 7}]",Foreign,12.0,A,2015-06-11 14:44:43+00:00,World,The report endorsed government efforts to fight terrorism but said the laws regulating them were “incomprehensible” and could erode public confidence.,The New York Times,Europe,News,nyt://article/8ab1cd7b-8f20-5a5b-878e-f4617c32b1be,https://www.nytimes.com/2015/06/12/world/europe/david-anderson-report-urges-british-surveillance-law-changes.html,1001,By Stephen Castle,Government Report Urges Changes in British Surveillance Law,,Britain Is Urged to Fix ‘Intolerable’ Surveillance System,,,,0,0,,0,0,Government Report Urges Changes in British Surveillance Law,Government Report Urges Changes in British Surveillance Law The report endorsed government efforts to fight terrorism but said the laws regulating them were “incomprehensible” and could erode public confidence. The report endorsed government efforts to fight terrorism but said the laws regulating them were “incomprehensible” and could erode public confidence.
"The findings, involving current and former members, threaten to erode the standing of the Senate, which is under a cloud from a corruption trial.",article,nyt://article/54291059-8ac6-55a0-b164-fdb4dec4d5f2,"[{'name': 'Location', 'value': 'Canada', 'rank': 1}, {'name': 'Person', 'value': 'Austen, Ian', 'rank': 2}, {'name': 'Subject', 'value': 'Expense Accounts', 'rank': 3}, {'name': 'Organization', 'value': 'Conservative Party (Canada)', 'rank': 4}, {'name': 'Subject', 'value': 'Corruption (Institutional)', 'rank': 5}, {'name': 'Person', 'value': 'Harper, Stephen J', 'rank': 6}, {'name': 'Person', 'value': 'Duffy, Mike (1946- )', 'rank': 7}]",Foreign,8.0,A,2015-06-09 19:37:51+00:00,World,"The findings, involving current and former members, threaten to erode the standing of the Senate, which is under a cloud from a corruption trial.",The New York Times,Americas,News,nyt://article/54291059-8ac6-55a0-b164-fdb4dec4d5f2,https://www.nytimes.com/2015/06/10/world/americas/canadian-senators-expenses-under-investigation-after-auditors-report.html,1302,By Ian Austen,Canadian Senators’ Expenses Under Investigation After Auditor’s Report,,Canadian Senators Face Wide Corruption Inquiry ,"Michael Ferguson, the auditor general of Canada, said he found irregularities in more than a quarter of the expense accounts he reviewed.",Patrick Doyle/Reuters,https://static01.nyt.com/images/2015/06/10/world/10CANADA/10CANADA-articleLarge.jpg,833,600,https://static01.nyt.com/images/2015/06/10/world/10CANADA/10CANADA-thumbStandard.jpg,75,75,Canadian Senators’ Expenses Under Investigation After Auditor’s Report,"Canadian Senators’ Expenses Under Investigation After Auditor’s Report The findings, involving current and former members, threaten to erode the standing of the Senate, which is under a cloud from a corruption trial. The findings, involving current and former members, threaten to erode the standing of the Senate, which is under a cloud from a corruption trial."
A report on the impact of armed conflict on children and violations against children in conflict zones in 2014.,interactive,nyt://interactive/c3a388ef-a9a6-5f8d-acc2-3dbdffb2d502,"[{'name': 'Subject', 'value': 'Children and Childhood', 'rank': 1}, {'name': 'Organization', 'value': 'General Assembly (UN)', 'rank': 2}]",,,,2015-06-08 21:15:24+00:00,World,A report on the impact of armed conflict on children and violations against children in conflict zones in 2014.,The New York Times,,Interactive Feature,nyt://interactive/c3a388ef-a9a6-5f8d-acc2-3dbdffb2d502,https://www.nytimes.com/interactive/2015/06/08/world/document-un-general-assembly-report-on-children-and-armed-conflict.html,0,,U.N. General Assembly Report on Children and Armed Conflict,,,,,,0,0,https://static01.nyt.com/images/2015/06/08/world/document-un-general-assembly-report-on-children-and-armed-conflict/document-un-general-assembly-report-on-children-and-armed-conflict-thumbStandard.gif,75,75,U.N. General Assembly Report on Children and Armed Conflict,U.N. General Assembly Report on Children and Armed Conflict A report on the impact of armed conflict on children and violations against children in conflict zones in 2014. A report on the impact of armed conflict on children and violations against children in conflict zones in 2014.
"Egypt is moving away from democracy, stifling freedom of expression and failing to hold the security forces accountable for “arbitrary or unlawful killings,” the administration said.",article,nyt://article/a9b6853b-4c11-5212-b164-ae7f8c6f781d,"[{'name': 'Person', 'value': 'Kirkpatrick, David D', 'rank': 1}, {'name': 'Location', 'value': 'Egypt', 'rank': 2}, {'name': 'Subject', 'value': 'Foreign Aid', 'rank': 3}, {'name': 'Subject', 'value': 'Human Rights and Human Rights Violations', 'rank': 4}, {'name': 'Person', 'value': 'Sisi, Abdel Fattah el-', 'rank': 5}, {'name': 'Organization', 'value': 'April 6 Youth Movement (Egypt)', 'rank': 6}, {'name': 'Organization', 'value': 'Muslim Brotherhood (Egypt)', 'rank': 7}, {'name': 'Person', 'value': 'Obama, Barack', 'rank': 8}, {'name': 'Subject', 'value': 'United States International Relations', 'rank': 9}, {'name': 'Subject', 'value': 'Democracy (Theory and Philosophy)', 'rank': 10}]",Foreign,6.0,A,2015-06-08 01:29:12+00:00,World,"Egypt is moving away from democracy, stifling freedom of expression and failing to hold the security forces accountable for “arbitrary or unlawful killings,” the administration said.",The New York Times,Middle East,News,nyt://article/a9b6853b-4c11-5212-b164-ae7f8c6f781d,https://www.nytimes.com/2015/06/08/world/middleeast/obama-administration-criticizes-egypt-in-report-to-congress.html,1005,By David D. Kirkpatrick,Obama Administration Criticizes Egypt in Report to Congress,,Administration Criticizes Egypt in Report to Congress,,,,0,0,,0,0,Obama Administration Criticizes Egypt in Report to Congress,"Obama Administration Criticizes Egypt in Report to Congress Egypt is moving away from democracy, stifling freedom of expression and failing to hold the security forces accountable for “arbitrary or unlawful killings,” the administration said. Egypt is moving away from democracy, stifling freedom of expression and failing to hold the security forces accountable for “arbitrary or unlawful killings,” the administration said."
An American military helicopter that crashed last month in the mountains east of Kathmandu was carrying five more passengers than had previously been reported.,article,nyt://article/964274a6-c2c9-5a51-82fa-aacc56d15a32,"[{'name': 'Location', 'value': 'Nepal', 'rank': 1}, {'name': 'Person', 'value': 'Sharma, Bhadra', 'rank': 2}, {'name': 'Subject', 'value': 'Helicopters', 'rank': 3}, {'name': 'Subject', 'value': 'Aviation Accidents, Safety and Disasters', 'rank': 4}, {'name': 'Subject', 'value': 'United States Defense and Military Forces', 'rank': 5}, {'name': 'Subject', 'value': 'Earthquakes', 'rank': 6}, {'name': 'Organization', 'value': 'United States Marine Corps', 'rank': 7}]",Foreign,5.0,A,2015-06-05 23:49:07+00:00,World,An American military helicopter that crashed last month in the mountains east of Kathmandu was carrying five more passengers than had previously been reported.,The New York Times,Asia Pacific,Brief,nyt://article/964274a6-c2c9-5a51-82fa-aacc56d15a32,https://www.nytimes.com/2015/06/06/world/asia/nepal-more-victims-reported-in-helicopter-crash.html,127,By Bhadra Sharma,Nepal: More Victims Reported in Helicopter Crash,World Briefing,Asia; Nepal: More Victims Reported in Helicopter Crash,,,,0,0,,0,0,Nepal: More Victims Reported in Helicopter Crash,Nepal: More Victims Reported in Helicopter Crash An American military helicopter that crashed last month in the mountains east of Kathmandu was carrying five more passengers than had previously been reported. An American military helicopter that crashed last month in the mountains east of Kathmandu was carrying five more passengers than had previously been reported.
"Five of the new cases announced Saturday stemmed from transmissions at Samsung Medical Center in Seoul, one of the country’s best hospitals.",article,nyt://article/c64a1b18-2cdb-5617-a9d6-6a201c6bc5b2,"[{'name': 'Subject', 'value': 'MERS (Middle East Respiratory Syndrome)', 'rank': 1}, {'name': 'Subject', 'value': 'Hospitals', 'rank': 2}, {'name': 'Location', 'value': 'South Korea', 'rank': 3}]",Foreign,,,2015-06-05 11:41:34+00:00,World,"Five of the new cases announced Saturday stemmed from transmissions at Samsung Medical Center in Seoul, one of the country’s best hospitals.",The New York Times,Asia Pacific,News,nyt://article/c64a1b18-2cdb-5617-a9d6-6a201c6bc5b2,https://www.nytimes.com/2015/06/06/world/asia/south-korea-mers-virus-st-marys-hospital.html,939,By Choe Sang-Hun,South Korea Reports Nine New Cases in MERS Virus Outbreak,,,"Train passengers wore protective masks in Seoul, South Korea, on Friday. The outbreak of Middle East respiratory syndrome was traced to Pyeongtaek, about 35 miles south of the capital.",Kim Hong-Ji/Reuters,https://static01.nyt.com/images/2015/06/06/world/06Korea1-web/06Korea1-web-articleLarge.jpg,421,600,https://static01.nyt.com/images/2015/06/06/world/06Korea1-web/06Korea1-web-thumbStandard.jpg,75,75,South Korea Reports Nine New Cases in MERS Virus Outbreak,"South Korea Reports Nine New Cases in MERS Virus Outbreak Five of the new cases announced Saturday stemmed from transmissions at Samsung Medical Center in Seoul, one of the country’s best hospitals. Five of the new cases announced Saturday stemmed from transmissions at Samsung Medical Center in Seoul, one of the country’s best hospitals."
The country’s Truth and Reconciliation Commission published a summary version of a report on the former policy of forcibly removing children from their families for schooling.,article,nyt://article/b0b98ada-490e-53e0-b959-fd06d995948c,"[{'name': 'Location', 'value': 'Canada', 'rank': 1}, {'name': 'Subject', 'value': 'Child Abuse and Neglect', 'rank': 2}, {'name': 'Subject', 'value': 'Education (K-12)', 'rank': 3}, {'name': 'Subject', 'value': 'Aborigines', 'rank': 4}, {'name': 'Subject', 'value': 'Deaths (Fatalities)', 'rank': 5}, {'name': 'Organization', 'value': 'Truth and Reconciliation Commission (Canada)', 'rank': 6}]",Foreign,7.0,A,2015-06-02 15:13:02+00:00,World,The country’s Truth and Reconciliation Commission published a summary version of a report on the former policy of forcibly removing children from their families for schooling.,The New York Times,Canada,News,nyt://article/b0b98ada-490e-53e0-b959-fd06d995948c,https://www.nytimes.com/2015/06/03/world/americas/canadas-forced-schooling-of-aboriginal-children-was-cultural-genocide-report-finds.html,1219,By Ian Austen,"Canada’s Forced Schooling of Aboriginal Children Was ‘Cultural Genocide,’ Report Finds",,Report Details &#8216;Cultural Genocide&#8217; at Schools for Aboriginal Canadians,"Aboriginal Canadians were forced to attend boarding schools like this one in the Northwest Territories, shown around 1936.",Library and Archive of Canada,https://static01.nyt.com/images/2015/06/03/world/03canada-web/03canada-web-articleLarge.jpg,432,600,https://static01.nyt.com/images/2015/06/03/world/03canada-web/03canada-web-thumbStandard-v2.jpg,75,75,"Canada’s Forced Schooling of Aboriginal Children Was ‘Cultural Genocide,’ Report Finds","Canada’s Forced Schooling of Aboriginal Children Was ‘Cultural Genocide,’ Report Finds The country’s Truth and Reconciliation Commission published a summary version of a report on the former policy of forcibly removing children from their families for schooling. The country’s Truth and Reconciliation Commission published a summary version of a report on the former policy of forcibly removing children from their families for schooling."
The United Nations’ top human rights official has urged African members to prosecute what he called longstanding abuse allegations by troops sent to keep the peace in the Central African Republic.,article,nyt://article/f4051a5f-f910-55ba-b234-aae5a3146841,"[{'name': 'Location', 'value': 'Central African Republic', 'rank': 1}, {'name': 'Person', 'value': 'Cumming-Bruce, Nick', 'rank': 2}, {'name': 'Organization', 'value': 'United Nations', 'rank': 3}, {'name': 'Person', 'value': ""Zeid Ra'ad Zeid Al Hussein"", 'rank': 4}, {'name': 'Location', 'value': 'Africa', 'rank': 5}, {'name': 'Subject', 'value': 'Human Rights and Human Rights Violations', 'rank': 6}, {'name': 'Subject', 'value': 'International Relations', 'rank': 7}, {'name': 'Subject', 'value': 'Child Abuse and Neglect', 'rank': 8}, {'name': 'Subject', 'value': 'Sex Crimes', 'rank': 9}, {'name': 'Location', 'value': 'France', 'rank': 10}]",Foreign,6.0,A,2015-06-02 00:45:19+00:00,World,The United Nations’ top human rights official has urged African members to prosecute what he called longstanding abuse allegations by troops sent to keep the peace in the Central African Republic.,The New York Times,Africa,News,nyt://article/f4051a5f-f910-55ba-b234-aae5a3146841,https://www.nytimes.com/2015/06/02/world/africa/prosecutions-of-child-abuses-in-africa-are-urged.html,256,By Nick Cumming-Bruce,African Countries Are Urged to Investigate Reports of Abuse by Peacekeepers,,U.N. Urges More Scrutiny of Peacekeepers in Africa,,,,0,0,,0,0,African Countries Are Urged to Investigate Reports of Abuse by Peacekeepers,African Countries Are Urged to Investigate Reports of Abuse by Peacekeepers The United Nations’ top human rights official has urged African members to prosecute what he called longstanding abuse allegations by troops sent to keep the peace in the Central African Republic. The United Nations’ top human rights official has urged African members to prosecute what he called longstanding abuse allegations by troops sent to keep the peace in the Central African Republic.
The report by the Organization for Security and Cooperation was a rare allegation of a sighting of active Russian military personnel in eastern Ukraine.,article,nyt://article/6c0415ff-f1bb-5620-a268-1c0edaa33682,"[{'name': 'Location', 'value': 'Russia', 'rank': 1}, {'name': 'Person', 'value': 'Herszenhorn, David M', 'rank': 2}, {'name': 'Location', 'value': 'Ukraine', 'rank': 3}, {'name': 'Subject', 'value': 'Defense and Military Forces', 'rank': 4}, {'name': 'Organization', 'value': 'Organization for Security and Cooperation in Europe', 'rank': 5}, {'name': 'Person', 'value': 'Putin, Vladimir V', 'rank': 6}]",Foreign,7.0,A,2015-05-29 18:18:52+00:00,World,The report by the Organization for Security and Cooperation was a rare allegation of a sighting of active Russian military personnel in eastern Ukraine.,The New York Times,Europe,News,nyt://article/6c0415ff-f1bb-5620-a268-1c0edaa33682,https://www.nytimes.com/2015/05/30/world/europe/ukraine-russia-donetsk.html,871,By David M. Herszenhorn,Russian Military Insignia Are Reported in Ukraine,,Russian Military Insignia Are Reported in Ukraine,"Sgt. Aleksandr Aleksandrov, who identified himself as a Russian soldier, was interviewed by Reuters at a hospital in Kiev.",Valentyn Ogirenko/Reuters,https://static01.nyt.com/images/2015/05/30/world/UKRAINE1/UKRAINE1-articleLarge.jpg,399,600,https://static01.nyt.com/images/2015/05/30/world/UKRAINE1/UKRAINE1-thumbStandard.jpg,75,75,Russian Military Insignia Are Reported in Ukraine,Russian Military Insignia Are Reported in Ukraine The report by the Organization for Security and Cooperation was a rare allegation of a sighting of active Russian military personnel in eastern Ukraine. The report by the Organization for Security and Cooperation was a rare allegation of a sighting of active Russian military personnel in eastern Ukraine.
The Organization for the Prohibition of Chemical Weapons said the achievement was “a major milestone” toward eradicating the weapons.,article,nyt://article/f7cdd842-2dc8-589c-baed-76cea09b45a1,"[{'name': 'Subject', 'value': 'Biological and Chemical Warfare', 'rank': 1}, {'name': 'Person', 'value': 'Gladstone, Rick', 'rank': 2}, {'name': 'Organization', 'value': 'Organization for the Prohibition of Chemical Weapons', 'rank': 3}]",Foreign,6.0,A,2015-05-28 16:21:14+00:00,World,The Organization for the Prohibition of Chemical Weapons said the achievement was “a major milestone” toward eradicating the weapons.,The New York Times,,News,nyt://article/f7cdd842-2dc8-589c-baed-76cea09b45a1,https://www.nytimes.com/2015/05/29/world/europe/chemical-weapon-stockpiles-greatly-reduced-treaty-group-reports.html,263,By Rick Gladstone,"Chemical Weapon Stockpiles Greatly Reduced, Treaty Group Reports  ",,Monitors Report a 90% Decline in Stockpiles of Chemical Arms,,,,0,0,,0,0,"Chemical Weapon Stockpiles Greatly Reduced, Treaty Group Reports","Chemical Weapon Stockpiles Greatly Reduced, Treaty Group Reports The Organization for the Prohibition of Chemical Weapons said the achievement was “a major milestone” toward eradicating the weapons. The Organization for the Prohibition of Chemical Weapons said the achievement was “a major milestone” toward eradicating the weapons."
"The global count of hungry people has fallen from about one billion 25 years ago to 795 million today, the United Nations says, or about one person out of every nine.",article,nyt://article/90d9b3aa-5484-51ec-a587-83667d3e6bbd,"[{'name': 'Organization', 'value': 'United Nations', 'rank': 1}, {'name': 'Person', 'value': 'Gladstone, Rick', 'rank': 2}, {'name': 'Subject', 'value': 'Food', 'rank': 3}, {'name': 'Organization', 'value': 'Food and Agriculture Organization of the United Nations', 'rank': 4}, {'name': 'Subject', 'value': 'Millennium Development Goals', 'rank': 5}, {'name': 'Subject', 'value': 'Famine', 'rank': 6}, {'name': 'Location', 'value': 'Africa', 'rank': 7}, {'name': 'Organization', 'value': 'World Food Program', 'rank': 8}, {'name': 'Location', 'value': 'Far East, South and Southeast Asia and Pacific Areas', 'rank': 9}, {'name': 'Location', 'value': 'Latin America', 'rank': 10}, {'name': 'Location', 'value': 'Central Asia', 'rank': 11}, {'name': 'Location', 'value': 'Caribbean Area', 'rank': 12}]",Foreign,10.0,A,2015-05-27 09:15:28+00:00,World,"The global count of hungry people has fallen from about one billion 25 years ago to 795 million today, the United Nations says, or about one person out of every nine.",The New York Times,,News,nyt://article/90d9b3aa-5484-51ec-a587-83667d3e6bbd,https://www.nytimes.com/2015/05/28/world/united-nations-reports-global-hunger-down-since-1990.html,376,By Rick Gladstone,U.N. Reports About 200 Million Fewer Hungry People Than in 1990,,"World Briefing | United Nations; Hunger Declines Sharply, Report Says",,,,0,0,,0,0,U.N. Reports About 200 Million Fewer Hungry People Than in 1990,"U.N. Reports About 200 Million Fewer Hungry People Than in 1990 The global count of hungry people has fallen from about one billion 25 years ago to 795 million today, the United Nations says, or about one person out of every nine. The global count of hungry people has fallen from about one billion 25 years ago to 795 million today, the United Nations says, or about one person out of every nine."
"Both warring sides in eastern Ukraine are perpetrating war crimes almost daily, including torturing prisoners and summarily killing them, Amnesty International said in a report.",article,nyt://article/204c9366-df81-5e73-92d4-87cbcef28853,"[{'name': 'Location', 'value': 'Ukraine', 'rank': 1}, {'name': 'Organization', 'value': 'Amnesty International', 'rank': 2}, {'name': 'Subject', 'value': 'War Crimes, Genocide and Crimes Against Humanity', 'rank': 3}, {'name': 'Subject', 'value': 'Human Rights and Human Rights Violations', 'rank': 4}]",Foreign,7.0,A,2015-05-23 00:31:28+00:00,World,"Both warring sides in eastern Ukraine are perpetrating war crimes almost daily, including torturing prisoners and summarily killing them, Amnesty International said in a report.",The New York Times,Europe,Brief,nyt://article/204c9366-df81-5e73-92d4-87cbcef28853,https://www.nytimes.com/2015/05/23/world/europe/ukraine-report-finds-war-crimes.html,125,By The Associated Press,Ukraine: Report Finds War Crimes,World Briefing,Europe; Ukraine: Report Finds War Crimes,,,,0,0,,0,0,Ukraine: Report Finds War Crimes,"Ukraine: Report Finds War Crimes Both warring sides in eastern Ukraine are perpetrating war crimes almost daily, including torturing prisoners and summarily killing them, Amnesty International said in a report. Both warring sides in eastern Ukraine are perpetrating war crimes almost daily, including torturing prisoners and summarily killing them, Amnesty International said in a report."
"Police data suggests that revelations about Mr. Savile, a disgraced television personality who died before he could be prosecuted, has led to a greater willingness to report abuse.",article,nyt://article/4cca33b5-4ccb-53ee-b6df-83eadd9ba763,"[{'name': 'Person', 'value': 'Bilefsky, Dan', 'rank': 1}, {'name': 'Location', 'value': 'Great Britain', 'rank': 2}, {'name': 'Subject', 'value': 'Sex Crimes', 'rank': 3}, {'name': 'Subject', 'value': 'Child Abuse and Neglect', 'rank': 4}, {'name': 'Person', 'value': 'Savile, Jimmy', 'rank': 5}, {'name': 'Organization', 'value': 'British Broadcasting Corp', 'rank': 6}]",Foreign,4.0,A,2015-05-21 15:02:35+00:00,World,"Police data suggests that revelations about Mr. Savile, a disgraced television personality who died before he could be prosecuted, has led to a greater willingness to report abuse.",The New York Times,Europe,News,nyt://article/4cca33b5-4ccb-53ee-b6df-83eadd9ba763,https://www.nytimes.com/2015/05/22/world/europe/britain-child-sex-abuse-jimmy-savile.html,556,By Dan Bilefsky,British Police Find Jimmy Savile Case Has Spurred Reports of Child Sexual Abuse,,Views Shift in Britain on Reporting Sexual Abuse,Jimmy Savile in 2008.,"Lewis Whyld/Press Association, via Associated Press",https://static01.nyt.com/images/2015/05/22/world/22Britain-web/22Britain-web-articleLarge.jpg,773,600,https://static01.nyt.com/images/2015/05/22/world/22Britain-web/22Britain-web-thumbStandard.jpg,75,75,British Police Find Jimmy Savile Case Has Spurred Reports of Child Sexual Abuse,"British Police Find Jimmy Savile Case Has Spurred Reports of Child Sexual Abuse Police data suggests that revelations about Mr. Savile, a disgraced television personality who died before he could be prosecuted, has led to a greater willingness to report abuse. Police data suggests that revelations about Mr. Savile, a disgraced television personality who died before he could be prosecuted, has led to a greater willingness to report abuse."
"The study urged a greater international effort to protect medical services in places like Syria, where 194 medical workers were killed during the 15 months ending in March.",article,nyt://article/b70387bf-7d94-5c2f-b954-da38b7545244,"[{'name': 'Subject', 'value': 'Human Rights and Human Rights Violations', 'rank': 1}, {'name': 'Subject', 'value': 'Terrorism', 'rank': 2}, {'name': 'Subject', 'value': 'Medicine and Health', 'rank': 3}, {'name': 'Location', 'value': 'Syria', 'rank': 4}, {'name': 'Organization', 'value': 'Boko Haram', 'rank': 5}, {'name': 'Organization', 'value': 'Human Rights Watch', 'rank': 6}, {'name': 'Organization', 'value': 'United Nations', 'rank': 7}, {'name': 'Organization', 'value': 'World Health Organization', 'rank': 8}, {'name': 'Location', 'value': 'Yemen', 'rank': 9}, {'name': 'Location', 'value': 'Mali', 'rank': 10}, {'name': 'Location', 'value': 'Sudan', 'rank': 11}, {'name': 'Location', 'value': 'Myanmar', 'rank': 12}, {'name': 'Location', 'value': 'South Sudan', 'rank': 13}, {'name': 'Organization', 'value': 'Safeguarding Health in Conflict', 'rank': 14}]",Foreign,,,2015-05-20 15:27:36+00:00,World,"The study urged a greater international effort to protect medical services in places like Syria, where 194 medical workers were killed during the 15 months ending in March.",The New York Times,,News,nyt://article/b70387bf-7d94-5c2f-b954-da38b7545244,https://www.nytimes.com/2015/05/20/world/health-workers-and-patients-under-threat-in-17-countries-report-finds.html,661,By Nick Cumming-Bruce,"Health Workers and Patients Under Threat in 17 Countries, Report Finds",,,,,,0,0,,0,0,"Health Workers and Patients Under Threat in 17 Countries, Report Finds","Health Workers and Patients Under Threat in 17 Countries, Report Finds The study urged a greater international effort to protect medical services in places like Syria, where 194 medical workers were killed during the 15 months ending in March. The study urged a greater international effort to protect medical services in places like Syria, where 194 medical workers were killed during the 15 months ending in March."
"The Iraq Survey Group said that in 2003, more than 20 American soldiers at Iraq’s Camp Taji were exposed to “a carcinogen and poisonous chemical.”",interactive,nyt://interactive/e7a98a62-7737-5bc7-b0ca-74b3be3df7b5,"[{'name': 'Location', 'value': 'Iraq', 'rank': 1}, {'name': 'Location', 'value': 'Taji (Iraq)', 'rank': 2}, {'name': 'Subject', 'value': 'United States Defense and Military Forces', 'rank': 3}, {'name': 'Subject', 'value': 'Biological and Chemical Warfare', 'rank': 4}]",,,,2015-05-13 03:03:27+00:00,World,"The Iraq Survey Group said that in 2003, more than 20 American soldiers at Iraq’s Camp Taji were exposed to “a carcinogen and poisonous chemical.”",The New York Times,Middle East,Interactive Feature,nyt://interactive/e7a98a62-7737-5bc7-b0ca-74b3be3df7b5,https://www.nytimes.com/interactive/2015/05/11/world/middleeast/document-camp-taji-incident-report-declassified-after-12-years.html,0,,Camp Taji Incident Report Declassified After 12 Years,,,,,https://static01.nyt.com/images/2015/05/11/world/middleeast/document-camp-taji-incident-report-declassified-after-12-years-1431445732802/document-camp-taji-incident-report-declassified-after-12-years-1431445732802-articleLarge-v3.png,273,600,https://static01.nyt.com/images/2015/05/11/world/middleeast/document-camp-taji-incident-report-declassified-after-12-years-1431445732802/document-camp-taji-incident-report-declassified-after-12-years-1431445732802-thumbStandard.png,75,75,Camp Taji Incident Report Declassified After 12 Years,"Camp Taji Incident Report Declassified After 12 Years The Iraq Survey Group said that in 2003, more than 20 American soldiers at Iraq’s Camp Taji were exposed to “a carcinogen and poisonous chemical.” The Iraq Survey Group said that in 2003, more than 20 American soldiers at Iraq’s Camp Taji were exposed to “a carcinogen and poisonous chemical.”"
"Members of Russia’s political opposition published a report by Boris Y. Nemtsov, who was killed in February, that documents the deaths of 220 Russian soldiers in southeastern Ukraine.",article,nyt://article/b679d1b7-f35b-50a7-8ab5-7fbbed1e3b3a,"[{'name': 'Person', 'value': 'Kramer, Andrew E', 'rank': 1}, {'name': 'Person', 'value': 'Nemtsov, Boris Y', 'rank': 2}, {'name': 'Location', 'value': 'Russia', 'rank': 3}, {'name': 'Location', 'value': 'Ukraine', 'rank': 4}, {'name': 'Subject', 'value': 'Defense and Military Forces', 'rank': 5}, {'name': 'Person', 'value': 'Putin, Vladimir V', 'rank': 6}, {'name': 'Location', 'value': 'Debaltseve (Ukraine)', 'rank': 7}, {'name': 'Location', 'value': 'Moscow (Russia)', 'rank': 8}, {'name': 'Location', 'value': 'Donetsk (Ukraine)', 'rank': 9}, {'name': 'Location', 'value': 'Luhansk (Ukraine)', 'rank': 10}]",Foreign,4.0,A,2015-05-12 21:25:58+00:00,World,"Members of Russia’s political opposition published a report by Boris Y. Nemtsov, who was killed in February, that documents the deaths of 220 Russian soldiers in southeastern Ukraine.",The New York Times,Europe,News,nyt://article/b679d1b7-f35b-50a7-8ab5-7fbbed1e3b3a,https://www.nytimes.com/2015/05/13/world/europe/kremlin-critics-posthumous-report-links-russian-soldiers-to-ukraine.html,766,By Andrew E. Kramer,Kremlin Critic’s Posthumous Report Links Russian Soldiers to Ukraine,,Putin Foe’s Work on Russian Role in Ukraine Sees the Light of Day,"In January, pro-Russian separatists in Debaltseve.",Manu Brabo/Agence France-Presse — Getty Images,https://static01.nyt.com/images/2015/05/13/world/13UKRAINE/13UKRAINE-articleLarge.jpg,403,600,https://static01.nyt.com/images/2015/05/13/world/13UKRAINE/13UKRAINE-thumbStandard.jpg,75,75,Kremlin Critic’s Posthumous Report Links Russian Soldiers to Ukraine,"Kremlin Critic’s Posthumous Report Links Russian Soldiers to Ukraine Members of Russia’s political opposition published a report by Boris Y. Nemtsov, who was killed in February, that documents the deaths of 220 Russian soldiers in southeastern Ukraine. Members of Russia’s political opposition published a report by Boris Y. Nemtsov, who was killed in February, that documents the deaths of 220 Russian soldiers in southeastern Ukraine."
A panel of experts said that the World Health Organization requires a radical change of culture to cope with future emergencies.,article,nyt://article/bb5e1192-67ac-5998-b7e6-7c2dc812c61f,"[{'name': 'Person', 'value': 'Cumming-Bruce, Nick', 'rank': 1}, {'name': 'Organization', 'value': 'World Health Organization', 'rank': 2}, {'name': 'Organization', 'value': 'United Nations', 'rank': 3}, {'name': 'Subject', 'value': 'Epidemics', 'rank': 4}, {'name': 'Subject', 'value': 'Ebola Virus', 'rank': 5}]",Foreign,10.0,A,2015-05-12 02:29:37+00:00,World,A panel of experts said that the World Health Organization requires a radical change of culture to cope with future emergencies.,The New York Times,Europe,News,nyt://article/bb5e1192-67ac-5998-b7e6-7c2dc812c61f,https://www.nytimes.com/2015/05/12/world/europe/who-needs-reforms-in-wake-of-ebola-crisis-report-says.html,452,By Nick Cumming-Bruce,"W.H.O. Needs Reforms in Wake of Ebola Crisis, Report Says",,World Briefing | Europe; Panel Recommends Overhaul at W.H.O.,,,,0,0,,0,0,"W.H.O. Needs Reforms in Wake of Ebola Crisis, Report Says","W.H.O. Needs Reforms in Wake of Ebola Crisis, Report Says A panel of experts said that the World Health Organization requires a radical change of culture to cope with future emergencies. A panel of experts said that the World Health Organization requires a radical change of culture to cope with future emergencies."
"The World Health Organization reported the lowest weekly total of new cases in the West Africa Ebola epidemic this year, calling it an encouraging development but expressing caution about complacency.",article,nyt://article/38cc1f7e-3d11-5e66-99e6-29333d292f1b,"[{'name': 'Person', 'value': 'Gladstone, Rick', 'rank': 1}, {'name': 'Subject', 'value': 'Ebola Virus', 'rank': 2}, {'name': 'Subject', 'value': 'Epidemics', 'rank': 3}, {'name': 'Organization', 'value': 'World Health Organization', 'rank': 4}, {'name': 'Location', 'value': 'Africa', 'rank': 5}, {'name': 'Location', 'value': 'Guinea', 'rank': 6}, {'name': 'Location', 'value': 'Sierra Leone', 'rank': 7}, {'name': 'Location', 'value': 'Liberia', 'rank': 8}]",Foreign,14.0,A,2015-05-07 01:27:07+00:00,World,"The World Health Organization reported the lowest weekly total of new cases in the West Africa Ebola epidemic this year, calling it an encouraging development but expressing caution about complacency.",The New York Times,Africa,Brief,nyt://article/38cc1f7e-3d11-5e66-99e6-29333d292f1b,https://www.nytimes.com/2015/05/07/world/africa/who-officials-report-a-drop-in-new-ebola-cases.html,146,By Rick Gladstone,W.H.O. Officials Report a Drop in New Ebola Cases,World Briefing,Africa; W.H.O. Officials Report a Drop in New Ebola Cases,,,,0,0,,0,0,W.H.O. Officials Report a Drop in New Ebola Cases,"W.H.O. Officials Report a Drop in New Ebola Cases The World Health Organization reported the lowest weekly total of new cases in the West Africa Ebola epidemic this year, calling it an encouraging development but expressing caution about complacency. The World Health Organization reported the lowest weekly total of new cases in the West Africa Ebola epidemic this year, calling it an encouraging development but expressing caution about complacency."
"The report shows that the co-pilot rehearsed the plane’s fatal dive during an earlier flight, repeatedly setting the aircraft’s altitude to 100 feet on the day of the crash.",interactive,nyt://interactive/18c73f79-06aa-5246-9409-42b8ecc67ef5,"[{'name': 'Subject', 'value': 'Aviation Accidents, Safety and Disasters', 'rank': 1}, {'name': 'Organization', 'value': 'Germanwings GmbH', 'rank': 2}, {'name': 'Person', 'value': 'Lubitz, Andreas (1987-2015)', 'rank': 3}]",,,,2015-05-06 11:28:59+00:00,World,"The report shows that the co-pilot rehearsed the plane’s fatal dive during an earlier flight, repeatedly setting the aircraft’s altitude to 100 feet on the day of the crash.",The New York Times,Europe,Interactive Feature,nyt://interactive/18c73f79-06aa-5246-9409-42b8ecc67ef5,https://www.nytimes.com/interactive/2015/05/06/world/europe/document-preliminary-report-on-the-germanwings-flight-9525-crash.html,0,,Preliminary Report on the Germanwings Flight 9525 Crash,,,,,,0,0,https://static01.nyt.com/images/2015/05/06/world/document-preliminary-report-on-the-germanwings-flight-9525-crash/document-preliminary-report-on-the-germanwings-flight-9525-crash-thumbStandard.gif,75,75,Preliminary Report on the Germanwings Flight 9525 Crash,"Preliminary Report on the Germanwings Flight 9525 Crash The report shows that the co-pilot rehearsed the plane’s fatal dive during an earlier flight, repeatedly setting the aircraft’s altitude to 100 feet on the day of the crash. The report shows that the co-pilot rehearsed the plane’s fatal dive during an earlier flight, repeatedly setting the aircraft’s altitude to 100 feet on the day of the crash."
"While not binding, agreements on matters such as the Constitution and the presence of foreign troops raised hopes about the long deadlocked process.",article,nyt://article/94ce0c95-8f3d-5c11-8514-a01ec5bf80f6,"[{'name': 'Person', 'value': 'Nordland, Rod', 'rank': 1}, {'name': 'Location', 'value': 'Afghanistan', 'rank': 2}, {'name': 'Organization', 'value': 'Taliban', 'rank': 3}, {'name': 'Subject', 'value': 'Afghanistan War (2001-14)', 'rank': 4}, {'name': 'Location', 'value': 'Qatar', 'rank': 5}, {'name': 'Location', 'value': 'Doha (Qatar)', 'rank': 6}, {'name': 'Subject', 'value': 'Constitutions', 'rank': 7}]",Foreign,5.0,A,2015-05-04 23:32:16+00:00,World,"While not binding, agreements on matters such as the Constitution and the presence of foreign troops raised hopes about the long deadlocked process.",The New York Times,Asia Pacific,News,nyt://article/94ce0c95-8f3d-5c11-8514-a01ec5bf80f6,https://www.nytimes.com/2015/05/05/world/middleeast/some-progress-is-reported-in-informal-afghan-taliban-talks.html,463,By Rod Nordland,Some Progress Is Reported in Informal Afghan-Taliban Talks ,,Some Progress Is Reported in Informal Afghan-Taliban Talks ,,,,0,0,,0,0,Some Progress Is Reported in Informal Afghan-Taliban Talks,"Some Progress Is Reported in Informal Afghan-Taliban Talks While not binding, agreements on matters such as the Constitution and the presence of foreign troops raised hopes about the long deadlocked process. While not binding, agreements on matters such as the Constitution and the presence of foreign troops raised hopes about the long deadlocked process."
"Nigeria’s military rescued 234 more girls and women from a Boko Haram forest stronghold in the country’s northeast, according to a Twitter message from the Nigerian Defense Headquarters.",article,nyt://article/7a663cba-9628-557e-8633-87cafca9127a,"[{'name': 'Subject', 'value': 'Women and Girls', 'rank': 1}, {'name': 'Subject', 'value': 'Kidnapping and Hostages', 'rank': 2}, {'name': 'Organization', 'value': 'Boko Haram', 'rank': 3}, {'name': 'Location', 'value': 'Nigeria', 'rank': 4}]",Foreign,8.0,A,2015-05-03 01:36:04+00:00,World,"Nigeria’s military rescued 234 more girls and women from a Boko Haram forest stronghold in the country’s northeast, according to a Twitter message from the Nigerian Defense Headquarters.",The New York Times,Africa,Brief,nyt://article/7a663cba-9628-557e-8633-87cafca9127a,https://www.nytimes.com/2015/05/03/world/africa/nigeria-more-rescues-from-boko-haram-reported.html,97,By The Associated Press,Nigeria: More Rescues From Boko Haram Reported,World Briefing,"Nigeria: Captives Freed, Army Says",,,,0,0,,0,0,Nigeria: More Rescues From Boko Haram Reported,"Nigeria: More Rescues From Boko Haram Reported Nigeria’s military rescued 234 more girls and women from a Boko Haram forest stronghold in the country’s northeast, according to a Twitter message from the Nigerian Defense Headquarters. Nigeria’s military rescued 234 more girls and women from a Boko Haram forest stronghold in the country’s northeast, according to a Twitter message from the Nigerian Defense Headquarters."
North Korea said that Joo Won-moon had been detained after crossing into the country from the Chinese town Dandong.,article,nyt://article/56d276d4-26fd-515b-af6e-e5eca619f3e5,"[{'name': 'Location', 'value': 'North Korea', 'rank': 1}, {'name': 'Person', 'value': 'Choe Sang-Hun', 'rank': 2}, {'name': 'Location', 'value': 'South Korea', 'rank': 3}, {'name': 'Person', 'value': 'Joo Won-moon', 'rank': 4}, {'name': 'Subject', 'value': 'Colleges and Universities', 'rank': 5}, {'name': 'Organization', 'value': 'New York University', 'rank': 6}]",Foreign,4.0,A,2015-05-02 13:52:26+00:00,World,North Korea said that Joo Won-moon had been detained after crossing into the country from the Chinese town Dandong.,The New York Times,Asia Pacific,News,nyt://article/56d276d4-26fd-515b-af6e-e5eca619f3e5,https://www.nytimes.com/2015/05/03/world/asia/new-york-university-student-joo-won-moon-arrested-north-korea-says.html,388,By Choe Sang-Hun,South Korean N.Y.U. Student Is Reported Arrested in North Korea,,North Korea Says N.Y.U. Student Is Held for Illegal Entry,"Cora Fabian, a neighbor of Joo Won-moon, a South Korean student detained on April 22 after crossing the Yalu River from Dandong, China, spoke to the press on Saturday in front of Mr. Joo's family home in New Jersey.",Bryan Anselm for The New York Times,https://static01.nyt.com/images/2015/05/03/nyregion/03KOREA/03KOREA-articleLarge.jpg,400,600,https://static01.nyt.com/images/2015/05/03/nyregion/03KOREA/03KOREA-thumbStandard.jpg,75,75,South Korean N.Y.U. Student Is Reported Arrested in North Korea,South Korean N.Y.U. Student Is Reported Arrested in North Korea North Korea said that Joo Won-moon had been detained after crossing into the country from the Chinese town Dandong. North Korea said that Joo Won-moon had been detained after crossing into the country from the Chinese town Dandong.
Brazil’s political establishment was shaken on Friday after federal prosecutors opened an investigation into Luiz Inácio Lula da Silva.,article,nyt://article/e8ae48f7-ac43-5ad0-82a4-8c11df2c85d8,"[{'name': 'Subject', 'value': 'Embezzlement', 'rank': 1}, {'name': 'Person', 'value': 'Romero, Simon', 'rank': 2}, {'name': 'Person', 'value': 'Da Silva, Luiz Inacio Lula', 'rank': 3}, {'name': 'Location', 'value': 'Brazil', 'rank': 4}]",Foreign,3.0,A,2015-05-02 01:17:21+00:00,World,Brazil’s political establishment was shaken on Friday after federal prosecutors opened an investigation into Luiz Inácio Lula da Silva.,The New York Times,Americas,News,nyt://article/e8ae48f7-ac43-5ad0-82a4-8c11df2c85d8,https://www.nytimes.com/2015/05/02/world/americas/report-of-an-inquiry-into-a-former-president-rattles-brazil.html,391,By Simon Romero,Report of an Inquiry Into a Former President Rattles Brazil,,Report of an Inquiry Into a Former President Rattles Brazil,,,,0,0,,0,0,Report of an Inquiry Into a Former President Rattles Brazil,Report of an Inquiry Into a Former President Rattles Brazil Brazil’s political establishment was shaken on Friday after federal prosecutors opened an investigation into Luiz Inácio Lula da Silva. Brazil’s political establishment was shaken on Friday after federal prosecutors opened an investigation into Luiz Inácio Lula da Silva.
"All but two of the victims in the downing of Flight MH-17 over eastern Ukraine last summer have been identified, Bert Koenders said.",article,nyt://article/7a3bafea-973c-5460-983d-112378a5a278,"[{'name': 'Subject', 'value': 'Malaysia Airlines Flight 17', 'rank': 1}, {'name': 'Location', 'value': 'Ukraine', 'rank': 2}, {'name': 'Location', 'value': 'Russia', 'rank': 3}, {'name': 'Location', 'value': 'Netherlands', 'rank': 4}, {'name': 'Subject', 'value': 'Defense and Military Forces', 'rank': 5}]",Foreign,,,2015-04-28 23:56:11+00:00,World,"All but two of the victims in the downing of Flight MH-17 over eastern Ukraine last summer have been identified, Bert Koenders said.",The New York Times,Europe,News,nyt://article/7a3bafea-973c-5460-983d-112378a5a278,https://www.nytimes.com/2015/04/29/world/europe/progress-reported-in-malaysian-plane-shootdown-inquiry.html,497,By Rick Gladstone,Dutch Foreign Minister Reports Progress in Inquiry Into Downing of Malaysian Jetliner,,Dutch Foreign Minister Reports Progress in Inquiry Into Downing of Malaysian Jetliner,,,,0,0,,0,0,Dutch Foreign Minister Reports Progress in Inquiry Into Downing of Malaysian Jetliner,"Dutch Foreign Minister Reports Progress in Inquiry Into Downing of Malaysian Jetliner All but two of the victims in the downing of Flight MH-17 over eastern Ukraine last summer have been identified, Bert Koenders said. All but two of the victims in the downing of Flight MH-17 over eastern Ukraine last summer have been identified, Bert Koenders said."
"Israeli military actions killed 44 Palestinian civilians who had sought refuge in seven United Nations schools during last summer’s conflict in Gaza, the United Nations said Monday.",interactive,nyt://interactive/9f3481cc-8eba-5da1-a5bb-4f77f787d017,[],,,,2015-04-27 20:48:33+00:00,World,"Israeli military actions killed 44 Palestinian civilians who had sought refuge in seven United Nations schools during last summer’s conflict in Gaza, the United Nations said Monday.",The New York Times,Middle East,Interactive Feature,nyt://interactive/9f3481cc-8eba-5da1-a5bb-4f77f787d017,https://www.nytimes.com/interactive/2015/04/27/world/middleeast/document-gaza-board-of-inquiry-report-and-cover-letter.html,0,,United Nations Internal Report on Gaza,,,,,,0,0,https://static01.nyt.com/images/2015/04/27/world/middleeast/gaza/gaza-thumbStandard.png,75,75,United Nations Internal Report on Gaza,"United Nations Internal Report on Gaza Israeli military actions killed 44 Palestinian civilians who had sought refuge in seven United Nations schools during last summer’s conflict in Gaza, the United Nations said Monday. Israeli military actions killed 44 Palestinian civilians who had sought refuge in seven United Nations schools during last summer’s conflict in Gaza, the United Nations said Monday."
"The discovery of the drone on Wednesday had baffled officials, especially after it was found to be carrying trace amounts of radioactive material.",article,nyt://article/3fa4d7c7-53b5-5c23-8754-bf3cd5b6109d,"[{'name': 'Location', 'value': 'Japan', 'rank': 1}, {'name': 'Person', 'value': 'Fackler, Martin', 'rank': 2}, {'name': 'Subject', 'value': 'Drones (Pilotless Planes)', 'rank': 3}, {'name': 'Subject', 'value': 'Nuclear Energy', 'rank': 4}, {'name': 'Person', 'value': 'Abe, Shinzo', 'rank': 5}]",Foreign,5.0,A,2015-04-24 22:10:33+00:00,World,"The discovery of the drone on Wednesday had baffled officials, especially after it was found to be carrying trace amounts of radioactive material.",The New York Times,Asia Pacific,News,nyt://article/3fa4d7c7-53b5-5c23-8754-bf3cd5b6109d,https://www.nytimes.com/2015/04/25/world/asia/man-says-he-flew-drone-onto-japanese-leaders-office-roof-in-nuclear-protest.html,296,By Martin Fackler,"Man Is Arrested for Flying Drone Onto Japanese Leader’s Office Roof, Reports Say",World Briefing,Asia; Japan: Arrest in Radioactive Drone Case,,,,0,0,,0,0,"Man Is Arrested for Flying Drone Onto Japanese Leader’s Office Roof, Reports Say","Man Is Arrested for Flying Drone Onto Japanese Leader’s Office Roof, Reports Say The discovery of the drone on Wednesday had baffled officials, especially after it was found to be carrying trace amounts of radioactive material. The discovery of the drone on Wednesday had baffled officials, especially after it was found to be carrying trace amounts of radioactive material."
"More than 90 percent of 360 Chinese cities failed to meet national air quality standards in the first three months of this year, according to a study released by Greenpeace East Asia.",article,nyt://article/80e7df64-f968-5aed-b8ec-5453eae8bcd4,"[{'name': 'Subject', 'value': 'Air Pollution', 'rank': 1}, {'name': 'Person', 'value': 'Wong, Edward', 'rank': 2}, {'name': 'Location', 'value': 'China', 'rank': 3}, {'name': 'Subject', 'value': 'Urban Areas', 'rank': 4}, {'name': 'Organization', 'value': 'Greenpeace', 'rank': 5}]",Foreign,6.0,A,2015-04-21 11:46:08+00:00,World,"More than 90 percent of 360 Chinese cities failed to meet national air quality standards in the first three months of this year, according to a study released by Greenpeace East Asia.",The New York Times,Asia Pacific,News,nyt://article/80e7df64-f968-5aed-b8ec-5453eae8bcd4,https://www.nytimes.com/2015/04/22/world/asia/hundreds-of-chinese-cities-dont-meet-air-standards-report-finds.html,731,By Edward Wong,"Hundreds of Chinese Cities Don’t Meet Air Standards, Report Finds",,Report Finds Chinese Cities Fail to Meet Air Standards,"Morning exercises on a polluted day in March in Jiaozuo, Henan Province, China.",China Daily/Reuters,https://static01.nyt.com/images/2015/04/22/world/22pollute-web/22pollute-web-articleLarge.jpg,400,600,https://static01.nyt.com/images/2015/04/22/world/22pollute-web/22pollute-web-thumbStandard.jpg,75,75,"Hundreds of Chinese Cities Don’t Meet Air Standards, Report Finds","Hundreds of Chinese Cities Don’t Meet Air Standards, Report Finds More than 90 percent of 360 Chinese cities failed to meet national air quality standards in the first three months of this year, according to a study released by Greenpeace East Asia. More than 90 percent of 360 Chinese cities failed to meet national air quality standards in the first three months of this year, according to a study released by Greenpeace East Asia."
"Aliaskhab Kebekov, 43, the leader of the Caucasus Emirate, the most active militant group in Russia, was shot to death in a counterterrorism operation, according to several reports.",article,nyt://article/3a1b21b3-e243-5322-ba1f-1e0dd4fa47c7,"[{'name': 'Person', 'value': 'Roth, Andrew', 'rank': 1}, {'name': 'Location', 'value': 'Russia', 'rank': 2}, {'name': 'Subject', 'value': 'Assassinations and Attempted Assassinations', 'rank': 3}, {'name': 'Person', 'value': 'Kebekov, Aliaskhab (1972-2015)', 'rank': 4}, {'name': 'Subject', 'value': 'Terrorism', 'rank': 5}, {'name': 'Organization', 'value': 'Caucasus Emirate', 'rank': 6}, {'name': 'Location', 'value': 'Caucasus (Russia)', 'rank': 7}, {'name': 'Person', 'value': 'Kadyrov, Ramzan', 'rank': 8}, {'name': 'Person', 'value': 'Putin, Vladimir V', 'rank': 9}, {'name': 'Subject', 'value': 'Muslims and Islam', 'rank': 10}]",Foreign,4.0,A,2015-04-20 21:18:11+00:00,World,"Aliaskhab Kebekov, 43, the leader of the Caucasus Emirate, the most active militant group in Russia, was shot to death in a counterterrorism operation, according to several reports.",The New York Times,Europe,News,nyt://article/3a1b21b3-e243-5322-ba1f-1e0dd4fa47c7,https://www.nytimes.com/2015/04/21/world/europe/aliaskhab-kebekov-reported-killed-russia.html,484,By Andrew Roth,"Leader of Militant Group in Russia Is Killed, Reports Say",,"Militant Chief in Russia Is Shot Dead, Reports Say",,,,0,0,,0,0,"Leader of Militant Group in Russia Is Killed, Reports Say","Leader of Militant Group in Russia Is Killed, Reports Say Aliaskhab Kebekov, 43, the leader of the Caucasus Emirate, the most active militant group in Russia, was shot to death in a counterterrorism operation, according to several reports. Aliaskhab Kebekov, 43, the leader of the Caucasus Emirate, the most active militant group in Russia, was shot to death in a counterterrorism operation, according to several reports."
"The aide, Izzat Ibrahim al-Douri, an ally of the Islamic State, was the highest-ranking deputy to Mr. Hussein not caught in the American invasion.",article,nyt://article/c682ae7f-b7c4-541f-92e3-747bbc4dede5,"[{'name': 'Person', 'value': 'Arango, Tim', 'rank': 1}, {'name': 'Location', 'value': 'Iraq', 'rank': 2}, {'name': 'Person', 'value': 'Douri, Izzat Ibrahim al-', 'rank': 3}, {'name': 'Organization', 'value': 'Islamic State in Iraq and Syria (ISIS)', 'rank': 4}, {'name': 'Person', 'value': 'Hussein, Saddam', 'rank': 5}]",Foreign,9.0,A,2015-04-17 14:59:13+00:00,World,"The aide, Izzat Ibrahim al-Douri, an ally of the Islamic State, was the highest-ranking deputy to Mr. Hussein not caught in the American invasion.",The New York Times,Middle East,News,nyt://article/c682ae7f-b7c4-541f-92e3-747bbc4dede5,https://www.nytimes.com/2015/04/18/world/middleeast/saddam-hussein-aide-izzat-ibrahim-al-douri-reported-killed.html,298,By Tim Arango,Top Saddam Hussein Aide Reported Killed in Northern Iraq,,Ex-Aide to Saddam Hussein Is Reported Killed in Iraq,Izzat Ibrahim al-Douri in 2002. News of his death has been announced several times over the years.,Jassim Mohammed/Associated Press,https://static01.nyt.com/images/2015/04/18/world/18Douri-web/18Douri-web-articleLarge.jpg,400,600,https://static01.nyt.com/images/2015/04/18/world/18Douri-web/18Douri-web-thumbStandard.jpg,75,75,Top Saddam Hussein Aide Reported Killed in Northern Iraq,"Top Saddam Hussein Aide Reported Killed in Northern Iraq The aide, Izzat Ibrahim al-Douri, an ally of the Islamic State, was the highest-ranking deputy to Mr. Hussein not caught in the American invasion. The aide, Izzat Ibrahim al-Douri, an ally of the Islamic State, was the highest-ranking deputy to Mr. Hussein not caught in the American invasion."
From the International Herald Tribune archives: Fighting breaks out on the Austro-Italian frontier in 1915.,article,nyt://article/442d7922-387d-5ecb-88fc-c1f3ae7fec96,"[{'name': 'Subject', 'value': 'World War I (1914-18)', 'rank': 1}, {'name': 'Location', 'value': 'Austria', 'rank': 2}, {'name': 'Location', 'value': 'Italy', 'rank': 3}]",Foreign,,,2015-04-17 14:31:06+00:00,World,From the International Herald Tribune archives: Fighting breaks out on the Austro-Italian frontier in 1915.,The New York Times,,News,nyt://article/442d7922-387d-5ecb-88fc-c1f3ae7fec96,https://iht-retrospective.blogs.nytimes.com/2015/04/17/1915-italo-austrian-fight-reported/,164,By International Herald Tribune,1915: Italo-Austrian Fight Reported,IHT Retrospective,,,,,0,0,,0,0,1915: Italo-Austrian Fight Reported,1915: Italo-Austrian Fight Reported From the International Herald Tribune archives: Fighting breaks out on the Austro-Italian frontier in 1915. From the International Herald Tribune archives: Fighting breaks out on the Austro-Italian frontier in 1915.
"A new Unicef report says that about 800,000 children have been forced from their homes in northeast Nigeria by the Boko Haram uprising, with many separated from their families and some subjected to abuse and forced marriage.",article,nyt://article/e7a6b5df-6fbc-5138-b5a6-ef3fe375c8f3,"[{'name': 'Location', 'value': 'Nigeria', 'rank': 1}, {'name': 'Organization', 'value': 'Boko Haram', 'rank': 2}, {'name': 'Subject', 'value': 'Children and Childhood', 'rank': 3}, {'name': 'Subject', 'value': 'Refugees and Displaced Persons', 'rank': 4}, {'name': 'Organization', 'value': ""United Nations Children's Fund"", 'rank': 5}, {'name': 'Location', 'value': 'Africa', 'rank': 6}]",Foreign,8.0,A,2015-04-14 02:03:44+00:00,World,"A new Unicef report says that about 800,000 children have been forced from their homes in northeast Nigeria by the Boko Haram uprising, with many separated from their families and some subjected to abuse and forced marriage.",The New York Times,Africa,Brief,nyt://article/e7a6b5df-6fbc-5138-b5a6-ef3fe375c8f3,https://www.nytimes.com/2015/04/14/world/africa/nigeria-militants-have-displaced-800000-children-unicef-reports.html,99,By The Associated Press,"Nigeria: Militants Have Displaced 800,000 Children, Unicef Reports",World Briefing,"Africa; Nigeria: Militants Have Displaced 800,000 Children, Unicef Reports",,,,0,0,,0,0,"Nigeria: Militants Have Displaced 800,000 Children, Unicef Reports","Nigeria: Militants Have Displaced 800,000 Children, Unicef Reports A new Unicef report says that about 800,000 children have been forced from their homes in northeast Nigeria by the Boko Haram uprising, with many separated from their families and some subjected to abuse and forced marriage. A new Unicef report says that about 800,000 children have been forced from their homes in northeast Nigeria by the Boko Haram uprising, with many separated from their families and some subjected to abuse and forced marriage."
"The Iranian news report was laden with innuendo and unattributed assertions about Jason Rezaian, a Washington Post correspondent jailed in Tehran since last year.",article,nyt://article/316dcbb4-f236-5142-bae6-50cd7ba10463,"[{'name': 'Person', 'value': 'Rezaian, Jason', 'rank': 1}, {'name': 'Person', 'value': 'Gladstone, Rick', 'rank': 2}, {'name': 'Location', 'value': 'Iran', 'rank': 3}, {'name': 'Person', 'value': 'Erdbrink, Thomas', 'rank': 4}, {'name': 'Organization', 'value': 'Washington Post', 'rank': 5}, {'name': 'Subject', 'value': 'Espionage and Intelligence Services', 'rank': 6}, {'name': 'Subject', 'value': 'News and News Media', 'rank': 7}, {'name': 'Subject', 'value': 'Iranian-Americans', 'rank': 8}, {'name': 'Location', 'value': 'United States', 'rank': 9}]",Foreign,7.0,A,2015-04-14 00:42:56+00:00,World,"The Iranian news report was laden with innuendo and unattributed assertions about Jason Rezaian, a Washington Post correspondent jailed in Tehran since last year.",The New York Times,Middle East,News,nyt://article/316dcbb4-f236-5142-bae6-50cd7ba10463,https://www.nytimes.com/2015/04/14/world/middleeast/new-report-on-washington-post-writer-seen-as-prelude-to-espionage-trial.html,684,By Rick Gladstone and Thomas Erdbrink,New Report on Washington Post Writer Seen as Prelude to Espionage Trial,,Spy Claim Against Reporter Hints Trial in Iran Is Near,Jason Rezaian,Agence France-Presse — Getty Images,https://static01.nyt.com/images/2014/08/08/world/IRAN-promo/IRAN-articleLarge.jpg,911,600,https://static01.nyt.com/images/2014/08/08/world/IRAN-promo/IRAN-thumbStandard-v3.jpg,75,75,New Report on Washington Post Writer Seen as Prelude to Espionage Trial,"New Report on Washington Post Writer Seen as Prelude to Espionage Trial The Iranian news report was laden with innuendo and unattributed assertions about Jason Rezaian, a Washington Post correspondent jailed in Tehran since last year. The Iranian news report was laden with innuendo and unattributed assertions about Jason Rezaian, a Washington Post correspondent jailed in Tehran since last year."
"The former Communist Party official, Jiang Jiemin, who has been tied to the disgraced security chief Zhou Yongkang, is said to have not disputed the charges.",article,nyt://article/6e0a4291-e383-536d-be0b-67d8b864fc64,"[{'name': 'Person', 'value': 'Buckley, Chris', 'rank': 1}, {'name': 'Person', 'value': 'Jiang Jiemin', 'rank': 2}, {'name': 'Subject', 'value': 'Bribery and Kickbacks', 'rank': 3}, {'name': 'Location', 'value': 'China', 'rank': 4}, {'name': 'Organization', 'value': 'China National Petroleum Corp', 'rank': 5}, {'name': 'Subject', 'value': 'Corruption (Institutional)', 'rank': 6}, {'name': 'Organization', 'value': 'Communist Party of China', 'rank': 7}, {'name': 'Person', 'value': 'Zhou Yongkang', 'rank': 8}, {'name': 'Person', 'value': 'Xi Jinping', 'rank': 9}, {'name': 'Organization', 'value': 'Politburo Standing Committee of the Communist Party of China', 'rank': 10}, {'name': 'Subject', 'value': 'Oil (Petroleum) and Gasoline', 'rank': 11}, {'name': 'Location', 'value': 'Hubei Province (China)', 'rank': 12}]",Foreign,8.0,A,2015-04-13 08:50:18+00:00,World,"The former Communist Party official, Jiang Jiemin, who has been tied to the disgraced security chief Zhou Yongkang, is said to have not disputed the charges.",The New York Times,Asia Pacific,News,nyt://article/6e0a4291-e383-536d-be0b-67d8b864fc64,https://www.nytimes.com/2015/04/14/world/asia/jiang-jiemin-bribery-trial-china.html,643,By Chris Buckley,"Chinese Official Who Ran Oil Giant Admits Bribetaking, Court Reports",,World Briefing | Asia; China: Ex-Official Admits at Trial He Took Bribes and Abused Power,"Jiang Jiemin, the former chairman of the China National Petroleum Corporation, at his trial in Xiantao on Monday.","Hanjiang Intermediate People's Court, via Agence France-Presse — Getty Images",https://static01.nyt.com/images/2015/04/14/world/14China/14China-articleLarge.jpg,398,600,https://static01.nyt.com/images/2015/04/14/world/14China/14China-thumbStandard.jpg,75,75,"Chinese Official Who Ran Oil Giant Admits Bribetaking, Court Reports","Chinese Official Who Ran Oil Giant Admits Bribetaking, Court Reports The former Communist Party official, Jiang Jiemin, who has been tied to the disgraced security chief Zhou Yongkang, is said to have not disputed the charges. The former Communist Party official, Jiang Jiemin, who has been tied to the disgraced security chief Zhou Yongkang, is said to have not disputed the charges."
"The alliance cited an effort to limit the size of delegations from partner nations, but Western officials said an internal assessment had found that intelligence agents were part of Russia’s mission.",article,nyt://article/550c9698-55de-5b80-8bb0-725aecb173d8,"[{'name': 'Location', 'value': 'Russia', 'rank': 1}, {'name': 'Person', 'value': 'Gordon, Michael R', 'rank': 2}, {'name': 'Organization', 'value': 'North Atlantic Treaty Organization', 'rank': 3}, {'name': 'Location', 'value': 'Ukraine', 'rank': 4}, {'name': 'Subject', 'value': 'Diplomatic Service, Embassies and Consulates', 'rank': 5}, {'name': 'Subject', 'value': 'Espionage and Intelligence Services', 'rank': 6}, {'name': 'Subject', 'value': 'International Relations', 'rank': 7}, {'name': 'Location', 'value': 'Brussels (Belgium)', 'rank': 8}]",Foreign,10.0,A,2015-04-10 02:02:57+00:00,World,"The alliance cited an effort to limit the size of delegations from partner nations, but Western officials said an internal assessment had found that intelligence agents were part of Russia’s mission.",The New York Times,Europe,News,nyt://article/550c9698-55de-5b80-8bb0-725aecb173d8,https://www.nytimes.com/2015/04/10/world/europe/nato-caps-size-of-russias-mission-after-internal-reports-of-espionage.html,900,By Michael R. Gordon,NATO Caps Size of Russia’s Mission After Internal Reports of Espionage,,NATO Caps Size of Russia’s Mission After Internal Reports of Espionage,,,,0,0,,0,0,NATO Caps Size of Russia’s Mission After Internal Reports of Espionage,"NATO Caps Size of Russia’s Mission After Internal Reports of Espionage The alliance cited an effort to limit the size of delegations from partner nations, but Western officials said an internal assessment had found that intelligence agents were part of Russia’s mission. The alliance cited an effort to limit the size of delegations from partner nations, but Western officials said an internal assessment had found that intelligence agents were part of Russia’s mission."
"Some local officials said it was the beginning of a major offensive in western Anbar Province, though others said such a description was premature.",article,nyt://article/7fd5d4a6-c59b-5b4c-a862-a2ff6aa8eb6c,"[{'name': 'Person', 'value': 'Nordland, Rod', 'rank': 1}, {'name': 'Location', 'value': 'Iraq', 'rank': 2}, {'name': 'Organization', 'value': 'Islamic State in Iraq and Syria (ISIS)', 'rank': 3}, {'name': 'Location', 'value': 'Anbar Province (Iraq)', 'rank': 4}, {'name': 'Subject', 'value': 'Defense and Military Forces', 'rank': 5}, {'name': 'Location', 'value': 'Ramadi (Iraq)', 'rank': 6}, {'name': 'Organization', 'value': 'Iraqi Army', 'rank': 7}]",Foreign,10.0,A,2015-04-08 13:28:22+00:00,World,"Some local officials said it was the beginning of a major offensive in western Anbar Province, though others said such a description was premature.",The New York Times,Middle East,News,nyt://article/7fd5d4a6-c59b-5b4c-a862-a2ff6aa8eb6c,https://www.nytimes.com/2015/04/09/world/middleeast/iraq-isis-offensive.html,746,By Rod Nordland,"Iraq Starts Drive Against ISIS, but Reports on Scale Differ",,Iraqi Officials Deny Attack on ISIS Signals the Start of a Key Battle,"Iraqi security forces searching for Islamic State fighters on Saturday in the Haouz neighborhood of Ramadi, Iraq.",Associated Press,https://static01.nyt.com/images/2015/04/09/world/09Iraq-web/09Iraq-web-articleLarge.jpg,400,600,https://static01.nyt.com/images/2015/04/09/world/09Iraq-web/09Iraq-web-thumbStandard.jpg,75,75,"Iraq Starts Drive Against ISIS, but Reports on Scale Differ","Iraq Starts Drive Against ISIS, but Reports on Scale Differ Some local officials said it was the beginning of a major offensive in western Anbar Province, though others said such a description was premature. Some local officials said it was the beginning of a major offensive in western Anbar Province, though others said such a description was premature."
From the International Herald Tribune archives: German steamers are sunk by mines in 1915.,article,nyt://article/463f0f0f-e96d-59b5-97e5-e3a58253d7c0,"[{'name': 'Subject', 'value': 'Mines, Explosive', 'rank': 1}, {'name': 'Subject', 'value': 'Ships and Shipping', 'rank': 2}, {'name': 'Subject', 'value': 'World War I (1914-18)', 'rank': 3}, {'name': 'Location', 'value': 'Copenhagen (Denmark)', 'rank': 4}]",Foreign,,,2015-04-06 13:53:39+00:00,World,From the International Herald Tribune archives: German steamers are sunk by mines in 1915.,The New York Times,,News,nyt://article/463f0f0f-e96d-59b5-97e5-e3a58253d7c0,https://iht-retrospective.blogs.nytimes.com/2015/04/06/1915-german-ships-reported-sunk/,118,By International Herald Tribune,1915: German Ships Reported Sunk,IHT Retrospective,,,,,0,0,,0,0,1915: German Ships Reported Sunk,1915: German Ships Reported Sunk From the International Herald Tribune archives: German steamers are sunk by mines in 1915. From the International Herald Tribune archives: German steamers are sunk by mines in 1915.
"Britain spied on Argentine military and political leaders to ensure the security of the Falkland Islands from 2006 to 2011, an Argentine television channel reported on Friday, citing intelligence documents provided by Edward J. Snowden.",article,nyt://article/cd504af4-147b-5e12-bc99-8f03eea7b85b,"[{'name': 'Subject', 'value': 'Surveillance of Citizens by Government', 'rank': 1}, {'name': 'Organization', 'value': 'National Security Agency', 'rank': 2}, {'name': 'Location', 'value': 'Falkland Islands', 'rank': 3}, {'name': 'Location', 'value': 'Argentina', 'rank': 4}, {'name': 'Location', 'value': 'Great Britain', 'rank': 5}]",Foreign,,,2015-04-04 02:49:10+00:00,World,"Britain spied on Argentine military and political leaders to ensure the security of the Falkland Islands from 2006 to 2011, an Argentine television channel reported on Friday, citing intelligence documents provided by Edward J. Snowden.",The New York Times,Americas,Brief,nyt://article/cd504af4-147b-5e12-bc99-8f03eea7b85b,https://www.nytimes.com/2015/04/04/world/americas/argentina-britain-spied-to-ensure-falklands-security-report-says.html,156,By Reuters,"Argentina: Britain Spied to Ensure Falklands Security, Report Says",World Briefing,"Argentina: Britain Spied to Ensure Falklands Security, Report Says",,,,0,0,,0,0,"Argentina: Britain Spied to Ensure Falklands Security, Report Says","Argentina: Britain Spied to Ensure Falklands Security, Report Says Britain spied on Argentine military and political leaders to ensure the security of the Falkland Islands from 2006 to 2011, an Argentine television channel reported on Friday, citing intelligence documents provided by Edward J. Snowden. Britain spied on Argentine military and political leaders to ensure the security of the Falkland Islands from 2006 to 2011, an Argentine television channel reported on Friday, citing intelligence documents provided by Edward J. Snowden."
"Families of the hostages held by a gunman who killed four people in a kosher supermarket in Paris in January are suing a French broadcaster, saying its live coverage endangered the hostages’ lives.",article,nyt://article/bca9329e-81f1-571a-8e9d-19dbfa9e5a2e,"[{'name': 'Location', 'value': 'France', 'rank': 1}, {'name': 'Location', 'value': 'Paris (France)', 'rank': 2}, {'name': 'Subject', 'value': 'Kidnapping and Hostages', 'rank': 3}, {'name': 'Organization', 'value': 'BFM-TV', 'rank': 4}, {'name': 'Subject', 'value': 'Suits and Litigation (Civil)', 'rank': 5}, {'name': 'Subject', 'value': 'Murders, Attempted Murders and Homicides', 'rank': 6}, {'name': 'Organization', 'value': 'Charlie Hebdo', 'rank': 7}]",Foreign,9.0,A,2015-04-04 02:42:10+00:00,World,"Families of the hostages held by a gunman who killed four people in a kosher supermarket in Paris in January are suing a French broadcaster, saying its live coverage endangered the hostages’ lives.",The New York Times,Europe,Brief,nyt://article/bca9329e-81f1-571a-8e9d-19dbfa9e5a2e,https://www.nytimes.com/2015/04/04/world/europe/france-tv-reports-on-hostage-taking-prompt-lawsuit-and-an-investigation.html,197,By The Associated Press,France: TV Reports on Hostage Taking Prompt Lawsuit and an Investigation,World Briefing,Europe; France: TV Reports on Hostage-Taking Prompt Lawsuit and an Investigation,,,,0,0,,0,0,France: TV Reports on Hostage Taking Prompt Lawsuit and an Investigation,"France: TV Reports on Hostage Taking Prompt Lawsuit and an Investigation Families of the hostages held by a gunman who killed four people in a kosher supermarket in Paris in January are suing a French broadcaster, saying its live coverage endangered the hostages’ lives. Families of the hostages held by a gunman who killed four people in a kosher supermarket in Paris in January are suing a French broadcaster, saying its live coverage endangered the hostages’ lives."
The Israeli police said that the man reported missing was found in the Jewish settlement of Kiryat Arba equipped with canned food and a sleeping bag.,article,nyt://article/8a078d15-77a5-5115-b19d-8457668f23c6,"[{'name': 'Location', 'value': 'Hebron (West Bank)', 'rank': 1}, {'name': 'Subject', 'value': 'Kidnapping and Hostages', 'rank': 2}, {'name': 'Location', 'value': 'Israel', 'rank': 3}, {'name': 'Subject', 'value': 'Palestinians', 'rank': 4}, {'name': 'Organization', 'value': 'Hamas', 'rank': 5}, {'name': 'Subject', 'value': 'Hoaxes and Pranks', 'rank': 6}]",Foreign,,,2015-04-02 20:06:51+00:00,World,The Israeli police said that the man reported missing was found in the Jewish settlement of Kiryat Arba equipped with canned food and a sleeping bag.,The New York Times,Middle East,News,nyt://article/8a078d15-77a5-5115-b19d-8457668f23c6,https://www.nytimes.com/2015/04/03/world/middleeast/circumstances-unclear-in-reports-of-missing-israeli-in-west-bank.html,341,By Isabel Kershner,Report of Missing Israeli in West Bank Proves to Be Hoax,,Report of Missing Israeli in West Bank Proves to Be Hoax,,,,0,0,,0,0,Report of Missing Israeli in West Bank Proves to Be Hoax,Report of Missing Israeli in West Bank Proves to Be Hoax The Israeli police said that the man reported missing was found in the Jewish settlement of Kiryat Arba equipped with canned food and a sleeping bag. The Israeli police said that the man reported missing was found in the Jewish settlement of Kiryat Arba equipped with canned food and a sleeping bag.
The French police asserted that the reports about it were false and the French prosecutor leading the crash investigation said no videos had been recovered.,article,nyt://article/4ffda04c-f163-5804-8554-04acdef336ef,"[{'name': 'Subject', 'value': 'Aviation Accidents, Safety and Disasters', 'rank': 1}, {'name': 'Person', 'value': 'Gladstone, Rick', 'rank': 2}, {'name': 'Organization', 'value': 'Germanwings GmbH', 'rank': 3}, {'name': 'Organization', 'value': 'Bild (Newspaper)', 'rank': 4}, {'name': 'Organization', 'value': 'Paris Match', 'rank': 5}, {'name': 'Subject', 'value': 'Video Recordings, Downloads and Streaming', 'rank': 6}, {'name': 'Organization', 'value': 'Deutsche Lufthansa AG', 'rank': 7}, {'name': 'Location', 'value': 'France', 'rank': 8}, {'name': 'Subject', 'value': 'Ethics and Official Misconduct', 'rank': 9}, {'name': 'Subject', 'value': 'Murders, Attempted Murders and Homicides', 'rank': 10}]",Foreign,10.0,A,2015-04-02 01:05:46+00:00,World,The French police asserted that the reports about it were false and the French prosecutor leading the crash investigation said no videos had been recovered.,The New York Times,Europe,News,nyt://article/4ffda04c-f163-5804-8554-04acdef336ef,https://www.nytimes.com/2015/04/02/world/europe/doubts-intensify-about-reports-of-a-video-made-during-germanwings-flights-final-moments.html,722,By Rick Gladstone,Doubts Intensify About Reports of a Video Made During Germanwings Flight’s Final Moments,,Doubts Surface About Reports of a Video Made During Jet’s Final Moments,,,,0,0,,0,0,Doubts Intensify About Reports of a Video Made During Germanwings Flight’s Final Moments,Doubts Intensify About Reports of a Video Made During Germanwings Flight’s Final Moments The French police asserted that the reports about it were false and the French prosecutor leading the crash investigation said no videos had been recovered. The French police asserted that the reports about it were false and the French prosecutor leading the crash investigation said no videos had been recovered.
"The company said Andreas Lubitz, thought to have intentionally crashed a Germanwings flight, had informed it of his depressive episodes in 2009 after a break in training.",article,nyt://article/ae483ccc-508c-5d04-815e-ffbf0f63d164,"[{'name': 'Person', 'value': 'Lubitz, Andreas (1987-2015)', 'rank': 1}, {'name': 'Person', 'value': 'Kulish, Nicholas', 'rank': 2}, {'name': 'Person', 'value': 'Ewing, Jack', 'rank': 3}, {'name': 'Organization', 'value': 'Germanwings GmbH', 'rank': 4}, {'name': 'Organization', 'value': 'Deutsche Lufthansa AG', 'rank': 5}, {'name': 'Subject', 'value': 'Aviation Accidents, Safety and Disasters', 'rank': 6}, {'name': 'Subject', 'value': 'Mental Health and Disorders', 'rank': 7}, {'name': 'Subject', 'value': 'Pilots', 'rank': 8}, {'name': 'Subject', 'value': 'Depression (Mental)', 'rank': 9}, {'name': 'Location', 'value': 'Germany', 'rank': 10}, {'name': 'Location', 'value': 'French Alps', 'rank': 11}]",Foreign,1.0,A,2015-03-31 17:32:07+00:00,World,"The company said Andreas Lubitz, thought to have intentionally crashed a Germanwings flight, had informed it of his depressive episodes in 2009 after a break in training.",The New York Times,Europe,News,nyt://article/ae483ccc-508c-5d04-815e-ffbf0f63d164,https://www.nytimes.com/2015/04/01/world/europe/lufthansa-germanwings-andreas-lubitz.html,1217,By Nicholas Kulish and Jack Ewing,Lufthansa Says Germanwings Pilot Reported Deep Depression,,Lufthansa Says Pilot Reported Deep Depression,"Candles, flowers and other tributes formed a memorial at the airport in in Düsseldorf, Germany, the planned destination of the Germanwings flight that crashed last week, killing 150 people.",Martin Meissner/Associated Press,https://static01.nyt.com/images/2015/04/01/world/01PLANE/01PLANE-articleLarge-v2.jpg,365,600,https://static01.nyt.com/images/2015/04/01/world/01PLANE/01PLANE-thumbStandard-v6.jpg,75,75,Lufthansa Says Germanwings Pilot Reported Deep Depression,"Lufthansa Says Germanwings Pilot Reported Deep Depression The company said Andreas Lubitz, thought to have intentionally crashed a Germanwings flight, had informed it of his depressive episodes in 2009 after a break in training. The company said Andreas Lubitz, thought to have intentionally crashed a Germanwings flight, had informed it of his depressive episodes in 2009 after a break in training."
"Saudi-led military actions intensified in Yemen, including a strike on a missile depot in Sana, which set a fire that sent civilians in a nearby village fleeing.",article,nyt://article/b51abbcc-124f-5694-92a4-a75f53a1f682,"[{'name': '', 'value': '', 'rank': 1}, {'name': 'Location', 'value': 'Yemen', 'rank': 2}, {'name': 'Person', 'value': 'Gladstone, Rick', 'rank': 3}, {'name': 'Subject', 'value': 'Refugees and Displaced Persons', 'rank': 4}, {'name': 'Location', 'value': 'Saudi Arabia', 'rank': 5}, {'name': 'Subject', 'value': 'Civilian Casualties', 'rank': 6}, {'name': 'Organization', 'value': 'Houthis', 'rank': 7}]",Foreign,8.0,A,2015-03-30 16:13:07+00:00,World,"Saudi-led military actions intensified in Yemen, including a strike on a missile depot in Sana, which set a fire that sent civilians in a nearby village fleeing.",The New York Times,Middle East,News,nyt://article/b51abbcc-124f-5694-92a4-a75f53a1f682,https://www.nytimes.com/2015/03/31/world/middleeast/yemen-camp-air-raid.html,737,By Saeed Al-Batati and Rick Gladstone,Dozens Are Reported Killed as Saudi-Led Strike Hits Camp for Displaced Yemeni Civilians,,Dozens Are Reported Killed as Saudi-Led Strike Hits Camp for Displaced Yemeni Civilians,,,,0,0,,0,0,Dozens Are Reported Killed as Saudi-Led Strike Hits Camp for Displaced Yemeni Civilians,"Dozens Are Reported Killed as Saudi-Led Strike Hits Camp for Displaced Yemeni Civilians Saudi-led military actions intensified in Yemen, including a strike on a missile depot in Sana, which set a fire that sent civilians in a nearby village fleeing. Saudi-led military actions intensified in Yemen, including a strike on a missile depot in Sana, which set a fire that sent civilians in a nearby village fleeing."
Twitter and Facebook updates and snatches of grainy video on Instagram and YouTube offered observers following from afar vivid glimpses of the terror.,article,nyt://article/ad880abd-4d53-574d-ae40-5faf55aec397,"[{'name': 'Location', 'value': 'Yemen', 'rank': 1}, {'name': 'Location', 'value': 'Sana (Yemen)', 'rank': 2}, {'name': 'Location', 'value': 'Saudi Arabia', 'rank': 3}, {'name': 'Person', 'value': 'Hadi, Abdu Rabbu Mansour', 'rank': 4}, {'name': 'Subject', 'value': 'Social Media', 'rank': 5}, {'name': 'Subject', 'value': 'Middle East and North Africa Unrest (2010- )', 'rank': 6}]",Foreign,,,2015-03-27 00:58:01+00:00,World,Twitter and Facebook updates and snatches of grainy video on Instagram and YouTube offered observers following from afar vivid glimpses of the terror.,The New York Times,Middle East,News,nyt://article/ad880abd-4d53-574d-ae40-5faf55aec397,https://www.nytimes.com/2015/03/27/world/middleeast/yemenis-share-reports-rumors-and-wry-commentary-online-as-bombs-drop.html,212,By Robert Mackey,"Yemenis Share Reports, Rumors and Wry Commentary Online as Bombs Drop",Open Source,"Yemenis Share Reports, Rumors and Wry Commentary Online as Bombs Drop",,,,0,0,,0,0,"Yemenis Share Reports, Rumors and Wry Commentary Online as Bombs Drop","Yemenis Share Reports, Rumors and Wry Commentary Online as Bombs Drop Twitter and Facebook updates and snatches of grainy video on Instagram and YouTube offered observers following from afar vivid glimpses of the terror. Twitter and Facebook updates and snatches of grainy video on Instagram and YouTube offered observers following from afar vivid glimpses of the terror."
The World Health Organization on Wednesday reported the lowest weekly total of new Ebola cases so far this year in the three nations of West Africa that have been afflicted by the deadly virus.,article,nyt://article/5bfd58b1-9669-5468-b5f8-81f0f272e08e,"[{'name': 'Subject', 'value': 'Ebola Virus', 'rank': 1}, {'name': 'Subject', 'value': 'Epidemics', 'rank': 2}, {'name': 'Organization', 'value': 'World Health Organization', 'rank': 3}, {'name': 'Location', 'value': 'Liberia', 'rank': 4}, {'name': 'Location', 'value': 'Sierra Leone', 'rank': 5}, {'name': 'Location', 'value': 'Guinea', 'rank': 6}]",Foreign,,,2015-03-26 04:13:19+00:00,World,The World Health Organization on Wednesday reported the lowest weekly total of new Ebola cases so far this year in the three nations of West Africa that have been afflicted by the deadly virus.,The New York Times,Africa,Brief,nyt://article/5bfd58b1-9669-5468-b5f8-81f0f272e08e,https://www.nytimes.com/2015/03/26/world/africa/health-agency-reports-lowest-weekly-total-of-new-ebola-cases.html,124,By Rick Gladstone,Health Agency Reports Lowest Weekly Total of New Ebola Cases,World Briefing,Health Agency Reports Lowest Weekly Total of New Ebola Cases,,,,0,0,,0,0,Health Agency Reports Lowest Weekly Total of New Ebola Cases,Health Agency Reports Lowest Weekly Total of New Ebola Cases The World Health Organization on Wednesday reported the lowest weekly total of new Ebola cases so far this year in the three nations of West Africa that have been afflicted by the deadly virus. The World Health Organization on Wednesday reported the lowest weekly total of new Ebola cases so far this year in the three nations of West Africa that have been afflicted by the deadly virus.
Confirmation that a patient tested positive deflated hope that Liberia was now free of the Ebola virus.,article,nyt://article/672aee30-d71c-521b-8692-7d7a918f5843,"[{'name': 'Location', 'value': 'Liberia', 'rank': 1}, {'name': 'Person', 'value': 'Fink, Sheri', 'rank': 2}, {'name': 'Subject', 'value': 'Ebola Virus', 'rank': 3}, {'name': 'Person', 'value': 'Gladstone, Rick', 'rank': 4}]",Foreign,4.0,A,2015-03-20 19:33:18+00:00,World,Confirmation that a patient tested positive deflated hope that Liberia was now free of the Ebola virus.,The New York Times,Africa,News,nyt://article/672aee30-d71c-521b-8692-7d7a918f5843,https://www.nytimes.com/2015/03/21/world/africa/liberia-reports-first-ebola-case-in-weeks.html,584,By Sheri Fink and Rick Gladstone,Liberia Reports First Ebola Case in Weeks,,Liberia Has a New Case of Ebola,,,,0,0,,0,0,Liberia Reports First Ebola Case in Weeks,Liberia Reports First Ebola Case in Weeks Confirmation that a patient tested positive deflated hope that Liberia was now free of the Ebola virus. Confirmation that a patient tested positive deflated hope that Liberia was now free of the Ebola virus.
"Aid workers described a “grave situation” in the South Pacific nation devastated by Tropical Cyclone Pam, with food, clean water and shelter all in short supply.",article,nyt://article/374cf85d-c5ac-5698-a1a9-2a36cb7d65ae,"[{'name': 'Location', 'value': 'Vanuatu', 'rank': 1}, {'name': 'Subject', 'value': 'Humanitarian Aid', 'rank': 2}, {'name': 'Subject', 'value': 'Cyclones', 'rank': 3}, {'name': 'Organization', 'value': 'CARE', 'rank': 4}, {'name': 'Organization', 'value': 'Oxfam', 'rank': 5}]",Foreign,,,2015-03-18 10:10:48+00:00,World,"Aid workers described a “grave situation” in the South Pacific nation devastated by Tropical Cyclone Pam, with food, clean water and shelter all in short supply.",The New York Times,Asia Pacific,News,nyt://article/374cf85d-c5ac-5698-a1a9-2a36cb7d65ae,https://www.nytimes.com/2015/03/19/world/asia/vanuatu-cyclone-pam-aid.html,600,By Michelle Innis,Aid Trickles to Vanuatu as Relief Workers Report Vast Cyclone Damage,,,,Jeremy Piper/Agence France-Presse — Getty Images,https://static01.nyt.com/images/2015/03/18/multimedia/vanuatu-aftermath/vanuatu-aftermath-articleLarge.jpg,435,600,https://static01.nyt.com/images/2015/03/18/multimedia/vanuatu-aftermath/vanuatu-aftermath-thumbStandard.jpg,75,75,Aid Trickles to Vanuatu as Relief Workers Report Vast Cyclone Damage,"Aid Trickles to Vanuatu as Relief Workers Report Vast Cyclone Damage Aid workers described a “grave situation” in the South Pacific nation devastated by Tropical Cyclone Pam, with food, clean water and shelter all in short supply. Aid workers described a “grave situation” in the South Pacific nation devastated by Tropical Cyclone Pam, with food, clean water and shelter all in short supply."
The Syrian state news media reported Tuesday that the country’s air defense systems had shot down an American surveillance plane near the northwestern city of Latakia.,article,nyt://article/8e5565b1-cb55-5006-a700-4ed4738ec17b,"[{'name': 'Person', 'value': 'Hubbard, Ben', 'rank': 1}, {'name': 'Location', 'value': 'Syria', 'rank': 2}, {'name': 'Subject', 'value': 'Drones (Pilotless Planes)', 'rank': 3}, {'name': 'Subject', 'value': 'Military Aircraft', 'rank': 4}, {'name': 'Organization', 'value': 'Islamic State in Iraq and Syria (ISIS)', 'rank': 5}, {'name': 'Location', 'value': 'United States', 'rank': 6}]",Foreign,6.0,A,2015-03-18 03:44:11+00:00,World,The Syrian state news media reported Tuesday that the country’s air defense systems had shot down an American surveillance plane near the northwestern city of Latakia.,The New York Times,Middle East,Brief,nyt://article/8e5565b1-cb55-5006-a700-4ed4738ec17b,https://www.nytimes.com/2015/03/18/world/middleeast/syria-reports-claim-downing-of-a-us-surveillance-drone.html,120,By Ben Hubbard,Syria: Reports Claim Downing of a U.S. Surveillance Drone,World Briefing,Middle East; Syria: Reports Claim Downing of a U.S. Surveillance Drone,,,,0,0,,0,0,Syria: Reports Claim Downing of a U.S. Surveillance Drone,Syria: Reports Claim Downing of a U.S. Surveillance Drone The Syrian state news media reported Tuesday that the country’s air defense systems had shot down an American surveillance plane near the northwestern city of Latakia. The Syrian state news media reported Tuesday that the country’s air defense systems had shot down an American surveillance plane near the northwestern city of Latakia.
"Those held encompass a wide group of people, including opponents of sexual discrimination, groups pushing for migrant workers’ rights and those who argue for better treatment of ethnic minorities.",article,nyt://article/dd19c17b-b4ee-5903-b7c4-1433ddd18220,"[{'name': 'Subject', 'value': 'Human Rights and Human Rights Violations', 'rank': 1}, {'name': 'Person', 'value': 'Xi Jinping', 'rank': 2}, {'name': 'Person', 'value': 'Xu Zhiyong', 'rank': 3}, {'name': 'Organization', 'value': 'Chinese Human Rights Defenders', 'rank': 4}, {'name': 'Organization', 'value': 'Communist Party of China', 'rank': 5}, {'name': 'Location', 'value': 'China', 'rank': 6}]",Foreign,,,2015-03-17 10:50:10+00:00,World,"Those held encompass a wide group of people, including opponents of sexual discrimination, groups pushing for migrant workers’ rights and those who argue for better treatment of ethnic minorities.",The New York Times,Asia Pacific,News,nyt://article/dd19c17b-b4ee-5903-b7c4-1433ddd18220,https://sinosphere.blogs.nytimes.com/2015/03/17/detention-of-rights-activists-in-china-soared-in-2014-report-says/,328,By Michael Forsythe,"Detention of Rights Activists in China Soared in 2014, Report Says",Sinosphere,,"Lun Chunxia, a supporter of the lawyer and rights advocate Xu Zhiyong, being detained by the police near a Beijing court where Mr. Xu's trial was underway on Jan. 22, 2014.",Kim Kyung-Hoon/Reuters,https://static01.nyt.com/images/2015/03/17/world/17sino-detain/17sino-detain-articleLarge.jpg,440,600,https://static01.nyt.com/images/2015/03/17/world/17sino-detain/17sino-detain-thumbStandard.jpg,75,75,"Detention of Rights Activists in China Soared in 2014, Report Says","Detention of Rights Activists in China Soared in 2014, Report Says Those held encompass a wide group of people, including opponents of sexual discrimination, groups pushing for migrant workers’ rights and those who argue for better treatment of ethnic minorities. Those held encompass a wide group of people, including opponents of sexual discrimination, groups pushing for migrant workers’ rights and those who argue for better treatment of ethnic minorities."
"Carmen Aristegui, who has a long record of exposing the foibles of Mexico’s elite and exposed a possible conflict of interest involving the first lady, was fired Sunday from MVS Radio.",article,nyt://article/b5a47a16-4892-5670-a45c-d02c57262cd6,"[{'name': 'Person', 'value': 'Archibold, Randal C', 'rank': 1}, {'name': 'Location', 'value': 'Mexico', 'rank': 2}, {'name': 'Organization', 'value': 'MVS Radio', 'rank': 3}, {'name': 'Person', 'value': 'Aristegui, Carmen (1964- )', 'rank': 4}, {'name': 'Person', 'value': 'Rivera Hurtado, Angelica', 'rank': 5}, {'name': 'Subject', 'value': 'Freedom of the Press', 'rank': 6}, {'name': 'Subject', 'value': 'News and News Media', 'rank': 7}]",Foreign,10.0,A,2015-03-17 00:51:07+00:00,World,"Carmen Aristegui, who has a long record of exposing the foibles of Mexico’s elite and exposed a possible conflict of interest involving the first lady, was fired Sunday from MVS Radio.",The New York Times,Americas,News,nyt://article/b5a47a16-4892-5670-a45c-d02c57262cd6,https://www.nytimes.com/2015/03/17/world/americas/mexican-journalist-is-fired-after-report-about-first-lady.html,528,By Randal C. Archibold,Mexican Journalist Is Fired After Report About First Lady,,Mexican Journalist Is Fired After Report About First Lady,Carmen Aristegui greeted her supporters on Monday.,Edgard Garrido/Reuters,https://static01.nyt.com/images/2015/03/17/world/17Mexico/17Mexico-articleLarge.jpg,734,600,https://static01.nyt.com/images/2015/03/17/world/17Mexico/17Mexico-thumbStandard.jpg,75,75,Mexican Journalist Is Fired After Report About First Lady,"Mexican Journalist Is Fired After Report About First Lady Carmen Aristegui, who has a long record of exposing the foibles of Mexico’s elite and exposed a possible conflict of interest involving the first lady, was fired Sunday from MVS Radio. Carmen Aristegui, who has a long record of exposing the foibles of Mexico’s elite and exposed a possible conflict of interest involving the first lady, was fired Sunday from MVS Radio."
"A police report concluded that there had been a forcewide failure to address sexual abuse in the northern city of Rochdale, but that no police officer would face serious discipline.",article,nyt://article/dfdc3dff-4999-5a54-b483-eff3dfb3f7e0,"[{'name': 'Subject', 'value': 'Sex Crimes', 'rank': 1}, {'name': 'Subject', 'value': 'Police', 'rank': 2}, {'name': 'Organization', 'value': 'Guardian (British Newspaper)', 'rank': 3}, {'name': 'Location', 'value': 'Manchester (England)', 'rank': 4}]",Foreign,,,2015-03-13 12:28:46+00:00,World,"A police report concluded that there had been a forcewide failure to address sexual abuse in the northern city of Rochdale, but that no police officer would face serious discipline.",The New York Times,Europe,News,nyt://article/dfdc3dff-4999-5a54-b483-eff3dfb3f7e0,https://www.nytimes.com/2015/03/14/world/europe/police-failed-to-address-sexual-abuse-in-northern-british-city-report-says.html,304,By Katrin Bennhold,"Police Failed to Address Sexual Abuse in Northern British City, Report Says",,,,,,0,0,,0,0,"Police Failed to Address Sexual Abuse in Northern British City, Report Says","Police Failed to Address Sexual Abuse in Northern British City, Report Says A police report concluded that there had been a forcewide failure to address sexual abuse in the northern city of Rochdale, but that no police officer would face serious discipline. A police report concluded that there had been a forcewide failure to address sexual abuse in the northern city of Rochdale, but that no police officer would face serious discipline."
"The operation in January that killed 44 elite officers and jeopardized a landmark peace deal involved missteps by officials all the way up to the president, the report says.",article,nyt://article/0ead629e-d01d-5015-b9a9-425d6b7d0f29,"[{'name': 'Location', 'value': 'Philippines', 'rank': 1}, {'name': 'Person', 'value': 'Whaley, Floyd', 'rank': 2}, {'name': 'Person', 'value': 'Zulkifli bin Hir', 'rank': 3}, {'name': 'Subject', 'value': 'Terrorism', 'rank': 4}, {'name': 'Organization', 'value': 'Jemaah Islamiyah', 'rank': 5}, {'name': 'Subject', 'value': 'Attacks on Police', 'rank': 6}, {'name': 'Subject', 'value': 'Murders, Attempted Murders and Homicides', 'rank': 7}, {'name': 'Person', 'value': 'Aquino, Benigno S III', 'rank': 8}]",Foreign,9.0,A,2015-03-13 10:23:36+00:00,World,"The operation in January that killed 44 elite officers and jeopardized a landmark peace deal involved missteps by officials all the way up to the president, the report says.",The New York Times,Asia Pacific,News,nyt://article/0ead629e-d01d-5015-b9a9-425d6b7d0f29,https://www.nytimes.com/2015/03/14/world/asia/philippines-police-raid-official-report.html,638,By Floyd Whaley,Official Report Describes Blunders in Deadly Police Raid in Philippines,,World Briefing | Asia; Philippines: Blunders in Deadly Raid,"At the Villamor Air Base in January, members of an elite police force of the Philippines carried the remains of 42 of the 44 officers who were killed in a January raid.",Dennis M. Sabangan/European Pressphoto Agency,https://static01.nyt.com/images/2015/03/14/world/14philippines/14philippines-articleLarge.jpg,370,600,https://static01.nyt.com/images/2015/03/14/world/14philippines/14philippines-thumbStandard.jpg,75,75,Official Report Describes Blunders in Deadly Police Raid in Philippines,"Official Report Describes Blunders in Deadly Police Raid in Philippines The operation in January that killed 44 elite officers and jeopardized a landmark peace deal involved missteps by officials all the way up to the president, the report says. The operation in January that killed 44 elite officers and jeopardized a landmark peace deal involved missteps by officials all the way up to the president, the report says."
"The captain and co-pilot of Flight 370, which disappeared a year ago, had shown no signs of distress, a Malaysian government report said Sunday.",article,nyt://article/1a23e375-c905-50f3-b591-5d079cd8755a,"[{'name': 'Subject', 'value': 'Malaysia Airlines Flight 370', 'rank': 1}, {'name': 'Person', 'value': 'Forsythe, Michael', 'rank': 2}, {'name': 'Location', 'value': 'Malaysia', 'rank': 3}, {'name': 'Subject', 'value': 'Aviation Accidents, Safety and Disasters', 'rank': 4}, {'name': 'Person', 'value': 'Zaharie Ahmad Shah', 'rank': 5}, {'name': 'Person', 'value': 'Fariq Abdul Hamid', 'rank': 6}, {'name': 'Organization', 'value': 'Malaysia Airlines', 'rank': 7}]",Foreign,3.0,A,2015-03-08 10:58:00+00:00,World,"The captain and co-pilot of Flight 370, which disappeared a year ago, had shown no signs of distress, a Malaysian government report said Sunday.",The New York Times,Asia Pacific,News,nyt://article/1a23e375-c905-50f3-b591-5d079cd8755a,https://www.nytimes.com/2015/03/09/world/asia/missing-malaysian-airliners-crew-behaved-normally-report-says.html,1033,By Michael Forsythe,"No Sign of Distress in Malaysia Jet’s Crew, Report Says",,"No Sign of Distress in Malaysia Jet’s Crew, Report Says",Relatives of missing passengers from Malaysia Airlines Flight 370 protest outside the Malaysia Embassy in Beijing on Sunday.,Kevin Frayer/Getty Images,https://static01.nyt.com/images/2015/03/09/world/09plane/09plane-articleLarge.jpg,404,600,https://static01.nyt.com/images/2015/03/09/world/09plane/09plane-thumbStandard.jpg,75,75,"No Sign of Distress in Malaysia Jet’s Crew, Report Says","No Sign of Distress in Malaysia Jet’s Crew, Report Says The captain and co-pilot of Flight 370, which disappeared a year ago, had shown no signs of distress, a Malaysian government report said Sunday. The captain and co-pilot of Flight 370, which disappeared a year ago, had shown no signs of distress, a Malaysian government report said Sunday."
"The deaths of so many top figures, if confirmed, would be a blow to the affiliate of Al Qaeda, one of the strongest insurgent factions in Syria’s civil war.",article,nyt://article/b05e5c6f-7bb5-5bc2-9f08-771a67f1e191,"[{'name': 'Location', 'value': 'Syria', 'rank': 1}, {'name': 'Person', 'value': 'Hubbard, Ben', 'rank': 2}, {'name': 'Organization', 'value': 'Al Nusra Front', 'rank': 3}, {'name': 'Person', 'value': 'Hijazi, Samir', 'rank': 4}, {'name': 'Person', 'value': 'Hijazi, Samir (d 2015)', 'rank': 5}, {'name': 'Organization', 'value': 'Al Qaeda', 'rank': 6}, {'name': 'Organization', 'value': 'Syrian Observatory for Human Rights', 'rank': 7}]",Foreign,10.0,A,2015-03-06 20:57:11+00:00,World,"The deaths of so many top figures, if confirmed, would be a blow to the affiliate of Al Qaeda, one of the strongest insurgent factions in Syria’s civil war.",The New York Times,Middle East,News,nyt://article/b05e5c6f-7bb5-5bc2-9f08-771a67f1e191,https://www.nytimes.com/2015/03/07/world/middleeast/4-nusra-front-leaders-said-to-be-killed-in-syria.html,860,By Ben Hubbard,Deaths Reported in Syria of Top Figures in Group Affiliated With Al Qaeda,,Deaths Reported in Syria of Top Figures in Group Affiliated With Al Qaeda,"An image from a video on YouTube of Samir Hijazi, a Nusra Front leader who rebels and a monitoring group say is dead.",,https://static01.nyt.com/images/2015/03/07/world/07syria-2/07syria-2-articleLarge.jpg,400,600,https://static01.nyt.com/images/2015/03/07/world/07syria-2/07syria-2-thumbStandard.jpg,75,75,Deaths Reported in Syria of Top Figures in Group Affiliated With Al Qaeda,"Deaths Reported in Syria of Top Figures in Group Affiliated With Al Qaeda The deaths of so many top figures, if confirmed, would be a blow to the affiliate of Al Qaeda, one of the strongest insurgent factions in Syria’s civil war. The deaths of so many top figures, if confirmed, would be a blow to the affiliate of Al Qaeda, one of the strongest insurgent factions in Syria’s civil war."
"The Russian newspaper Novaya Gazeta said that a memo, possibly from an oligarch, warned that Moscow should act quickly to protect interests in Ukraine.",article,nyt://article/d862b731-9234-5866-8b4c-9465241e5813,"[{'name': 'Location', 'value': 'Ukraine', 'rank': 1}, {'name': 'Person', 'value': 'MacFarquhar, Neil', 'rank': 2}, {'name': 'Location', 'value': 'Crimea (Ukraine)', 'rank': 3}, {'name': 'Location', 'value': 'Russia', 'rank': 4}, {'name': 'Person', 'value': 'Yanukovych, Viktor F', 'rank': 5}, {'name': 'Person', 'value': 'Malofeev, Konstantin V', 'rank': 6}, {'name': 'Organization', 'value': 'Novaya Gazeta', 'rank': 7}]",Foreign,4.0,A,2015-02-25 13:16:58+00:00,World,"The Russian newspaper Novaya Gazeta said that a memo, possibly from an oligarch, warned that Moscow should act quickly to protect interests in Ukraine.",The New York Times,Europe,News,nyt://article/d862b731-9234-5866-8b4c-9465241e5813,https://www.nytimes.com/2015/02/26/world/europe/russia-ukraine-crimea-annexation.html,936,By Neil MacFarquhar,"Early Memo Urged Moscow to Annex Crimea, Report Says",,"Early Memo Urged Moscow to Annex Crimea, Report Says","Cleaning the train station in Debaltseve, Ukraine, as fighting recedes. A report hints at the Kremlin’s early calculations.",Andrew Burton/Getty Images,https://static01.nyt.com/images/2015/02/26/world/UKRAINE-REFER/UKRAINE-REFER-articleLarge.jpg,392,600,https://static01.nyt.com/images/2015/02/26/world/UKRAINE-REFER/UKRAINE-REFER-thumbStandard.jpg,75,75,"Early Memo Urged Moscow to Annex Crimea, Report Says","Early Memo Urged Moscow to Annex Crimea, Report Says The Russian newspaper Novaya Gazeta said that a memo, possibly from an oligarch, warned that Moscow should act quickly to protect interests in Ukraine. The Russian newspaper Novaya Gazeta said that a memo, possibly from an oligarch, warned that Moscow should act quickly to protect interests in Ukraine."
"Human Rights Watch said Tuesday that the Syrian government had dropped so-called barrel bombs on hundreds of heavily populated rebel-held areas in the past year, flouting a United Nations Security Council measure.",article,nyt://article/d22c6e80-7529-5f75-96ca-fbead091d03f,"[{'name': 'Person', 'value': 'Sengupta, Somini', 'rank': 1}, {'name': 'Location', 'value': 'Syria', 'rank': 2}, {'name': 'Subject', 'value': 'Bombs and Explosives', 'rank': 3}, {'name': 'Organization', 'value': 'Human Rights Watch', 'rank': 4}, {'name': 'Subject', 'value': 'Human Rights and Human Rights Violations', 'rank': 5}, {'name': 'Organization', 'value': 'United Nations', 'rank': 6}, {'name': 'Subject', 'value': 'War Crimes, Genocide and Crimes Against Humanity', 'rank': 7}]",Foreign,8.0,A,2015-02-25 02:49:31+00:00,World,"Human Rights Watch said Tuesday that the Syrian government had dropped so-called barrel bombs on hundreds of heavily populated rebel-held areas in the past year, flouting a United Nations Security Council measure.",The New York Times,Middle East,News,nyt://article/d22c6e80-7529-5f75-96ca-fbead091d03f,https://www.nytimes.com/2015/02/25/world/middleeast/syria-dropped-barrel-bombs-despite-ban-report-says.html,269,By Somini Sengupta,"Syria Dropped ‘Barrel Bombs’ Despite Ban, Report Says",,Syria: Rights Group Reports on Use of ‘Barrel Bombs’ by Assad Forces,,,,0,0,,0,0,"Syria Dropped ‘Barrel Bombs’ Despite Ban, Report Says","Syria Dropped ‘Barrel Bombs’ Despite Ban, Report Says Human Rights Watch said Tuesday that the Syrian government had dropped so-called barrel bombs on hundreds of heavily populated rebel-held areas in the past year, flouting a United Nations Security Council measure. Human Rights Watch said Tuesday that the Syrian government had dropped so-called barrel bombs on hundreds of heavily populated rebel-held areas in the past year, flouting a United Nations Security Council measure."
"Prime Minister Benjamin Netanyahu’s dire warning in 2012 about Iran’s nuclear program differed sharply from an analysis just weeks later by Israel’s foreign intelligence agency, a leaked report showed.",article,nyt://article/c9ce8007-7b19-50f9-b077-f3b70e47be98,"[{'name': 'Person', 'value': 'Rudoren, Jodi', 'rank': 1}, {'name': 'Location', 'value': 'Israel', 'rank': 2}, {'name': 'Location', 'value': 'Iran', 'rank': 3}, {'name': 'Subject', 'value': 'Nuclear Weapons', 'rank': 4}, {'name': 'Person', 'value': 'Netanyahu, Benjamin', 'rank': 5}, {'name': 'Organization', 'value': 'Mossad', 'rank': 6}, {'name': 'Organization', 'value': 'United Nations', 'rank': 7}]",Foreign,6.0,A,2015-02-24 03:16:28+00:00,World,"Prime Minister Benjamin Netanyahu’s dire warning in 2012 about Iran’s nuclear program differed sharply from an analysis just weeks later by Israel’s foreign intelligence agency, a leaked report showed.",The New York Times,Middle East,News,nyt://article/c9ce8007-7b19-50f9-b077-f3b70e47be98,https://www.nytimes.com/2015/02/24/world/middleeast/israeli-views-on-iran-diverged-reports-say.html,542,By Jodi Rudoren,"Israeli Views on Iran Diverged, Reports Say",,"Israeli Views on Iran Diverged, Reports Say",,,,0,0,,0,0,"Israeli Views on Iran Diverged, Reports Say","Israeli Views on Iran Diverged, Reports Say Prime Minister Benjamin Netanyahu’s dire warning in 2012 about Iran’s nuclear program differed sharply from an analysis just weeks later by Israel’s foreign intelligence agency, a leaked report showed. Prime Minister Benjamin Netanyahu’s dire warning in 2012 about Iran’s nuclear program differed sharply from an analysis just weeks later by Israel’s foreign intelligence agency, a leaked report showed."
"The Turkish Army launched an operation targeting the Tomb of Suleyman Shah, which has been besieged by Islamic State militants, an official and Turkish news media reported.",article,nyt://article/1cf24170-b370-5188-8aa4-a043f406c480,"[{'name': 'Person', 'value': 'Arsu, Sebnem', 'rank': 1}, {'name': 'Location', 'value': 'Turkey', 'rank': 2}, {'name': 'Location', 'value': 'Syria', 'rank': 3}, {'name': 'Organization', 'value': 'Islamic State in Iraq and Syria (ISIS)', 'rank': 4}, {'name': 'Person', 'value': 'Suleyman Shah (1178-1236)', 'rank': 5}, {'name': 'Subject', 'value': 'Tombs and Tombstones', 'rank': 6}, {'name': 'Location', 'value': 'Aleppo (Syria)', 'rank': 7}, {'name': 'Location', 'value': 'Kobani (Syria)', 'rank': 8}, {'name': 'Subject', 'value': 'Defense and Military Forces', 'rank': 9}]",Foreign,8.0,A,2015-02-22 03:35:50+00:00,World,"The Turkish Army launched an operation targeting the Tomb of Suleyman Shah, which has been besieged by Islamic State militants, an official and Turkish news media reported.",The New York Times,Middle East,News,nyt://article/1cf24170-b370-5188-8aa4-a043f406c480,https://www.nytimes.com/2015/02/22/world/europe/turkish-military-enters-syria-to-evacuate-soldiers-guarding-tomb-reports-say.html,494,By Sebnem Arsu,"Turkish Military Enters Syria to Evacuate Soldiers and Move Tomb’s Remains, Reports Say",,Turkish Military Is Said to Start Foray Into Syria,,,,0,0,,0,0,"Turkish Military Enters Syria to Evacuate Soldiers and Move Tomb’s Remains, Reports Say","Turkish Military Enters Syria to Evacuate Soldiers and Move Tomb’s Remains, Reports Say The Turkish Army launched an operation targeting the Tomb of Suleyman Shah, which has been besieged by Islamic State militants, an official and Turkish news media reported. The Turkish Army launched an operation targeting the Tomb of Suleyman Shah, which has been besieged by Islamic State militants, an official and Turkish news media reported."
"An analytical failure and a “glaring absence of political oversight” was compounded by a decline in Russia expertise and analysis, the report said.",article,nyt://article/c89b9bd8-987d-5f75-8302-6e674643ddaf,"[{'name': 'Location', 'value': 'Great Britain', 'rank': 1}, {'name': 'Person', 'value': 'Erlanger, Steven', 'rank': 2}, {'name': 'Location', 'value': 'Ukraine', 'rank': 3}, {'name': 'Organization', 'value': 'European Union', 'rank': 4}, {'name': 'Location', 'value': 'Russia', 'rank': 5}, {'name': 'Subject', 'value': 'International Relations', 'rank': 6}, {'name': 'Organization', 'value': 'House of Lords (Great Britain)', 'rank': 7}, {'name': 'Person', 'value': 'Putin, Vladimir V', 'rank': 8}]",Foreign,7.0,A,2015-02-20 15:37:28+00:00,World,"An analytical failure and a “glaring absence of political oversight” was compounded by a decline in Russia expertise and analysis, the report said.",The New York Times,Europe,News,nyt://article/c89b9bd8-987d-5f75-8302-6e674643ddaf,https://www.nytimes.com/2015/02/21/world/europe/britain-europe-ukraine-house-of-lords-report.html,938,By Steven Erlanger,"Britain and Europe ‘Sleepwalked’ Into the Ukraine Crisis, Report Says",,"Britain and Europe ‘Sleepwalked’ Into the Ukraine Crisis, Report Says",,,,0,0,,0,0,"Britain and Europe ‘Sleepwalked’ Into the Ukraine Crisis, Report Says","Britain and Europe ‘Sleepwalked’ Into the Ukraine Crisis, Report Says An analytical failure and a “glaring absence of political oversight” was compounded by a decline in Russia expertise and analysis, the report said. An analytical failure and a “glaring absence of political oversight” was compounded by a decline in Russia expertise and analysis, the report said."
"The 10,000 civilian casualties reported by the United Nations, a record since it began its tallies in 2009, reflects the altered nature of a war in which almost no Western troops are still fighting.",article,nyt://article/8b3b74ee-282a-5e5d-b372-5c8fbb646382,"[{'name': 'Subject', 'value': 'Afghanistan War (2001-14)', 'rank': 1}, {'name': 'Person', 'value': 'Ahmed, Azam', 'rank': 2}, {'name': 'Organization', 'value': 'Taliban', 'rank': 3}, {'name': 'Organization', 'value': 'United Nations', 'rank': 4}, {'name': 'Subject', 'value': 'Civilian Casualties', 'rank': 5}, {'name': 'Location', 'value': 'Afghanistan', 'rank': 6}]",Foreign,8.0,A,2015-02-18 07:21:42+00:00,World,"The 10,000 civilian casualties reported by the United Nations, a record since it began its tallies in 2009, reflects the altered nature of a war in which almost no Western troops are still fighting.",The New York Times,Asia Pacific,News,nyt://article/8b3b74ee-282a-5e5d-b372-5c8fbb646382,https://www.nytimes.com/2015/02/19/world/asia/afghanistan-civilian-casualties-topped-10000-in-2014-un-says.html,651,By Azam Ahmed,"Civilian Toll in Afghan War Rose in 2014, U.N. Reports",,"Civilian Toll in Afghan War Rose in 2014, U.N. Reports",,,,0,0,,0,0,"Civilian Toll in Afghan War Rose in 2014, U.N. Reports","Civilian Toll in Afghan War Rose in 2014, U.N. Reports The 10,000 civilian casualties reported by the United Nations, a record since it began its tallies in 2009, reflects the altered nature of a war in which almost no Western troops are still fighting. The 10,000 civilian casualties reported by the United Nations, a record since it began its tallies in 2009, reflects the altered nature of a war in which almost no Western troops are still fighting."
"At least seven people were said to have been injured in an attack by a young Uighur, which could not be independently confirmed and was not reported by the Chinese news media.",article,nyt://article/bc48ba4e-3d01-5f60-83a5-bd227ff4abfc,"[{'name': 'Person', 'value': 'Forsythe, Michael', 'rank': 1}, {'name': 'Subject', 'value': 'Bombs and Explosives', 'rank': 2}, {'name': 'Location', 'value': 'China', 'rank': 3}, {'name': 'Subject', 'value': 'Uighurs (Chinese Ethnic Group)', 'rank': 4}, {'name': 'Organization', 'value': 'Radio Free Asia', 'rank': 5}, {'name': 'Location', 'value': 'Xinjiang (China)', 'rank': 6}, {'name': 'Location', 'value': 'Hotan (China)', 'rank': 7}, {'name': 'Subject', 'value': 'Terrorism', 'rank': 8}]",Foreign,5.0,A,2015-02-17 09:35:21+00:00,World,"At least seven people were said to have been injured in an attack by a young Uighur, which could not be independently confirmed and was not reported by the Chinese news media.",The New York Times,Asia Pacific,News,nyt://article/bc48ba4e-3d01-5f60-83a5-bd227ff4abfc,https://www.nytimes.com/2015/02/18/world/asia/suicide-bomber-kills-up-to-8-in-xinjiang-radio-free-asia-reports.html,520,By Michael Forsythe,"Suicide Bomber Kills Up to 8 in Xinjiang, Radio Free Asia Reports",,China: Deadly Violence Reported in Xinjiang Region,,,,0,0,,0,0,"Suicide Bomber Kills Up to 8 in Xinjiang, Radio Free Asia Reports","Suicide Bomber Kills Up to 8 in Xinjiang, Radio Free Asia Reports At least seven people were said to have been injured in an attack by a young Uighur, which could not be independently confirmed and was not reported by the Chinese news media. At least seven people were said to have been injured in an attack by a young Uighur, which could not be independently confirmed and was not reported by the Chinese news media."
"The release of the report was deferred after intense lobbying by the country’s newly elected government, which is said to be prepared to cooperate with the investigation.",article,nyt://article/fb42accf-35ec-5ae5-b051-4c1918567bc6,"[{'name': 'Person', 'value': 'Sengupta, Somini', 'rank': 1}, {'name': 'Location', 'value': 'Sri Lanka', 'rank': 2}, {'name': 'Organization', 'value': 'Liberation Tigers of Tamil Eelam', 'rank': 3}, {'name': 'Organization', 'value': 'United Nations', 'rank': 4}, {'name': 'Subject', 'value': 'War Crimes, Genocide and Crimes Against Humanity', 'rank': 5}, {'name': 'Subject', 'value': 'Tamils (Ethnic Group)', 'rank': 6}, {'name': 'Subject', 'value': 'Human Rights and Human Rights Violations', 'rank': 7}, {'name': 'Organization', 'value': 'United Nations Human Rights Council', 'rank': 8}, {'name': 'Person', 'value': ""Zeid Ra'ad Zeid Al Hussein"", 'rank': 9}, {'name': 'Person', 'value': 'Sirisena, Maithripala', 'rank': 10}]",Foreign,4.0,A,2015-02-16 20:11:17+00:00,World,"The release of the report was deferred after intense lobbying by the country’s newly elected government, which is said to be prepared to cooperate with the investigation.",The New York Times,Asia Pacific,News,nyt://article/fb42accf-35ec-5ae5-b051-4c1918567bc6,https://www.nytimes.com/2015/02/17/world/asia/united-nations-postpones-report-possible-war-crimes-sri-lanka.html,638,By Somini Sengupta,U.N. Delays Release of Report on Possible War Crimes in Sri Lanka,,U.N. Grants Sri Lanka Deferral in Inquiry,,,,0,0,,0,0,U.N. Delays Release of Report on Possible War Crimes in Sri Lanka,"U.N. Delays Release of Report on Possible War Crimes in Sri Lanka The release of the report was deferred after intense lobbying by the country’s newly elected government, which is said to be prepared to cooperate with the investigation. The release of the report was deferred after intense lobbying by the country’s newly elected government, which is said to be prepared to cooperate with the investigation."
"On social media, many in Jordan and elsewhere said the news media’s reluctance to treat the shooting in North Carolina as a hate crime was evidence of anti-Muslim bias.",article,nyt://article/8b46258f-e384-56a9-a9ca-e9f6a1a0e08a,"[{'name': 'Location', 'value': 'Jordan', 'rank': 1}, {'name': 'Person', 'value': 'Sweis, Rana F', 'rank': 2}, {'name': 'Subject', 'value': 'Murders, Attempted Murders and Homicides', 'rank': 3}, {'name': 'Location', 'value': 'Chapel Hill (NC)', 'rank': 4}, {'name': 'Location', 'value': 'North Carolina', 'rank': 5}, {'name': 'Subject', 'value': 'Muslims and Islam', 'rank': 6}, {'name': 'Subject', 'value': 'Hate Crimes', 'rank': 7}, {'name': 'Location', 'value': 'United States', 'rank': 8}, {'name': 'Subject', 'value': 'Social Media', 'rank': 9}]",Foreign,8.0,A,2015-02-14 00:30:17+00:00,World,"On social media, many in Jordan and elsewhere said the news media’s reluctance to treat the shooting in North Carolina as a hate crime was evidence of anti-Muslim bias.",The New York Times,Middle East,News,nyt://article/8b46258f-e384-56a9-a9ca-e9f6a1a0e08a,https://www.nytimes.com/2015/02/14/world/middleeast/online-commenters-see-reporting-bias-in-killing-of-3-muslims.html,648,By Rana F. Sweis,Jordanians See U.S. Reporting Bias in Coverage of Student Killings,,Jordanians See U.S. Reporting Bias in Coverage of Student Killings,,,,0,0,,0,0,Jordanians See U.S. Reporting Bias in Coverage of Student Killings,"Jordanians See U.S. Reporting Bias in Coverage of Student Killings On social media, many in Jordan and elsewhere said the news media’s reluctance to treat the shooting in North Carolina as a hate crime was evidence of anti-Muslim bias. On social media, many in Jordan and elsewhere said the news media’s reluctance to treat the shooting in North Carolina as a hate crime was evidence of anti-Muslim bias."
"Those sentenced were either family members or supporters of Long Baorong, who died in 2012 after being jailed following attempts to expose corruption.",article,nyt://article/54adb328-2ad4-51d1-b3bf-4ed742bc1a10,"[{'name': 'Location', 'value': 'China', 'rank': 1}, {'name': 'Person', 'value': 'Wong, Edward', 'rank': 2}, {'name': '', 'value': '', 'rank': 3}, {'name': 'Subject', 'value': 'Corruption (Institutional)', 'rank': 4}, {'name': 'Subject', 'value': 'Law and Legislation', 'rank': 5}, {'name': 'Person', 'value': 'Xi Jinping', 'rank': 6}, {'name': 'Subject', 'value': 'Hmong Tribe', 'rank': 7}, {'name': 'Subject', 'value': 'Prisons and Prisoners', 'rank': 8}, {'name': 'Subject', 'value': 'Sentences (Criminal)', 'rank': 9}, {'name': 'Person', 'value': 'Long Baorong', 'rank': 10}]",Foreign,5.0,A,2015-02-12 12:24:11+00:00,World,"Those sentenced were either family members or supporters of Long Baorong, who died in 2012 after being jailed following attempts to expose corruption.",The New York Times,Asia Pacific,News,nyt://article/54adb328-2ad4-51d1-b3bf-4ed742bc1a10,https://www.nytimes.com/2015/02/13/world/asia/27-affiliated-with-former-official-given-prison-terms-in-southern-china.html,523,By Edward Wong,China Sentences 27 Linked to Official Who Reported Graft ,,China Sentences 27 Linked to Official Who Reported Graft,,,,0,0,,0,0,China Sentences 27 Linked to Official Who Reported Graft,"China Sentences 27 Linked to Official Who Reported Graft Those sentenced were either family members or supporters of Long Baorong, who died in 2012 after being jailed following attempts to expose corruption. Those sentenced were either family members or supporters of Long Baorong, who died in 2012 after being jailed following attempts to expose corruption."
"In addition to visiting the White House, Mr. Xi will go to New York for events marking the 70th anniversary of the United Nations’ founding, the state media report said.",article,nyt://article/a945b311-cf95-5708-baca-604856d46ccf,"[{'name': 'Person', 'value': 'Xi Jinping', 'rank': 1}, {'name': 'Person', 'value': 'Forsythe, Michael', 'rank': 2}, {'name': 'Location', 'value': 'China', 'rank': 3}, {'name': 'Person', 'value': 'Obama, Barack', 'rank': 4}, {'name': 'Subject', 'value': 'International Relations', 'rank': 5}]",Foreign,8.0,A,2015-02-11 08:57:24+00:00,World,"In addition to visiting the White House, Mr. Xi will go to New York for events marking the 70th anniversary of the United Nations’ founding, the state media report said.",The New York Times,Asia Pacific,News,nyt://article/a945b311-cf95-5708-baca-604856d46ccf,https://www.nytimes.com/2015/02/12/world/asia/china-president-xi-jinping-state-visit-to-us.html,228,By Michael Forsythe,"President Xi Jinping to Visit U.S. in September, Chinese Agency Reports",,China: President Xi Plans to Visit U.S. in September,,,,0,0,,0,0,"President Xi Jinping to Visit U.S. in September, Chinese Agency Reports","President Xi Jinping to Visit U.S. in September, Chinese Agency Reports In addition to visiting the White House, Mr. Xi will go to New York for events marking the 70th anniversary of the United Nations’ founding, the state media report said. In addition to visiting the White House, Mr. Xi will go to New York for events marking the 70th anniversary of the United Nations’ founding, the state media report said."
"Negotiators meeting in Belarus were said to have reached a tentative deal on Tuesday night, according to news reports.",article,nyt://article/ec04ac1c-0480-5285-9abe-23be749c4416,"[{'name': 'Location', 'value': 'Ukraine', 'rank': 1}, {'name': 'Location', 'value': 'Russia', 'rank': 2}, {'name': 'Location', 'value': 'Germany', 'rank': 3}, {'name': 'Location', 'value': 'France', 'rank': 4}, {'name': 'Person', 'value': 'Poroshenko, Petro Olekseyevich', 'rank': 5}, {'name': 'Person', 'value': 'Pushilin, Denis', 'rank': 6}, {'name': 'Person', 'value': 'Putin, Vladimir V', 'rank': 7}, {'name': 'Organization', 'value': 'Organization for Security and Cooperation in Europe', 'rank': 8}]",Foreign,,,2015-02-10 22:03:25+00:00,World,"Negotiators meeting in Belarus were said to have reached a tentative deal on Tuesday night, according to news reports.",The New York Times,Europe,News,nyt://article/ec04ac1c-0480-5285-9abe-23be749c4416,https://www.nytimes.com/2015/02/11/world/europe/agreement-on-deal-for-ukraine-cease-fire-is-reported.html,779,By David M. Herszenhorn,Agreement on Ukraine Cease-Fire Deal Is Reported,,Agreement on Ukraine Cease-Fire Deal Is Reported,,,,0,0,,0,0,Agreement on Ukraine Cease-Fire Deal Is Reported,"Agreement on Ukraine Cease-Fire Deal Is Reported Negotiators meeting in Belarus were said to have reached a tentative deal on Tuesday night, according to news reports. Negotiators meeting in Belarus were said to have reached a tentative deal on Tuesday night, according to news reports."
"Educational institutions, teachers and students have been targeted despite legal protections of gender equality, a report finds.",article,nyt://article/63f3edc7-c26b-544d-85c3-d96d78d4248e,"[{'name': 'Subject', 'value': 'Women and Girls', 'rank': 1}, {'name': 'Person', 'value': 'Gladstone, Rick', 'rank': 2}, {'name': 'Subject', 'value': 'Education (K-12)', 'rank': 3}, {'name': 'Organization', 'value': 'United Nations', 'rank': 4}, {'name': 'Subject', 'value': 'Terrorism', 'rank': 5}, {'name': 'Subject', 'value': ""Women's Rights"", 'rank': 6}, {'name': 'Organization', 'value': 'Boko Haram', 'rank': 7}, {'name': 'Organization', 'value': 'United Nations Human Rights Council', 'rank': 8}, {'name': 'Subject', 'value': 'Human Rights and Human Rights Violations', 'rank': 9}, {'name': 'Location', 'value': 'Pakistan', 'rank': 10}, {'name': 'Location', 'value': 'Nigeria', 'rank': 11}]",Foreign,7.0,A,2015-02-10 01:50:51+00:00,World,"Educational institutions, teachers and students have been targeted despite legal protections of gender equality, a report finds.",The New York Times,,News,nyt://article/63f3edc7-c26b-544d-85c3-d96d78d4248e,https://www.nytimes.com/2015/02/10/world/schoolgirls-are-facing-more-threats-united-nations-reports.html,584,By Rick Gladstone,"Schoolgirls Are Facing More Threats, U.N. Reports ",,"Schoolgirls Are Facing More Threats, U.N. Reports",,,,0,0,,0,0,"Schoolgirls Are Facing More Threats, U.N. Reports","Schoolgirls Are Facing More Threats, U.N. Reports Educational institutions, teachers and students have been targeted despite legal protections of gender equality, a report finds. Educational institutions, teachers and students have been targeted despite legal protections of gender equality, a report finds."
A report by the British government found a culture of cover-ups and bullying that allowed a sexual abuse ring to exist from 1997 to 2013.,article,nyt://article/dafecc47-c55b-53d4-9a52-50590d68215a,"[{'name': 'Person', 'value': 'Erlanger, Steven', 'rank': 1}, {'name': 'Location', 'value': 'Rotherham (England)', 'rank': 2}, {'name': 'Subject', 'value': 'Sex Crimes', 'rank': 3}, {'name': 'Subject', 'value': 'Child Abuse and Neglect', 'rank': 4}, {'name': 'Location', 'value': 'Great Britain', 'rank': 5}, {'name': 'Location', 'value': 'Pakistan', 'rank': 6}, {'name': 'Person', 'value': 'Wright, Shaun', 'rank': 7}, {'name': 'Person', 'value': 'Lakin, Paul M', 'rank': 8}]",Foreign,8.0,A,2015-02-04 20:32:51+00:00,World,A report by the British government found a culture of cover-ups and bullying that allowed a sexual abuse ring to exist from 1997 to 2013.,The New York Times,Europe,News,nyt://article/dafecc47-c55b-53d4-9a52-50590d68215a,https://www.nytimes.com/2015/02/05/world/europe/britain-child-abuse-scandal-rotherham-city-council.html,519,By Steven Erlanger,Britain Condemns Leaders in Town of Rotherham for Ignoring Reports of Child Abuse,,Local Council Blamed by British Panel for Ignoring Reports of Child Abuse,The Rotherham Metropolitan Borough Council offices on Wednesday after officials resigned.,Darren Staples/Reuters,https://static01.nyt.com/images/2015/02/05/world/05BRITAIN/05BRITAIN-articleLarge.jpg,343,600,https://static01.nyt.com/images/2015/02/05/world/05BRITAIN/05BRITAIN-thumbStandard.jpg,75,75,Britain Condemns Leaders in Town of Rotherham for Ignoring Reports of Child Abuse,Britain Condemns Leaders in Town of Rotherham for Ignoring Reports of Child Abuse A report by the British government found a culture of cover-ups and bullying that allowed a sexual abuse ring to exist from 1997 to 2013. A report by the British government found a culture of cover-ups and bullying that allowed a sexual abuse ring to exist from 1997 to 2013.
The United Nations World Food Program was responding to reports that the Islamic State was distributing its aid bags but rebranded with the militants’ logo.,article,nyt://article/4e6bd4c5-2bad-5b06-bf62-c4108b94b08d,"[{'name': 'Location', 'value': 'Syria', 'rank': 1}, {'name': 'Person', 'value': 'Cumming-Bruce, Nick', 'rank': 2}, {'name': 'Organization', 'value': 'United Nations', 'rank': 3}, {'name': 'Organization', 'value': 'Islamic State in Iraq and Syria (ISIS)', 'rank': 4}, {'name': 'Subject', 'value': 'Food Aid', 'rank': 5}, {'name': 'Subject', 'value': 'Humanitarian Aid', 'rank': 6}, {'name': 'Organization', 'value': 'World Food Program', 'rank': 7}, {'name': 'Organization', 'value': 'Syrian Arab Red Crescent', 'rank': 8}]",Foreign,11.0,A,2015-02-03 20:15:36+00:00,World,The United Nations World Food Program was responding to reports that the Islamic State was distributing its aid bags but rebranded with the militants’ logo.,The New York Times,Middle East,News,nyt://article/4e6bd4c5-2bad-5b06-bf62-c4108b94b08d,https://www.nytimes.com/2015/02/04/world/middleeast/un-concerned-about-reports-that-food-aid-to-syria-is-in-isis-hands.html,338,By Nick Cumming-Bruce,U.N. Concerned About Reports That Food Aid to Syria Is in ISIS Hands,,Syria: U.N. Agency Expresses Concern That ISIS Is Distributing Its Food Aid,,,,0,0,,0,0,U.N. Concerned About Reports That Food Aid to Syria Is in ISIS Hands,U.N. Concerned About Reports That Food Aid to Syria Is in ISIS Hands The United Nations World Food Program was responding to reports that the Islamic State was distributing its aid bags but rebranded with the militants’ logo. The United Nations World Food Program was responding to reports that the Islamic State was distributing its aid bags but rebranded with the militants’ logo.
"Cuba’s former leader Fidel Castro met with Frei Betto, a Brazilian intellectual, this week, the first such meeting reported in the state-run Cuban news media since a recent swell of rumors that he was dead.",article,nyt://article/995b587d-f557-59da-aa19-4b509592bf9d,"[{'name': 'Location', 'value': 'Cuba', 'rank': 1}, {'name': 'Person', 'value': 'Burnett, Victoria', 'rank': 2}, {'name': 'Person', 'value': 'Castro, Fidel', 'rank': 3}, {'name': 'Person', 'value': 'Betto, Frei', 'rank': 4}, {'name': 'Location', 'value': 'Brazil', 'rank': 5}, {'name': 'Subject', 'value': 'Books and Literature', 'rank': 6}]",Foreign,8.0,A,2015-01-29 03:18:41+00:00,World,"Cuba’s former leader Fidel Castro met with Frei Betto, a Brazilian intellectual, this week, the first such meeting reported in the state-run Cuban news media since a recent swell of rumors that he was dead.",The New York Times,Americas,Brief,nyt://article/995b587d-f557-59da-aa19-4b509592bf9d,https://www.nytimes.com/2015/01/29/world/americas/cuba-party-paper-reports-on-meeting-of-fidel-castro-and-brazilian-author.html,135,By Victoria Burnett,Cuba: Party Paper Reports on Meeting of Fidel Castro and Brazilian Author,World Briefing,Cuba: Party Paper Reports on Meeting of Fidel Castro and Brazilian Author,,,,0,0,,0,0,Cuba: Party Paper Reports on Meeting of Fidel Castro and Brazilian Author,"Cuba: Party Paper Reports on Meeting of Fidel Castro and Brazilian Author Cuba’s former leader Fidel Castro met with Frei Betto, a Brazilian intellectual, this week, the first such meeting reported in the state-run Cuban news media since a recent swell of rumors that he was dead. Cuba’s former leader Fidel Castro met with Frei Betto, a Brazilian intellectual, this week, the first such meeting reported in the state-run Cuban news media since a recent swell of rumors that he was dead."
A document leaked by Edward J. Snowden outlines an effort by the Canadian electronic spying agency to detect possible extremists; some privacy experts expressed concerns.,article,nyt://article/4cd4dbad-c97e-5fb8-9af9-ff748bb20265,"[{'name': 'Subject', 'value': 'Surveillance of Citizens by Government', 'rank': 1}, {'name': 'Person', 'value': 'Austen, Ian', 'rank': 2}, {'name': 'Location', 'value': 'Canada', 'rank': 3}, {'name': 'Person', 'value': 'Snowden, Edward J', 'rank': 4}, {'name': 'Organization', 'value': 'Communications Security Establishment Canada', 'rank': 5}, {'name': 'Subject', 'value': 'Terrorism', 'rank': 6}, {'name': 'Subject', 'value': 'Computers and the Internet', 'rank': 7}, {'name': 'Organization', 'value': 'Canadian Broadcasting Corp', 'rank': 8}, {'name': 'Organization', 'value': 'National Security Agency', 'rank': 9}, {'name': 'Location', 'value': 'United States', 'rank': 10}, {'name': 'Keyword', 'value': 'Levitation', 'rank': 11}]",Foreign,13.0,A,2015-01-29 03:02:37+00:00,World,A document leaked by Edward J. Snowden outlines an effort by the Canadian electronic spying agency to detect possible extremists; some privacy experts expressed concerns.,The New York Times,Americas,News,nyt://article/4cd4dbad-c97e-5fb8-9af9-ff748bb20265,https://www.nytimes.com/2015/01/29/world/americas/canada-agency-monitors-file-sharing-reports-say.html,511,By Ian Austen,"Canada Agency Monitors File-Sharing, Reports Say",,"Canada Agency Monitors File-Sharing, Reports Say",,,,0,0,,0,0,"Canada Agency Monitors File-Sharing, Reports Say","Canada Agency Monitors File-Sharing, Reports Say A document leaked by Edward J. Snowden outlines an effort by the Canadian electronic spying agency to detect possible extremists; some privacy experts expressed concerns. A document leaked by Edward J. Snowden outlines an effort by the Canadian electronic spying agency to detect possible extremists; some privacy experts expressed concerns."
"The report, “My Life Is Too Dark to See the Light,” draws on interviews with 70 people, most of whom left their rural hometowns to live in more liberal-minded cities, like Beijing and Shanghai, where they engage in sex work to make a living.",article,nyt://article/4f7a89fa-c397-5811-92a8-0e5ddcb8a2f0,"[{'name': 'Organization', 'value': 'Asia Catalyst', 'rank': 1}, {'name': 'Subject', 'value': 'Discrimination', 'rank': 2}, {'name': 'Subject', 'value': 'Prostitution', 'rank': 3}, {'name': 'Subject', 'value': 'Transgender and Transsexuals', 'rank': 4}, {'name': 'Organization', 'value': 'Asia Catalyst', 'rank': 5}, {'name': 'Location', 'value': 'Beijing (China)', 'rank': 6}, {'name': 'Location', 'value': 'China', 'rank': 7}, {'name': 'Location', 'value': 'Shanghai (China)', 'rank': 8}]",Foreign,,,2015-01-27 23:00:52+00:00,World,"The report, “My Life Is Too Dark to See the Light,” draws on interviews with 70 people, most of whom left their rural hometowns to live in more liberal-minded cities, like Beijing and Shanghai, where they engage in sex work to make a living.",The New York Times,Asia Pacific,News,nyt://article/4f7a89fa-c397-5811-92a8-0e5ddcb8a2f0,https://sinosphere.blogs.nytimes.com/2015/01/27/report-sheds-light-on-transgender-sex-workers-in-china/,838,By Jess Macy Yu,Report Sheds Light on Transgender Sex Workers in China,Sinosphere,,"Piao Piao found it hard to find a mainstream job in Beijing, so she became an entertainer in bars and a sex worker.",The New York Times,https://static01.nyt.com/images/2015/01/23/blogs/23sino-transgender02/23sino-transgender02-articleLarge.jpg,400,600,https://static01.nyt.com/images/2015/01/23/blogs/23sino-transgender02/23sino-transgender02-thumbStandard.jpg,75,75,Report Sheds Light on Transgender Sex Workers in China,"Report Sheds Light on Transgender Sex Workers in China The report, “My Life Is Too Dark to See the Light,” draws on interviews with 70 people, most of whom left their rural hometowns to live in more liberal-minded cities, like Beijing and Shanghai, where they engage in sex work to make a living. The report, “My Life Is Too Dark to See the Light,” draws on interviews with 70 people, most of whom left their rural hometowns to live in more liberal-minded cities, like Beijing and Shanghai, where they engage in sex work to make a living."
"Damián Pachter, who broke the story of the death of an official investigating the bombing of a Jewish center, said he was being followed.",article,nyt://article/50efabf0-a7a3-567a-8eed-b7f77806e30d,"[{'name': 'Person', 'value': 'Pachter, Damian', 'rank': 1}, {'name': 'Location', 'value': 'Buenos Aires (Argentina)', 'rank': 2}, {'name': 'Organization', 'value': 'Haaretz', 'rank': 3}, {'name': 'Organization', 'value': 'Hezbollah', 'rank': 4}, {'name': 'Person', 'value': 'Kirchner, Cristina Fernandez de', 'rank': 5}, {'name': 'Person', 'value': 'Cobos, Julio', 'rank': 6}, {'name': 'Person', 'value': 'Nisman, Alberto', 'rank': 7}, {'name': 'Location', 'value': 'Israel', 'rank': 8}, {'name': 'Location', 'value': 'Argentina', 'rank': 9}]",Foreign,,,2015-01-26 13:29:05+00:00,World,"Damián Pachter, who broke the story of the death of an official investigating the bombing of a Jewish center, said he was being followed.",The New York Times,Americas,News,nyt://article/50efabf0-a7a3-567a-8eed-b7f77806e30d,https://www.nytimes.com/2015/01/27/world/americas/journalist-damian-pachter-in-argentina-fearing-for-his-safety-flees-to-israel.html,587,By Isabel Kershner,Journalist Who Reported on Argentine Prosecutor’s Death Flees to Israel,,Journalist Who Reported on Argentine Prosecutor’s Death Flees to Israel,"Damián Pachter, a journalist who fled Argentina after reporting on the death of a prosecutor investigating the 1994 bombing of a Jewish center in Buenos Aires, arrived in Israel on Monday.",Amir Cohen/Reuters,https://static01.nyt.com/images/2015/01/27/world/27argentina/27argentina-articleLarge-v2.jpg,801,600,https://static01.nyt.com/images/2015/01/27/world/27argentina/27argentina-thumbStandard.jpg,75,75,Journalist Who Reported on Argentine Prosecutor’s Death Flees to Israel,"Journalist Who Reported on Argentine Prosecutor’s Death Flees to Israel Damián Pachter, who broke the story of the death of an official investigating the bombing of a Jewish center, said he was being followed. Damián Pachter, who broke the story of the death of an official investigating the bombing of a Jewish center, said he was being followed."
Mayor Anne Hidalgo announced plans to take legal action against Fox News for inaccurate reports that areas of her city are Muslim-ruled enclaves.,article,nyt://article/7a3b6fcd-e5e8-5c0c-940a-a88dc839107a,"[{'name': 'Person', 'value': 'Hidalgo, Anne (1959- )', 'rank': 1}, {'name': 'Location', 'value': 'Paris (France)', 'rank': 2}, {'name': 'Person', 'value': 'Jindal, Bobby', 'rank': 3}, {'name': 'Person', 'value': 'de Blasio, Bill', 'rank': 4}, {'name': 'Subject', 'value': 'Suits and Litigation (Civil)', 'rank': 5}, {'name': 'Subject', 'value': 'Terrorism', 'rank': 6}, {'name': 'Subject', 'value': 'Conservatism (US Politics)', 'rank': 7}, {'name': 'Organization', 'value': 'Fox News Channel', 'rank': 8}, {'name': 'Subject', 'value': 'Freedom of the Press', 'rank': 9}]",Foreign,,,2015-01-21 04:01:24+00:00,World,Mayor Anne Hidalgo announced plans to take legal action against Fox News for inaccurate reports that areas of her city are Muslim-ruled enclaves.,The New York Times,Europe,News,nyt://article/7a3b6fcd-e5e8-5c0c-940a-a88dc839107a,https://www.nytimes.com/2015/01/21/world/europe/paris-mayor-plans-to-sue-over-news-of-no-go-zones.html,1056,By Robert Mackey,Paris Mayor Plans to Sue Fox Over False Reports of ‘No-Go Zones’,Open Source,,Mayor Anne Hidalgo of Paris on Jan. 9.,Eric Feferberg/Agence France-Presse — Getty Images,https://static01.nyt.com/images/2015/01/21/world/europe/21open_hidalgo/21open_hidalgo-articleLarge.jpg,931,600,https://static01.nyt.com/images/2015/01/21/world/europe/21open_hidalgo/21open_hidalgo-thumbStandard.jpg,75,75,Paris Mayor Plans to Sue Fox Over False Reports of ‘No-Go Zones’,Paris Mayor Plans to Sue Fox Over False Reports of ‘No-Go Zones’ Mayor Anne Hidalgo announced plans to take legal action against Fox News for inaccurate reports that areas of her city are Muslim-ruled enclaves. Mayor Anne Hidalgo announced plans to take legal action against Fox News for inaccurate reports that areas of her city are Muslim-ruled enclaves.
"Years before a scathing Senate report, an internal review found that the C.I.A. had repeatedly overstated the value of intelligence gained from brutal interrogation techniques.",article,nyt://article/bdcae33a-2ce7-55d4-a8f9-910ba7dca482,"[{'name': 'Subject', 'value': 'Detainees', 'rank': 1}, {'name': 'Person', 'value': 'Mazzetti, Mark', 'rank': 2}, {'name': 'Subject', 'value': 'Torture', 'rank': 3}, {'name': 'Subject', 'value': 'Interrogations', 'rank': 4}, {'name': 'Organization', 'value': 'Central Intelligence Agency', 'rank': 5}, {'name': 'Organization', 'value': 'Senate Committee on Intelligence', 'rank': 6}, {'name': 'Person', 'value': 'Panetta, Leon E', 'rank': 7}, {'name': 'Person', 'value': 'Burr, Richard M', 'rank': 8}, {'name': 'Person', 'value': 'Buckley, David B', 'rank': 9}]",Foreign,7.0,A,2015-01-21 01:58:33+00:00,World,"Years before a scathing Senate report, an internal review found that the C.I.A. had repeatedly overstated the value of intelligence gained from brutal interrogation techniques.",The New York Times,,News,nyt://article/bdcae33a-2ce7-55d4-a8f9-910ba7dca482,https://www.nytimes.com/2015/01/21/world/cia-report-found-value-of-brutal-interrogation-was-inflated.html,1083,By Mark Mazzetti,C.I.A. Report Found Value of Brutal Interrogation Was Inflated,,C.I.A. Report Found Value of Brutal Interrogation Was Inflated,Details of the C.I.A.’s internal review have emerged amid a partisan battle over one of the nation’s most polarizing chapters.,Saul Loeb/Agence France-Presse — Getty Images,https://static01.nyt.com/images/2015/01/21/world/INTEL/INTEL-articleLarge.jpg,400,600,https://static01.nyt.com/images/2015/01/21/world/INTEL/INTEL-thumbStandard.jpg,75,75,C.I.A. Report Found Value of Brutal Interrogation Was Inflated,"C.I.A. Report Found Value of Brutal Interrogation Was Inflated Years before a scathing Senate report, an internal review found that the C.I.A. had repeatedly overstated the value of intelligence gained from brutal interrogation techniques. Years before a scathing Senate report, an internal review found that the C.I.A. had repeatedly overstated the value of intelligence gained from brutal interrogation techniques."
"The deaths were among serious cases of H7N9 avian flu in humans confirmed by China, the World Health Organization reported Monday.",article,nyt://article/a4ad66fd-82e3-5c93-9aa3-5e90713731fe,"[{'name': 'Person', 'value': 'McNeil, Donald G Jr', 'rank': 1}, {'name': 'Subject', 'value': 'Avian Influenza', 'rank': 2}, {'name': 'Location', 'value': 'China', 'rank': 3}, {'name': 'Organization', 'value': 'World Health Organization', 'rank': 4}, {'name': 'Subject', 'value': 'Deaths (Fatalities)', 'rank': 5}]",Foreign,7.0,A,2015-01-20 02:50:56+00:00,World,"The deaths were among serious cases of H7N9 avian flu in humans confirmed by China, the World Health Organization reported Monday.",The New York Times,Asia Pacific,Brief,nyt://article/a4ad66fd-82e3-5c93-9aa3-5e90713731fe,https://www.nytimes.com/2015/01/20/world/asia/china-who-reports-3-deaths-among-bird-flu-cases-in-humans.html,146,By Donald G. McNeil Jr.,China: W.H.O. Reports 3 Deaths Among Bird Flu Cases in Humans,World Briefing,China: W.H.O. Reports 3 Deaths Among Bird Flu Cases in Humans,,,,0,0,,0,0,China: W.H.O. Reports 3 Deaths Among Bird Flu Cases in Humans,"China: W.H.O. Reports 3 Deaths Among Bird Flu Cases in Humans The deaths were among serious cases of H7N9 avian flu in humans confirmed by China, the World Health Organization reported Monday. The deaths were among serious cases of H7N9 avian flu in humans confirmed by China, the World Health Organization reported Monday."
"The shooting in the Guangxi region occurred when a van carrying five Uighurs refused to stop and members of the group resisted arrest with knives, the state news media reported.",article,nyt://article/f775887c-f7b8-57c0-afd7-33f4a178d33e,"[{'name': 'Person', 'value': 'Buckley, Chris', 'rank': 1}, {'name': 'Location', 'value': 'China', 'rank': 2}, {'name': 'Subject', 'value': 'Uighurs (Chinese Ethnic Group)', 'rank': 3}, {'name': 'Location', 'value': 'Vietnam', 'rank': 4}, {'name': 'Location', 'value': 'Guangxi (China)', 'rank': 5}, {'name': 'Subject', 'value': 'Deaths (Fatalities)', 'rank': 6}, {'name': 'Subject', 'value': 'Police Brutality, Misconduct and Shootings', 'rank': 7}, {'name': 'Organization', 'value': ""Ministry of Public Security of the People's Republic of China"", 'rank': 8}, {'name': 'Location', 'value': 'Xinjiang (China)', 'rank': 9}]",Foreign,6.0,A,2015-01-19 05:39:26+00:00,World,"The shooting in the Guangxi region occurred when a van carrying five Uighurs refused to stop and members of the group resisted arrest with knives, the state news media reported.",The New York Times,Asia Pacific,News,nyt://article/f775887c-f7b8-57c0-afd7-33f4a178d33e,https://www.nytimes.com/2015/01/20/world/asia/chinese-police-kill-2-uighurs-fleeing-to-vietnam-reports-say.html,407,By Chris Buckley,"Chinese Police Kill 2 Uighurs Fleeing to Vietnam, Reports Say",,China: Officers Kill 2 Fleeing Uighurs,,,,0,0,,0,0,"Chinese Police Kill 2 Uighurs Fleeing to Vietnam, Reports Say","Chinese Police Kill 2 Uighurs Fleeing to Vietnam, Reports Say The shooting in the Guangxi region occurred when a van carrying five Uighurs refused to stop and members of the group resisted arrest with knives, the state news media reported. The shooting in the Guangxi region occurred when a van carrying five Uighurs refused to stop and members of the group resisted arrest with knives, the state news media reported."
The health and veterinary authorities on Friday reported outbreaks of avian flu hundreds of miles apart on opposite ends of Nigeria.,article,nyt://article/59dd0c45-c368-5ba6-894a-4d780509173e,"[{'name': 'Location', 'value': 'Nigeria', 'rank': 1}, {'name': 'Person', 'value': 'Gladstone, Rick', 'rank': 2}, {'name': 'Subject', 'value': 'Avian Influenza', 'rank': 3}, {'name': 'Organization', 'value': 'World Health Organization', 'rank': 4}]",Foreign,10.0,A,2015-01-17 03:52:46+00:00,World,The health and veterinary authorities on Friday reported outbreaks of avian flu hundreds of miles apart on opposite ends of Nigeria.,The New York Times,Africa,Brief,nyt://article/59dd0c45-c368-5ba6-894a-4d780509173e,https://www.nytimes.com/2015/01/17/world/africa/nigeria-2-regions-report-new-outbreaks-of-bird-flu.html,167,By Rick Gladstone,Nigeria: 2 Regions Report New Outbreaks of Bird Flu,,Nigeria: 2 Regions Report New Outbreaks of Bird Flu,,,,0,0,,0,0,Nigeria: 2 Regions Report New Outbreaks of Bird Flu,Nigeria: 2 Regions Report New Outbreaks of Bird Flu The health and veterinary authorities on Friday reported outbreaks of avian flu hundreds of miles apart on opposite ends of Nigeria. The health and veterinary authorities on Friday reported outbreaks of avian flu hundreds of miles apart on opposite ends of Nigeria.
Highlights from the International Herald Tribune archives: 1965: Swedes report Soviet nuclear blast,article,nyt://article/9470d8af-d8d3-5b85-8cb3-833f32d56082,"[{'name': 'Subject', 'value': 'Bombs and Explosives', 'rank': 1}, {'name': 'Organization', 'value': 'Atomic Energy Commission', 'rank': 2}, {'name': 'Location', 'value': 'Uppsala (Sweden)', 'rank': 3}, {'name': 'Location', 'value': 'USSR (Former Soviet Union)', 'rank': 4}]",Foreign,,,2015-01-16 17:40:27+00:00,World,Highlights from the International Herald Tribune archives: 1965: Swedes report Soviet nuclear blast,The New York Times,,News,nyt://article/9470d8af-d8d3-5b85-8cb3-833f32d56082,https://iht-retrospective.blogs.nytimes.com/2015/01/16/1965-swedes-report-soviet-blast/,158,By International Herald Tribune,1965: Swedes Report Soviet Blast,IHT Retrospective,,,,,0,0,,0,0,1965: Swedes Report Soviet Blast,1965: Swedes Report Soviet Blast Highlights from the International Herald Tribune archives: 1965: Swedes report Soviet nuclear blast Highlights from the International Herald Tribune archives: 1965: Swedes report Soviet nuclear blast
The report by the PEN American Center cites developments that it says amount to an alarming erosion of Hong Kong’s tradition of freewheeling news media.,article,nyt://article/4a4aa82d-2ebc-5517-8066-41cf05f449f6,"[{'name': 'Location', 'value': 'Hong Kong', 'rank': 1}, {'name': 'Person', 'value': 'Buckley, Chris', 'rank': 2}, {'name': 'Subject', 'value': 'Freedom of the Press', 'rank': 3}, {'name': 'Person', 'value': 'Forsythe, Michael', 'rank': 4}, {'name': 'Organization', 'value': 'PEN American Center', 'rank': 5}, {'name': 'Organization', 'value': 'Apple Daily', 'rank': 6}, {'name': 'Person', 'value': 'Lai, Jimmy', 'rank': 7}]",Foreign,10.0,A,2015-01-16 06:26:45+00:00,World,The report by the PEN American Center cites developments that it says amount to an alarming erosion of Hong Kong’s tradition of freewheeling news media.,The New York Times,Asia Pacific,News,nyt://article/4a4aa82d-2ebc-5517-8066-41cf05f449f6,https://www.nytimes.com/2015/01/17/world/asia/press-freedom-in-hong-kong-under-threat-report-says.html,749,By Chris Buckley and Michael Forsythe,"Press Freedom in Hong Kong Under Threat, Report Says",,"Hong Kong: Press Freedom Threatened, Report Says",Supporters held yellow umbrellas as student protest leaders arrived at police headquarters in Hong Kong on Friday.,Tyrone Siu/Reuters,https://static01.nyt.com/images/2015/01/17/world/17hongkong01/17hongkong01-articleLarge.jpg,400,600,https://static01.nyt.com/images/2015/01/17/world/17hongkong01/17hongkong01-thumbStandard.jpg,75,75,"Press Freedom in Hong Kong Under Threat, Report Says","Press Freedom in Hong Kong Under Threat, Report Says The report by the PEN American Center cites developments that it says amount to an alarming erosion of Hong Kong’s tradition of freewheeling news media. The report by the PEN American Center cites developments that it says amount to an alarming erosion of Hong Kong’s tradition of freewheeling news media."
Some of the prisoners were believed to be among 53 that Cuba had agreed to free last month as part of a thaw with the United States.,article,nyt://article/acb32edf-7cf3-5ae9-befd-8ae6439bcf30,"[{'name': 'Location', 'value': 'Cuba', 'rank': 1}, {'name': 'Person', 'value': 'Archibold, Randal C', 'rank': 2}, {'name': 'Subject', 'value': 'Political Prisoners', 'rank': 3}, {'name': 'Subject', 'value': 'United States International Relations', 'rank': 4}]",Foreign,6.0,A,2015-01-09 02:55:55+00:00,World,Some of the prisoners were believed to be among 53 that Cuba had agreed to free last month as part of a thaw with the United States.,The New York Times,Americas,News,nyt://article/acb32edf-7cf3-5ae9-befd-8ae6439bcf30,https://www.nytimes.com/2015/01/09/world/americas/cuba-is-reported-to-release-26-dissidents.html,508,By Randal C. Archibold,Cuba Is Reported to Release 26 Dissidents,,Cuba: More Than Two Dozen Dissidents Are Released,,,,0,0,,0,0,Cuba Is Reported to Release 26 Dissidents,Cuba Is Reported to Release 26 Dissidents Some of the prisoners were believed to be among 53 that Cuba had agreed to free last month as part of a thaw with the United States. Some of the prisoners were believed to be among 53 that Cuba had agreed to free last month as part of a thaw with the United States.
The Sri Lankan election commissioner said he had received complaints about the deployment of troops in the former conflict zones in the north and east of the country.,article,nyt://article/2d882713-98e7-516a-8001-920c97905c5f,"[{'name': 'Location', 'value': 'Sri Lanka', 'rank': 1}, {'name': '', 'value': '', 'rank': 2}, {'name': 'Person', 'value': 'Rajapaksa, Mahinda', 'rank': 3}, {'name': 'Person', 'value': 'Sirisena, Maithripala', 'rank': 4}, {'name': 'Subject', 'value': 'Defense and Military Forces', 'rank': 5}, {'name': 'Subject', 'value': 'Elections', 'rank': 6}]",Foreign,8.0,A,2015-01-07 19:51:37+00:00,World,The Sri Lankan election commissioner said he had received complaints about the deployment of troops in the former conflict zones in the north and east of the country.,The New York Times,Asia Pacific,News,nyt://article/2d882713-98e7-516a-8001-920c97905c5f,https://www.nytimes.com/2015/01/08/world/asia/reports-of-army-deployment-in-sri-lanka-investigated-ahead-of-election.html,381,By Dharisha Bastians,Reports of Army Deployment in Sri Lanka Investigated Ahead of Election,,Sri Lanka: Officials Investigating Reports on Troops Before Election,,,,0,0,,0,0,Reports of Army Deployment in Sri Lanka Investigated Ahead of Election,Reports of Army Deployment in Sri Lanka Investigated Ahead of Election The Sri Lankan election commissioner said he had received complaints about the deployment of troops in the former conflict zones in the north and east of the country. The Sri Lankan election commissioner said he had received complaints about the deployment of troops in the former conflict zones in the north and east of the country.
The United States military has begun looking into two instances in which coalition airstrikes against the Sunni militancy known as the Islamic State may have inadvertently hit civilians.,article,nyt://article/7a2ee11a-952f-5e97-a2a8-32104712162f,"[{'name': 'Subject', 'value': 'Civilian Casualties', 'rank': 1}, {'name': 'Person', 'value': 'Cooper, Helene', 'rank': 2}, {'name': 'Organization', 'value': 'Islamic State in Iraq and Syria (ISIS)', 'rank': 3}, {'name': 'Location', 'value': 'Iraq', 'rank': 4}, {'name': 'Location', 'value': 'Syria', 'rank': 5}, {'name': 'Subject', 'value': 'United States Defense and Military Forces', 'rank': 6}, {'name': 'Organization', 'value': 'United States Central Command', 'rank': 7}, {'name': 'Organization', 'value': 'Defense Department', 'rank': 8}]",Foreign,9.0,A,2015-01-07 03:23:21+00:00,World,The United States military has begun looking into two instances in which coalition airstrikes against the Sunni militancy known as the Islamic State may have inadvertently hit civilians.,The New York Times,Middle East,News,nyt://article/7a2ee11a-952f-5e97-a2a8-32104712162f,https://www.nytimes.com/2015/01/07/world/middleeast/reports-of-civilian-deaths-prompt-inquiry-into-strikes-against-isis.html,442,By Helene Cooper,Reports of Civilian Deaths Prompt Inquiry Into Strikes Against ISIS,,Reports of Civilian Deaths Prompt Inquiry Into Strikes,,,,0,0,,0,0,Reports of Civilian Deaths Prompt Inquiry Into Strikes Against ISIS,Reports of Civilian Deaths Prompt Inquiry Into Strikes Against ISIS The United States military has begun looking into two instances in which coalition airstrikes against the Sunni militancy known as the Islamic State may have inadvertently hit civilians. The United States military has begun looking into two instances in which coalition airstrikes against the Sunni militancy known as the Islamic State may have inadvertently hit civilians.
"The Ebola virus is still spreading in West Africa, especially in Sierra Leone, and the worldwide toll from the outbreak stood at 7,905 deaths among 20,206 known cases at year’s end, the World Health Organization said Wednesday.",article,nyt://article/74693a6d-c6d1-5e81-9b55-2240a47aab51,"[{'name': 'Subject', 'value': 'Ebola Virus', 'rank': 1}, {'name': 'Organization', 'value': 'World Health Organization', 'rank': 2}, {'name': 'Location', 'value': 'Guinea', 'rank': 3}, {'name': 'Location', 'value': 'Sierra Leone', 'rank': 4}, {'name': 'Subject', 'value': 'Epidemics', 'rank': 5}, {'name': 'Location', 'value': 'Africa', 'rank': 6}]",Foreign,8.0,A,2015-01-01 03:26:17+00:00,World,"The Ebola virus is still spreading in West Africa, especially in Sierra Leone, and the worldwide toll from the outbreak stood at 7,905 deaths among 20,206 known cases at year’s end, the World Health Organization said Wednesday.",The New York Times,Africa,Brief,nyt://article/74693a6d-c6d1-5e81-9b55-2240a47aab51,https://www.nytimes.com/2015/01/01/world/africa/ebola-still-spreading-who-reports.html,123,By Reuters,"Ebola Still Spreading, W.H.O. Reports",World Briefing,"Ebola Still Spreading, W.H.O. Reports",,,,0,0,,0,0,"Ebola Still Spreading, W.H.O. Reports","Ebola Still Spreading, W.H.O. Reports The Ebola virus is still spreading in West Africa, especially in Sierra Leone, and the worldwide toll from the outbreak stood at 7,905 deaths among 20,206 known cases at year’s end, the World Health Organization said Wednesday. The Ebola virus is still spreading in West Africa, especially in Sierra Leone, and the worldwide toll from the outbreak stood at 7,905 deaths among 20,206 known cases at year’s end, the World Health Organization said Wednesday."
"The federal officials said eight of at least 19 bodies had been partly burned, and two more were found in pieces.",article,nyt://article/8260f326-7666-5967-8830-44ccb20b0625,"[{'name': 'Subject', 'value': 'Murders, Attempted Murders and Homicides', 'rank': 1}, {'name': 'Subject', 'value': 'Missing Persons', 'rank': 2}, {'name': 'Location', 'value': 'Mexico', 'rank': 3}]",Foreign,6.0,A,2015-12-16 02:06:23+00:00,World,"The federal officials said eight of at least 19 bodies had been partly burned, and two more were found in pieces.",The New York Times,Americas,Brief,nyt://article/8260f326-7666-5967-8830-44ccb20b0625,https://www.nytimes.com/2015/12/16/world/americas/mexico-bodies-discovered-dumped-in-southern-state.html,124,By The Associated Press,Mexico: Bodies Discovered Dumped in Southern State,World Briefing,The Americas; Mexico: Bodies Discovered Dumped in Southern State,,,,0,0,,0,0,Mexico: Bodies Discovered Dumped in Southern State,"Mexico: Bodies Discovered Dumped in Southern State The federal officials said eight of at least 19 bodies had been partly burned, and two more were found in pieces. The federal officials said eight of at least 19 bodies had been partly burned, and two more were found in pieces."
"The chief minister of Delhi, Arvind Kejriwal, a persistent critic of Prime Minister Narendra Modi, said the raid was politically motivated.",article,nyt://article/db441fa8-979d-5821-af8f-c41da9533ee8,"[{'name': 'Person', 'value': 'Najar, Nida', 'rank': 1}, {'name': 'Location', 'value': 'India', 'rank': 2}, {'name': 'Person', 'value': 'Kejriwal, Arvind', 'rank': 3}, {'name': 'Location', 'value': 'New Delhi (India)', 'rank': 4}, {'name': 'Person', 'value': 'Modi, Narendra', 'rank': 5}, {'name': 'Subject', 'value': 'Bribery and Kickbacks', 'rank': 6}, {'name': 'Organization', 'value': 'Central Bureau of Investigation (India)', 'rank': 7}]",Foreign,8.0,A,2015-12-15 10:12:14+00:00,World,"The chief minister of Delhi, Arvind Kejriwal, a persistent critic of Prime Minister Narendra Modi, said the raid was politically motivated.",The New York Times,Asia Pacific,News,nyt://article/db441fa8-979d-5821-af8f-c41da9533ee8,https://www.nytimes.com/2015/12/16/world/asia/raid-arvind-kejriwal-delhi-india.html,430,By Nida Najar,Modi Rival Denounces Raid at Delhi State Government Headquarters,,A Political Rivalry Heats Up in India,"Police officers at the state government headquarters for Delhi on Tuesday, after the office of a principal secretary was raided in a corruption investigation.",Prakash Singh/Agence France-Presse — Getty Images,https://static01.nyt.com/images/2015/12/16/world/16India-web/16India-web-articleLarge.jpg,399,600,https://static01.nyt.com/images/2015/12/16/world/16India-web/16India-web-thumbStandard.jpg,75,75,Modi Rival Denounces Raid at Delhi State Government Headquarters,"Modi Rival Denounces Raid at Delhi State Government Headquarters The chief minister of Delhi, Arvind Kejriwal, a persistent critic of Prime Minister Narendra Modi, said the raid was politically motivated. The chief minister of Delhi, Arvind Kejriwal, a persistent critic of Prime Minister Narendra Modi, said the raid was politically motivated."
"An affiliate has taken root in the chaos of a civil war, apparently determined to distinguish itself as Yemen’s most disruptive and brutal force.",article,nyt://article/ccfbe04a-c5cd-5495-b54d-e8137f8bf20b,"[{'name': 'Location', 'value': 'Yemen', 'rank': 1}, {'name': 'Organization', 'value': 'Islamic State in Iraq and Syria (ISIS)', 'rank': 2}, {'name': 'Organization', 'value': 'Al Qaeda', 'rank': 3}, {'name': 'Organization', 'value': 'Houthis', 'rank': 4}, {'name': 'Subject', 'value': 'Assassinations and Attempted Assassinations', 'rank': 5}, {'name': 'Subject', 'value': 'Terrorism', 'rank': 6}, {'name': 'Subject', 'value': 'Sunni Muslims', 'rank': 7}]",Foreign,14.0,A,2015-12-14 16:02:07+00:00,World,"An affiliate has taken root in the chaos of a civil war, apparently determined to distinguish itself as Yemen’s most disruptive and brutal force.",The New York Times,Middle East,News,nyt://article/ccfbe04a-c5cd-5495-b54d-e8137f8bf20b,https://www.nytimes.com/2015/12/15/world/middleeast/islamic-state-gains-strength-in-yemen-rivaling-al-qaeda.html,1241,"By Shuaib Almosawa, Kareem Fahim and Eric Schmitt","Islamic State Gains Strength in Yemen, Challenging Al Qaeda",,"Violence Escalates in Yemen as Islamic State Gains Strength, Challenging Al Qaeda","The site of a car bombing in Aden, Yemen, this month that killed the provincial governor. The Islamic State claimed responsibility for the blast.",Agence France-Presse — Getty Images,https://static01.nyt.com/images/2015/12/15/world/middleeast/15Yemen-web1/15Yemen-web1-articleLarge.jpg,400,600,https://static01.nyt.com/images/2015/12/15/world/middleeast/15Yemen-web1/15Yemen-web1-thumbStandard.jpg,75,75,"Islamic State Gains Strength in Yemen, Challenging Al Qaeda","Islamic State Gains Strength in Yemen, Challenging Al Qaeda An affiliate has taken root in the chaos of a civil war, apparently determined to distinguish itself as Yemen’s most disruptive and brutal force. An affiliate has taken root in the chaos of a civil war, apparently determined to distinguish itself as Yemen’s most disruptive and brutal force."
The Islamic State has focused on prophetic texts stating that Islam will be victorious after an apocalyptic battle to be set off once Western armies come to the region.,article,nyt://article/47c81970-e268-5147-a1fc-a286786ebde4,"[{'name': 'Subject', 'value': 'Terrorism', 'rank': 1}, {'name': 'Person', 'value': 'Callimachi, Rukmini', 'rank': 2}, {'name': 'Subject', 'value': 'Muslims and Islam', 'rank': 3}, {'name': 'Organization', 'value': 'Islamic State in Iraq and Syria (ISIS)', 'rank': 4}, {'name': 'Subject', 'value': 'United States Defense and Military Forces', 'rank': 5}, {'name': 'Location', 'value': 'Iraq', 'rank': 6}, {'name': 'Location', 'value': 'Syria', 'rank': 7}, {'name': 'Person', 'value': 'Kassig, Peter Edward (1988-2014)', 'rank': 8}, {'name': 'Location', 'value': 'Dabiq (Syria)', 'rank': 9}]",Foreign,1.0,A,2015-12-08 02:00:53+00:00,World,The Islamic State has focused on prophetic texts stating that Islam will be victorious after an apocalyptic battle to be set off once Western armies come to the region.,The New York Times,Middle East,News,nyt://article/47c81970-e268-5147-a1fc-a286786ebde4,https://www.nytimes.com/2015/12/08/world/middleeast/us-strategy-seeks-to-avoid-isis-prophecy.html,1267,By Rukmini Callimachi,U.S. Seeks to Avoid Ground War Welcomed by Islamic State,News Analysis,U.S. Strategy Seeks to Avoid ISIS Prophecy,"An image from a propaganda video released by the Islamic State shows militants near Tikrit, Iraq, last year.",Agence France-Presse — Getty Images,https://static01.nyt.com/images/2015/12/08/world/08isis-web/08isis-web-articleLarge.jpg,399,600,https://static01.nyt.com/images/2015/12/08/world/08isis-web/08isis-web-thumbStandard.jpg,75,75,U.S. Seeks to Avoid Ground War Welcomed by Islamic State,U.S. Seeks to Avoid Ground War Welcomed by Islamic State The Islamic State has focused on prophetic texts stating that Islam will be victorious after an apocalyptic battle to be set off once Western armies come to the region. The Islamic State has focused on prophetic texts stating that Islam will be victorious after an apocalyptic battle to be set off once Western armies come to the region.
It was the first official claim of responsibility by the group after days of congratulatory messages posted on Twitter by its online supporters.,article,nyt://article/00ca720d-7956-571d-bcac-d32b983ad81d,"[{'name': '', 'value': '', 'rank': 1}, {'name': 'Subject', 'value': 'San Bernardino, Calif, Shooting (2015)', 'rank': 2}, {'name': 'Organization', 'value': 'Islamic State in Iraq and Syria (ISIS)', 'rank': 3}, {'name': 'Person', 'value': 'Farook, Syed Rizwan', 'rank': 4}, {'name': 'Person', 'value': 'Malik, Tashfeen', 'rank': 5}, {'name': 'Person', 'value': 'Soofi, Nadir Hamid (1980-2015)', 'rank': 6}, {'name': 'Person', 'value': 'Simpson, Elton (d 2015)', 'rank': 7}, {'name': 'Subject', 'value': 'Terrorism', 'rank': 8}, {'name': 'Organization', 'value': 'Federal Bureau of Investigation', 'rank': 9}, {'name': 'Organization', 'value': 'Bayan', 'rank': 10}, {'name': 'Location', 'value': 'San Bernardino (Calif)', 'rank': 11}]",Foreign,31.0,A,2015-12-05 19:46:37+00:00,World,It was the first official claim of responsibility by the group after days of congratulatory messages posted on Twitter by its online supporters.,The New York Times,Middle East,News,nyt://article/00ca720d-7956-571d-bcac-d32b983ad81d,https://www.nytimes.com/2015/12/06/world/middleeast/islamic-state-san-bernardino-massacre.html,786,By Rukmini Callimachi,Islamic State Says ‘Soldiers of Caliphate’ Attacked in San Bernardino,,ISIS Says &#8216;Soldiers of Caliphate&#8217; Carried Out Rampage ,,,,0,0,,0,0,Islamic State Says ‘Soldiers of Caliphate’ Attacked in San Bernardino,Islamic State Says ‘Soldiers of Caliphate’ Attacked in San Bernardino It was the first official claim of responsibility by the group after days of congratulatory messages posted on Twitter by its online supporters. It was the first official claim of responsibility by the group after days of congratulatory messages posted on Twitter by its online supporters.
"The heaviest rainfall in decades has driven thousands from their homes, shut auto factories and paralyzed the airport in the state capital.",article,nyt://article/e8003820-d9ac-5a2a-85ab-b1215b18cf65,"[{'name': 'Subject', 'value': 'Floods', 'rank': 1}, {'name': 'Location', 'value': 'India', 'rank': 2}, {'name': 'Location', 'value': 'Tamil Nadu (India)', 'rank': 3}, {'name': 'Subject', 'value': 'Deaths (Fatalities)', 'rank': 4}, {'name': 'Subject', 'value': 'Rain', 'rank': 5}, {'name': 'Location', 'value': 'Chennai (India)', 'rank': 6}]",Foreign,10.0,A,2015-12-03 02:19:32+00:00,World,"The heaviest rainfall in decades has driven thousands from their homes, shut auto factories and paralyzed the airport in the state capital.",The New York Times,Asia Pacific,Brief,nyt://article/e8003820-d9ac-5a2a-85ab-b1215b18cf65,https://www.nytimes.com/2015/12/03/world/asia/india-floods-threaten-southern-state.html,78,By Reuters,India: Floods Threaten Southern State,World Briefing,Asia; India: Floods Threaten Southern State,,,,0,0,,0,0,India: Floods Threaten Southern State,"India: Floods Threaten Southern State The heaviest rainfall in decades has driven thousands from their homes, shut auto factories and paralyzed the airport in the state capital. The heaviest rainfall in decades has driven thousands from their homes, shut auto factories and paralyzed the airport in the state capital."
"China’s main news agency said the theft of data from the Office of Personnel Management was done by Chinese hackers, but not on behalf of the state.",article,nyt://article/fb3dda52-0cf6-5424-bb57-0db1333c3450,"[{'name': 'Subject', 'value': 'Cyberwarfare and Defense', 'rank': 1}, {'name': 'Person', 'value': 'Sanger, David E', 'rank': 2}, {'name': 'Location', 'value': 'China', 'rank': 3}, {'name': 'Person', 'value': 'Forsythe, Michael', 'rank': 4}, {'name': 'Organization', 'value': 'Office of Personnel Management', 'rank': 5}, {'name': 'Person', 'value': 'Lynch, Loretta E', 'rank': 6}, {'name': 'Organization', 'value': 'Justice Department', 'rank': 7}, {'name': 'Location', 'value': 'United States', 'rank': 8}, {'name': 'Person', 'value': 'Johnson, Jeh C', 'rank': 9}, {'name': 'Subject', 'value': 'Computer Security', 'rank': 10}, {'name': 'Subject', 'value': 'Government Employees', 'rank': 11}, {'name': 'Person', 'value': 'Guo Shengkun', 'rank': 12}]",Foreign,8.0,A,2015-12-02 09:59:28+00:00,World,"China’s main news agency said the theft of data from the Office of Personnel Management was done by Chinese hackers, but not on behalf of the state.",The New York Times,Asia Pacific,News,nyt://article/fb3dda52-0cf6-5424-bb57-0db1333c3450,https://www.nytimes.com/2015/12/03/world/asia/china-hacking-us-opm.html,705,By Michael Forsythe and David E. Sanger,"China Calls Hacking of U.S. Workers’ Data a Crime, Not a State Act",,"China Says Hacking of U.S. Workers&#8217; Data Was Common Crime, Not State Act",,,,0,0,,0,0,"China Calls Hacking of U.S. Workers’ Data a Crime, Not a State Act","China Calls Hacking of U.S. Workers’ Data a Crime, Not a State Act China’s main news agency said the theft of data from the Office of Personnel Management was done by Chinese hackers, but not on behalf of the state. China’s main news agency said the theft of data from the Office of Personnel Management was done by Chinese hackers, but not on behalf of the state."
"The earnings from the militants’ violent collection practices total tens of millions of dollars a month, approaching $1 billion a year, according to some estimates.",article,nyt://article/d03111f6-4d3a-5053-b310-d056312f751b,"[{'name': 'Person', 'value': 'Myers, Steven Lee', 'rank': 1}, {'name': 'Organization', 'value': 'Islamic State in Iraq and Syria (ISIS)', 'rank': 2}, {'name': 'Person', 'value': 'Kulish, Nicholas', 'rank': 3}, {'name': 'Location', 'value': 'Syria', 'rank': 4}, {'name': 'Person', 'value': 'Rosenberg, Matthew', 'rank': 5}, {'name': 'Location', 'value': 'Iraq', 'rank': 6}, {'name': 'Subject', 'value': 'Taxation', 'rank': 7}, {'name': 'Subject', 'value': 'Bribery and Kickbacks', 'rank': 8}, {'name': 'Subject', 'value': 'Fines (Penalties)', 'rank': 9}, {'name': 'Subject', 'value': 'Smuggling', 'rank': 10}, {'name': 'Person', 'value': 'Assad, Bashar al-', 'rank': 11}, {'name': 'Subject', 'value': 'Oil (Petroleum) and Gasoline', 'rank': 12}, {'name': 'Subject', 'value': 'Terrorism', 'rank': 13}]",Foreign,1.0,A,2015-11-30 01:53:38+00:00,World,"The earnings from the militants’ violent collection practices total tens of millions of dollars a month, approaching $1 billion a year, according to some estimates.",The New York Times,Middle East,News,nyt://article/d03111f6-4d3a-5053-b310-d056312f751b,https://www.nytimes.com/2015/11/30/world/middleeast/predatory-islamic-state-wrings-money-from-those-it-rules.html,1795,"By Matthew Rosenberg, Nicholas Kulish and Steven Lee Myers",Predatory Islamic State Wrings Money From Those It Rules,,How ISIS Wrings Cash From Those It Now Controls,"A photo from an Islamic State website showed a member sorting envelopes of zakat, or alms, collected from the rich to be distributed to the poor during the Muslim holy month of Ramadan in Mosul.",via Associated Press,https://static01.nyt.com/images/2015/11/29/world/29ISISMONEY/29ISISMONEY-articleLarge.jpg,382,600,https://static01.nyt.com/images/2015/11/29/world/29ISISMONEY/29ISISMONEY-thumbStandard.jpg,75,75,Predatory Islamic State Wrings Money From Those It Rules,"Predatory Islamic State Wrings Money From Those It Rules The earnings from the militants’ violent collection practices total tens of millions of dollars a month, approaching $1 billion a year, according to some estimates. The earnings from the militants’ violent collection practices total tens of millions of dollars a month, approaching $1 billion a year, according to some estimates."
The campaign comes at a time when Islam is at war with itself over central theological questions of how the faith is defined.,article,nyt://article/5415e431-272e-53e6-8c8d-a1ddcb356ae6,"[{'name': 'Subject', 'value': 'Religion and Belief', 'rank': 1}, {'name': 'Subject', 'value': 'Terrorism', 'rank': 2}, {'name': 'Subject', 'value': 'Propaganda', 'rank': 3}, {'name': 'Subject', 'value': 'Muslims and Islam', 'rank': 4}, {'name': 'Location', 'value': 'Indonesia', 'rank': 5}, {'name': 'Organization', 'value': 'Islamic State in Iraq and Syria (ISIS)', 'rank': 6}]",Foreign,,,2015-11-26 09:02:58+00:00,World,The campaign comes at a time when Islam is at war with itself over central theological questions of how the faith is defined.,The New York Times,Asia Pacific,News,nyt://article/5415e431-272e-53e6-8c8d-a1ddcb356ae6,https://www.nytimes.com/2015/11/27/world/asia/indonesia-islam-nahdlatul-ulama.html,1295,By Joe Cochrane,"From Indonesia, a Muslim Challenge to the Ideology of the Islamic State",,,Muslims praying during Ramadan at a mosque in Jakarta in Indonesia. The country has the world’s largest Muslim population.,Nyimas Laula/Reuters,https://static01.nyt.com/images/2015/11/27/world/27indo-islam02/27indo-islam02-articleLarge.jpg,400,600,https://static01.nyt.com/images/2015/11/27/world/27indo-islam02/27indo-islam02-thumbStandard.jpg,75,75,"From Indonesia, a Muslim Challenge to the Ideology of the Islamic State","From Indonesia, a Muslim Challenge to the Ideology of the Islamic State The campaign comes at a time when Islam is at war with itself over central theological questions of how the faith is defined. The campaign comes at a time when Islam is at war with itself over central theological questions of how the faith is defined."
"President Béji Caïd Essebsi declared a 30-day state of emergency after an explosion in Tunis tore through a bus carrying members of his security guard, killing at least 12 people.",article,nyt://article/15850700-6df4-58b0-85d2-6d9fae30e0ae,"[{'name': 'Location', 'value': 'Tunisia', 'rank': 1}, {'name': 'Person', 'value': 'Fahim, Kareem', 'rank': 2}, {'name': 'Subject', 'value': 'Bombs and Explosives', 'rank': 3}, {'name': '', 'value': '', 'rank': 4}, {'name': 'Person', 'value': 'Essebsi, Beji Caid', 'rank': 5}, {'name': 'Subject', 'value': 'Buses', 'rank': 6}, {'name': 'Subject', 'value': 'Terrorism', 'rank': 7}]",Foreign,3.0,A,2015-11-24 18:06:13+00:00,World,"President Béji Caïd Essebsi declared a 30-day state of emergency after an explosion in Tunis tore through a bus carrying members of his security guard, killing at least 12 people.",The New York Times,Africa,News,nyt://article/15850700-6df4-58b0-85d2-6d9fae30e0ae,https://www.nytimes.com/2015/11/25/world/africa/tunis-tunisia-explosion.html,506,By Farah Samti and Kareem Fahim,Tunisia Declares State of Emergency After Explosion on Bus,,Tunisia Declares State of Emergency After Explosion on Bus,,Mauricio Lima for The New York Times,https://static01.nyt.com/images/2015/11/25/world/tunisia-video/tunisia-video-articleLarge.jpg,337,600,https://static01.nyt.com/images/2015/11/25/world/tunisia-video/tunisia-video-thumbStandard.jpg,75,75,Tunisia Declares State of Emergency After Explosion on Bus,"Tunisia Declares State of Emergency After Explosion on Bus President Béji Caïd Essebsi declared a 30-day state of emergency after an explosion in Tunis tore through a bus carrying members of his security guard, killing at least 12 people. President Béji Caïd Essebsi declared a 30-day state of emergency after an explosion in Tunis tore through a bus carrying members of his security guard, killing at least 12 people."
American officials say cyberespionage is becoming a tool to obtain the influence that many in Iran hoped the nuclear program would give the country.,article,nyt://article/29f377f6-f2bf-5f7a-b967-83c9d1bf6092,"[{'name': 'Location', 'value': 'Iran', 'rank': 1}, {'name': 'Person', 'value': 'Perlroth, Nicole', 'rank': 2}, {'name': 'Subject', 'value': 'Cyberwarfare and Defense', 'rank': 3}, {'name': 'Person', 'value': 'Sanger, David E', 'rank': 4}, {'name': 'Organization', 'value': 'State Department', 'rank': 5}, {'name': 'Subject', 'value': 'Nuclear Weapons', 'rank': 6}, {'name': 'Subject', 'value': 'United States International Relations', 'rank': 7}]",Foreign,3.0,A,2015-11-24 15:22:21+00:00,World,American officials say cyberespionage is becoming a tool to obtain the influence that many in Iran hoped the nuclear program would give the country.,The New York Times,Middle East,News,nyt://article/29f377f6-f2bf-5f7a-b967-83c9d1bf6092,https://www.nytimes.com/2015/11/25/world/middleeast/iran-hackers-cyberespionage-state-department-social-media.html,1199,By David E. Sanger and Nicole Perlroth,Iranian Hackers Attack State Dept. via Social Media Accounts,,Iran Hones Cyberattacks on U.S. After Nuclear Deal,"Secretary of State John Kerry, second from left, with members of the American delegation in Vienna during nuclear talks with Iran in July. Over the past month, Iranian hackers identified individual State Department officials who focus on Iran and the Middle East and broke into their email and social media accounts.",Pool photo by Carlos Barria,https://static01.nyt.com/images/2015/11/24/world/25cyber-web/25cyber-web-articleLarge.jpg,407,600,https://static01.nyt.com/images/2015/11/24/world/25cyber-web/25cyber-web-thumbStandard-v2.jpg,75,75,Iranian Hackers Attack State Dept. via Social Media Accounts,Iranian Hackers Attack State Dept. via Social Media Accounts American officials say cyberespionage is becoming a tool to obtain the influence that many in Iran hoped the nuclear program would give the country. American officials say cyberespionage is becoming a tool to obtain the influence that many in Iran hoped the nuclear program would give the country.
Secretary of State John Kerry said Monday that he would like to see the American-led military and diplomatic effort in Syria “go faster.”,article,nyt://article/c69d997c-b239-56bd-b326-370d848e364b,"[{'name': 'Person', 'value': 'Sanger, David E', 'rank': 1}, {'name': 'Person', 'value': 'Kerry, John', 'rank': 2}, {'name': 'Organization', 'value': 'Islamic State in Iraq and Syria (ISIS)', 'rank': 3}, {'name': 'Location', 'value': 'Syria', 'rank': 4}, {'name': 'Subject', 'value': 'United States International Relations', 'rank': 5}, {'name': 'Subject', 'value': 'United States Defense and Military Forces', 'rank': 6}, {'name': 'Subject', 'value': 'Paris Attacks (November 2015)', 'rank': 7}, {'name': 'Location', 'value': 'United Arab Emirates', 'rank': 8}, {'name': 'Person', 'value': 'Assad, Bashar al-', 'rank': 9}, {'name': 'Person', 'value': 'Obama, Barack', 'rank': 10}, {'name': 'Person', 'value': 'Vickers, Michael G', 'rank': 11}, {'name': 'Organization', 'value': 'Central Intelligence Agency', 'rank': 12}, {'name': 'Person', 'value': 'Morell, Michael J', 'rank': 13}]",Foreign,6.0,A,2015-11-24 01:54:56+00:00,World,Secretary of State John Kerry said Monday that he would like to see the American-led military and diplomatic effort in Syria “go faster.”,The New York Times,Middle East,News,nyt://article/c69d997c-b239-56bd-b326-370d848e364b,https://www.nytimes.com/2015/11/24/world/middleeast/john-kerry-adds-voice-to-those-urging-bigger-push-against-islamic-state-in-syria.html,1234,By David E. Sanger,John Kerry Adds Voice to Those Urging Bigger Push Against Islamic State in Syria,Diplomatic Memo,Kerry Adds Voice to Those Urging Bigger Push Against Islamic State in Syria,"Secretary of State John Kerry, right, puts his shoes on after a mosque visit Monday with Abdullah bin Zayed, the Emirati foreign minister, left, in Abu Dhabi. Mr. Kerry said he wanted military and diplomatic efforts in Syria to “go faster.”",Pool photo by Jacquelyn Martin,https://static01.nyt.com/images/2015/11/24/world/DIPLO/DIPLO-articleLarge.jpg,400,600,https://static01.nyt.com/images/2015/11/24/world/DIPLO/DIPLO-thumbStandard.jpg,75,75,John Kerry Adds Voice to Those Urging Bigger Push Against Islamic State in Syria,John Kerry Adds Voice to Those Urging Bigger Push Against Islamic State in Syria Secretary of State John Kerry said Monday that he would like to see the American-led military and diplomatic effort in Syria “go faster.” Secretary of State John Kerry said Monday that he would like to see the American-led military and diplomatic effort in Syria “go faster.”
"The resolution, approved in a 15-to-0 vote, called on countries around the world to take “all necessary measures” to fight the jihadist group.",article,nyt://article/5391063f-0c06-5ed1-91c7-91d1ee2a0631,"[{'name': 'Organization', 'value': 'Islamic State in Iraq and Syria (ISIS)', 'rank': 1}, {'name': 'Person', 'value': 'Sengupta, Somini', 'rank': 2}, {'name': 'Organization', 'value': 'United Nations', 'rank': 3}, {'name': 'Subject', 'value': 'Paris Attacks (November 2015)', 'rank': 4}, {'name': 'Subject', 'value': 'Terrorism', 'rank': 5}, {'name': 'Organization', 'value': 'Al Qaeda', 'rank': 6}, {'name': 'Location', 'value': 'Bamako (Mali)', 'rank': 7}, {'name': 'Location', 'value': 'France', 'rank': 8}, {'name': 'Organization', 'value': 'Security Council (UN)', 'rank': 9}]",Foreign,8.0,A,2015-11-21 01:10:20+00:00,World,"The resolution, approved in a 15-to-0 vote, called on countries around the world to take “all necessary measures” to fight the jihadist group.",The New York Times,Europe,News,nyt://article/5391063f-0c06-5ed1-91c7-91d1ee2a0631,https://www.nytimes.com/2015/11/21/world/europe/un-security-council-approves-resolution-urging-countries-to-combat-islamic-state.html,489,By Somini Sengupta,U.N. Security Council Approves Resolution Urging Countries to Combat Islamic State,,U.N. Security Council Approves Resolution Urging Countries to Combat Islamic State,"The French ambassador, François Delattre, before the Security Council's vote on Friday.",Bebeto Matthews/Associated Press,https://static01.nyt.com/images/2015/11/21/world/NATIONS/NATIONS-articleLarge.jpg,414,600,https://static01.nyt.com/images/2015/11/21/world/NATIONS/NATIONS-thumbStandard.jpg,75,75,U.N. Security Council Approves Resolution Urging Countries to Combat Islamic State,"U.N. Security Council Approves Resolution Urging Countries to Combat Islamic State The resolution, approved in a 15-to-0 vote, called on countries around the world to take “all necessary measures” to fight the jihadist group. The resolution, approved in a 15-to-0 vote, called on countries around the world to take “all necessary measures” to fight the jihadist group."
The declaration had been widely condemned for suspending basic citizens’ rights and for giving the military and the police the power to search and arrest almost at will.,article,nyt://article/4fff324a-a1ce-5452-9938-55814d5672d2,"[{'name': 'Person', 'value': 'Yameen, Abdulla', 'rank': 1}, {'name': 'Location', 'value': 'Maldives', 'rank': 2}, {'name': 'Keyword', 'value': 'State of Emergency', 'rank': 3}, {'name': 'Person', 'value': 'Adeeb, Ahmed', 'rank': 4}, {'name': 'Subject', 'value': 'Bombs and Explosives', 'rank': 5}]",Foreign,,,2015-11-10 16:11:19+00:00,World,The declaration had been widely condemned for suspending basic citizens’ rights and for giving the military and the police the power to search and arrest almost at will.,The New York Times,Asia Pacific,News,nyt://article/4fff324a-a1ce-5452-9938-55814d5672d2,https://www.nytimes.com/2015/11/11/world/asia/maldives-lifts-state-of-emergency-heeding-international-calls.html,426,By The Associated Press,"Maldives Lifts State of Emergency, Heeding International Calls",,,,,,0,0,,0,0,"Maldives Lifts State of Emergency, Heeding International Calls","Maldives Lifts State of Emergency, Heeding International Calls The declaration had been widely condemned for suspending basic citizens’ rights and for giving the military and the police the power to search and arrest almost at will. The declaration had been widely condemned for suspending basic citizens’ rights and for giving the military and the police the power to search and arrest almost at will."
"Xinhua, the state news agency, scolded the city government, accusing it of failing to enforce emergency measures to cut smog and to warn citizens to stay indoors.",article,nyt://article/a7e18105-d19a-5516-886f-b6c98406a6a5,"[{'name': 'Subject', 'value': 'Air Pollution', 'rank': 1}, {'name': 'Organization', 'value': 'Xinhua', 'rank': 2}, {'name': 'Location', 'value': 'China', 'rank': 3}, {'name': 'Location', 'value': 'Shenyang (China)', 'rank': 4}]",Foreign,,,2015-11-09 07:39:52+00:00,World,"Xinhua, the state news agency, scolded the city government, accusing it of failing to enforce emergency measures to cut smog and to warn citizens to stay indoors.",The New York Times,Asia Pacific,News,nyt://article/a7e18105-d19a-5516-886f-b6c98406a6a5,https://sinosphere.blogs.nytimes.com/2015/11/09/china-smog-pollution-shenyang-pm2-5/,715,By Chris Buckley and Adam Wu,"Thick Smog in Shenyang, China, Draws Even State Media’s Scorn",Sinosphere,,Some visitors at the Shenyang Imperial Palace wearing masks on Sunday as they walked through heavy smog.,"Chinafotopress, via Getty Images",https://static01.nyt.com/images/2015/11/09/world/09SINO-SMOG/09SINO-SMOG-articleLarge.jpg,400,600,https://static01.nyt.com/images/2015/11/09/world/09SINO-SMOG/09SINO-SMOG-thumbStandard.jpg,75,75,"Thick Smog in Shenyang, China, Draws Even State Media’s Scorn","Thick Smog in Shenyang, China, Draws Even State Media’s Scorn Xinhua, the state news agency, scolded the city government, accusing it of failing to enforce emergency measures to cut smog and to warn citizens to stay indoors. Xinhua, the state news agency, scolded the city government, accusing it of failing to enforce emergency measures to cut smog and to warn citizens to stay indoors."
"The battle for Bihar played out against a national debate over whether the prime minister’s India is becoming increasingly intolerant of secularists, Muslims and political dissent in general.",article,nyt://article/538b6923-9a31-5b58-9a8a-ee5d1fffc875,"[{'name': 'Person', 'value': 'Barstow, David', 'rank': 1}, {'name': 'Location', 'value': 'India', 'rank': 2}, {'name': 'Person', 'value': 'Modi, Narendra', 'rank': 3}, {'name': 'Location', 'value': 'Bihar (India)', 'rank': 4}, {'name': 'Organization', 'value': 'Bharatiya Janata Party', 'rank': 5}, {'name': 'Subject', 'value': 'Elections', 'rank': 6}]",Foreign,9.0,A,2015-11-08 11:44:13+00:00,World,"The battle for Bihar played out against a national debate over whether the prime minister’s India is becoming increasingly intolerant of secularists, Muslims and political dissent in general.",The New York Times,Asia Pacific,News,nyt://article/538b6923-9a31-5b58-9a8a-ee5d1fffc875,https://www.nytimes.com/2015/11/09/world/asia/narendra-modi-bihar-india-bjp-concedes-defeat.html,633,By David Barstow,"Modi Dealt Setback as B.J.P. Loses in Bihar, a Crucial State",,Indian Leader Dealt Setback in Crucial Vote,"Members of the opposition alliance cheering Sunday outside a party office in New Delhi after learning of initial results from the state of Bihar, India’s third most populous.",Anindito Mukherjee/Reuters,https://static01.nyt.com/images/2015/11/09/world/09bihar/09bihar-articleLarge-v3.jpg,400,600,https://static01.nyt.com/images/2015/11/09/world/09bihar/09bihar-thumbStandard-v3.jpg,75,75,"Modi Dealt Setback as B.J.P. Loses in Bihar, a Crucial State","Modi Dealt Setback as B.J.P. Loses in Bihar, a Crucial State The battle for Bihar played out against a national debate over whether the prime minister’s India is becoming increasingly intolerant of secularists, Muslims and political dissent in general. The battle for Bihar played out against a national debate over whether the prime minister’s India is becoming increasingly intolerant of secularists, Muslims and political dissent in general."
Eagle-eye viewers in mainland China noticed a strange discoloration on the suit lapel of the president of Taiwan during a news report.,article,nyt://article/c89737c0-6498-5222-857f-e7978bb1e2e2,"[{'name': 'Organization', 'value': 'China Central Television', 'rank': 1}, {'name': 'Person', 'value': 'Ma Ying-jeou', 'rank': 2}, {'name': 'Organization', 'value': 'China Central Television', 'rank': 3}, {'name': 'Location', 'value': 'China', 'rank': 4}, {'name': 'Location', 'value': 'Taiwan', 'rank': 5}]",Foreign,,,2015-11-06 13:08:01+00:00,World,Eagle-eye viewers in mainland China noticed a strange discoloration on the suit lapel of the president of Taiwan during a news report.,The New York Times,Asia Pacific,News,nyt://article/c89737c0-6498-5222-857f-e7978bb1e2e2,https://sinosphere.blogs.nytimes.com/2015/11/06/cctv-ma-ying-jeou-taiwan-flag-pin/,419,By Edward Wong,Chinese State TV Masks Ma Ying-jeou’s Taiwan Flag Pin,Sinosphere,,,,,0,0,,0,0,Chinese State TV Masks Ma Ying-jeou’s Taiwan Flag Pin,Chinese State TV Masks Ma Ying-jeou’s Taiwan Flag Pin Eagle-eye viewers in mainland China noticed a strange discoloration on the suit lapel of the president of Taiwan during a news report. Eagle-eye viewers in mainland China noticed a strange discoloration on the suit lapel of the president of Taiwan during a news report.
The foreign minister said there had been more plots to assassinate the president after an explosion aboard his boat in September.,article,nyt://article/c150a1f6-38a1-5a2c-8e20-0708d3271d7c,"[{'name': 'Location', 'value': 'Maldives', 'rank': 1}, {'name': 'Person', 'value': 'Yameen, Abdulla', 'rank': 2}, {'name': 'Subject', 'value': 'Disasters and Emergencies', 'rank': 3}, {'name': 'Subject', 'value': 'Civil Rights and Liberties', 'rank': 4}]",Foreign,,,2015-11-06 09:45:25+00:00,World,The foreign minister said there had been more plots to assassinate the president after an explosion aboard his boat in September.,The New York Times,Asia Pacific,News,nyt://article/c150a1f6-38a1-5a2c-8e20-0708d3271d7c,https://www.nytimes.com/2015/11/07/world/asia/maldives-state-of-emergency-is-called-precautionary.html,1042,By David Barstow,State of Emergency in Maldives Is Called ‘Precautionary’,,,"Soldiers in the Maldivian capital, Male, after searching a house for explosives. The government said security forces had discovered hidden caches of weapons in recent weeks.",Sinan Hussain/Associated Press,https://static01.nyt.com/images/2015/11/07/world/07maldives/07maldives-articleLarge.jpg,413,600,https://static01.nyt.com/images/2015/11/07/world/07maldives/07maldives-thumbStandard.jpg,75,75,State of Emergency in Maldives Is Called ‘Precautionary’,State of Emergency in Maldives Is Called ‘Precautionary’ The foreign minister said there had been more plots to assassinate the president after an explosion aboard his boat in September. The foreign minister said there had been more plots to assassinate the president after an explosion aboard his boat in September.
"The defendant, Husein Bosnic, portrayed himself as a religious authority and lured believers into joining the Islamic State group.",article,nyt://article/b1a598aa-6285-5e58-b8c2-b25bb248dbbb,"[{'name': 'Person', 'value': 'Bosnic, Husein (1972- )', 'rank': 1}, {'name': 'Subject', 'value': 'Muslims and Islam', 'rank': 2}, {'name': 'Subject', 'value': 'Terrorism', 'rank': 3}, {'name': 'Organization', 'value': 'Islamic State in Iraq and Syria (ISIS)', 'rank': 4}, {'name': 'Location', 'value': 'Bosnia and Herzegovina', 'rank': 5}, {'name': 'Location', 'value': 'Syria', 'rank': 6}]",Foreign,,,2015-11-06 04:04:42+00:00,World,"The defendant, Husein Bosnic, portrayed himself as a religious authority and lured believers into joining the Islamic State group.",The New York Times,Europe,Brief,nyt://article/b1a598aa-6285-5e58-b8c2-b25bb248dbbb,https://www.nytimes.com/2015/11/06/world/europe/bosnia-and-herzegovina-islamic-state-supporter-is-sentenced.html,127,By The Associated Press,Bosnia and Herzegovina: Islamic State Supporter Is Sentenced,World Briefing,Bosnia and Herzegovina: Islamic State Supporter Is Sentenced,,,,0,0,,0,0,Bosnia and Herzegovina: Islamic State Supporter Is Sentenced,"Bosnia and Herzegovina: Islamic State Supporter Is Sentenced The defendant, Husein Bosnic, portrayed himself as a religious authority and lured believers into joining the Islamic State group. The defendant, Husein Bosnic, portrayed himself as a religious authority and lured believers into joining the Islamic State group."
The move curtails citizens’ rights for 30 days and effectively thwarts plans by the main opposition to hold a rally in the capital on Friday.,article,nyt://article/e4d01000-f63a-58e3-8a9b-8797004ff91e,"[{'name': 'Location', 'value': 'Maldives', 'rank': 1}, {'name': 'Person', 'value': 'Yameen, Abdulla', 'rank': 2}, {'name': 'Subject', 'value': 'Bombs and Explosives', 'rank': 3}, {'name': 'Subject', 'value': 'Search and Seizure', 'rank': 4}, {'name': 'Subject', 'value': 'Disasters and Emergencies', 'rank': 5}]",Foreign,6.0,A,2015-11-04 20:19:27+00:00,World,The move curtails citizens’ rights for 30 days and effectively thwarts plans by the main opposition to hold a rally in the capital on Friday.,The New York Times,Asia Pacific,News,nyt://article/e4d01000-f63a-58e3-8a9b-8797004ff91e,https://www.nytimes.com/2015/11/05/world/asia/president-of-maldives-declares-state-of-emergency.html,386,By The Associated Press,President of Maldives Declares State of Emergency,,World Briefing | Asia; Maldives: State of Emergency Declared,"Police officers and members of the Maldives National Defense Force cordoned off an area in Male, the capital, on Wednesday, on suspicion that an explosive had been placed in the engine compartment of a parked car.",Mohamed Sharuhaan/Associated Press,https://static01.nyt.com/images/2015/11/05/world/05maldives/05maldives-articleLarge.jpg,352,600,https://static01.nyt.com/images/2015/11/05/world/05maldives/05maldives-thumbStandard.jpg,75,75,President of Maldives Declares State of Emergency,President of Maldives Declares State of Emergency The move curtails citizens’ rights for 30 days and effectively thwarts plans by the main opposition to hold a rally in the capital on Friday. The move curtails citizens’ rights for 30 days and effectively thwarts plans by the main opposition to hold a rally in the capital on Friday.
From the International Herald Tribune archives: Women’s suffrage was defeated in a vote in New Jersey in 1915.,article,nyt://article/d6072029-519e-5b0a-913d-428f80e3c410,"[{'name': 'Subject', 'value': ""Women's Rights"", 'rank': 1}, {'name': 'Person', 'value': 'Wilson, Woodrow', 'rank': 2}, {'name': 'Location', 'value': 'New Jersey', 'rank': 3}]",Foreign,,,2015-11-03 13:12:34+00:00,World,From the International Herald Tribune archives: Women’s suffrage was defeated in a vote in New Jersey in 1915.,The New York Times,,News,nyt://article/d6072029-519e-5b0a-913d-428f80e3c410,https://iht-retrospective.blogs.nytimes.com/2015/11/03/1915-state-rejects-womens-suffrage/,104,By International Herald Tribune,1915: State Rejects Women’s Suffrage,IHT Retrospective,,"A march in New York City on Oct. 23, 1915, in support of the women's suffrage movement.",Library of Congress,https://static01.nyt.com/images/2015/11/04/blogs/04iht-oldoct04-women/04iht-oldoct04-women-articleLarge.jpg,379,600,https://static01.nyt.com/images/2015/11/04/blogs/04iht-oldoct04-women/04iht-oldoct04-women-thumbStandard.jpg,75,75,1915: State Rejects Women’s Suffrage,1915: State Rejects Women’s Suffrage From the International Herald Tribune archives: Women’s suffrage was defeated in a vote in New Jersey in 1915. From the International Herald Tribune archives: Women’s suffrage was defeated in a vote in New Jersey in 1915.
A new video has brought the world’s biggest publicity machine to a new era: 1973.,article,nyt://article/545a0e18-88d4-5b2e-94ad-c6723466c6c1,"[{'name': 'Keyword', 'value': 'Five-Year Plan', 'rank': 1}, {'name': 'Subject', 'value': 'Video Recordings, Downloads and Streaming', 'rank': 2}, {'name': 'Person', 'value': 'Putin, Vladimir V', 'rank': 3}, {'name': 'Person', 'value': 'Thomas, Marlo', 'rank': 4}, {'name': 'Person', 'value': 'Xi Jinping', 'rank': 5}, {'name': 'Organization', 'value': 'Shanghai Media & Entertainment Group (SMEG)', 'rank': 6}, {'name': 'Location', 'value': 'China', 'rank': 7}]",Foreign,,,2015-10-27 07:16:56+00:00,World,A new video has brought the world’s biggest publicity machine to a new era: 1973.,The New York Times,Asia Pacific,News,nyt://article/545a0e18-88d4-5b2e-94ad-c6723466c6c1,https://sinosphere.blogs.nytimes.com/2015/10/27/china-five-year-plan-video-shi-san-wu/,226,By Michael Forsythe,Chinese State Planning Meets ‘Schoolhouse Rock!’ in New Video,Sinosphere,,,,,0,0,,0,0,Chinese State Planning Meets ‘Schoolhouse Rock!’ in New Video,Chinese State Planning Meets ‘Schoolhouse Rock!’ in New Video A new video has brought the world’s biggest publicity machine to a new era: 1973. A new video has brought the world’s biggest publicity machine to a new era: 1973.
Several prominent China experts have recently reported instances in which the words attributed to them were fabricated or changed.,article,nyt://article/40cdf8d5-af21-5b96-a118-a6a1c241fab9,"[{'name': 'Person', 'value': 'Peter Hessler', 'rank': 1}, {'name': 'Person', 'value': 'Roderick MacFarquhar', 'rank': 2}, {'name': 'Person', 'value': 'Rory Medcalf', 'rank': 3}, {'name': 'Person', 'value': 'Rowan Callick', 'rank': 4}, {'name': 'Organization', 'value': 'Global Times', 'rank': 5}, {'name': 'Subject', 'value': 'News and News Media', 'rank': 6}, {'name': 'Person', 'value': 'Callick, Rowan', 'rank': 7}, {'name': 'Person', 'value': 'Hessler, Peter', 'rank': 8}, {'name': 'Person', 'value': 'MacFarquhar, Roderick', 'rank': 9}, {'name': 'Person', 'value': 'Marx, Karl', 'rank': 10}, {'name': 'Person', 'value': 'Medcalf, Rory', 'rank': 11}, {'name': 'Person', 'value': 'Xi Jinping', 'rank': 12}, {'name': 'Organization', 'value': 'China Daily', 'rank': 13}, {'name': 'Organization', 'value': 'Global Times', 'rank': 14}, {'name': 'Organization', 'value': 'New Yorker', 'rank': 15}, {'name': 'Organization', 'value': 'Peking University', 'rank': 16}, {'name': 'Location', 'value': 'China', 'rank': 17}]",Foreign,,,2015-10-14 10:42:33+00:00,World,Several prominent China experts have recently reported instances in which the words attributed to them were fabricated or changed.,The New York Times,Asia Pacific,News,nyt://article/40cdf8d5-af21-5b96-a118-a6a1c241fab9,https://sinosphere.blogs.nytimes.com/2015/10/14/roderick-macfarquhar-global-times-china/,660,By Javier C. Hernández,"In China’s State News Media, What Is Said May Not Be What’s Printed",Sinosphere,,Roderick MacFarquhar,Michael Forsythe/The New York Times,,0,0,https://static01.nyt.com/images/2015/10/14/blogs/14sino-misquote02/14sino-misquote02-thumbStandard.jpg,75,75,"In China’s State News Media, What Is Said May Not Be What’s Printed","In China’s State News Media, What Is Said May Not Be What’s Printed Several prominent China experts have recently reported instances in which the words attributed to them were fabricated or changed. Several prominent China experts have recently reported instances in which the words attributed to them were fabricated or changed."
The president argued that the government’s aim was partly to prevent the country from ever again being dominated by a foreign power.,article,nyt://article/af36d522-0874-5885-9c66-cc2effa52da9,"[{'name': 'Person', 'value': 'Choe Sang-Hun', 'rank': 1}, {'name': 'Subject', 'value': 'History (Academic Subject)', 'rank': 2}, {'name': 'Subject', 'value': 'Education (K-12)', 'rank': 3}, {'name': 'Subject', 'value': 'Textbooks', 'rank': 4}, {'name': 'Person', 'value': 'Park Geun-hye', 'rank': 5}, {'name': 'Subject', 'value': 'Censorship', 'rank': 6}, {'name': 'Location', 'value': 'South Korea', 'rank': 7}]",Foreign,11.0,A,2015-10-13 11:12:10+00:00,World,The president argued that the government’s aim was partly to prevent the country from ever again being dominated by a foreign power.,The New York Times,Asia Pacific,News,nyt://article/af36d522-0874-5885-9c66-cc2effa52da9,https://www.nytimes.com/2015/10/14/world/asia/south-korea-park-geun-hye-government-history-textbooks.html,555,By Choe Sang-Hun,Park Geun-hye of South Korea Defends Move to Issue State History Textbooks,,Korean Leader Defends Plan for State-Issued Textbooks,"Opposition lawmakers in Seoul, South Korea, protesting a government plan to introduce a state-issued textbook for use in middle and high schools.","Yonhap, via European Pressphoto Agency",https://static01.nyt.com/images/2015/10/14/world/14Korea-web/14Korea-web-articleLarge.jpg,382,600,https://static01.nyt.com/images/2015/10/14/world/14Korea-web/14Korea-web-thumbStandard.jpg,75,75,Park Geun-hye of South Korea Defends Move to Issue State History Textbooks,Park Geun-hye of South Korea Defends Move to Issue State History Textbooks The president argued that the government’s aim was partly to prevent the country from ever again being dominated by a foreign power. The president argued that the government’s aim was partly to prevent the country from ever again being dominated by a foreign power.
"The move, a response to what conservatives consider left-leaning bias, has been criticized as an echo of the authoritarian past.",article,nyt://article/953ebb8e-da3e-5f9e-b0dd-8ad83cbd0747,"[{'name': 'Location', 'value': 'South Korea', 'rank': 1}, {'name': 'Person', 'value': 'Choe Sang-Hun', 'rank': 2}, {'name': 'Subject', 'value': 'Textbooks', 'rank': 3}, {'name': 'Subject', 'value': 'History (Academic Subject)', 'rank': 4}, {'name': 'Subject', 'value': 'Education (K-12)', 'rank': 5}, {'name': 'Person', 'value': 'Park Geun-hye', 'rank': 6}, {'name': 'Subject', 'value': 'Korean War', 'rank': 7}]",Foreign,9.0,A,2015-10-12 11:32:44+00:00,World,"The move, a response to what conservatives consider left-leaning bias, has been criticized as an echo of the authoritarian past.",The New York Times,Asia Pacific,News,nyt://article/953ebb8e-da3e-5f9e-b0dd-8ad83cbd0747,https://www.nytimes.com/2015/10/13/world/asia/south-korea-to-issue-state-history-textbooks-rejecting-private-publishers.html,766,By Choe Sang-Hun,"South Korea to Issue State History Textbooks, Rejecting Private Publishers",,South Korea Orders State Control of History Textbooks,"Students at a high school in Seoul, South Korea, last year. By 2017, the country's schools must stop teaching from privately published history books, a practice in place since 2010.",Ed Jones/Agence France-Presse — Getty Images,https://static01.nyt.com/images/2015/10/13/world/13Korea-web/13Korea-web-articleLarge.jpg,401,600,https://static01.nyt.com/images/2015/10/13/world/13Korea-web/13Korea-web-thumbStandard-v2.jpg,75,75,"South Korea to Issue State History Textbooks, Rejecting Private Publishers","South Korea to Issue State History Textbooks, Rejecting Private Publishers The move, a response to what conservatives consider left-leaning bias, has been criticized as an echo of the authoritarian past. The move, a response to what conservatives consider left-leaning bias, has been criticized as an echo of the authoritarian past."
"An American official said the United States had no information to confirm that the leader, Abu Bakr al-Baghdadi, had been targeted or struck in western Iraq.",article,nyt://article/26a18ec1-40bf-5677-a668-41e1cbf31378,"[{'name': 'Person', 'value': 'Baghdadi, Abu Bakr al-', 'rank': 1}, {'name': 'Organization', 'value': 'Islamic State in Iraq and Syria (ISIS)', 'rank': 2}, {'name': 'Location', 'value': 'Anbar Province (Iraq)', 'rank': 3}]",Foreign,,,2015-10-11 15:51:04+00:00,World,"An American official said the United States had no information to confirm that the leader, Abu Bakr al-Baghdadi, had been targeted or struck in western Iraq.",The New York Times,Middle East,News,nyt://article/26a18ec1-40bf-5677-a668-41e1cbf31378,https://www.nytimes.com/2015/10/12/world/middleeast/iraqi-military-claims-it-attacked-islamic-state-leaders-convoy.html,190,By Michael R. Gordon,Iraq Says It Hit Convoy of Islamic State Leader Abu Bakr al-Baghdadi,,,,,,0,0,,0,0,Iraq Says It Hit Convoy of Islamic State Leader Abu Bakr al-Baghdadi,"Iraq Says It Hit Convoy of Islamic State Leader Abu Bakr al-Baghdadi An American official said the United States had no information to confirm that the leader, Abu Bakr al-Baghdadi, had been targeted or struck in western Iraq. An American official said the United States had no information to confirm that the leader, Abu Bakr al-Baghdadi, had been targeted or struck in western Iraq."
Stephan Templ co-wrote a book documenting properties seized from Jewish owners and not returned after World War II. Then he himself became embroiled in a restitution case.,article,nyt://article/03036fbb-e567-57aa-bc20-62a698f8e36b,"[{'name': 'Person', 'value': 'Templ, Stephan', 'rank': 1}, {'name': 'Person', 'value': 'Smale, Alison', 'rank': 2}, {'name': 'Location', 'value': 'Austria', 'rank': 3}, {'name': 'Subject', 'value': 'Holocaust and the Nazi Era', 'rank': 4}, {'name': 'Subject', 'value': 'Reparations', 'rank': 5}, {'name': 'Subject', 'value': 'World War II (1939-45)', 'rank': 6}, {'name': 'Subject', 'value': 'Jews and Judaism', 'rank': 7}, {'name': 'Subject', 'value': 'War Crimes, Genocide and Crimes Against Humanity', 'rank': 8}, {'name': 'Person', 'value': 'Hitler, Adolf', 'rank': 9}, {'name': 'Subject', 'value': 'Arts and Antiquities Looting', 'rank': 10}]",Foreign,10.0,A,2015-10-08 21:35:40+00:00,World,Stephan Templ co-wrote a book documenting properties seized from Jewish owners and not returned after World War II. Then he himself became embroiled in a restitution case.,The New York Times,Europe,News,nyt://article/03036fbb-e567-57aa-bc20-62a698f8e36b,https://www.nytimes.com/2015/10/09/world/europe/historian-who-probed-austrias-nazi-past-begins-sentence-for-defrauding-state.html,707,By Alison Smale,Historian Who Probed Austria’s Nazi Past Begins Sentence for Defrauding State,,Historian Who Studied Austria&#8217;s Nazi Past Is Jailed ,Stephan Templ wrote about properties lost to the Nazis.,Milan Bures for The New York Times,https://static01.nyt.com/images/2015/10/09/world/VIENNA2/VIENNA2-articleLarge.jpg,400,600,https://static01.nyt.com/images/2015/10/09/world/VIENNA2/VIENNA2-thumbStandard.jpg,75,75,Historian Who Probed Austria’s Nazi Past Begins Sentence for Defrauding State,Historian Who Probed Austria’s Nazi Past Begins Sentence for Defrauding State Stephan Templ co-wrote a book documenting properties seized from Jewish owners and not returned after World War II. Then he himself became embroiled in a restitution case. Stephan Templ co-wrote a book documenting properties seized from Jewish owners and not returned after World War II. Then he himself became embroiled in a restitution case.
"The leaders said that accusations of corruption had created “a crisis of confidence,” a statement that was their most direct intervention in politics yet.",article,nyt://article/d9bc8c48-64ba-5a24-86f1-9150b01b80d9,"[{'name': 'Location', 'value': 'Malaysia', 'rank': 1}, {'name': 'Person', 'value': 'Fuller, Thomas', 'rank': 2}, {'name': 'Person', 'value': 'Najib Razak', 'rank': 3}, {'name': 'Organization', 'value': '1Malaysia Development Berhad (1MDB)', 'rank': 4}, {'name': 'Subject', 'value': 'Bribery and Kickbacks', 'rank': 5}, {'name': 'Subject', 'value': 'Ethics and Official Misconduct', 'rank': 6}, {'name': 'Subject', 'value': 'Sovereign Wealth Funds', 'rank': 7}, {'name': 'Subject', 'value': 'Corruption (Institutional)', 'rank': 8}]",Foreign,6.0,A,2015-10-07 12:18:13+00:00,World,"The leaders said that accusations of corruption had created “a crisis of confidence,” a statement that was their most direct intervention in politics yet.",The New York Times,Asia Pacific,News,nyt://article/d9bc8c48-64ba-5a24-86f1-9150b01b80d9,https://www.nytimes.com/2015/10/08/world/asia/malaysia-sultans-najib-razak-1mdb-corruption.html,859,By Thomas Fuller,"State Rulers in Malaysia Press for Inquiry Into Premier, Najib Razak",,Traditional Leaders Press for a Graft Inquiry in Malaysia,Prime Minister Najib Razak of Malaysia has denied any wrongdoing or taking money for personal gain.,Olivia Harris/Reuters,https://static01.nyt.com/images/2015/10/08/world/08Malaysia-web/08Malaysia-web-articleLarge.jpg,424,600,https://static01.nyt.com/images/2015/10/08/world/08Malaysia-web/08Malaysia-web-thumbStandard.jpg,75,75,"State Rulers in Malaysia Press for Inquiry Into Premier, Najib Razak","State Rulers in Malaysia Press for Inquiry Into Premier, Najib Razak The leaders said that accusations of corruption had created “a crisis of confidence,” a statement that was their most direct intervention in politics yet. The leaders said that accusations of corruption had created “a crisis of confidence,” a statement that was their most direct intervention in politics yet."
President Ollanta Humala of Peru declared a state of emergency in the southern Andes on Tuesday after three people died and scores were injured in protests of a Chinese-owned copper mining project.,article,nyt://article/916ef5ce-58fc-5a26-9fb3-ab55d600b68a,"[{'name': 'Subject', 'value': 'Accidents and Safety', 'rank': 1}, {'name': 'Subject', 'value': 'Deaths (Fatalities)', 'rank': 2}, {'name': 'Subject', 'value': 'Mines and Mining', 'rank': 3}, {'name': 'Location', 'value': 'Peru', 'rank': 4}, {'name': 'Location', 'value': 'Andes Mountains', 'rank': 5}, {'name': 'Person', 'value': 'Humala, Ollanta', 'rank': 6}, {'name': 'Location', 'value': 'China', 'rank': 7}, {'name': 'Subject', 'value': 'Demonstrations, Protests and Riots', 'rank': 8}]",Foreign,10.0,A,2015-09-29 23:48:07+00:00,World,President Ollanta Humala of Peru declared a state of emergency in the southern Andes on Tuesday after three people died and scores were injured in protests of a Chinese-owned copper mining project.,The New York Times,Americas,Brief,nyt://article/916ef5ce-58fc-5a26-9fb3-ab55d600b68a,https://www.nytimes.com/2015/09/30/world/americas/peru-region-in-state-of-emergency-after-deadly-protests-at-a-mine.html,89,By Reuters,Peru: Region in State of Emergency After Deadly Protests at a Mine,World Briefing,Peru: Region in State of Emergency After Deadly Protests at a Mine,,,,0,0,,0,0,Peru: Region in State of Emergency After Deadly Protests at a Mine,Peru: Region in State of Emergency After Deadly Protests at a Mine President Ollanta Humala of Peru declared a state of emergency in the southern Andes on Tuesday after three people died and scores were injured in protests of a Chinese-owned copper mining project. President Ollanta Humala of Peru declared a state of emergency in the southern Andes on Tuesday after three people died and scores were injured in protests of a Chinese-owned copper mining project.
"In a reflection of how important Washington’s relationship with Beijing has become, President Obama on Friday held his second state dinner for China.",article,nyt://article/2a21d1f3-e9da-59d6-9705-fc98b108d97f,"[{'name': 'Location', 'value': 'China', 'rank': 1}, {'name': 'Person', 'value': 'Harris, Gardiner', 'rank': 2}, {'name': 'Person', 'value': 'Xi Jinping', 'rank': 3}, {'name': 'Subject', 'value': 'Computers and the Internet', 'rank': 4}, {'name': 'Subject', 'value': 'United States Politics and Government', 'rank': 5}, {'name': 'Person', 'value': 'Obama, Barack', 'rank': 6}, {'name': 'Person', 'value': 'Katzenberg, Jeffrey', 'rank': 7}, {'name': 'Person', 'value': 'Zuckerberg, Mark E', 'rank': 8}, {'name': 'Person', 'value': 'Cook, Timothy D', 'rank': 9}, {'name': 'Person', 'value': 'Ellison, Lawrence J', 'rank': 10}, {'name': 'Subject', 'value': 'White House Building (Washington, DC)', 'rank': 11}]",Foreign,8.0,A,2015-09-26 01:07:03+00:00,World,"In a reflection of how important Washington’s relationship with Beijing has become, President Obama on Friday held his second state dinner for China.",The New York Times,Asia Pacific,News,nyt://article/2a21d1f3-e9da-59d6-9705-fc98b108d97f,https://www.nytimes.com/2015/09/26/world/asia/state-dinner-for-xi-jinping-has-high-tech-flavor.html,703,By Gardiner Harris,State Dinner for Xi Jinping Has High-Tech Flavor,,A High-Tech Flavor for Xi&#8217;s State Dinner,"President Obama and his wife, Michelle, greeted President Xi Jinping of China and his wife, Peng Liyuan, at the White House on Friday.",Zach Gibson/The New York Times,https://static01.nyt.com/images/2015/09/26/world/SUB-DINNER/SUB-DINNER-articleLarge.jpg,412,600,https://static01.nyt.com/images/2015/09/26/world/SUB-DINNER/SUB-DINNER-thumbStandard.jpg,75,75,State Dinner for Xi Jinping Has High-Tech Flavor,"State Dinner for Xi Jinping Has High-Tech Flavor In a reflection of how important Washington’s relationship with Beijing has become, President Obama on Friday held his second state dinner for China. In a reflection of how important Washington’s relationship with Beijing has become, President Obama on Friday held his second state dinner for China."
Contradiction is more than just a sign of a changing Cuba — it is a fundamental characteristic of it.,interactive,nyt://interactive/3b0f2a8e-902b-5742-9c73-b0e851ac143f,"[{'name': 'Location', 'value': 'Cuba', 'rank': 1}, {'name': 'Subject', 'value': 'Cuban-Americans', 'rank': 2}, {'name': 'Person', 'value': 'Castro, Raul', 'rank': 3}, {'name': 'Person', 'value': 'Francis', 'rank': 4}]",,,,2015-09-18 08:59:02+00:00,World,Contradiction is more than just a sign of a changing Cuba — it is a fundamental characteristic of it.,The New York Times,Americas,Interactive Feature,nyt://interactive/3b0f2a8e-902b-5742-9c73-b0e851ac143f,https://www.nytimes.com/interactive/2015/09/18/world/americas/cuba-state.html,0,TEXT by AZAM AHMED and VICTORIA BURNETT. PHOTOGRAPHS by DANIEL BEREHULAK.,The State of Cuba,,,"Lazaro Fidel Lopez, 33, and his wife Diamelis Faure, 26, in their apartment on the third floor of a dilapidated building where they live with Lazaro's brother in Old Havana. The building is set to be demolished by March 2016 to make way for construction of a hotel.",Daniel Berehulak for The New York Times,https://static01.nyt.com/images/2015/09/18/world/americas/18CUBA-slide-NQYC/18CUBA-slide-NQYC-articleLarge.jpg,400,600,https://static01.nyt.com/images/2015/09/18/world/americas/18CUBA-slide-NQYC/18CUBA-slide-NQYC-thumbStandard-v2.jpg,75,75,The State of Cuba,The State of Cuba Contradiction is more than just a sign of a changing Cuba — it is a fundamental characteristic of it. Contradiction is more than just a sign of a changing Cuba — it is a fundamental characteristic of it.
Two car bombings half an hour apart killed 26 people on Monday in a predominantly Kurdish city.,article,nyt://article/86d13735-769c-5b38-89fc-a920a421ce4a,"[{'name': 'Organization', 'value': 'Islamic State in Iraq and Syria (ISIS)', 'rank': 1}, {'name': 'Location', 'value': 'Syria', 'rank': 2}, {'name': 'Subject', 'value': 'Civilian Casualties', 'rank': 3}, {'name': 'Subject', 'value': 'Kurds', 'rank': 4}, {'name': 'Subject', 'value': 'Terrorism', 'rank': 5}, {'name': 'Subject', 'value': 'Bombs and Explosives', 'rank': 6}]",Foreign,5.0,A,2015-09-15 02:05:05+00:00,World,Two car bombings half an hour apart killed 26 people on Monday in a predominantly Kurdish city.,The New York Times,Middle East,Brief,nyt://article/86d13735-769c-5b38-89fc-a920a421ce4a,https://www.nytimes.com/2015/09/15/world/middleeast/syria-suicide-attacks-by-islamic-state-target-cadets-and-a-militia-in-the-north.html,166,By The Associated Press,Syria: Suicide Attacks by Islamic State Target Cadets and a Militia in the North,World Briefing,Middle East; Syria: Suicide Attacks by Islamic State Target Cadets and a Militia in the North,,,,0,0,,0,0,Syria: Suicide Attacks by Islamic State Target Cadets and a Militia in the North,Syria: Suicide Attacks by Islamic State Target Cadets and a Militia in the North Two car bombings half an hour apart killed 26 people on Monday in a predominantly Kurdish city. Two car bombings half an hour apart killed 26 people on Monday in a predominantly Kurdish city.
"Tests showed the presence of a partially degraded form of distilled sulfur mustard, a banned substance that burns a victims’ skin, air pathways and eyes.",article,nyt://article/9e0f8cd2-1dd4-5ff0-a5af-9ccfbee7c25a,"[{'name': 'Subject', 'value': 'Biological and Chemical Warfare', 'rank': 1}, {'name': 'Person', 'value': 'Schmitt, Eric', 'rank': 2}, {'name': 'Organization', 'value': 'Islamic State in Iraq and Syria (ISIS)', 'rank': 3}, {'name': 'Person', 'value': 'Chivers, C J', 'rank': 4}, {'name': 'Location', 'value': 'Iraq', 'rank': 5}, {'name': 'Location', 'value': 'Syria', 'rank': 6}, {'name': 'Subject', 'value': 'Sulfur and Sulfur Compounds', 'rank': 7}]",Foreign,4.0,A,2015-09-11 21:10:29+00:00,World,"Tests showed the presence of a partially degraded form of distilled sulfur mustard, a banned substance that burns a victims’ skin, air pathways and eyes.",The New York Times,Middle East,News,nyt://article/9e0f8cd2-1dd4-5ff0-a5af-9ccfbee7c25a,https://www.nytimes.com/2015/09/12/world/middleeast/ordnance-used-by-isis-shows-traces-of-chemical-agents.html,645,By C. J. Chivers and Eric Schmitt,"Islamic State Ordnance Shows Traces of Chemical Agents, U.S. Says",,"Islamic State Ordnance Shows Traces of Chemical Agents, U.S. Says ",,,,0,0,,0,0,"Islamic State Ordnance Shows Traces of Chemical Agents, U.S. Says","Islamic State Ordnance Shows Traces of Chemical Agents, U.S. Says Tests showed the presence of a partially degraded form of distilled sulfur mustard, a banned substance that burns a victims’ skin, air pathways and eyes. Tests showed the presence of a partially degraded form of distilled sulfur mustard, a banned substance that burns a victims’ skin, air pathways and eyes."
A state of emergency at the border town of San Antonio del Táchira has shown arbitrary policing and few changes in daily public activity.,article,nyt://article/8b0600eb-750e-57fd-b1ca-b1c7bfcebecc,"[{'name': 'Location', 'value': 'Venezuela', 'rank': 1}, {'name': 'Person', 'value': 'Neuman, William', 'rank': 2}, {'name': 'Person', 'value': 'Maduro, Nicolas', 'rank': 3}, {'name': 'Location', 'value': 'Colombia', 'rank': 4}, {'name': 'Subject', 'value': 'Illegal Immigration', 'rank': 5}, {'name': 'Subject', 'value': 'Immigration and Emigration', 'rank': 6}, {'name': 'Subject', 'value': 'Deportation', 'rank': 7}, {'name': 'Subject', 'value': 'Human Trafficking', 'rank': 8}]",Foreign,10.0,A,2015-08-29 21:35:48+00:00,World,A state of emergency at the border town of San Antonio del Táchira has shown arbitrary policing and few changes in daily public activity.,The New York Times,Americas,News,nyt://article/8b0600eb-750e-57fd-b1ca-b1c7bfcebecc,https://www.nytimes.com/2015/08/30/world/americas/in-a-venezuelan-border-town-a-state-of-emergency-is-barely-perceptible.html,1291,By William Neuman,"In a Venezuelan Border Town, a State of Emergency Is Barely Perceptible",,"In a Venezuelan Town, a State of Emergency Is Barely Perceptible ",,Meridith Kohut for The New York Times,https://static01.nyt.com/images/2015/08/30/world/20150830-VENEZUELA-slide-QBJB/20150830-VENEZUELA-slide-QBJB-articleLarge-v3.jpg,400,600,https://static01.nyt.com/images/2015/08/30/world/20150830-VENEZUELA-slide-QBJB/20150830-VENEZUELA-slide-QBJB-thumbStandard-v3.jpg,75,75,"In a Venezuelan Border Town, a State of Emergency Is Barely Perceptible","In a Venezuelan Border Town, a State of Emergency Is Barely Perceptible A state of emergency at the border town of San Antonio del Táchira has shown arbitrary policing and few changes in daily public activity. A state of emergency at the border town of San Antonio del Táchira has shown arbitrary policing and few changes in daily public activity."
"The clashes, in which as many as eight people were killed, came amid protests by members of the Patidar caste who are demanding job opportunities.",article,nyt://article/4058e510-f98b-5b3f-82db-23f75949ccc6,"[{'name': 'Person', 'value': 'Najar, Nida', 'rank': 1}, {'name': 'Location', 'value': 'Gujarat State (India)', 'rank': 2}, {'name': 'Subject', 'value': 'Demonstrations, Protests and Riots', 'rank': 3}, {'name': 'Location', 'value': 'India', 'rank': 4}, {'name': 'Person', 'value': 'Patel, Hardik (1993- )', 'rank': 5}, {'name': 'Person', 'value': 'Patel, Hardik', 'rank': 6}, {'name': 'Organization', 'value': 'Bharatiya Janata Party', 'rank': 7}]",Foreign,8.0,A,2015-08-27 21:29:06+00:00,World,"The clashes, in which as many as eight people were killed, came amid protests by members of the Patidar caste who are demanding job opportunities.",The New York Times,Asia Pacific,News,nyt://article/4058e510-f98b-5b3f-82db-23f75949ccc6,https://www.nytimes.com/2015/08/28/world/asia/days-of-unrest-turn-deadly-in-indian-state-of-gujarat.html,490,By Nida Najar,Days of Unrest Turn Deadly in Indian State of Gujarat,,Clashes in India Between Police and Civilians Take Deadly Turn,"Damaged buses that were burnt during clashes on Wednesday between protesters and the police in Ahmedabad, in Gujarat State, India.",Amit Dave/Reuters,https://static01.nyt.com/images/2015/08/28/world/28gujarat1/28gujarat1-articleLarge.jpg,402,600,https://static01.nyt.com/images/2015/08/28/world/28gujarat1/28gujarat1-thumbStandard.jpg,75,75,Days of Unrest Turn Deadly in Indian State of Gujarat,"Days of Unrest Turn Deadly in Indian State of Gujarat The clashes, in which as many as eight people were killed, came amid protests by members of the Patidar caste who are demanding job opportunities. The clashes, in which as many as eight people were killed, came amid protests by members of the Patidar caste who are demanding job opportunities."
"The Islamic State’s leaders publicize their enslavement of women and girls in their official publication, offering a theological argument - disputed by some scholars - for why the rape of infidels is allowed.",article,nyt://article/8850bf9f-e5cb-5c98-b502-420cd266bec3,"[{'name': 'Organization', 'value': 'Islamic State in Iraq and Syria (ISIS)', 'rank': 1}, {'name': 'Subject', 'value': 'Muslims and Islam', 'rank': 2}, {'name': 'Subject', 'value': 'Human Trafficking', 'rank': 3}, {'name': 'Subject', 'value': 'Sex Crimes', 'rank': 4}, {'name': 'Location', 'value': 'Iraq', 'rank': 5}, {'name': 'Subject', 'value': 'Yazidi (Religious Sect)', 'rank': 6}, {'name': 'Subject', 'value': 'Religion and Belief', 'rank': 7}]",Foreign,,,2015-08-20 11:30:04+00:00,World,"The Islamic State’s leaders publicize their enslavement of women and girls in their official publication, offering a theological argument - disputed by some scholars - for why the rape of infidels is allowed.",The New York Times,Middle East,News,nyt://article/8850bf9f-e5cb-5c98-b502-420cd266bec3,https://www.nytimes.com/2015/08/21/world/middleeast/the-islamic-state-is-forcing-women-to-be-sex-slaves.html,560,By The New York Times,The Islamic State Is Forcing Women to Be Sex Slaves,,,A 12-year-old girl in the Kurdistan region of northern Iraq.,Mauricio Lima for The New York Times,https://static01.nyt.com/images/2015/08/13/world/middleeast/20150813-ISISSLAVE-slide-CON6/20150813-ISISSLAVE-slide-CON6-articleLarge.jpg,400,600,https://static01.nyt.com/images/2015/08/13/world/middleeast/20150813-ISISSLAVE-slide-CON6/20150813-ISISSLAVE-slide-CON6-thumbStandard.jpg,75,75,The Islamic State Is Forcing Women to Be Sex Slaves,"The Islamic State Is Forcing Women to Be Sex Slaves The Islamic State’s leaders publicize their enslavement of women and girls in their official publication, offering a theological argument - disputed by some scholars - for why the rape of infidels is allowed. The Islamic State’s leaders publicize their enslavement of women and girls in their official publication, offering a theological argument - disputed by some scholars - for why the rape of infidels is allowed."
An appeal that risks new regional entanglements in what is already at least a three-way conflict among the Islamic State and two rival Libyan factions.,article,nyt://article/17351b50-ffd5-5bfb-85cc-6938308e15b5,"[{'name': 'Person', 'value': 'Kirkpatrick, David D (Per)', 'rank': 1}, {'name': 'Location', 'value': 'Libya', 'rank': 2}, {'name': 'Organization', 'value': 'Arab League', 'rank': 3}, {'name': 'Organization', 'value': 'Islamic State in Iraq and Syria (ISIS)', 'rank': 4}, {'name': 'Subject', 'value': 'Terrorism', 'rank': 5}, {'name': 'Organization', 'value': 'Security Council (UN)', 'rank': 6}, {'name': 'Person', 'value': 'Qaddafi, Muammar el-', 'rank': 7}]",Foreign,4.0,A,2015-08-18 23:49:01+00:00,World,An appeal that risks new regional entanglements in what is already at least a three-way conflict among the Islamic State and two rival Libyan factions.,The New York Times,Middle East,News,nyt://article/17351b50-ffd5-5bfb-85cc-6938308e15b5,https://www.nytimes.com/2015/08/19/world/middleeast/libya-asks-arab-league-countries-to-help-battle-islamic-state.html,969,By David D. Kirkpatrick,Libya Asks Arab League Countries to Help Battle Islamic State,,Libya Asks Arab League Countries to Help Battle Islamic State,Pro-government fighters in Benghazi in March. The Islamic State and two rival Libyan factions are each seeking sway over Libya and its vast oil reserves.,Esam Omran Al-Fetori/Reuters,https://static01.nyt.com/images/2015/08/19/world/19LIBYA/19LIBYA-articleLarge.jpg,388,600,https://static01.nyt.com/images/2015/08/19/world/19LIBYA/19LIBYA-thumbStandard-v2.jpg,75,75,Libya Asks Arab League Countries to Help Battle Islamic State,Libya Asks Arab League Countries to Help Battle Islamic State An appeal that risks new regional entanglements in what is already at least a three-way conflict among the Islamic State and two rival Libyan factions. An appeal that risks new regional entanglements in what is already at least a three-way conflict among the Islamic State and two rival Libyan factions.
"Because of visa rules, roughly half of the department’s positions abroad are effectively off-limits to officers who want to move with their same-sex spouses.",article,nyt://article/3ef0a0dd-8f9b-5c10-a412-04cbb95f0217,"[{'name': 'Person', 'value': 'Siddons, Andrew', 'rank': 1}, {'name': 'Subject', 'value': 'Diplomatic Service, Embassies and Consulates', 'rank': 2}, {'name': 'Subject', 'value': 'Same-Sex Marriage, Civil Unions and Domestic Partnerships', 'rank': 3}, {'name': 'Organization', 'value': 'State Department', 'rank': 4}, {'name': 'Subject', 'value': 'Homosexuality and Bisexuality', 'rank': 5}, {'name': 'Subject', 'value': 'United States International Relations', 'rank': 6}]",Foreign,8.0,A,2015-08-18 15:12:16+00:00,World,"Because of visa rules, roughly half of the department’s positions abroad are effectively off-limits to officers who want to move with their same-sex spouses.",The New York Times,,News,nyt://article/3ef0a0dd-8f9b-5c10-a412-04cbb95f0217,https://www.nytimes.com/2015/08/19/world/state-department-finds-its-fight-for-gay-rights-abroad-resonates-at-home.html,990,By Andrew Siddons,State Department Fights for Rights of Gay Envoys,,Equality Fight Extends to U.S. Envoys Abroad,"Matthew Cuenca-Daigle, whose husband is a Foreign Service officer, at their home in Alexandria, Va. They did not move to China because Mr. Cuenca-Daigle was unlikely to get a long-term visa there.",Drew Angerer for The New York Times,https://static01.nyt.com/images/2015/08/15/world/15Diplomats-web/15Diplomats-web-articleLarge.jpg,400,600,https://static01.nyt.com/images/2015/08/15/world/15Diplomats-web/15Diplomats-web-thumbStandard.jpg,75,75,State Department Fights for Rights of Gay Envoys,"State Department Fights for Rights of Gay Envoys Because of visa rules, roughly half of the department’s positions abroad are effectively off-limits to officers who want to move with their same-sex spouses. Because of visa rules, roughly half of the department’s positions abroad are effectively off-limits to officers who want to move with their same-sex spouses."
Syrians who rely on state television for their news missed harsh words about the conduct of forces loyal to President Bashar al-Assad.,article,nyt://article/8c492c82-ffea-5765-b692-00f881bb8a41,"[{'name': 'Location', 'value': 'Syria', 'rank': 1}, {'name': 'Organization', 'value': 'United Nations', 'rank': 2}, {'name': 'Subject', 'value': 'Civilian Casualties', 'rank': 3}, {'name': 'Person', 'value': ""O'Brien, Stephen Rothwell (1957- )"", 'rank': 4}, {'name': 'Location', 'value': 'Damascus (Syria)', 'rank': 5}]",Foreign,,,2015-08-17 22:52:22+00:00,World,Syrians who rely on state television for their news missed harsh words about the conduct of forces loyal to President Bashar al-Assad.,The New York Times,Middle East,News,nyt://article/8c492c82-ffea-5765-b692-00f881bb8a41,https://www.nytimes.com/2015/08/18/world/middleeast/syrian-state-tv-edits-out-criticism-from-visiting-un-official.html,243,By Robert Mackey,Syrian State TV Edits Out Criticism From Visiting U.N. Official,Open Source,Syrian State TV Edits Out Criticism From Visiting U.N. Official,,,,0,0,,0,0,Syrian State TV Edits Out Criticism From Visiting U.N. Official,Syrian State TV Edits Out Criticism From Visiting U.N. Official Syrians who rely on state television for their news missed harsh words about the conduct of forces loyal to President Bashar al-Assad. Syrians who rely on state television for their news missed harsh words about the conduct of forces loyal to President Bashar al-Assad.
ISIS seized more than 200 Assyrians in February when its fighters overran more than a dozen villages near the northeastern city of Hasaka.,article,nyt://article/309e6db9-65f5-5203-bce4-7f5e6e0e613e,"[{'name': 'Location', 'value': 'Syria', 'rank': 1}, {'name': 'Organization', 'value': 'Islamic State in Iraq and Syria (ISIS)', 'rank': 2}, {'name': 'Subject', 'value': 'Kidnapping and Hostages', 'rank': 3}, {'name': 'Organization', 'value': 'Syrian Observatory for Human Rights', 'rank': 4}, {'name': 'Subject', 'value': 'Christians and Christianity', 'rank': 5}, {'name': 'Subject', 'value': 'Assyrian Civilization', 'rank': 6}, {'name': 'Subject', 'value': 'Terrorism', 'rank': 7}]",Foreign,8.0,A,2015-08-11 23:50:23+00:00,World,ISIS seized more than 200 Assyrians in February when its fighters overran more than a dozen villages near the northeastern city of Hasaka.,The New York Times,Middle East,Brief,nyt://article/309e6db9-65f5-5203-bce4-7f5e6e0e613e,https://www.nytimes.com/2015/08/12/world/middleeast/syria-islamic-state-frees-22-assyrian-christians.html,161,By Reuters,Syria: Islamic State Frees 22 Assyrian Christians,World Briefing,Middle East; Syria: Islamic State Frees 22 Assyrian Christians,,,,0,0,,0,0,Syria: Islamic State Frees 22 Assyrian Christians,Syria: Islamic State Frees 22 Assyrian Christians ISIS seized more than 200 Assyrians in February when its fighters overran more than a dozen villages near the northeastern city of Hasaka. ISIS seized more than 200 Assyrians in February when its fighters overran more than a dozen villages near the northeastern city of Hasaka.
"In a warning issued on Wednesday, the agency said the recent nuclear deal “does not alter the United States’ assessment of the risks of travel to Iran for U.S. citizens.”",article,nyt://article/5a37bbd9-6481-5e25-b4eb-2a60741d555b,"[{'name': 'Person', 'value': 'Gordon, Michael R (Per)', 'rank': 1}, {'name': 'Subject', 'value': 'Nuclear Weapons', 'rank': 2}, {'name': 'Subject', 'value': 'Travel and Vacations', 'rank': 3}, {'name': 'Subject', 'value': 'Travel Warnings', 'rank': 4}, {'name': 'Subject', 'value': 'Americans Abroad', 'rank': 5}, {'name': 'Subject', 'value': 'United States International Relations', 'rank': 6}, {'name': 'Organization', 'value': 'State Department', 'rank': 7}, {'name': 'Person', 'value': 'Hekmati, Amir Mirzaei', 'rank': 8}, {'name': 'Person', 'value': 'Levinson, Robert A', 'rank': 9}, {'name': 'Person', 'value': 'Rezaian, Jason', 'rank': 10}, {'name': 'Location', 'value': 'Iran', 'rank': 11}]",Foreign,6.0,A,2015-08-06 08:16:04+00:00,World,"In a warning issued on Wednesday, the agency said the recent nuclear deal “does not alter the United States’ assessment of the risks of travel to Iran for U.S. citizens.”",The New York Times,Middle East,News,nyt://article/5a37bbd9-6481-5e25-b4eb-2a60741d555b,https://www.nytimes.com/2015/08/07/world/middleeast/iran-state-department-warning.html,431,By Michael R. Gordon,State Department Cautions Americans Considering Travel to Iran,,World Briefing | Middle East; Iran: State Department Warns Americans on Travel,,,,0,0,,0,0,State Department Cautions Americans Considering Travel to Iran,"State Department Cautions Americans Considering Travel to Iran In a warning issued on Wednesday, the agency said the recent nuclear deal “does not alter the United States’ assessment of the risks of travel to Iran for U.S. citizens.” In a warning issued on Wednesday, the agency said the recent nuclear deal “does not alter the United States’ assessment of the risks of travel to Iran for U.S. citizens.”"
"Instead, the money, nearly $700 million, originated from “contributions of donors,” the Malaysian Anti-Corruption Commission said.",article,nyt://article/0f4c8503-13d7-5446-9c41-ce597149b9df,"[{'name': 'Person', 'value': 'Ramzy, Austin', 'rank': 1}, {'name': 'Location', 'value': 'Malaysia', 'rank': 2}, {'name': 'Person', 'value': 'Najib Razak', 'rank': 3}, {'name': 'Subject', 'value': 'Corruption (Institutional)', 'rank': 4}, {'name': 'Subject', 'value': 'Campaign Finance', 'rank': 5}, {'name': 'Organization', 'value': '1Malaysia Development Berhad (1MDB)', 'rank': 6}]",Foreign,9.0,A,2015-08-03 14:14:21+00:00,World,"Instead, the money, nearly $700 million, originated from “contributions of donors,” the Malaysian Anti-Corruption Commission said.",The New York Times,Asia Pacific,News,nyt://article/0f4c8503-13d7-5446-9c41-ce597149b9df,https://www.nytimes.com/2015/08/04/world/asia/millions-in-najib-razak-accounts-didnt-come-from-state-fund-malaysian-antigraft-body-says.html,432,By Austin Ramzy,"Millions in Premier’s Accounts Didn’t Come From State Fund, Malaysian Antigraft Body Says",,Graft Panel in Malaysia Issues Ruling for Premier,Police officers detained a protester during a demonstration against Prime Minister Najib Razak of Malaysia in Kuala Lumpur on Saturday.,Mohd Rasfan/Agence France-Presse — Getty Images,https://static01.nyt.com/images/2015/08/04/world/04Malaysia1-web/04Malaysia1-web-articleLarge.jpg,399,600,https://static01.nyt.com/images/2015/08/04/world/04Malaysia1-web/04Malaysia1-web-thumbStandard.jpg,75,75,"Millions in Premier’s Accounts Didn’t Come From State Fund, Malaysian Antigraft Body Says","Millions in Premier’s Accounts Didn’t Come From State Fund, Malaysian Antigraft Body Says Instead, the money, nearly $700 million, originated from “contributions of donors,” the Malaysian Anti-Corruption Commission said. Instead, the money, nearly $700 million, originated from “contributions of donors,” the Malaysian Anti-Corruption Commission said."
"The parent company of the two publications said the order was in response to coverage of possible fraud involving the fund, 1Malaysia Development Berhad.",article,nyt://article/f6f0d8c3-7823-5489-b542-23db787ae1c1,"[{'name': 'Person', 'value': 'Ramzy, Austin', 'rank': 1}, {'name': 'Location', 'value': 'Malaysia', 'rank': 2}, {'name': 'Person', 'value': 'Najib Razak', 'rank': 3}, {'name': 'Subject', 'value': 'Freedom of the Press', 'rank': 4}, {'name': 'Subject', 'value': 'News and News Media', 'rank': 5}, {'name': 'Organization', 'value': '1Malaysia Development Berhad (1MDB)', 'rank': 6}]",Foreign,8.0,A,2015-07-24 10:23:36+00:00,World,"The parent company of the two publications said the order was in response to coverage of possible fraud involving the fund, 1Malaysia Development Berhad.",The New York Times,Asia Pacific,News,nyt://article/f6f0d8c3-7823-5489-b542-23db787ae1c1,https://www.nytimes.com/2015/07/25/world/asia/malaysia-suspends-2-newspapers-covering-scandal-at-state-owned-fund.html,441,By Austin Ramzy,Malaysia Suspends 2 Newspapers Covering Scandal at State-Owned Fund,,World Briefing | Asia; Malaysia: 2 Newspapers Ordered to Stop Publishing for 3 Months,"Prime Minister Najib Razak of Malaysia, center, and other members of the country’s elite have been embroiled in a financial scandal.",Joshua Paul/Associated Press,https://static01.nyt.com/images/2015/07/25/world/25Malaysia-web/25Malaysia-web-articleLarge.jpg,400,600,https://static01.nyt.com/images/2015/07/25/world/25Malaysia-web/25Malaysia-web-thumbStandard.jpg,75,75,Malaysia Suspends 2 Newspapers Covering Scandal at State-Owned Fund,"Malaysia Suspends 2 Newspapers Covering Scandal at State-Owned Fund The parent company of the two publications said the order was in response to coverage of possible fraud involving the fund, 1Malaysia Development Berhad. The parent company of the two publications said the order was in response to coverage of possible fraud involving the fund, 1Malaysia Development Berhad."
"The Islamic State is gaining a capacity to govern. But while the group still relies on brutality, its shift may have the West rethinking a military-first strategy.",article,nyt://article/1610a6a6-c25a-5a62-895f-93145f968ba3,"[{'name': 'Organization', 'value': 'Islamic State in Iraq and Syria (ISIS)', 'rank': 1}, {'name': 'Person', 'value': 'Arango, Tim', 'rank': 2}, {'name': 'Location', 'value': 'Iraq', 'rank': 3}, {'name': 'Location', 'value': 'Syria', 'rank': 4}, {'name': 'Subject', 'value': 'Terrorism', 'rank': 5}]",Foreign,1.0,A,2015-07-21 09:00:25+00:00,World,"The Islamic State is gaining a capacity to govern. But while the group still relies on brutality, its shift may have the West rethinking a military-first strategy.",The New York Times,Middle East,News,nyt://article/1610a6a6-c25a-5a62-895f-93145f968ba3,https://www.nytimes.com/2015/07/22/world/middleeast/isis-transforming-into-functioning-state-that-uses-terror-as-tool.html,1516,By Tim Arango,ISIS Transforming Into Functioning State That Uses Terror as Tool,,"Built on Terror, ISIS Is Planting Roots to Govern ","An Islamic State member gave a soccer ball to a boy at a public event in Syria, in a photograph released by a militant website.",via Associated Press,https://static01.nyt.com/images/2015/07/22/world/22IslamicState-web5/22IslamicState-web5-articleLarge.jpg,428,600,https://static01.nyt.com/images/2015/07/22/world/22IslamicState-web5/22IslamicState-web5-thumbStandard-v2.jpg,75,75,ISIS Transforming Into Functioning State That Uses Terror as Tool,"ISIS Transforming Into Functioning State That Uses Terror as Tool The Islamic State is gaining a capacity to govern. But while the group still relies on brutality, its shift may have the West rethinking a military-first strategy. The Islamic State is gaining a capacity to govern. But while the group still relies on brutality, its shift may have the West rethinking a military-first strategy."
"The affiliate, which calls itself Sinai Province, said that it carried out an attack on military checkpoints in North Sinai that killed five members of the government’s forces.",article,nyt://article/e707afc8-283d-5ee0-94fd-1e305d5aa08d,"[{'name': 'Subject', 'value': 'Terrorism', 'rank': 1}, {'name': 'Location', 'value': 'Sinai Peninsula (Egypt)', 'rank': 2}, {'name': 'Organization', 'value': 'Islamic State in Iraq and Syria (ISIS)', 'rank': 3}, {'name': 'Organization', 'value': 'Sinai Province of the Islamic State', 'rank': 4}]",Foreign,,,2015-07-19 02:23:46+00:00,World,"The affiliate, which calls itself Sinai Province, said that it carried out an attack on military checkpoints in North Sinai that killed five members of the government’s forces.",The New York Times,Middle East,News,nyt://article/e707afc8-283d-5ee0-94fd-1e305d5aa08d,https://www.nytimes.com/2015/07/19/world/middleeast/egyptian-affiliate-of-islamic-state-claims-attack-on-checkpoints.html,227,By Reuters,Egyptian Affiliate of Islamic State Claims Attack on Checkpoints,,Egyptian Affiliate of Islamic State Claims Attack on Checkpoints,,,,0,0,,0,0,Egyptian Affiliate of Islamic State Claims Attack on Checkpoints,"Egyptian Affiliate of Islamic State Claims Attack on Checkpoints The affiliate, which calls itself Sinai Province, said that it carried out an attack on military checkpoints in North Sinai that killed five members of the government’s forces. The affiliate, which calls itself Sinai Province, said that it carried out an attack on military checkpoints in North Sinai that killed five members of the government’s forces."
"A week after a terrorist attack killed more than 30 foreign tourists, President Beji Caid Essebsi of Tunisia has declared a state of emergency that will increase the powers of the security services.",article,nyt://article/79ca502f-3e08-589b-80a9-09eac5ec2d57,"[{'name': 'Person', 'value': 'Gall, Carlotta', 'rank': 1}, {'name': 'Location', 'value': 'Tunisia', 'rank': 2}, {'name': 'Subject', 'value': 'Terrorism', 'rank': 3}, {'name': 'Person', 'value': 'Essebsi, Beji Caid', 'rank': 4}, {'name': 'Subject', 'value': 'Defense and Military Forces', 'rank': 5}, {'name': 'Organization', 'value': 'Imperial Marhaba Hotel (Sousse, Tunisia, Hotel)', 'rank': 6}]",Foreign,7.0,A,2015-07-04 17:29:52+00:00,World,"A week after a terrorist attack killed more than 30 foreign tourists, President Beji Caid Essebsi of Tunisia has declared a state of emergency that will increase the powers of the security services.",The New York Times,Africa,News,nyt://article/79ca502f-3e08-589b-80a9-09eac5ec2d57,https://www.nytimes.com/2015/07/05/world/africa/state-of-emergency-is-declared-in-tunisia.html,533,By Carlotta Gall,State of Emergency Is Declared in Tunisia,,State of Emergency Is Declared in Tunisia,"President Beji Caid Essebsi of Tunisia, in an image provided by his office, declaring a state of emergency on Saturday.",Agence France-Presse — Getty Images,https://static01.nyt.com/images/2015/07/05/world/TUNISIA/TUNISIA-articleLarge.jpg,539,600,https://static01.nyt.com/images/2015/07/05/world/TUNISIA/TUNISIA-thumbStandard.jpg,75,75,State of Emergency Is Declared in Tunisia,"State of Emergency Is Declared in Tunisia A week after a terrorist attack killed more than 30 foreign tourists, President Beji Caid Essebsi of Tunisia has declared a state of emergency that will increase the powers of the security services. A week after a terrorist attack killed more than 30 foreign tourists, President Beji Caid Essebsi of Tunisia has declared a state of emergency that will increase the powers of the security services."
"As it expanded across Iraq and Syria, the Islamic State destroyed many archaeological sites, looting them for profit and damaging some for propaganda.",interactive,nyt://interactive/8b99b5c1-384c-52ff-844c-06dbcbc0ac3d,"[{'name': 'Organization', 'value': 'Islamic State in Iraq and Syria (ISIS)', 'rank': 1}, {'name': 'Location', 'value': 'Palmyra (Syria)', 'rank': 2}, {'name': 'Organization', 'value': 'United Nations Educational, Scientific and Cultural Organization', 'rank': 3}, {'name': 'Subject', 'value': 'Archaeology and Anthropology', 'rank': 4}, {'name': 'Subject', 'value': 'Historic Buildings and Sites', 'rank': 5}]",,,,2015-07-01 23:11:59+00:00,World,"As it expanded across Iraq and Syria, the Islamic State destroyed many archaeological sites, looting them for profit and damaging some for propaganda.",The New York Times,Middle East,Interactive Feature,nyt://interactive/8b99b5c1-384c-52ff-844c-06dbcbc0ac3d,https://www.nytimes.com/interactive/2015/06/29/world/middleeast/isis-historic-sites-control.html,0,By SARAH ALMUKHTAR,The Strategy Behind the Islamic State’s Destruction of Ancient Sites,,,,Sergey Ponomarev for The New York Times; Agence France-Presse — Getty Images,https://static01.nyt.com/images/2015/06/29/world/middleeast/isis-historic-sites-control-1435711528382/isis-historic-sites-control-1435711528382-articleLarge-v4.png,400,600,https://static01.nyt.com/images/2015/06/29/world/middleeast/isis-historic-sites-control-1435711528382/isis-historic-sites-control-1435711528382-thumbStandard-v4.png,75,75,The Strategy Behind the Islamic State’s Destruction of Ancient Sites,"The Strategy Behind the Islamic State’s Destruction of Ancient Sites As it expanded across Iraq and Syria, the Islamic State destroyed many archaeological sites, looting them for profit and damaging some for propaganda. As it expanded across Iraq and Syria, the Islamic State destroyed many archaeological sites, looting them for profit and damaging some for propaganda."
Israel’s government released an animated video that equates the threat from Islamic State militants to that of a nuclear-armed Iran.,article,nyt://article/7e1e09b7-5cbf-56ee-b380-d881dc32d2a7,"[{'name': 'Location', 'value': 'Israel', 'rank': 1}, {'name': 'Location', 'value': 'Iran', 'rank': 2}, {'name': 'Organization', 'value': 'Islamic State in Iraq and Syria (ISIS)', 'rank': 3}, {'name': 'Subject', 'value': 'Cartoons and Cartoonists', 'rank': 4}, {'name': 'Person', 'value': 'Netanyahu, Benjamin', 'rank': 5}, {'name': 'Subject', 'value': 'Social Media', 'rank': 6}, {'name': 'Subject', 'value': 'International Relations', 'rank': 7}]",Foreign,,,2015-06-30 21:18:14+00:00,World,Israel’s government released an animated video that equates the threat from Islamic State militants to that of a nuclear-armed Iran.,The New York Times,Middle East,News,nyt://article/7e1e09b7-5cbf-56ee-b380-d881dc32d2a7,https://www.nytimes.com/2015/07/01/world/middleeast/israels-cartoon-diplomacy-equates-iran-and-islamic-state.html,817,By Robert Mackey,Israel’s Cartoon Diplomacy Equates Iran and Islamic State,Open Source,Israel’s Cartoon Diplomacy Equates Iran and Islamic State,A screen shot from an animated video released by Israel that shows Islamic State militants killing prisoners.,,https://static01.nyt.com/images/2015/07/01/world/middleeast/01opensource-israel/01opensource-israel-articleLarge.png,324,600,https://static01.nyt.com/images/2015/07/01/world/middleeast/01opensource-israel/01opensource-israel-thumbStandard.png,75,75,Israel’s Cartoon Diplomacy Equates Iran and Islamic State,Israel’s Cartoon Diplomacy Equates Iran and Islamic State Israel’s government released an animated video that equates the threat from Islamic State militants to that of a nuclear-armed Iran. Israel’s government released an animated video that equates the threat from Islamic State militants to that of a nuclear-armed Iran.
"Nigeria’s new president, Muhammadu Buhari, on Friday dissolved the board of the state oil company from which billions of dollars is reported to be missing.",article,nyt://article/8a821fca-80d6-5494-96d5-2130f72efc05,"[{'name': 'Location', 'value': 'Nigeria', 'rank': 1}, {'name': 'Person', 'value': 'Buhari, Muhammadu', 'rank': 2}, {'name': 'Organization', 'value': 'Nigerian National Petroleum Corp', 'rank': 3}, {'name': 'Subject', 'value': 'Oil (Petroleum) and Gasoline', 'rank': 4}, {'name': 'Subject', 'value': 'Corruption (Institutional)', 'rank': 5}]",Foreign,9.0,A,2015-06-27 01:02:59+00:00,World,"Nigeria’s new president, Muhammadu Buhari, on Friday dissolved the board of the state oil company from which billions of dollars is reported to be missing.",The New York Times,Africa,Brief,nyt://article/8a821fca-80d6-5494-96d5-2130f72efc05,https://www.nytimes.com/2015/06/27/world/africa/nigeria-board-of-state-oil-company-is-dissolved-after-corruption-scandal.html,146,By The Associated Press,Nigeria: Board of State Oil Company Is Dissolved After Corruption Scandal,World Briefing,Africa; Nigeria: Board of State Oil Company Is Dissolved After Corruption Scandal,,,,0,0,,0,0,Nigeria: Board of State Oil Company Is Dissolved After Corruption Scandal,"Nigeria: Board of State Oil Company Is Dissolved After Corruption Scandal Nigeria’s new president, Muhammadu Buhari, on Friday dissolved the board of the state oil company from which billions of dollars is reported to be missing. Nigeria’s new president, Muhammadu Buhari, on Friday dissolved the board of the state oil company from which billions of dollars is reported to be missing."
"The Holy See has said it hopes the accord, the result of 15 years of negotiations, will lead to improved relations in the Middle East.",article,nyt://article/a5e5c388-459b-515c-94b2-7742a485037e,"[{'name': 'Person', 'value': 'Povoledo, Elisabetta', 'rank': 1}, {'name': 'Organization', 'value': 'Roman Catholic Church', 'rank': 2}, {'name': 'Subject', 'value': 'Palestinians', 'rank': 3}, {'name': 'Location', 'value': 'Israel', 'rank': 4}, {'name': 'Organization', 'value': 'Palestinian Authority', 'rank': 5}]",Foreign,9.0,A,2015-06-26 14:19:08+00:00,World,"The Holy See has said it hopes the accord, the result of 15 years of negotiations, will lead to improved relations in the Middle East.",The New York Times,Middle East,News,nyt://article/a5e5c388-459b-515c-94b2-7742a485037e,https://www.nytimes.com/2015/06/27/world/middleeast/vatican-palestinian-state.html,199,By Elisabetta Povoledo,Vatican Formally Recognizes Palestinian State by Signing Treaty,,World Briefing | Europe; The Vatican: Accord Nods to Statehood for Palestinians in Effort to Aid Talks,"Palestinian Foreign Minister Riad al-Malki, standing, at a treaty-signing ceremony at the Vatican on Friday.","L'Ossservatore Romano, via Associated Press",https://static01.nyt.com/images/2015/06/27/world/27Vatican-web/27Vatican-web-articleLarge.jpg,400,600,https://static01.nyt.com/images/2015/06/27/world/27Vatican-web/27Vatican-web-thumbStandard.jpg,75,75,Vatican Formally Recognizes Palestinian State by Signing Treaty,"Vatican Formally Recognizes Palestinian State by Signing Treaty The Holy See has said it hopes the accord, the result of 15 years of negotiations, will lead to improved relations in the Middle East. The Holy See has said it hopes the accord, the result of 15 years of negotiations, will lead to improved relations in the Middle East."
"The country receives an average of 50,000 applications daily, and officials say that medical or humanitarian visas deemed priorities will be issued.",article,nyt://article/6d4070fe-d5b8-52a1-88a5-9e1af9f2ee76,"[{'name': '', 'value': '', 'rank': 1}, {'name': 'Organization', 'value': 'State Department', 'rank': 2}, {'name': 'Subject', 'value': 'Foreign Workers', 'rank': 3}, {'name': 'Subject', 'value': 'Immigration and Emigration', 'rank': 4}, {'name': 'Subject', 'value': 'Travel and Vacations', 'rank': 5}, {'name': 'Subject', 'value': 'Visas', 'rank': 6}, {'name': 'Location', 'value': 'United States', 'rank': 7}, {'name': 'Subject', 'value': 'Biometrics', 'rank': 8}, {'name': 'Person', 'value': 'Kirby, John', 'rank': 9}, {'name': 'Person', 'value': 'Ade, King Sunny', 'rank': 10}]",Foreign,9.0,A,2015-06-22 22:25:45+00:00,World,"The country receives an average of 50,000 applications daily, and officials say that medical or humanitarian visas deemed priorities will be issued.",The New York Times,Americas,News,nyt://article/6d4070fe-d5b8-52a1-88a5-9e1af9f2ee76,https://www.nytimes.com/2015/06/23/world/americas/computer-failure-leaves-state-dept-unable-to-issue-visas.html,412,By Karen Zraick,Computer Failure Leaves State Dept. Unable to Issue Visas,,World Briefing; Glitch Halts Issuing of U.S. Visas,,,,0,0,,0,0,Computer Failure Leaves State Dept. Unable to Issue Visas,"Computer Failure Leaves State Dept. Unable to Issue Visas The country receives an average of 50,000 applications daily, and officials say that medical or humanitarian visas deemed priorities will be issued. The country receives an average of 50,000 applications daily, and officials say that medical or humanitarian visas deemed priorities will be issued."
"The country has been unwilling to moderate its foreign policy in the Middle East or bring Qaeda members to justice, an annual report released on Friday said.",article,nyt://article/a1712fa8-84e3-5972-965f-c6bd177cf8b4,"[{'name': 'Person', 'value': 'Gordon, Michael R', 'rank': 1}, {'name': 'Subject', 'value': 'Terrorism', 'rank': 2}, {'name': 'Person', 'value': 'Schmitt, Eric', 'rank': 3}, {'name': 'Location', 'value': 'Iran', 'rank': 4}, {'name': 'Location', 'value': 'Syria', 'rank': 5}, {'name': 'Person', 'value': 'Assad, Bashar al-', 'rank': 6}, {'name': 'Organization', 'value': 'State Department', 'rank': 7}, {'name': 'Subject', 'value': 'United States International Relations', 'rank': 8}, {'name': 'Organization', 'value': 'Islamic Revolutionary Guards Corps', 'rank': 9}, {'name': 'Organization', 'value': 'Islamic State in Iraq and Syria (ISIS)', 'rank': 10}]",Foreign,7.0,A,2015-06-19 16:44:56+00:00,World,"The country has been unwilling to moderate its foreign policy in the Middle East or bring Qaeda members to justice, an annual report released on Friday said.",The New York Times,Middle East,News,nyt://article/a1712fa8-84e3-5972-965f-c6bd177cf8b4,https://www.nytimes.com/2015/06/20/world/middleeast/state-department-terrorism-report-iran-syria.html,937,By Michael R. Gordon and Eric Schmitt,"Iran Still Aids Terrorism and Bolsters Syria’s President, State Department Finds",,"Iran Still Aids Terrorism and Bolsters Syria&#8217;s President, State Department Finds",,,,0,0,,0,0,"Iran Still Aids Terrorism and Bolsters Syria’s President, State Department Finds","Iran Still Aids Terrorism and Bolsters Syria’s President, State Department Finds The country has been unwilling to moderate its foreign policy in the Middle East or bring Qaeda members to justice, an annual report released on Friday said. The country has been unwilling to moderate its foreign policy in the Middle East or bring Qaeda members to justice, an annual report released on Friday said."
An internal memo paints a dismal picture of the Obama administration’s efforts to counter messaging by the Islamic State.,interactive,nyt://interactive/370149f2-012f-5e63-afd8-ee8463085508,"[{'name': 'Subject', 'value': 'Muslims and Islam', 'rank': 1}, {'name': 'Subject', 'value': 'Terrorism', 'rank': 2}, {'name': 'Organization', 'value': 'State Department', 'rank': 3}, {'name': 'Organization', 'value': 'Islamic State in Iraq and Syria (ISIS)', 'rank': 4}, {'name': 'Person', 'value': 'Obama, Barack', 'rank': 5}]",,,,2015-06-13 01:26:07+00:00,World,An internal memo paints a dismal picture of the Obama administration’s efforts to counter messaging by the Islamic State.,The New York Times,Middle East,Interactive Feature,nyt://interactive/370149f2-012f-5e63-afd8-ee8463085508,https://www.nytimes.com/interactive/2015/06/12/world/middleeast/document-state-department-memo-on-the-islamic-state-group.html,0,,State Department Memo on the Islamic State Group,,,,,,0,0,https://static01.nyt.com/images/2015/06/12/world/document-state-department-memo-on-the-islamic-state-group/document-state-department-memo-on-the-islamic-state-group-thumbStandard.gif,75,75,State Department Memo on the Islamic State Group,State Department Memo on the Islamic State Group An internal memo paints a dismal picture of the Obama administration’s efforts to counter messaging by the Islamic State. An internal memo paints a dismal picture of the Obama administration’s efforts to counter messaging by the Islamic State.
"Doctors have posted hundreds of photos of patients surrounded by filth, stray cats, sewage, rodent droppings and snakes.",article,nyt://article/5ba1f862-6433-57b7-b958-1f811104c5b8,"[{'name': 'Location', 'value': 'Egypt', 'rank': 1}, {'name': 'Organization', 'value': 'Facebook Inc', 'rank': 2}, {'name': 'Subject', 'value': 'Social Media', 'rank': 3}, {'name': 'Subject', 'value': 'Doctors', 'rank': 4}]",Foreign,,,2015-06-13 01:06:26+00:00,World,"Doctors have posted hundreds of photos of patients surrounded by filth, stray cats, sewage, rodent droppings and snakes.",The New York Times,Middle East,News,nyt://article/5ba1f862-6433-57b7-b958-1f811104c5b8,https://www.nytimes.com/2015/06/13/world/middleeast/egyptian-doctors-shame-government-with-facebook-images-of-filthy-state-run-hospitals.html,398,By Robert Mackey,Egyptian Doctors Shame Government With Facebook Images of Filthy State-Run Hospitals,Open Source,Egyptian Doctors Shame Government With Facebook Images of Filthy State-Run Hospitals,An image of a cat-infested hospital room in Egypt posted on Facebook this week.,,,0,0,https://static01.nyt.com/images/2015/06/12/world/middleeast/12open_fb2/12open_fb2-thumbStandard.jpg,75,75,Egyptian Doctors Shame Government With Facebook Images of Filthy State-Run Hospitals,"Egyptian Doctors Shame Government With Facebook Images of Filthy State-Run Hospitals Doctors have posted hundreds of photos of patients surrounded by filth, stray cats, sewage, rodent droppings and snakes. Doctors have posted hundreds of photos of patients surrounded by filth, stray cats, sewage, rodent droppings and snakes."
Boko Haram became the largest affiliate of the Islamic State after months of strengthening its propaganda.,interactive,nyt://interactive/db583a61-734d-5d7e-9a0b-f35a47da7f13,"[{'name': 'Organization', 'value': 'Boko Haram', 'rank': 1}, {'name': 'Organization', 'value': 'Islamic State in Iraq and Syria (ISIS)', 'rank': 2}, {'name': 'Location', 'value': 'Nigeria', 'rank': 3}, {'name': 'Subject', 'value': 'Propaganda', 'rank': 4}]",,,,2015-06-11 00:05:19+00:00,World,Boko Haram became the largest affiliate of the Islamic State after months of strengthening its propaganda.,The New York Times,Africa,Interactive Feature,nyt://interactive/db583a61-734d-5d7e-9a0b-f35a47da7f13,https://www.nytimes.com/interactive/2015/06/11/world/africa/boko-haram-isis-propaganda-video-nigeria.html,0,By SARAH ALMUKHTAR,How Boko Haram Courted and Joined the Islamic State,,,,,https://static01.nyt.com/images/2015/06/11/world/africa/boko-haram-isis-propaganda-video-nigeria-1433979608810/boko-haram-isis-propaganda-video-nigeria-1433979608810-articleLarge.png,282,600,https://static01.nyt.com/images/2015/06/11/world/africa/boko-haram-isis-propaganda-video-nigeria-1433979608810/boko-haram-isis-propaganda-video-nigeria-1433979608810-thumbStandard.png,75,75,How Boko Haram Courted and Joined the Islamic State,How Boko Haram Courted and Joined the Islamic State Boko Haram became the largest affiliate of the Islamic State after months of strengthening its propaganda. Boko Haram became the largest affiliate of the Islamic State after months of strengthening its propaganda.
"United States officials will not meet with visiting members of a delegation from Egypt’s Muslim Brotherhood, a State Department spokesman said Tuesday.",article,nyt://article/9cf90cb6-7bb8-5926-9fe3-bd1db46e2fce,"[{'name': 'Location', 'value': 'Egypt', 'rank': 1}, {'name': 'Organization', 'value': 'Muslim Brotherhood (Egypt)', 'rank': 2}, {'name': 'Organization', 'value': 'State Department', 'rank': 3}, {'name': 'Subject', 'value': 'United States International Relations', 'rank': 4}]",Foreign,9.0,A,2015-06-10 02:18:46+00:00,World,"United States officials will not meet with visiting members of a delegation from Egypt’s Muslim Brotherhood, a State Department spokesman said Tuesday.",The New York Times,Middle East,Brief,nyt://article/9cf90cb6-7bb8-5926-9fe3-bd1db46e2fce,https://www.nytimes.com/2015/06/10/world/middleeast/egypt-state-dept-says-it-wont-meet-with-brotherhood-group-in-washington.html,110,By Reuters,Egypt: State Dept. Says It Won’t Meet With Brotherhood Group in Washington,World Briefing,Middle East; Egypt: State Dept. Says It Won’t Meet With Brotherhood Group in Washington,,,,0,0,,0,0,Egypt: State Dept. Says It Won’t Meet With Brotherhood Group in Washington,"Egypt: State Dept. Says It Won’t Meet With Brotherhood Group in Washington United States officials will not meet with visiting members of a delegation from Egypt’s Muslim Brotherhood, a State Department spokesman said Tuesday. United States officials will not meet with visiting members of a delegation from Egypt’s Muslim Brotherhood, a State Department spokesman said Tuesday."
From the International Herald Tribune archives: Secretary of State William Jennings Bryan resigns in 1915.,article,nyt://article/d5d07e4c-2db8-53b6-b6ce-16700c6f2a35,"[{'name': 'Subject', 'value': 'World War I (1914-18)', 'rank': 1}, {'name': 'Person', 'value': 'Wilson, Woodrow', 'rank': 2}, {'name': 'Location', 'value': 'United States', 'rank': 3}]",Foreign,,,2015-06-08 17:25:08+00:00,World,From the International Herald Tribune archives: Secretary of State William Jennings Bryan resigns in 1915.,The New York Times,,News,nyt://article/d5d07e4c-2db8-53b6-b6ce-16700c6f2a35,https://iht-retrospective.blogs.nytimes.com/2015/06/08/1915-secretary-of-state-resigns/,114,By International Herald Tribune,1915: Secretary of State Resigns,IHT Retrospective,,"President Woodrow Wilson, left, and William Jennings Bryan in 1912.",Library of Congress,https://static01.nyt.com/images/2015/06/09/blogs/09iht-oldjune09-wilson/09iht-oldjune09-wilson-articleLarge.jpg,429,600,https://static01.nyt.com/images/2015/06/09/blogs/09iht-oldjune09-wilson/09iht-oldjune09-wilson-thumbStandard.jpg,75,75,1915: Secretary of State Resigns,1915: Secretary of State Resigns From the International Herald Tribune archives: Secretary of State William Jennings Bryan resigns in 1915. From the International Herald Tribune archives: Secretary of State William Jennings Bryan resigns in 1915.
"The case of Vincent Lambert, who was paralyzed in a car accident seven years ago, has been at the center of debates on end-of-life decisions in France.",article,nyt://article/c78396e5-47a7-5824-9b06-4253bc19d6a1,"[{'name': 'Subject', 'value': 'Life-Sustaining Support Systems, Withdrawal Of', 'rank': 1}, {'name': 'Organization', 'value': 'European Court of Human Rights', 'rank': 2}, {'name': 'Location', 'value': 'France', 'rank': 3}]",Foreign,,,2015-06-05 17:04:45+00:00,World,"The case of Vincent Lambert, who was paralyzed in a car accident seven years ago, has been at the center of debates on end-of-life decisions in France.",The New York Times,Europe,News,nyt://article/c78396e5-47a7-5824-9b06-4253bc19d6a1,https://www.nytimes.com/2015/06/06/world/europe/frenchman-in-vegetative-state-can-be-taken-off-life-support-court-rules.html,358,By Aurelien Breeden,"Frenchman in Vegetative State Can Be Taken Off Life Support, Court Rules",World Briefing,,,,,0,0,,0,0,"Frenchman in Vegetative State Can Be Taken Off Life Support, Court Rules","Frenchman in Vegetative State Can Be Taken Off Life Support, Court Rules The case of Vincent Lambert, who was paralyzed in a car accident seven years ago, has been at the center of debates on end-of-life decisions in France. The case of Vincent Lambert, who was paralyzed in a car accident seven years ago, has been at the center of debates on end-of-life decisions in France."
"A family has sued the liquor maker Wuliangye over ownership of pits used to make baijiu, a powerful, clear liquor.",article,nyt://article/4dbc9de2-47a6-510e-87fb-a832e6929a0b,"[{'name': 'Keyword', 'value': 'Baijiu', 'rank': 1}, {'name': 'Organization', 'value': 'Wuliangye', 'rank': 2}, {'name': 'Subject', 'value': 'Factories and Manufacturing', 'rank': 3}, {'name': 'Subject', 'value': 'Liquor', 'rank': 4}, {'name': 'Subject', 'value': 'Suits and Litigation (Civil)', 'rank': 5}, {'name': 'Person', 'value': 'Mao Zedong', 'rank': 6}, {'name': 'Organization', 'value': 'Communist Party of China', 'rank': 7}, {'name': 'Organization', 'value': 'Wuliangye Yibin Co Ltd', 'rank': 8}, {'name': 'Location', 'value': 'Sichuan Province (China)', 'rank': 9}]",Foreign,,,2015-05-26 09:17:01+00:00,World,"A family has sued the liquor maker Wuliangye over ownership of pits used to make baijiu, a powerful, clear liquor.",The New York Times,Asia Pacific,News,nyt://article/4dbc9de2-47a6-510e-87fb-a832e6929a0b,https://sinosphere.blogs.nytimes.com/2015/05/26/chinese-distiller-sued-in-test-of-state-vs-private-ownership/,1058,By Vanessa Piao,Chinese Distiller Sued in Test of State v. Private Ownership,Sinosphere,,Inside the Wuliangye workshop where the 16 Ming dynasty fermentation pits are located.,Courtesy of Wuliangye,https://static01.nyt.com/images/2015/05/26/blogs/26sino-baijiu02/26sino-baijiu02-articleLarge.jpg,400,600,https://static01.nyt.com/images/2015/05/26/blogs/26sino-baijiu02/26sino-baijiu02-thumbStandard.jpg,75,75,Chinese Distiller Sued in Test of State v. Private Ownership,"Chinese Distiller Sued in Test of State v. Private Ownership A family has sued the liquor maker Wuliangye over ownership of pits used to make baijiu, a powerful, clear liquor. A family has sued the liquor maker Wuliangye over ownership of pits used to make baijiu, a powerful, clear liquor."
The economist argues that China’s economic boom has been fueled by private enterprise and policies that have allowed the market to play a greater role.,article,nyt://article/41d2f623-af22-5119-b1d5-90db07889c5d,"[{'name': 'Person', 'value': 'Nicholas Lardy', 'rank': 1}, {'name': 'Title', 'value': 'State Capitalism (Book)', 'rank': 2}, {'name': 'Subject', 'value': 'Nationalization of Industry', 'rank': 3}, {'name': 'Subject', 'value': 'Privatization', 'rank': 4}, {'name': 'Person', 'value': 'Lardy, Nicholas R', 'rank': 5}, {'name': 'Person', 'value': 'Li Keqiang', 'rank': 6}, {'name': 'Person', 'value': 'Xi Jinping', 'rank': 7}, {'name': 'Organization', 'value': 'Huawei Technologies Co Ltd', 'rank': 8}, {'name': 'Organization', 'value': 'Yum Brands Inc', 'rank': 9}, {'name': 'Location', 'value': 'China', 'rank': 10}]",Foreign,,,2015-05-15 09:56:00+00:00,World,The economist argues that China’s economic boom has been fueled by private enterprise and policies that have allowed the market to play a greater role.,The New York Times,Asia Pacific,News,nyt://article/41d2f623-af22-5119-b1d5-90db07889c5d,https://sinosphere.blogs.nytimes.com/2015/05/15/q-and-a-nicholas-r-lardy-on-markets-and-the-state-in-china/,1628,By David Barboza,Q. and A.: Nicholas R. Lardy on Markets and the State in China,Sinosphere,,,,,0,0,,0,0,Q. and A.: Nicholas R. Lardy on Markets and the State in China,Q. and A.: Nicholas R. Lardy on Markets and the State in China The economist argues that China’s economic boom has been fueled by private enterprise and policies that have allowed the market to play a greater role. The economist argues that China’s economic boom has been fueled by private enterprise and policies that have allowed the market to play a greater role.
The Vatican said in a statement that the treaty would be signed in the near future. Israeli officials said they were disappointed by the designation.,article,nyt://article/e930309b-4ef9-5480-a6c0-340b5ec1a2cb,"[{'name': 'Organization', 'value': 'Roman Catholic Church', 'rank': 1}, {'name': 'Person', 'value': 'Rudoren, Jodi', 'rank': 2}, {'name': 'Person', 'value': 'Francis', 'rank': 3}, {'name': 'Person', 'value': 'Hadid, Diaa', 'rank': 4}, {'name': 'Location', 'value': 'Israel', 'rank': 5}, {'name': 'Subject', 'value': 'Palestinians', 'rank': 6}]",Foreign,1.0,A,2015-05-13 14:59:47+00:00,World,The Vatican said in a statement that the treaty would be signed in the near future. Israeli officials said they were disappointed by the designation.,The New York Times,Middle East,News,nyt://article/e930309b-4ef9-5480-a6c0-340b5ec1a2cb,https://www.nytimes.com/2015/05/14/world/middleeast/vatican-to-recognize-palestinian-state-in-new-treaty.html,1154,By Jodi Rudoren and Diaa Hadid,Vatican to Recognize Palestinian State in New Treaty,,Pope Aids Push for Statehood by Palestinians,"Pope Francis at the Vatican in 2014 with Presidents Shimon Peres of Israel, left, and Mahmoud Abbas of the Palestinian Authority.",Franco Origlia/Getty Images,https://static01.nyt.com/images/2015/05/14/world/14vatican2-web/14vatican2-web-articleLarge.jpg,400,600,https://static01.nyt.com/images/2015/05/14/world/14vatican2-web/14vatican2-web-thumbStandard.jpg,75,75,Vatican to Recognize Palestinian State in New Treaty,Vatican to Recognize Palestinian State in New Treaty The Vatican said in a statement that the treaty would be signed in the near future. Israeli officials said they were disappointed by the designation. The Vatican said in a statement that the treaty would be signed in the near future. Israeli officials said they were disappointed by the designation.
Melih Gokcek’s Twitter posts were an effort to highlight what he saw as hypocrisy shown by the United States government and media in taking other countries to task for their human rights lapses.,article,nyt://article/d5f2690b-9302-59c9-9dde-8cb4d7065d4d,"[{'name': 'Person', 'value': 'Yeginsu, Ceylan', 'rank': 1}, {'name': 'Location', 'value': 'Turkey', 'rank': 2}, {'name': 'Person', 'value': 'Harf, Marie E', 'rank': 3}, {'name': 'Person', 'value': 'Gokcek, Melih (1948- )', 'rank': 4}, {'name': 'Subject', 'value': 'Police Brutality, Misconduct and Shootings', 'rank': 5}, {'name': 'Organization', 'value': 'Twitter', 'rank': 6}, {'name': 'Subject', 'value': 'Demonstrations, Protests and Riots', 'rank': 7}, {'name': 'Person', 'value': 'Gray, Freddie (1989-2015)', 'rank': 8}, {'name': 'Location', 'value': 'Baltimore (Md)', 'rank': 9}, {'name': 'Location', 'value': 'Ankara (Turkey)', 'rank': 10}]",Foreign,13.0,A,2015-04-29 22:58:00+00:00,World,Melih Gokcek’s Twitter posts were an effort to highlight what he saw as hypocrisy shown by the United States government and media in taking other countries to task for their human rights lapses.,The New York Times,Europe,News,nyt://article/d5f2690b-9302-59c9-9dde-8cb4d7065d4d,https://www.nytimes.com/2015/04/30/world/europe/mayor-in-turkey-berates-state-departments-marie-harf-for-silence-on-baltimore-unrest.html,424,By Ceylan Yeginsu,Turkish Mayor Berates State Department’s Marie Harf for Silence on Baltimore Unrest,,World Briefing | Europe; Turkey: A Mayor Berates a U.S. Official,,,,0,0,,0,0,Turkish Mayor Berates State Department’s Marie Harf for Silence on Baltimore Unrest,Turkish Mayor Berates State Department’s Marie Harf for Silence on Baltimore Unrest Melih Gokcek’s Twitter posts were an effort to highlight what he saw as hypocrisy shown by the United States government and media in taking other countries to task for their human rights lapses. Melih Gokcek’s Twitter posts were an effort to highlight what he saw as hypocrisy shown by the United States government and media in taking other countries to task for their human rights lapses.
"The state government of Rio de Janeiro, which is feverishly preparing for next year’s Olympic Games, has failed to pay its phone and Internet bills.",article,nyt://article/a688a92d-6a9d-5111-9da8-378e88d68405,"[{'name': 'Location', 'value': 'Brazil', 'rank': 1}, {'name': 'Organization', 'value': 'Oi SA', 'rank': 2}, {'name': 'Location', 'value': 'Rio de Janeiro (Brazil)', 'rank': 3}, {'name': 'Subject', 'value': 'Telephones and Telecommunications', 'rank': 4}, {'name': 'Subject', 'value': 'Computers and the Internet', 'rank': 5}, {'name': 'Subject', 'value': 'Olympic Games (2016)', 'rank': 6}, {'name': 'Subject', 'value': 'Credit and Debt', 'rank': 7}]",Foreign,10.0,A,2015-04-18 01:00:52+00:00,World,"The state government of Rio de Janeiro, which is feverishly preparing for next year’s Olympic Games, has failed to pay its phone and Internet bills.",The New York Times,Americas,Brief,nyt://article/a688a92d-6a9d-5111-9da8-378e88d68405,https://www.nytimes.com/2015/04/18/world/americas/brazil-phone-and-internet-lines-are-cut-for-a-delinquent-rio-state.html,133,By Reuters,Brazil: Phone and Internet Lines Are Cut for a Delinquent Rio State,World Briefing,The Americas; Brazil: Phone and Internet Lines Are Cut for a Delinquent Rio State,,,,0,0,,0,0,Brazil: Phone and Internet Lines Are Cut for a Delinquent Rio State,"Brazil: Phone and Internet Lines Are Cut for a Delinquent Rio State The state government of Rio de Janeiro, which is feverishly preparing for next year’s Olympic Games, has failed to pay its phone and Internet bills. The state government of Rio de Janeiro, which is feverishly preparing for next year’s Olympic Games, has failed to pay its phone and Internet bills."
"Gao Yu, a 71-year-old who has repeatedly challenged the Communist Party during a decades-long career, indicated she would appeal.",article,nyt://article/688d7a6a-e4c9-5f0e-a63a-380875b9cd0c,"[{'name': 'Location', 'value': 'China', 'rank': 1}, {'name': 'Person', 'value': 'Buckley, Chris', 'rank': 2}, {'name': 'Person', 'value': 'Gao Yu', 'rank': 3}, {'name': 'Subject', 'value': 'Classified Information and State Secrets', 'rank': 4}, {'name': 'Subject', 'value': 'News and News Media', 'rank': 5}, {'name': 'Organization', 'value': 'Communist Party of China', 'rank': 6}]",Foreign,18.0,A,2015-04-17 02:24:51+00:00,World,"Gao Yu, a 71-year-old who has repeatedly challenged the Communist Party during a decades-long career, indicated she would appeal.",The New York Times,Asia Pacific,Brief,nyt://article/688d7a6a-e4c9-5f0e-a63a-380875b9cd0c,https://www.nytimes.com/2015/04/17/world/asia/china-journalist-gao-yu-gets-7-year-sentence.html,1020,By Chris Buckley,Chinese Journalist Sentenced to 7 Years on Charges of Leaking State Secrets,,World Briefing | Asia; China: Journalist Gets 7-Year Sentence in Secrets Case,"Gao Yu, 71, indicated she would appeal.",Bobby Yip/Reuters,https://static01.nyt.com/images/2015/04/17/world/18CHINA/18CHINA-articleLarge.jpg,804,600,https://static01.nyt.com/images/2015/04/17/world/18CHINA/18CHINA-thumbStandard.jpg,75,75,Chinese Journalist Sentenced to 7 Years on Charges of Leaking State Secrets,"Chinese Journalist Sentenced to 7 Years on Charges of Leaking State Secrets Gao Yu, a 71-year-old who has repeatedly challenged the Communist Party during a decades-long career, indicated she would appeal. Gao Yu, a 71-year-old who has repeatedly challenged the Communist Party during a decades-long career, indicated she would appeal."
Gao Yu was accused of giving the Mirror Media Group a directive believed to be from Communist Party leaders that ordered an ideological offensive against advocates of ideas deemed subversive.,article,nyt://article/b8ed2c71-673a-5e5d-9409-d235929b6753,"[{'name': 'Subject', 'value': 'Classified Information and State Secrets', 'rank': 1}, {'name': 'Subject', 'value': 'News and News Media', 'rank': 2}, {'name': 'Person', 'value': 'Gao Yu', 'rank': 3}, {'name': 'Location', 'value': 'Beijing (China)', 'rank': 4}]",Foreign,,,2015-04-13 16:03:43+00:00,World,Gao Yu was accused of giving the Mirror Media Group a directive believed to be from Communist Party leaders that ordered an ideological offensive against advocates of ideas deemed subversive.,The New York Times,Asia Pacific,News,nyt://article/b8ed2c71-673a-5e5d-9409-d235929b6753,https://www.nytimes.com/2015/04/14/world/asia/chinese-journalist-to-receive-verdict-friday-on-charges-of-revealing-state-secrets.html,332,By Chris Buckley,Chinese Journalist to Receive Verdict Friday on Charges of Revealing State Secrets,,,The Chinese journalist Gao Yu in Hong Kong in 2012.,Kin Cheung/Associated Press,https://static01.nyt.com/images/2015/04/14/world/14verdictbrief/14verdictbrief-articleLarge.jpg,798,600,https://static01.nyt.com/images/2015/04/14/world/14verdictbrief/14verdictbrief-thumbStandard-v2.jpg,75,75,Chinese Journalist to Receive Verdict Friday on Charges of Revealing State Secrets,Chinese Journalist to Receive Verdict Friday on Charges of Revealing State Secrets Gao Yu was accused of giving the Mirror Media Group a directive believed to be from Communist Party leaders that ordered an ideological offensive against advocates of ideas deemed subversive. Gao Yu was accused of giving the Mirror Media Group a directive believed to be from Communist Party leaders that ordered an ideological offensive against advocates of ideas deemed subversive.
"Reports of killings and even beheadings were beginning to circulate, worsening what is already a longstanding humanitarian nightmare for the 18,000 residents of the Yarmouk refugee camp.",article,nyt://article/2571e27c-dca3-5377-9a92-ae184fcb5e9c,"[{'name': 'Person', 'value': 'Barnard, Anne', 'rank': 1}, {'name': 'Location', 'value': 'Syria', 'rank': 2}, {'name': 'Organization', 'value': 'Islamic State in Iraq and Syria (ISIS)', 'rank': 3}, {'name': 'Subject', 'value': 'Refugees and Displaced Persons', 'rank': 4}, {'name': 'Location', 'value': 'Damascus (Syria)', 'rank': 5}, {'name': 'Subject', 'value': 'Palestinians', 'rank': 6}, {'name': 'Subject', 'value': 'Terrorism', 'rank': 7}]",Foreign,12.0,A,2015-04-04 23:12:18+00:00,World,"Reports of killings and even beheadings were beginning to circulate, worsening what is already a longstanding humanitarian nightmare for the 18,000 residents of the Yarmouk refugee camp.",The New York Times,Middle East,News,nyt://article/2571e27c-dca3-5377-9a92-ae184fcb5e9c,https://www.nytimes.com/2015/04/05/world/middleeast/islamic-state-seizes-palestinian-refugee-camp-in-syria.html,789,By Anne Barnard,Islamic State Seizes Palestinian Refugee Camp in Syria,,Islamic State Seizes Palestinian Refugee Camp in Syria,,,,0,0,,0,0,Islamic State Seizes Palestinian Refugee Camp in Syria,"Islamic State Seizes Palestinian Refugee Camp in Syria Reports of killings and even beheadings were beginning to circulate, worsening what is already a longstanding humanitarian nightmare for the 18,000 residents of the Yarmouk refugee camp. Reports of killings and even beheadings were beginning to circulate, worsening what is already a longstanding humanitarian nightmare for the 18,000 residents of the Yarmouk refugee camp."
"In the battle to retake Tikrit, the Iraqi military served as a go-between for two global adversaries that did not want to publicly acknowledge that they were working together.",article,nyt://article/19316401-4c2a-51a2-b20b-97fd9486bbbe,"[{'name': 'Person', 'value': 'Cooper, Helene', 'rank': 1}, {'name': 'Location', 'value': 'Iran', 'rank': 2}, {'name': 'Location', 'value': 'Iraq', 'rank': 3}, {'name': 'Location', 'value': 'Tikrit (Iraq)', 'rank': 4}, {'name': 'Organization', 'value': 'Islamic State in Iraq and Syria (ISIS)', 'rank': 5}, {'name': 'Subject', 'value': 'United States International Relations', 'rank': 6}, {'name': 'Subject', 'value': 'United States Defense and Military Forces', 'rank': 7}, {'name': 'Organization', 'value': 'United States Central Command', 'rank': 8}, {'name': 'Organization', 'value': 'Defense Department', 'rank': 9}, {'name': 'Location', 'value': 'United States', 'rank': 10}]",Foreign,4.0,A,2015-04-04 01:22:58+00:00,World,"In the battle to retake Tikrit, the Iraqi military served as a go-between for two global adversaries that did not want to publicly acknowledge that they were working together.",The New York Times,Middle East,News,nyt://article/19316401-4c2a-51a2-b20b-97fd9486bbbe,https://www.nytimes.com/2015/04/04/world/middleeast/a-us-concession-to-reality-in-the-battle-against-islamic-state.html,991,By Helene Cooper,A U.S. Concession to Reality in the Battle Against Islamic State,,A U.S. Concession to Reality in the Battle Against Islamic State,Praying for a slain relative at the platform on the Tigris River where Islamic State fighters are believed to have killed hundreds of Iraqi soldiers last June.,Khalid Mohammed/Associated Press,https://static01.nyt.com/images/2015/04/04/world/MILITARY1/MILITARY1-articleLarge.jpg,400,600,https://static01.nyt.com/images/2015/04/04/world/MILITARY1/MILITARY1-thumbStandard.jpg,75,75,A U.S. Concession to Reality in the Battle Against Islamic State,"A U.S. Concession to Reality in the Battle Against Islamic State In the battle to retake Tikrit, the Iraqi military served as a go-between for two global adversaries that did not want to publicly acknowledge that they were working together. In the battle to retake Tikrit, the Iraqi military served as a go-between for two global adversaries that did not want to publicly acknowledge that they were working together."
"The announcement, made in an audio recording that was posted Monday to YouTube, is the clearest claim of responsibility of the fatal museum attack by members of the Islamic State group.",article,nyt://article/79036b2e-b774-56cc-a383-a925bb0da2b4,"[{'name': 'Person', 'value': 'Gall, Carlotta', 'rank': 1}, {'name': 'Location', 'value': 'Tunisia', 'rank': 2}, {'name': 'Subject', 'value': 'Terrorism', 'rank': 3}, {'name': 'Organization', 'value': 'Jund al-Khilafah', 'rank': 4}, {'name': 'Organization', 'value': 'Islamic State in Iraq and Syria (ISIS)', 'rank': 5}, {'name': 'Subject', 'value': 'Muslims and Islam', 'rank': 6}, {'name': 'Subject', 'value': 'Museums', 'rank': 7}, {'name': 'Subject', 'value': 'Murders, Attempted Murders and Homicides', 'rank': 8}, {'name': 'Organization', 'value': 'Al Qaeda in the Islamic Maghreb', 'rank': 9}, {'name': 'Person', 'value': 'Essebsi, Beji Caid', 'rank': 10}, {'name': 'Person', 'value': 'Essid, Habib', 'rank': 11}, {'name': 'Location', 'value': 'Algeria', 'rank': 12}, {'name': 'Person', 'value': 'Baghdadi, Abu Bakr al-', 'rank': 13}, {'name': 'Organization', 'value': 'National Bardo Museum (Tunis, Tunisia)', 'rank': 14}]",Foreign,8.0,A,2015-03-31 23:31:58+00:00,World,"The announcement, made in an audio recording that was posted Monday to YouTube, is the clearest claim of responsibility of the fatal museum attack by members of the Islamic State group.",The New York Times,Africa,News,nyt://article/79036b2e-b774-56cc-a383-a925bb0da2b4,https://www.nytimes.com/2015/04/01/world/africa/group-linked-to-islamic-state-claims-responsibility-for-tunisia-attack.html,579,By Carlotta Gall,Group Linked to Islamic State Claims Responsibility for Tunisia Attack,,Group Linked to Islamic State Claims Responsibility for Tunisia Attack,,,,0,0,,0,0,Group Linked to Islamic State Claims Responsibility for Tunisia Attack,"Group Linked to Islamic State Claims Responsibility for Tunisia Attack The announcement, made in an audio recording that was posted Monday to YouTube, is the clearest claim of responsibility of the fatal museum attack by members of the Islamic State group. The announcement, made in an audio recording that was posted Monday to YouTube, is the clearest claim of responsibility of the fatal museum attack by members of the Islamic State group."
There is evidence that Islamic State forces are more numerous in Tikrit than previously revealed by the Iraqi government.,article,nyt://article/92618c8e-784a-595d-b61d-a73f3031db7c,"[{'name': 'Person', 'value': 'Nordland, Rod', 'rank': 1}, {'name': 'Location', 'value': 'Iraq', 'rank': 2}, {'name': 'Organization', 'value': 'Islamic State in Iraq and Syria (ISIS)', 'rank': 3}, {'name': 'Location', 'value': 'Tikrit (Iraq)', 'rank': 4}, {'name': 'Subject', 'value': 'Defense and Military Forces', 'rank': 5}, {'name': 'Organization', 'value': 'United Nations', 'rank': 6}, {'name': 'Subject', 'value': 'Shiite Muslims', 'rank': 7}, {'name': 'Person', 'value': 'Ban Ki-moon', 'rank': 8}]",Foreign,9.0,A,2015-03-30 15:33:47+00:00,World,There is evidence that Islamic State forces are more numerous in Tikrit than previously revealed by the Iraqi government.,The New York Times,Middle East,News,nyt://article/92618c8e-784a-595d-b61d-a73f3031db7c,https://www.nytimes.com/2015/03/31/world/middleeast/un-leader-warns-iraq-not-to-mistreat-civilians-after-liberation-from-isis.html,1175,By Rod Nordland,Islamic State’s Grip on City Appears Firmer Than Iraqis Acknowledge,,Islamic State’s Grip on City Appears Firmer Than Iraqis Acknowledge,"Iraqi security forces searched house to house Monday in Tikrit, Iraq, looking for Islamic State forces. ISIS fighters “are everywhere” in the city, a senior officer said.",Khalid Mohammed/Associated Press,https://static01.nyt.com/images/2015/03/31/world/31IRAQ/31IRAQ-articleLarge.jpg,388,600,https://static01.nyt.com/images/2015/03/31/world/31IRAQ/31IRAQ-thumbStandard.jpg,75,75,Islamic State’s Grip on City Appears Firmer Than Iraqis Acknowledge,Islamic State’s Grip on City Appears Firmer Than Iraqis Acknowledge There is evidence that Islamic State forces are more numerous in Tikrit than previously revealed by the Iraqi government. There is evidence that Islamic State forces are more numerous in Tikrit than previously revealed by the Iraqi government.
"The court said that the website, Takva Haber, and its affiliate video site, Takva Tube, were spreading “terror propaganda.”",article,nyt://article/c097a11e-15cb-53a2-8513-7591e9cda6f8,"[{'name': 'Location', 'value': 'Turkey', 'rank': 1}, {'name': 'Person', 'value': 'Yeginsu, Ceylan', 'rank': 2}, {'name': 'Organization', 'value': 'Islamic State in Iraq and Syria (ISIS)', 'rank': 3}, {'name': 'Subject', 'value': 'Computers and the Internet', 'rank': 4}, {'name': 'Subject', 'value': 'Terrorism', 'rank': 5}]",Foreign,7.0,A,2015-03-25 17:14:21+00:00,World,"The court said that the website, Takva Haber, and its affiliate video site, Takva Tube, were spreading “terror propaganda.”",The New York Times,Europe,News,nyt://article/c097a11e-15cb-53a2-8513-7591e9cda6f8,https://www.nytimes.com/2015/03/26/world/europe/court-blocks-jihadist-website-used-to-recruit-turks-to-islamic-state.html,314,By Ceylan Yeginsu,Court Blocks Jihadist Website Used to Recruit Turks to Islamic State,,World Briefing | Europe; Turkey: Court Blocks a Jihadist Website,,Reuters,https://static01.nyt.com/images/2014/09/12/multimedia/forn-fighters-explainer/forn-fighters-explainer-articleLarge.jpg,396,600,https://static01.nyt.com/images/2014/09/12/multimedia/forn-fighters-explainer/forn-fighters-explainer-thumbStandard.jpg,75,75,Court Blocks Jihadist Website Used to Recruit Turks to Islamic State,"Court Blocks Jihadist Website Used to Recruit Turks to Islamic State The court said that the website, Takva Haber, and its affiliate video site, Takva Tube, were spreading “terror propaganda.” The court said that the website, Takva Haber, and its affiliate video site, Takva Tube, were spreading “terror propaganda.”"
A loosely organized effort by computer hacking collectives aimed at disrupting ISIS and other violent jihadist causes began last year after the group posted images of beheaded captives.,article,nyt://article/459fc3e2-9cb5-575c-887c-8ed49344818a,"[{'name': 'Organization', 'value': 'Islamic State in Iraq and Syria (ISIS)', 'rank': 1}, {'name': 'Person', 'value': 'Gladstone, Rick', 'rank': 2}, {'name': 'Organization', 'value': 'Twitter', 'rank': 3}, {'name': 'Subject', 'value': 'Cyberattacks and Hackers', 'rank': 4}, {'name': 'Subject', 'value': 'Terrorism', 'rank': 5}, {'name': 'Subject', 'value': 'Social Media', 'rank': 6}, {'name': 'Subject', 'value': 'Vigilantes', 'rank': 7}, {'name': 'Organization', 'value': 'Anonymous (Internet Group)', 'rank': 8}]",Foreign,4.0,A,2015-03-25 03:23:21+00:00,World,A loosely organized effort by computer hacking collectives aimed at disrupting ISIS and other violent jihadist causes began last year after the group posted images of beheaded captives.,The New York Times,Middle East,News,nyt://article/459fc3e2-9cb5-575c-887c-8ed49344818a,https://www.nytimes.com/2015/03/25/world/middleeast/behind-a-veil-of-anonymity-online-vigilantes-battle-the-islamic-state.html,1006,By Rick Gladstone,"Behind a Veil of Anonymity, Online Vigilantes Battle the Islamic State",,"Behind a Veil of Anonymity, Online Vigilantes Battle Islamic State",,,,0,0,,0,0,"Behind a Veil of Anonymity, Online Vigilantes Battle the Islamic State","Behind a Veil of Anonymity, Online Vigilantes Battle the Islamic State A loosely organized effort by computer hacking collectives aimed at disrupting ISIS and other violent jihadist causes began last year after the group posted images of beheaded captives. A loosely organized effort by computer hacking collectives aimed at disrupting ISIS and other violent jihadist causes began last year after the group posted images of beheaded captives."
"In his first interview since his re-election victory, Prime Minister Benjamin Netanyahu said he had not intended to reverse his endorsement in a 2009 speech at Bar-Ilan University of a two-state solution to the Israeli-Palestinian conflict.",article,nyt://article/3198dfe5-67fc-5742-bca1-022e0a7e2f8d,"[{'name': 'Person', 'value': 'Netanyahu, Benjamin', 'rank': 1}, {'name': 'Person', 'value': 'Rudoren, Jodi', 'rank': 2}, {'name': 'Subject', 'value': 'Palestinians', 'rank': 3}, {'name': 'Person', 'value': 'Shear, Michael D', 'rank': 4}, {'name': 'Location', 'value': 'Israel', 'rank': 5}]",Foreign,1.0,A,2015-03-19 16:40:53+00:00,World,"In his first interview since his re-election victory, Prime Minister Benjamin Netanyahu said he had not intended to reverse his endorsement in a 2009 speech at Bar-Ilan University of a two-state solution to the Israeli-Palestinian conflict.",The New York Times,Middle East,News,nyt://article/3198dfe5-67fc-5742-bca1-022e0a7e2f8d,https://www.nytimes.com/2015/03/20/world/middleeast/israel-netanyahu-elections-palestinian-state.html,1385,By Jodi Rudoren and Michael D. Shear,"Israel’s Netanyahu Reopens Door to Palestinian State, but White House Is Unimpressed",,Israeli Leader Backs Off Stand on 2-State Option,Andrea Mitchell of NBC News interviewing Prime Minister Benjamin Netanyahu on Thursday.,"Amos Ben Gershom/Government Press Office, via Getty Images",https://static01.nyt.com/images/2015/03/20/world/20Netanyahu/20Netanyahu-articleLarge.jpg,400,600,https://static01.nyt.com/images/2015/03/20/world/20Netanyahu/20Netanyahu-thumbStandard.jpg,75,75,"Israel’s Netanyahu Reopens Door to Palestinian State, but White House Is Unimpressed","Israel’s Netanyahu Reopens Door to Palestinian State, but White House Is Unimpressed In his first interview since his re-election victory, Prime Minister Benjamin Netanyahu said he had not intended to reverse his endorsement in a 2009 speech at Bar-Ilan University of a two-state solution to the Israeli-Palestinian conflict. In his first interview since his re-election victory, Prime Minister Benjamin Netanyahu said he had not intended to reverse his endorsement in a 2009 speech at Bar-Ilan University of a two-state solution to the Israeli-Palestinian conflict."
"A man arrested last year during antigovernment demonstrations died in state custody, apparently in a suicide that his family said Friday was the result of harsh prison conditions and unjust punishment.",article,nyt://article/a3b96527-4afa-5e99-ab1d-3eb1af8b1942,"[{'name': 'Location', 'value': 'Venezuela', 'rank': 1}, {'name': 'Person', 'value': 'Gonzalez, Rodolfo', 'rank': 2}, {'name': 'Subject', 'value': 'Suicides and Suicide Attempts', 'rank': 3}, {'name': 'Subject', 'value': 'Prisons and Prisoners', 'rank': 4}, {'name': 'Subject', 'value': 'Demonstrations, Protests and Riots', 'rank': 5}]",Foreign,9.0,A,2015-03-14 03:32:56+00:00,World,"A man arrested last year during antigovernment demonstrations died in state custody, apparently in a suicide that his family said Friday was the result of harsh prison conditions and unjust punishment.",The New York Times,Americas,Brief,nyt://article/a3b96527-4afa-5e99-ab1d-3eb1af8b1942,https://www.nytimes.com/2015/03/14/world/americas/venezuela-inmate-dies-in-state-custody.html,106,By The Associated Press,Venezuela: Inmate Dies in State Custody,World Briefing,The Americas; Venezuela: Inmate Dies in State Custody,,,,0,0,,0,0,Venezuela: Inmate Dies in State Custody,"Venezuela: Inmate Dies in State Custody A man arrested last year during antigovernment demonstrations died in state custody, apparently in a suicide that his family said Friday was the result of harsh prison conditions and unjust punishment. A man arrested last year during antigovernment demonstrations died in state custody, apparently in a suicide that his family said Friday was the result of harsh prison conditions and unjust punishment."
"Officials called for unity against the militant group, and new factions showed their readiness to join the conflict, albeit in relatively small numbers.",article,nyt://article/f0994979-6af0-535f-b2dc-eef5c34847db,"[{'name': 'Person', 'value': 'Barnard, Anne', 'rank': 1}, {'name': 'Location', 'value': 'Iraq', 'rank': 2}, {'name': 'Organization', 'value': 'Islamic State in Iraq and Syria (ISIS)', 'rank': 3}, {'name': 'Location', 'value': 'Tikrit (Iraq)', 'rank': 4}, {'name': 'Location', 'value': 'Mosul (Iraq)', 'rank': 5}, {'name': 'Subject', 'value': 'Muslims and Islam', 'rank': 6}, {'name': 'Person', 'value': 'Zamili, Hakim al-', 'rank': 7}]",Foreign,10.0,A,2015-03-13 12:31:09+00:00,World,"Officials called for unity against the militant group, and new factions showed their readiness to join the conflict, albeit in relatively small numbers.",The New York Times,Middle East,News,nyt://article/f0994979-6af0-535f-b2dc-eef5c34847db,https://www.nytimes.com/2015/03/14/world/middleeast/tikrit-iraq-isis-battle.html,613,By Anne Barnard,Backstage Moves Intensify as Fight Against Islamic State Widens ,,Backstage Moves Intensify as Fight Against Islamic State Widens,A fighter planted a Shiite flag in northern Tikrit as his militia helped Iraqi forces capture positions held by the Islamic State on Thursday. Officials expect to focus next on regaining Mosul.,Thaier Al-Sudani/Reuters,https://static01.nyt.com/images/2015/03/14/world/14iraq/14iraq-articleLarge.jpg,400,600,https://static01.nyt.com/images/2015/03/14/world/14iraq/14iraq-thumbStandard.jpg,75,75,Backstage Moves Intensify as Fight Against Islamic State Widens,"Backstage Moves Intensify as Fight Against Islamic State Widens Officials called for unity against the militant group, and new factions showed their readiness to join the conflict, albeit in relatively small numbers. Officials called for unity against the militant group, and new factions showed their readiness to join the conflict, albeit in relatively small numbers."
"Gunmen attacked the headquarters of the South Western State government in Baidoa, killing at least four government soldiers and two civilians, a Somali official said Thursday.",article,nyt://article/c0f223dc-f4ce-59a0-9bc6-e7e30ee2acc8,"[{'name': 'Subject', 'value': 'Civilian Casualties', 'rank': 1}, {'name': 'Location', 'value': 'Somalia', 'rank': 2}, {'name': 'Subject', 'value': 'Murders, Attempted Murders and Homicides', 'rank': 3}]",Foreign,,,2015-03-13 02:52:24+00:00,World,"Gunmen attacked the headquarters of the South Western State government in Baidoa, killing at least four government soldiers and two civilians, a Somali official said Thursday.",The New York Times,Africa,Brief,nyt://article/c0f223dc-f4ce-59a0-9bc6-e7e30ee2acc8,https://www.nytimes.com/2015/03/13/world/africa/somalia-gunmen-attack-state-governments-headquarters.html,121,By The Associated Press,Somalia: Gunmen Attack State Government’s Headquarters,World Briefing,Somalia: Gunmen Attack State Government’s Headquarters,,,,0,0,,0,0,Somalia: Gunmen Attack State Government’s Headquarters,"Somalia: Gunmen Attack State Government’s Headquarters Gunmen attacked the headquarters of the South Western State government in Baidoa, killing at least four government soldiers and two civilians, a Somali official said Thursday. Gunmen attacked the headquarters of the South Western State government in Baidoa, killing at least four government soldiers and two civilians, a Somali official said Thursday."
"Militant fighters of the Islamic State set off 21 car bombs in the city of Ramadi but lost ground to an Iraqi government offensive in Tikrit, officials said.",article,nyt://article/4a1fd642-d2da-54aa-9fce-ecae754bbdea,"[{'name': 'Location', 'value': 'Iraq', 'rank': 1}, {'name': 'Person', 'value': 'Barnard, Anne', 'rank': 2}, {'name': 'Organization', 'value': 'Islamic State in Iraq and Syria (ISIS)', 'rank': 3}, {'name': 'Location', 'value': 'Tikrit (Iraq)', 'rank': 4}, {'name': 'Subject', 'value': 'Terrorism', 'rank': 5}, {'name': 'Organization', 'value': 'Iraqi Army', 'rank': 6}, {'name': 'Location', 'value': 'Ramadi (Iraq)', 'rank': 7}]",Foreign,10.0,A,2015-03-11 13:12:32+00:00,World,"Militant fighters of the Islamic State set off 21 car bombs in the city of Ramadi but lost ground to an Iraqi government offensive in Tikrit, officials said.",The New York Times,Middle East,News,nyt://article/4a1fd642-d2da-54aa-9fce-ecae754bbdea,https://www.nytimes.com/2015/03/12/world/middleeast/isis-ramadi-tikrit-iraqi-army.html,1194,By Anne Barnard,"Iraqi Army Cements Hold on Tikrit, but Islamic State Sends a Message",,"Iraqi Army Cements Hold on Tikrit, but Islamic State Sends a Message","Iraqi militia fighters Wednesday near Tikrit. Separately, Islamic State militants unleashed a wave of bombings in Ramadi.",Ahmad Al-Rubaye/Agence France-Presse — Getty Images,https://static01.nyt.com/images/2015/03/12/world/12Iraq-web/12Iraq-web-articleLarge.jpg,400,600,https://static01.nyt.com/images/2015/03/12/world/12Iraq-web/12Iraq-web-thumbStandard.jpg,75,75,"Iraqi Army Cements Hold on Tikrit, but Islamic State Sends a Message","Iraqi Army Cements Hold on Tikrit, but Islamic State Sends a Message Militant fighters of the Islamic State set off 21 car bombs in the city of Ramadi but lost ground to an Iraqi government offensive in Tikrit, officials said. Militant fighters of the Islamic State set off 21 car bombs in the city of Ramadi but lost ground to an Iraqi government offensive in Tikrit, officials said."
The progress came after more than a week of heavy fighting by Shiite militias and Iraqi government troops to oust ISIS forces from the strategic city.,article,nyt://article/95089db5-f2eb-5d68-87b0-bc9952b6a410,"[{'name': 'Person', 'value': 'Barnard, Anne', 'rank': 1}, {'name': 'Organization', 'value': 'Islamic State in Iraq and Syria (ISIS)', 'rank': 2}, {'name': 'Location', 'value': 'Tikrit (Iraq)', 'rank': 3}, {'name': 'Location', 'value': 'Iraq', 'rank': 4}]",Foreign,12.0,A,2015-03-10 17:13:28+00:00,World,The progress came after more than a week of heavy fighting by Shiite militias and Iraqi government troops to oust ISIS forces from the strategic city.,The New York Times,Middle East,News,nyt://article/95089db5-f2eb-5d68-87b0-bc9952b6a410,https://www.nytimes.com/2015/03/11/world/middleeast/iraqi-forces-seize-large-parts-tikrit-islamic-state-militants.html,688,By Anne Barnard,Iraqi and Shiite Forces Seize Large Parts of Tikrit From Islamic State ,,Iraqi and Shiite Forces Seize Large Parts of Tikrit From Islamic State,Iraqi soldiers prepared to launch a military operation to take control of Tikrit from Islamic State militants on Tuesday.,Ahmad Al-Rubaye/Agence France-Presse — Getty Images,https://static01.nyt.com/images/2015/03/11/world/middleeast/11iraq/11tikrit-articleLarge.jpg,425,600,https://static01.nyt.com/images/2015/03/11/world/middleeast/11iraq/11tikrit-thumbStandard.jpg,75,75,Iraqi and Shiite Forces Seize Large Parts of Tikrit From Islamic State,Iraqi and Shiite Forces Seize Large Parts of Tikrit From Islamic State The progress came after more than a week of heavy fighting by Shiite militias and Iraqi government troops to oust ISIS forces from the strategic city. The progress came after more than a week of heavy fighting by Shiite militias and Iraqi government troops to oust ISIS forces from the strategic city.
"The Nigerian terrorist group appeared to make a spiritually binding oath to follow the authority of the Islamic State, but experts said the practical significance of the move was unclear.",article,nyt://article/7a8ed15a-02cc-5d7a-99ad-198fd0caddca,"[{'name': 'Person', 'value': 'Callimachi, Rukmini', 'rank': 1}, {'name': 'Subject', 'value': 'Terrorism', 'rank': 2}, {'name': 'Organization', 'value': 'Boko Haram', 'rank': 3}, {'name': 'Organization', 'value': 'Islamic State in Iraq and Syria (ISIS)', 'rank': 4}, {'name': 'Location', 'value': 'Nigeria', 'rank': 5}, {'name': 'Location', 'value': 'Africa', 'rank': 6}]",Foreign,8.0,A,2015-03-07 21:37:02+00:00,World,"The Nigerian terrorist group appeared to make a spiritually binding oath to follow the authority of the Islamic State, but experts said the practical significance of the move was unclear.",The New York Times,Africa,News,nyt://article/7a8ed15a-02cc-5d7a-99ad-198fd0caddca,https://www.nytimes.com/2015/03/08/world/africa/boko-haram-is-said-to-pledge-allegiance-to-islamic-state.html,684,By Rukmini Callimachi,Boko Haram Generates Uncertainty With Pledge of Allegiance to Islamic State,,Boko Haram Generates Uncertainty With Pledge,,,,0,0,,0,0,Boko Haram Generates Uncertainty With Pledge of Allegiance to Islamic State,"Boko Haram Generates Uncertainty With Pledge of Allegiance to Islamic State The Nigerian terrorist group appeared to make a spiritually binding oath to follow the authority of the Islamic State, but experts said the practical significance of the move was unclear. The Nigerian terrorist group appeared to make a spiritually binding oath to follow the authority of the Islamic State, but experts said the practical significance of the move was unclear."
"A new report shows that India's subsidies, intended to help the very poor, are in fact providing more benefit to the rich.",article,nyt://article/b435a24d-122a-5104-be20-337a1d2596b3,"[{'name': 'Location', 'value': 'India', 'rank': 1}, {'name': 'Subject', 'value': 'Indian Rupee (Currency)', 'rank': 2}, {'name': 'Subject', 'value': 'Agriculture and Farming', 'rank': 3}]",Foreign,,,2015-03-04 21:01:45+00:00,World,"A new report shows that India's subsidies, intended to help the very poor, are in fact providing more benefit to the rich.",International New York Times,Asia Pacific,News,nyt://article/b435a24d-122a-5104-be20-337a1d2596b3,https://www.nytimes.com/2015/03/05/world/asia/poor-state-of-indias-subsidies.html,682,By Manu Joseph,Poor State of India's Subsidies,Letter From India,Poor State of India's Subsidies,,,,0,0,,0,0,Poor State of India's Subsidies,"Poor State of India's Subsidies A new report shows that India's subsidies, intended to help the very poor, are in fact providing more benefit to the rich. A new report shows that India's subsidies, intended to help the very poor, are in fact providing more benefit to the rich."
"Maharashtra, which includes Mumbai, is the latest Indian state to issue such bans, imposing penalties of up to five years in prison or a fine for violations.",article,nyt://article/aad8c16c-8291-503d-bded-6b2cfa905d71,"[{'name': '', 'value': '', 'rank': 1}, {'name': 'Location', 'value': 'India', 'rank': 2}, {'name': 'Subject', 'value': 'Meat', 'rank': 3}, {'name': 'Subject', 'value': 'Beef', 'rank': 4}, {'name': 'Subject', 'value': 'Hinduism', 'rank': 5}, {'name': 'Location', 'value': 'Maharashtra (India)', 'rank': 6}]",Foreign,8.0,A,2015-03-03 15:13:32+00:00,World,"Maharashtra, which includes Mumbai, is the latest Indian state to issue such bans, imposing penalties of up to five years in prison or a fine for violations.",The New York Times,Asia Pacific,News,nyt://article/aad8c16c-8291-503d-bded-6b2cfa905d71,https://www.nytimes.com/2015/03/04/world/asia/indian-state-passes-ban-on-beef-championed-by-right-wing-hindus.html,538,By Neha Thirani Bagri,Indian State Bans Possession and Sale of Beef,,"In First, Indian State Bans Possession and Sale of Beef",,,,0,0,,0,0,Indian State Bans Possession and Sale of Beef,"Indian State Bans Possession and Sale of Beef Maharashtra, which includes Mumbai, is the latest Indian state to issue such bans, imposing penalties of up to five years in prison or a fine for violations. Maharashtra, which includes Mumbai, is the latest Indian state to issue such bans, imposing penalties of up to five years in prison or a fine for violations."
"Nineteen of the Assyrian Christians seized by Islamic State militants last week in northeastern Syria have been freed, and they met with church officials in a cathedral in the city of Hasaka, local leaders said Sunday.",article,nyt://article/1ebb7013-481b-53c3-a917-4ed94fb60120,"[{'name': 'Person', 'value': 'Saad, Hwaida', 'rank': 1}, {'name': 'Location', 'value': 'Syria', 'rank': 2}, {'name': 'Person', 'value': 'Barnard, Anne', 'rank': 3}, {'name': 'Organization', 'value': 'Islamic State in Iraq and Syria (ISIS)', 'rank': 4}, {'name': 'Subject', 'value': 'Christians and Christianity', 'rank': 5}, {'name': 'Subject', 'value': 'Kidnapping and Hostages', 'rank': 6}]",Foreign,6.0,A,2015-03-02 01:15:57+00:00,World,"Nineteen of the Assyrian Christians seized by Islamic State militants last week in northeastern Syria have been freed, and they met with church officials in a cathedral in the city of Hasaka, local leaders said Sunday.",The New York Times,Middle East,Brief,nyt://article/1ebb7013-481b-53c3-a917-4ed94fb60120,https://www.nytimes.com/2015/03/02/world/middleeast/syria-19-christians-have-been-released-by-the-islamic-state-local-leaders-say.html,174,By Hwaida Saad and Anne Barnard,"Syria: 19 Christians Have Been Released by the Islamic State, Local Leaders Say",World Briefing,"Syria: 19 Christians Have Been Released by the Islamic State, Local Leaders Say",,,,0,0,,0,0,"Syria: 19 Christians Have Been Released by the Islamic State, Local Leaders Say","Syria: 19 Christians Have Been Released by the Islamic State, Local Leaders Say Nineteen of the Assyrian Christians seized by Islamic State militants last week in northeastern Syria have been freed, and they met with church officials in a cathedral in the city of Hasaka, local leaders said Sunday. Nineteen of the Assyrian Christians seized by Islamic State militants last week in northeastern Syria have been freed, and they met with church officials in a cathedral in the city of Hasaka, local leaders said Sunday."
"An estimated 53,000 South Koreans have been indicted under the law since the authorities began keeping count in 1985.",article,nyt://article/971d5ca4-e857-5336-b87e-191b64059cfe,"[{'name': 'Subject', 'value': 'Adultery', 'rank': 1}, {'name': 'Person', 'value': 'Choe Sang-Hun', 'rank': 2}, {'name': 'Location', 'value': 'South Korea', 'rank': 3}, {'name': 'Subject', 'value': 'Courts and the Judiciary', 'rank': 4}]",Foreign,8.0,A,2015-02-26 12:18:08+00:00,World,"An estimated 53,000 South Koreans have been indicted under the law since the authorities began keeping count in 1985.",The New York Times,Asia Pacific,News,nyt://article/971d5ca4-e857-5336-b87e-191b64059cfe,https://www.nytimes.com/2015/02/27/world/asia/south-korea-strikes-down-adultery-law.html,651,By Choe Sang-Hun,Adultery Is No Longer an Affair of the State in South Korea ,,Adultery Is No Longer an Affair of the State in South Korea,"An estimated 53,000 South Koreans have been indicted under the law since the authorities began keeping count in 1985.",Lee Jin-Man/Associated Press,https://static01.nyt.com/images/2015/02/27/world/27korea/27korea-articleLarge.jpg,400,600,https://static01.nyt.com/images/2015/02/27/world/27korea/27korea-thumbStandard.jpg,75,75,Adultery Is No Longer an Affair of the State in South Korea,"Adultery Is No Longer an Affair of the State in South Korea An estimated 53,000 South Koreans have been indicted under the law since the authorities began keeping count in 1985. An estimated 53,000 South Koreans have been indicted under the law since the authorities began keeping count in 1985."
"The exact number of hostages seized remained unclear, with estimates ranging from several dozen to more than 100.",article,nyt://article/0f1cb38e-0a00-5528-9ffd-83c238b06312,"[{'name': 'Organization', 'value': 'Islamic State in Iraq and Syria (ISIS)', 'rank': 1}, {'name': 'Person', 'value': 'Barnard, Anne', 'rank': 2}, {'name': 'Location', 'value': 'Syria', 'rank': 3}, {'name': 'Subject', 'value': 'Christians and Christianity', 'rank': 4}, {'name': 'Subject', 'value': 'Kidnapping and Hostages', 'rank': 5}]",Foreign,5.0,A,2015-02-24 15:01:35+00:00,World,"The exact number of hostages seized remained unclear, with estimates ranging from several dozen to more than 100.",The New York Times,Middle East,News,nyt://article/0f1cb38e-0a00-5528-9ffd-83c238b06312,https://www.nytimes.com/2015/02/25/world/middleeast/monitoring-group-says-isis-has-abducted-90-christians-in-syria.html,629,By Anne Barnard,Scores of Syrian Christians Kidnapped by Islamic State,,Scores of Syrian Christians Kidnapped by Islamic State,,,https://static01.nyt.com/images/2014/11/17/multimedia/isis-overview/isis-overview-articleLarge.jpg,289,600,https://static01.nyt.com/images/2014/11/17/multimedia/isis-overview/isis-overview-thumbStandard-v2.jpg,75,75,Scores of Syrian Christians Kidnapped by Islamic State,"Scores of Syrian Christians Kidnapped by Islamic State The exact number of hostages seized remained unclear, with estimates ranging from several dozen to more than 100. The exact number of hostages seized remained unclear, with estimates ranging from several dozen to more than 100."
Highlights from the International Herald Tribune archives: A state of siege is declared in Guatemala as guerrillas clash with the government in 1965.,article,nyt://article/f26bf38a-2df6-596c-a3cb-b3bf7139d7bc,"[{'name': 'Subject', 'value': 'Constitutions', 'rank': 1}, {'name': 'Subject', 'value': ""Coups D'Etat and Attempted Coups D'Etat"", 'rank': 2}, {'name': 'Location', 'value': 'Guatemala', 'rank': 3}]",Foreign,,,2015-02-24 15:00:44+00:00,World,Highlights from the International Herald Tribune archives: A state of siege is declared in Guatemala as guerrillas clash with the government in 1965.,The New York Times,,News,nyt://article/f26bf38a-2df6-596c-a3cb-b3bf7139d7bc,https://iht-retrospective.blogs.nytimes.com/2015/02/24/1965-state-of-siege-is-declared/,101,By International Herald Tribune,1965: State of Siege Is Declared,IHT Retrospective,,,,,0,0,,0,0,1965: State of Siege Is Declared,1965: State of Siege Is Declared Highlights from the International Herald Tribune archives: A state of siege is declared in Guatemala as guerrillas clash with the government in 1965. Highlights from the International Herald Tribune archives: A state of siege is declared in Guatemala as guerrillas clash with the government in 1965.
"Prime Minister David Cameron said that the authorities would do everything they could to help the three teenagers, who were believed to be traveling to Syria.",article,nyt://article/5785a340-cc14-5a52-b6ed-41b2a7e328c7,"[{'name': 'Person', 'value': 'Scott, Mark', 'rank': 1}, {'name': 'Location', 'value': 'Great Britain', 'rank': 2}, {'name': 'Person', 'value': 'Cameron, David', 'rank': 3}, {'name': 'Organization', 'value': 'Islamic State in Iraq and Syria (ISIS)', 'rank': 4}, {'name': 'Subject', 'value': 'Muslims and Islam', 'rank': 5}, {'name': 'Location', 'value': 'Syria', 'rank': 6}, {'name': 'Subject', 'value': 'Women and Girls', 'rank': 7}]",Foreign,8.0,A,2015-02-21 20:34:45+00:00,World,"Prime Minister David Cameron said that the authorities would do everything they could to help the three teenagers, who were believed to be traveling to Syria.",The New York Times,Europe,News,nyt://article/5785a340-cc14-5a52-b6ed-41b2a7e328c7,https://www.nytimes.com/2015/02/22/world/europe/concern-in-britain-as-schoolgirls-seek-to-join-islamic-state.html,425,By Mark Scott,Concern in Britain as Schoolgirls Seek to Join Islamic State,,Britain: Cameron Offers Help for Syria-Bound Girls,,,,0,0,,0,0,Concern in Britain as Schoolgirls Seek to Join Islamic State,"Concern in Britain as Schoolgirls Seek to Join Islamic State Prime Minister David Cameron said that the authorities would do everything they could to help the three teenagers, who were believed to be traveling to Syria. Prime Minister David Cameron said that the authorities would do everything they could to help the three teenagers, who were believed to be traveling to Syria."
"The Nigerian terrorist group has begun using the flag, anthem and production style associated with ISIS.",article,nyt://article/9cd14398-ad80-5173-ac7c-e83992ea7a5a,"[{'name': 'Person', 'value': 'Callimachi, Rukmini', 'rank': 1}, {'name': 'Location', 'value': 'Nigeria', 'rank': 2}, {'name': 'Organization', 'value': 'Boko Haram', 'rank': 3}, {'name': 'Organization', 'value': 'Islamic State in Iraq and Syria (ISIS)', 'rank': 4}, {'name': 'Subject', 'value': 'Video Recordings, Downloads and Streaming', 'rank': 5}, {'name': 'Subject', 'value': 'Terrorism', 'rank': 6}, {'name': 'Subject', 'value': 'Muslims and Islam', 'rank': 7}]",Foreign,9.0,A,2015-02-21 01:37:47+00:00,World,"The Nigerian terrorist group has begun using the flag, anthem and production style associated with ISIS.",The New York Times,Africa,News,nyt://article/9cd14398-ad80-5173-ac7c-e83992ea7a5a,https://www.nytimes.com/2015/02/21/world/africa/in-newly-sophisticated-boko-haram-videos-hints-of-islamic-state-ties.html,898,By Rukmini Callimachi,"In Newly Sophisticated Boko Haram Videos, Hints of Islamic State Ties ",,"In Newly Sophisticated Boko Haram Videos, Hints of Islamic State Ties",,,,0,0,,0,0,"In Newly Sophisticated Boko Haram Videos, Hints of Islamic State Ties","In Newly Sophisticated Boko Haram Videos, Hints of Islamic State Ties The Nigerian terrorist group has begun using the flag, anthem and production style associated with ISIS. The Nigerian terrorist group has begun using the flag, anthem and production style associated with ISIS."
"At least 38 people were killed in the eastern town of Qubbah, the latest turn of a cycle of retaliatory killings.",article,nyt://article/a3cf0c66-bb63-55ee-a9f2-d8d28043c120,"[{'name': 'Person', 'value': 'Kirkpatrick, David D', 'rank': 1}, {'name': 'Location', 'value': 'Libya', 'rank': 2}, {'name': 'Subject', 'value': 'Bombs and Explosives', 'rank': 3}, {'name': 'Organization', 'value': 'Islamic State in Iraq and Syria (ISIS)', 'rank': 4}, {'name': 'Subject', 'value': 'Terrorism', 'rank': 5}, {'name': 'Person', 'value': 'Hifter, Khalifa', 'rank': 6}]",Foreign,9.0,A,2015-02-20 21:20:48+00:00,World,"At least 38 people were killed in the eastern town of Qubbah, the latest turn of a cycle of retaliatory killings.",The New York Times,Middle East,News,nyt://article/a3cf0c66-bb63-55ee-a9f2-d8d28043c120,https://www.nytimes.com/2015/02/21/world/middleeast/militants-claiming-isis-ties-say-they-carried-out-libya-bombings.html,879,By David D. Kirkpatrick,Ties to Islamic State Cited by Group in Libya Attacks,,Ties to Islamic State Cited by Group in Libya Attacks,,,,0,0,,0,0,Ties to Islamic State Cited by Group in Libya Attacks,"Ties to Islamic State Cited by Group in Libya Attacks At least 38 people were killed in the eastern town of Qubbah, the latest turn of a cycle of retaliatory killings. At least 38 people were killed in the eastern town of Qubbah, the latest turn of a cycle of retaliatory killings."
"The assault, expected to begin in April or May, will require 20,000 to 25,000 Iraqi and Kurdish troops, an official from the United States Central Command said.",article,nyt://article/2668de97-b451-5e99-8025-e4b7df68b2ff,"[{'name': 'Person', 'value': 'Gordon, Michael R', 'rank': 1}, {'name': 'Location', 'value': 'Iraq', 'rank': 2}, {'name': 'Subject', 'value': 'Kurds', 'rank': 3}, {'name': 'Organization', 'value': 'Islamic State in Iraq and Syria (ISIS)', 'rank': 4}, {'name': 'Subject', 'value': 'United States Defense and Military Forces', 'rank': 5}, {'name': 'Subject', 'value': 'Assaults', 'rank': 6}, {'name': 'Location', 'value': 'Mosul (Iraq)', 'rank': 7}]",Foreign,12.0,A,2015-02-20 01:48:45+00:00,World,"The assault, expected to begin in April or May, will require 20,000 to 25,000 Iraqi and Kurdish troops, an official from the United States Central Command said.",The New York Times,Middle East,News,nyt://article/2668de97-b451-5e99-8025-e4b7df68b2ff,https://www.nytimes.com/2015/02/20/world/middleeast/assault-to-retake-iraqi-city-from-islamic-state-is-planned-for-spring.html,540,By Michael R. Gordon,Iraqi Assault to Retake Mosul From Islamic State Is Planned for Spring,,Assault to Retake Iraqi City From Islamic State Is Planned for Spring,,,,0,0,,0,0,Iraqi Assault to Retake Mosul From Islamic State Is Planned for Spring,"Iraqi Assault to Retake Mosul From Islamic State Is Planned for Spring The assault, expected to begin in April or May, will require 20,000 to 25,000 Iraqi and Kurdish troops, an official from the United States Central Command said. The assault, expected to begin in April or May, will require 20,000 to 25,000 Iraqi and Kurdish troops, an official from the United States Central Command said."
"When Wang Sicong, the son of one of the richest men in China, responded to a reporter’s question about what he sought in a mate, the response shouldn’t have surprised anyone.",article,nyt://article/fb1a58db-9521-5980-b6cb-29c1eca70302,"[{'name': 'Subject', 'value': 'Philanthropy', 'rank': 1}, {'name': 'Subject', 'value': 'Women and Girls', 'rank': 2}, {'name': 'Subject', 'value': ""Women's Rights"", 'rank': 3}, {'name': 'Person', 'value': 'Wang Jianlin', 'rank': 4}, {'name': 'Organization', 'value': 'Dalian Wanda Group', 'rank': 5}, {'name': 'Organization', 'value': 'Sina Weibo', 'rank': 6}, {'name': 'Location', 'value': 'China', 'rank': 7}, {'name': 'Location', 'value': 'Russia', 'rank': 8}]",Foreign,,,2015-02-18 10:21:27+00:00,World,"When Wang Sicong, the son of one of the richest men in China, responded to a reporter’s question about what he sought in a mate, the response shouldn’t have surprised anyone.",The New York Times,Asia Pacific,News,nyt://article/fb1a58db-9521-5980-b6cb-29c1eca70302,https://sinosphere.blogs.nytimes.com/2015/02/18/state-media-outlet-faults-billionaires-son-for-crude-comment/,418,By Austin Ramzy,State Media Outlet Faults Billionaire’s Son for Crude Comment,Sinosphere,,,,,0,0,,0,0,State Media Outlet Faults Billionaire’s Son for Crude Comment,"State Media Outlet Faults Billionaire’s Son for Crude Comment When Wang Sicong, the son of one of the richest men in China, responded to a reporter’s question about what he sought in a mate, the response shouldn’t have surprised anyone. When Wang Sicong, the son of one of the richest men in China, responded to a reporter’s question about what he sought in a mate, the response shouldn’t have surprised anyone."
It is the first time the militant group has released a video showing such a killing outside of the territory it controls in Syria and Iraq.,article,nyt://article/f1c4d5e7-f90e-52bf-b196-b5b795a161b6,"[{'name': 'Person', 'value': 'Kirkpatrick, David D', 'rank': 1}, {'name': 'Organization', 'value': 'Islamic State in Iraq and Syria (ISIS)', 'rank': 2}, {'name': 'Person', 'value': 'Callimachi, Rukmini', 'rank': 3}, {'name': 'Location', 'value': 'Libya', 'rank': 4}, {'name': 'Subject', 'value': 'Terrorism', 'rank': 5}]",Foreign,6.0,A,2015-02-15 20:38:36+00:00,World,It is the first time the militant group has released a video showing such a killing outside of the territory it controls in Syria and Iraq.,The New York Times,Middle East,News,nyt://article/f1c4d5e7-f90e-52bf-b196-b5b795a161b6,https://www.nytimes.com/2015/02/16/world/middleeast/islamic-state-video-beheadings-of-21-egyptian-christians.html,1050,By David D. Kirkpatrick and Rukmini Callimachi,Islamic State Video Shows Beheadings of Egyptian Christians in Libya,,Islamic State Video Shows Beheadings of Egyptian Christians in Libya,"An image from the Islamic State video, showing masked fighters in black parading the captives.",,https://static01.nyt.com/images/2015/02/16/world/ISIS/ISIS-articleLarge.jpg,307,600,https://static01.nyt.com/images/2015/02/16/world/ISIS/ISIS-thumbStandard.jpg,75,75,Islamic State Video Shows Beheadings of Egyptian Christians in Libya,Islamic State Video Shows Beheadings of Egyptian Christians in Libya It is the first time the militant group has released a video showing such a killing outside of the territory it controls in Syria and Iraq. It is the first time the militant group has released a video showing such a killing outside of the territory it controls in Syria and Iraq.
"The Islamic State is expanding beyond its base in Syria and Iraq to establish militant affiliates in Afghanistan, Algeria, Egypt and Libya, raising the prospect of a new global war on terror.",article,nyt://article/8b8e50cf-b9b7-5645-9645-259235ea6de4,"[{'name': 'Person', 'value': 'Schmitt, Eric', 'rank': 1}, {'name': 'Organization', 'value': 'Islamic State in Iraq and Syria (ISIS)', 'rank': 2}, {'name': 'Person', 'value': 'Kirkpatrick, David D', 'rank': 3}, {'name': 'Location', 'value': 'Africa', 'rank': 4}, {'name': 'Location', 'value': 'Middle East', 'rank': 5}, {'name': 'Location', 'value': 'Afghanistan', 'rank': 6}, {'name': 'Location', 'value': 'Algeria', 'rank': 7}, {'name': 'Location', 'value': 'Egypt', 'rank': 8}, {'name': 'Location', 'value': 'Libya', 'rank': 9}, {'name': 'Subject', 'value': 'Terrorism', 'rank': 10}, {'name': 'Organization', 'value': 'Sinai Province of the Islamic State', 'rank': 11}, {'name': 'Organization', 'value': 'Ansar Beit al-Maqdis', 'rank': 12}]",Foreign,1.0,A,2015-02-14 17:25:42+00:00,World,"The Islamic State is expanding beyond its base in Syria and Iraq to establish militant affiliates in Afghanistan, Algeria, Egypt and Libya, raising the prospect of a new global war on terror.",The New York Times,Middle East,News,nyt://article/8b8e50cf-b9b7-5645-9645-259235ea6de4,https://www.nytimes.com/2015/02/15/world/middleeast/islamic-state-sprouting-limbs-beyond-mideast.html,1335,By Eric Schmitt and David D. Kirkpatrick,Islamic State Sprouting Limbs Beyond Its Base ,,Islamic State Sprouting Limbs Beyond Its Base,"Abu Bakr al-Baghdadi, the leader of the Islamic State, to which a broad array of fighters are swearing allegiance.",Associated Press,,0,0,https://static01.nyt.com/images/2015/02/15/world/JP-ISIS-1/JP-ISIS-1-thumbStandard.jpg,75,75,Islamic State Sprouting Limbs Beyond Its Base,"Islamic State Sprouting Limbs Beyond Its Base The Islamic State is expanding beyond its base in Syria and Iraq to establish militant affiliates in Afghanistan, Algeria, Egypt and Libya, raising the prospect of a new global war on terror. The Islamic State is expanding beyond its base in Syria and Iraq to establish militant affiliates in Afghanistan, Algeria, Egypt and Libya, raising the prospect of a new global war on terror."
"President Xi Jinping of China is set to make a state visit to the United States later this year, his first since becoming the top leader of Asia’s biggest economy.",article,nyt://article/37ccb78a-69d8-5342-85c6-08fc9d72e8da,"[{'name': 'Person', 'value': 'Forsythe, Michael', 'rank': 1}, {'name': 'Location', 'value': 'China', 'rank': 2}, {'name': 'Person', 'value': 'Xi Jinping', 'rank': 3}, {'name': 'Subject', 'value': 'United States International Relations', 'rank': 4}, {'name': 'Person', 'value': 'Obama, Barack', 'rank': 5}, {'name': 'Person', 'value': 'Rice, Susan E', 'rank': 6}, {'name': 'Location', 'value': 'United States', 'rank': 7}]",Foreign,6.0,A,2015-02-09 04:50:15+00:00,World,"President Xi Jinping of China is set to make a state visit to the United States later this year, his first since becoming the top leader of Asia’s biggest economy.",The New York Times,Asia Pacific,News,nyt://article/37ccb78a-69d8-5342-85c6-08fc9d72e8da,https://www.nytimes.com/2015/02/09/world/asia/president-xi-of-china-to-make-state-visit-to-washington.html,466,By Michael Forsythe,President Xi of China to Make State Visit to Washington,,President Xi of China to Make State Visit to Washington,,,,0,0,,0,0,President Xi of China to Make State Visit to Washington,"President Xi of China to Make State Visit to Washington President Xi Jinping of China is set to make a state visit to the United States later this year, his first since becoming the top leader of Asia’s biggest economy. President Xi Jinping of China is set to make a state visit to the United States later this year, his first since becoming the top leader of Asia’s biggest economy."
"The Badr Organization, a Shiite militia, has been effective in fighting the Islamic State, but stands among the most divisive in Iraq, accused of atrocities against Sunnis and known for its close ties to Iran.",article,nyt://article/490b7492-4503-5277-b204-4dc7fb3a662c,"[{'name': 'Location', 'value': 'Iraq', 'rank': 1}, {'name': 'Person', 'value': 'Fahim, Kareem', 'rank': 2}, {'name': 'Subject', 'value': 'Muslims and Islam', 'rank': 3}, {'name': 'Organization', 'value': 'Islamic State in Iraq and Syria (ISIS)', 'rank': 4}, {'name': 'Subject', 'value': 'Sunni Muslims', 'rank': 5}, {'name': 'Subject', 'value': 'Shiite Muslims', 'rank': 6}, {'name': 'Organization', 'value': 'Badr Organization', 'rank': 7}, {'name': 'Person', 'value': 'Abadi, Haider al-', 'rank': 8}, {'name': 'Location', 'value': 'Diyala Province (Iraq)', 'rank': 9}, {'name': 'Location', 'value': 'Iran', 'rank': 10}]",Foreign,10.0,A,2015-02-07 22:58:28+00:00,World,"The Badr Organization, a Shiite militia, has been effective in fighting the Islamic State, but stands among the most divisive in Iraq, accused of atrocities against Sunnis and known for its close ties to Iran.",The New York Times,Middle East,News,nyt://article/490b7492-4503-5277-b204-4dc7fb3a662c,https://www.nytimes.com/2015/02/08/world/shiite-militia-drives-back-islamic-state-but-divides-much-of-iraq.html,1133,By Kareem Fahim,"Shiite Militia Drives Back Islamic State, but Divides Much of Iraq ",,"Shiite Militia Drives Back Islamic State, but Divides Much of Iraq",Shiite militia fighters of the Badr Organization celebrating in Diyala Province after defeating Islamic State militants. The militias are feared by Sunnis who accuse them of summary killings.,Ahmad Al-Rubaye/Agence France-Presse — Getty Images,https://static01.nyt.com/images/2015/02/08/world/DIYALA/DIYALA-articleLarge.jpg,395,600,https://static01.nyt.com/images/2015/02/08/world/DIYALA/DIYALA-thumbStandard-v2.jpg,75,75,"Shiite Militia Drives Back Islamic State, but Divides Much of Iraq","Shiite Militia Drives Back Islamic State, but Divides Much of Iraq The Badr Organization, a Shiite militia, has been effective in fighting the Islamic State, but stands among the most divisive in Iraq, accused of atrocities against Sunnis and known for its close ties to Iran. The Badr Organization, a Shiite militia, has been effective in fighting the Islamic State, but stands among the most divisive in Iraq, accused of atrocities against Sunnis and known for its close ties to Iran."
"The bodies of 60 men, women and children have been found piled in an abandoned crematorium in Acapulco, the authorities in Guerrero State said Friday.",article,nyt://article/d5c0620e-ca0e-521f-94b5-0a1f2c6570ec,"[{'name': 'Location', 'value': 'Mexico', 'rank': 1}, {'name': 'Person', 'value': 'Malkin, Elisabeth', 'rank': 2}, {'name': 'Subject', 'value': 'Cremation', 'rank': 3}, {'name': 'Subject', 'value': 'Drug Abuse and Traffic', 'rank': 4}, {'name': 'Location', 'value': 'Acapulco (Mexico)', 'rank': 5}]",Foreign,5.0,A,2015-02-07 02:39:22+00:00,World,"The bodies of 60 men, women and children have been found piled in an abandoned crematorium in Acapulco, the authorities in Guerrero State said Friday.",The New York Times,Americas,Brief,nyt://article/d5c0620e-ca0e-521f-94b5-0a1f2c6570ec,https://www.nytimes.com/2015/02/07/world/americas/mexico-state-officials-find-60-bodies-inside-an-abandoned-crematorium.html,180,By Elisabeth Malkin,Mexico: State Officials Find 60 Bodies Inside an Abandoned Crematorium,World Briefing,Mexico: State Officials Find 60 Bodies Inside an Abandoned Crematorium,A forensic medical team in Acapulco working in a private crematorium where corpses in an advanced state of decomposition were found on Friday.,Agence France-Presse — Getty Images,https://static01.nyt.com/images/2015/02/07/world/07mexico_watch/07mexico_watch-articleLarge.jpg,400,600,https://static01.nyt.com/images/2015/02/07/world/07mexico_watch/07mexico_watch-thumbStandard.jpg,75,75,Mexico: State Officials Find 60 Bodies Inside an Abandoned Crematorium,"Mexico: State Officials Find 60 Bodies Inside an Abandoned Crematorium The bodies of 60 men, women and children have been found piled in an abandoned crematorium in Acapulco, the authorities in Guerrero State said Friday. The bodies of 60 men, women and children have been found piled in an abandoned crematorium in Acapulco, the authorities in Guerrero State said Friday."
"The Security Council resolution, which could be adopted next week, is intended to choke the terrorist group’s ability to trade in oil, antiquities and hostages.",article,nyt://article/09e6f812-8c0c-543e-9ace-4b4463ff596e,"[{'name': 'Subject', 'value': 'Terrorism', 'rank': 1}, {'name': 'Subject', 'value': 'Embargoes and Sanctions', 'rank': 2}, {'name': 'Subject', 'value': 'Kidnapping and Hostages', 'rank': 3}, {'name': 'Organization', 'value': 'Security Council (UN)', 'rank': 4}, {'name': 'Organization', 'value': 'Islamic State in Iraq and Syria (ISIS)', 'rank': 5}, {'name': 'Location', 'value': 'Syria', 'rank': 6}]",Foreign,,,2015-02-07 01:28:04+00:00,World,"The Security Council resolution, which could be adopted next week, is intended to choke the terrorist group’s ability to trade in oil, antiquities and hostages.",The New York Times,Middle East,News,nyt://article/09e6f812-8c0c-543e-9ace-4b4463ff596e,https://www.nytimes.com/2015/02/07/world/middleeast/un-prepares-resolution-to-confront-islamic-state-on-oil-and-antiquities.html,446,By Somini Sengupta,U.N. Prepares Resolution to Confront Islamic State on Oil and Antiquities,,,,,,0,0,,0,0,U.N. Prepares Resolution to Confront Islamic State on Oil and Antiquities,"U.N. Prepares Resolution to Confront Islamic State on Oil and Antiquities The Security Council resolution, which could be adopted next week, is intended to choke the terrorist group’s ability to trade in oil, antiquities and hostages. The Security Council resolution, which could be adopted next week, is intended to choke the terrorist group’s ability to trade in oil, antiquities and hostages."
Kevin Garratt and his wife lived near the border with North Korea and were detained in August; she has been released on bail.,article,nyt://article/d1a83b79-8f9c-5bbd-a78b-b6a4745bcc40,"[{'name': 'Location', 'value': 'China', 'rank': 1}, {'name': 'Person', 'value': 'Levin, Dan', 'rank': 2}, {'name': 'Person', 'value': 'Garratt, Kevin', 'rank': 3}, {'name': 'Location', 'value': 'North Korea', 'rank': 4}, {'name': 'Subject', 'value': 'Classified Information and State Secrets', 'rank': 5}, {'name': 'Person', 'value': 'Garratt, Julia Dawn', 'rank': 6}, {'name': 'Location', 'value': 'Dandong (China)', 'rank': 7}, {'name': 'Organization', 'value': 'North Star Aid', 'rank': 8}]",Foreign,8.0,A,2015-02-05 14:17:15+00:00,World,Kevin Garratt and his wife lived near the border with North Korea and were detained in August; she has been released on bail.,The New York Times,Asia Pacific,News,nyt://article/d1a83b79-8f9c-5bbd-a78b-b6a4745bcc40,https://www.nytimes.com/2015/02/06/world/asia/china-holds-canadian-on-suspicion-of-stealing-state-secrets.html,508,By Dan Levin,China Holds a Canadian It Says Stole State Secrets,,China Holds a Canadian It Says Stole State Secrets,,,,0,0,,0,0,China Holds a Canadian It Says Stole State Secrets,China Holds a Canadian It Says Stole State Secrets Kevin Garratt and his wife lived near the border with North Korea and were detained in August; she has been released on bail. Kevin Garratt and his wife lived near the border with North Korea and were detained in August; she has been released on bail.
"In a speech, Prime Minister Tony Abbott, who has been in office less than two years, said he would refocus on the economy and consult more with his party colleagues.",article,nyt://article/53b821c2-eed1-5af3-b129-dbf0c306efa2,"[{'name': 'Location', 'value': 'Australia', 'rank': 1}, {'name': 'Person', 'value': 'Innis, Michelle', 'rank': 2}, {'name': 'Person', 'value': 'Abbott, Tony', 'rank': 3}]",Foreign,8.0,A,2015-02-02 11:30:50+00:00,World,"In a speech, Prime Minister Tony Abbott, who has been in office less than two years, said he would refocus on the economy and consult more with his party colleagues.",The New York Times,Asia Pacific,News,nyt://article/53b821c2-eed1-5af3-b129-dbf0c306efa2,https://www.nytimes.com/2015/02/03/world/asia/australia-tony-abbott-elections.html,765,By Michelle Innis,Australian Leader Alters Course After Losing State Vote,,Australian Leader Alters Course After Losing State Vote,Prime Minister Tony Abbott in Canberra on Monday. His conservative coalition took a beating in Queensland state elections.,Stefan Postles/Getty Images,https://static01.nyt.com/images/2015/02/03/world/AUSTRALIA/AUSTRALIA-articleLarge.jpg,397,600,https://static01.nyt.com/images/2015/02/03/world/AUSTRALIA/AUSTRALIA-thumbStandard.jpg,75,75,Australian Leader Alters Course After Losing State Vote,"Australian Leader Alters Course After Losing State Vote In a speech, Prime Minister Tony Abbott, who has been in office less than two years, said he would refocus on the economy and consult more with his party colleagues. In a speech, Prime Minister Tony Abbott, who has been in office less than two years, said he would refocus on the economy and consult more with his party colleagues."
"Jordan, which is willing to release an imprisoned militant, apparently has not received proof that its captured air force pilot, being held with a Japanese journalist, is still alive.",article,nyt://article/95f298e2-956d-5ae9-b4f8-d5e6dc8ab656,"[{'name': 'Person', 'value': 'Nordland, Rod', 'rank': 1}, {'name': 'Organization', 'value': 'Islamic State in Iraq and Syria (ISIS)', 'rank': 2}, {'name': 'Person', 'value': 'Kadri, Ranya', 'rank': 3}, {'name': 'Location', 'value': 'Jordan', 'rank': 4}, {'name': 'Person', 'value': 'Goto, Kenji (1967- )', 'rank': 5}, {'name': 'Person', 'value': 'Kasasbeh, Moaz al-', 'rank': 6}, {'name': 'Person', 'value': 'Rishawi, Sajida al-', 'rank': 7}, {'name': 'Subject', 'value': 'Kidnapping and Hostages', 'rank': 8}]",Foreign,10.0,A,2015-01-29 14:39:00+00:00,World,"Jordan, which is willing to release an imprisoned militant, apparently has not received proof that its captured air force pilot, being held with a Japanese journalist, is still alive.",The New York Times,Middle East,News,nyt://article/95f298e2-956d-5ae9-b4f8-d5e6dc8ab656,https://www.nytimes.com/2015/01/30/world/middleeast/jordans-talks-with-isis-for-hostage-release-said-to-fail.html,632,By Rod Nordland and Ranya Kadri,Jordan Lets Islamic State’s Deadline for a Prisoner Exchange Pass ,,Jordan Lets Islamic State’s Deadline for a Prisoner Exchange Pass,,Muhammad Hamed/Reuters,https://static01.nyt.com/images/2015/01/30/world/30JORDAN/30JORDAN-articleLarge.jpg,338,600,https://static01.nyt.com/images/2015/01/30/world/30JORDAN/30JORDAN-thumbStandard.jpg,75,75,Jordan Lets Islamic State’s Deadline for a Prisoner Exchange Pass,"Jordan Lets Islamic State’s Deadline for a Prisoner Exchange Pass Jordan, which is willing to release an imprisoned militant, apparently has not received proof that its captured air force pilot, being held with a Japanese journalist, is still alive. Jordan, which is willing to release an imprisoned militant, apparently has not received proof that its captured air force pilot, being held with a Japanese journalist, is still alive."
"The death of the protester, whose body was riddled with shotgun pellets, was condemned in an unusually frank editorial on the front page of Al Ahram.",article,nyt://article/2f865394-2891-5bbb-86c7-21d20f638884,"[{'name': 'Person', 'value': 'Sabbagh, Shaimaa al- (1983-2015)', 'rank': 1}, {'name': 'Location', 'value': 'Egypt', 'rank': 2}, {'name': 'Subject', 'value': 'Middle East and North Africa Unrest (2010- )', 'rank': 3}, {'name': 'Subject', 'value': 'Demonstrations, Protests and Riots', 'rank': 4}, {'name': 'Subject', 'value': 'Police Brutality, Misconduct and Shootings', 'rank': 5}, {'name': 'Organization', 'value': 'Al-Ahram (Egyptian Newspaper)', 'rank': 6}]",Foreign,,,2015-01-27 01:09:45+00:00,World,"The death of the protester, whose body was riddled with shotgun pellets, was condemned in an unusually frank editorial on the front page of Al Ahram.",The New York Times,Middle East,News,nyt://article/2f865394-2891-5bbb-86c7-21d20f638884,https://www.nytimes.com/2015/01/27/world/middleeast/killing-of-protester-prompts-rare-criticism-from-egyptian-state-newspaper.html,327,By Robert Mackey,Killing of Protester Prompts Rare Criticism From Egyptian State Newspaper,Open Source,,,,,0,0,,0,0,Killing of Protester Prompts Rare Criticism From Egyptian State Newspaper,"Killing of Protester Prompts Rare Criticism From Egyptian State Newspaper The death of the protester, whose body was riddled with shotgun pellets, was condemned in an unusually frank editorial on the front page of Al Ahram. The death of the protester, whose body was riddled with shotgun pellets, was condemned in an unusually frank editorial on the front page of Al Ahram."
"Junko Ishido, the mother of the journalist Kenji Goto, made her plea hours before a deadline for a $200 million ransom for Mr. Goto and another Japanese man.",article,nyt://article/2af34384-8b0f-59f2-9d7a-e03282718e72,"[{'name': 'Person', 'value': 'Fackler, Martin', 'rank': 1}, {'name': 'Location', 'value': 'Japan', 'rank': 2}, {'name': 'Person', 'value': 'Goto, Kenji (1967- )', 'rank': 3}, {'name': '', 'value': '', 'rank': 4}, {'name': 'Person', 'value': 'Ishido, Junko', 'rank': 5}, {'name': 'Organization', 'value': 'Islamic State in Iraq and Syria (ISIS)', 'rank': 6}, {'name': 'Subject', 'value': 'Kidnapping and Hostages', 'rank': 7}, {'name': 'Person', 'value': 'Yukawa, Haruna (1973- )', 'rank': 8}, {'name': 'Location', 'value': 'Tokyo (Japan)', 'rank': 9}]",Foreign,7.0,A,2015-01-23 10:51:59+00:00,World,"Junko Ishido, the mother of the journalist Kenji Goto, made her plea hours before a deadline for a $200 million ransom for Mr. Goto and another Japanese man.",The New York Times,Asia Pacific,News,nyt://article/2af34384-8b0f-59f2-9d7a-e03282718e72,https://www.nytimes.com/2015/01/24/world/asia/japanese-hostages-islamic-state.html,477,By Martin Fackler,Japanese Hostage’s Mother Urges Islamic State to Spare Him,,Japan: Mother of Hostage Asks ISIS to Spare His Life,"Junko Ishido, the mother of the journalist Kenji Goto, made her plea during a hastily organized news conference in Tokyo on Friday, just hours before a ransom deadline.",Toru Hanai/Reuters,https://static01.nyt.com/images/2015/01/24/world/24japan/24japan-articleLarge.jpg,415,600,https://static01.nyt.com/images/2015/01/24/world/24japan/24japan-thumbStandard.jpg,75,75,Japanese Hostage’s Mother Urges Islamic State to Spare Him,"Japanese Hostage’s Mother Urges Islamic State to Spare Him Junko Ishido, the mother of the journalist Kenji Goto, made her plea hours before a deadline for a $200 million ransom for Mr. Goto and another Japanese man. Junko Ishido, the mother of the journalist Kenji Goto, made her plea hours before a deadline for a $200 million ransom for Mr. Goto and another Japanese man."
