abstract,document_type,_id,keywords,news_desk,print_page,print_section,pub_date,section_name,snippet,source,subsection_name,type_of_material,uri,web_url,word_count,byline.original,headline.main,headline.kicker,headline.print_headline,multimedia.caption,multimedia.credit,multimedia.default.url,multimedia.default.height,multimedia.default.width,multimedia.thumbnail.url,multimedia.thumbnail.height,multimedia.thumbnail.width,headline,text
"He Jiankui, who was last seen in public in November soon after his stunning announcement, is sequestered in a guesthouse in the city of Shenzhen.",article,nyt://article/21f98257-8000-5d61-ad1f-17ad37bd7eb9,"[{'name': 'Person', 'value': 'He Jiankui', 'rank': 1}, {'name': 'Subject', 'value': 'Genetics and Heredity', 'rank': 2}, {'name': 'Subject', 'value': 'Science and Technology', 'rank': 3}, {'name': 'Organization', 'value': 'Southern University of Science and Technology', 'rank': 4}, {'name': 'Location', 'value': 'China', 'rank': 5}, {'name': 'Location', 'value': 'Shenzhen (China)', 'rank': 6}, {'name': 'Subject', 'value': 'Genetic Engineering', 'rank': 7}, {'name': 'Subject', 'value': 'Ethics and Official Misconduct', 'rank': 8}]",Foreign,6.0,A,2018-12-29 02:11:44+00:00,World,"He Jiankui, who was last seen in public in November soon after his stunning announcement, is sequestered in a guesthouse in the city of Shenzhen.",The New York Times,Asia Pacific,News,nyt://article/21f98257-8000-5d61-ad1f-17ad37bd7eb9,https://www.nytimes.com/2018/12/28/world/asia/he-jiankui-china-scientist-gene-editing.html,912,By Elsie Chen and Paul Mozur,Chinese Scientist Who Claimed to Make Genetically Edited Babies Is Kept Under Guard,,Chinese Guard Scientist at Center of Ethical Debate,"He Jiankui, the scientist who says he created the world’s first genetically edited babies, on an apartment balcony in Shenzhen, China. A colleague confirmed his identity when shown video.",Elsie Chen,https://static01.nyt.com/images/2018/12/29/world/asia/29chinababy-he/29chinababy-he-articleLarge.jpg,400,600,https://static01.nyt.com/images/2018/12/29/world/asia/29chinababy-he/29chinababy-he-thumbStandard.jpg,75,75,Chinese Scientist Who Claimed to Make Genetically Edited Babies Is Kept Under Guard,"Chinese Scientist Who Claimed to Make Genetically Edited Babies Is Kept Under Guard He Jiankui, who was last seen in public in November soon after his stunning announcement, is sequestered in a guesthouse in the city of Shenzhen. He Jiankui, who was last seen in public in November soon after his stunning announcement, is sequestered in a guesthouse in the city of Shenzhen."
"Mary Robinson, a former United Nations human rights commissioner, has been accused of covering for Dubai’s mistreatment of a daughter of the ruling sheikh.",article,nyt://article/2f9d739f-be6d-51aa-8040-0e4dcb8ffd2d,"[{'name': 'Location', 'value': 'Dubai (United Arab Emirates)', 'rank': 1}, {'name': 'Subject', 'value': 'Human Rights and Human Rights Violations', 'rank': 2}, {'name': 'Person', 'value': 'Robinson, Mary (1944- )', 'rank': 3}, {'name': 'Subject', 'value': 'Royal Families', 'rank': 4}, {'name': 'Person', 'value': 'Maktoum, Mohammed Bin Rashid Al-', 'rank': 5}, {'name': 'Person', 'value': 'Maktoum, Latifa bint Mohammed al-', 'rank': 6}, {'name': 'Organization', 'value': 'United Nations', 'rank': 7}, {'name': 'Subject', 'value': 'Politics and Government', 'rank': 8}]",Foreign,7.0,A,2018-12-28 20:32:27+00:00,World,Mary Robinson has been accused of covering for Dubai’s mistreatment of a daughter of the ruling sheikh.,The New York Times,Middle East,News,nyt://article/2f9d739f-be6d-51aa-8040-0e4dcb8ffd2d,https://www.nytimes.com/2018/12/28/world/middleeast/human-rights-robinson-dubai-princess.html,729,By Richard Pérez-Peña,Human Rights Advocate Under Fire in Case of Arab Princess Who Claimed Abduction,,Rights Advocate Is Under Fire in Case of Arab Princess Who Claimed Abduction,"The daughter of Dubai’s ruler, Latifa bint Mohammed al-Makhtoum, with Mary Robinson, a well-known human rights advocate, in a photo released by Dubai.","United Arab Emirates News Agency, via Agence France-Presse — Getty Images",https://static01.nyt.com/images/2018/12/29/world/29dubai/merlin_148480365_ef630c0f-8138-4892-89ff-58dc9e9afbda-articleLarge.jpg,427,600,https://static01.nyt.com/images/2018/12/29/world/29dubai/29dubai-thumbStandard.jpg,75,75,Human Rights Advocate Under Fire in Case of Arab Princess Who Claimed Abduction,"Human Rights Advocate Under Fire in Case of Arab Princess Who Claimed Abduction Mary Robinson, a former United Nations human rights commissioner, has been accused of covering for Dubai’s mistreatment of a daughter of the ruling sheikh. Mary Robinson has been accused of covering for Dubai’s mistreatment of a daughter of the ruling sheikh."
"The police are investigating whether Ville Vahamaki cheated Parliament out of 13,000 euros after claiming allowances for a second home that turned out to be a Helsinki sauna.",article,nyt://article/1b47b573-d161-5d8a-9f5a-79d084884c79,"[{'name': 'Location', 'value': 'Finland', 'rank': 1}, {'name': 'Subject', 'value': 'Legislatures and Parliaments', 'rank': 2}, {'name': 'Subject', 'value': 'Politics and Government', 'rank': 3}, {'name': 'Subject', 'value': 'Saunas and Sweat Lodges', 'rank': 4}, {'name': 'Subject', 'value': 'Frauds and Swindling', 'rank': 5}, {'name': 'Person', 'value': 'Vahamaki, Ville', 'rank': 6}, {'name': 'Person', 'value': 'Hakkarainen, Teuvo', 'rank': 7}, {'name': 'Organization', 'value': 'Finns Party (Finland)', 'rank': 8}, {'name': 'Subject', 'value': 'Ethics and Official Misconduct', 'rank': 9}]",Foreign,16.0,A,2018-12-22 13:08:49+00:00,World,"The police are investigating whether Ville Vahamaki cheated Parliament out of 13,000 euros after claiming allowances for a second home that turned out to be a Helsinki sauna.",The New York Times,Europe,News,nyt://article/1b47b573-d161-5d8a-9f5a-79d084884c79,https://www.nytimes.com/2018/12/22/world/europe/finland-mp-sauna.html,338,By Reuters,Finnish Lawmaker Accused of Claiming Sauna as His 2nd Home,,Finnish Official Faces Inquiry Over Housing,"The Helsinki building where Ville Vahamaki, of the nationalist Finns Party, rented a sauna for which he is accused of claiming housing expense. He has said he did “laundry and so forth” there.","Antti Aimo-Koivisto/Lehtikuva, via Reuters",https://static01.nyt.com/images/2018/12/23/world/23finland/merlin_148382508_c3628f7b-c14b-4863-bd59-43b04bd90f30-articleLarge.jpg,385,600,https://static01.nyt.com/images/2018/12/23/world/23finland/23finland-thumbStandard.jpg,75,75,Finnish Lawmaker Accused of Claiming Sauna as His 2nd Home,"Finnish Lawmaker Accused of Claiming Sauna as His 2nd Home The police are investigating whether Ville Vahamaki cheated Parliament out of 13,000 euros after claiming allowances for a second home that turned out to be a Helsinki sauna. The police are investigating whether Ville Vahamaki cheated Parliament out of 13,000 euros after claiming allowances for a second home that turned out to be a Helsinki sauna."
"Mexico has essentially agreed to accept the decision, and will be forced to house thousands from other countries, particularly from Central America, as they await their decisions.",article,nyt://article/817a27f7-5e1c-58b2-95a5-163ba98149d1,"[{'name': 'Subject', 'value': 'Politics and Government', 'rank': 1}, {'name': 'Subject', 'value': 'Immigration and Emigration', 'rank': 2}, {'name': 'Location', 'value': 'Mexico', 'rank': 3}, {'name': 'Location', 'value': 'United States', 'rank': 4}]",Foreign,,,2018-12-20 16:09:31+00:00,World,"Mexico has essentially agreed to accept the decision, and will be forced to house thousands from other countries, particularly from Central America, as they await their decisions.",The New York Times,Americas,News,nyt://article/817a27f7-5e1c-58b2-95a5-163ba98149d1,https://www.nytimes.com/2018/12/20/world/americas/us-mexico-asylum-migrants.html,958,By Azam Ahmed and Michael Tackett,U.S. Will Send Migrants Back to Mexico as They Wait on Asylum Claims,,,"A migrant family being taken by a Mexican migration official, right, to a crossing into the United States from Tijuana last month.",Mauricio Lima for The New York Times,https://static01.nyt.com/images/2018/12/21/world/21mexico/merlin_147497259_5b459f8d-d2a3-4a2b-aa17-6c8d62a74ef4-articleLarge.jpg,400,600,https://static01.nyt.com/images/2018/12/21/world/21mexico/21mexico-thumbStandard.jpg,75,75,U.S. Will Send Migrants Back to Mexico as They Wait on Asylum Claims,"U.S. Will Send Migrants Back to Mexico as They Wait on Asylum Claims Mexico has essentially agreed to accept the decision, and will be forced to house thousands from other countries, particularly from Central America, as they await their decisions. Mexico has essentially agreed to accept the decision, and will be forced to house thousands from other countries, particularly from Central America, as they await their decisions."
"Leung Chun-ying, who stepped down last year, came under fire for receiving millions of dollars from a company that had a contract for the city’s subway system.",article,nyt://article/505962a4-72be-5e8a-97ca-fd808988f42f,"[{'name': 'Subject', 'value': 'Corruption (Institutional)', 'rank': 1}, {'name': 'Subject', 'value': 'Government Contracts and Procurement', 'rank': 2}, {'name': 'Subject', 'value': 'Conflicts of Interest', 'rank': 3}, {'name': 'Subject', 'value': 'Ethics and Official Misconduct', 'rank': 4}, {'name': 'Organization', 'value': 'MTR Corp', 'rank': 5}, {'name': 'Organization', 'value': 'UGL Ltd', 'rank': 6}, {'name': 'Organization', 'value': 'Occupy Central', 'rank': 7}, {'name': 'Person', 'value': 'Leung Chun-ying', 'rank': 8}, {'name': 'Location', 'value': 'Hong Kong', 'rank': 9}]",Foreign,,,2018-12-12 12:06:37+00:00,World,"Leung Chun-ying, who stepped down last year, came under fire for receiving millions of dollars from a company that had a contract for the city’s subway system.",The New York Times,Asia Pacific,News,nyt://article/505962a4-72be-5e8a-97ca-fd808988f42f,https://www.nytimes.com/2018/12/12/world/asia/hong-kong-leung-chun-ying.html,411,By Austin Ramzy,Hong Kong Won’t Prosecute Ex-Leader Over Claims of Conflict of Interest,,,"Leung Chun-ying, center, who was Hong Kong’s chief executive from 2012 to 2017, will not be charged for receiving millions of dollars from a company.",Greg Baker/Agence France-Presse — Getty Images,https://static01.nyt.com/images/2018/12/13/world/13HongKong/merlin_135019419_cbcad7f6-9985-4066-8874-ca78400ec493-articleLarge.jpg,400,600,https://static01.nyt.com/images/2018/12/13/world/13HongKong/13HongKong-thumbStandard.jpg,75,75,Hong Kong Won’t Prosecute Ex-Leader Over Claims of Conflict of Interest,"Hong Kong Won’t Prosecute Ex-Leader Over Claims of Conflict of Interest Leung Chun-ying, who stepped down last year, came under fire for receiving millions of dollars from a company that had a contract for the city’s subway system. Leung Chun-ying, who stepped down last year, came under fire for receiving millions of dollars from a company that had a contract for the city’s subway system."
"More than 1,000 migrants held in offshore detention centers said the government had abrogated its “duty of care,” as required by international law.",article,nyt://article/46b914fb-658f-5b18-be6a-315edbc255ff,"[{'name': 'Subject', 'value': 'Immigration and Emigration', 'rank': 1}, {'name': 'Subject', 'value': 'Asylum, Right of', 'rank': 2}, {'name': 'Subject', 'value': 'Detainees', 'rank': 3}, {'name': 'Subject', 'value': 'Torture', 'rank': 4}, {'name': 'Subject', 'value': 'Immigration Detention', 'rank': 5}, {'name': 'Subject', 'value': 'War Crimes, Genocide and Crimes Against Humanity', 'rank': 6}, {'name': 'Subject', 'value': 'Suits and Litigation (Civil)', 'rank': 7}, {'name': 'Organization', 'value': 'International Criminal Court', 'rank': 8}, {'name': 'Person', 'value': 'Morrison, Scott (1968- )', 'rank': 9}, {'name': 'Location', 'value': 'Australia', 'rank': 10}, {'name': 'Location', 'value': 'Nauru', 'rank': 11}, {'name': 'Location', 'value': 'Manus Island (Papua New Guinea)', 'rank': 12}, {'name': 'Subject', 'value': 'Human Rights and Human Rights Violations', 'rank': 13}]",Foreign,,,2018-12-10 08:20:19+00:00,World,"More than 1,000 migrants held in offshore detention centers said the government had abrogated its “duty of care,” as required by international law.",The New York Times,Australia,News,nyt://article/46b914fb-658f-5b18-be6a-315edbc255ff,https://www.nytimes.com/2018/12/10/world/australia/asylum-seekers-lawsuit-migrant-camps-.html,545,By Livia Albeck-Ripka,"Australia’s Migrant Camps Are ‘Crime Against Humanity,’ Lawsuit Claims",,,"Protesters in Canberra, Australia, last month demanded the resettlement of minors held in detention on Nauru.","Lukas Coch/EPA, via Shutterstock",https://static01.nyt.com/images/2018/12/11/world/11oz-refugees-1/merlin_147373236_61279952-ae56-4ce2-aa51-921eec93a8f4-articleLarge.jpg,400,600,https://static01.nyt.com/images/2018/12/11/world/11oz-refugees-1/11oz-refugees-1-thumbStandard.jpg,75,75,"Australia’s Migrant Camps Are ‘Crime Against Humanity,’ Lawsuit Claims","Australia’s Migrant Camps Are ‘Crime Against Humanity,’ Lawsuit Claims More than 1,000 migrants held in offshore detention centers said the government had abrogated its “duty of care,” as required by international law. More than 1,000 migrants held in offshore detention centers said the government had abrogated its “duty of care,” as required by international law."
The trial of Nikola Gruevski on corruption charges had been viewed as a step forward in a region plagued by corruption and ethnic divisions.,article,nyt://article/fc27579e-beb2-56b4-b073-4429c49187a3,"[{'name': 'Person', 'value': 'Gruevski, Nikola (1970- )', 'rank': 1}, {'name': 'Location', 'value': 'Macedonia', 'rank': 2}, {'name': 'Location', 'value': 'Hungary', 'rank': 3}, {'name': 'Subject', 'value': 'Asylum, Right of', 'rank': 4}, {'name': 'Subject', 'value': 'Corruption (Institutional)', 'rank': 5}, {'name': 'Subject', 'value': 'Politics and Government', 'rank': 6}]",Foreign,5.0,A,2018-11-20 21:47:42+00:00,World,The trial of Nikola Gruevski on corruption charges had been viewed as a step forward in a region plagued by corruption and ethnic divisions.,The New York Times,Europe,News,nyt://article/fc27579e-beb2-56b4-b073-4429c49187a3,https://www.nytimes.com/2018/11/20/world/europe/macedonia-nikola-gruevski-hungary.html,790,By Aleksandar Dimishkovski and Marc Santora,"Macedonian Ex-Leader, Facing Prison, Claims to Receive Asylum in Hungary",,Ex-Strongman Claims to Get Asylum,A protest against Mr. Gruevski in 2015.,Dimitar Dilkoff/Agence France-Presse — Getty Images,https://static01.nyt.com/images/2018/11/21/world/21macedonia2/merlin_147116016_c3441181-292c-4d69-ac18-523222eef568-articleLarge.jpg,400,600,https://static01.nyt.com/images/2018/11/21/world/21macedonia2/21macedonia2-thumbStandard.jpg,75,75,"Macedonian Ex-Leader, Facing Prison, Claims to Receive Asylum in Hungary","Macedonian Ex-Leader, Facing Prison, Claims to Receive Asylum in Hungary The trial of Nikola Gruevski on corruption charges had been viewed as a step forward in a region plagued by corruption and ethnic divisions. The trial of Nikola Gruevski on corruption charges had been viewed as a step forward in a region plagued by corruption and ethnic divisions."
President Trump and Prime Minister Imran Khan of Pakistan traded criticism on Twitter after Mr. Trump defended his decision to withdraw hundreds of millions in aid.,article,nyt://article/1322c10d-55ea-5dd9-969c-6a51831376e3,"[{'name': 'Location', 'value': 'Pakistan', 'rank': 1}, {'name': 'Person', 'value': 'Trump, Donald J', 'rank': 2}, {'name': 'Person', 'value': 'Khan, Imran', 'rank': 3}, {'name': 'Subject', 'value': 'Terrorism', 'rank': 4}, {'name': 'Subject', 'value': 'United States International Relations', 'rank': 5}, {'name': 'Location', 'value': 'United States', 'rank': 6}]",Foreign,7.0,A,2018-11-19 17:45:18+00:00,World,President Trump and Prime Minister Imran Khan of Pakistan traded criticism on Twitter after Mr. Trump defended his decision to withdraw hundreds of millions in aid.,The New York Times,Asia Pacific,News,nyt://article/1322c10d-55ea-5dd9-969c-6a51831376e3,https://www.nytimes.com/2018/11/19/world/asia/pakistan-trump-imran-khan.html,678,By Salman Masood,Pakistan Angered by Trump’s Claim That It Does ‘Nothing’ for U.S.,,Trump Fuels War of Words With Leaders Of Pakistan,"In an interview with Fox News, President Trump defended his decision to withdraw hundreds of millions in aid to Pakistan.",Al Drago for The New York Times,https://static01.nyt.com/images/2018/11/20/world/20Pakistan1/merlin_146972640_b939b911-ceb9-4735-bb4e-500992e4d54e-articleLarge.jpg,400,600,https://static01.nyt.com/images/2018/11/20/world/20Pakistan1/20Pakistan1-thumbStandard.jpg,75,75,Pakistan Angered by Trump’s Claim That It Does ‘Nothing’ for U.S.,Pakistan Angered by Trump’s Claim That It Does ‘Nothing’ for U.S. President Trump and Prime Minister Imran Khan of Pakistan traded criticism on Twitter after Mr. Trump defended his decision to withdraw hundreds of millions in aid. President Trump and Prime Minister Imran Khan of Pakistan traded criticism on Twitter after Mr. Trump defended his decision to withdraw hundreds of millions in aid.
"The city-state is bidding for Unesco recognition for dishes like chicken rice, nasi lemak and curry laksa that are also served in Malaysia.",article,nyt://article/cccd568e-3dfc-5b30-8549-20724524e1a0,"[{'name': 'Subject', 'value': 'Food', 'rank': 1}, {'name': 'Organization', 'value': 'United Nations Educational, Scientific and Cultural Organization', 'rank': 2}, {'name': 'Location', 'value': 'Singapore', 'rank': 3}, {'name': 'Location', 'value': 'Malaysia', 'rank': 4}]",Foreign,,,2018-11-05 11:51:39+00:00,World,"The city-state is bidding for Unesco recognition for dishes like chicken rice, nasi lemak and curry laksa that are also served in Malaysia.",The New York Times,Asia Pacific,News,nyt://article/cccd568e-3dfc-5b30-8549-20724524e1a0,https://www.nytimes.com/2018/11/05/world/asia/singapore-malaysia-street-food-unesco.html,805,By Mike Ives,Singapore’s Claim as a Street-Food Hub Riles Malaysians,,,"Malaysians say that Singapore’s hawker food centers, like the one above, are too sterile to be representative of the region’s street cuisine.",Rebecca Toh for The New York Times,https://static01.nyt.com/images/2018/11/06/world/06singapore-food-1/merlin_142945044_e7542a3c-f207-472a-bda1-874deb488313-articleLarge.jpg,400,600,https://static01.nyt.com/images/2018/11/06/world/06singapore-food-1/06singapore-food-1-thumbStandard.jpg,75,75,Singapore’s Claim as a Street-Food Hub Riles Malaysians,"Singapore’s Claim as a Street-Food Hub Riles Malaysians The city-state is bidding for Unesco recognition for dishes like chicken rice, nasi lemak and curry laksa that are also served in Malaysia. The city-state is bidding for Unesco recognition for dishes like chicken rice, nasi lemak and curry laksa that are also served in Malaysia."
"President Trump, echoing the assertions of a Republican lawmaker, said that “a lot of money” was given to migrants traveling toward the United States. There is no evidence of that. ",article,nyt://article/fbbe4d54-7486-5256-8d12-60cf6a14e1ba,"[{'name': 'Subject', 'value': 'United States Politics and Government', 'rank': 1}, {'name': 'Subject', 'value': 'Immigration and Emigration', 'rank': 2}, {'name': 'Person', 'value': 'Trump, Donald J', 'rank': 3}, {'name': 'Location', 'value': 'Guatemala', 'rank': 4}, {'name': 'Location', 'value': 'Honduras', 'rank': 5}, {'name': 'Location', 'value': 'Mexico', 'rank': 6}]",Foreign,,,2018-10-20 17:07:55+00:00,World,"President Trump, echoing the claims of a Republican lawmaker, said that “a lot of money” was given to migrants traveling toward the United States. There is no evidence of that. ",The New York Times,Americas,News,nyt://article/fbbe4d54-7486-5256-8d12-60cf6a14e1ba,https://www.nytimes.com/2018/10/20/world/americas/migrant-caravan-video-trump.html,614,By Linda Qiu,"Did Democrats, or George Soros, Fund Migrant Caravan? Despite Republican Claims, No ",Fact Check,,"Migrants, most of them Honduran, are walking north toward Mexico, the United States and Canada. Here they are crossing Guatemala.",Esteban Biba/European Pressphoto Agency,https://static01.nyt.com/images/2018/10/20/world/20caravan-factcheck1/merlin_145429305_d7aa19cf-4767-48a6-8043-c8d535a7c60e-articleLarge.jpg,400,600,https://static01.nyt.com/images/2018/10/20/world/20caravan-factcheck1/merlin_145429305_d7aa19cf-4767-48a6-8043-c8d535a7c60e-thumbStandard.jpg,75,75,"Did Democrats, or George Soros, Fund Migrant Caravan? Despite Republican Claims, No","Did Democrats, or George Soros, Fund Migrant Caravan? Despite Republican Claims, No President Trump, echoing the assertions of a Republican lawmaker, said that “a lot of money” was given to migrants traveling toward the United States. There is no evidence of that.  President Trump, echoing the claims of a Republican lawmaker, said that “a lot of money” was given to migrants traveling toward the United States. There is no evidence of that."
"A victory for Milorad Dodik, a pro-Russia Bosnian Serb strongman, could exacerbate ethnic rivalries in the Balkan nation and stall the country’s bid for European Union membership.",article,nyt://article/ac8745c0-a517-5526-9286-58d0c1a5df48,"[{'name': 'Subject', 'value': 'Politics and Government', 'rank': 1}, {'name': 'Location', 'value': 'Bosnia and Herzegovina', 'rank': 2}, {'name': 'Subject', 'value': 'Elections', 'rank': 3}, {'name': 'Person', 'value': 'Dodik, Milorad', 'rank': 4}]",Foreign,11.0,A,2018-10-08 00:51:27+00:00,World,"A victory for Milorad Dodik, a pro-Russia Bosnian Serb strongman, could exacerbate ethnic rivalries in the Balkan nation and stall the country’s bid for European Union membership.",The New York Times,Europe,News,nyt://article/ac8745c0-a517-5526-9286-58d0c1a5df48,https://www.nytimes.com/2018/10/07/world/europe/bosnia-elections-dodik.html,565,By Barbara Surk,Serb Nationalist Claims Victory in Bosnia in Early Vote Count,,Serb Nationalist Claims Victory in Bosnia,"The victory of Milorad Dodik, a pro-Russia Bosnian Serb strongman, could exacerbate ethnic rivalries in Bosnia and stall the country’s bid for European Union membership.",Darko Vojinovic/Associated Press,https://static01.nyt.com/images/2018/10/09/world/09dodik/merlin_144998403_4edf1070-60a9-480c-aea0-d59df57be0d1-articleLarge.jpg,413,600,https://static01.nyt.com/images/2018/10/09/world/09dodik/09dodik-thumbStandard.jpg,75,75,Serb Nationalist Claims Victory in Bosnia in Early Vote Count,"Serb Nationalist Claims Victory in Bosnia in Early Vote Count A victory for Milorad Dodik, a pro-Russia Bosnian Serb strongman, could exacerbate ethnic rivalries in the Balkan nation and stall the country’s bid for European Union membership. A victory for Milorad Dodik, a pro-Russia Bosnian Serb strongman, could exacerbate ethnic rivalries in the Balkan nation and stall the country’s bid for European Union membership."
Rasool Landay lured Afghan women into having sex with him to treat their infertility. He then filmed the encounters and extorted money. Officials fear some of the women may been killed by relatives.,article,nyt://article/a70f0e45-bbe6-5d54-93c3-5b744e6236d1,"[{'name': 'Location', 'value': 'Afghanistan', 'rank': 1}, {'name': 'Subject', 'value': 'Women and Girls', 'rank': 2}, {'name': 'Subject', 'value': 'Honor Killings', 'rank': 3}, {'name': 'Subject', 'value': 'Afghanistan War (2001- )', 'rank': 4}, {'name': 'Subject', 'value': 'Extortion and Blackmail', 'rank': 5}, {'name': 'Subject', 'value': 'Frauds and Swindling', 'rank': 6}, {'name': 'Location', 'value': 'Faryab Province (Afghanistan)', 'rank': 7}, {'name': 'Subject', 'value': 'Superstitions', 'rank': 8}]",Foreign,8.0,A,2018-10-06 19:00:03+00:00,World,Rasool Landay lured Afghan women into having sex with him to treat their infertility. He then filmed the encounters and extorted money.,The New York Times,Asia Pacific,News,nyt://article/a70f0e45-bbe6-5d54-93c3-5b744e6236d1,https://www.nytimes.com/2018/10/06/world/asia/afghanistan-rasool-landay-childless-women-scam.html,1160,By Najim Rahim and Mujib Mashal,"Con Man Claimed to ‘Cure’ Childless Women. Blackmail Followed, Then Bodies.",,Con Man Claims to Cure Childless Women. Blackmail and Bodies Follow.,"Women gathered at a shrine in Mazar-i-Sharif, Afghanistan, in 2013. A man called Rasool Landay has been passing himself off as an Islamic cleric, Mullah Landay, and ran extortion ring targeting women, in the northern part of the country.",Bryan Denton for The New York Times,https://static01.nyt.com/images/2018/10/07/world/07afghan-conman-1/merlin_66688243_95bfa712-e785-4b44-bc9f-fa2f4fe6fdf1-articleLarge.jpg,400,600,https://static01.nyt.com/images/2018/10/07/world/07afghan-conman-1/00afghan-conman-1-thumbStandard.jpg,75,75,"Con Man Claimed to ‘Cure’ Childless Women. Blackmail Followed, Then Bodies.","Con Man Claimed to ‘Cure’ Childless Women. Blackmail Followed, Then Bodies. Rasool Landay lured Afghan women into having sex with him to treat their infertility. He then filmed the encounters and extorted money. Officials fear some of the women may been killed by relatives. Rasool Landay lured Afghan women into having sex with him to treat their infertility. He then filmed the encounters and extorted money."
"Months before he was poisoned by a nerve agent, Sergei Skripal spoke with a journalist, cautiously. “You see, we are afraid of Putin,” he said.",article,nyt://article/a10c8951-1539-5851-898d-c89d2f74209f,"[{'name': 'Subject', 'value': 'Espionage and Intelligence Services', 'rank': 1}, {'name': 'Subject', 'value': 'Poisoning and Poisons', 'rank': 2}, {'name': 'Organization', 'value': 'British Secret Intelligence Service', 'rank': 3}, {'name': 'Organization', 'value': 'Federal Security Service', 'rank': 4}, {'name': 'Person', 'value': 'Skripal, Sergei V', 'rank': 5}, {'name': 'Person', 'value': 'Putin, Vladimir V', 'rank': 6}, {'name': 'Location', 'value': 'Russia', 'rank': 7}]",Foreign,7.0,A,2018-10-01 23:01:24+00:00,World,"Months before he was poisoned by a nerve agent, Sergei Skripal spoke with a journalist, cautiously. “You see, we are afraid of Putin,” he said.",The New York Times,Europe,News,nyt://article/a10c8951-1539-5851-898d-c89d2f74209f,https://www.nytimes.com/2018/10/01/world/europe/spy-russia-britain-putin.html,815,By Ellen Barry,"Spy Poisoned in Britain Fed MI6 Agents Secrets on a Putin Ally, New Book Claims",,"Spy Poisoned in Britain Fed MI6 Agents  Secrets on Putin Ally, New Book Claims","Russian President Vladimir Putin with Nikolai P. Patrushev, left, in Moscow last year.","Maksim Blinov/Sputnik, via Associated Press",https://static01.nyt.com/images/2018/10/02/world/02skripal-print/merlin_144672741_b613cd9e-0e95-4416-bbd7-389b7970714c-articleLarge.jpg,394,600,https://static01.nyt.com/images/2018/10/02/world/02skripal-print/02skripal1-thumbStandard.jpg,75,75,"Spy Poisoned in Britain Fed MI6 Agents Secrets on a Putin Ally, New Book Claims","Spy Poisoned in Britain Fed MI6 Agents Secrets on a Putin Ally, New Book Claims Months before he was poisoned by a nerve agent, Sergei Skripal spoke with a journalist, cautiously. “You see, we are afraid of Putin,” he said. Months before he was poisoned by a nerve agent, Sergei Skripal spoke with a journalist, cautiously. “You see, we are afraid of Putin,” he said."
Over 90 percent of ballots cast were in favor of the name change. But more than half of eligible voters stayed home from the polls.,article,nyt://article/838d892d-6343-5b71-8b2b-7c2032bd443c,"[{'name': 'Subject', 'value': 'Politics and Government', 'rank': 1}, {'name': 'Subject', 'value': 'Demonstrations, Protests and Riots', 'rank': 2}, {'name': 'Subject', 'value': 'United States International Relations', 'rank': 3}, {'name': 'Organization', 'value': 'North Atlantic Treaty Organization', 'rank': 4}, {'name': 'Person', 'value': 'Gruevski, Nikola (1970- )', 'rank': 5}, {'name': 'Person', 'value': 'Zaev, Zoran (1974- )', 'rank': 6}, {'name': 'Location', 'value': 'Greece', 'rank': 7}, {'name': 'Location', 'value': 'Macedonia', 'rank': 8}]",Foreign,9.0,A,2018-09-30 22:21:25+00:00,World,Over 90 percent of ballots cast were in favor of the name change. But more than half of eligible voters stayed home from the polls.,The New York Times,Europe,News,nyt://article/838d892d-6343-5b71-8b2b-7c2032bd443c,https://www.nytimes.com/2018/09/30/world/europe/macedonia-greece-referendum.html,1133,By Marc Santora,Both Sides Claim Victory in Macedonia’s Vote on Changing Its Name,,Little Solved in Macedonia After Vote to Change Name,"Voting on Sunday in Skopje, Macedonia, in a referendum on renaming the country in a bid to unlock its path to joining NATO and the European Union and settle a long-running dispute with Greece.",Robert Atanasovski/Agence France-Presse &mdash; Getty Images,https://static01.nyt.com/images/2018/10/01/world/01macedonia-1/merlin_144584439_99441625-1fb8-4c27-bd8e-31ebc1125abf-articleLarge.jpg,394,600,https://static01.nyt.com/images/2018/10/01/world/01macedonia-1/01macedonia-1-thumbStandard.jpg,75,75,Both Sides Claim Victory in Macedonia’s Vote on Changing Its Name,Both Sides Claim Victory in Macedonia’s Vote on Changing Its Name Over 90 percent of ballots cast were in favor of the name change. But more than half of eligible voters stayed home from the polls. Over 90 percent of ballots cast were in favor of the name change. But more than half of eligible voters stayed home from the polls.
"Critics say that Elephants Without Borders made exaggerated claims to try to influence the government, which is considering rolling back a hunting ban.",article,nyt://article/e2275ae9-71bf-5968-8974-d27b7dda87e6,"[{'name': 'Subject', 'value': 'Elephants', 'rank': 1}, {'name': 'Subject', 'value': 'Poaching (Wildlife)', 'rank': 2}, {'name': 'Subject', 'value': 'Ivory', 'rank': 3}, {'name': 'Organization', 'value': 'Convention on International Trade in Endangered Species', 'rank': 4}, {'name': 'Location', 'value': 'Botswana', 'rank': 5}, {'name': 'Subject', 'value': 'Hunting and Trapping', 'rank': 6}]",Foreign,10.0,A,2018-09-28 16:24:27+00:00,World,It was a shocking story: 87 elephants slaughtered for their tusks. But critics say Elephants Without Borders exaggerated the claims.,The New York Times,Africa,News,nyt://article/e2275ae9-71bf-5968-8974-d27b7dda87e6,https://www.nytimes.com/2018/09/28/world/africa/botswana-elephants-poaching.html,1289,By Kimon de Greef,Doubts Mount in Botswana Over Charity’s Claim of Elephant ‘Poaching Frenzy’,,Doubts Mount in Botswana Over Claim of Elephant Poaching,Elephants in northern Botswana this month. The charity Elephants Without Borders has been accused of exaggerating the poaching problem to try to influence the country&rsquo;s government.,Monirul Bhuiyan/Agence France-Presse &mdash; Getty Images,https://static01.nyt.com/images/2018/09/29/world/29botswana-1-print-sub/29botswana-articleLarge.jpg,400,600,https://static01.nyt.com/images/2018/09/29/world/29botswana-1-print-sub/29botswana-thumbStandard.jpg,75,75,Doubts Mount in Botswana Over Charity’s Claim of Elephant ‘Poaching Frenzy’,"Doubts Mount in Botswana Over Charity’s Claim of Elephant ‘Poaching Frenzy’ Critics say that Elephants Without Borders made exaggerated claims to try to influence the government, which is considering rolling back a hunting ban. It was a shocking story: 87 elephants slaughtered for their tusks. But critics say Elephants Without Borders exaggerated the claims."
"Benjamin Netanyahu said intelligence agents had found the facility in Tehran, setting up a challenge to Iran to prove it’s not violating the nuclear deal.",article,nyt://article/7581b56f-fd8c-5b49-9900-2b1f7285b95d,"[{'name': 'Person', 'value': 'Netanyahu, Benjamin', 'rank': 1}, {'name': 'Location', 'value': 'Iran', 'rank': 2}, {'name': 'Subject', 'value': 'Arms Control and Limitation and Disarmament', 'rank': 3}, {'name': 'Organization', 'value': 'General Assembly (UN)', 'rank': 4}, {'name': 'Organization', 'value': 'International Atomic Energy Agency', 'rank': 5}, {'name': 'Location', 'value': 'Israel', 'rank': 6}, {'name': 'Subject', 'value': 'Espionage and Intelligence Services', 'rank': 7}]",Foreign,8.0,A,2018-09-27 22:51:58+00:00,World,"Benjamin Netanyahu said intelligence agents had found the facility in Tehran, setting up a challenge to Iran to prove it’s not violating the nuclear deal.",The New York Times,Middle East,News,nyt://article/7581b56f-fd8c-5b49-9900-2b1f7285b95d,https://www.nytimes.com/2018/09/27/world/middleeast/israel-iran-nuclear-agreement.html,803,By David E. Sanger and Megan Specia,Israeli Leader Claims Iran Has ‘Secret Atomic Warehouse’,,Israeli Leader Says Iran Has ‘Secret Atomic’ Site,Prime Minister Benjamin Netanyahu of Israel speaking at the United Nations General Assembly on Thursday in New York.,Chang W. Lee/The New York Times,https://static01.nyt.com/images/2018/09/28/world/28iran/merlin_144430221_97bfaee8-5257-4174-a3e2-65dd1533824f-articleLarge.jpg,400,600,https://static01.nyt.com/images/2018/09/28/world/28iran/28iran-thumbStandard.jpg,75,75,Israeli Leader Claims Iran Has ‘Secret Atomic Warehouse’,"Israeli Leader Claims Iran Has ‘Secret Atomic Warehouse’ Benjamin Netanyahu said intelligence agents had found the facility in Tehran, setting up a challenge to Iran to prove it’s not violating the nuclear deal. Benjamin Netanyahu said intelligence agents had found the facility in Tehran, setting up a challenge to Iran to prove it’s not violating the nuclear deal."
"Facing trial in Thailand, the Belarusian escort Anastasia Vashukevich has begun backtracking on her claim to have evidence of election interference.",article,nyt://article/3a4a48b7-e57e-51dc-8e6c-7b69de3ed08d,"[{'name': 'Person', 'value': 'Vashukevich, Anastasia', 'rank': 1}, {'name': 'Subject', 'value': 'Russian Interference in 2016 US Elections and Ties to Trump Associates', 'rank': 2}, {'name': 'Person', 'value': 'Kirillov, Alexander', 'rank': 3}, {'name': 'Person', 'value': 'Deripaska, Oleg V', 'rank': 4}, {'name': 'Location', 'value': 'Thailand', 'rank': 5}, {'name': 'Person', 'value': 'Manafort, Paul J', 'rank': 6}, {'name': 'Person', 'value': 'Putin, Vladimir V', 'rank': 7}, {'name': 'Person', 'value': 'Trump, Donald J', 'rank': 8}, {'name': 'Person', 'value': 'Navalny, Aleksei A', 'rank': 9}, {'name': 'Location', 'value': 'Russia', 'rank': 10}]",Foreign,9.0,A,2018-08-31 08:51:39+00:00,World,"Facing trial in Thailand, the Belarusian escort Anastasia Vashukevich has begun backtracking on her claim to have evidence of election interference.",The New York Times,Asia Pacific,News,nyt://article/3a4a48b7-e57e-51dc-8e6c-7b69de3ed08d,https://www.nytimes.com/2018/08/31/world/asia/escort-anastasia-vashukevich-nastya-rybka-trump.html,1156,By Richard C. Paddock,She Gambled on Her Claim to Link Russians and Trump. She Is Losing.,,She Gambled on Her Claim to Link Russians and Trump. She Is Losing.,Anastasia Vashukevich &mdash; the Belarusian escort who goes by Nastya Rybka and once claimed to be able to link Russian oligarchs to American election interference &mdash; now could face up to 10 years in a Thai prison.,Gemunu Amarasinghe/Associated Press,https://static01.nyt.com/images/2018/09/02/world/02thailand-escort1/merlin_136966839_168bb1ac-ae1c-487d-a9d8-5b2ce7cee299-articleLarge.jpg,392,600,https://static01.nyt.com/images/2018/09/02/world/02thailand-escort1/01thailand-1-thumbStandard.jpg,75,75,She Gambled on Her Claim to Link Russians and Trump. She Is Losing.,"She Gambled on Her Claim to Link Russians and Trump. She Is Losing. Facing trial in Thailand, the Belarusian escort Anastasia Vashukevich has begun backtracking on her claim to have evidence of election interference. Facing trial in Thailand, the Belarusian escort Anastasia Vashukevich has begun backtracking on her claim to have evidence of election interference."
"Citing “large scale killing of farmers” and land seizures, President Trump tweeted that he had asked Secretary of State Mike Pompeo to investigate.",article,nyt://article/8db696a8-1911-517b-b2c2-4cd3ee64e07c,"[{'name': 'Person', 'value': 'Trump, Donald J', 'rank': 1}, {'name': 'Location', 'value': 'South Africa', 'rank': 2}, {'name': 'Subject', 'value': 'United States International Relations', 'rank': 3}, {'name': 'Subject', 'value': 'Agriculture and Farming', 'rank': 4}, {'name': 'Subject', 'value': 'Land Use Policies', 'rank': 5}, {'name': 'Person', 'value': 'Ramaphosa, Cyril', 'rank': 6}, {'name': 'Person', 'value': 'Carlson, Tucker', 'rank': 7}, {'name': 'Organization', 'value': 'Fox News Channel', 'rank': 8}, {'name': 'Person', 'value': 'Pompeo, Mike', 'rank': 9}]",Foreign,,,2018-08-23 10:12:54+00:00,World,"President Trump commented on South African plans to seize some land without compensation, coming to the defense of “white farmers” and claiming without evidence that there had been “large scale killings.”",The New York Times,Africa,News,nyt://article/8db696a8-1911-517b-b2c2-4cd3ee64e07c,https://www.nytimes.com/2018/08/23/world/africa/trump-south-africa-white-farmers.html,1363,By Kimon de Greef and Palko Karasz,Trump Cites False Claims of Widespread Attacks on White Farmers in South Africa,,,South Africans erecting a shack during illegal land occupations in a township near Cape Town. A proposed change in a land ownership law has become a highly divisive issue.,Mike Hutchings/Reuters,https://static01.nyt.com/images/2018/08/23/world/23trump-safrica1/merlin_142688049_335b0794-a6d1-4478-8948-f2e2462bb280-articleLarge.jpg,398,600,https://static01.nyt.com/images/2018/08/23/world/23trump-safrica1/23trump-safrica1-thumbStandard.jpg,75,75,Trump Cites False Claims of Widespread Attacks on White Farmers in South Africa,"Trump Cites False Claims of Widespread Attacks on White Farmers in South Africa Citing “large scale killing of farmers” and land seizures, President Trump tweeted that he had asked Secretary of State Mike Pompeo to investigate. President Trump commented on South African plans to seize some land without compensation, coming to the defense of “white farmers” and claiming without evidence that there had been “large scale killings.”"
"Ramzan A. Kadyrov, the Chechen strongman appointed by President Vladimir V. Putin of Russia, said the attacks had aimed to create “an illusion” of disorder.",article,nyt://article/1fd29ee2-3c90-52b4-b035-d17a929f7327,"[{'name': 'Subject', 'value': 'Terrorism', 'rank': 1}, {'name': 'Subject', 'value': 'Attacks on Police', 'rank': 2}, {'name': 'Organization', 'value': 'Islamic State in Iraq and Syria (ISIS)', 'rank': 3}, {'name': 'Organization', 'value': 'Investigative Committee (Russia)', 'rank': 4}, {'name': 'Person', 'value': 'Kadyrov, Ramzan', 'rank': 5}, {'name': 'Location', 'value': 'Chechnya (Russia)', 'rank': 6}, {'name': 'Location', 'value': 'Grozny (Russia)', 'rank': 7}]",Foreign,10.0,A,2018-08-20 17:15:53+00:00,World,"Ramzan A. Kadyrov, the Chechen strongman appointed by President Vladimir V. Putin of Russia, said the attacks had aimed to create “an illusion” of disorder.",The New York Times,Europe,News,nyt://article/1fd29ee2-3c90-52b4-b035-d17a929f7327,https://www.nytimes.com/2018/08/20/world/europe/militants-attack-police-chechnya-isis-kadyrov.html,576,By Ivan Nechepurenko,Police Are Attacked in Chechnya; ISIS Claims Responsibility,,Militants Attack Police in Chechnya;  Islamic State Claims Responsibility,"Chechen police officers at the site of an attack in Grozny, the regional capital, on Monday. At least four police officers were hurt in three attacks for which ISIS claimed responsibility.","Investigative Committee of Russia, via Agence France-Presse &mdash; Getty Images",https://static01.nyt.com/images/2018/08/21/world/21Russia-print/merlin_142571055_8dadb391-0193-46d0-8817-f170e5f7c2c6-articleLarge.jpg,526,600,https://static01.nyt.com/images/2018/08/21/world/21Russia-print/21Russia-thumbStandard.jpg,75,75,Police Are Attacked in Chechnya; ISIS Claims Responsibility,"Police Are Attacked in Chechnya; ISIS Claims Responsibility Ramzan A. Kadyrov, the Chechen strongman appointed by President Vladimir V. Putin of Russia, said the attacks had aimed to create “an illusion” of disorder. Ramzan A. Kadyrov, the Chechen strongman appointed by President Vladimir V. Putin of Russia, said the attacks had aimed to create “an illusion” of disorder."
"After their meeting in Finland, the two presidents lauded the close cooperation between their two militaries in Syria, but the record is actually more mixed.",article,nyt://article/f6dfb4d9-d9f5-5cfe-8a34-8d8afbe6d877,"[{'name': 'Subject', 'value': 'United States International Relations', 'rank': 1}, {'name': 'Subject', 'value': 'United States Defense and Military Forces', 'rank': 2}, {'name': 'Subject', 'value': 'Military Aircraft', 'rank': 3}, {'name': 'Subject', 'value': 'Mercenaries and Private Military Contractors', 'rank': 4}, {'name': 'Subject', 'value': 'Military Bases and Installations', 'rank': 5}, {'name': 'Organization', 'value': 'Defense Department', 'rank': 6}, {'name': 'Organization', 'value': 'Syrian Democratic Forces', 'rank': 7}, {'name': 'Organization', 'value': 'Syrian Army', 'rank': 8}, {'name': 'Person', 'value': 'Trump, Donald J', 'rank': 9}, {'name': 'Person', 'value': 'Putin, Vladimir V', 'rank': 10}, {'name': 'Location', 'value': 'Syria', 'rank': 11}]",Washington,11.0,A,2018-07-17 09:00:11+00:00,World,"After their meeting in Finland, the two presidents lauded the close cooperation between their two militaries in Syria, but the record is actually more mixed.",The New York Times,Middle East,News,nyt://article/f6dfb4d9-d9f5-5cfe-8a34-8d8afbe6d877,https://www.nytimes.com/2018/07/17/world/middleeast/american-russian-military-syria.html,1377,By Eric Schmitt and Thomas Gibbons-Neff,American-Russian Relations in Syria? Less Rosy Than Trump and Putin Claim,,U.S.-Russian Relations in Syria Are Less Rosy Than Leaders Implied,"Syrian protesters waving Iranian, Russian and Syrian flags during a demonstration against American-led air strikes in Damascus in April.",Omar Sanadiki/Reuters,https://static01.nyt.com/images/2018/07/18/us/politics/18dc-syria-print/merlin_136823247_66c294d2-672d-464d-968a-f326e497e382-articleLarge.jpg,421,600,https://static01.nyt.com/images/2018/07/18/us/politics/18dc-syria-print/17dc-syria1-thumbStandard.jpg,75,75,American-Russian Relations in Syria? Less Rosy Than Trump and Putin Claim,"American-Russian Relations in Syria? Less Rosy Than Trump and Putin Claim After their meeting in Finland, the two presidents lauded the close cooperation between their two militaries in Syria, but the record is actually more mixed. After their meeting in Finland, the two presidents lauded the close cooperation between their two militaries in Syria, but the record is actually more mixed."
President Trump says North Korea’s dismantling of its nuclear program “is already starting.” Here are the facts.,article,nyt://article/9ce0b843-71d9-5fd2-a20c-0ec3bff6e116,"[{'name': 'Person', 'value': 'Trump, Donald J', 'rank': 1}, {'name': 'Person', 'value': 'Kim Jong-un', 'rank': 2}, {'name': 'Location', 'value': 'North Korea', 'rank': 3}, {'name': 'Subject', 'value': 'Nuclear Weapons', 'rank': 4}]",Foreign,,,2018-06-22 10:18:51+00:00,World,President Trump says North Korea’s dismantling of its nuclear program “is already starting.” Here are the facts.,The New York Times,Asia Pacific,News,nyt://article/9ce0b843-71d9-5fd2-a20c-0ec3bff6e116,https://www.nytimes.com/2018/06/22/world/asia/trump-north-korea-kim-jong-un.html,1119,By Choe Sang-Hun,Fact Check: Is There Truth to Trump’s Bold Claims About North Korean Denuclearization?,,,"President Trump has made bold claims about what his June 12 summit meeting with Kim Jong-un, North Korea’s leader, achieved.",Doug Mills/The New York Times,https://static01.nyt.com/images/2018/06/23/world/23nkorea-fact-1/23nkorea-fact-1-articleLarge.jpg,400,600,https://static01.nyt.com/images/2018/06/23/world/23nkorea-fact-1/23nkorea-fact-1-thumbStandard.jpg,75,75,Fact Check: Is There Truth to Trump’s Bold Claims About North Korean Denuclearization?,Fact Check: Is There Truth to Trump’s Bold Claims About North Korean Denuclearization? President Trump says North Korea’s dismantling of its nuclear program “is already starting.” Here are the facts. President Trump says North Korea’s dismantling of its nuclear program “is already starting.” Here are the facts.
The president suggested Chancellor Angela Merkel’s migration policy was responsible for rising crime and causing Germans to turn against their leaders.,article,nyt://article/60cf0871-ac96-5bfd-bbd2-af211a998d79,"[{'name': 'Keyword', 'value': 'Fact Check', 'rank': 1}, {'name': 'Subject', 'value': 'United States Politics and Government', 'rank': 2}, {'name': 'Subject', 'value': 'Immigration and Emigration', 'rank': 3}, {'name': 'Person', 'value': 'Merkel, Angela', 'rank': 4}, {'name': 'Person', 'value': 'Trump, Donald J', 'rank': 5}, {'name': 'Location', 'value': 'Germany', 'rank': 6}, {'name': 'Location', 'value': 'Europe', 'rank': 7}, {'name': 'Subject', 'value': 'Refugees and Displaced Persons', 'rank': 8}, {'name': 'Subject', 'value': 'Elections', 'rank': 9}, {'name': 'Organization', 'value': 'Christian Democratic Union (Germany)', 'rank': 10}, {'name': 'Organization', 'value': 'Christian Social Union (Germany)', 'rank': 11}, {'name': 'Organization', 'value': 'Alternative for Germany', 'rank': 12}, {'name': 'Organization', 'value': 'European Union', 'rank': 13}, {'name': 'Location', 'value': 'Bavaria (Germany)', 'rank': 14}]",Foreign,8.0,A,2018-06-18 17:41:01+00:00,World,The president said Chancellor Angela Merkel’s migration policy was responsible for rising crime and threatened the government’s hold on power.,The New York Times,Europe,News,nyt://article/60cf0871-ac96-5bfd-bbd2-af211a998d79,https://www.nytimes.com/2018/06/18/world/europe/fact-check-trump-germany.html,703,By Christopher F. Schuetze and Michael Wolgelenter,Fact Check: Trump’s False and Misleading Claims About Germany’s Crime and Immigration,,Fact Check,"The arrivals hall for refugees in the State Office for Refugee Affairs, in Berlin last month.","Kay Nietfeld/Picture Alliance, via Getty Images",https://static01.nyt.com/images/2018/06/19/world/19trump-fact-check1/merlin_139795356_5f62cbc6-cc38-4722-88da-2d3c302ecc83-articleLarge.jpg,403,600,https://static01.nyt.com/images/2018/06/19/world/19trump-fact-check1/19trump-fact-check1-thumbStandard.jpg,75,75,Fact Check: Trump’s False and Misleading Claims About Germany’s Crime and Immigration,Fact Check: Trump’s False and Misleading Claims About Germany’s Crime and Immigration The president suggested Chancellor Angela Merkel’s migration policy was responsible for rising crime and causing Germans to turn against their leaders. The president said Chancellor Angela Merkel’s migration policy was responsible for rising crime and threatened the government’s hold on power.
"The governing party has worked for more than a year to reshape a judicial system that has aggressively indicted ministers, senators and others. It warns of a “deep state” that could target anyone.",article,nyt://article/06ae3c58-ee55-5caf-9706-7dac5d98cb85,"[{'name': 'Location', 'value': 'Romania', 'rank': 1}, {'name': 'Subject', 'value': 'Politics and Government', 'rank': 2}, {'name': 'Subject', 'value': 'Corruption (Institutional)', 'rank': 3}, {'name': 'Organization', 'value': 'European Union', 'rank': 4}, {'name': 'Organization', 'value': 'National Anticorruption Directorate (Romania)', 'rank': 5}, {'name': 'Person', 'value': 'Dragnea, Liviu', 'rank': 6}, {'name': 'Person', 'value': 'Iohannis, Klaus W', 'rank': 7}, {'name': 'Person', 'value': 'Kovesi, Laura Codruta', 'rank': 8}, {'name': 'Person', 'value': 'Mueller, Robert S III', 'rank': 9}, {'name': 'Subject', 'value': 'Rumors and Misinformation', 'rank': 10}]",Foreign,6.0,A,2018-06-17 14:45:33+00:00,World,"The governing party has worked for more than a year to reshape a judicial system that has aggressively indicted ministers, senators and others. It warns of a “deep state” that could target anyone.",The New York Times,Europe,News,nyt://article/06ae3c58-ee55-5caf-9706-7dac5d98cb85,https://www.nytimes.com/2018/06/17/world/europe/romania-corruption-prosecutors.html,1450,By Marc Santora and Kit Gillet,"Claiming ‘Parallel State’ Cabal, Romania’s Leaders Target Anti-Corruption Prosecutor",,Romania’s Governing Party Moves to Unseat Anti-Corruption Prosecutor,"Supporters of the ruling Social Democratic Party at a rally outside the government headquarters in Bucharest, Romania, on June 9, to protest abuses they blamed on anti-corruption prosecutors.",Vadim Ghirda/Associated Press,https://static01.nyt.com/images/2018/06/18/world/16romania1/merlin_139323447_a7d67365-414b-45f5-b108-08fb1832d84b-articleLarge.jpg,420,600,https://static01.nyt.com/images/2018/06/18/world/16romania1/16romania1-thumbStandard.jpg,75,75,"Claiming ‘Parallel State’ Cabal, Romania’s Leaders Target Anti-Corruption Prosecutor","Claiming ‘Parallel State’ Cabal, Romania’s Leaders Target Anti-Corruption Prosecutor The governing party has worked for more than a year to reshape a judicial system that has aggressively indicted ministers, senators and others. It warns of a “deep state” that could target anyone. The governing party has worked for more than a year to reshape a judicial system that has aggressively indicted ministers, senators and others. It warns of a “deep state” that could target anyone."
Cables recently been made available to The New York Times discuss possible ties between drug traffickers and former Colombian President Álvaro Uribe.,article,nyt://article/2708dbaa-1bfa-5f78-861a-18e8f212e048,"[{'name': 'Location', 'value': 'Colombia', 'rank': 1}, {'name': 'Person', 'value': 'Uribe, Alvaro', 'rank': 2}, {'name': 'Organization', 'value': 'Medellin Cartel', 'rank': 3}, {'name': 'Subject', 'value': 'Drug Abuse and Traffic', 'rank': 4}, {'name': 'Subject', 'value': 'Politics and Government', 'rank': 5}]",Foreign,9.0,A,2018-05-25 19:38:11+00:00,World,Cables recently been made available to The New York Times discuss possible ties between drug traffickers and former Colombian President Álvaro Uribe.,The New York Times,Americas,News,nyt://article/2708dbaa-1bfa-5f78-861a-18e8f212e048,https://www.nytimes.com/2018/05/25/world/americas/colombia-uribe-drugs.html,1023,By Nicholas Casey,Cables Contain Claims Former Colombian Leader Is Tied to Drug Traffickers,,Declassified Cables Discuss Ex-Leader’s Ties to Colombian Drug Cartel,"&Aacute;lvaro Uribe, a former president of Colombia, spoke during a rally for the presidential candidate Iv&aacute;n Duque in Bogot&aacute; last week.",Nacho Doce/Reuters,https://static01.nyt.com/images/2018/05/26/world/26colombia-print/merlin_138459960_2946ec6e-c5e7-4c4a-830c-1f4c88ea96b3-articleLarge.jpg,382,600,https://static01.nyt.com/images/2018/05/26/world/26colombia-print/26colombia-thumbStandard.jpg,75,75,Cables Contain Claims Former Colombian Leader Is Tied to Drug Traffickers,Cables Contain Claims Former Colombian Leader Is Tied to Drug Traffickers Cables recently been made available to The New York Times discuss possible ties between drug traffickers and former Colombian President Álvaro Uribe. Cables recently been made available to The New York Times discuss possible ties between drug traffickers and former Colombian President Álvaro Uribe.
"North Korean denuclearization is off the table, at least in the short term. But there are other outcomes from the planned summit talks that President Trump might accept.",article,nyt://article/ce294f69-ed25-55f1-a910-c89243273be6,"[{'name': 'Subject', 'value': 'United States International Relations', 'rank': 1}, {'name': 'Subject', 'value': 'Arms Control and Limitation and Disarmament', 'rank': 2}, {'name': 'Subject', 'value': 'Nuclear Weapons', 'rank': 3}, {'name': 'Subject', 'value': 'Embargoes and Sanctions', 'rank': 4}, {'name': 'Person', 'value': 'Trump, Donald J', 'rank': 5}, {'name': 'Person', 'value': 'Kim Jong-un', 'rank': 6}, {'name': 'Location', 'value': 'North Korea', 'rank': 7}]",Foreign,10.0,A,2018-05-22 12:31:14+00:00,World,"North Korean denuclearization is off the table, at least in the short term. But there are other outcomes from the planned summit talks that Mr. Trump might accept.",The New York Times,Asia Pacific,News,nyt://article/ce294f69-ed25-55f1-a910-c89243273be6,https://www.nytimes.com/2018/05/22/world/asia/trump-kim-north-korea-summit.html,1363,By Motoko Rich,Can Trump Still Claim Victory if Kim Jong-un Keeps His Nuclear Arms?,,"If the North Keeps Nuclear Arms, Could Trump Still Claim Success?","With North Korean denuclearization apparently off the table — at least in the short term — the question is how President Trump will redefine success, if his talks with the North’s leader, Kim Jong-un, take place next month as planned.",Jung Yeon-Je/Agence France-Presse — Getty Images,https://static01.nyt.com/images/2018/05/23/world/23Korea/merlin_138213102_90216dd2-a981-4d02-83e7-6d83af2cce34-articleLarge.jpg,379,600,https://static01.nyt.com/images/2018/05/23/world/23Korea/merlin_138213102_90216dd2-a981-4d02-83e7-6d83af2cce34-thumbStandard.jpg,75,75,Can Trump Still Claim Victory if Kim Jong-un Keeps His Nuclear Arms?,"Can Trump Still Claim Victory if Kim Jong-un Keeps His Nuclear Arms? North Korean denuclearization is off the table, at least in the short term. But there are other outcomes from the planned summit talks that President Trump might accept. North Korean denuclearization is off the table, at least in the short term. But there are other outcomes from the planned summit talks that Mr. Trump might accept."
"Mr. Conte, a civil law professor with a long résumé, must still be approved. But his main qualification may be his willingness to do the bidding of his backers.",article,nyt://article/bb3d46e0-6197-549b-8425-fb12fba91a4a,"[{'name': 'Subject', 'value': 'Politics and Government', 'rank': 1}, {'name': 'Subject', 'value': 'Elections', 'rank': 2}, {'name': 'Organization', 'value': 'Five Star Movement (Italy)', 'rank': 3}, {'name': 'Organization', 'value': 'League (Italian Political Party)', 'rank': 4}, {'name': 'Person', 'value': 'Salvini, Matteo', 'rank': 5}, {'name': 'Location', 'value': 'Italy', 'rank': 6}, {'name': 'Person', 'value': 'Di Maio, Luigi', 'rank': 7}, {'name': 'Person', 'value': 'Mattarella, Sergio', 'rank': 8}, {'name': 'Person', 'value': 'Conte, Giuseppe', 'rank': 9}]",Foreign,4.0,A,2018-05-21 21:11:09+00:00,World,"Giuseppe Conte, a civil law professor with a long résumé, must still be approved. But his main qualification may be his willingness to do the bidding of his backers.",The New York Times,Europe,News,nyt://article/bb3d46e0-6197-549b-8425-fb12fba91a4a,https://www.nytimes.com/2018/05/21/world/europe/italy-government-giuseppe-conte-di-maio.html,1300,By Jason Horowitz,Italy’s Populists Offer Giuseppe Conte for Prime Minister; N.Y.U. Claim in Question,,Italy’s Populists Offer Professor as Choice for Prime Minister,"Giuseppe Conte in Rome, before the Italian elections this spring.","Silvia Lore/NurPhoto, via Getty Images",https://static01.nyt.com/images/2018/05/22/world/22italy-1/merlin_138494025_61dd79e3-48a8-4bfc-8664-cf4bd345eb2a-articleLarge.jpg,399,600,https://static01.nyt.com/images/2018/05/22/world/22italy-1/22italy-1-thumbStandard-v2.jpg,75,75,Italy’s Populists Offer Giuseppe Conte for Prime Minister; N.Y.U. Claim in Question,"Italy’s Populists Offer Giuseppe Conte for Prime Minister; N.Y.U. Claim in Question Mr. Conte, a civil law professor with a long résumé, must still be approved. But his main qualification may be his willingness to do the bidding of his backers. Giuseppe Conte, a civil law professor with a long résumé, must still be approved. But his main qualification may be his willingness to do the bidding of his backers."
"China and Taiwan share claims to the South China Sea, but a visit to Taiwan’s “island” shows how they diverge in exercising control.",article,nyt://article/0fd310fa-cc9c-5e75-9846-f506081bc765,"[{'name': 'Location', 'value': 'Spratly Islands', 'rank': 1}, {'name': 'Location', 'value': 'China', 'rank': 2}, {'name': 'Location', 'value': 'Taiwan', 'rank': 3}, {'name': 'Location', 'value': 'South China Sea', 'rank': 4}, {'name': 'Subject', 'value': 'Law of the Sea (UN Convention)', 'rank': 5}, {'name': 'Subject', 'value': 'World War II (1939-45)', 'rank': 6}, {'name': 'Subject', 'value': 'Defense and Military Forces', 'rank': 7}, {'name': 'Person', 'value': 'Chiang Kai-shek', 'rank': 8}, {'name': 'Subject', 'value': 'Territorial Disputes', 'rank': 9}]",Foreign,6.0,A,2018-05-20 14:13:57+00:00,World,A visit to Taiwan’s “island” shows how China and Taiwan diverge in exercising control over the South China Sea.,The New York Times,Asia Pacific,News,nyt://article/0fd310fa-cc9c-5e75-9846-f506081bc765,https://www.nytimes.com/2018/05/20/world/asia/china-taiwan-island-south-sea.html,1305,By Steven Lee Myers,Island or Rock? Taiwan Defends Its Claim in South China Sea,Itu Aba Journal,"Coconuts, Wells, Gardens and Beaches, Yet Still Just a ‘Rock’","Itu Aba is a small strip of land in the South China Sea occupied by Taiwan. Its name in Chinese is Taiping, which means peaceful or tranquil.",Johnson Lai/Associated Press,https://static01.nyt.com/images/2018/05/21/world/21taiwan-island-jnl-1sub/21taiwan-island-jnl-1sub-articleLarge.jpg,400,600,https://static01.nyt.com/images/2018/05/21/world/21taiwan-island-jnl-1sub/21taiwan-island-jnl-1sub-thumbStandard.jpg,75,75,Island or Rock? Taiwan Defends Its Claim in South China Sea,"Island or Rock? Taiwan Defends Its Claim in South China Sea China and Taiwan share claims to the South China Sea, but a visit to Taiwan’s “island” shows how they diverge in exercising control. A visit to Taiwan’s “island” shows how China and Taiwan diverge in exercising control over the South China Sea."
Government officials and their American military backers vowed that they would quickly oust the insurgents from the city.,article,nyt://article/00bcf552-8d3f-562f-931b-aa42f25ea7b7,"[{'name': 'Location', 'value': 'Afghanistan', 'rank': 1}, {'name': 'Location', 'value': 'Farah Province (Afghanistan)', 'rank': 2}, {'name': 'Organization', 'value': 'Taliban', 'rank': 3}, {'name': 'Subject', 'value': 'Afghanistan War (2001- )', 'rank': 4}]",Foreign,5.0,A,2018-05-15 09:59:16+00:00,World,Government officials and their American military backers vowed that they would quickly oust the insurgents from the city.,The New York Times,Asia Pacific,News,nyt://article/00bcf552-8d3f-562f-931b-aa42f25ea7b7,https://www.nytimes.com/2018/05/15/world/asia/afghanistan-taliban-farah-.html,1238,By Jawad Sukhanyar and Rod Nordland,"Taliban Claim They’ve Taken Control of Western Afghan City, Farah",,Afghan Officials Vow to Retake a City Claimed by Taliban Insurgents,"A police outpost north of Farah, Afghanistan, in 2017. The provincial governor fled the city after insurgents attacked early Tuesday, an official said.",Bryan Denton for The New York Times,https://static01.nyt.com/images/2017/08/23/world/16afghanistan-1/23Afghanstrategy2-articleLarge.jpg,400,600,https://static01.nyt.com/images/2017/08/23/world/16afghanistan-1/16afghanistan-1-thumbStandard-v2.jpg,75,75,"Taliban Claim They’ve Taken Control of Western Afghan City, Farah","Taliban Claim They’ve Taken Control of Western Afghan City, Farah Government officials and their American military backers vowed that they would quickly oust the insurgents from the city. Government officials and their American military backers vowed that they would quickly oust the insurgents from the city."
"Fifteen Australian politicians, revealed to have dual citizenship, have been forced to resign in the past year.",article,nyt://article/13f4465a-c196-5afc-b464-2fec9d43d243,"[{'name': 'Subject', 'value': 'Politics and Government', 'rank': 1}, {'name': 'Subject', 'value': 'Citizenship and Naturalization', 'rank': 2}, {'name': 'Subject', 'value': 'Constitutions', 'rank': 3}, {'name': 'Organization', 'value': 'Labor Party (Australia)', 'rank': 4}, {'name': 'Person', 'value': 'Joyce, Barnaby (1967- )', 'rank': 5}, {'name': 'Location', 'value': 'Australia', 'rank': 6}]",Foreign,,,2018-05-09 07:30:31+00:00,World,"Fifteen Australian politicians, revealed to have dual citizenship, have been forced to resign in the past year.",The New York Times,Australia,News,nyt://article/13f4465a-c196-5afc-b464-2fec9d43d243,https://www.nytimes.com/2018/05/09/world/australia/australia-dual-citizenship-politician-resign-crisis.html,397,By Adam Baidawi,Australia’s Dual-Citizenship Contagion Claims 5 More Politicians,,,"Susan Lamb, center, a member of Australia’s Parliament, resigned on Wednesday along with three other members, all of whom hold dual citizenship.","Mick Tsikas/EPA, via Shutterstock",https://static01.nyt.com/images/2018/05/09/world/09oz-citizenship-1/merlin_137878710_177ac267-0bf4-44af-8e1a-4eb673e5331a-articleLarge.jpg,382,600,https://static01.nyt.com/images/2018/05/09/world/09oz-citizenship-1/09oz-citizenship-1-thumbStandard.jpg,75,75,Australia’s Dual-Citizenship Contagion Claims 5 More Politicians,"Australia’s Dual-Citizenship Contagion Claims 5 More Politicians Fifteen Australian politicians, revealed to have dual citizenship, have been forced to resign in the past year. Fifteen Australian politicians, revealed to have dual citizenship, have been forced to resign in the past year."
"Three members of the Swedish Academy, which selects the winner of the Nobel Prize for Literature, have withdrawn over the handling of misconduct allegations involving a member’s spouse.",article,nyt://article/1fe27a84-36bd-5d15-90f3-3b3af82fc410,"[{'name': 'Subject', 'value': 'Nobel Prizes', 'rank': 1}, {'name': 'Organization', 'value': 'Swedish Academy', 'rank': 2}, {'name': 'Subject', 'value': 'Sexual Harassment', 'rank': 3}]",Foreign,,,2018-04-06 20:48:07+00:00,World,"Three members of the Swedish Academy, which selects the winner of the Nobel Prize for Literature, have withdrawn over the handling of misconduct allegations involving a member’s spouse.",The New York Times,Europe,News,nyt://article/1fe27a84-36bd-5d15-90f3-3b3af82fc410,https://www.nytimes.com/2018/04/06/world/europe/sexual-misconduct-claim-spurs-nobel-members-to-step-aside-in-protest.html,334,By Reuters,Sexual Misconduct Claim Spurs Nobel Members to Step Aside in Protest,,,Peter Englund in 2014. Mr. Englund was one of three members to withdraw from the Swedish Academy on Friday.,Jonathan Nackstrand/Agence France-Presse — Getty Images,https://static01.nyt.com/images/2018/04/07/world/07nobel/merlin_88208605_bcbc619c-e82e-4441-b0cb-3c571d186753-articleLarge.jpg,399,600,https://static01.nyt.com/images/2018/04/07/world/07nobel/07nobel-thumbStandard.jpg,75,75,Sexual Misconduct Claim Spurs Nobel Members to Step Aside in Protest,"Sexual Misconduct Claim Spurs Nobel Members to Step Aside in Protest Three members of the Swedish Academy, which selects the winner of the Nobel Prize for Literature, have withdrawn over the handling of misconduct allegations involving a member’s spouse. Three members of the Swedish Academy, which selects the winner of the Nobel Prize for Literature, have withdrawn over the handling of misconduct allegations involving a member’s spouse."
"Anastasia Vashukevich is still in Thai custody, hoping to trade what she says is evidence that Russia meddled in the American presidential election.",article,nyt://article/13e466b7-6818-5b8f-8355-3281b03ecef6,"[{'name': 'Subject', 'value': 'Russian Interference in 2016 US Elections and Ties to Trump Associates', 'rank': 1}, {'name': 'Person', 'value': 'Vashukevich, Anastasia', 'rank': 2}, {'name': 'Person', 'value': 'Kirillov, Alexander', 'rank': 3}, {'name': 'Location', 'value': 'Thailand', 'rank': 4}, {'name': 'Location', 'value': 'Belarus', 'rank': 5}]",Foreign,,,2018-04-06 05:41:00+00:00,World,"Anastasia Vashukevich is still in Thai custody, hoping to trade what she says is evidence that Russia meddled in the American presidential election.",The New York Times,Asia Pacific,News,nyt://article/13e466b7-6818-5b8f-8355-3281b03ecef6,https://www.nytimes.com/2018/04/06/world/asia/nastya-rybka-thailand-charges.html,452,By Ryn Jirenuwat and Richard C. Paddock,Escort Who Claims to Have Russian Secrets Faces New Charges in Thailand,,,"Anastasia Vashukevich, left, and her associate Alexander Kirillov, far right, after their arrest in Pattaya, Thailand, in February.",Gemunu Amarasinghe/Associated Press,https://static01.nyt.com/images/2018/04/07/world/07thailand-1/merlin_134724528_f58bb0f7-d49f-4ae8-adbf-a75b00f42848-articleLarge.jpg,415,600,https://static01.nyt.com/images/2018/04/07/world/07thailand-1/07thailand-1-thumbStandard.jpg,75,75,Escort Who Claims to Have Russian Secrets Faces New Charges in Thailand,"Escort Who Claims to Have Russian Secrets Faces New Charges in Thailand Anastasia Vashukevich is still in Thai custody, hoping to trade what she says is evidence that Russia meddled in the American presidential election. Anastasia Vashukevich is still in Thai custody, hoping to trade what she says is evidence that Russia meddled in the American presidential election."
"Australia has disavowed its home minister’s view that white farmers needed refuge in a “civilized country,” South Africa’s top diplomat says.",article,nyt://article/f5ea8e71-ea16-578d-8917-a771e78aa84d,"[{'name': 'Location', 'value': 'Australia', 'rank': 1}, {'name': 'Location', 'value': 'South Africa', 'rank': 2}, {'name': 'Person', 'value': 'Dutton, Peter C', 'rank': 3}, {'name': 'Subject', 'value': 'Refugees and Displaced Persons', 'rank': 4}, {'name': 'Subject', 'value': 'Immigration and Emigration', 'rank': 5}, {'name': 'Subject', 'value': 'Immigration Detention', 'rank': 6}, {'name': 'Organization', 'value': 'African National Congress', 'rank': 7}]",Foreign,8.0,A,2018-04-03 07:39:46+00:00,World,"Australia has disavowed its home minister’s view that white farmers needed refuge in a “civilized country,” South Africa’s top diplomat says.",The New York Times,Australia,News,nyt://article/f5ea8e71-ea16-578d-8917-a771e78aa84d,https://www.nytimes.com/2018/04/03/world/australia/south-africa-white-farmers.html,752,By Adam Baidawi,South Africa Says Australia Retracted Claim of ‘Persecuted’ White Farmers,,Australia Said to Retract Claim on White Farmers,"Peter Dutton, Australia’s home affairs minister, in Canberra in February. In March, Mr. Dutton said that “persecuted” white South African farmers deserved the protection of a “civilized country” and said he would explore the possibility of fast-tracking refugee visas.",Michael Masters/Getty Images,https://static01.nyt.com/images/2018/04/04/world/04oz-southafrica-1/merlin_136317279_fcdb751c-454b-4416-afbf-ff01b4061c0f-articleLarge.jpg,401,600,https://static01.nyt.com/images/2018/04/04/world/04oz-southafrica-1/04oz-southafrica-1-thumbStandard-v2.jpg,75,75,South Africa Says Australia Retracted Claim of ‘Persecuted’ White Farmers,"South Africa Says Australia Retracted Claim of ‘Persecuted’ White Farmers Australia has disavowed its home minister’s view that white farmers needed refuge in a “civilized country,” South Africa’s top diplomat says. Australia has disavowed its home minister’s view that white farmers needed refuge in a “civilized country,” South Africa’s top diplomat says."
"The apparent attack by Houthi rebels came as the Saudi crown prince was visiting the United States, which has aided the three-year Saudi intervention.",article,nyt://article/79caec31-5186-5da6-8dbd-7184bc870943,"[{'name': 'Subject', 'value': 'Defense and Military Forces', 'rank': 1}, {'name': 'Location', 'value': 'Saudi Arabia', 'rank': 2}, {'name': 'Location', 'value': 'Yemen', 'rank': 3}, {'name': 'Person', 'value': 'Mohammed bin Salman (1985- )', 'rank': 4}, {'name': 'Subject', 'value': 'Third World and Developing Countries', 'rank': 5}]",Foreign,10.0,A,2018-03-25 23:46:44+00:00,World,"The missile attack came as the Saudi crown prince, the architect of the military intervention in Yemen, is visiting the United States, which has aided the Saudi military.",The New York Times,Middle East,News,nyt://article/79caec31-5186-5da6-8dbd-7184bc870943,https://www.nytimes.com/2018/03/25/world/middleeast/saudi-arabia-yemen-missile-houthi.html,573,By Saeed Al-Batati and Rick Gladstone,Saudis Claim to Intercept 7 Missiles Fired at Cities From Yemen,,"7 Houthi Missiles Targeting Cities Are Blocked, Saudis Say","A damaged house in Riyadh, Saudi Arabia, on Monday, after it was hit by fragments of a destroyed missile said to have been fired by Houthi rebels from Yemen.",Fayez Nureldine/Agence France-Presse — Getty Images,https://static01.nyt.com/images/2018/03/26/world/26yemen/merlin_136034292_ab48c498-0ebd-4ba2-bf41-229418fd145f-articleLarge.jpg,399,600,https://static01.nyt.com/images/2018/03/26/world/26yemen/26yemen-thumbStandard.jpg,75,75,Saudis Claim to Intercept 7 Missiles Fired at Cities From Yemen,"Saudis Claim to Intercept 7 Missiles Fired at Cities From Yemen The apparent attack by Houthi rebels came as the Saudi crown prince was visiting the United States, which has aided the three-year Saudi intervention. The missile attack came as the Saudi crown prince, the architect of the military intervention in Yemen, is visiting the United States, which has aided the Saudi military."
"The court ruled that Constantin Reliu, 63, who was officially registered as dead after going to Turkey for work, had appealed his case too late.",article,nyt://article/0a7805a4-0057-5170-9b4f-7dec12e02a87,"[{'name': 'Location', 'value': 'Romania', 'rank': 1}, {'name': 'Person', 'value': 'Reliu, Constantin', 'rank': 2}, {'name': 'Subject', 'value': 'Deaths (Fatalities)', 'rank': 3}]",Foreign,,,2018-03-16 11:22:26+00:00,World,"The court ruled that Constantin Reliu, 63, who was officially registered as dead after going to Turkey for work, had appealed his case too late.",The New York Times,Europe,List,nyt://article/0a7805a4-0057-5170-9b4f-7dec12e02a87,https://www.nytimes.com/2018/03/16/world/europe/romania-dead-man.html,173,By The Associated Press,Romanian Court Rejects Man’s Claim That He’s Alive,,,,,,0,0,,0,0,Romanian Court Rejects Man’s Claim That He’s Alive,"Romanian Court Rejects Man’s Claim That He’s Alive The court ruled that Constantin Reliu, 63, who was officially registered as dead after going to Turkey for work, had appealed his case too late. The court ruled that Constantin Reliu, 63, who was officially registered as dead after going to Turkey for work, had appealed his case too late."
The president boasted that he was just improvising when he insisted to Prime Minister Justin Trudeau that the U.S. had a trade deficit with Canada.,article,nyt://article/3631fd20-e255-555a-81c2-7d3b26ea7744,"[{'name': 'Person', 'value': 'Trump, Donald J', 'rank': 1}, {'name': 'Location', 'value': 'Canada', 'rank': 2}, {'name': 'Person', 'value': 'Trudeau, Justin', 'rank': 3}, {'name': 'Subject', 'value': 'North American Free Trade Agreement', 'rank': 4}, {'name': 'Subject', 'value': 'International Trade and World Market', 'rank': 5}, {'name': 'Subject', 'value': 'United States International Relations', 'rank': 6}]",Foreign,,,2018-03-15 16:33:32+00:00,World,The president boasted that he was just improvising when he insisted to Prime Minister Justin Trudeau that the U.S. had a trade deficit with Canada.,The New York Times,Canada,News,nyt://article/3631fd20-e255-555a-81c2-7d3b26ea7744,https://www.nytimes.com/2018/03/15/world/canada/trump-trudeau-trade.html,752,By Ian Austen and Dan Bilefsky,"Trump Says He Made Up Deficit Claim in Talk with Trudeau, Baffling Canadians",,,President Trump boasted at a fund-raising event on Wednesday that he fabricated a trade deficit between Canada and the United States during a meeting with Prime Minister Justin Trudeau.,Tom Brenner/The New York Times,https://static01.nyt.com/images/2018/03/16/world/16CANADA-01/merlin_135432441_814f321d-8e00-4cba-b840-921c20517241-articleLarge.jpg,400,600,https://static01.nyt.com/images/2018/03/16/world/16CANADA-01/16CANADA-01-thumbStandard.jpg,75,75,"Trump Says He Made Up Deficit Claim in Talk with Trudeau, Baffling Canadians","Trump Says He Made Up Deficit Claim in Talk with Trudeau, Baffling Canadians The president boasted that he was just improvising when he insisted to Prime Minister Justin Trudeau that the U.S. had a trade deficit with Canada. The president boasted that he was just improvising when he insisted to Prime Minister Justin Trudeau that the U.S. had a trade deficit with Canada."
A man who said he once worked for Russian intelligence claims he was poisoned in Auckland more than a decade ago.,article,nyt://article/8bb655fd-c82d-5661-aec7-e4b013c8c096,"[{'name': 'Subject', 'value': 'Poisoning and Poisons', 'rank': 1}, {'name': 'Subject', 'value': 'Espionage and Intelligence Services', 'rank': 2}, {'name': 'Location', 'value': 'Auckland (New Zealand)', 'rank': 3}, {'name': 'Location', 'value': 'New Zealand', 'rank': 4}, {'name': 'Location', 'value': 'Russia', 'rank': 5}, {'name': 'Subject', 'value': 'Assassinations and Attempted Assassinations', 'rank': 6}, {'name': 'Organization', 'value': 'KGB', 'rank': 7}, {'name': 'Person', 'value': 'Skripal, Sergei V', 'rank': 8}]",Foreign,,,2018-03-14 23:40:29+00:00,World,A man who said he once worked for Russian intelligence claims he was poisoned in Auckland more than a decade ago.,The New York Times,Australia,News,nyt://article/8bb655fd-c82d-5661-aec7-e4b013c8c096,https://www.nytimes.com/2018/03/14/world/australia/new-zealand-spy-poisoning.html,280,By Charlotte Graham-McLay,New Zealand to Investigate Decade-Old Poisoning Claim,,,Boris Karpichkov appearing on “Good Morning Britain” this week.,Good Morning Britain/ITV,https://static01.nyt.com/images/2018/03/14/briefing/nz-spy/nz-spy-articleLarge.jpg,373,600,https://static01.nyt.com/images/2018/03/14/briefing/nz-spy/nz-spy-thumbStandard.jpg,75,75,New Zealand to Investigate Decade-Old Poisoning Claim,New Zealand to Investigate Decade-Old Poisoning Claim A man who said he once worked for Russian intelligence claims he was poisoned in Auckland more than a decade ago. A man who said he once worked for Russian intelligence claims he was poisoned in Auckland more than a decade ago.
The Labour Party of Prime Minister Jacinda Ardern is under fire for not calling the police after four 16-year-olds reported abuse at a party event.,article,nyt://article/fdf4d889-5f78-5c88-9962-709dc914ca6e,"[{'name': 'Subject', 'value': 'Politics and Government', 'rank': 1}, {'name': 'Subject', 'value': 'Sex Crimes', 'rank': 2}, {'name': 'Person', 'value': 'Ardern, Jacinda', 'rank': 3}, {'name': 'Location', 'value': 'New Zealand', 'rank': 4}]",Foreign,,,2018-03-13 08:25:04+00:00,World,The Labour Party of Prime Minister Jacinda Ardern is under fire for not calling the police after four 16-year-olds reported abuse at a party event.,The New York Times,Asia Pacific,News,nyt://article/fdf4d889-5f78-5c88-9962-709dc914ca6e,https://www.nytimes.com/2018/03/13/world/asia/new-zealand-jacinda-ardern-labour-party-sexual-assault-.html,741,By Charlotte Graham-McLay,New Zealand Party Is Faulted After Sex-Assault Claims at Youth Camp,,,"Jacinda Ardern, New Zealand’s leader, in Auckland in 2017. She said her governing Labour Party erred in not immediately involving professionals after four 16-year-olds reported being assaulted at a party youth camp.",Matthew Abbott for The New York Times,https://static01.nyt.com/images/2018/03/14/world/14newzealand/14newzealand-articleLarge.jpg,400,600,https://static01.nyt.com/images/2018/03/14/world/14newzealand/14newzealand-thumbStandard.jpg,75,75,New Zealand Party Is Faulted After Sex-Assault Claims at Youth Camp,New Zealand Party Is Faulted After Sex-Assault Claims at Youth Camp The Labour Party of Prime Minister Jacinda Ardern is under fire for not calling the police after four 16-year-olds reported abuse at a party event. The Labour Party of Prime Minister Jacinda Ardern is under fire for not calling the police after four 16-year-olds reported abuse at a party event.
The government continues to clamp down on media in the wake of a 2016 coup attempt. It already had more journalists in prison than any other country.,article,nyt://article/f3d9bdb8-bf59-5c41-ac17-6e58d689e49f,"[{'name': 'Location', 'value': 'Turkey', 'rank': 1}, {'name': 'Person', 'value': 'Erdogan, Recep Tayyip', 'rank': 2}, {'name': 'Subject', 'value': 'Politics and Government', 'rank': 3}, {'name': 'Subject', 'value': 'News and News Media', 'rank': 4}, {'name': 'Person', 'value': 'Gulen, Fethullah', 'rank': 5}, {'name': 'Subject', 'value': ""Coups D'Etat and Attempted Coups D'Etat"", 'rank': 6}, {'name': 'Subject', 'value': 'Freedom of the Press', 'rank': 7}]",Foreign,,,2018-03-09 16:32:40+00:00,World,The government continues to clamp down on media in the wake of a 2016 coup attempt. It already had more journalists in prison than any other country.,The New York Times,Europe,News,nyt://article/f3d9bdb8-bf59-5c41-ac17-6e58d689e49f,https://www.nytimes.com/2018/03/09/world/europe/turkey-journalists-prison-terrorism.html,466,By The New York Times,"Turkey Sentences 24 Journalists to Prison, Claiming Terrorism Ties",,,A rally in support of the Turkish newspaper Zaman in Istanbul in 2016. Turkey has more journalists in prisons than any other country.,Emrah Gurel/Associated Press,https://static01.nyt.com/images/2016/03/08/opinion/10turkey/08tue2web-articleLarge.jpg,407,600,https://static01.nyt.com/images/2016/03/08/opinion/10turkey/08tue2web-thumbStandard.jpg,75,75,"Turkey Sentences 24 Journalists to Prison, Claiming Terrorism Ties","Turkey Sentences 24 Journalists to Prison, Claiming Terrorism Ties The government continues to clamp down on media in the wake of a 2016 coup attempt. It already had more journalists in prison than any other country. The government continues to clamp down on media in the wake of a 2016 coup attempt. It already had more journalists in prison than any other country."
"The gunman killed at least five people and wounded several others. ISIS described the assailant as a “soldier of the caliphate,” and members shared a video said to be of him.",article,nyt://article/20004a8e-5867-5993-ad08-e75c3da57eaf,"[{'name': 'Location', 'value': 'Dagestan (Russia)', 'rank': 1}, {'name': 'Organization', 'value': 'Islamic State in Iraq and Syria (ISIS)', 'rank': 2}, {'name': 'Subject', 'value': 'Churches (Buildings)', 'rank': 3}, {'name': 'Subject', 'value': 'Terrorism', 'rank': 4}, {'name': 'Subject', 'value': 'Deaths (Fatalities)', 'rank': 5}]",Foreign,5.0,A,2018-02-18 17:06:05+00:00,World,"The gunman killed at least five people and wounded several others. ISIS described the assailant as a “soldier of the caliphate,” and members shared a video said to be of him.",The New York Times,Europe,News,nyt://article/20004a8e-5867-5993-ad08-e75c3da57eaf,https://www.nytimes.com/2018/02/18/world/europe/russia-dagestan-attack.html,602,By Andrew E. Kramer and Rukmini Callimachi,ISIS Claims Deadly Attack on Church in Russian Region of Dagestan,,ISIS Claims Deadly Attack on a Church in Dagestan,,,,0,0,,0,0,ISIS Claims Deadly Attack on Church in Russian Region of Dagestan,"ISIS Claims Deadly Attack on Church in Russian Region of Dagestan The gunman killed at least five people and wounded several others. ISIS described the assailant as a “soldier of the caliphate,” and members shared a video said to be of him. The gunman killed at least five people and wounded several others. ISIS described the assailant as a “soldier of the caliphate,” and members shared a video said to be of him."
"The Islamic State said its fighters struck a market in Iraq this week, killing at least 27 people in the first major attack since the country declared victory over the terrorist group.",article,nyt://article/fc40a4be-e470-54a9-b497-82f49d966bb0,"[{'name': 'Subject', 'value': 'Terrorism', 'rank': 1}, {'name': 'Subject', 'value': 'Muslims and Islam', 'rank': 2}, {'name': 'Organization', 'value': 'Islamic State in Iraq and Syria (ISIS)', 'rank': 3}, {'name': 'Location', 'value': 'Baghdad (Iraq)', 'rank': 4}]",Foreign,,,2018-01-18 01:03:48+00:00,World,"The Islamic State said its fighters struck a market in Iraq this week, killing at least 27 people in the first major attack since the country declared victory over the terrorist group.",The New York Times,Middle East,News,nyt://article/fc40a4be-e470-54a9-b497-82f49d966bb0,https://www.nytimes.com/2018/01/17/world/middleeast/iraq-baghdad-isis-bombing.html,435,By Rukmini Callimachi and Margaret Coker,ISIS Claims Responsibility for Baghdad Bombings,,,Mourners gathered Tuesday in Baghdad at the site of bombings the day before. The Islamic State on Wednesday claimed responsibility for the attack.,Karim Kadim/Associated Press,https://static01.nyt.com/images/2018/01/18/world/18baghdad/18baghdad-articleLarge.jpg,435,600,https://static01.nyt.com/images/2018/01/18/world/18baghdad/18baghdad-thumbStandard.jpg,75,75,ISIS Claims Responsibility for Baghdad Bombings,"ISIS Claims Responsibility for Baghdad Bombings The Islamic State said its fighters struck a market in Iraq this week, killing at least 27 people in the first major attack since the country declared victory over the terrorist group. The Islamic State said its fighters struck a market in Iraq this week, killing at least 27 people in the first major attack since the country declared victory over the terrorist group."
"The group offered no explanation for the delay in claiming responsibility for the Oct. 4 attack, which killed four Americans and five Nigeriens.",article,nyt://article/26e737ed-d6ad-54c3-ba37-9ca9c884199c,"[{'name': 'Location', 'value': 'Niger', 'rank': 1}, {'name': 'Subject', 'value': 'United States Defense and Military Forces', 'rank': 2}, {'name': 'Organization', 'value': 'United States Army Special Forces (Green Berets)', 'rank': 3}, {'name': 'Subject', 'value': 'Terrorism', 'rank': 4}, {'name': 'Organization', 'value': 'Islamic State in Iraq and Syria (ISIS)', 'rank': 5}, {'name': 'Subject', 'value': 'Deaths (Fatalities)', 'rank': 6}, {'name': 'Person', 'value': 'Sahraoui, Adnan Abu Walid al-', 'rank': 7}]",Foreign,,,2018-01-13 15:45:16+00:00,World,"The group offered no explanation for the delay in claiming responsibility for the Oct. 4 attack, which killed four Americans and five Nigeriens.",The New York Times,Africa,News,nyt://article/26e737ed-d6ad-54c3-ba37-9ca9c884199c,https://www.nytimes.com/2018/01/13/world/africa/niger-isis-green-berets-attack.html,955,By Rukmini Callimachi,ISIS Affiliate Claims October Attack on U.S. Troops in Niger,,,"An image released by the United States Army showed the body of Staff Sgt. Dustin Wright, one of the American soldiers killed in an attack in Niger in October, being returned to the United States. On Friday, a group in northwestern Africa that is loyal to the Islamic State claimed responsibility for the attack.","Pfc. Lane Hiser/U.S. Army, via Associated Press",https://static01.nyt.com/images/2018/01/14/world/africa/14Niger/merlin_129001877_6f0730cf-c9a6-440b-af45-e45eef85c71f-articleLarge.jpg,400,600,https://static01.nyt.com/images/2018/01/14/world/africa/14Niger/14Niger-thumbStandard.jpg,75,75,ISIS Affiliate Claims October Attack on U.S. Troops in Niger,"ISIS Affiliate Claims October Attack on U.S. Troops in Niger The group offered no explanation for the delay in claiming responsibility for the Oct. 4 attack, which killed four Americans and five Nigeriens. The group offered no explanation for the delay in claiming responsibility for the Oct. 4 attack, which killed four Americans and five Nigeriens."
"In an exchange with Dutch journalists, Peter Hoekstra declined to clarify his prior remarks. “This is the Netherlands, you have to answer questions,” one reporter said.",article,nyt://article/eef190bd-88ee-5ca0-bb79-fb5469a24f19,"[{'name': 'Subject', 'value': 'Diplomatic Service, Embassies and Consulates', 'rank': 1}, {'name': 'Subject', 'value': 'United States Politics and Government', 'rank': 2}, {'name': 'Person', 'value': 'Hoekstra, Peter', 'rank': 3}, {'name': 'Location', 'value': 'Netherlands', 'rank': 4}]",Foreign,10.0,A,2018-01-11 19:46:39+00:00,World,"In an exchange with Dutch journalists, Peter Hoekstra declined to clarify his prior remarks. “This is the Netherlands, you have to answer questions,” one reporter said.",The New York Times,Europe,News,nyt://article/eef190bd-88ee-5ca0-bb79-fb5469a24f19,https://www.nytimes.com/2018/01/11/world/europe/dutch-muslims-ambassador-trump.html,468,By Christine Hauser,"Pressed on False Claims About Muslims, U.S. Ambassador Goes Silent",,"Pressed, U.S. Envoy  Goes Silent",,John Thys/Agence France-Presse — Getty Images,https://static01.nyt.com/images/2018/01/11/world/12xp-ambassador/12xp-ambassador-articleLarge.jpg,400,600,https://static01.nyt.com/images/2018/01/11/world/12xp-ambassador/12xp-ambassador-thumbStandard.jpg,75,75,"Pressed on False Claims About Muslims, U.S. Ambassador Goes Silent","Pressed on False Claims About Muslims, U.S. Ambassador Goes Silent In an exchange with Dutch journalists, Peter Hoekstra declined to clarify his prior remarks. “This is the Netherlands, you have to answer questions,” one reporter said. In an exchange with Dutch journalists, Peter Hoekstra declined to clarify his prior remarks. “This is the Netherlands, you have to answer questions,” one reporter said."
"Many women in rural Nepal sleep outdoors when they are menstruating, because of a belief that they are impure. This week, one such woman died in the cold.",article,nyt://article/01de1354-65a2-5d0e-a008-04c0383b71b5,"[{'name': 'Location', 'value': 'Nepal', 'rank': 1}, {'name': 'Subject', 'value': 'Women and Girls', 'rank': 2}, {'name': 'Subject', 'value': ""Women's Rights"", 'rank': 3}, {'name': 'Subject', 'value': 'Menstruation', 'rank': 4}, {'name': 'Subject', 'value': 'Hinduism', 'rank': 5}, {'name': 'Subject', 'value': 'Deaths (Fatalities)', 'rank': 6}]",Foreign,4.0,A,2018-01-10 12:17:33+00:00,World,"Many women in rural Nepal sleep outdoors when they are menstruating, because of a belief that they are impure. This week, one such woman died in the cold.",The New York Times,Asia Pacific,News,nyt://article/01de1354-65a2-5d0e-a008-04c0383b71b5,https://www.nytimes.com/2018/01/10/world/asia/nepal-woman-menstruation.html,558,By Bhadra Sharma and Jeffrey Gettleman,"In Rural Nepal, Menstruation Taboo Claims Another Victim",,"In Nepal, a Taboo Claims Another Victim","Women and their children in a chhaupadi hut in western Nepal in September. Nepal&rsquo;s government has been trying to discourage the chhaupadi tradition, in which menstruating women are banished from the home.",Narendra Shrestha/European Pressphoto Agency,https://static01.nyt.com/images/2018/01/11/world/11nepal-1/11nepal-1-articleLarge.jpg,400,600,https://static01.nyt.com/images/2018/01/11/world/11nepal-1/11nepal-1-thumbStandard.jpg,75,75,"In Rural Nepal, Menstruation Taboo Claims Another Victim","In Rural Nepal, Menstruation Taboo Claims Another Victim Many women in rural Nepal sleep outdoors when they are menstruating, because of a belief that they are impure. This week, one such woman died in the cold. Many women in rural Nepal sleep outdoors when they are menstruating, because of a belief that they are impure. This week, one such woman died in the cold."
"The Arakan Rohingya Salvation Army said it was behind an ambush that left three people wounded, saying it had no choice but to defend the Rohingya from “state-sponsored terrorism.”",article,nyt://article/bd02d992-74c2-5dd6-8433-160b078f29df,"[{'name': 'Subject', 'value': 'Rohingya (Ethnic Group)', 'rank': 1}, {'name': 'Organization', 'value': 'Arakan Rohingya Salvation Army', 'rank': 2}, {'name': 'Location', 'value': 'Myanmar', 'rank': 3}, {'name': 'Subject', 'value': 'Defense and Military Forces', 'rank': 4}, {'name': 'Subject', 'value': 'Politics and Government', 'rank': 5}, {'name': 'Subject', 'value': 'Refugees and Displaced Persons', 'rank': 6}, {'name': 'Person', 'value': 'Min Aung Hlaing', 'rank': 7}]",Foreign,9.0,A,2018-01-07 12:22:13+00:00,World,"The Arakan Rohingya Salvation Army said it was behind an ambush that left three people wounded, saying it had no choice but to defend the Rohingya from “state-sponsored terrorism.”",The New York Times,Asia Pacific,News,nyt://article/bd02d992-74c2-5dd6-8433-160b078f29df,https://www.nytimes.com/2018/01/07/world/asia/myanmar-rohingya-militants.html,821,By Richard C. Paddock,Rohingya Militants in Myanmar Claim Responsibility for Attack,,Rohingya Militants in Myanmar Claim Credit for Attack,"A camp for Rohingya refugees in Balukhali, Bangladesh. More than 650,000 Rohingya have taken refuge in camps across the border in Bangladesh since August, joining 87,000 who had fled earlier.",Tomas Munita for The New York Times,https://static01.nyt.com/images/2018/01/08/world/08Myanmar/merlin_128828618_574d18f8-c79a-4d99-8720-9291b8804e9a-articleLarge.jpg,400,600,https://static01.nyt.com/images/2018/01/08/world/08Myanmar/08Myanmar-thumbStandard.jpg,75,75,Rohingya Militants in Myanmar Claim Responsibility for Attack,"Rohingya Militants in Myanmar Claim Responsibility for Attack The Arakan Rohingya Salvation Army said it was behind an ambush that left three people wounded, saying it had no choice but to defend the Rohingya from “state-sponsored terrorism.” The Arakan Rohingya Salvation Army said it was behind an ambush that left three people wounded, saying it had no choice but to defend the Rohingya from “state-sponsored terrorism.”"
"Upset by President Trump’s order to withdraw troops, and expecting a Turkish attack, the Syrian Democratic Forces are considering freeing fighters, a monitoring group and official said.",article,nyt://article/15ecb79f-a819-58ca-af58-0ca22a4352d8,"[{'name': 'Subject', 'value': 'Terrorism', 'rank': 1}, {'name': 'Subject', 'value': 'Defense and Military Forces', 'rank': 2}, {'name': 'Subject', 'value': 'Kurds', 'rank': 3}, {'name': 'Subject', 'value': 'Prisons and Prisoners', 'rank': 4}, {'name': 'Organization', 'value': 'Islamic State in Iraq and Syria (ISIS)', 'rank': 5}, {'name': 'Organization', 'value': ""People's Protection Units (YPG)"", 'rank': 6}, {'name': 'Organization', 'value': ""Kurdistan Workers' Party"", 'rank': 7}, {'name': 'Organization', 'value': 'Syrian Democratic Forces', 'rank': 8}, {'name': 'Person', 'value': 'Erdogan, Recep Tayyip', 'rank': 9}, {'name': 'Person', 'value': 'Trump, Donald J', 'rank': 10}]",Foreign,,,2018-12-20 14:13:21+00:00,World,"Upset by Mr. Trump’s order to withdraw troops, and expecting a Turkish attack, the Syrian Democratic Forces are considering freeing fighters, a monitoring group and official said.",The New York Times,Middle East,News,nyt://article/15ecb79f-a819-58ca-af58-0ca22a4352d8,https://www.nytimes.com/2018/12/20/world/middleeast/isis-syria-prisoner-release-trump.html,1315,By Hwaida Saad and Rod Nordland,"Kurdish Fighters Discuss Releasing Almost 3,200 ISIS Prisoners",,,Troops from the Syrian Democratic Forces at a funeral for fellow fighters in September. The Kurdish group has fought the Islamic State with American support.,Delil Souleiman/Agence France-Presse — Getty Images,https://static01.nyt.com/images/2018/12/21/world/21syria/merlin_143774256_3aa5fdee-59a4-4218-9ff3-d655ebf50d65-articleLarge.jpg,398,600,https://static01.nyt.com/images/2018/12/21/world/21syria/21syria-thumbStandard.jpg,75,75,"Kurdish Fighters Discuss Releasing Almost 3,200 ISIS Prisoners","Kurdish Fighters Discuss Releasing Almost 3,200 ISIS Prisoners Upset by President Trump’s order to withdraw troops, and expecting a Turkish attack, the Syrian Democratic Forces are considering freeing fighters, a monitoring group and official said. Upset by Mr. Trump’s order to withdraw troops, and expecting a Turkish attack, the Syrian Democratic Forces are considering freeing fighters, a monitoring group and official said."
"Representatives from the group joined diplomats from the United States and several Asian countries in the United Arab Emirates, but resisted meetings with the Afghan delegation.",article,nyt://article/d75169ad-747d-56be-bda2-621d3b40bf5f,"[{'name': 'Subject', 'value': 'Afghanistan War (2001- )', 'rank': 1}, {'name': 'Organization', 'value': 'Taliban', 'rank': 2}, {'name': 'Location', 'value': 'Afghanistan', 'rank': 3}, {'name': 'Location', 'value': 'United States', 'rank': 4}, {'name': 'Location', 'value': 'United Arab Emirates', 'rank': 5}, {'name': 'Subject', 'value': 'United States International Relations', 'rank': 6}, {'name': 'Location', 'value': 'Pakistan', 'rank': 7}]",Foreign,10.0,A,2018-12-17 15:47:31+00:00,World,"Representatives from the group joined diplomats from the United States and several Asian countries in the United Arab Emirates, but resisted meetings with the Afghan delegation.",The New York Times,Asia Pacific,News,nyt://article/d75169ad-747d-56be-bda2-621d3b40bf5f,https://www.nytimes.com/2018/12/17/world/asia/taliban-afghanistan-peace-talks.html,593,By Mujib Mashal,"Taliban Appear Ready to Discuss Peace Talks, Except With Afghan Officials",,"Path to Talks With Taliban, But Obstacle  Still Remains","Zalmay Khalilzad, the United States special envoy for Afghanistan, has led an urgent push to begin peace talks.",U.S embassy Reuters,https://static01.nyt.com/images/2018/12/18/world/18Afghanistan-print/merlin_147015714_6a5a04d6-ae04-41ad-8c8f-8cd74b4c20d4-articleLarge.jpg,329,600,https://static01.nyt.com/images/2018/12/18/world/18Afghanistan-print/18Afghanistan-thumbStandard.jpg,75,75,"Taliban Appear Ready to Discuss Peace Talks, Except With Afghan Officials","Taliban Appear Ready to Discuss Peace Talks, Except With Afghan Officials Representatives from the group joined diplomats from the United States and several Asian countries in the United Arab Emirates, but resisted meetings with the Afghan delegation. Representatives from the group joined diplomats from the United States and several Asian countries in the United Arab Emirates, but resisted meetings with the Afghan delegation."
"During discussions in Riyadh in 2017, Saudi intelligence officials discussed hiring private companies to kill the head of Iran’s Quds force and other Iranian operatives.",article,nyt://article/3f2d3c7f-124b-57fe-bd8b-207c398baa08,"[{'name': 'Location', 'value': 'Saudi Arabia', 'rank': 1}, {'name': 'Subject', 'value': 'Assassinations and Attempted Assassinations', 'rank': 2}, {'name': 'Person', 'value': 'Mohammed bin Salman (1985- )', 'rank': 3}, {'name': 'Subject', 'value': 'Espionage and Intelligence Services', 'rank': 4}, {'name': 'Person', 'value': 'Assiri, Ahmed al-', 'rank': 5}, {'name': 'Person', 'value': 'Zamel, Joel', 'rank': 6}, {'name': 'Person', 'value': 'Nader, George A (1959- )', 'rank': 7}, {'name': 'Person', 'value': 'Khashoggi, Jamal', 'rank': 8}, {'name': 'Person', 'value': 'Suleimani, Qassim', 'rank': 9}, {'name': 'Location', 'value': 'Iran', 'rank': 10}, {'name': 'Subject', 'value': 'Defense and Military Forces', 'rank': 11}, {'name': 'Subject', 'value': 'Sabotage (Crime)', 'rank': 12}, {'name': 'Organization', 'value': 'Islamic Revolutionary Guards Corps', 'rank': 13}, {'name': 'Person', 'value': 'Prince, Erik D', 'rank': 14}]",Washington,1.0,A,2018-11-11 18:24:52+00:00,World,"During discussions in Riyadh in 2017, Saudi intelligence officials discussed hiring private companies to kill the head of Iran’s Quds force and other Iranian operatives.",The New York Times,Middle East,News,nyt://article/3f2d3c7f-124b-57fe-bd8b-207c398baa08,https://www.nytimes.com/2018/11/11/world/middleeast/saudi-iran-assassinations-mohammed-bin-salman.html,1446,"By Mark Mazzetti, Ronen Bergman and David D. Kirkpatrick",Saudis Close to Crown Prince Discussed Killing Other Enemies a Year Before Khashoggi’s Death,,Saudis Discussed  Hiring Assassins  To Kill Iranians,Top Saudi officials considered using private companies to assassinate political enemies at a time when Crown Prince Mohammed bin Salman was consolidating power.,Giuseppe Cacace/Agence France-Presse &mdash; Getty Images,https://static01.nyt.com/images/2018/11/12/us/politics/12dc-assassinate-p1/merlin_145774026_383343e5-5463-40d4-a41b-c67d279f639b-articleLarge.jpg,400,600,https://static01.nyt.com/images/2018/11/12/us/politics/12dc-assassinate-p1/10dc-assassinate1-thumbStandard.jpg,75,75,Saudis Close to Crown Prince Discussed Killing Other Enemies a Year Before Khashoggi’s Death,"Saudis Close to Crown Prince Discussed Killing Other Enemies a Year Before Khashoggi’s Death During discussions in Riyadh in 2017, Saudi intelligence officials discussed hiring private companies to kill the head of Iran’s Quds force and other Iranian operatives. During discussions in Riyadh in 2017, Saudi intelligence officials discussed hiring private companies to kill the head of Iran’s Quds force and other Iranian operatives."
President Trump said the United States had asked Turkish officials for what they say are recordings of the gruesome killing of Jamal Khashoggi by Saudi agents.,article,nyt://article/088d613f-14ef-5628-b04c-db248fb43960,"[{'name': 'Subject', 'value': 'Diplomatic Service, Embassies and Consulates', 'rank': 1}, {'name': 'Subject', 'value': 'Torture', 'rank': 2}, {'name': 'Person', 'value': 'Khashoggi, Jamal', 'rank': 3}, {'name': 'Person', 'value': 'Erdogan, Recep Tayyip', 'rank': 4}, {'name': 'Person', 'value': 'Mohammed bin Salman (1985- )', 'rank': 5}, {'name': 'Person', 'value': 'Salman, King of Saudi Arabia', 'rank': 6}, {'name': 'Person', 'value': 'Pompeo, Mike', 'rank': 7}, {'name': 'Location', 'value': 'Ankara (Turkey)', 'rank': 8}, {'name': 'Location', 'value': 'Istanbul (Turkey)', 'rank': 9}, {'name': 'Location', 'value': 'Riyadh (Saudi Arabia)', 'rank': 10}, {'name': 'Subject', 'value': 'Assassinations and Attempted Assassinations', 'rank': 11}]",Foreign,,,2018-10-17 11:09:20+00:00,World,News outlets in Turkey released gruesome accounts from what they say are recordings of Jamal Khashoggi’s death. Mr. Pompeo said Saudi officials promised accountability.,The New York Times,Europe,News,nyt://article/088d613f-14ef-5628-b04c-db248fb43960,https://www.nytimes.com/2018/10/17/world/europe/mike-pompeo-turkey-saudi-arabia.html,1329,By Carlotta Gall,Mike Pompeo Meets Turkish President to Discuss Saudi Journalist’s Fate,,,"U.S. Secretary of State Mike Pompeo arrives in Ankara, Turkey, on October 17.",Leah Millis/Agence France-Presse — Getty Images,https://static01.nyt.com/images/2018/10/17/us/politics/pompeo/pompeo-articleLarge-v2.jpg,404,600,https://static01.nyt.com/images/2018/10/17/us/politics/pompeo/pompeo-thumbStandard-v3.jpg,75,75,Mike Pompeo Meets Turkish President to Discuss Saudi Journalist’s Fate,Mike Pompeo Meets Turkish President to Discuss Saudi Journalist’s Fate President Trump said the United States had asked Turkish officials for what they say are recordings of the gruesome killing of Jamal Khashoggi by Saudi agents. News outlets in Turkey released gruesome accounts from what they say are recordings of Jamal Khashoggi’s death. Mr. Pompeo said Saudi officials promised accountability.
"Venezuelan military officers seeking to overthrow President Nicolás Maduro sought help from the Trump administration, which met with them several times.",article,nyt://article/e1606097-e9d3-525f-9c93-138df00d22ce,"[{'name': 'Location', 'value': 'Venezuela', 'rank': 1}, {'name': 'Person', 'value': 'Maduro, Nicolas', 'rank': 2}, {'name': 'Subject', 'value': 'Defense and Military Forces', 'rank': 3}, {'name': 'Subject', 'value': ""Coups D'Etat and Attempted Coups D'Etat"", 'rank': 4}, {'name': 'Subject', 'value': 'United States International Relations', 'rank': 5}, {'name': 'Subject', 'value': 'United States Politics and Government', 'rank': 6}, {'name': 'Location', 'value': 'Latin America', 'rank': 7}, {'name': 'Person', 'value': 'Trump, Donald J', 'rank': 8}]",Foreign,1.0,A,2018-09-08 09:00:08+00:00,World,"Venezuelan military officers seeking to overthrow President Nicolás Maduro sought help from the Trump administration, which met with them several times.",The New York Times,Americas,News,nyt://article/e1606097-e9d3-525f-9c93-138df00d22ce,https://www.nytimes.com/2018/09/08/world/americas/donald-trump-venezuela-military-coup.html,2118,By Ernesto Londoño and Nicholas Casey,Trump Administration Discussed Coup Plans With Rebel Venezuelan Officers,,U.S. Met Rebels  From Venezuela  About Coup Plot,"A military ceremony in Caracas, Venezuela, this month. The White House declined to answer detailed questions about talks with rebellious officers.",Juan Barreto/Agence France-Presse — Getty Images,https://static01.nyt.com/images/2018/09/06/world/00venezuelamilitary1/merlin_142029489_4985abe2-ffd6-45c1-a530-2139d52b3592-articleLarge.jpg,399,600,https://static01.nyt.com/images/2018/09/06/world/00venezuelamilitary1/00venezuelamilitary1-thumbStandard.jpg,75,75,Trump Administration Discussed Coup Plans With Rebel Venezuelan Officers,"Trump Administration Discussed Coup Plans With Rebel Venezuelan Officers Venezuelan military officers seeking to overthrow President Nicolás Maduro sought help from the Trump administration, which met with them several times. Venezuelan military officers seeking to overthrow President Nicolás Maduro sought help from the Trump administration, which met with them several times."
"The countries’ leaders have already met twice this year, but Seoul hopes that another meeting could break an impasse over the dismantling of Pyongyang’s nuclear arms program.",article,nyt://article/9e4ca7bc-29fb-513f-a627-5116565c8b47,"[{'name': 'Location', 'value': 'North Korea', 'rank': 1}, {'name': 'Location', 'value': 'South Korea', 'rank': 2}, {'name': 'Person', 'value': 'Kim Jong-un', 'rank': 3}, {'name': 'Person', 'value': 'Moon Jae-in', 'rank': 4}, {'name': 'Location', 'value': 'Panmunjom (South Korea)', 'rank': 5}, {'name': 'Subject', 'value': 'International Relations', 'rank': 6}, {'name': 'Subject', 'value': 'Nuclear Weapons', 'rank': 7}, {'name': 'Subject', 'value': 'Arms Control and Limitation and Disarmament', 'rank': 8}, {'name': 'Person', 'value': 'Pompeo, Mike', 'rank': 9}, {'name': 'Subject', 'value': 'United States International Relations', 'rank': 10}]",Foreign,6.0,A,2018-08-09 12:25:06+00:00,World,"The countries’ leaders have already met twice this year, but Seoul hopes that another meeting could break an impasse over the dismantling of Pyongyang’s nuclear arms program.",The New York Times,Asia Pacific,News,nyt://article/9e4ca7bc-29fb-513f-a627-5116565c8b47,https://www.nytimes.com/2018/08/09/world/asia/north-korea-south-summit.html,590,By Choe Sang-Hun,North and South Korea to Discuss Plans for a 3rd Summit,,Two Koreas May Return To the Table,"North Korea’s leader Kim Jong-un, left, and President Moon Jae-in of South Korea on their countries’ border in April. The South hopes another such meeting will help break the impasse in talks between the North and the Trump administration.",Pool photo by Korea Summit Press,https://static01.nyt.com/images/2018/08/10/world/10korea/merlin_137406981_bb5ee60e-7e8d-403d-bff8-3c6f94a240ab-articleLarge.jpg,395,600,https://static01.nyt.com/images/2018/08/10/world/10korea/10korea-thumbStandard.jpg,75,75,North and South Korea to Discuss Plans for a 3rd Summit,"North and South Korea to Discuss Plans for a 3rd Summit The countries’ leaders have already met twice this year, but Seoul hopes that another meeting could break an impasse over the dismantling of Pyongyang’s nuclear arms program. The countries’ leaders have already met twice this year, but Seoul hopes that another meeting could break an impasse over the dismantling of Pyongyang’s nuclear arms program."
Talks on returning American troops killed in the Korean War did not take place as planned. But it was unclear whether U.S. officials had been deliberately stood up.,article,nyt://article/857bd3dd-5c41-5c19-9d77-aa5659da5af4,"[{'name': 'Location', 'value': 'North Korea', 'rank': 1}, {'name': 'Person', 'value': 'Pompeo, Mike', 'rank': 2}, {'name': 'Location', 'value': 'Panmunjom (South Korea)', 'rank': 3}, {'name': 'Subject', 'value': 'Korean War', 'rank': 4}]",Foreign,8.0,A,2018-07-12 13:36:53+00:00,World,Talks on returning American troops killed in the Korean War did not take place as planned. But it was unclear whether U.S. officials had been deliberately stood up.,The New York Times,Asia Pacific,News,nyt://article/857bd3dd-5c41-5c19-9d77-aa5659da5af4,https://www.nytimes.com/2018/07/12/world/asia/north-korea-remains-soldiers.html,642,By Choe Sang-Hun,North Koreans Are No-Shows at Meeting to Discuss U.S. Soldiers’ Remains,,North Korea Misses Talks With U.S. On Remains,"Secretary of State Mike Pompeo said last week, after meeting with North Korean officials, that working-level talks would be held on or about Thursday to discuss returning the remains of American soldiers killed in the Korean War.",Pool photo by Andrew Harnik,https://static01.nyt.com/images/2018/07/13/world/13nkorea-remains/merlin_140902542_9f718a8a-2f51-4349-b1fc-63f8e97d5995-articleLarge.jpg,400,600,https://static01.nyt.com/images/2018/07/13/world/13nkorea-remains/13nkorea-remains-thumbStandard.jpg,75,75,North Koreans Are No-Shows at Meeting to Discuss U.S. Soldiers’ Remains,North Koreans Are No-Shows at Meeting to Discuss U.S. Soldiers’ Remains Talks on returning American troops killed in the Korean War did not take place as planned. But it was unclear whether U.S. officials had been deliberately stood up. Talks on returning American troops killed in the Korean War did not take place as planned. But it was unclear whether U.S. officials had been deliberately stood up.
"Moon Jae-in, the South Korean leader, is to meet President Trump at the White House next week to discuss possible incentives for Pyongyang to denuclearize.",article,nyt://article/918e739c-c251-5180-ba3e-43cf2c29ed7f,"[{'name': 'Location', 'value': 'North Korea', 'rank': 1}, {'name': 'Location', 'value': 'South Korea', 'rank': 2}, {'name': 'Person', 'value': 'Moon Jae-in', 'rank': 3}, {'name': 'Person', 'value': 'Trump, Donald J', 'rank': 4}, {'name': 'Subject', 'value': 'United States International Relations', 'rank': 5}, {'name': 'Person', 'value': 'Kim Jong-un', 'rank': 6}, {'name': 'Subject', 'value': 'Arms Control and Limitation and Disarmament', 'rank': 7}]",Foreign,5.0,A,2018-05-18 11:40:20+00:00,World,"Moon Jae-in, the South Korean leader, is to meet President Trump at the White House next week to discuss possible incentives for Pyongyang to denuclearize.",The New York Times,Asia Pacific,News,nyt://article/918e739c-c251-5180-ba3e-43cf2c29ed7f,https://www.nytimes.com/2018/05/18/world/asia/trump-moon-jae-in-south-korea-north-.html,1049,By Choe Sang-Hun,U.S. and South Korea to Discuss North’s ‘Bright Future’,,U.S. and South Korea Will Discuss the North’s ‘Bright Future’ at the White House,A picture released by North Korea&rsquo;s state news agency on Friday showing Kim Jong-un at a military commission meeting. The North has become increasingly disagreeable toward the South and the United States in recent days.,"Korean Central News Agency, via Agence France-Presse &mdash; Getty Images",https://static01.nyt.com/images/2018/05/19/world/19korea-1-print/19korea-1sub-articleLarge.jpg,400,600,https://static01.nyt.com/images/2018/05/19/world/19korea-1-print/19korea-1sub-thumbStandard.jpg,75,75,U.S. and South Korea to Discuss North’s ‘Bright Future’,"U.S. and South Korea to Discuss North’s ‘Bright Future’ Moon Jae-in, the South Korean leader, is to meet President Trump at the White House next week to discuss possible incentives for Pyongyang to denuclearize. Moon Jae-in, the South Korean leader, is to meet President Trump at the White House next week to discuss possible incentives for Pyongyang to denuclearize."
"Secretary of State Mike Pompeo came to Israel in the midst of escalating protests in Gaza, but he did not meet with Palestinian leaders and kept the policy focus on Iran.",article,nyt://article/5a1a38a1-2403-5fec-a4e3-61e58976f2a1,"[{'name': 'Person', 'value': 'Pompeo, Mike', 'rank': 1}, {'name': 'Location', 'value': 'Israel', 'rank': 2}, {'name': 'Subject', 'value': 'Palestinians', 'rank': 3}, {'name': 'Person', 'value': 'Netanyahu, Benjamin', 'rank': 4}, {'name': 'Location', 'value': 'Gaza Strip', 'rank': 5}, {'name': 'Location', 'value': 'Jerusalem (Israel)', 'rank': 6}, {'name': 'Subject', 'value': 'United States International Relations', 'rank': 7}]",Foreign,9.0,A,2018-04-29 23:01:46+00:00,World,"Secretary of State Mike Pompeo came to Israel in the midst of protests in Gaza, but he did not meet with Palestinian leaders and kept the focus on Iran.",The New York Times,Middle East,News,nyt://article/5a1a38a1-2403-5fec-a4e3-61e58976f2a1,https://www.nytimes.com/2018/04/29/world/middleeast/mike-pompeo-israel-palestinians.html,1018,By Gardiner Harris and Isabel Kershner,Pompeo and Palestinians Have ‘Nothing to Discuss’ Amid Gaza Crisis,,"Pompeo, in Israel, Bypasses Palestinians","Secretary of State Mike Pompeo, left, met with Prime Minister Benjamin Netanyahu on Sunday. Iran was the focus of their remarks to reporters.",Pool photo by Thomas Coex,https://static01.nyt.com/images/2018/04/30/world/30diplo/merlin_137497254_45941e7f-106a-410a-8d5e-557e5d00e773-articleLarge.jpg,400,600,https://static01.nyt.com/images/2018/04/30/world/30diplo/30diplo-thumbStandard.jpg,75,75,Pompeo and Palestinians Have ‘Nothing to Discuss’ Amid Gaza Crisis,"Pompeo and Palestinians Have ‘Nothing to Discuss’ Amid Gaza Crisis Secretary of State Mike Pompeo came to Israel in the midst of escalating protests in Gaza, but he did not meet with Palestinian leaders and kept the policy focus on Iran. Secretary of State Mike Pompeo came to Israel in the midst of protests in Gaza, but he did not meet with Palestinian leaders and kept the focus on Iran."
South Korea said it had been in talks with both American and North Korean officials about replacing the 1953 armistice with a full peace agreement.,article,nyt://article/c6ed476e-556a-58ec-b02f-e8275b365fc3,"[{'name': 'Location', 'value': 'North Korea', 'rank': 1}, {'name': 'Location', 'value': 'South Korea', 'rank': 2}, {'name': 'Subject', 'value': 'Korean War', 'rank': 3}, {'name': 'Subject', 'value': 'Treaties', 'rank': 4}, {'name': 'Subject', 'value': 'United States International Relations', 'rank': 5}, {'name': 'Subject', 'value': 'Arms Control and Limitation and Disarmament', 'rank': 6}, {'name': 'Person', 'value': 'Kim Jong-un', 'rank': 7}, {'name': 'Person', 'value': 'Moon Jae-in', 'rank': 8}, {'name': 'Subject', 'value': 'International Relations', 'rank': 9}, {'name': 'Subject', 'value': 'Nuclear Weapons', 'rank': 10}]",Foreign,10.0,A,2018-04-18 13:47:16+00:00,World,South Korea said it had been in talks with both American and North Korean officials about replacing the 1953 armistice with a full peace agreement.,The New York Times,Asia Pacific,News,nyt://article/c6ed476e-556a-58ec-b02f-e8275b365fc3,https://www.nytimes.com/2018/04/18/world/asia/north-korea-south-treaty.html,1287,By Choe Sang-Hun and Jane Perlez,"Treaty to Formally End Korean War Is Being Discussed, South Confirms",,Seoul Confirms Talks on Treaty to End War,"Chung Eui-yong, second from left, the South Korean president&rsquo;s national security adviser, visiting Washington last week.",Susan Walsh/Associated Press,https://static01.nyt.com/images/2018/04/19/world/19korea-3-print-sub/19korea-3-articleLarge.jpg,400,600,https://static01.nyt.com/images/2018/04/19/world/19korea-3-print-sub/19korea-3-thumbStandard.jpg,75,75,"Treaty to Formally End Korean War Is Being Discussed, South Confirms","Treaty to Formally End Korean War Is Being Discussed, South Confirms South Korea said it had been in talks with both American and North Korean officials about replacing the 1953 armistice with a full peace agreement. South Korea said it had been in talks with both American and North Korean officials about replacing the 1953 armistice with a full peace agreement."
"This week’s Australia Letter features key takeaways from a discussion about democracy and populism with George Megalogenis and A.C. Grayling, plus what’s on Netflix in Australia this month.",article,nyt://article/e682f633-7c98-5b65-a00e-32c96520a8fb,"[{'name': 'Subject', 'value': 'Politics and Government', 'rank': 1}, {'name': 'Subject', 'value': 'Women and Girls', 'rank': 2}, {'name': 'Subject', 'value': 'Social Media', 'rank': 3}, {'name': 'Organization', 'value': 'Freedom House', 'rank': 4}, {'name': 'Organization', 'value': 'Parwana Afghan Kitchen (Adelaide, Australia, Restaurant)', 'rank': 5}, {'name': 'Person', 'value': 'Grayling, A C', 'rank': 6}, {'name': 'Person', 'value': 'Pell, George (1941- )', 'rank': 7}, {'name': 'Person', 'value': 'Wu, Susan (Technology Executive)', 'rank': 8}, {'name': 'Location', 'value': 'Adelaide (Australia)', 'rank': 9}, {'name': 'Location', 'value': 'Australia', 'rank': 10}]",Foreign,,,2018-03-08 00:58:52+00:00,World,"This week’s Australia Letter features key takeaways from a discussion about democracy and populism with George Megalogenis and A.C. Grayling, plus what’s on Netflix in Australia this month.",The New York Times,Australia,Newsletter,nyt://article/e682f633-7c98-5b65-a00e-32c96520a8fb,https://www.nytimes.com/2018/03/07/world/australia/adelaide-writers-grayling-megalogenis-democracy-letter48.html,1396,By Damien Cave,"Too Much Tech and Secrecy, Not Enough Leadership. Discuss.",Letter 48,,,Courtesy of Adelaide Writers' Week,https://static01.nyt.com/images/2018/03/08/world/australia/08australialetter48-festival/08australialetter48-festival-articleLarge.jpg,400,600,https://static01.nyt.com/images/2018/03/08/world/australia/08australialetter48-festival/08australialetter48-festival-thumbStandard.jpg,75,75,"Too Much Tech and Secrecy, Not Enough Leadership. Discuss.","Too Much Tech and Secrecy, Not Enough Leadership. Discuss. This week’s Australia Letter features key takeaways from a discussion about democracy and populism with George Megalogenis and A.C. Grayling, plus what’s on Netflix in Australia this month. This week’s Australia Letter features key takeaways from a discussion about democracy and populism with George Megalogenis and A.C. Grayling, plus what’s on Netflix in Australia this month."
South Korea proposed that the two Koreas field a joint women’s hockey team at the Pyeongchang Games next month. North Korea wouldn’t say whether it supported the idea.,article,nyt://article/1ad38cf7-f8c8-5140-a5f5-94cadfa16492,"[{'name': 'Subject', 'value': 'Olympic Games (2018)', 'rank': 1}, {'name': 'Subject', 'value': 'Hockey, Ice', 'rank': 2}, {'name': 'Location', 'value': 'North Korea', 'rank': 3}, {'name': 'Location', 'value': 'South Korea', 'rank': 4}, {'name': 'Organization', 'value': 'International Olympic Committee', 'rank': 5}, {'name': 'Location', 'value': 'Pyeongchang (South Korea)', 'rank': 6}]",Foreign,10.0,A,2018-01-13 10:23:37+00:00,World,South Korea proposed that the two Koreas field a joint women’s hockey team at the Pyeongchang Games next month. North Korea wouldn’t say whether it supported the idea.,The New York Times,Asia Pacific,News,nyt://article/1ad38cf7-f8c8-5140-a5f5-94cadfa16492,https://www.nytimes.com/2018/01/13/world/asia/korea-olympics-pyeongchang-hockey.html,851,By Choe Sang-Hun,Olympics Officials Discuss a Potential First: A Unified Korean Hockey Team,,"Koreas May Unite, on the Ice Rink","South Korea and North Korea competing at the women’s hockey world championships in Gangneung, South Korea, in April.",Ahn Young-joon/Associated Press,https://static01.nyt.com/images/2018/01/14/world/asia/14korea/14korea-articleLarge.jpg,374,600,https://static01.nyt.com/images/2018/01/14/world/asia/14korea/14korea-thumbStandard.jpg,75,75,Olympics Officials Discuss a Potential First: A Unified Korean Hockey Team,Olympics Officials Discuss a Potential First: A Unified Korean Hockey Team South Korea proposed that the two Koreas field a joint women’s hockey team at the Pyeongchang Games next month. North Korea wouldn’t say whether it supported the idea. South Korea proposed that the two Koreas field a joint women’s hockey team at the Pyeongchang Games next month. North Korea wouldn’t say whether it supported the idea.
The United Nations Security Council discussed the recent protests in Iran over economic conditions there.,article,nyt://article/10627118-d8f0-5d9b-aafb-a12407af9f55,"[{'name': 'Person', 'value': 'Haley, Nikki R', 'rank': 1}, {'name': 'Organization', 'value': 'Security Council (UN)', 'rank': 2}, {'name': 'Subject', 'value': 'United States International Relations', 'rank': 3}, {'name': 'Subject', 'value': 'Demonstrations, Protests and Riots', 'rank': 4}, {'name': 'Person', 'value': 'Trump, Donald J', 'rank': 5}, {'name': 'Location', 'value': 'Iran', 'rank': 6}, {'name': 'Location', 'value': 'United States', 'rank': 7}]",Foreign,7.0,A,2018-01-06 00:34:28+00:00,World,The United Nations Security Council discussed the recent protests in Iran over economic conditions there.,The New York Times,Middle East,News,nyt://article/10627118-d8f0-5d9b-aafb-a12407af9f55,https://www.nytimes.com/2018/01/05/world/middleeast/un-iran-protests-debate.html,861,By Michael Schwirtz,The U.S. Wanted to Discuss Iran. Russia Brought Up Black Lives Matter.,,Russia and U.S. Joust at U.N. Over Iran Protests,"Javad Safaei of the Iranian delegation and the American ambassador to the United Nations, Nikki R. Haley, during a Security Council meeting on Friday.",Drew Angerer/Getty Images,https://static01.nyt.com/images/2018/01/06/world/06nations/06nations-articleLarge.jpg,400,600,https://static01.nyt.com/images/2018/01/06/world/06nations/06nations-thumbStandard.jpg,75,75,The U.S. Wanted to Discuss Iran. Russia Brought Up Black Lives Matter.,The U.S. Wanted to Discuss Iran. Russia Brought Up Black Lives Matter. The United Nations Security Council discussed the recent protests in Iran over economic conditions there. The United Nations Security Council discussed the recent protests in Iran over economic conditions there.
"South Africa’s corruption scandals have upended the country’s view of their governing party, the African National Congress, threatening decades of power.",article,nyt://article/e7c8babb-778e-5906-a823-5dc514b609fe,"[{'name': 'Subject', 'value': 'Politics and Government', 'rank': 1}, {'name': 'Organization', 'value': 'African National Congress', 'rank': 2}, {'name': 'Organization', 'value': 'KPMG', 'rank': 3}, {'name': 'Organization', 'value': 'McKinsey & Co', 'rank': 4}, {'name': 'Organization', 'value': 'Eskom', 'rank': 5}, {'name': 'Person', 'value': 'Gupta Family', 'rank': 6}, {'name': 'Location', 'value': 'South Africa', 'rank': 7}]",Foreign,1.0,A,2018-12-22 18:11:03+00:00,World,"South Africa’s corruption scandals have upended the country’s view of their governing party, the African National Congress, threatening decades of power.",The New York Times,Africa,News,nyt://article/e7c8babb-778e-5906-a823-5dc514b609fe,https://www.nytimes.com/2018/12/22/world/africa/corruption-south-africa-guide.html,627,By Aodhan Beirne,Corruption in South Africa: A Guide to Our Recent Reporting,,,"President Cyril Ramaphosa of South Africa, fourth from the left, at African National Congress celebrations in January. Mr. Ramaphosa’s deputy, David Mabuza, second from right, faces allegations of siphoning millions of dollars from public funds.",Mujahid Safodien/Agence France-Presse — Getty Images,https://static01.nyt.com/images/2018/12/23/world/23safrica-guide/merlin_132213872_ce76a0be-dab4-4966-9cad-3b4572080666-articleLarge.jpg,399,600,https://static01.nyt.com/images/2018/12/23/world/23safrica-guide/23safrica-guide-thumbStandard.jpg,75,75,Corruption in South Africa: A Guide to Our Recent Reporting,"Corruption in South Africa: A Guide to Our Recent Reporting South Africa’s corruption scandals have upended the country’s view of their governing party, the African National Congress, threatening decades of power. South Africa’s corruption scandals have upended the country’s view of their governing party, the African National Congress, threatening decades of power."
"Experts accused Michel Sidibé, the agency’s chief, of having an autocratic style leading to “ethical blindness” on harassment and the abuse of power.",article,nyt://article/f2db522b-ce7f-5215-ab20-a6e7ccbb5690,"[{'name': 'Subject', 'value': 'Acquired Immune Deficiency Syndrome', 'rank': 1}, {'name': 'Organization', 'value': 'UNAIDS', 'rank': 2}, {'name': 'Person', 'value': 'Sidibe, Michel', 'rank': 3}, {'name': 'Subject', 'value': 'Sexual Harassment', 'rank': 4}, {'name': 'Subject', 'value': '#MeToo Movement', 'rank': 5}, {'name': 'Subject', 'value': 'Ethics and Official Misconduct', 'rank': 6}]",Foreign,,,2018-12-07 21:18:52+00:00,World,"Experts accused Michel Sidibé, the agency’s chief, of having an autocratic style leading to “ethical blindness” on harassment and the abuse of power.",The New York Times,Europe,News,nyt://article/f2db522b-ce7f-5215-ab20-a6e7ccbb5690,https://www.nytimes.com/2018/12/07/world/europe/unaids-abuse.html,592,By Nick Cumming-Bruce,"U.N. AIDS Agency Is in ‘State of Crisis’ and Needs New Leader, Report Says",,"U.N. AIDS Agency Is in ‘State of Crisis’ and Needs New Leader, Report Says","A report accused Michel Sidibé, the executive director of U.N.AIDS, of a management style that “enabled a culture of harassment, including sexual harassment, bullying and abuse of power.”",Thibault Camus/Associated Press,https://static01.nyt.com/images/2018/12/08/world/08nations/merlin_147849231_f2e9a078-859f-4b4d-95fc-b2ac767082bf-articleLarge.jpg,400,600,https://static01.nyt.com/images/2018/12/08/world/08nations/08nations-thumbStandard.jpg,75,75,"U.N. AIDS Agency Is in ‘State of Crisis’ and Needs New Leader, Report Says","U.N. AIDS Agency Is in ‘State of Crisis’ and Needs New Leader, Report Says Experts accused Michel Sidibé, the agency’s chief, of having an autocratic style leading to “ethical blindness” on harassment and the abuse of power. Experts accused Michel Sidibé, the agency’s chief, of having an autocratic style leading to “ethical blindness” on harassment and the abuse of power."
"More than half of female homicide victims last year were killed by intimate partners or relatives, says a report on homicides around the world by the U.N. Office on Drugs and Crime.",article,nyt://article/57502251-2bdc-5b0c-a7df-eda823f2f1ca,"[{'name': 'Subject', 'value': 'Women and Girls', 'rank': 1}, {'name': 'Subject', 'value': 'Murders, Attempted Murders and Homicides', 'rank': 2}, {'name': 'Subject', 'value': 'Domestic Violence', 'rank': 3}, {'name': 'Organization', 'value': 'United Nations Office on Drugs and Crime', 'rank': 4}, {'name': 'Subject', 'value': 'Gender', 'rank': 5}]",Express,7.0,A,2018-11-27 22:30:23+00:00,World,"More than half of female homicide victims last year were killed by intimate partners or relatives, says a report on homicides around the world by the U.N. Office on Drugs and Crime.",The New York Times,,News,nyt://article/57502251-2bdc-5b0c-a7df-eda823f2f1ca,https://www.nytimes.com/2018/11/27/world/female-homicide-gender-violence.html,879,By Karen Zraick,"Most Dangerous Place for Women Is the Home, U.N. Report Finds",,"Home Is Perilous to Women, U.N. Says",Commemorating the International Day for the Elimination of Violence Against Women in El Salvador on Monday.,Marvin Recinos/Agence France-Presse — Getty Images,https://static01.nyt.com/images/2018/11/27/world/27xp-women/merlin_147358833_55bb300d-ccd4-4a8f-9808-d341c910bfc8-articleLarge.jpg,421,600,https://static01.nyt.com/images/2018/11/27/world/27xp-women/27xp-women-thumbStandard.jpg,75,75,"Most Dangerous Place for Women Is the Home, U.N. Report Finds","Most Dangerous Place for Women Is the Home, U.N. Report Finds More than half of female homicide victims last year were killed by intimate partners or relatives, says a report on homicides around the world by the U.N. Office on Drugs and Crime. More than half of female homicide victims last year were killed by intimate partners or relatives, says a report on homicides around the world by the U.N. Office on Drugs and Crime."
"Statistics released by a nonprofit group say that 320,000 people are homeless and that the phenomenon is increasing most rapidly in the provinces.",article,nyt://article/7e99713b-f04f-5558-9a86-1ba47925adf6,"[{'name': 'Subject', 'value': 'Homeless Persons', 'rank': 1}, {'name': 'Subject', 'value': 'Poverty', 'rank': 2}, {'name': 'Subject', 'value': 'Politics and Government', 'rank': 3}, {'name': 'Location', 'value': 'Great Britain', 'rank': 4}, {'name': 'Organization', 'value': 'Shelter (National Campaign for Homeless People Ltd)', 'rank': 5}]",Foreign,6.0,A,2018-11-22 12:21:41+00:00,World,"Statistics released by a nonprofit group say that 320,000 people are homeless, as rents soar and benefits shrink.",The New York Times,Europe,News,nyt://article/7e99713b-f04f-5558-9a86-1ba47925adf6,https://www.nytimes.com/2018/11/22/world/europe/uk-homelessness.html,732,By Alan Cowell,"U.K.’s Homelessness Problem Is Growing, and Spreading, Report Finds",,"Rise Is Seen in Number of Homeless in Britain, as Rents Soar and Benefits Shrink","Sleeping outside an underground station in London. The greatest concentration of homelessness was found to be in the capital, but the sharpest increases were in the English Midlands and Yorkshire.","Facundo Arrizabalaga/EPA, via Shutterstock",https://static01.nyt.com/images/2018/11/23/world/23homeless/merlin_141875769_a5514e59-2c7a-4c16-89de-a96fd25e7c7e-articleLarge.jpg,341,600,https://static01.nyt.com/images/2018/11/23/world/23homeless/23homeless-thumbStandard.jpg,75,75,"U.K.’s Homelessness Problem Is Growing, and Spreading, Report Finds","U.K.’s Homelessness Problem Is Growing, and Spreading, Report Finds Statistics released by a nonprofit group say that 320,000 people are homeless and that the phenomenon is increasing most rapidly in the provinces. Statistics released by a nonprofit group say that 320,000 people are homeless, as rents soar and benefits shrink."
The school is in a part of Cameroon where separatists have been fighting the government to form their own country. Students have been caught in the middle.,article,nyt://article/78fb75cd-153f-5dd0-9f79-388e076393e8,"[{'name': 'Subject', 'value': 'Kidnapping and Hostages', 'rank': 1}, {'name': 'Subject', 'value': 'Education (K-12)', 'rank': 2}, {'name': 'Location', 'value': 'Cameroon', 'rank': 3}]",Foreign,10.0,A,2018-11-05 18:24:50+00:00,World,The school is in a part of Cameroon where separatists have been fighting the government to form their own country. Students have been caught in the middle.,The New York Times,Africa,News,nyt://article/78fb75cd-153f-5dd0-9f79-388e076393e8,https://www.nytimes.com/2018/11/05/world/africa/cameroon-school-kidnap.html,607,By Dionne Searcey,Cameroon School Kidnappings Are Reported Amid Secession Battle,,Children Are Kidnapped From School In Cameroon Amid Secession Battle,"President Paul Biya of Cameroon and his wife at an election rally at the Maroua Stadium, in northern Cameroon, in September.",Alexis Huguet/Agence France-Presse &mdash; Getty Images,https://static01.nyt.com/images/2018/11/06/world/06cameroon1-print/merlin_145669362_cc128f0b-68cb-402a-a168-dd8eaac8dfc2-articleLarge.jpg,400,600,https://static01.nyt.com/images/2018/11/06/world/06cameroon1-print/06cameroon1-thumbStandard.jpg,75,75,Cameroon School Kidnappings Are Reported Amid Secession Battle,Cameroon School Kidnappings Are Reported Amid Secession Battle The school is in a part of Cameroon where separatists have been fighting the government to form their own country. Students have been caught in the middle. The school is in a part of Cameroon where separatists have been fighting the government to form their own country. Students have been caught in the middle.
"New York Times journalists traveled to Yemen in October to provide a deeper look at the war, the latest in a series of in-depth reports.",article,nyt://article/6c4b94d2-2b4f-5f35-9dce-fa23047b1570,"[{'name': 'Subject', 'value': 'Defense and Military Forces', 'rank': 1}, {'name': 'Subject', 'value': 'Politics and Government', 'rank': 2}, {'name': 'Subject', 'value': 'War Crimes, Genocide and Crimes Against Humanity', 'rank': 3}, {'name': 'Organization', 'value': 'Houthis', 'rank': 4}, {'name': 'Location', 'value': 'Saudi Arabia', 'rank': 5}, {'name': 'Location', 'value': 'Yemen', 'rank': 6}]",Foreign,,,2018-10-31 18:21:45+00:00,World,"New York Times journalists traveled to Yemen in October to provide a deeper look at the war, the latest in a series of in-depth reports.",The New York Times,Middle East,News,nyt://article/6c4b94d2-2b4f-5f35-9dce-fa23047b1570,https://www.nytimes.com/2018/10/31/world/middleeast/war-yemen-new-york-times.html,341,By The New York Times,War in Yemen: New York Times Reports Driving the Conversation,,,"An injured Yemeni fighter with the Saudi-led Arab coalition that is battling Iran-allied Houthis for control of Yemen arriving at a field hospital in Durayhimi, 13 miles south of the port city of Hudaydah.",Tyler Hicks/The New York Times,https://static01.nyt.com/images/2018/11/01/world/01yemen-guide/merlin_145104669_f5ef3078-cb05-4a29-a093-4bc5683e3c40-articleLarge.jpg,400,600,https://static01.nyt.com/images/2018/11/01/world/01yemen-guide/01yemen-guide-thumbStandard.jpg,75,75,War in Yemen: New York Times Reports Driving the Conversation,"War in Yemen: New York Times Reports Driving the Conversation New York Times journalists traveled to Yemen in October to provide a deeper look at the war, the latest in a series of in-depth reports. New York Times journalists traveled to Yemen in October to provide a deeper look at the war, the latest in a series of in-depth reports."
A new report from Australia says the West is taking risks by collaborating with researchers tied to the Chinese military.,article,nyt://article/b36f3ae6-b1cf-5739-a010-4a7d9da2e50d,"[{'name': 'Subject', 'value': 'Defense and Military Forces', 'rank': 1}, {'name': 'Subject', 'value': 'Politics and Government', 'rank': 2}, {'name': 'Subject', 'value': 'Colleges and Universities', 'rank': 3}, {'name': 'Subject', 'value': 'Cyberwarfare and Defense', 'rank': 4}, {'name': 'Subject', 'value': 'Research', 'rank': 5}, {'name': 'Subject', 'value': 'Academic and Scientific Journals', 'rank': 6}, {'name': 'Subject', 'value': 'Cryptography, Codes and Ciphers', 'rank': 7}, {'name': 'Subject', 'value': 'Artificial Intelligence', 'rank': 8}, {'name': 'Organization', 'value': 'Australian National University', 'rank': 9}, {'name': 'Organization', 'value': 'Australian Signals Directorate', 'rank': 10}, {'name': 'Organization', 'value': 'Huawei Technologies Co Ltd', 'rank': 11}, {'name': 'Organization', 'value': ""People's Liberation Army (China)"", 'rank': 12}, {'name': 'Organization', 'value': 'Temple University', 'rank': 13}, {'name': 'Organization', 'value': 'University of Agder', 'rank': 14}, {'name': 'Organization', 'value': 'University of California, Los Angeles', 'rank': 15}, {'name': 'Organization', 'value': 'University of Illinois, Urbana-Champaign', 'rank': 16}, {'name': 'Organization', 'value': 'University of New South Wales', 'rank': 17}, {'name': 'Organization', 'value': 'ZTE Corp', 'rank': 18}, {'name': 'Location', 'value': 'Australia', 'rank': 19}, {'name': 'Location', 'value': 'Canada', 'rank': 20}, {'name': 'Location', 'value': 'Canberra (Australia)', 'rank': 21}, {'name': 'Location', 'value': 'China', 'rank': 22}, {'name': 'Location', 'value': 'Europe', 'rank': 23}, {'name': 'Location', 'value': 'Great Britain', 'rank': 24}, {'name': 'Location', 'value': 'New Zealand', 'rank': 25}, {'name': 'Location', 'value': 'Singapore', 'rank': 26}, {'name': 'Location', 'value': 'United States', 'rank': 27}]",Foreign,9.0,A,2018-10-30 11:46:25+00:00,World,A new report from Australia says the West is taking risks by collaborating with researchers tied to the Chinese military.,The New York Times,Australia,News,nyt://article/b36f3ae6-b1cf-5739-a010-4a7d9da2e50d,https://www.nytimes.com/2018/10/30/world/australia/china-scientists-military-research.html,1293,By Jamie Tarabay,"Chinese Military May Gain From Western University Ties, Report Warns",,"Chinese Military May Gain From Ties to Western Universities, Report Warns","President Xi Jinping of China, second from right, touring the National Graphene Institute at the University of Manchester in England in 2015. A Chinese student there who studied graphene, described as a wonder material, now works at a military university in China, an Australian researcher said.","Richard Stonehouse/WPA Pool, via Getty Images",https://static01.nyt.com/images/2018/10/31/world/31oz-china-print/31oz-china-1-articleLarge.jpg,400,600,https://static01.nyt.com/images/2018/10/31/world/31oz-china-print/31oz-china-1-thumbStandard.jpg,75,75,"Chinese Military May Gain From Western University Ties, Report Warns","Chinese Military May Gain From Western University Ties, Report Warns A new report from Australia says the West is taking risks by collaborating with researchers tied to the Chinese military. A new report from Australia says the West is taking risks by collaborating with researchers tied to the Chinese military."
China ridiculed but did not explicitly deny reports by intelligence officials that the Chinese tapped President Trump’s phone calls with old friends.,article,nyt://article/d0d97ed0-0598-5892-bae6-fcbda1ad9bb6,"[{'name': 'Subject', 'value': 'Russian Interference in 2016 US Elections and Ties to Trump Associates', 'rank': 1}, {'name': 'Subject', 'value': 'Espionage and Intelligence Services', 'rank': 2}, {'name': 'Subject', 'value': 'Cellular Telephones', 'rank': 3}, {'name': 'Subject', 'value': 'Wiretapping and Other Eavesdropping Devices and Methods', 'rank': 4}, {'name': 'Subject', 'value': 'iPhone', 'rank': 5}, {'name': 'Organization', 'value': 'Huawei Technologies Co Ltd', 'rank': 6}, {'name': 'Organization', 'value': 'New York Times', 'rank': 7}, {'name': 'Person', 'value': 'Peskov, Dmitri S', 'rank': 8}, {'name': 'Person', 'value': 'Trump, Donald J', 'rank': 9}, {'name': 'Location', 'value': 'China', 'rank': 10}]",Foreign,,,2018-10-25 10:45:06+00:00,World,China ridiculed but did not explicitly deny reports by intelligence officials that the Chinese tapped President Trump’s phone calls with old friends.,The New York Times,Asia Pacific,News,nyt://article/d0d97ed0-0598-5892-bae6-fcbda1ad9bb6,https://www.nytimes.com/2018/10/25/world/asia/trump-iphone-china-eavesdrop.html,455,By Steven Lee Myers,China Mocks Report It Tapped Trump’s iPhone (and Plugs Its Own Competitor),,,"According to current and former administration officials, President Trump has continued to use his personal cellphone to make calls.",Doug Mills/The New York Times,https://static01.nyt.com/images/2018/10/25/world/25china-trump1/merlin_145795890_2666e66d-d962-4bdf-829a-8155ee653772-articleLarge.jpg,410,600,https://static01.nyt.com/images/2018/10/25/world/25china-trump1/25china-trump1-thumbStandard.jpg,75,75,China Mocks Report It Tapped Trump’s iPhone (and Plugs Its Own Competitor),China Mocks Report It Tapped Trump’s iPhone (and Plugs Its Own Competitor) China ridiculed but did not explicitly deny reports by intelligence officials that the Chinese tapped President Trump’s phone calls with old friends. China ridiculed but did not explicitly deny reports by intelligence officials that the Chinese tapped President Trump’s phone calls with old friends.
"An inquiry into sexual harassment in the House of Commons describes a “master and servant” culture, with lawmakers accorded an “almost godlike status.”",article,nyt://article/1126e6c2-0c43-5973-ba83-99053bd3f18d,"[{'name': 'Location', 'value': 'Great Britain', 'rank': 1}, {'name': 'Subject', 'value': 'Politics and Government', 'rank': 2}, {'name': 'Organization', 'value': 'House of Commons (Great Britain)', 'rank': 3}, {'name': 'Subject', 'value': 'Sexual Harassment', 'rank': 4}, {'name': 'Person', 'value': 'Bercow, John', 'rank': 5}, {'name': 'Person', 'value': 'Cox, Laura Mary (1951- )', 'rank': 6}]",Foreign,6.0,A,2018-10-15 17:20:33+00:00,World,"An inquiry into sexual harassment in the House of Commons describes a “master and servant” culture, with lawmakers accorded an “almost godlike status.”",The New York Times,Europe,News,nyt://article/1126e6c2-0c43-5973-ba83-99053bd3f18d,https://www.nytimes.com/2018/10/15/world/europe/uk-parliament-abuse-harassment-report.html,749,By Ellen Barry,"‘Shocking and Abhorrent’ Abuse Rampant in U.K. Parliament, Report Says",,Britain Finds Harassment Widespread In Parliament,"John Bercow, center, the speaker of the House of Commons, in Parliament last year. “I find it difficult to envisage how the necessary changes can be successfully delivered, and the confidence of the staff restored, under the current senior House administration,” a new report says.",Pool photo by Niklas Halle'n,https://static01.nyt.com/images/2018/10/16/world/16uk-commons1/merlin_145345077_604e87c4-6264-43a1-bba0-931e1835f3a4-articleLarge.jpg,399,600,https://static01.nyt.com/images/2018/10/16/world/16uk-commons1/16uk-commons1-thumbStandard.jpg,75,75,"‘Shocking and Abhorrent’ Abuse Rampant in U.K. Parliament, Report Says","‘Shocking and Abhorrent’ Abuse Rampant in U.K. Parliament, Report Says An inquiry into sexual harassment in the House of Commons describes a “master and servant” culture, with lawmakers accorded an “almost godlike status.” An inquiry into sexual harassment in the House of Commons describes a “master and servant” culture, with lawmakers accorded an “almost godlike status.”"
"Politicians and teachers say an effort by the Alternative for Germany party, urging people to report teachers for violating a neutrality law, resembles the work of East Germany’s secret police.",article,nyt://article/1f0645c9-63a7-5648-b97c-2376ff4b8942,"[{'name': 'Subject', 'value': 'Teachers and School Employees', 'rank': 1}, {'name': 'Organization', 'value': 'Alternative for Germany', 'rank': 2}, {'name': 'Location', 'value': 'Germany', 'rank': 3}, {'name': 'Subject', 'value': 'Education (K-12)', 'rank': 4}, {'name': 'Location', 'value': 'Hamburg (Germany)', 'rank': 5}, {'name': 'Location', 'value': 'Bavaria (Germany)', 'rank': 6}, {'name': 'Organization', 'value': 'Stasi (East Germany)', 'rank': 7}]",Foreign,4.0,A,2018-10-11 18:09:15+00:00,World,"Politicians and teachers say an effort by the Alternative for Germany party, urging people to report teachers for violating a neutrality law, resembles the work of East Germany’s secret police.",The New York Times,Europe,News,nyt://article/1f0645c9-63a7-5648-b97c-2376ff4b8942,https://www.nytimes.com/2018/10/11/world/europe/afd-germany-teachers-neutrality-law.html,725,By Melissa Eddy,Germany’s Far-Right AfD Urges Students to Report Biased Teachers,,Far-Right Party In Germany Urges Reporting Of Teachers,"A school in Rostock, Germany. The Alternative for Germany party is encouraging students and their parents to report teachers who promote their political views in the classroom.","Bernd W'stneck/Picture-Alliance, via Associated Press",https://static01.nyt.com/images/2018/10/12/world/12germany1/merlin_145160964_dd26bad6-1d0a-4b42-9d5c-4d1e197225ed-articleLarge.jpg,400,600,https://static01.nyt.com/images/2018/10/12/world/12germany1/merlin_145160964_dd26bad6-1d0a-4b42-9d5c-4d1e197225ed-thumbStandard.jpg,75,75,Germany’s Far-Right AfD Urges Students to Report Biased Teachers,"Germany’s Far-Right AfD Urges Students to Report Biased Teachers Politicians and teachers say an effort by the Alternative for Germany party, urging people to report teachers for violating a neutrality law, resembles the work of East Germany’s secret police. Politicians and teachers say an effort by the Alternative for Germany party, urging people to report teachers for violating a neutrality law, resembles the work of East Germany’s secret police."
At least three people died when a 6.0-magnitude earthquake shook the East Java and Bali regions of Indonesia.,article,nyt://article/3d69576e-8f61-5dcc-9fdc-dcd253bd7619,"[{'name': 'Subject', 'value': 'Earthquakes', 'rank': 1}, {'name': 'Location', 'value': 'Indonesia', 'rank': 2}]",Foreign,,,2018-10-11 00:46:06+00:00,World,At least three people died when a 6.0-magnitude earthquake shook the East Java and Bali regions of Indonesia.,The New York Times,Asia Pacific,News,nyt://article/3d69576e-8f61-5dcc-9fdc-dcd253bd7619,https://www.nytimes.com/2018/10/10/world/asia/earthquake-indonesia-deaths.html,160,By The New York Times,"Quake Hits Indonesia, and Deaths Are Reported",,,"The rubble of building in Sumenep, Indonesia, on Thursday after an earthquake struck East Java and Bali.","National Agency for Disaster Management, via EPA, via Shutterstock",https://static01.nyt.com/images/2018/10/11/world/11quake-1/11quake-1-articleLarge.jpg,400,600,https://static01.nyt.com/images/2018/10/11/world/11quake-1/11quake-1-thumbStandard.jpg,75,75,"Quake Hits Indonesia, and Deaths Are Reported","Quake Hits Indonesia, and Deaths Are Reported At least three people died when a 6.0-magnitude earthquake shook the East Java and Bali regions of Indonesia. At least three people died when a 6.0-magnitude earthquake shook the East Java and Bali regions of Indonesia."
"Two weeks after identifying one man accused of trying to kill a former Russian spy on British soil, a group of reporters and researchers has named the other.",article,nyt://article/0548f249-1bf7-578b-bdf7-e213f826be4b,"[{'name': 'Person', 'value': 'Petrov, Alexander', 'rank': 1}, {'name': 'Person', 'value': 'Skripal, Sergei V', 'rank': 2}, {'name': 'Subject', 'value': 'Assassinations and Attempted Assassinations', 'rank': 3}, {'name': 'Subject', 'value': 'Poisoning and Poisons', 'rank': 4}, {'name': 'Location', 'value': 'Great Britain', 'rank': 5}, {'name': 'Location', 'value': 'Russia', 'rank': 6}, {'name': 'Person', 'value': 'Boshirov, Ruslan', 'rank': 7}, {'name': 'Organization', 'value': 'GRU (Russia)', 'rank': 8}, {'name': 'Subject', 'value': 'Espionage and Intelligence Services', 'rank': 9}]",Foreign,10.0,A,2018-10-08 22:59:08+00:00,World,"Two weeks after identifying one man accused of trying to kill a former Russian spy on British soil, a group of reporters and researchers has named the other.",The New York Times,Europe,News,nyt://article/0548f249-1bf7-578b-bdf7-e213f826be4b,https://www.nytimes.com/2018/10/08/world/europe/skripal-russia-alexander-mishkin.html,750,By Michael Schwirtz,"Skripal Poisoning Suspect Is a Russian Military Doctor, Report Says",,Report Names 2nd Suspect In Poisoning Of Russian,A passport said to be held by Dr. Alexander Mishkin.,"Bellingcat, via Associated Press",https://static01.nyt.com/images/2018/10/09/world/09skripal1/09skripal1-articleLarge.jpg,753,600,https://static01.nyt.com/images/2018/10/09/world/09skripal1/09skripal1-thumbStandard.jpg,75,75,"Skripal Poisoning Suspect Is a Russian Military Doctor, Report Says","Skripal Poisoning Suspect Is a Russian Military Doctor, Report Says Two weeks after identifying one man accused of trying to kill a former Russian spy on British soil, a group of reporters and researchers has named the other. Two weeks after identifying one man accused of trying to kill a former Russian spy on British soil, a group of reporters and researchers has named the other."
The Saudi journalist has not been seen since he entered the Saudi consulate in Istanbul on Tuesday afternoon. Friends fear he has been detained or worse.,article,nyt://article/a2ed35f8-fc1c-5ca5-8ba9-d52376b84ea8,"[{'name': 'Subject', 'value': 'Diplomatic Service, Embassies and Consulates', 'rank': 1}, {'name': 'Subject', 'value': 'Missing Persons', 'rank': 2}, {'name': 'Location', 'value': 'Istanbul (Turkey)', 'rank': 3}, {'name': 'Location', 'value': 'Saudi Arabia', 'rank': 4}, {'name': 'Subject', 'value': 'News and News Media', 'rank': 5}, {'name': 'Person', 'value': 'Khashoggi, Jamal', 'rank': 6}]",Foreign,11.0,A,2018-10-03 19:27:43+00:00,World,The Saudi journalist has not been seen since he entered the Saudi consulate in Istanbul on Tuesday afternoon. Friends fear he has been detained or worse.,The New York Times,Middle East,News,nyt://article/a2ed35f8-fc1c-5ca5-8ba9-d52376b84ea8,https://www.nytimes.com/2018/10/03/world/middleeast/khashoggi-saudi-journalist-istanbul.html,692,By Carlotta Gall,What Happened to Jamal Khashoggi? Conflicting Reports Deepen a Mystery,,Saudi Critic Of Prince Disappears At Consulate,Jamal Khashoggi.,Mohammed Al-Shaikh/Agence France-Presse — Getty Images,https://static01.nyt.com/images/2018/10/04/world/04turkey3/merlin_144751245_b6ee5f4a-7157-4b93-b4e8-12bbf5941b86-articleLarge.jpg,803,600,https://static01.nyt.com/images/2018/10/04/world/04turkey3/04turkey3-thumbStandard.jpg,75,75,What Happened to Jamal Khashoggi? Conflicting Reports Deepen a Mystery,What Happened to Jamal Khashoggi? Conflicting Reports Deepen a Mystery The Saudi journalist has not been seen since he entered the Saudi consulate in Istanbul on Tuesday afternoon. Friends fear he has been detained or worse. The Saudi journalist has not been seen since he entered the Saudi consulate in Istanbul on Tuesday afternoon. Friends fear he has been detained or worse.
The attack punctuated a week of deadly violence in the capital and struck at the core of the country’s deteriorating economy.,article,nyt://article/78c79f78-4235-5f37-a521-f02cd6f4c013,"[{'name': 'Organization', 'value': 'National Oil Corp of Libya', 'rank': 1}, {'name': 'Subject', 'value': 'Terrorism', 'rank': 2}, {'name': 'Subject', 'value': 'Oil (Petroleum) and Gasoline', 'rank': 3}, {'name': 'Subject', 'value': 'Fringe Groups and Movements', 'rank': 4}, {'name': 'Organization', 'value': 'Islamic State in Iraq and Syria (ISIS)', 'rank': 5}, {'name': 'Person', 'value': 'Hifter, Khalifa', 'rank': 6}, {'name': 'Location', 'value': 'Tripoli (Libya)', 'rank': 7}, {'name': 'Location', 'value': 'Libya', 'rank': 8}]",Foreign,7.0,A,2018-09-10 12:05:42+00:00,World,The attack punctuated a week of deadly violence in the capital and struck at the core of the country’s deteriorating economy.,The New York Times,Middle East,News,nyt://article/78c79f78-4235-5f37-a521-f02cd6f4c013,https://www.nytimes.com/2018/09/10/world/middleeast/libya-national-oil-company-attack.html,843,By David D. Kirkpatrick and Suliman Ali Zway,Several Reported Killed in Libya as Gunmen Storm National Oil Company,,Gunmen Storm Oil Headquarters in Libya,Smoke rising from the headquarters of Libya’s national oil company in Tripoli on Monday.,Hani Amara/Reuters,https://static01.nyt.com/images/2018/09/11/world/11Libya-print/merlin_143538732_fc35f966-810e-4b45-806d-e128c9fee6b3-articleLarge.jpg,418,600,https://static01.nyt.com/images/2018/09/11/world/11Libya-print/11Libya-thumbStandard.jpg,75,75,Several Reported Killed in Libya as Gunmen Storm National Oil Company,Several Reported Killed in Libya as Gunmen Storm National Oil Company The attack punctuated a week of deadly violence in the capital and struck at the core of the country’s deteriorating economy. The attack punctuated a week of deadly violence in the capital and struck at the core of the country’s deteriorating economy.
A report by the archbishop of Canterbury and others calls for transformational changes to redress the feelings of inequality and injustice that led to Brexit.,article,nyt://article/1e718d5e-864d-58d3-8654-d9d1b1d2791a,"[{'name': 'Subject', 'value': 'Income Inequality', 'rank': 1}, {'name': 'Subject', 'value': 'Great Britain Withdrawal from EU (Brexit)', 'rank': 2}, {'name': 'Subject', 'value': 'Inheritance and Estate Taxes', 'rank': 3}, {'name': 'Subject', 'value': 'Wages and Salaries', 'rank': 4}, {'name': 'Organization', 'value': 'Conservative Party (Great Britain)', 'rank': 5}, {'name': 'Organization', 'value': 'Labour Party (Great Britain)', 'rank': 6}, {'name': 'Person', 'value': 'May, Theresa M', 'rank': 7}, {'name': 'Person', 'value': 'Welby, Justin', 'rank': 8}, {'name': 'Location', 'value': 'London (England)', 'rank': 9}, {'name': 'Subject', 'value': 'Politics and Government', 'rank': 10}]",Foreign,9.0,A,2018-09-04 23:01:04+00:00,World,A report by the archbishop of Canterbury and others calls for transformational changes to redress the feelings of inequality and injustice that led to Brexit.,The New York Times,Europe,News,nyt://article/1e718d5e-864d-58d3-8654-d9d1b1d2791a,https://www.nytimes.com/2018/09/04/world/europe/uk-economy-prosperity-justice-inequality-fairness-welby.html,693,By Stephen Castle,"U.K. Economy Needs Stronger Unions and Higher Taxes on Rich, Report Says",,Britain Urged to Tax Rich And Lift Wages in Report,"Justin Welby, the archbishop of Canterbury, at Westminster Abbey earlier this year. “For decades the U.K. economy has not worked as it should,” he said recently.",Simon Dawson/Reuters,https://static01.nyt.com/images/2018/09/05/world/05ukbishop/merlin_141033435_5e38acba-f62d-47a4-9ccc-c1e5bb2304bf-articleLarge.jpg,415,600,https://static01.nyt.com/images/2018/09/05/world/05ukbishop/05ukbishop-thumbStandard.jpg,75,75,"U.K. Economy Needs Stronger Unions and Higher Taxes on Rich, Report Says","U.K. Economy Needs Stronger Unions and Higher Taxes on Rich, Report Says A report by the archbishop of Canterbury and others calls for transformational changes to redress the feelings of inequality and injustice that led to Brexit. A report by the archbishop of Canterbury and others calls for transformational changes to redress the feelings of inequality and injustice that led to Brexit."
"Catholic officials in Australia said the proposal would violate a sacred rite, infringe on religious freedom and do little to protect children from predatory priests.",article,nyt://article/dab4794f-158f-5ca3-b1db-b82831d8a899,"[{'name': 'Subject', 'value': 'Sex Crimes', 'rank': 1}, {'name': 'Subject', 'value': 'Freedom of Religion', 'rank': 2}, {'name': 'Organization', 'value': 'Roman Catholic Church', 'rank': 3}, {'name': 'Location', 'value': 'Australia', 'rank': 4}]",Foreign,4.0,A,2018-08-31 07:03:38+00:00,World,"Catholic officials in Australia said the proposal would violate a sacred rite, infringe on religious freedom and do little to protect children from predatory priests.",The New York Times,Australia,News,nyt://article/dab4794f-158f-5ca3-b1db-b82831d8a899,https://www.nytimes.com/2018/08/31/world/australia/catholic-church-sex-abuse-confessions.html,1063,By Rick Rojas,Australia’s Catholic Leaders Reject Call to Report Sex Abuse Heard in Confessions,,Catholic Leaders in Australia Hold Onto Confession’s Seal,"At a news conference Friday, Archbishop Mark Coleridge spoke out against a government recommendation that priests tell authorities when they hear about sexual abuse during confessionals.","Peter Rae/Australian Associated Press, via Associated Press",https://static01.nyt.com/images/2018/09/01/world/01oz-catholic-print/01oz-catholic-2-articleLarge.jpg,400,600,https://static01.nyt.com/images/2018/09/01/world/01oz-catholic-print/01oz-catholic-2-thumbStandard.jpg,75,75,Australia’s Catholic Leaders Reject Call to Report Sex Abuse Heard in Confessions,"Australia’s Catholic Leaders Reject Call to Report Sex Abuse Heard in Confessions Catholic officials in Australia said the proposal would violate a sacred rite, infringe on religious freedom and do little to protect children from predatory priests. Catholic officials in Australia said the proposal would violate a sacred rite, infringe on religious freedom and do little to protect children from predatory priests."
"A U.N. panel found evidence of torture, rape and mass civilian casualties, placing blame on both Houthi rebels and the Saudi-led coalition.",article,nyt://article/cca0bc0a-5367-52e1-a66b-9234736c3dcd,"[{'name': 'Subject', 'value': 'Human Rights and Human Rights Violations', 'rank': 1}, {'name': 'Subject', 'value': 'War Crimes, Genocide and Crimes Against Humanity', 'rank': 2}, {'name': 'Organization', 'value': 'Houthis', 'rank': 3}, {'name': 'Location', 'value': 'Yemen', 'rank': 4}, {'name': 'Organization', 'value': 'United Nations', 'rank': 5}]",Foreign,9.0,A,2018-08-28 14:28:08+00:00,World,"A U.N. panel found evidence of torture, rape and recklessness over mass civilian casualties, placing blame on Houthi rebels as well as the Saudi-led coalition.",The New York Times,Middle East,News,nyt://article/cca0bc0a-5367-52e1-a66b-9234736c3dcd,https://www.nytimes.com/2018/08/28/world/middleeast/un-yemen-war-crimes.html,1032,By Nick Cumming-Bruce,War Crimes Report on Yemen Accuses Saudi Arabia and U.A.E.,,U.N. Report on War Crimes Faults Saudi Arabia and U.A.E. in Yemen,"The old quarter of Sana, Yemen, in August. The house in the foreground was destroyed by an airstrike.",Khaled Abdullah/Reuters,https://static01.nyt.com/images/2018/08/29/world/29yemen-print/merlin_142352112_bc1fc43d-880e-40f0-ad14-f84651dfa1c5-articleLarge.jpg,400,600,https://static01.nyt.com/images/2018/08/29/world/29yemen-print/29yemen-thumbStandard.jpg,75,75,War Crimes Report on Yemen Accuses Saudi Arabia and U.A.E.,"War Crimes Report on Yemen Accuses Saudi Arabia and U.A.E. A U.N. panel found evidence of torture, rape and mass civilian casualties, placing blame on both Houthi rebels and the Saudi-led coalition. A U.N. panel found evidence of torture, rape and recklessness over mass civilian casualties, placing blame on Houthi rebels as well as the Saudi-led coalition."
President Ashraf Ghani was said to be dissatisfied by a rocket attack on the presidential palace and a Taliban siege in Ghazni.,article,nyt://article/9d95b685-ebac-5254-9d67-37c9be4735ed,"[{'name': 'Subject', 'value': 'Politics and Government', 'rank': 1}, {'name': 'Organization', 'value': 'Taliban', 'rank': 2}, {'name': 'Person', 'value': 'Ghani, Ashraf', 'rank': 3}, {'name': 'Person', 'value': 'Atmar, Muhammad Hanif', 'rank': 4}, {'name': 'Location', 'value': 'Afghanistan', 'rank': 5}, {'name': 'Location', 'value': 'Ghazni Province (Afghanistan)', 'rank': 6}]",Foreign,,,2018-08-25 18:44:46+00:00,World,President Ashraf Ghani was said to be dissatisfied by a rocket attack on the presidential palace and a Taliban siege in Ghazni.,The New York Times,Asia Pacific,News,nyt://article/9d95b685-ebac-5254-9d67-37c9be4735ed,https://www.nytimes.com/2018/08/25/world/asia/ghani-cabinet-security.html,294,By Fatima Faizi and Rod Nordland,Afghan Security Adviser Quits Amid Reports of Cabinet Shakeup,,,"President Ashraf Ghani, left, with his national security adviser, Hanif Atmar, in Kabul last year.",Jawad Jalali/European Pressphoto Agency,https://static01.nyt.com/images/2018/08/26/world/26afghanistan/26afghanistan-articleLarge.jpg,400,600,https://static01.nyt.com/images/2018/08/26/world/26afghanistan/26afghanistan-thumbStandard.jpg,75,75,Afghan Security Adviser Quits Amid Reports of Cabinet Shakeup,Afghan Security Adviser Quits Amid Reports of Cabinet Shakeup President Ashraf Ghani was said to be dissatisfied by a rocket attack on the presidential palace and a Taliban siege in Ghazni. President Ashraf Ghani was said to be dissatisfied by a rocket attack on the presidential palace and a Taliban siege in Ghazni.
"Confronted with accusations of mass internment in the Xinjiang region, Chinese officials refused to answer “questions which are not factual.”",article,nyt://article/97f1ea62-6cfa-5ff6-86aa-b0ebc6fe4cc6,"[{'name': 'Subject', 'value': 'Politics and Government', 'rank': 1}, {'name': 'Subject', 'value': 'Human Rights and Human Rights Violations', 'rank': 2}, {'name': 'Subject', 'value': 'Uighurs (Chinese Ethnic Group)', 'rank': 3}, {'name': 'Organization', 'value': 'United Nations', 'rank': 4}, {'name': 'Location', 'value': 'China', 'rank': 5}, {'name': 'Location', 'value': 'Xinjiang (China)', 'rank': 6}, {'name': 'Subject', 'value': 'Forced Assimilation', 'rank': 7}]",Foreign,9.0,A,2018-08-13 15:56:38+00:00,World,"Confronted with accusations of mass internment in the Xinjiang region, Chinese officials refused to answer “questions which are not factual.”",The New York Times,Asia Pacific,News,nyt://article/97f1ea62-6cfa-5ff6-86aa-b0ebc6fe4cc6,https://www.nytimes.com/2018/08/13/world/asia/china-xinjiang-un.html,606,By Nick Cumming-Bruce,‘No Such Thing’: China Denies U.N. Reports of Uighur Detention Camps,,China Denies Reports of Uighur Camps,"Chinese military police at a rally in Hotan, Xinjiang, last year. Beijing has progressively tightened security in the region.",Agence France-Presse &mdash; Getty Images,https://static01.nyt.com/images/2018/08/14/world/14xinjiang1/merlin_118855850_12d0a968-21f7-46c1-a796-77e4f154eb91-articleLarge.jpg,400,600,https://static01.nyt.com/images/2018/08/14/world/14xinjiang1/14xinjiang1-thumbStandard.jpg,75,75,‘No Such Thing’: China Denies U.N. Reports of Uighur Detention Camps,"‘No Such Thing’: China Denies U.N. Reports of Uighur Detention Camps Confronted with accusations of mass internment in the Xinjiang region, Chinese officials refused to answer “questions which are not factual.” Confronted with accusations of mass internment in the Xinjiang region, Chinese officials refused to answer “questions which are not factual.”"
"Accounts from the Xinjiang region of western China point to Muslims there being treated as “enemies of the state” based on their ethnic and religious identity, a human rights expert said.",article,nyt://article/93b049f3-d828-52ef-9b84-d086f4b7ca87,"[{'name': 'Location', 'value': 'China', 'rank': 1}, {'name': 'Location', 'value': 'Xinjiang (China)', 'rank': 2}, {'name': 'Subject', 'value': 'Uighurs (Chinese Ethnic Group)', 'rank': 3}, {'name': 'Subject', 'value': 'Discrimination', 'rank': 4}, {'name': 'Subject', 'value': 'Human Rights and Human Rights Violations', 'rank': 5}, {'name': 'Subject', 'value': 'Muslims and Islam', 'rank': 6}, {'name': 'Subject', 'value': 'Surveillance of Citizens by Government', 'rank': 7}, {'name': 'Organization', 'value': 'Communist Party of China', 'rank': 8}, {'name': 'Organization', 'value': 'United Nations', 'rank': 9}]",Foreign,9.0,A,2018-08-10 23:29:23+00:00,World,"Accounts from the Xinjiang region of western China point to Muslims there being treated as “enemies of the state” based on their ethnic and religious identity, a human rights expert said.",The New York Times,Asia Pacific,News,nyt://article/93b049f3-d828-52ef-9b84-d086f4b7ca87,https://www.nytimes.com/2018/08/10/world/asia/china-xinjiang-un-uighurs.html,867,By Nick Cumming-Bruce,U.N. Panel Confronts China Over Reports That It Holds a Million Uighurs in Camps,,U.N. Presses Beijing On Uighurs,"Police officers patrolling in Kashgar, in the Xinjiang region of China, last year. A United Nations panel said Friday that it had credible reports that a million ethnic Uighurs in Xinjiang were being held in internment camps.",Johannes Eisele/Agence France-Presse — Getty Images,https://static01.nyt.com/images/2018/08/11/world/11xinjiang/merlin_140340282_5ab6d84b-e1ac-4654-be34-7ed145181c04-articleLarge.jpg,400,600,https://static01.nyt.com/images/2018/08/11/world/11xinjiang/11xinjiang-thumbStandard.jpg,75,75,U.N. Panel Confronts China Over Reports That It Holds a Million Uighurs in Camps,"U.N. Panel Confronts China Over Reports That It Holds a Million Uighurs in Camps Accounts from the Xinjiang region of western China point to Muslims there being treated as “enemies of the state” based on their ethnic and religious identity, a human rights expert said. Accounts from the Xinjiang region of western China point to Muslims there being treated as “enemies of the state” based on their ethnic and religious identity, a human rights expert said."
"North Korea has started dismantling a missile-engine test site, as President Trump said the North’s leader, Kim Jong-un, had promised during their historic summit meeting.",article,nyt://article/3f5703c3-9bcf-5588-9e19-100af6ba8bbc,"[{'name': 'Location', 'value': 'North Korea', 'rank': 1}, {'name': 'Subject', 'value': 'Nuclear Weapons', 'rank': 2}, {'name': 'Subject', 'value': 'Arms Control and Limitation and Disarmament', 'rank': 3}, {'name': 'Subject', 'value': 'Missiles and Missile Defense Systems', 'rank': 4}, {'name': 'Person', 'value': 'Kim Jong-un', 'rank': 5}, {'name': 'Person', 'value': 'Trump, Donald J', 'rank': 6}, {'name': 'Person', 'value': 'Bermudez, Joseph S Jr', 'rank': 7}, {'name': 'Organization', 'value': '38 North', 'rank': 8}, {'name': 'Subject', 'value': 'United States International Relations', 'rank': 9}]",Foreign,5.0,A,2018-07-24 02:16:33+00:00,World,"North Korea has started to take apart a missile-engine test site, a report found, as Mr. Trump said the North’s leader, Kim Jong-un, had promised during their summit meeting.",The New York Times,Asia Pacific,News,nyt://article/3f5703c3-9bcf-5588-9e19-100af6ba8bbc,https://www.nytimes.com/2018/07/23/world/asia/north-korea-dismantling-missile-facilities.html,645,By Choe Sang-Hun,"North Korea Starts Dismantling Key Missile Facilities, Report Says",,North Korea Reportedly Dismantling Sites,Satellite imagery appears to show efforts by North Korea to dismantle facilities at its Sohae Satellite Launching Station.,Agence France-Presse — Getty Images,https://static01.nyt.com/images/2018/07/24/world/24NKorea1_for/merlin_141633456_eb2ed8e6-9096-4363-b846-47d63eb89339-articleLarge.jpg,450,600,https://static01.nyt.com/images/2018/07/24/world/24NKorea1_for/24NKorea1_for-thumbStandard.jpg,75,75,"North Korea Starts Dismantling Key Missile Facilities, Report Says","North Korea Starts Dismantling Key Missile Facilities, Report Says North Korea has started dismantling a missile-engine test site, as President Trump said the North’s leader, Kim Jong-un, had promised during their historic summit meeting. North Korea has started to take apart a missile-engine test site, a report found, as Mr. Trump said the North’s leader, Kim Jong-un, had promised during their summit meeting."
"The practice has raised concerns among rights groups, which say that the decision should not be left solely to police and intelligence officials.",article,nyt://article/b375bbc9-277b-5e10-a412-866353dc523e,"[{'name': 'Subject', 'value': 'Law and Legislation', 'rank': 1}, {'name': 'Subject', 'value': 'Informers', 'rank': 2}, {'name': 'Location', 'value': 'Great Britain', 'rank': 3}, {'name': 'Subject', 'value': 'Police', 'rank': 4}, {'name': 'Subject', 'value': 'Espionage and Intelligence Services', 'rank': 5}, {'name': 'Subject', 'value': 'Legislatures and Parliaments', 'rank': 6}, {'name': 'Subject', 'value': 'Crime and Criminals', 'rank': 7}, {'name': 'Organization', 'value': 'House of Lords (Great Britain)', 'rank': 8}]",Foreign,5.0,A,2018-07-20 17:34:36+00:00,World,"The practice has raised concerns among rights groups, which say that the decision should not be left solely to police and intelligence officials.",The New York Times,Europe,News,nyt://article/b375bbc9-277b-5e10-a412-866353dc523e,https://www.nytimes.com/2018/07/20/world/europe/uk-undercover-child-spies.html,601,By Ceylan Yeginsu,"U.K. Is Using Children as Undercover Spies, Report Says",,"U.K. Is Using Children as Spies, Report Says",A former counterterrorism detective for the Metropolitan Police said that child informants were used as a last resort in Britain.,Carl Court/Agence France-Presse — Getty Images,https://static01.nyt.com/images/2018/07/21/world/21Child-spies/merlin_86871964_864fce1d-9bcc-4afb-a5b2-fcd3a7d92be5-articleLarge.jpg,411,600,https://static01.nyt.com/images/2018/07/21/world/21Child-spies/merlin_86871964_864fce1d-9bcc-4afb-a5b2-fcd3a7d92be5-thumbStandard.jpg,75,75,"U.K. Is Using Children as Undercover Spies, Report Says","U.K. Is Using Children as Undercover Spies, Report Says The practice has raised concerns among rights groups, which say that the decision should not be left solely to police and intelligence officials. The practice has raised concerns among rights groups, which say that the decision should not be left solely to police and intelligence officials."
A human rights group found that more than 40 million people worldwide are trapped in forced labor and sexual exploitation.,article,nyt://article/c10d20f5-a5a9-5f4f-99eb-94d11778dce4,"[{'name': 'Subject', 'value': 'Forced Labor', 'rank': 1}, {'name': 'Organization', 'value': 'Walk Free Foundation', 'rank': 2}, {'name': 'Location', 'value': 'North Korea', 'rank': 3}, {'name': 'Person', 'value': 'Park, Yeonmi', 'rank': 4}]",Foreign,,,2018-07-20 00:26:21+00:00,World,A human rights group found that more than 40 million people worldwide are trapped in forced labor and sexual exploitation.,The New York Times,,News,nyt://article/c10d20f5-a5a9-5f4f-99eb-94d11778dce4,https://www.nytimes.com/2018/07/19/world/modern-slavery-report.html,602,By Satoshi Sugiyama,Report Finds Surprisingly High Rate of Slavery in Developed Countries,,,"Yeonmi Park in April. The scariest thing, she recalled of her captivity, was being forgotten.",Nicholas Hunt/Getty Images,https://static01.nyt.com/images/2018/07/20/world/20slavery1/merlin_141484923_95722c80-c72a-4819-bf10-8c9eb2b0ae59-articleLarge.jpg,399,600,https://static01.nyt.com/images/2018/07/20/world/20slavery1/20slavery1-thumbStandard.jpg,75,75,Report Finds Surprisingly High Rate of Slavery in Developed Countries,Report Finds Surprisingly High Rate of Slavery in Developed Countries A human rights group found that more than 40 million people worldwide are trapped in forced labor and sexual exploitation. A human rights group found that more than 40 million people worldwide are trapped in forced labor and sexual exploitation.
"The world’s largest emitter of greenhouses gases is making significant progress, a former U.S. energy official has found, but not yet fast enough to meet global targets.",article,nyt://article/a2f55ac5-e142-59a7-8371-f48d8182fd3e,"[{'name': 'Subject', 'value': 'Greenhouse Gas Emissions', 'rank': 1}, {'name': 'Subject', 'value': 'United Nations Framework Convention on Climate Change', 'rank': 2}, {'name': 'Subject', 'value': 'Coal', 'rank': 3}, {'name': 'Subject', 'value': 'Global Warming', 'rank': 4}, {'name': 'Subject', 'value': 'Carbon Dioxide', 'rank': 5}, {'name': 'Location', 'value': 'China', 'rank': 6}]",Foreign,7.0,A,2018-07-19 14:22:15+00:00,World,"The world’s largest emitter of greenhouses gases is making significant progress, a former U.S. energy official has found, but not yet fast enough to meet global targets.",The New York Times,Asia Pacific,News,nyt://article/a2f55ac5-e142-59a7-8371-f48d8182fd3e,https://www.nytimes.com/2018/07/19/world/asia/china-climate-change-report.html,607,By Edward Wong,"China Is a Climate Leader but Still Isn’t Doing Enough on Emissions, Report Says",,Report Faults China’s Pace In Curbing Its Emissions,"A layer of smog in January over Taiyuan, the provincial capital of Shanxi, China’s biggest coal-producing region.",Gilles Sabrié for The New York Times,https://static01.nyt.com/images/2018/07/20/world/20china-climate/merlin_133204692_3af23349-580e-4c6a-968c-05410ba4a3b6-articleLarge.jpg,400,600,https://static01.nyt.com/images/2018/07/20/world/20china-climate/20china-climate-thumbStandard.jpg,75,75,"China Is a Climate Leader but Still Isn’t Doing Enough on Emissions, Report Says","China Is a Climate Leader but Still Isn’t Doing Enough on Emissions, Report Says The world’s largest emitter of greenhouses gases is making significant progress, a former U.S. energy official has found, but not yet fast enough to meet global targets. The world’s largest emitter of greenhouses gases is making significant progress, a former U.S. energy official has found, but not yet fast enough to meet global targets."
The Iranians were responding to what Israel has described as documents it said Mossad agents stole from a Tehran warehouse that showed work on bombs.,article,nyt://article/7e462a55-d301-5e8f-a5a5-32241abbb36a,"[{'name': 'Location', 'value': 'Iran', 'rank': 1}, {'name': 'Location', 'value': 'Israel', 'rank': 2}, {'name': 'Subject', 'value': 'Nuclear Weapons', 'rank': 3}, {'name': 'Organization', 'value': 'United Nations', 'rank': 4}, {'name': 'Person', 'value': 'Netanyahu, Benjamin', 'rank': 5}, {'name': 'Person', 'value': 'Trump, Donald J', 'rank': 6}, {'name': 'Organization', 'value': 'Mossad', 'rank': 7}]",Foreign,7.0,A,2018-07-18 19:17:03+00:00,World,The Iranians were responding to what Israel has described as documents it said Mossad agents stole from a Tehran warehouse that showed work on bombs.,The New York Times,Middle East,News,nyt://article/7e462a55-d301-5e8f-a5a5-32241abbb36a,https://www.nytimes.com/2018/07/18/world/middleeast/iran-israel-nuclear-denial.html,421,By The New York Times,Iran Calls Israel’s Reported Theft of Nuclear Trove ‘Laughably Absurd’,,Iran Denies Israeli Claim Of Data Theft,Prime Minister Benjamin Netanyahu of Israel presenting the Iranian documents in Tel Aviv in April.,Amir Cohen/Reuters,https://static01.nyt.com/images/2018/07/19/world/19iran-documents/19iran-documents-articleLarge.jpg,400,600,https://static01.nyt.com/images/2018/07/19/world/19iran-documents/19iran-documents-thumbStandard.jpg,75,75,Iran Calls Israel’s Reported Theft of Nuclear Trove ‘Laughably Absurd’,Iran Calls Israel’s Reported Theft of Nuclear Trove ‘Laughably Absurd’ The Iranians were responding to what Israel has described as documents it said Mossad agents stole from a Tehran warehouse that showed work on bombs. The Iranians were responding to what Israel has described as documents it said Mossad agents stole from a Tehran warehouse that showed work on bombs.
"After days of heavy rain, rescuers made their way farther into the flooded cave complex where a dozen boys and their soccer coach were trapped.",article,nyt://article/4580d89b-2ef0-5d8c-859c-a2dccfdbefed,"[{'name': 'Location', 'value': 'Chiang Rai Province (Thailand)', 'rank': 1}, {'name': 'Location', 'value': 'Thailand', 'rank': 2}, {'name': 'Subject', 'value': 'Rescues', 'rank': 3}, {'name': 'Subject', 'value': 'Caves and Caverns', 'rank': 4}]",Foreign,,,2018-07-01 09:24:20+00:00,World,"After days of heavy rain, rescuers made their way further into the flooded cave complex where a dozen boys and their soccer coach were trapped.",The New York Times,Asia Pacific,News,nyt://article/4580d89b-2ef0-5d8c-859c-a2dccfdbefed,https://www.nytimes.com/2018/07/01/world/asia/thailand-cave-soccer-boys.html,755,By Ryn Jirenuwat and Richard C. Paddock,Thailand Cave Rescuers Report Progress in Search for Soccer Team,,,Soldiers and rescue workers in the Tham Luang cave complex in northern Thailand on Sunday. A dozen boys and their soccer coach have been missing in the caverns for more than a week.,Soe Zeya Tun/Reuters,https://static01.nyt.com/images/2018/07/02/world/02thailand-1/merlin_140567124_da2355b2-5a33-4540-982e-34c1a4d7a4fc-articleLarge.jpg,400,600,https://static01.nyt.com/images/2018/07/02/world/02thailand-1/02thailand-1-thumbStandard.jpg,75,75,Thailand Cave Rescuers Report Progress in Search for Soccer Team,"Thailand Cave Rescuers Report Progress in Search for Soccer Team After days of heavy rain, rescuers made their way farther into the flooded cave complex where a dozen boys and their soccer coach were trapped. After days of heavy rain, rescuers made their way further into the flooded cave complex where a dozen boys and their soccer coach were trapped."
"The United Nations annual report says more than 10,000 children were killed or maimed in armed conflicts in 2017.",article,nyt://article/6ad2a26c-376d-5845-ac57-26b6f22a555d,"[{'name': 'Subject', 'value': 'Children and Childhood', 'rank': 1}, {'name': 'Organization', 'value': 'United Nations', 'rank': 2}, {'name': 'Subject', 'value': 'Terrorism', 'rank': 3}, {'name': 'Subject', 'value': 'Human Rights and Human Rights Violations', 'rank': 4}]",Foreign,6.0,A,2018-06-27 23:20:37+00:00,World,"The United Nations annual report says more than 10,000 children were killed or maimed in armed conflicts in 2017.",The New York Times,,News,nyt://article/6ad2a26c-376d-5845-ac57-26b6f22a555d,https://www.nytimes.com/2018/06/27/world/un-children-armed-conflict.html,929,By Satoshi Sugiyama,U.N. Reports Sharp Increase in Children Killed or Maimed in Conflicts,,U.N. Sees Rise In Toll of War On Children,,,,0,0,,0,0,U.N. Reports Sharp Increase in Children Killed or Maimed in Conflicts,"U.N. Reports Sharp Increase in Children Killed or Maimed in Conflicts The United Nations annual report says more than 10,000 children were killed or maimed in armed conflicts in 2017. The United Nations annual report says more than 10,000 children were killed or maimed in armed conflicts in 2017."
"Noura Hussein had her sentence reduced to five years in jail for stabbing and killing her husband, whom she was forced to marry when she was 16.",article,nyt://article/38ba94a3-7350-5870-a986-aff975f41cec,"[{'name': 'Person', 'value': 'Hussein, Noura', 'rank': 1}, {'name': 'Location', 'value': 'Sudan', 'rank': 2}, {'name': 'Subject', 'value': 'Murders, Attempted Murders and Homicides', 'rank': 3}, {'name': 'Subject', 'value': 'Capital Punishment', 'rank': 4}, {'name': 'Subject', 'value': 'Sex Crimes', 'rank': 5}, {'name': 'Subject', 'value': 'Human Rights and Human Rights Violations', 'rank': 6}, {'name': 'Subject', 'value': 'Women and Girls', 'rank': 7}, {'name': 'Subject', 'value': 'Self-Defense', 'rank': 8}, {'name': 'Person', 'value': 'Hammad, Abdulrahman Mohamed', 'rank': 9}]",Foreign,10.0,A,2018-06-27 15:04:39+00:00,World,"Noura Hussein had her sentence reduced to five years in jail for stabbing and killing her husband, whom she was forced to marry when she was 16.",The New York Times,Africa,News,nyt://article/38ba94a3-7350-5870-a986-aff975f41cec,https://www.nytimes.com/2018/06/27/world/africa/sudan-marital-rape-teenager.html,427,By Ceylan Yeginsu,"Sudan Won’t Execute Woman Who Killed Husband After Reported Rape, Lawyer Says",,Sudan Court Spares Wife  Who Killed Her Husband,Noura Hussein,via Amnesty,,0,0,https://static01.nyt.com/images/2018/06/28/world/28Sudan/28Sudan-thumbStandard.jpg,75,75,"Sudan Won’t Execute Woman Who Killed Husband After Reported Rape, Lawyer Says","Sudan Won’t Execute Woman Who Killed Husband After Reported Rape, Lawyer Says Noura Hussein had her sentence reduced to five years in jail for stabbing and killing her husband, whom she was forced to marry when she was 16. Noura Hussein had her sentence reduced to five years in jail for stabbing and killing her husband, whom she was forced to marry when she was 16."
An early draft of a report on the recapture of rebel-held Damascus suburbs contained information about chemical attacks omitted from the final version.,article,nyt://article/e7225d23-c963-56b0-8e5a-d53fb77cadbc,"[{'name': 'Location', 'value': 'Syria', 'rank': 1}, {'name': 'Subject', 'value': 'Politics and Government', 'rank': 2}, {'name': 'Subject', 'value': 'Civilian Casualties', 'rank': 3}, {'name': 'Subject', 'value': 'Biological and Chemical Warfare', 'rank': 4}, {'name': 'Subject', 'value': 'Defense and Military Forces', 'rank': 5}, {'name': 'Subject', 'value': 'War Crimes, Genocide and Crimes Against Humanity', 'rank': 6}, {'name': 'Person', 'value': 'Assad, Bashar al-', 'rank': 7}, {'name': 'Organization', 'value': 'United Nations', 'rank': 8}, {'name': 'Location', 'value': 'Ghouta (Syria)', 'rank': 9}, {'name': 'Location', 'value': 'Douma (Syria)', 'rank': 10}, {'name': 'Location', 'value': 'Russia', 'rank': 11}]",Foreign,1.0,A,2018-06-20 14:53:27+00:00,World,"An early draft of a report on the recapture of Damascus suburbs had information about chemical attacks omitted from the final version, which said that Syrian government forces had committed war crimes.",The New York Times,Middle East,News,nyt://article/e7225d23-c963-56b0-8e5a-d53fb77cadbc,https://www.nytimes.com/2018/06/20/world/middleeast/un-syria-eastern-ghouta.html,1574,By Rick Gladstone and Maggie Haberman,"Horrific Details on Syria Chemical Attacks Left Out, for Now, From U.N. Report",, U.N. Report Left Out Horrific Details on Syria Chemical Attacks,"A destroyed neighborhood in eastern Ghouta in March, days after Syrian government forces took it from rebels. Intense bombardment &mdash; mainly airstrikes by Russian and Syrian government planes &mdash; killed 1,100 people in the area in less than a month, a United Nations panel found.",Agence France-Presse &mdash; Getty Images,https://static01.nyt.com/images/2018/06/21/world/21Syria/merlin_136190997_32e6f757-89b0-4039-af2f-01f0ee3a305c-articleLarge.jpg,406,600,https://static01.nyt.com/images/2018/06/21/world/21Syria/21Syria1-thumbStandard.jpg,75,75,"Horrific Details on Syria Chemical Attacks Left Out, for Now, From U.N. Report","Horrific Details on Syria Chemical Attacks Left Out, for Now, From U.N. Report An early draft of a report on the recapture of rebel-held Damascus suburbs contained information about chemical attacks omitted from the final version. An early draft of a report on the recapture of Damascus suburbs had information about chemical attacks omitted from the final version, which said that Syrian government forces had committed war crimes."
The judge also may widen the inquiry net to more countries and seek access to corporate archives from the time of the crash 57 years ago.,article,nyt://article/d7bd792e-b14c-56c2-ae88-af7fbcc055f0,"[{'name': 'Person', 'value': 'Hammarskjold, Dag', 'rank': 1}, {'name': 'Organization', 'value': 'United Nations', 'rank': 2}, {'name': 'Location', 'value': 'Rhodesia', 'rank': 3}, {'name': 'Location', 'value': 'Zambia', 'rank': 4}]",Foreign,,,2018-06-01 18:17:27+00:00,World,The judge also may widen the inquiry net to more countries and seek access to corporate archives from the time of the crash 57 years ago.,The New York Times,Africa,News,nyt://article/d7bd792e-b14c-56c2-ae88-af7fbcc055f0,https://www.nytimes.com/2018/06/01/world/africa/hammarskjold-crash-inquiry.html,645,By Alan Cowell,Judge Reports Progress in Hammarskjold Crash Inquiry,,,"United Nations Secretary General Dag Hammarskjold, an iconic Swedish diplomat, died in a plane crash in 1961 during a mission to resolve a crisis caused by the secession of the southern province of Katanga in newly independent Congo.",Sam Falk/The New York Times,https://static01.nyt.com/images/2018/06/02/world/02Hammarskjold/02Hammarskjold-articleLarge.jpg,400,600,https://static01.nyt.com/images/2018/06/02/world/02Hammarskjold/02Hammarskjold-thumbStandard.jpg,75,75,Judge Reports Progress in Hammarskjold Crash Inquiry,Judge Reports Progress in Hammarskjold Crash Inquiry The judge also may widen the inquiry net to more countries and seek access to corporate archives from the time of the crash 57 years ago. The judge also may widen the inquiry net to more countries and seek access to corporate archives from the time of the crash 57 years ago.
The source disputed by President Trump was in fact a senior administration official speaking to a large group of reporters in the White House briefing room.,article,nyt://article/c40220c1-d0b3-5714-9fba-0c993a850966,"[{'name': 'Person', 'value': 'Trump, Donald J', 'rank': 1}, {'name': 'Location', 'value': 'North Korea', 'rank': 2}, {'name': 'Person', 'value': 'Kim Jong-un', 'rank': 3}, {'name': 'Subject', 'value': 'United States Politics and Government', 'rank': 4}, {'name': 'Subject', 'value': 'News and News Media', 'rank': 5}, {'name': 'Organization', 'value': 'New York Times', 'rank': 6}]",Washington,10.0,A,2018-05-26 19:54:18+00:00,World,The source disputed by President Trump was in fact a senior administration official speaking to a large group of reporters in the White House briefing room.,The New York Times,Asia Pacific,News,nyt://article/c40220c1-d0b3-5714-9fba-0c993a850966,https://www.nytimes.com/2018/05/26/world/asia/trump-korea-summit-twitter.html,664,By Michael D. Shear,Trump Falsely Says Times Made Up Source in Report on Korea Summit Meeting,,Trump Says Times Used Fake Source; It Did Not,President Trump on Friday at the White House. Mr. Trump’s attack on The New York Times on Saturday on Twitter was only the latest of many efforts by the president to discredit reporting by news organizations.,Eric Thayer for The New York Times,https://static01.nyt.com/images/2018/05/27/us/27dc-trump1/27dc-trump1-articleLarge.jpg,400,600,https://static01.nyt.com/images/2018/05/27/us/27dc-trump1/27dc-trump1-thumbStandard.jpg,75,75,Trump Falsely Says Times Made Up Source in Report on Korea Summit Meeting,Trump Falsely Says Times Made Up Source in Report on Korea Summit Meeting The source disputed by President Trump was in fact a senior administration official speaking to a large group of reporters in the White House briefing room. The source disputed by President Trump was in fact a senior administration official speaking to a large group of reporters in the White House briefing room.
"The number of Indigenous Australian juveniles in detention or on parole is increasing, even as the total number of children accused of crimes is decreasing.",article,nyt://article/fd8811ce-0bbd-5c20-a4f0-82c126e5b3b9,"[{'name': 'Subject', 'value': 'Indigenous Australians', 'rank': 1}, {'name': 'Subject', 'value': 'Juvenile Delinquency', 'rank': 2}, {'name': 'Location', 'value': 'Australia', 'rank': 3}, {'name': 'Location', 'value': 'Northern Territory (Australia)', 'rank': 4}, {'name': 'Subject', 'value': 'Crime and Criminals', 'rank': 5}]",Foreign,,,2018-05-25 07:03:07+00:00,World,"The number of Indigenous Australian juveniles in detention or on parole is increasing, even as the total number of children accused of crimes is decreasing.",The New York Times,Australia,News,nyt://article/fd8811ce-0bbd-5c20-a4f0-82c126e5b3b9,https://www.nytimes.com/2018/05/25/world/australia/aboriginal-youth-juveniles-jail-report.html,549,By Adella Beaini,"Aboriginal Youth Are Disproportionately Jailed, Report Finds",,,"The Don Dale Youth Detention Center in Darwin, Northern Territory, in 2016. The original Don Dale facility nearby was closed in 2014 after a tear-gassing incident.","Neda Vanovac/EPA, via Shutterstock",https://static01.nyt.com/images/2018/05/26/world/26oz-juvenile-1/merlin_138641973_ea12d793-aec0-40f2-9590-9a26c50b8f91-articleLarge.jpg,400,600,https://static01.nyt.com/images/2018/05/26/world/26oz-juvenile-1/26oz-juvenile-1-thumbStandard.jpg,75,75,"Aboriginal Youth Are Disproportionately Jailed, Report Finds","Aboriginal Youth Are Disproportionately Jailed, Report Finds The number of Indigenous Australian juveniles in detention or on parole is increasing, even as the total number of children accused of crimes is decreasing. The number of Indigenous Australian juveniles in detention or on parole is increasing, even as the total number of children accused of crimes is decreasing."
"Palestinian officials and doctors gave conflicting accounts of the condition of Mr. Abbas, who is 82.",article,nyt://article/8df095f6-60d7-5f4f-a12b-088cc7189546,"[{'name': 'Subject', 'value': 'Palestinians', 'rank': 1}, {'name': 'Organization', 'value': 'Palestine Liberation Organization', 'rank': 2}, {'name': 'Person', 'value': 'Abbas, Mahmoud', 'rank': 3}, {'name': 'Person', 'value': 'Erekat, Saeb', 'rank': 4}, {'name': 'Location', 'value': 'Israel', 'rank': 5}, {'name': 'Location', 'value': 'Ramallah (West Bank)', 'rank': 6}, {'name': 'Location', 'value': 'West Bank', 'rank': 7}]",Foreign,,,2018-05-21 01:20:53+00:00,World,"Palestinian officials and doctors gave conflicting accounts of the condition of Mr. Abbas, who is 82.",The New York Times,Middle East,News,nyt://article/8df095f6-60d7-5f4f-a12b-088cc7189546,https://www.nytimes.com/2018/05/20/world/middleeast/palestinian-president-mahmoud-abbas-reported-hospitalized.html,314,By Reuters,"Palestinian President, Mahmoud Abbas, Is Reported Hospitalized",,,"The Palestinian president, Mahmoud Abbas, speaking at his headquarters in the West Bank town of Ramallah last week.","Alaa Badarneh/EPA, via Shutterstock",https://static01.nyt.com/images/2018/05/22/world/22abbas1/22abbas1-articleLarge.jpg,400,600,https://static01.nyt.com/images/2018/05/22/world/22abbas1/22abbas1-thumbStandard.jpg,75,75,"Palestinian President, Mahmoud Abbas, Is Reported Hospitalized","Palestinian President, Mahmoud Abbas, Is Reported Hospitalized Palestinian officials and doctors gave conflicting accounts of the condition of Mr. Abbas, who is 82. Palestinian officials and doctors gave conflicting accounts of the condition of Mr. Abbas, who is 82."
"David Beasley of the World Food Program, who visited the North last week, said its officials promised more openness and seemed to hope for “a new chapter in history.”",article,nyt://article/a7ed5f2d-d2eb-55c2-b0b6-09a4117b65d9,"[{'name': 'Location', 'value': 'North Korea', 'rank': 1}, {'name': 'Organization', 'value': 'World Food Program', 'rank': 2}, {'name': 'Subject', 'value': 'United States International Relations', 'rank': 3}, {'name': 'Subject', 'value': 'Malnutrition', 'rank': 4}, {'name': 'Organization', 'value': 'United Nations', 'rank': 5}]",Foreign,,,2018-05-15 11:21:25+00:00,World,"David Beasley of the World Food Program, who visited the North last week, said its officials promised more openness and seemed to hope for “a new chapter in history.”",The New York Times,Asia Pacific,News,nyt://article/a7ed5f2d-d2eb-55c2-b0b6-09a4117b65d9,https://www.nytimes.com/2018/05/15/world/asia/north-korea-world-food-program.html,622,By Choe Sang-Hun,Aid Agency Chief Reports ‘Tremendous Sense of Optimism’ in North Korea,,,"North Korean farm workers last month. David Beasley, head of the World Food Program, who visited the North last week, said officials in the impoverished country had promised to work more openly with aid organizations.",Ed Jones/Agence France-Presse — Getty Images,https://static01.nyt.com/images/2018/05/16/world/16nkorea-1/merlin_136731369_4ce14178-e497-4057-a848-a7c3912c7c76-articleLarge.jpg,400,600,https://static01.nyt.com/images/2018/05/16/world/16nkorea-1/16nkorea-1-thumbStandard.jpg,75,75,Aid Agency Chief Reports ‘Tremendous Sense of Optimism’ in North Korea,"Aid Agency Chief Reports ‘Tremendous Sense of Optimism’ in North Korea David Beasley of the World Food Program, who visited the North last week, said its officials promised more openness and seemed to hope for “a new chapter in history.” David Beasley of the World Food Program, who visited the North last week, said its officials promised more openness and seemed to hope for “a new chapter in history.”"
"Thomas Markle will not walk his daughter down the aisle, TMZ reported on Monday. A Kensington Palace spokesman has asked for “understanding and respect.”",article,nyt://article/d603d9cd-4eb6-5e64-ada9-0cfcc38f44c3,"[{'name': 'Person', 'value': 'Markle, Meghan', 'rank': 1}, {'name': 'Person', 'value': 'Markle, Thomas', 'rank': 2}, {'name': 'Subject', 'value': 'Weddings and Engagements', 'rank': 3}, {'name': 'Subject', 'value': 'Royal Families', 'rank': 4}, {'name': 'Organization', 'value': 'TMZ.com', 'rank': 5}, {'name': 'Person', 'value': 'Harry, Prince of Wales', 'rank': 6}, {'name': 'Person', 'value': 'Ragland, Doria', 'rank': 7}]",Foreign,,,2018-05-14 23:48:30+00:00,World,"Thomas Markle will not walk his daughter down the aisle, TMZ reported on Monday. A Kensington Palace spokesman has asked for “understanding and respect.”",The New York Times,Europe,News,nyt://article/d603d9cd-4eb6-5e64-ada9-0cfcc38f44c3,https://www.nytimes.com/2018/05/14/world/europe/meghan-markle-father-royal-wedding.html,513,By Matt Stevens,"Meghan Markle’s Father Will Skip Royal Wedding, Report Says",,,Meghan Markle and Prince Harry in London last month.,Pool photo by Toby Melville,https://static01.nyt.com/images/2018/05/15/world/15xp-royal1/15xp-royal1-articleLarge.jpg,400,600,https://static01.nyt.com/images/2018/05/15/world/15xp-royal1/15xp-royal1-thumbStandard.jpg,75,75,"Meghan Markle’s Father Will Skip Royal Wedding, Report Says","Meghan Markle’s Father Will Skip Royal Wedding, Report Says Thomas Markle will not walk his daughter down the aisle, TMZ reported on Monday. A Kensington Palace spokesman has asked for “understanding and respect.” Thomas Markle will not walk his daughter down the aisle, TMZ reported on Monday. A Kensington Palace spokesman has asked for “understanding and respect.”"
"Investigators identified the suspects by scanning flight manifests for passengers entering and exiting Britain, The Daily Telegraph reported. The police would not confirm the report.",article,nyt://article/b97020f0-9b6f-5d76-b87b-740664e68590,"[{'name': 'Subject', 'value': 'Poisoning and Poisons', 'rank': 1}, {'name': 'Subject', 'value': 'Assassinations and Attempted Assassinations', 'rank': 2}, {'name': 'Person', 'value': 'Skripal, Sergei V', 'rank': 3}, {'name': 'Person', 'value': 'Skripal, Yulia S', 'rank': 4}, {'name': 'Person', 'value': 'Litvinenko, Alexander V', 'rank': 5}, {'name': 'Person', 'value': 'Lugovoi, Andrei K', 'rank': 6}, {'name': 'Location', 'value': 'Great Britain', 'rank': 7}]",Foreign,,,2018-04-20 23:57:09+00:00,World,"Investigators identified the suspects by scanning flight manifests for passengers entering and exiting Britain, The Daily Telegraph reported. The police would not confirm the report.",The New York Times,Europe,News,nyt://article/b97020f0-9b6f-5d76-b87b-740664e68590,https://www.nytimes.com/2018/04/20/world/europe/britain-russia-skripal-attack.html,366,By Ellen Barry,"Suspects in Attack on Ex-Spy Are in Russia, U.K. Newspaper Reports",,,The former Russian spy Sergei V. Skripal during his trial in Russia in 2006. He and his daughter were the victims of a nerve agent attack in Britain last month.,Yury Senatorov/European Pressphoto Agency,https://static01.nyt.com/images/2018/04/21/world/21Skripal/merlin_135082962_c2ad0a51-179d-4786-8d09-1f0ae589fb68-articleLarge.jpg,451,600,https://static01.nyt.com/images/2018/04/21/world/21Skripal/21Skripal-thumbStandard.jpg,75,75,"Suspects in Attack on Ex-Spy Are in Russia, U.K. Newspaper Reports","Suspects in Attack on Ex-Spy Are in Russia, U.K. Newspaper Reports Investigators identified the suspects by scanning flight manifests for passengers entering and exiting Britain, The Daily Telegraph reported. The police would not confirm the report. Investigators identified the suspects by scanning flight manifests for passengers entering and exiting Britain, The Daily Telegraph reported. The police would not confirm the report."
"The head of the organization investigating the reported chemical attack in Douma, Syria, said it was unclear when investigators would visit the site.",article,nyt://article/2d0250b4-1be5-5367-84f6-72638f528405,"[{'name': 'Subject', 'value': 'Biological and Chemical Warfare', 'rank': 1}, {'name': 'Organization', 'value': 'Organization for the Prohibition of Chemical Weapons', 'rank': 2}, {'name': 'Location', 'value': 'Douma (Syria)', 'rank': 3}, {'name': 'Location', 'value': 'Syria', 'rank': 4}, {'name': 'Organization', 'value': 'United Nations', 'rank': 5}, {'name': 'Person', 'value': 'Assad, Bashar al-', 'rank': 6}]",Foreign,4.0,A,2018-04-18 19:56:55+00:00,World,"The head of the organization investigating the reported chemical attack in Douma, Syria, said it was unclear when investigators would visit the site.",The New York Times,Middle East,News,nyt://article/2d0250b4-1be5-5367-84f6-72638f528405,https://www.nytimes.com/2018/04/18/world/middleeast/syria-chemical-attack-investigation.html,628,By Ben Hubbard,"Gunmen Shot at U.N. Team Near Site of Reported Chemical Attack, Official Says",,Shots Fired at U.N. Team  In Chemical Raid Inquiry ,A team of international experts is trying to determine whether chemical weapons were used in an attack on the Syrian town of Douma that killed at least 43 people this month.,Hassan Ammar/Associated Press,https://static01.nyt.com/images/2018/04/19/world/19syria/merlin_136948023_a70f0f9a-729b-49f2-bdd4-d4a164407fe1-articleLarge.jpg,400,600,https://static01.nyt.com/images/2018/04/19/world/19syria/19syria-thumbStandard.jpg,75,75,"Gunmen Shot at U.N. Team Near Site of Reported Chemical Attack, Official Says","Gunmen Shot at U.N. Team Near Site of Reported Chemical Attack, Official Says The head of the organization investigating the reported chemical attack in Douma, Syria, said it was unclear when investigators would visit the site. The head of the organization investigating the reported chemical attack in Douma, Syria, said it was unclear when investigators would visit the site."
"Maksim Borodin, 32, who had been reporting on a secretive Russian paramilitary, died after a fall, the latest suspicious death of a Russian reporter.",article,nyt://article/60c022ea-4a69-53fd-a3c4-ee1cc4b3c6b4,"[{'name': 'Person', 'value': 'Borodin, Maksim', 'rank': 1}, {'name': 'Subject', 'value': 'News and News Media', 'rank': 2}, {'name': 'Subject', 'value': 'Deaths (Fatalities)', 'rank': 3}, {'name': 'Person', 'value': 'Prigozhin, Yevgeny V', 'rank': 4}, {'name': 'Location', 'value': 'Yekaterinburg (Russia)', 'rank': 5}, {'name': 'Location', 'value': 'Russia', 'rank': 6}]",Foreign,,,2018-04-16 16:25:08+00:00,World,"Maksim Borodin, 32, who had been reporting on a secretive Russian paramilitary, died after a fall, the latest suspicious death of a Russian reporter.",The New York Times,Europe,News,nyt://article/60c022ea-4a69-53fd-a3c4-ee1cc4b3c6b4,https://www.nytimes.com/2018/04/16/world/europe/maksim-borodin-journalist-dead-russia.html,544,By Matthew Luxmoore,Russian Journalist Who Reported on Secretive Paramilitary Dies,,Doubts Over Russian Muckraker’s Death,"The city of Yekaterinburg, Russia, last week.",Sergei Karpukhin/Reuters,https://static01.nyt.com/images/2018/04/17/world/17yekaterinburg1/merlin_136840695_5ff03d21-0ef5-4130-8967-459a0e2c3c7b-articleLarge.jpg,387,600,https://static01.nyt.com/images/2018/04/17/world/17yekaterinburg1/17yekaterinburg1-thumbStandard.jpg,75,75,Russian Journalist Who Reported on Secretive Paramilitary Dies,"Russian Journalist Who Reported on Secretive Paramilitary Dies Maksim Borodin, 32, who had been reporting on a secretive Russian paramilitary, died after a fall, the latest suspicious death of a Russian reporter. Maksim Borodin, 32, who had been reporting on a secretive Russian paramilitary, died after a fall, the latest suspicious death of a Russian reporter."
"Anti-government activists accused the Syrian government of attacking a rebel-held suburb of Damascus with poison gas, estimating that dozens were killed.",article,nyt://article/8a7c4440-1458-5046-9026-fbc50254c4d4,"[{'name': 'Subject', 'value': 'Biological and Chemical Warfare', 'rank': 1}, {'name': 'Location', 'value': 'Douma (Syria)', 'rank': 2}, {'name': 'Location', 'value': 'Damascus (Syria)', 'rank': 3}, {'name': 'Person', 'value': 'Assad, Bashar al-', 'rank': 4}, {'name': 'Subject', 'value': 'Civilian Casualties', 'rank': 5}, {'name': 'Location', 'value': 'Syria', 'rank': 6}]",Foreign,10.0,A,2018-04-07 23:52:40+00:00,World,"Anti-government activists accused the Syrian government of attacking a rebel-held suburb of Damascus with poison gas, estimating that dozens were killed.",The New York Times,Middle East,News,nyt://article/8a7c4440-1458-5046-9026-fbc50254c4d4,https://www.nytimes.com/2018/04/07/world/middleeast/syria-poison-gas.html,479,By Ben Hubbard and Hwaida Saad,Poison Gas Attack Reported by Syrian Anti-Government Activists,,Poison Gas Attack in Syria Is Reported by Activists,"Smoke rose from Douma, the last rebel holdout in the suburbs around Damascus, on Saturday, after an attack by government forces. Activists reported that poison gas was used in the assault. <br /><br />",Agence France-Presse — Getty Images,https://static01.nyt.com/images/2018/04/08/world/08damascus1/08damascus1-articleLarge.jpg,400,600,https://static01.nyt.com/images/2018/04/08/world/08damascus1/08damascus1-thumbStandard.jpg,75,75,Poison Gas Attack Reported by Syrian Anti-Government Activists,"Poison Gas Attack Reported by Syrian Anti-Government Activists Anti-government activists accused the Syrian government of attacking a rebel-held suburb of Damascus with poison gas, estimating that dozens were killed. Anti-government activists accused the Syrian government of attacking a rebel-held suburb of Damascus with poison gas, estimating that dozens were killed."
Amnesty International accused security forces of doing nothing despite warnings that the militants were nearby. The military denounced the group’s findings.,article,nyt://article/d53ace81-6462-52cb-a56f-225fe8f72b80,"[{'name': 'Location', 'value': 'Nigeria', 'rank': 1}, {'name': 'Organization', 'value': 'Boko Haram', 'rank': 2}, {'name': 'Subject', 'value': 'Kidnapping and Hostages', 'rank': 3}, {'name': 'Subject', 'value': 'Terrorism', 'rank': 4}, {'name': 'Subject', 'value': 'Defense and Military Forces', 'rank': 5}, {'name': 'Subject', 'value': 'Women and Girls', 'rank': 6}, {'name': 'Organization', 'value': 'Amnesty International', 'rank': 7}, {'name': 'Location', 'value': 'Dapchi (Nigeria)', 'rank': 8}]",Foreign,6.0,A,2018-03-20 12:19:40+00:00,World,Amnesty International accused security forces of doing nothing despite warnings that the militants were nearby. The military said the findings were flawed.,The New York Times,Africa,News,nyt://article/d53ace81-6462-52cb-a56f-225fe8f72b80,https://www.nytimes.com/2018/03/20/world/africa/nigeria-boko-haram-schoolgirls.html,950,By Dionne Searcey and Emmanuel Akinwotu,"Nigeria Failed to Act in Schoolgirl Kidnappings by Boko Haram, Report Says",,"Nigeria Failed to Act in Schoolgirl Kidnappings by Boko Haram, Report Says","A classroom at the school in Dapchi, Nigeria, where dozens of school girls were kidnapped by Boko Haram militants last month.",Afolabi Sotunde/Reuters,https://static01.nyt.com/images/2018/03/21/world/21Amnesty1/merlin_134480963_f5861a9a-a2b0-40d9-aaa3-5fcdba0657ce-articleLarge.jpg,400,600,https://static01.nyt.com/images/2018/03/21/world/21Amnesty1/21Amnesty1-thumbStandard.jpg,75,75,"Nigeria Failed to Act in Schoolgirl Kidnappings by Boko Haram, Report Says","Nigeria Failed to Act in Schoolgirl Kidnappings by Boko Haram, Report Says Amnesty International accused security forces of doing nothing despite warnings that the militants were nearby. The military denounced the group’s findings. Amnesty International accused security forces of doing nothing despite warnings that the militants were nearby. The military said the findings were flawed."
"The American inquiries were rejected, an official in Tehran said. “They have shown themselves as dishonest,” he added, “so what is the use of new talks?”",article,nyt://article/5d3d0663-8f6f-51d5-beaa-d53515224bd0,"[{'name': 'Subject', 'value': 'Iranian-Americans', 'rank': 1}, {'name': 'Organization', 'value': 'Wall Street Journal', 'rank': 2}, {'name': 'Person', 'value': 'Namazi, Baquer', 'rank': 3}, {'name': 'Person', 'value': 'Khamenei, Ali', 'rank': 4}, {'name': 'Person', 'value': 'Trump, Donald J', 'rank': 5}, {'name': 'Location', 'value': 'Tehran (Iran)', 'rank': 6}]",Foreign,4.0,A,2018-02-08 14:06:22+00:00,World,"The American inquiries were rejected, an official in Tehran said. “They have shown themselves as dishonest,” he added, “so what is the use of new talks?”",The New York Times,Middle East,News,nyt://article/5d3d0663-8f6f-51d5-beaa-d53515224bd0,https://www.nytimes.com/2018/02/08/world/middleeast/us-iran-secret-deal.html,403,By Thomas Erdbrink,Iran Plays Down Report That U.S. Secretly Asked for Talks on Prisoners,,Iran Plays Down Report  Of U.S. Asking for Talks,"Babak Namazi spoke at a news conference in Vienna in April. His father, Baquer Namazi, pictured left, and his brother Siamak, right, were convicted by an Iranian court in 2016 of collaborating with a hostile power.",Leonhard Foeger/Reuters,https://static01.nyt.com/images/2018/02/09/world/09Iran/merlin_121233104_8e05d34c-5178-4134-9bb3-44bac8633677-articleLarge.jpg,368,600,https://static01.nyt.com/images/2018/02/09/world/09Iran/09Iran-thumbStandard.jpg,75,75,Iran Plays Down Report That U.S. Secretly Asked for Talks on Prisoners,"Iran Plays Down Report That U.S. Secretly Asked for Talks on Prisoners The American inquiries were rejected, an official in Tehran said. “They have shown themselves as dishonest,” he added, “so what is the use of new talks?” The American inquiries were rejected, an official in Tehran said. “They have shown themselves as dishonest,” he added, “so what is the use of new talks?”"
"Fuel thieves in Mexico drilled 10,363 illegal taps into state-owned pipelines in 2017, or an average of about 28 every day.",article,nyt://article/e0733ea9-eed8-541f-9d14-4f9d34216b82,"[{'name': 'Subject', 'value': 'Robberies and Thefts', 'rank': 1}, {'name': 'Subject', 'value': 'Oil (Petroleum) and Gasoline', 'rank': 2}, {'name': 'Organization', 'value': 'Pemex', 'rank': 3}, {'name': 'Location', 'value': 'Mexico', 'rank': 4}]",Foreign,,,2018-02-08 00:14:27+00:00,World,"Fuel thieves in Mexico drilled 10,363 illegal taps into state-owned pipelines in 2017, or an average of about 28 every day.",The New York Times,Americas,News,nyt://article/e0733ea9-eed8-541f-9d14-4f9d34216b82,https://www.nytimes.com/2018/02/07/world/americas/mexico-illegal-fuel-taps.html,315,By The Associated Press,Mexico Reports Record Number of Illegal Taps Into Fuel Pipelines,,Mexico Says  Illegal Taps  Into Pipelines Set a Record,,,,0,0,,0,0,Mexico Reports Record Number of Illegal Taps Into Fuel Pipelines,"Mexico Reports Record Number of Illegal Taps Into Fuel Pipelines Fuel thieves in Mexico drilled 10,363 illegal taps into state-owned pipelines in 2017, or an average of about 28 every day. Fuel thieves in Mexico drilled 10,363 illegal taps into state-owned pipelines in 2017, or an average of about 28 every day."
"The #MeToo movement appears to be helping more men gain the confidence to report abuse to British authorities and seek help, experts say.",article,nyt://article/8ce7bce6-99ec-51b1-b889-888f59e770f1,"[{'name': 'Subject', 'value': 'Sex Crimes', 'rank': 1}, {'name': 'Subject', 'value': 'Men and Boys', 'rank': 2}, {'name': 'Location', 'value': 'England', 'rank': 3}, {'name': 'Location', 'value': 'Wales', 'rank': 4}]",Foreign,,,2018-02-02 17:50:28+00:00,World,"The #MeToo movement appears to be helping more men gain the confidence to report abuse to British authorities and seek help, experts say.",The New York Times,Europe,News,nyt://article/8ce7bce6-99ec-51b1-b889-888f59e770f1,https://www.nytimes.com/2018/02/02/world/europe/uk-sexual-assault-male.html,637,By Ceylan Yeginsu,Reported Cases of Sexual Abuse Against Men Triple in England and Wales,,,"Former footballers and survivors of abuse held a news conference in Manchester, England, in 2016 to help victims of abuse.",Paul Ellis/Agence France-Presse — Getty Images,https://static01.nyt.com/images/2018/02/04/world/europe/04britain/merlin_133221347_beff16a8-8a60-4853-a3e0-cfa9dd989bac-articleLarge.jpg,352,600,https://static01.nyt.com/images/2018/02/04/world/europe/04britain/04britain-thumbStandard.jpg,75,75,Reported Cases of Sexual Abuse Against Men Triple in England and Wales,"Reported Cases of Sexual Abuse Against Men Triple in England and Wales The #MeToo movement appears to be helping more men gain the confidence to report abuse to British authorities and seek help, experts say. The #MeToo movement appears to be helping more men gain the confidence to report abuse to British authorities and seek help, experts say."
"A special inspector says the American military uses loopholes to exempt Afghan security forces from punishment for enslaving and raping children, and other gross human rights violations.",article,nyt://article/fc5bf284-22c0-528f-8825-c5833d772ae2,"[{'name': 'Subject', 'value': 'United States Defense and Military Forces', 'rank': 1}, {'name': 'Subject', 'value': 'Afghanistan War (2001- )', 'rank': 2}, {'name': 'Subject', 'value': 'Child Abuse and Neglect', 'rank': 3}, {'name': 'Subject', 'value': 'Sex Crimes', 'rank': 4}, {'name': 'Subject', 'value': 'Human Rights and Human Rights Violations', 'rank': 5}, {'name': 'Subject', 'value': 'Defense and Military Forces', 'rank': 6}, {'name': 'Organization', 'value': 'Defense Department', 'rank': 7}, {'name': 'Organization', 'value': 'Special Inspector General for Afghanistan Reconstruction', 'rank': 8}, {'name': 'Organization', 'value': 'Afghan National Security Forces', 'rank': 9}, {'name': 'Location', 'value': 'Afghanistan', 'rank': 10}, {'name': 'Person', 'value': 'Buckley, Gregory T Jr', 'rank': 11}, {'name': 'Person', 'value': 'Martland, Charles (1982- )', 'rank': 12}, {'name': 'Person', 'value': 'Quinn, Dan (1981- )', 'rank': 13}]",Foreign,10.0,A,2018-01-23 20:21:18+00:00,World,"A special inspector says the American military uses loopholes to exempt Afghan security forces from punishment for enslaving and raping children, and other gross human rights violations.",The New York Times,Asia Pacific,News,nyt://article/fc5bf284-22c0-528f-8825-c5833d772ae2,https://www.nytimes.com/2018/01/23/world/asia/afghanistan-military-abuse.html,950,By Rod Nordland,"Afghan Pedophiles Get Free Pass From U.S. Military, Report Says",,"Afghan Pedophiles Get Pass From U.S. Military, Report Says",,Adam Ferguson for The New York Times,https://static01.nyt.com/images/2018/01/25/world/24afghan-childabuse-promo/24afghan-childabuse-promo-articleLarge.jpg,400,600,https://static01.nyt.com/images/2018/01/25/world/24afghan-childabuse-promo/24afghan-childabuse-promo-thumbStandard.jpg,75,75,"Afghan Pedophiles Get Free Pass From U.S. Military, Report Says","Afghan Pedophiles Get Free Pass From U.S. Military, Report Says A special inspector says the American military uses loopholes to exempt Afghan security forces from punishment for enslaving and raping children, and other gross human rights violations. A special inspector says the American military uses loopholes to exempt Afghan security forces from punishment for enslaving and raping children, and other gross human rights violations."
"The report, prepared for the secretary general, blames a lack of leadership and a reluctance to use force for an alarming rise in casualties.",article,nyt://article/ee35f009-a929-5375-b7f3-8d0ee1fd4ccb,"[{'name': 'Organization', 'value': 'United Nations', 'rank': 1}, {'name': 'Subject', 'value': 'Defense and Military Forces', 'rank': 2}, {'name': 'Person', 'value': 'dos Santos Cruz, Carlos Alberto', 'rank': 3}, {'name': 'Location', 'value': 'Africa', 'rank': 4}]",Foreign,8.0,A,2018-01-22 22:03:02+00:00,World,"The report, prepared for the secretary general, blames a lack of leadership and a reluctance to use force for an alarming rise in casualties.",The New York Times,Africa,News,nyt://article/ee35f009-a929-5375-b7f3-8d0ee1fd4ccb,https://www.nytimes.com/2018/01/22/world/africa/un-peacekeepers-fatalities.html,886,By Rick Gladstone,"U.N. Peacekeepers Must ‘Not Fear to Use Force’ to Foil Attacks, Report Says",,"U.N. Peacekeepers Must ‘Not Fear to Use Force,’ Report Recommends",A United Nations military official greeted Tanzanian peacekeepers wounded in a deadly assault against their mission last month in the Democratic Republic of Congo.<br /><br />,John Wessels/Agence France-Presse — Getty Images,https://static01.nyt.com/images/2018/01/23/world/23nations1/merlin_132717902_3e971c65-66bb-4a68-aa30-0e957d7d6e63-articleLarge.jpg,400,600,https://static01.nyt.com/images/2018/01/23/world/23nations1/23nations1-thumbStandard.jpg,75,75,"U.N. Peacekeepers Must ‘Not Fear to Use Force’ to Foil Attacks, Report Says","U.N. Peacekeepers Must ‘Not Fear to Use Force’ to Foil Attacks, Report Says The report, prepared for the secretary general, blames a lack of leadership and a reluctance to use force for an alarming rise in casualties. The report, prepared for the secretary general, blames a lack of leadership and a reluctance to use force for an alarming rise in casualties."
"Under Viktor Orban, Hungary has become a place of two parallel realities. But rarely have these two bubbles seemed so surreally far apart than during the past week of protests.",article,nyt://article/78e7944e-4ff5-57ec-84f6-5beba7aab7f6,"[{'name': 'Subject', 'value': 'Demonstrations, Protests and Riots', 'rank': 1}, {'name': 'Person', 'value': 'Orban, Viktor', 'rank': 2}, {'name': 'Location', 'value': 'Hungary', 'rank': 3}, {'name': 'Location', 'value': 'Budapest (Hungary)', 'rank': 4}, {'name': 'Subject', 'value': 'Law and Legislation', 'rank': 5}, {'name': 'Subject', 'value': 'News and News Media', 'rank': 6}, {'name': 'Subject', 'value': 'Pigeons', 'rank': 7}]",Foreign,6.0,A,2018-12-18 21:56:28+00:00,World,"Under Viktor Orban, there are two realities: one created by state media and the other by independent outlets trying to hold Mr. Orban to account.",The New York Times,Europe,News,nyt://article/78e7944e-4ff5-57ec-84f6-5beba7aab7f6,https://www.nytimes.com/2018/12/18/world/europe/hungary-protest-orban.html,947,By Patrick Kingsley,Outside Hungary’s State Television: A Protest. On Air: Pigeon Talk.,Budapest Dispatch,"In Hungary, Airing Clashing Versions of Reality",Anti-government demonstrators marching in Budapest on Sunday.,"Balazs Mohai/MTI, via Associated Press",https://static01.nyt.com/images/2018/12/19/world/19hungary-protests-dispatch1/merlin_148216065_8ca3f666-fe5d-4a60-9777-6f6efc2e6370-articleLarge.jpg,384,600,https://static01.nyt.com/images/2018/12/19/world/19hungary-protests-dispatch1/19hungary-protests-dispatch1-thumbStandard.jpg,75,75,Outside Hungary’s State Television: A Protest. On Air: Pigeon Talk.,"Outside Hungary’s State Television: A Protest. On Air: Pigeon Talk. Under Viktor Orban, Hungary has become a place of two parallel realities. But rarely have these two bubbles seemed so surreally far apart than during the past week of protests. Under Viktor Orban, there are two realities: one created by state media and the other by independent outlets trying to hold Mr. Orban to account."
"Experts accused Michel Sidibé, the agency’s chief, of having an autocratic style leading to “ethical blindness” on harassment and the abuse of power.",article,nyt://article/f2db522b-ce7f-5215-ab20-a6e7ccbb5690,"[{'name': 'Subject', 'value': 'Acquired Immune Deficiency Syndrome', 'rank': 1}, {'name': 'Organization', 'value': 'UNAIDS', 'rank': 2}, {'name': 'Person', 'value': 'Sidibe, Michel', 'rank': 3}, {'name': 'Subject', 'value': 'Sexual Harassment', 'rank': 4}, {'name': 'Subject', 'value': '#MeToo Movement', 'rank': 5}, {'name': 'Subject', 'value': 'Ethics and Official Misconduct', 'rank': 6}]",Foreign,,,2018-12-07 21:18:52+00:00,World,"Experts accused Michel Sidibé, the agency’s chief, of having an autocratic style leading to “ethical blindness” on harassment and the abuse of power.",The New York Times,Europe,News,nyt://article/f2db522b-ce7f-5215-ab20-a6e7ccbb5690,https://www.nytimes.com/2018/12/07/world/europe/unaids-abuse.html,592,By Nick Cumming-Bruce,"U.N. AIDS Agency Is in ‘State of Crisis’ and Needs New Leader, Report Says",,"U.N. AIDS Agency Is in ‘State of Crisis’ and Needs New Leader, Report Says","A report accused Michel Sidibé, the executive director of U.N.AIDS, of a management style that “enabled a culture of harassment, including sexual harassment, bullying and abuse of power.”",Thibault Camus/Associated Press,https://static01.nyt.com/images/2018/12/08/world/08nations/merlin_147849231_f2e9a078-859f-4b4d-95fc-b2ac767082bf-articleLarge.jpg,400,600,https://static01.nyt.com/images/2018/12/08/world/08nations/08nations-thumbStandard.jpg,75,75,"U.N. AIDS Agency Is in ‘State of Crisis’ and Needs New Leader, Report Says","U.N. AIDS Agency Is in ‘State of Crisis’ and Needs New Leader, Report Says Experts accused Michel Sidibé, the agency’s chief, of having an autocratic style leading to “ethical blindness” on harassment and the abuse of power. Experts accused Michel Sidibé, the agency’s chief, of having an autocratic style leading to “ethical blindness” on harassment and the abuse of power."
"After a summit meeting in Argentina, President Emmanuel Macron surveyed the destruction left after the “Yellow Vest” protests.",article,nyt://article/77f6b819-e4c8-525e-8402-d5b122184b88,"[{'name': 'Subject', 'value': 'Yellow Vests Movement', 'rank': 1}, {'name': 'Person', 'value': 'Macron, Emmanuel (1977- )', 'rank': 2}, {'name': 'Location', 'value': 'France', 'rank': 3}, {'name': 'Subject', 'value': 'Demonstrations, Protests and Riots', 'rank': 4}, {'name': 'Subject', 'value': 'Vandalism', 'rank': 5}, {'name': 'Subject', 'value': 'Taxation', 'rank': 6}, {'name': 'Subject', 'value': 'Oil (Petroleum) and Gasoline', 'rank': 7}, {'name': 'Subject', 'value': 'Politics and Government', 'rank': 8}]",Foreign,8.0,A,2018-12-02 15:55:37+00:00,World,President Emmanuel Macron returned from a global meeting and surveyed the damage after another day of violent protests.,The New York Times,Europe,News,nyt://article/77f6b819-e4c8-525e-8402-d5b122184b88,https://www.nytimes.com/2018/12/02/world/europe/france-macron-yellow-vest-protests.html,1032,By Alissa J. Rubin,"Macron Returns to Turmoil, as France Weighs State of Emergency",,French Protesters Chide Macron: ‘We Cut Off Heads for Less Than This’,Burned vehicles lay around the streets of Paris. At least one person died in the violent clashes on Saturday.,"Etienne Laurent/EPA, via Shutterstock",https://static01.nyt.com/images/2018/12/03/world/03france-protests-promo/03france-protests-promo-articleLarge-v4.jpg,400,600,https://static01.nyt.com/images/2018/12/03/world/03france-protests-promo/03france-protests-promo-thumbStandard-v4.jpg,75,75,"Macron Returns to Turmoil, as France Weighs State of Emergency","Macron Returns to Turmoil, as France Weighs State of Emergency After a summit meeting in Argentina, President Emmanuel Macron surveyed the destruction left after the “Yellow Vest” protests. President Emmanuel Macron returned from a global meeting and surveyed the damage after another day of violent protests."
A government spokesman said one option was imposing a state of emergency to prevent a recurrence of the worst civil unrest in more than a decade.,article,nyt://article/eccb09e4-ca01-5642-a4bc-7fa934e4e3fb,"[{'name': 'Subject', 'value': 'Yellow Vests Movement', 'rank': 1}, {'name': 'Location', 'value': 'France', 'rank': 2}, {'name': 'Person', 'value': 'Macron, Emmanuel (1977- )', 'rank': 3}, {'name': 'Location', 'value': 'Paris (France)', 'rank': 4}, {'name': 'Subject', 'value': 'Demonstrations, Protests and Riots', 'rank': 5}, {'name': 'Subject', 'value': 'Politics and Government', 'rank': 6}]",Foreign,10.0,A,2018-12-01 11:23:28+00:00,World,A government spokesman said one option was imposing a state of emergency to prevent a recurrence of the worst civil unrest in more than a decade.,The New York Times,Europe,News,nyt://article/eccb09e4-ca01-5642-a4bc-7fa934e4e3fb,https://www.nytimes.com/2018/12/01/world/europe/france-yellow-vests-protests-macron.html,1715,By Alissa J. Rubin,Macron Inspects Damage After ‘Yellow Vest’ Protests as France Weighs State of Emergency,,Protests in Paris Over ‘Two Frances’ Escalate in Violence,A car burning in Paris on Saturday during clashes near the Place de l’Etoile.,Stephane Mahe/Reuters,https://static01.nyt.com/images/2018/12/04/world/02france/02france-protest-3-articleLarge.jpg,400,600,https://static01.nyt.com/images/2018/12/04/world/02france/02france-protest-3-thumbStandard.jpg,75,75,Macron Inspects Damage After ‘Yellow Vest’ Protests as France Weighs State of Emergency,Macron Inspects Damage After ‘Yellow Vest’ Protests as France Weighs State of Emergency A government spokesman said one option was imposing a state of emergency to prevent a recurrence of the worst civil unrest in more than a decade. A government spokesman said one option was imposing a state of emergency to prevent a recurrence of the worst civil unrest in more than a decade.
"Prime Minister Alexis Tsipras wants to remove clerics from Greece’s civil service, raising concerns about job security and even national identity.",article,nyt://article/26d56f3b-6fe8-5a27-bf77-c7916ac10d55,"[{'name': 'Subject', 'value': 'Politics and Government', 'rank': 1}, {'name': 'Subject', 'value': 'Clergy', 'rank': 2}, {'name': 'Subject', 'value': 'Religion-State Relations', 'rank': 3}, {'name': 'Person', 'value': 'Tsipras, Alexis', 'rank': 4}, {'name': 'Location', 'value': 'Greece', 'rank': 5}]",Foreign,5.0,A,2018-11-16 16:30:28+00:00,World,"Prime Minister Alexis Tsipras wants to remove clerics from Greece’s civil service, raising concerns about job security and even national identity.",The New York Times,Europe,News,nyt://article/26d56f3b-6fe8-5a27-bf77-c7916ac10d55,https://www.nytimes.com/2018/11/16/world/europe/greece-tsipras-orthodox-church.html,926,By Niki Kitsantonis,Greek Leader’s Efforts to Loosen Church-State Ties Are Met With Skepticism,,Greek Leader’s Push to Loosen Church-State Ties Is Met With Skepticism,"Prime Minister Alexis Tsipras of Greece, right, and the head of the Greek Orthodox Church, Archbishop Ieronymos, announcing a tentative deal this month to remove clerics from civil service payrolls and to resolve a longstanding dispute over church property.","Andrea Bonetti/Greek Prime Minister's Office, via Associated Press",https://static01.nyt.com/images/2018/11/17/world/17Greece-print/merlin_146432250_f1a0090d-d639-4c11-8702-9b42057d2c81-articleLarge.jpg,400,600,https://static01.nyt.com/images/2018/11/17/world/17Greece-print/17Greece1-thumbStandard.jpg,75,75,Greek Leader’s Efforts to Loosen Church-State Ties Are Met With Skepticism,"Greek Leader’s Efforts to Loosen Church-State Ties Are Met With Skepticism Prime Minister Alexis Tsipras wants to remove clerics from Greece’s civil service, raising concerns about job security and even national identity. Prime Minister Alexis Tsipras wants to remove clerics from Greece’s civil service, raising concerns about job security and even national identity."
The state of Victoria signed on with China’s Belt and Road initiative at a time when intelligence officials are concerned about Beijing’s influence.,article,nyt://article/3904c1f4-5606-5775-a3c4-0bd35899a59d,"[{'name': 'Person', 'value': 'Morrison, Scott (1968- )', 'rank': 1}, {'name': 'Location', 'value': 'Australia', 'rank': 2}, {'name': 'Location', 'value': 'China', 'rank': 3}, {'name': 'Location', 'value': 'Victoria (Australia)', 'rank': 4}]",Foreign,,,2018-11-13 06:26:34+00:00,World,The state of Victoria signed on with China’s Belt and Road initiative at a time when intelligence officials are concerned about Beijing’s influence.,The New York Times,Australia,News,nyt://article/3904c1f4-5606-5775-a3c4-0bd35899a59d,https://www.nytimes.com/2018/11/13/world/australia/victoria-china-scott-morrison.html,986,By Jamie Tarabay and Vicky Xiuzhong Xu,Australia’s Prime Minister ‘Surprised’ by State’s Secret Deal With China ,,,"Australia's prime minister, Scott Morrison, said it was not “cooperative or helpful” for the state of Victoria to sign an agreement with China without his government’s knowledge. ","Michael Chambers/EPA, via Shutterstock",https://static01.nyt.com/images/2018/11/14/world/14oz-china-2/merlin_146505234_79454f3f-8952-4cf0-a934-8286c94e5f26-articleLarge.jpg,400,600,https://static01.nyt.com/images/2018/11/14/world/14oz-china-2/14oz-china-2-thumbStandard.jpg,75,75,Australia’s Prime Minister ‘Surprised’ by State’s Secret Deal With China,Australia’s Prime Minister ‘Surprised’ by State’s Secret Deal With China The state of Victoria signed on with China’s Belt and Road initiative at a time when intelligence officials are concerned about Beijing’s influence. The state of Victoria signed on with China’s Belt and Road initiative at a time when intelligence officials are concerned about Beijing’s influence.
"The passports, which consular officials said contained false or fraudulent names, were taken between December 2012 and June 2013, just as Yemen’s fragile political system began descending into chaos.",article,nyt://article/e7fc773e-75e8-5e95-96da-211620ef0b99,"[{'name': 'Subject', 'value': 'Passports', 'rank': 1}, {'name': 'Subject', 'value': 'United States International Relations', 'rank': 2}, {'name': 'Subject', 'value': 'Diplomatic Service, Embassies and Consulates', 'rank': 3}, {'name': 'Subject', 'value': 'Inspectors General', 'rank': 4}, {'name': 'Organization', 'value': 'State Department', 'rank': 5}, {'name': 'Location', 'value': 'Sana (Yemen)', 'rank': 6}]",Washington,,,2018-11-02 23:30:24+00:00,World,"The passports, which consular officials said contained false or fraudulent names, were taken between December 2012 and June 2013, just as Yemen’s fragile political system began descending into chaos.",The New York Times,Middle East,News,nyt://article/e7fc773e-75e8-5e95-96da-211620ef0b99,https://www.nytimes.com/2018/11/02/world/middleeast/state-department-passports-yemen-citizens-.html,498,By Gardiner Harris and Liz Robbins,"State Dept. Improperly Seized Passports of Americans in Yemen, Inquiry Finds",,,"The American Embassy in Sana, Yemen, which was closed in 2015 as Yemen’s civil war intensified.",Mohammed Huwais/AFP/Getty Images,https://static01.nyt.com/images/2018/11/03/us/03DC-DIPLO/merlin_146241894_04a5651d-a210-4078-8406-6cced7fbae7d-articleLarge.jpg,419,600,https://static01.nyt.com/images/2018/11/03/us/03DC-DIPLO/merlin_146241894_04a5651d-a210-4078-8406-6cced7fbae7d-thumbStandard.jpg,75,75,"State Dept. Improperly Seized Passports of Americans in Yemen, Inquiry Finds","State Dept. Improperly Seized Passports of Americans in Yemen, Inquiry Finds The passports, which consular officials said contained false or fraudulent names, were taken between December 2012 and June 2013, just as Yemen’s fragile political system began descending into chaos. The passports, which consular officials said contained false or fraudulent names, were taken between December 2012 and June 2013, just as Yemen’s fragile political system began descending into chaos."
"Islamic State militants killed at least 40 Syrian fighters supported by the United States, captured several alive and regained territory.",article,nyt://article/587e2655-ea12-527c-80a2-cc1d2f22f6f9,"[{'name': 'Organization', 'value': 'Islamic State in Iraq and Syria (ISIS)', 'rank': 1}, {'name': 'Organization', 'value': 'Syrian Democratic Forces', 'rank': 2}, {'name': 'Location', 'value': 'Syria', 'rank': 3}, {'name': 'Location', 'value': 'Deir al-Zour (Syria)', 'rank': 4}]",Foreign,,,2018-10-27 18:34:13+00:00,World,"Islamic State militants killed at least 40 Syrian fighters supported by the United States, captured several alive and regained territory.",The New York Times,Middle East,News,nyt://article/587e2655-ea12-527c-80a2-cc1d2f22f6f9,https://www.nytimes.com/2018/10/27/world/middleeast/syria-islamic-state.html,709,By The Associated Press,Dozens Dead in Eastern Syria After Clashes with Islamic State,,,"American-backed Syrian fighters last month in village of Sousa, which was recaptured by Islamic State militants on Saturday.",Delil Souleiman/Agence France-Presse — Getty Images,https://static01.nyt.com/images/2018/10/28/world/28syria/merlin_143708145_a0b36957-35f4-4f97-9fa2-bae1de84ce2a-articleLarge.jpg,400,600,https://static01.nyt.com/images/2018/10/28/world/28syria/28syria-thumbStandard.jpg,75,75,Dozens Dead in Eastern Syria After Clashes with Islamic State,"Dozens Dead in Eastern Syria After Clashes with Islamic State Islamic State militants killed at least 40 Syrian fighters supported by the United States, captured several alive and regained territory. Islamic State militants killed at least 40 Syrian fighters supported by the United States, captured several alive and regained territory."
"Thousands gathered on Saturday morning to protest the state of the Italian capital, where garbage is piled high and where public buses catch on fire.",article,nyt://article/2e352def-623d-52f8-a1f8-f821888cbba1,"[{'name': 'Subject', 'value': 'Demonstrations, Protests and Riots', 'rank': 1}, {'name': 'Location', 'value': 'Rome (Italy)', 'rank': 2}, {'name': 'Subject', 'value': 'Waste Materials and Disposal', 'rank': 3}, {'name': 'Person', 'value': 'Raggi, Virginia (1978- )', 'rank': 4}]",Foreign,8.0,A,2018-10-27 16:33:02+00:00,World,"Thousands gathered on Saturday morning to protest the state of the Italian capital, where garbage is piled high and where public buses catch on fire.",The New York Times,Europe,News,nyt://article/2e352def-623d-52f8-a1f8-f821888cbba1,https://www.nytimes.com/2018/10/27/world/europe/virginia-raggi-rome-garbage-rally.html,386,By Emma Johanningsmeier,Italians Protest in Rome About Dismal State of the City,,Italians Protest in Rome  About Dismal State of City,Protesters gathered outside the Italian capital&rsquo;s City Hall on Saturday. &ldquo;Rome says enough!&rdquo; they chanted.,Tony Gentile/Reuters,https://static01.nyt.com/images/2018/10/28/world/28rome-rally/merlin_145915704_01ed0758-7a5b-4d4a-8356-2a4c8f485007-articleLarge.jpg,395,600,https://static01.nyt.com/images/2018/10/28/world/28rome-rally/28rome-rally-thumbStandard.jpg,75,75,Italians Protest in Rome About Dismal State of the City,"Italians Protest in Rome About Dismal State of the City Thousands gathered on Saturday morning to protest the state of the Italian capital, where garbage is piled high and where public buses catch on fire. Thousands gathered on Saturday morning to protest the state of the Italian capital, where garbage is piled high and where public buses catch on fire."
"After days of emotional debate, lawmakers overturned an 1899 law that made abortion a criminal offense. “History has been made,” the premier said.",article,nyt://article/9d7808d5-a195-5737-ae4f-7ef3cc0069e3,"[{'name': 'Subject', 'value': 'Abortion', 'rank': 1}, {'name': 'Subject', 'value': 'Law and Legislation', 'rank': 2}, {'name': 'Subject', 'value': 'Women and Girls', 'rank': 3}, {'name': 'Location', 'value': 'Australia', 'rank': 4}, {'name': 'Location', 'value': 'Queensland (Australia)', 'rank': 5}]",Foreign,6.0,A,2018-10-17 13:43:15+00:00,World,"After days of emotional debate, lawmakers overturned an 1899 law that made abortion a criminal offense. “History has been made,” the premier said.",The New York Times,Australia,News,nyt://article/9d7808d5-a195-5737-ae4f-7ef3cc0069e3,https://www.nytimes.com/2018/10/17/world/australia/queensland-abortion-laws.html,598,By Rick Rojas,Queensland Becomes Latest Australian State to Decriminalize Abortion,,Queensland Votes to End A Law Against Abortion,"A rally in support of proposed changes to Queensland’s abortion laws in Brisbane, Australia, on Sunday.","Glenn Hunt/EPA, via Shutterstock",https://static01.nyt.com/images/2018/10/18/world/18oz-queensland/merlin_145278195_342cee6b-301c-445f-a9f8-04c6fbc81c95-articleLarge.jpg,400,600,https://static01.nyt.com/images/2018/10/18/world/18oz-queensland/18oz-queensland-thumbStandard.jpg,75,75,Queensland Becomes Latest Australian State to Decriminalize Abortion,"Queensland Becomes Latest Australian State to Decriminalize Abortion After days of emotional debate, lawmakers overturned an 1899 law that made abortion a criminal offense. “History has been made,” the premier said. After days of emotional debate, lawmakers overturned an 1899 law that made abortion a criminal offense. “History has been made,” the premier said."
Mai Khoi’s unusual transformation from pop star to activist has drawn attention to escalating repression by the country’s ruling Communist Party.,article,nyt://article/d5949549-7561-5561-952d-5df59921e27e,"[{'name': 'Subject', 'value': 'Music', 'rank': 1}, {'name': 'Person', 'value': 'Mai Khoi', 'rank': 2}, {'name': 'Location', 'value': 'Vietnam', 'rank': 3}, {'name': 'Organization', 'value': 'Communist Party of Vietnam', 'rank': 4}, {'name': 'Subject', 'value': 'Freedom of Speech and Expression', 'rank': 5}]",Foreign,,,2018-10-01 07:53:30+00:00,World,Mai Khoi’s transformation from pop star to activist has drawn attention to escalating repression by the country’s ruling Communist Party.,The New York Times,Asia Pacific,News,nyt://article/d5949549-7561-5561-952d-5df59921e27e,https://www.nytimes.com/2018/10/01/world/asia/vietnam-protest-mai-khoi.html,1191,By Mike Ives,A Protest Singer Finds Her Voice in Vietnam’s Police State,,,"Mai Khoi performing at the Oslo Freedom Forum in Norway in May. Once a conventional pop star, she now challenges Vietnam’s one-party system.",Oslo Freedom Forum,https://static01.nyt.com/images/2018/09/25/world/00vietnam-singer-1/merlin_144290970_33b792b6-baac-4d2f-bdc2-f4ebdb829e88-articleLarge.jpg,400,600,https://static01.nyt.com/images/2018/09/25/world/00vietnam-singer-1/00vietnam-singer-1-thumbStandard.jpg,75,75,A Protest Singer Finds Her Voice in Vietnam’s Police State,A Protest Singer Finds Her Voice in Vietnam’s Police State Mai Khoi’s unusual transformation from pop star to activist has drawn attention to escalating repression by the country’s ruling Communist Party. Mai Khoi’s transformation from pop star to activist has drawn attention to escalating repression by the country’s ruling Communist Party.
The appointment of Marcello Foa has raised alarms and marks a victory of the populist parties over the establishment media that once discounted them.,article,nyt://article/843508be-b385-5df6-a8fa-a9eea968a662,"[{'name': 'Person', 'value': 'Foa, Marcello', 'rank': 1}, {'name': 'Organization', 'value': 'Radiotelevisione Italiana SpA', 'rank': 2}, {'name': 'Subject', 'value': 'News and News Media', 'rank': 3}, {'name': 'Subject', 'value': 'Rumors and Misinformation', 'rank': 4}, {'name': 'Subject', 'value': 'Television', 'rank': 5}, {'name': 'Subject', 'value': 'Politics and Government', 'rank': 6}, {'name': 'Organization', 'value': 'Five Star Movement (Italy)', 'rank': 7}, {'name': 'Organization', 'value': 'League (Italian Political Party)', 'rank': 8}, {'name': 'Person', 'value': 'Salvini, Matteo', 'rank': 9}, {'name': 'Location', 'value': 'Italy', 'rank': 10}, {'name': 'Subject', 'value': 'Appointments and Executive Changes', 'rank': 11}]",Foreign,4.0,A,2018-09-28 07:00:07+00:00,World,The appointment of Marcello Foa has raised alarms and marks a victory of the populist parties over the establishment media that once discounted them.,The New York Times,Europe,News,nyt://article/843508be-b385-5df6-a8fa-a9eea968a662,https://www.nytimes.com/2018/09/28/world/europe/italy-journalist-rai.html,1529,By Jason Horowitz,Journalist Who Spread Conspiracy Theories Will Oversee Italy’s State TV,,Conspiracist Takes Over Italy’s State TV,The appointment of Marcello Foa as chairman of Italy’s state broadcaster RAI marks a victory of the populist parties over the establishment press that once discounted them.,"Massimo Percossi/EPA, via Shutterstock",https://static01.nyt.com/images/2018/09/28/world/28italy-1-print/merlin_141940272_61c82a9d-e825-47fa-9575-afc729ae3cd7-articleLarge.jpg,400,600,https://static01.nyt.com/images/2018/09/28/world/28italy-1-print/28italy-thumbStandard.jpg,75,75,Journalist Who Spread Conspiracy Theories Will Oversee Italy’s State TV,Journalist Who Spread Conspiracy Theories Will Oversee Italy’s State TV The appointment of Marcello Foa has raised alarms and marks a victory of the populist parties over the establishment media that once discounted them. The appointment of Marcello Foa has raised alarms and marks a victory of the populist parties over the establishment media that once discounted them.
"President Hassan Rouhani said that a Persian Gulf country allied with the United States was behind the strike against a military parade, that killed 25 people and wounded nearly 70 others.",article,nyt://article/bf2da227-df5f-5659-92b3-595763598fb8,"[{'name': 'Subject', 'value': 'Politics and Government', 'rank': 1}, {'name': 'Location', 'value': 'Iran', 'rank': 2}, {'name': 'Location', 'value': 'Ahvaz (Iran)', 'rank': 3}, {'name': 'Subject', 'value': 'Defense and Military Forces', 'rank': 4}, {'name': 'Subject', 'value': 'Terrorism', 'rank': 5}, {'name': 'Subject', 'value': 'United States International Relations', 'rank': 6}, {'name': 'Subject', 'value': 'Parades', 'rank': 7}, {'name': 'Person', 'value': 'Rouhani, Hassan', 'rank': 8}, {'name': 'Location', 'value': 'Bahrain', 'rank': 9}, {'name': 'Location', 'value': 'Saudi Arabia', 'rank': 10}, {'name': 'Location', 'value': 'United Arab Emirates', 'rank': 11}, {'name': 'Subject', 'value': 'International Relations', 'rank': 12}, {'name': 'Location', 'value': 'Great Britain', 'rank': 13}, {'name': 'Location', 'value': 'Denmark', 'rank': 14}, {'name': 'Location', 'value': 'Netherlands', 'rank': 15}]",Foreign,8.0,A,2018-09-23 14:51:04+00:00,World,"President Hassan Rouhani said that a Persian Gulf country allied with the United States was behind the strike against a military parade, that killed 25 people and wounded nearly 70 others.",The New York Times,Middle East,News,nyt://article/bf2da227-df5f-5659-92b3-595763598fb8,https://www.nytimes.com/2018/09/23/world/middleeast/iran-attack-rouhani.html,652,By The Associated Press,"Iran’s President Condemns Gulf State, and U.S., After Deadly Attack",,Iran’s Leader Links U.S. To Deadly Parade Attack,"The aftermath of the attack at a military parade in Ahvaz, Iran, on Saturday that left dozens dead.",Morteza Jaberian/Agence France-Presse — Getty Images,https://static01.nyt.com/images/2018/09/24/world/24Iran1/merlin_144127245_efc7bfe7-f84d-4571-be23-975b12c23979-articleLarge.jpg,365,600,https://static01.nyt.com/images/2018/09/24/world/24Iran1/24Iran1-thumbStandard.jpg,75,75,"Iran’s President Condemns Gulf State, and U.S., After Deadly Attack","Iran’s President Condemns Gulf State, and U.S., After Deadly Attack President Hassan Rouhani said that a Persian Gulf country allied with the United States was behind the strike against a military parade, that killed 25 people and wounded nearly 70 others. President Hassan Rouhani said that a Persian Gulf country allied with the United States was behind the strike against a military parade, that killed 25 people and wounded nearly 70 others."
"Global and local leaders gathered in his native Ghana for an elaborate celebration of Mr. Annan, the first black African to ever lead the United Nations.",article,nyt://article/bfc08d4b-3e28-5267-bfbd-a121541cc215,"[{'name': 'Organization', 'value': 'United Nations', 'rank': 1}, {'name': 'Subject', 'value': 'Funerals and Memorials', 'rank': 2}, {'name': 'Person', 'value': 'Annan, Kofi', 'rank': 3}, {'name': 'Location', 'value': 'Ghana', 'rank': 4}]",Foreign,,,2018-09-13 18:51:02+00:00,World,"Global and local leaders gathered in his native Ghana for an elaborate celebration of Mr. Annan, the first black African to ever lead the United Nations.",The New York Times,Africa,News,nyt://article/bfc08d4b-3e28-5267-bfbd-a121541cc215,https://www.nytimes.com/2018/09/13/world/africa/kofi-annan-funeral.html,494,By Eugenia A. Tenkorang and Megan Specia,"Kofi Annan, Former U.N. Chief, Is Honored in State Funeral",,,Family members at the funeral services.,Ruth Mcdowall/Agence France-Presse — Getty Images,https://static01.nyt.com/images/2018/09/14/world/14annan-9/merlin_143679831_e42cd403-b6bc-4c1c-a2fd-449bb19735ae-articleLarge.jpg,400,600,https://static01.nyt.com/images/2018/09/14/world/14annan-9/merlin_143679831_e42cd403-b6bc-4c1c-a2fd-449bb19735ae-thumbStandard.jpg,75,75,"Kofi Annan, Former U.N. Chief, Is Honored in State Funeral","Kofi Annan, Former U.N. Chief, Is Honored in State Funeral Global and local leaders gathered in his native Ghana for an elaborate celebration of Mr. Annan, the first black African to ever lead the United Nations. Global and local leaders gathered in his native Ghana for an elaborate celebration of Mr. Annan, the first black African to ever lead the United Nations."
"In recent days, China’s English-language state media outlets have grown more strident in their mockery of the president and his policies.",article,nyt://article/fb343ba0-5844-5708-ac10-1ef0c1bb9af5,"[{'name': 'Subject', 'value': 'United States International Relations', 'rank': 1}, {'name': 'Organization', 'value': 'China Daily', 'rank': 2}, {'name': 'Person', 'value': 'Trump, Donald J', 'rank': 3}, {'name': 'Person', 'value': 'Clinton, Hillary Rodham', 'rank': 4}, {'name': 'Location', 'value': 'China', 'rank': 5}, {'name': 'Location', 'value': 'United States', 'rank': 6}]",Foreign,,,2018-08-31 07:35:05+00:00,World,"In recent days, China’s English-language state media outlets have grown more strident in their mockery of the president and his policies.",The New York Times,Asia Pacific,News,nyt://article/fb343ba0-5844-5708-ac10-1ef0c1bb9af5,https://www.nytimes.com/2018/08/31/world/asia/china-donald-trump-alternative-universe.html,489,By Austin Ramzy,China’s State Media: Trump Tweets Come From an ‘Alternative Universe’,,,"Until recently, Chinese state media had been reticent about personally criticizing President Trump.",Doug Mills/The New York Times,https://static01.nyt.com/images/2018/09/01/world/01china-trump-1/merlin_143032221_d14e700b-9ef0-49cf-96e4-ccbe67fdfc9d-articleLarge.jpg,400,600,https://static01.nyt.com/images/2018/09/01/world/01china-trump-1/01china-trump-1-thumbStandard.jpg,75,75,China’s State Media: Trump Tweets Come From an ‘Alternative Universe’,"China’s State Media: Trump Tweets Come From an ‘Alternative Universe’ In recent days, China’s English-language state media outlets have grown more strident in their mockery of the president and his policies. In recent days, China’s English-language state media outlets have grown more strident in their mockery of the president and his policies."
Belligerent articles alleged “extremely provocative and dangerous” American military moves after the United States canceled a trip by Secretary of State Mike Pompeo.,article,nyt://article/4690e64d-90cb-5704-aebb-216e71a166b7,"[{'name': 'Location', 'value': 'North Korea', 'rank': 1}, {'name': 'Subject', 'value': 'United States International Relations', 'rank': 2}, {'name': 'Subject', 'value': 'Nuclear Weapons', 'rank': 3}, {'name': 'Subject', 'value': 'United States Defense and Military Forces', 'rank': 4}, {'name': 'Subject', 'value': 'Arms Control and Limitation and Disarmament', 'rank': 5}, {'name': 'Subject', 'value': 'Embargoes and Sanctions', 'rank': 6}, {'name': 'Subject', 'value': 'United States Politics and Government', 'rank': 7}, {'name': 'Person', 'value': 'Trump, Donald J', 'rank': 8}, {'name': 'Person', 'value': 'Pompeo, Mike', 'rank': 9}, {'name': 'Person', 'value': 'Kim Jong-un', 'rank': 10}]",Washington,6.0,A,2018-08-27 20:45:06+00:00,World,Belligerent articles alleged “extremely provocative and dangerous” American military moves after the United States canceled a trip by Secretary of State Mike Pompeo.,The New York Times,Asia Pacific,News,nyt://article/4690e64d-90cb-5704-aebb-216e71a166b7,https://www.nytimes.com/2018/08/27/world/asia/north-korea-united-states-diplomacy-stalls-.html,730,By Edward Wong,North Korean State Media Denounce U.S. as Diplomacy Stalls,,"Trump and Kim Clash, via Tweets and the State Media","North Korean soldiers in the Demilitarized Zone last week. Over the weekend, North Korean state media warned that the diplomacy forged between the North’s leader and President Trump was in jeopardy.",Carl Court/Getty Images,https://static01.nyt.com/images/2018/08/28/us/politics/28dc-diplo-print/merlin_142864080_a61c4122-b4bd-4701-9267-8d65510bfd73-articleLarge.jpg,400,600,https://static01.nyt.com/images/2018/08/28/us/politics/28dc-diplo-print/28dc-diplo-thumbStandard.jpg,75,75,North Korean State Media Denounce U.S. as Diplomacy Stalls,North Korean State Media Denounce U.S. as Diplomacy Stalls Belligerent articles alleged “extremely provocative and dangerous” American military moves after the United States canceled a trip by Secretary of State Mike Pompeo. Belligerent articles alleged “extremely provocative and dangerous” American military moves after the United States canceled a trip by Secretary of State Mike Pompeo.
"A video takes direct aim at President Trump, portraying him as a bumbling leader who is indirectly advancing China’s interests.",article,nyt://article/e2b3aa9d-a0e1-5593-91da-295fac6359dd,"[{'name': 'Location', 'value': 'China', 'rank': 1}, {'name': 'Person', 'value': 'Trump, Donald J', 'rank': 2}, {'name': 'Subject', 'value': 'United States International Relations', 'rank': 3}, {'name': 'Subject', 'value': 'Customs (Tariff)', 'rank': 4}, {'name': 'Subject', 'value': 'International Trade and World Market', 'rank': 5}, {'name': 'Subject', 'value': 'Video Recordings, Downloads and Streaming', 'rank': 6}, {'name': 'Subject', 'value': 'News and News Media', 'rank': 7}]",Foreign,6.0,A,2018-08-22 12:36:18+00:00,World,"A video takes direct aim at President Trump, portraying him as a bumbling leader who is indirectly advancing China’s interests.",The New York Times,Asia Pacific,News,nyt://article/e2b3aa9d-a0e1-5593-91da-295fac6359dd,https://www.nytimes.com/2018/08/22/world/asia/china-trump-trade-satire.html,492,By Javier C. Hernández,Chinese State TV Mocks Trump in Sarcastic Video,,"China Video Says Thanks  To Trump,  Sarcastically","President Trump has described tariffs as necessary to reduce the United States’ trade deficit with China. A video by an English-language affiliate of China’s state broadcaster, though, portrayed him as a bumbler indirectly advancing China’s interests.",Al Drago for The New York Times,https://static01.nyt.com/images/2018/08/23/world/23china-trump/merlin_142628970_188c676e-0434-4164-9516-b4fd63f51c63-articleLarge.jpg,400,600,https://static01.nyt.com/images/2018/08/23/world/23china-trump/23china-trump-thumbStandard.jpg,75,75,Chinese State TV Mocks Trump in Sarcastic Video,"Chinese State TV Mocks Trump in Sarcastic Video A video takes direct aim at President Trump, portraying him as a bumbling leader who is indirectly advancing China’s interests. A video takes direct aim at President Trump, portraying him as a bumbling leader who is indirectly advancing China’s interests."
"The floods have left at least 324 people dead, and hundreds of thousands more have been made homeless.",article,nyt://article/474cf985-a0f5-5356-9dca-26b9f2fb2150,"[{'name': 'Subject', 'value': 'Floods', 'rank': 1}, {'name': 'Location', 'value': 'Kerala (India)', 'rank': 2}, {'name': 'Subject', 'value': 'Rain', 'rank': 3}, {'name': 'Subject', 'value': 'Landslides and Mudslides', 'rank': 4}, {'name': 'Subject', 'value': 'Rescues', 'rank': 5}, {'name': 'Subject', 'value': 'Refugees and Displaced Persons', 'rank': 6}, {'name': 'Subject', 'value': 'Deaths (Fatalities)', 'rank': 7}, {'name': 'Location', 'value': 'India', 'rank': 8}]",Foreign,8.0,A,2018-08-17 11:15:00+00:00,World,"Torrential rains left at least 324 people dead, and hundreds of thousands more have been made homeless.",The New York Times,Asia Pacific,News,nyt://article/474cf985-a0f5-5356-9dca-26b9f2fb2150,https://www.nytimes.com/2018/08/17/world/asia/kerala-india-floods.html,362,By Maria Abi-Habib,Kerala Flooding: Hundreds Killed in Indian State’s Worst Rains Since 1920s,,Hundreds Die as Floods Slam Indian Tourist State,Flood waters inundated homes across Kerala in southern India.,Sivaram V/Reuters,https://static01.nyt.com/images/2018/08/18/world/18india-floods-7/18india-floods-7-articleLarge.jpg,400,600,https://static01.nyt.com/images/2018/08/18/world/18india-floods-7/18india-floods-7-thumbStandard.jpg,75,75,Kerala Flooding: Hundreds Killed in Indian State’s Worst Rains Since 1920s,"Kerala Flooding: Hundreds Killed in Indian State’s Worst Rains Since 1920s The floods have left at least 324 people dead, and hundreds of thousands more have been made homeless. Torrential rains left at least 324 people dead, and hundreds of thousands more have been made homeless."
Critics say that by giving a special status to Jews — and downgrading the status of the Arabic language — the legislation diminishes non-Jewish citizens.,article,nyt://article/cd535fc6-368d-59dd-b89e-eb0380a1b617,"[{'name': 'Location', 'value': 'Israel', 'rank': 1}, {'name': 'Subject', 'value': 'Politics and Government', 'rank': 2}, {'name': 'Subject', 'value': 'Constitutions', 'rank': 3}, {'name': 'Subject', 'value': 'Jews and Judaism', 'rank': 4}, {'name': 'Subject', 'value': 'Palestinians', 'rank': 5}, {'name': 'Subject', 'value': 'Legislatures and Parliaments', 'rank': 6}, {'name': 'Subject', 'value': 'Law and Legislation', 'rank': 7}, {'name': 'Subject', 'value': 'Democracy (Theory and Philosophy)', 'rank': 8}]",Foreign,1.0,A,2018-07-19 08:36:08+00:00,World,Critics say that by giving a special status to Jews — and downgrading the status of the Arabic language — the legislation diminishes non-Jewish citizens.,The New York Times,Middle East,News,nyt://article/cd535fc6-368d-59dd-b89e-eb0380a1b617,https://www.nytimes.com/2018/07/19/world/middleeast/israel-law-jews-arabic.html,1616,By David M. Halbfinger and Isabel Kershner,Israeli Law Declares the Country the ‘Nation-State of the Jewish People’,,Israel Enshrines Rights For Jews,"A protest in Tel Aviv this month against the new law, which has been advanced as flagship legislation of the most right-wing and religious governing coalition in Israel’s 70-year history.","Abir Sultan/European Pressphoto Agency, via Shutterstock",https://static01.nyt.com/images/2018/07/20/world/20Israel/merlin_141275346_23e3ff30-a4a0-4023-ac1d-1eae1a2dfe0e-articleLarge.jpg,400,600,https://static01.nyt.com/images/2018/07/20/world/20Israel/20Israel-thumbStandard.jpg,75,75,Israeli Law Declares the Country the ‘Nation-State of the Jewish People’,Israeli Law Declares the Country the ‘Nation-State of the Jewish People’ Critics say that by giving a special status to Jews — and downgrading the status of the Arabic language — the legislation diminishes non-Jewish citizens. Critics say that by giving a special status to Jews — and downgrading the status of the Arabic language — the legislation diminishes non-Jewish citizens.
"Affirming a breakthrough peace deal, a plane flew from Ethiopia to Eritrea, carrying politicians, artists, journalists and potential investors.",article,nyt://article/e75b3d4b-bc9a-5c0b-9d36-ba58c07bc8e6,"[{'name': 'Subject', 'value': 'Politics and Government', 'rank': 1}, {'name': 'Subject', 'value': 'Airlines and Airplanes', 'rank': 2}, {'name': 'Organization', 'value': 'Ethiopian Airlines', 'rank': 3}, {'name': 'Person', 'value': 'Afwerki, Isaias', 'rank': 4}, {'name': 'Person', 'value': 'Ahmed, Abiy', 'rank': 5}, {'name': 'Location', 'value': 'Eritrea', 'rank': 6}, {'name': 'Location', 'value': 'Ethiopia', 'rank': 7}, {'name': 'Location', 'value': 'Horn of Africa', 'rank': 8}]",Foreign,5.0,A,2018-07-18 13:46:34+00:00,World,"Affirming a breakthrough peace deal, a plane flew between the two countries’ capitals, carrying politicians, artists, journalists and potential investors.",The New York Times,Africa,News,nyt://article/e75b3d4b-bc9a-5c0b-9d36-ba58c07bc8e6,https://www.nytimes.com/2018/07/18/world/africa/ethiopia-eritrea-flight.html,666,By Alan Cowell,"After 20-Year ‘State of War,’ a Flight With Champagne and Roses",,Flight Affirms Deal for Eritrea and Ethiopia,"Passengers pose on an Ethiopian Airlines flight from Addis Ababa, the Ethiopian capital, to Asmara, Eritrea’s capital, on Wednesday. The chief executive of the airline called the flight a “unique event.”",Maheder Haileselassie Tadese/Agence France-Presse — Getty Images,https://static01.nyt.com/images/2018/07/19/world/19ethiopia/merlin_141431895_8be90ff0-fb9b-4c62-bfd6-27da1e93d039-articleLarge.jpg,400,600,https://static01.nyt.com/images/2018/07/19/world/19ethiopia/merlin_141431895_8be90ff0-fb9b-4c62-bfd6-27da1e93d039-thumbStandard.jpg,75,75,"After 20-Year ‘State of War,’ a Flight With Champagne and Roses","After 20-Year ‘State of War,’ a Flight With Champagne and Roses Affirming a breakthrough peace deal, a plane flew from Ethiopia to Eritrea, carrying politicians, artists, journalists and potential investors. Affirming a breakthrough peace deal, a plane flew between the two countries’ capitals, carrying politicians, artists, journalists and potential investors."
"Hudhayfah al-Badri, a son of Abu Bakr al-Baghdadi, was killed in the central Syrian province of Homs, the Islamic State’s news agency announced.",article,nyt://article/323c3339-fcf0-5127-955b-cb53a5b6131b,"[{'name': 'Person', 'value': 'Baghdadi, Abu Bakr al-', 'rank': 1}, {'name': 'Subject', 'value': 'Terrorism', 'rank': 2}, {'name': 'Organization', 'value': 'Islamic State in Iraq and Syria (ISIS)', 'rank': 3}, {'name': 'Location', 'value': 'Syria', 'rank': 4}, {'name': 'Location', 'value': 'Iraq', 'rank': 5}, {'name': 'Location', 'value': 'Homs (Syria)', 'rank': 6}]",Foreign,,,2018-07-04 00:25:12+00:00,World,"Hudhayfah al-Badri, a son of Abu Bakr al-Baghdadi, was killed in the central Syrian province of Homs, the Islamic State’s news agency announced.",The New York Times,Middle East,News,nyt://article/323c3339-fcf0-5127-955b-cb53a5b6131b,https://www.nytimes.com/2018/07/03/world/middleeast/syria-islamic-state-baghdadi-leader-son.html,334,By Agence France-Presse,Islamic State Says Its Leader’s Son Was Killed in Syria,,,"The leader of the Islamic State, Abu Bakr al-Baghdadi. Hudhayfah al-Badri, Mr. Baghdadi’s son, was killed in Syria, the group said.","Militant video, via Associated Press",https://static01.nyt.com/images/2018/07/04/world/04isis1/04isis1-articleLarge.jpg,400,600,https://static01.nyt.com/images/2018/07/04/world/04isis1/04isis1-thumbStandard.jpg,75,75,Islamic State Says Its Leader’s Son Was Killed in Syria,"Islamic State Says Its Leader’s Son Was Killed in Syria Hudhayfah al-Badri, a son of Abu Bakr al-Baghdadi, was killed in the central Syrian province of Homs, the Islamic State’s news agency announced. Hudhayfah al-Badri, a son of Abu Bakr al-Baghdadi, was killed in the central Syrian province of Homs, the Islamic State’s news agency announced."
"The military said fighter jets had destroyed three houses just across the border, killing high-profile targets such as the group’s so-called deputy war minister.",article,nyt://article/af02ba00-68ec-5482-9f52-dc1aea690bba,"[{'name': 'Subject', 'value': 'Terrorism', 'rank': 1}, {'name': 'Subject', 'value': 'Defense and Military Forces', 'rank': 2}, {'name': 'Organization', 'value': 'Islamic State in Iraq and Syria (ISIS)', 'rank': 3}, {'name': 'Location', 'value': 'Iraq', 'rank': 4}, {'name': 'Location', 'value': 'Syria', 'rank': 5}]",Foreign,,,2018-06-23 14:43:46+00:00,World,"The military said fighter jets had destroyed three houses just across the border, killing high-profile targets such as the group’s so-called deputy war minister.",The New York Times,Middle East,News,nyt://article/af02ba00-68ec-5482-9f52-dc1aea690bba,https://www.nytimes.com/2018/06/23/world/middleeast/iraq-syria-isis.html,312,By Reuters,Iraq Says It Bombed a Meeting of Islamic State Leaders in Syria,,,"Prime Minister Haider al-Abadi of Iraq declared victory over the Islamic State in December, but the militants still operate along the border with Syria and have continued to carry out ambushes, assassinations and bombings across Iraq.",Alaa Al-Marjani/Reuters,https://static01.nyt.com/images/2018/06/24/world/24Iraq-syria/merlin_135788202_68ab5f35-4efb-44ab-abec-e67cef530709-articleLarge.jpg,400,600,https://static01.nyt.com/images/2018/06/24/world/24Iraq-syria/24Iraq-syria-thumbStandard.jpg,75,75,Iraq Says It Bombed a Meeting of Islamic State Leaders in Syria,"Iraq Says It Bombed a Meeting of Islamic State Leaders in Syria The military said fighter jets had destroyed three houses just across the border, killing high-profile targets such as the group’s so-called deputy war minister. The military said fighter jets had destroyed three houses just across the border, killing high-profile targets such as the group’s so-called deputy war minister."
It may not have been the most opportune time for the State Department to offer family travel tips. The responses spoke volumes.,article,nyt://article/48ba8773-dc66-5f77-8bb5-8ba72ad10c4a,"[{'name': 'Subject', 'value': 'Immigration and Emigration', 'rank': 1}, {'name': 'Subject', 'value': 'Families and Family Life', 'rank': 2}, {'name': 'Subject', 'value': 'Children and Childhood', 'rank': 3}, {'name': 'Organization', 'value': 'State Department', 'rank': 4}, {'name': 'Subject', 'value': 'Passports', 'rank': 5}, {'name': 'Subject', 'value': 'Travel and Vacations', 'rank': 6}, {'name': 'Subject', 'value': 'Family Separation Policy (US Immigration)', 'rank': 7}]",Foreign,,,2018-06-19 18:04:44+00:00,World,It may not have been the most opportune time for the State Department to offer family travel tips. The responses spoke volumes.,The New York Times,Americas,News,nyt://article/48ba8773-dc66-5f77-8bb5-8ba72ad10c4a,https://www.nytimes.com/2018/06/19/world/americas/us-traveling-children-border.html,339,By Satoshi Sugiyama,"Amid Border Controversy, State Department Draws Fire for Facebook Travel Tips",,,"U.S. Border Patrol agents talking to a group of Central American asylum seekers before taking them into custody near McAllen, Texas, last week.",John Moore/Getty Images,https://static01.nyt.com/images/2018/06/20/world/20familytravel/merlin_139608006_2c56dfc1-f09e-419f-ac93-cc64fce9a32c-articleLarge.jpg,400,600,https://static01.nyt.com/images/2018/06/20/world/20familytravel/20familytravel-thumbStandard.jpg,75,75,"Amid Border Controversy, State Department Draws Fire for Facebook Travel Tips","Amid Border Controversy, State Department Draws Fire for Facebook Travel Tips It may not have been the most opportune time for the State Department to offer family travel tips. The responses spoke volumes. It may not have been the most opportune time for the State Department to offer family travel tips. The responses spoke volumes."
Will Nguyen of Houston was grabbed and beaten by the police this month at an anti-China protest in Ho Chi Minh City.,article,nyt://article/3a8a94af-92ed-52b3-99f9-4b2cf3d615c6,"[{'name': 'Person', 'value': 'Nguyen, William (1985- )', 'rank': 1}, {'name': 'Subject', 'value': 'Political Prisoners', 'rank': 2}, {'name': 'Location', 'value': 'Vietnam', 'rank': 3}, {'name': 'Subject', 'value': 'Demonstrations, Protests and Riots', 'rank': 4}, {'name': 'Location', 'value': 'China', 'rank': 5}, {'name': 'Location', 'value': 'Ho Chi Minh City (Vietnam)', 'rank': 6}, {'name': 'Subject', 'value': 'United States International Relations', 'rank': 7}, {'name': 'Subject', 'value': 'Apologies', 'rank': 8}]",Foreign,7.0,A,2018-06-19 11:22:19+00:00,World,Will Nguyen of Houston was grabbed and beaten by the police this month at an anti-China protest in Ho Chi Minh City.,The New York Times,Asia Pacific,News,nyt://article/3a8a94af-92ed-52b3-99f9-4b2cf3d615c6,https://www.nytimes.com/2018/06/19/world/asia/vietnam-will-nguyen-confession.html,612,By Richard C. Paddock,U.S. Protester Held in Vietnam Confesses on State Television,,American Held in Vietnam Apologizes,,,https://static01.nyt.com/images/2018/06/20/world/asia/20vietnam-promo/20vietnam-promo-articleLarge.jpg,400,600,https://static01.nyt.com/images/2018/06/20/world/asia/20vietnam-promo/20vietnam-promo-thumbStandard.jpg,75,75,U.S. Protester Held in Vietnam Confesses on State Television,U.S. Protester Held in Vietnam Confesses on State Television Will Nguyen of Houston was grabbed and beaten by the police this month at an anti-China protest in Ho Chi Minh City. Will Nguyen of Houston was grabbed and beaten by the police this month at an anti-China protest in Ho Chi Minh City.
"The governing party has worked for more than a year to reshape a judicial system that has aggressively indicted ministers, senators and others. It warns of a “deep state” that could target anyone.",article,nyt://article/06ae3c58-ee55-5caf-9706-7dac5d98cb85,"[{'name': 'Location', 'value': 'Romania', 'rank': 1}, {'name': 'Subject', 'value': 'Politics and Government', 'rank': 2}, {'name': 'Subject', 'value': 'Corruption (Institutional)', 'rank': 3}, {'name': 'Organization', 'value': 'European Union', 'rank': 4}, {'name': 'Organization', 'value': 'National Anticorruption Directorate (Romania)', 'rank': 5}, {'name': 'Person', 'value': 'Dragnea, Liviu', 'rank': 6}, {'name': 'Person', 'value': 'Iohannis, Klaus W', 'rank': 7}, {'name': 'Person', 'value': 'Kovesi, Laura Codruta', 'rank': 8}, {'name': 'Person', 'value': 'Mueller, Robert S III', 'rank': 9}, {'name': 'Subject', 'value': 'Rumors and Misinformation', 'rank': 10}]",Foreign,6.0,A,2018-06-17 14:45:33+00:00,World,"The governing party has worked for more than a year to reshape a judicial system that has aggressively indicted ministers, senators and others. It warns of a “deep state” that could target anyone.",The New York Times,Europe,News,nyt://article/06ae3c58-ee55-5caf-9706-7dac5d98cb85,https://www.nytimes.com/2018/06/17/world/europe/romania-corruption-prosecutors.html,1450,By Marc Santora and Kit Gillet,"Claiming ‘Parallel State’ Cabal, Romania’s Leaders Target Anti-Corruption Prosecutor",,Romania’s Governing Party Moves to Unseat Anti-Corruption Prosecutor,"Supporters of the ruling Social Democratic Party at a rally outside the government headquarters in Bucharest, Romania, on June 9, to protest abuses they blamed on anti-corruption prosecutors.",Vadim Ghirda/Associated Press,https://static01.nyt.com/images/2018/06/18/world/16romania1/merlin_139323447_a7d67365-414b-45f5-b108-08fb1832d84b-articleLarge.jpg,420,600,https://static01.nyt.com/images/2018/06/18/world/16romania1/16romania1-thumbStandard.jpg,75,75,"Claiming ‘Parallel State’ Cabal, Romania’s Leaders Target Anti-Corruption Prosecutor","Claiming ‘Parallel State’ Cabal, Romania’s Leaders Target Anti-Corruption Prosecutor The governing party has worked for more than a year to reshape a judicial system that has aggressively indicted ministers, senators and others. It warns of a “deep state” that could target anyone. The governing party has worked for more than a year to reshape a judicial system that has aggressively indicted ministers, senators and others. It warns of a “deep state” that could target anyone."
"After the government agreed to subsidize fuel costs to end a truckers’ strike, the head of Petrobras quit, signaling disagreement with the decision.",article,nyt://article/08d1e288-5741-5f45-9b5f-8a76243c81cf,"[{'name': 'Location', 'value': 'Brazil', 'rank': 1}, {'name': 'Organization', 'value': 'Petroleo Brasileiro SA Petrobras', 'rank': 2}, {'name': 'Person', 'value': 'Parente, Pedro', 'rank': 3}, {'name': 'Subject', 'value': 'Oil (Petroleum) and Gasoline', 'rank': 4}, {'name': 'Subject', 'value': 'Corruption (Institutional)', 'rank': 5}, {'name': 'Person', 'value': 'Temer, Michel (1940- )', 'rank': 6}]",Foreign,,,2018-06-01 22:52:13+00:00,World,"After the government agreed to subsidize fuel costs to end a truckers’ strike, the head of Petrobras quit, signaling disagreement with the decision.",The New York Times,Americas,News,nyt://article/08d1e288-5741-5f45-9b5f-8a76243c81cf,https://www.nytimes.com/2018/06/01/world/americas/brazil-petrobras-oil.html,636,By Ernesto Londoño and Manuela Andreoni,Head of Brazil’s State Oil Company Resigns Amid Period of Unrest,,,"Pedro Parente, the chief executive of Brazil’s state oil company, Petrobras, resigned on Friday.",Carl De Souza/Agence France-Presse — Getty Images,https://static01.nyt.com/images/2018/06/02/business/02brazil1/merlin_138959877_6378655e-15d3-4a3d-8c73-d7ba1d019758-articleLarge.jpg,388,600,https://static01.nyt.com/images/2018/06/02/business/02brazil1/02brazil1-thumbStandard.jpg,75,75,Head of Brazil’s State Oil Company Resigns Amid Period of Unrest,"Head of Brazil’s State Oil Company Resigns Amid Period of Unrest After the government agreed to subsidize fuel costs to end a truckers’ strike, the head of Petrobras quit, signaling disagreement with the decision. After the government agreed to subsidize fuel costs to end a truckers’ strike, the head of Petrobras quit, signaling disagreement with the decision."
Secretary of State Mike Pompeo arrived at the department’s headquarters and promised a new horizon for a dispirited diplomatic corps.,article,nyt://article/2781c5cd-5f99-5a87-86f6-ce2732d5f276,"[{'name': 'Subject', 'value': 'United States International Relations', 'rank': 1}, {'name': 'Subject', 'value': 'United States Politics and Government', 'rank': 2}, {'name': 'Subject', 'value': 'Diplomatic Service, Embassies and Consulates', 'rank': 3}, {'name': 'Organization', 'value': 'State Department', 'rank': 4}, {'name': 'Person', 'value': 'Pompeo, Mike', 'rank': 5}, {'name': 'Person', 'value': 'Trump, Donald J', 'rank': 6}, {'name': 'Person', 'value': 'Tillerson, Rex W', 'rank': 7}]",Washington,14.0,A,2018-05-02 00:01:02+00:00,World,Secretary of State Mike Pompeo arrived at the department’s headquarters and promised a new horizon for a dispirited diplomatic corps.,The New York Times,Americas,News,nyt://article/2781c5cd-5f99-5a87-86f6-ce2732d5f276,https://www.nytimes.com/2018/05/01/world/americas/pompeo-swagger-state-department.html,702,By Gardiner Harris,Pompeo Promises to Return ‘Swagger’ to the State Department,,Demoralized Diplomats Told They’ll Regain ‘Swagger’,"Secretary of State Mike Pompeo, center, spoke Tuesday to American diplomats and staff at the State Department’s headquarters in Washington.",Tom Brenner/The New York Times,https://static01.nyt.com/images/2018/05/02/us/politics/02dc-pompeo/02dc-pompeo-articleLarge.jpg,400,600,https://static01.nyt.com/images/2018/05/02/us/politics/02dc-pompeo/02dc-pompeo-thumbStandard.jpg,75,75,Pompeo Promises to Return ‘Swagger’ to the State Department,Pompeo Promises to Return ‘Swagger’ to the State Department Secretary of State Mike Pompeo arrived at the department’s headquarters and promised a new horizon for a dispirited diplomatic corps. Secretary of State Mike Pompeo arrived at the department’s headquarters and promised a new horizon for a dispirited diplomatic corps.
"El Shafee Elsheikh and Alexanda Kotey, who are being detained in Syria, denounced a reported decision by Britain to strip them of citizenship.",article,nyt://article/9b639171-0685-5860-9c6f-4eb882f3398d,"[{'name': 'Subject', 'value': 'Terrorism', 'rank': 1}, {'name': 'Person', 'value': 'Kotey, Alexanda', 'rank': 2}, {'name': 'Person', 'value': 'Elsheikh, El Shafee', 'rank': 3}, {'name': 'Organization', 'value': 'Islamic State in Iraq and Syria (ISIS)', 'rank': 4}, {'name': 'Location', 'value': 'Kobani (Syria)', 'rank': 5}, {'name': 'Location', 'value': 'Great Britain', 'rank': 6}, {'name': 'Subject', 'value': 'International Relations', 'rank': 7}]",Foreign,8.0,A,2018-03-31 09:11:07+00:00,World,"El Shafee Elsheikh and Alexanda Kotey, who are being detained in Syria, denounced a reported decision by Britain to strip them of citizenship.",The New York Times,Middle East,News,nyt://article/9b639171-0685-5860-9c6f-4eb882f3398d,https://www.nytimes.com/2018/03/31/world/middleeast/britain-isis-beatles-syria.html,1009,By The Associated Press,Britons Accused of Being Islamic State ‘Beatles’ Call Beheadings ‘Regrettable’,,Britons Tied To ISIS Call Beheadings A ‘Mistake’,,,https://static01.nyt.com/images/2018/02/10/world/middleeast/beatles-2/beatles-2-articleLarge.jpg,338,600,https://static01.nyt.com/images/2018/02/10/world/middleeast/beatles-2/beatles-2-thumbStandard.jpg,75,75,Britons Accused of Being Islamic State ‘Beatles’ Call Beheadings ‘Regrettable’,"Britons Accused of Being Islamic State ‘Beatles’ Call Beheadings ‘Regrettable’ El Shafee Elsheikh and Alexanda Kotey, who are being detained in Syria, denounced a reported decision by Britain to strip them of citizenship. El Shafee Elsheikh and Alexanda Kotey, who are being detained in Syria, denounced a reported decision by Britain to strip them of citizenship."
The move came as two members of the United States-led coalition fighting in Syria were killed and five others were wounded by a bomb in a late-night attack.,article,nyt://article/09f268bb-806b-56f2-99c9-48faed338af0,"[{'name': 'Location', 'value': 'Syria', 'rank': 1}, {'name': 'Person', 'value': 'Trump, Donald J', 'rank': 2}, {'name': 'Subject', 'value': 'United States International Relations', 'rank': 3}, {'name': 'Organization', 'value': 'State Department', 'rank': 4}, {'name': 'Subject', 'value': 'Foreign Aid', 'rank': 5}, {'name': 'Subject', 'value': 'Humanitarian Aid', 'rank': 6}, {'name': 'Subject', 'value': 'United States Defense and Military Forces', 'rank': 7}, {'name': 'Subject', 'value': 'Bombs and Explosives', 'rank': 8}, {'name': 'Subject', 'value': 'Deaths (Fatalities)', 'rank': 9}, {'name': 'Subject', 'value': 'Kurds', 'rank': 10}, {'name': 'Organization', 'value': 'United States Central Command', 'rank': 11}, {'name': 'Organization', 'value': 'Islamic State in Iraq and Syria (ISIS)', 'rank': 12}, {'name': 'Subject', 'value': 'United States Politics and Government', 'rank': 13}]",Washington,5.0,A,2018-03-30 10:40:07+00:00,World,The move came as two members of the United States-led coalition fighting in Syria were killed and five others were wounded by a bomb in a late-night attack.,The New York Times,Middle East,News,nyt://article/09f268bb-806b-56f2-99c9-48faed338af0,https://www.nytimes.com/2018/03/30/world/middleeast/syria-us-coalition-deaths.html,967,"By Eric Schmitt, Helene Cooper and Alissa J. Rubin",Trump Orders State Dept. to Suspend Funds for Syria Recovery,,Trump Orders Freeze on Syria Financing,"American forces stationed at an outpost north of Manbij, Syria. Coalition forces have been deployed to Syria to fight, alongside their Kurdish militia allies, against the Islamic State.",Hussein Malla/Associated Press,https://static01.nyt.com/images/2018/03/31/world/middleeast/31syria/merlin_136181814_6afe6408-fffe-45ad-a486-cd4250b1f8fc-articleLarge.jpg,398,600,https://static01.nyt.com/images/2018/03/31/world/middleeast/31syria/31syria-thumbStandard.jpg,75,75,Trump Orders State Dept. to Suspend Funds for Syria Recovery,Trump Orders State Dept. to Suspend Funds for Syria Recovery The move came as two members of the United States-led coalition fighting in Syria were killed and five others were wounded by a bomb in a late-night attack. The move came as two members of the United States-led coalition fighting in Syria were killed and five others were wounded by a bomb in a late-night attack.
"Leobardo Vázquez, the third journalist to be killed in this year in Mexico, worked for a local website that covered crime and general news events.",article,nyt://article/bf6de54c-d01c-5a8b-81a9-031d28df09d8,"[{'name': 'Subject', 'value': 'News and News Media', 'rank': 1}, {'name': 'Subject', 'value': 'Murders, Attempted Murders and Homicides', 'rank': 2}, {'name': 'Location', 'value': 'Mexico', 'rank': 3}]",Foreign,9.0,A,2018-03-22 23:23:34+00:00,World,"Leobardo Vázquez, the third journalist to be killed in this year in Mexico, worked for a local website that covered crime and general news events.",The New York Times,Americas,News,nyt://article/bf6de54c-d01c-5a8b-81a9-031d28df09d8,https://www.nytimes.com/2018/03/22/world/americas/mexico-journalist-killed.html,317,By The Associated Press,Journalist Killed in Mexican State of Veracruz,,Journalist Shot to Death In Mexico,,,,0,0,,0,0,Journalist Killed in Mexican State of Veracruz,"Journalist Killed in Mexican State of Veracruz Leobardo Vázquez, the third journalist to be killed in this year in Mexico, worked for a local website that covered crime and general news events. Leobardo Vázquez, the third journalist to be killed in this year in Mexico, worked for a local website that covered crime and general news events."
Anti-Muslim violence has been rising in Sri Lanka in recent years as officials struggle to contain the nationalist fervor of the majority Sinhalese Buddhists.,article,nyt://article/7d76b493-0b16-5ec2-bcf7-85b605c0d448,"[{'name': 'Subject', 'value': 'Muslims and Islam', 'rank': 1}, {'name': 'Subject', 'value': 'Sinhalese (Ethnic Group)', 'rank': 2}, {'name': 'Subject', 'value': 'Buddhism', 'rank': 3}, {'name': 'Person', 'value': 'Sirisena, Maithripala', 'rank': 4}, {'name': 'Location', 'value': 'Sri Lanka', 'rank': 5}]",Foreign,12.0,A,2018-03-06 09:54:44+00:00,World,"Anti-Muslim violence has been rising in Sri Lanka in recent years, as officials struggle to contain the nationalist fervor of the majority Sinhalese Buddhists.",The New York Times,Asia Pacific,News,nyt://article/7d76b493-0b16-5ec2-bcf7-85b605c0d448,https://www.nytimes.com/2018/03/06/world/asia/sri-lanka-anti-muslim-violence.html,1066,By Mujib Mashal and Dharisha Bastians,Sri Lanka Declares State of Emergency After Mob Attacks on Muslims,,Sri Lanka Enacts Order After Attacks on Muslims,,Colombo Gazette,https://static01.nyt.com/images/2018/03/07/world/07srilanka/07srilanka-articleLarge.jpg,400,600,https://static01.nyt.com/images/2018/03/07/world/07srilanka/07srilanka-thumbStandard.jpg,75,75,Sri Lanka Declares State of Emergency After Mob Attacks on Muslims,"Sri Lanka Declares State of Emergency After Mob Attacks on Muslims Anti-Muslim violence has been rising in Sri Lanka in recent years as officials struggle to contain the nationalist fervor of the majority Sinhalese Buddhists. Anti-Muslim violence has been rising in Sri Lanka in recent years, as officials struggle to contain the nationalist fervor of the majority Sinhalese Buddhists."
The delay reflects President Trump’s largely passive response to the interference and doubts by Secretary of State Rex W. Tillerson in his department’s ability to spend its money wisely.,article,nyt://article/4a59c3cd-8044-5063-a17c-e1dc589fe04d,"[{'name': 'Organization', 'value': 'State Department', 'rank': 1}, {'name': 'Person', 'value': 'Tillerson, Rex W', 'rank': 2}, {'name': 'Subject', 'value': 'Russian Interference in 2016 US Elections and Ties to Trump Associates', 'rank': 3}, {'name': 'Subject', 'value': 'United States Politics and Government', 'rank': 4}, {'name': 'Person', 'value': 'Trump, Donald J', 'rank': 5}, {'name': 'Location', 'value': 'Russia', 'rank': 6}, {'name': 'Subject', 'value': 'Federal Budget (US)', 'rank': 7}]",Washington,8.0,A,2018-03-04 21:51:58+00:00,World,The delay reflects President Trump’s largely passive response to the interference and doubts by Secretary of State Rex W. Tillerson in his department’s ability to spend its money wisely.,The New York Times,Europe,News,nyt://article/4a59c3cd-8044-5063-a17c-e1dc589fe04d,https://www.nytimes.com/2018/03/04/world/europe/state-department-russia-global-engagement-center.html,1238,By Gardiner Harris,State Dept. Was Granted $120 Million to Fight Russian Meddling. It Has Spent $0.,,State Dept. Holds Funds Aimed to Fight Meddling,"Rex W. Tillerson, the secretary of state, has voiced skepticism that the United States is capable of doing anything to counter Russian meddling.",Pool photo by Lintao Zhang,https://static01.nyt.com/images/2018/03/04/us/04dc-diplo/02dc-assess-1506898827714-articleLarge.jpg,400,600,https://static01.nyt.com/images/2018/03/04/us/04dc-diplo/02dc-assess-web2-thumbStandard.jpg,75,75,State Dept. Was Granted $120 Million to Fight Russian Meddling. It Has Spent $0.,State Dept. Was Granted $120 Million to Fight Russian Meddling. It Has Spent $0. The delay reflects President Trump’s largely passive response to the interference and doubts by Secretary of State Rex W. Tillerson in his department’s ability to spend its money wisely. The delay reflects President Trump’s largely passive response to the interference and doubts by Secretary of State Rex W. Tillerson in his department’s ability to spend its money wisely.
"The government told state-run secondary schools, though not the many church-run schools, to offer alternative courses.",article,nyt://article/520c89fa-3eac-5958-add8-89ee179f2cab,"[{'name': 'Subject', 'value': 'Private and Sectarian Schools', 'rank': 1}, {'name': 'Subject', 'value': 'Education (Secondary)', 'rank': 2}, {'name': 'Subject', 'value': 'Education (K-12)', 'rank': 3}, {'name': 'Subject', 'value': 'Religion-State Relations', 'rank': 4}, {'name': 'Organization', 'value': 'Roman Catholic Church', 'rank': 5}, {'name': 'Location', 'value': 'Ireland', 'rank': 6}]",Foreign,8.0,A,2018-02-21 18:21:00+00:00,World,"The government told state-run secondary schools, though not the many church-run schools, to offer alternative courses.",The New York Times,Europe,News,nyt://article/520c89fa-3eac-5958-add8-89ee179f2cab,https://www.nytimes.com/2018/02/21/world/europe/ireland-schools-religion.html,814,By Richard Pérez-Peña,Ireland Tells State-Run Schools: Stop Steering Pupils to Religion Class,,Ireland Bans Routine Enrollment in Religion Classes in State-Run Schools,"Mercy Elementary School, a church-run school in Tuam, Ireland. The country is directing state-run secondary schools to offer alternatives for students who opt out of religion classes.",Paulo Nunes dos Santos for The New York Times,https://static01.nyt.com/images/2018/02/22/world/europe/22ireland/merlin_128347100_1f0529e1-b4c2-418d-bd31-82ad25dc777b-articleLarge.jpg,400,600,https://static01.nyt.com/images/2018/02/22/world/europe/22ireland/22ireland-thumbStandard.jpg,75,75,Ireland Tells State-Run Schools: Stop Steering Pupils to Religion Class,"Ireland Tells State-Run Schools: Stop Steering Pupils to Religion Class The government told state-run secondary schools, though not the many church-run schools, to offer alternative courses. The government told state-run secondary schools, though not the many church-run schools, to offer alternative courses."
"The aide, Shlomo Filber, could support the most damning charge of favors to an Israeli communications giant in exchange for fawning news coverage.",article,nyt://article/742247da-45e0-50fb-8ad1-c115fdaa9a58,"[{'name': 'Person', 'value': 'Filber, Shlomo', 'rank': 1}, {'name': 'Location', 'value': 'Israel', 'rank': 2}, {'name': 'Person', 'value': 'Netanyahu, Benjamin', 'rank': 3}, {'name': 'Subject', 'value': 'Politics and Government', 'rank': 4}, {'name': 'Subject', 'value': 'Corruption (Institutional)', 'rank': 5}, {'name': 'Subject', 'value': 'Bribery and Kickbacks', 'rank': 6}, {'name': 'Organization', 'value': 'Likud Party (Israel)', 'rank': 7}]",Foreign,4.0,A,2018-02-21 16:50:38+00:00,World,"The aide, Shlomo Filber, could support the most damning charge of favors to an Israeli communications giant in exchange for fawning news coverage.",The New York Times,Middle East,News,nyt://article/742247da-45e0-50fb-8ad1-c115fdaa9a58,https://www.nytimes.com/2018/02/21/world/middleeast/netanyahu-filber-corruption-israel.html,1337,By Isabel Kershner and David M. Halbfinger,Top Aide to Netanyahu Turns State Witness as Graft Cases Multiply,,Netanyahu Case Builds as a Top Aide Turns Witness,"Prime Minister Benjamin Netanyahu of Israel and his wife Sara in Ashkelon, Israel, on Tuesday.",Amir Cohen/Reuters,https://static01.nyt.com/images/2018/02/22/world/22Netanyahu2/22Netanyahu2-articleLarge-v2.jpg,400,600,https://static01.nyt.com/images/2018/02/22/world/22Netanyahu2/22Netanyahu2-thumbStandard-v3.jpg,75,75,Top Aide to Netanyahu Turns State Witness as Graft Cases Multiply,"Top Aide to Netanyahu Turns State Witness as Graft Cases Multiply The aide, Shlomo Filber, could support the most damning charge of favors to an Israeli communications giant in exchange for fawning news coverage. The aide, Shlomo Filber, could support the most damning charge of favors to an Israeli communications giant in exchange for fawning news coverage."
"No deaths were immediately reported from the 7.2-magnitude quake, but 13 people were killed when a helicopter bringing officials to a town near the epicenter crashed.",article,nyt://article/e77b86b4-f097-5801-acda-60d9d6461d16,"[{'name': 'Subject', 'value': 'Earthquakes', 'rank': 1}, {'name': 'Location', 'value': 'Oaxaca (Mexico)', 'rank': 2}]",Foreign,,,2018-02-17 00:04:29+00:00,World,"No deaths were immediately reported from the 7.2-magnitude quake, but 13 people were killed when a helicopter bringing officials to a town near the epicenter crashed.",The New York Times,Americas,News,nyt://article/e77b86b4-f097-5801-acda-60d9d6461d16,https://www.nytimes.com/2018/02/16/world/americas/earthquake-mexico.html,748,By Elisabeth Malkin,"Earthquake Strikes in Oaxaca State, Mexico, Stirring Fear",,,"People embracing in Mexico City, where the effects of a powerful earthquake about 225 miles away were felt.",Yuri Cortez/Agence France-Presse — Getty Images,https://static01.nyt.com/images/2018/02/17/world/17for-Earthquake-1/merlin_133999125_7765aeb5-0d2f-4fe1-ae4e-6b16b6d832d2-articleLarge.jpg,412,600,https://static01.nyt.com/images/2018/02/17/world/17for-Earthquake-1/17for-Earthquake-1-thumbStandard-v2.jpg,75,75,"Earthquake Strikes in Oaxaca State, Mexico, Stirring Fear","Earthquake Strikes in Oaxaca State, Mexico, Stirring Fear No deaths were immediately reported from the 7.2-magnitude quake, but 13 people were killed when a helicopter bringing officials to a town near the epicenter crashed. No deaths were immediately reported from the 7.2-magnitude quake, but 13 people were killed when a helicopter bringing officials to a town near the epicenter crashed."
"Tancítaro, Mexico, fought off cartels and established self-rule. Is it utopia, or warlordism?",article,nyt://article/63dbda62-f377-520e-86bd-cba3810caca1,"[{'name': 'Location', 'value': 'Mexico', 'rank': 1}, {'name': 'Subject', 'value': 'Politics and Government', 'rank': 2}, {'name': 'Subject', 'value': 'Drug Cartels', 'rank': 3}, {'name': 'Location', 'value': 'Tancitaro (Mexico)', 'rank': 4}, {'name': 'Subject', 'value': 'Avocados', 'rank': 5}]",Foreign,,,2018-01-18 20:55:30+00:00,World,"Tancítaro, Mexico, fought off cartels and established self-rule. Is it utopia, or warlordism?",The New York Times,Americas,News,nyt://article/63dbda62-f377-520e-86bd-cba3810caca1,https://www.nytimes.com/2018/01/18/world/americas/mexico-drug-war-tancitaro.html,1406,By Max Fisher and Amanda Taub,Building a Mini-State With Avocados and Guns,The Interpreter,,"Guarding the avocado orchards outside Tancítaro, Mexico.",Brett Gundlock for The New York Times,https://static01.nyt.com/images/2018/01/07/world/sub-inthavens/sub-inthavens-articleLarge.jpg,400,600,https://static01.nyt.com/images/2018/01/07/world/sub-inthavens/sub-inthavens-thumbStandard.jpg,75,75,Building a Mini-State With Avocados and Guns,"Building a Mini-State With Avocados and Guns Tancítaro, Mexico, fought off cartels and established self-rule. Is it utopia, or warlordism? Tancítaro, Mexico, fought off cartels and established self-rule. Is it utopia, or warlordism?"
"The two journalists, who had been investigating the existence of a mass grave, could face up to 14 years in prison.",article,nyt://article/2a907cc2-dc9d-5f7f-8626-91caed0a87f4,"[{'name': 'Location', 'value': 'Myanmar', 'rank': 1}, {'name': 'Subject', 'value': 'Freedom of the Press', 'rank': 2}, {'name': 'Person', 'value': 'Kyaw Soe Oo', 'rank': 3}, {'name': 'Person', 'value': 'Wa Lone', 'rank': 4}]",Foreign,4.0,A,2018-01-10 07:44:33+00:00,World,"The two journalists, who had been investigating the existence of a mass grave, could face up to 14 years in prison.",The New York Times,Asia Pacific,News,nyt://article/2a907cc2-dc9d-5f7f-8626-91caed0a87f4,https://www.nytimes.com/2018/01/10/world/asia/myanmar-reuters-reporters.html,844,By Hannah Beech and Saw Nang,Reuters Reporters Are Charged in Myanmar With Obtaining State Secrets,,Two Reporters For Reuters Face Charges  In Myanmar,"The Reuters journalists U Wa Lone, center front, and U Kyaw Soe Oo, center back, were escorted by the police in Yangon, Myanmar, on Wednesday, after being charged with obtaining state secrets.",Lynn Bo Bo/European Pressphoto Agency,https://static01.nyt.com/images/2018/01/11/world/11myanmar-1/11myanmar-1-articleLarge.jpg,401,600,https://static01.nyt.com/images/2018/01/11/world/11myanmar-1/11myanmar-1-thumbStandard.jpg,75,75,Reuters Reporters Are Charged in Myanmar With Obtaining State Secrets,"Reuters Reporters Are Charged in Myanmar With Obtaining State Secrets The two journalists, who had been investigating the existence of a mass grave, could face up to 14 years in prison. The two journalists, who had been investigating the existence of a mass grave, could face up to 14 years in prison."
The governor of Chihuahua said President Enrique Peña Nieto’s government was withholding funds for his state in a move to quash a corruption inquiry of the governing party.,article,nyt://article/cb513678-ee0a-5418-b37c-2c19c251399b,"[{'name': 'Location', 'value': 'Mexico', 'rank': 1}, {'name': 'Subject', 'value': 'Corruption (Institutional)', 'rank': 2}, {'name': 'Organization', 'value': 'Institutional Revolutionary Party (Mexico)', 'rank': 3}, {'name': 'Person', 'value': 'Pena Nieto, Enrique', 'rank': 4}, {'name': 'Person', 'value': 'Gutierrez, Alejandro (1956- )', 'rank': 5}, {'name': 'Location', 'value': 'Chihuahua (Mexico)', 'rank': 6}, {'name': 'Person', 'value': 'Corral, Javier', 'rank': 7}]",Foreign,8.0,A,2018-01-09 00:54:21+00:00,World,The governor of Chihuahua said President Enrique Peña Nieto’s government was withholding funds for his state in a move to quash a corruption inquiry of the governing party.,The New York Times,Americas,News,nyt://article/cb513678-ee0a-5418-b37c-2c19c251399b,https://www.nytimes.com/2018/01/08/world/americas/mexico-pena-nieto-corruption-chihuahua.html,945,By Azam Ahmed and Paulina Villegas,Mexican Governor Says His State Is Being Punished for Corruption Inquiry,,"In Mexico, Inquiry Said To Be Killed By Leaders","Javier Corral, the governor of Chihuahua, at a news conference in Mexico City on Monday.",Daniel Becerril/Reuters,https://static01.nyt.com/images/2018/01/09/world/09MEXICO/merlin_132034133_cdab87cf-5cda-4eac-ac92-bd5d0a862734-articleLarge.jpg,400,600,https://static01.nyt.com/images/2018/01/09/world/09MEXICO/09MEXICO-thumbStandard.jpg,75,75,Mexican Governor Says His State Is Being Punished for Corruption Inquiry,Mexican Governor Says His State Is Being Punished for Corruption Inquiry The governor of Chihuahua said President Enrique Peña Nieto’s government was withholding funds for his state in a move to quash a corruption inquiry of the governing party. The governor of Chihuahua said President Enrique Peña Nieto’s government was withholding funds for his state in a move to quash a corruption inquiry of the governing party.
"With government often more the problem than the solution, communities are taking matters into their own hands. But gains against crime can carry a cost.",article,nyt://article/0159ec50-ebcc-5113-982c-456aee73b479,"[{'name': 'Location', 'value': 'Mexico', 'rank': 1}, {'name': 'Subject', 'value': 'Politics and Government', 'rank': 2}, {'name': 'Subject', 'value': 'Corruption (Institutional)', 'rank': 3}, {'name': 'Subject', 'value': 'Drug Cartels', 'rank': 4}, {'name': 'Location', 'value': 'Tancitaro (Mexico)', 'rank': 5}, {'name': 'Location', 'value': 'Michoacan (Mexico)', 'rank': 6}, {'name': 'Location', 'value': 'Monterrey (Mexico)', 'rank': 7}, {'name': 'Location', 'value': 'Ciudad Nezahualcoyotl (Mexico)', 'rank': 8}, {'name': 'Subject', 'value': 'Secession and Independence Movements', 'rank': 9}]",Foreign,1.0,A,2018-01-07 21:27:31+00:00,World,"With government often more the problem than the solution, communities are taking matters into their own hands. But gains against crime can carry a cost.",The New York Times,Americas,News,nyt://article/0159ec50-ebcc-5113-982c-456aee73b479,https://www.nytimes.com/2018/01/07/world/americas/mexico-state-corruption.html,2087,"By Max Fisher, Amanda Taub and Dalia Martínez","Losing Faith in the State, Some Mexican Towns Quietly Break Away",The Interpreter,"Seceding for Safety, in Pockets Across Mexico","<strong>BY THE GUN</strong> José Santos at a checkpoint near the entrance to Tancítaro. Fed up with both the cartels and the government, the people of Tancítaro pushed out both.",Brett Gundlock for The New York Times,https://static01.nyt.com/images/2017/12/27/world/27INT-MEXICOHAVENS-01/merlin_131641868_bc1ff56d-d4b2-42cc-9143-1038e27f3758-articleLarge.jpg,400,600,https://static01.nyt.com/images/2017/12/27/world/27INT-MEXICOHAVENS-01/27INT-MEXICOHAVENS-01-thumbStandard-v2.jpg,75,75,"Losing Faith in the State, Some Mexican Towns Quietly Break Away","Losing Faith in the State, Some Mexican Towns Quietly Break Away With government often more the problem than the solution, communities are taking matters into their own hands. But gains against crime can carry a cost. With government often more the problem than the solution, communities are taking matters into their own hands. But gains against crime can carry a cost."
"Some Israeli and Palestinian leaders are now pressing for a single state, but their views of what that state would look like are mutually exclusive.",article,nyt://article/431b773b-9ab4-518f-a369-328989c75114,"[{'name': 'Location', 'value': 'Israel', 'rank': 1}, {'name': 'Subject', 'value': 'Palestinians', 'rank': 2}, {'name': 'Subject', 'value': 'United States International Relations', 'rank': 3}, {'name': 'Person', 'value': 'Trump, Donald J', 'rank': 4}]",Foreign,1.0,A,2018-01-05 22:27:41+00:00,World,"Some Israeli and Palestinian leaders are now pressing for a single state, but their views of what that state would look like are mutually exclusive.",The New York Times,Middle East,News,nyt://article/431b773b-9ab4-518f-a369-328989c75114,https://www.nytimes.com/2018/01/05/world/middleeast/israel-palestinians-state.html,1467,By David M. Halbfinger,"As a 2-State Solution Loses Steam, a 1-State Plan Gains Traction",,"As a 2-State Solution Loses Steam, a 1-State Plan Gains Traction","The Israeli settlement of Ariel in the West Bank. Buoyed by President Trump&rsquo;s declaration on Jerusalem, the Israeli right wing is openly pursuing its goal of a single state from the Jordan River to the Mediterranean.",Dan Balilty for The New York Times,https://static01.nyt.com/images/2018/01/06/world/sub-onestate/sub-onestate-articleLarge.jpg,400,600,https://static01.nyt.com/images/2018/01/06/world/sub-onestate/sub-onestate-thumbStandard.jpg,75,75,"As a 2-State Solution Loses Steam, a 1-State Plan Gains Traction","As a 2-State Solution Loses Steam, a 1-State Plan Gains Traction Some Israeli and Palestinian leaders are now pressing for a single state, but their views of what that state would look like are mutually exclusive. Some Israeli and Palestinian leaders are now pressing for a single state, but their views of what that state would look like are mutually exclusive."
"After President Trump’s recognition of Jerusalem as Israel’s capital, Prime Minister Benjamin Netanyahu’s party has seized momentum to strengthen Israel’s rule of the West Bank.",article,nyt://article/7284e1c6-de3e-5329-a8a8-41a9492bb98b,"[{'name': 'Subject', 'value': 'Palestinians', 'rank': 1}, {'name': 'Location', 'value': 'Israel', 'rank': 2}, {'name': 'Subject', 'value': 'Israeli Settlements', 'rank': 3}, {'name': 'Location', 'value': 'West Bank', 'rank': 4}, {'name': 'Person', 'value': 'Netanyahu, Benjamin', 'rank': 5}, {'name': 'Organization', 'value': 'Likud Party (Israel)', 'rank': 6}, {'name': 'Location', 'value': 'Jerusalem (Israel)', 'rank': 7}, {'name': 'Location', 'value': 'East Jerusalem', 'rank': 8}, {'name': 'Person', 'value': 'Abbas, Mahmoud', 'rank': 9}, {'name': 'Person', 'value': 'Mandelblit, Avichai', 'rank': 10}, {'name': 'Person', 'value': 'Trump, Donald J', 'rank': 11}, {'name': 'Subject', 'value': 'International Relations', 'rank': 12}, {'name': 'Subject', 'value': 'United States International Relations', 'rank': 13}]",Foreign,1.0,A,2018-01-01 23:21:16+00:00,World,"After Trump’s recognition of Jerusalem as Israel’s capital, Prime Minister Benjamin Netanyahu’s party seizes momentum to strengthen Israel’s rule of the West Bank.",The New York Times,Middle East,News,nyt://article/7284e1c6-de3e-5329-a8a8-41a9492bb98b,https://www.nytimes.com/2018/01/01/world/middleeast/israeli-jerusalem-west-bank.html,1596,By David M. Halbfinger,Emboldened Israeli Right Presses Moves to Doom 2-State Solution,,Energized Foes Push to Cripple Two-State Goal,"The party of the Israeli prime minister, Benjamin Netanyahu, on Sunday urged the annexation of Jewish settlements in the West Bank.",Pool photo by Gali Tibbon,https://static01.nyt.com/images/2018/01/02/world/02israel2/02israel2-articleLarge.jpg,400,600,https://static01.nyt.com/images/2018/01/02/world/02israel2/02israel2-thumbStandard.jpg,75,75,Emboldened Israeli Right Presses Moves to Doom 2-State Solution,"Emboldened Israeli Right Presses Moves to Doom 2-State Solution After President Trump’s recognition of Jerusalem as Israel’s capital, Prime Minister Benjamin Netanyahu’s party has seized momentum to strengthen Israel’s rule of the West Bank. After Trump’s recognition of Jerusalem as Israel’s capital, Prime Minister Benjamin Netanyahu’s party seizes momentum to strengthen Israel’s rule of the West Bank."
