abstract,document_type,_id,keywords,news_desk,print_page,print_section,pub_date,section_name,snippet,source,subsection_name,type_of_material,uri,web_url,word_count,byline.original,headline.main,headline.kicker,headline.print_headline,multimedia.caption,multimedia.credit,multimedia.default.url,multimedia.default.height,multimedia.default.width,multimedia.thumbnail.url,multimedia.thumbnail.height,multimedia.thumbnail.width,headline,text
"Russia said it now had full control of the eastern town of Marinka. On Tuesday, Ukraine claimed to have destroyed a Russian ship.",article,nyt://article/be29506f-a353-52d2-97b3-eba5601d3bcf,"[{'name': 'Subject', 'value': 'Defense and Military Forces', 'rank': 1}, {'name': 'Subject', 'value': 'Russian Invasion of Ukraine (2022)', 'rank': 2}, {'name': 'Subject', 'value': 'Military Aircraft', 'rank': 3}, {'name': 'Subject', 'value': 'Airlines and Airplanes', 'rank': 4}, {'name': 'Subject', 'value': 'Missiles and Missile Defense Systems', 'rank': 5}, {'name': 'Person', 'value': 'Putin, Vladimir V', 'rank': 6}, {'name': 'Person', 'value': 'Zelensky, Volodymyr', 'rank': 7}, {'name': 'Location', 'value': 'Russia', 'rank': 8}, {'name': 'Location', 'value': 'Ukraine', 'rank': 9}]",Foreign,7.0,A,2023-12-25 19:19:45+00:00,World,"Russia said it now had full control of the eastern town of Marinka. On Tuesday, Ukraine claimed to have destroyed a Russian ship.",The New York Times,Europe,News,nyt://article/be29506f-a353-52d2-97b3-eba5601d3bcf,https://www.nytimes.com/2023/12/25/world/europe/ukraine-downs-planes-russia-claims-town.html,1261,By Constant Méheut,"Ukraine Says It Downed 5 Russian Planes, as Moscow Claims It Seized a Town",,Kyiv Says It Downed 5 Jets; Moscow Claims It Seized a Town,"A Russian Sukhoi Su-34 fighter-bomber fires missiles during a competition at the Dubrovichi range outside Ryazan, Russia.",Maxim Shemetov/Reuters,https://static01.nyt.com/images/2023/12/25/multimedia/25ukraine-jets-01-cmvz/25ukraine-jets-01-cmvz-articleLarge.jpg,400,600,https://static01.nyt.com/images/2023/12/25/multimedia/25ukraine-jets-01-cmvz/25ukraine-jets-01-cmvz-thumbStandard.jpg,75,75,"Ukraine Says It Downed 5 Russian Planes, as Moscow Claims It Seized a Town","Ukraine Says It Downed 5 Russian Planes, as Moscow Claims It Seized a Town Russia said it now had full control of the eastern town of Marinka. On Tuesday, Ukraine claimed to have destroyed a Russian ship. Russia said it now had full control of the eastern town of Marinka. On Tuesday, Ukraine claimed to have destroyed a Russian ship."
,article,nyt://article/7191a366-21cc-5e61-b366-41a3008af973,[],Foreign,,,2023-12-23 22:23:54+00:00,World,,The New York Times,Middle East,Live Blog Post,nyt://article/7191a366-21cc-5e61-b366-41a3008af973,https://www.nytimes.com/live/2023/12/23/world/israel-hamas-war-gaza-news/the-israeli-military-claims-it-has-killed-a-key-weapons-smuggler-for-hamas,341,By Gaya Gupta,The Israeli military claims it has killed a key weapons smuggler for Hamas.,,,An Israeli military fighter aircraft flying near the Israel-Gaza border this month.,Athit Perawongmetha/Reuters,https://static01.nyt.com/images/2023/12/23/multimedia/23israel-hamas-hamas-arms-smuggler1-lkpb/23israel-hamas-hamas-arms-smuggler1-lkpb-articleLarge-v2.jpg,400,600,https://static01.nyt.com/images/2023/12/23/multimedia/23israel-hamas-hamas-arms-smuggler1-lkpb/23israel-hamas-hamas-arms-smuggler1-lkpb-thumbStandard-v2.jpg,75,75,The Israeli military claims it has killed a key weapons smuggler for Hamas.,The Israeli military claims it has killed a key weapons smuggler for Hamas.
"Venezuela’s territorial claim has been made against leftists and by leftists. It’s been about colonialism, nationalism, Cold War and oil, and it’s complicating U.S. foreign policy.",article,nyt://article/5a5c11b8-529e-519d-8844-d9e7b56df197,"[{'name': 'Location', 'value': 'Guyana', 'rank': 1}, {'name': 'Location', 'value': 'Venezuela', 'rank': 2}, {'name': 'Person', 'value': 'Maduro, Nicolas', 'rank': 3}, {'name': 'Subject', 'value': 'International Relations', 'rank': 4}, {'name': 'Subject', 'value': 'Oil (Petroleum) and Gasoline', 'rank': 5}, {'name': 'Subject', 'value': 'Politics and Government', 'rank': 6}, {'name': 'Subject', 'value': 'Territorial Disputes', 'rank': 7}, {'name': 'Organization', 'value': 'Exxon Mobil Corp', 'rank': 8}, {'name': 'Organization', 'value': 'United Nations', 'rank': 9}, {'name': 'Person', 'value': 'Irfaan Ali', 'rank': 10}, {'name': 'Person', 'value': 'Granger, David A (1945- )', 'rank': 11}, {'name': 'Person', 'value': 'Machado, Maria Corina', 'rank': 12}, {'name': 'Person', 'value': 'Chavez, Hugo', 'rank': 13}]",Foreign,13.0,A,2023-12-21 05:01:20+00:00,World,"Venezuela’s territorial claim has been made against leftists and by leftists. It’s been about colonialism, nationalism, Cold War and oil, and it’s complicating U.S. foreign policy.",The New York Times,Americas,News,nyt://article/5a5c11b8-529e-519d-8844-d9e7b56df197,https://www.nytimes.com/2023/12/21/world/americas/venezuela-guyana.html,1468,By Simon Romero,"Venezuela Renews Claims to Part of Guyana, the Oil-Rich ‘Second Qatar’",,A Cold War Era-Dispute Over Oil Territory Flares,"Rómulo Betancourt, a former president of Venezuela, in 1958. In the 1960s he restarted an old claim to more than half of Guyana’s territory.",Tad Szulc/The New York Times,https://static01.nyt.com/images/2023/12/18/multimedia/00guyana-venezuela-top-jfql/00guyana-venezuela-top-jfql-articleLarge.jpg,597,600,https://static01.nyt.com/images/2023/12/18/multimedia/00guyana-venezuela-top-jfql/00guyana-venezuela-top-jfql-thumbStandard.jpg,75,75,"Venezuela Renews Claims to Part of Guyana, the Oil-Rich ‘Second Qatar’","Venezuela Renews Claims to Part of Guyana, the Oil-Rich ‘Second Qatar’ Venezuela’s territorial claim has been made against leftists and by leftists. It’s been about colonialism, nationalism, Cold War and oil, and it’s complicating U.S. foreign policy. Venezuela’s territorial claim has been made against leftists and by leftists. It’s been about colonialism, nationalism, Cold War and oil, and it’s complicating U.S. foreign policy."
"The move is the latest of several that undercut prospects of free elections next year, despite commitments made to the Biden administration in return for sanctions relief.",article,nyt://article/7c9d8cc0-6d01-50e8-83d4-6882ee554f6c,"[{'name': 'Subject', 'value': 'Elections', 'rank': 1}, {'name': 'Subject', 'value': 'Referendums', 'rank': 2}, {'name': 'Subject', 'value': 'International Relations', 'rank': 3}, {'name': 'Subject', 'value': 'Embargoes and Sanctions', 'rank': 4}, {'name': 'Person', 'value': 'Maduro, Nicolas', 'rank': 5}, {'name': 'Person', 'value': 'Machado, Maria Corina', 'rank': 6}, {'name': 'Subject', 'value': 'Treason and Sedition', 'rank': 7}, {'name': 'Subject', 'value': 'Politics and Government', 'rank': 8}, {'name': 'Subject', 'value': 'United States International Relations', 'rank': 9}, {'name': 'Location', 'value': 'Venezuela', 'rank': 10}, {'name': 'Location', 'value': 'Guyana', 'rank': 11}, {'name': 'Subject', 'value': 'Money Laundering', 'rank': 12}, {'name': 'Subject', 'value': 'Legislatures and Parliaments', 'rank': 13}]",Foreign,,,2023-12-06 23:35:23+00:00,World,"The move is the latest of several that undercut prospects of free elections next year, despite commitments made to the Biden administration in return for sanctions relief.",The New York Times,Americas,News,nyt://article/7c9d8cc0-6d01-50e8-83d4-6882ee554f6c,https://www.nytimes.com/2023/12/06/world/americas/venezuela-opposition-arrest-orders.html,805,By Genevieve Glatsky and Isayen Herrera,"Venezuela Orders Arrest of Top Opposition Figures, Claiming Treason",,,"María Corina Machado, a Venezuelan opposition leader, held a news conference in Caracas on Wednesday.","Ryaner Pena R/EPA, via Shutterstock",https://static01.nyt.com/images/2023/12/06/multimedia/06venezuela-opposition-mwvg/06venezuela-opposition-mwvg-articleLarge.jpg,400,600,https://static01.nyt.com/images/2023/12/06/multimedia/06venezuela-opposition-mwvg/06venezuela-opposition-mwvg-thumbStandard.jpg,75,75,"Venezuela Orders Arrest of Top Opposition Figures, Claiming Treason","Venezuela Orders Arrest of Top Opposition Figures, Claiming Treason The move is the latest of several that undercut prospects of free elections next year, despite commitments made to the Biden administration in return for sanctions relief. The move is the latest of several that undercut prospects of free elections next year, despite commitments made to the Biden administration in return for sanctions relief."
"President Nicolás Maduro says an oil-rich part of Guyana belongs to Venezuela. Voters agreed on Sunday, but turnout appeared to be low.",article,nyt://article/06f04f94-4131-56de-abca-2ae738310b45,"[{'name': 'Location', 'value': 'Venezuela', 'rank': 1}, {'name': 'Location', 'value': 'Guyana', 'rank': 2}, {'name': 'Person', 'value': 'Maduro, Nicolas', 'rank': 3}, {'name': 'Subject', 'value': 'Referendums', 'rank': 4}, {'name': 'Subject', 'value': 'Territorial Disputes', 'rank': 5}, {'name': 'Subject', 'value': 'International Relations', 'rank': 6}, {'name': 'Subject', 'value': 'Politics and Government', 'rank': 7}, {'name': 'Subject', 'value': 'Elections', 'rank': 8}, {'name': 'Organization', 'value': 'United Nations', 'rank': 9}, {'name': 'Subject', 'value': 'Defense and Military Forces', 'rank': 10}, {'name': 'Subject', 'value': 'Oil (Petroleum) and Gasoline', 'rank': 11}, {'name': 'Subject', 'value': 'Embargoes and Sanctions', 'rank': 12}, {'name': 'Organization', 'value': 'International Court of Justice (UN)', 'rank': 13}]",Foreign,6.0,A,2023-12-03 10:04:18+00:00,World,"President Nicolás Maduro says an oil-rich part of Guyana belongs to Venezuela. Voters agreed on Sunday, but turnout appeared to be low.",The New York Times,Americas,News,nyt://article/06f04f94-4131-56de-abca-2ae738310b45,https://www.nytimes.com/2023/12/03/world/americas/maduro-vote-essequibo-guyana.html,1313,By Genevieve Glatsky,Venezuelan Voters Back Maduro’s Claim to a Neighbor’s Territory,,Venezuela Holds Vote Over Oil-Rich Territory Claimed by Guyana,"A mural of the Venezuelan map, with the Guyanese territory of Essequibo included, last week in Caracas, Venezuela.",Matias Delacroix/Associated Press,https://static01.nyt.com/images/2023/12/03/multimedia/03venezuela-maduro-essequibo-01-czvf/03venezuela-maduro-essequibo-01-czvf-articleLarge.jpg,400,600,https://static01.nyt.com/images/2023/12/03/multimedia/03venezuela-maduro-essequibo-01-czvf/03venezuela-maduro-essequibo-01-czvf-thumbStandard.jpg,75,75,Venezuelan Voters Back Maduro’s Claim to a Neighbor’s Territory,"Venezuelan Voters Back Maduro’s Claim to a Neighbor’s Territory President Nicolás Maduro says an oil-rich part of Guyana belongs to Venezuela. Voters agreed on Sunday, but turnout appeared to be low. President Nicolás Maduro says an oil-rich part of Guyana belongs to Venezuela. Voters agreed on Sunday, but turnout appeared to be low."
"Javier Milei, a far-right libertarian economist, could be elected Argentina’s president on Sunday. If he is not, he has already pointed to fraud.",article,nyt://article/e20eaa2c-24e8-5a47-a540-4c95d8d9bf7f,"[{'name': 'Subject', 'value': 'Voter Fraud (Election Fraud)', 'rank': 1}, {'name': 'Subject', 'value': 'Politics and Government', 'rank': 2}, {'name': 'Subject', 'value': 'Elections', 'rank': 3}, {'name': 'Subject', 'value': 'Democracy (Theory and Philosophy)', 'rank': 4}, {'name': 'Person', 'value': 'Massa, Sergio (1972- )', 'rank': 5}, {'name': 'Person', 'value': 'Milei, Javier', 'rank': 6}, {'name': 'Location', 'value': 'Argentina', 'rank': 7}]",Foreign,4.0,A,2023-11-16 19:07:20+00:00,World,"Javier Milei, a far-right libertarian economist, could be elected Argentina’s president on Sunday. If he is not, he has already pointed to fraud.",The New York Times,Americas,News,nyt://article/e20eaa2c-24e8-5a47-a540-4c95d8d9bf7f,https://www.nytimes.com/2023/11/16/world/americas/argentina-javier-milei-election-fraud.html,1357,"By Jack Nicas, Natalie Alcoba and Lucía Cholakian Herrera","Trump and Bolsonaro Claimed Fraud. Now an Argentine Candidate Is, Too.",,"Argentina Firebrand Claims Fraud, Echoing Familiar Playbook","Javier Milei, a far right presidential candidate, has claimed, without evidence, that stolen and damaged ballots cost him hundreds of thousands of votes in the first round of the general election. ",Sarah Pabst for The New York Times,https://static01.nyt.com/images/2023/11/16/multimedia/00argentina-fraud-tmzw/00argentina-fraud-tmzw-articleLarge.jpg,400,600,https://static01.nyt.com/images/2023/11/16/multimedia/00argentina-fraud-tmzw/00argentina-fraud-tmzw-thumbStandard.jpg,75,75,"Trump and Bolsonaro Claimed Fraud. Now an Argentine Candidate Is, Too.","Trump and Bolsonaro Claimed Fraud. Now an Argentine Candidate Is, Too. Javier Milei, a far-right libertarian economist, could be elected Argentina’s president on Sunday. If he is not, he has already pointed to fraud. Javier Milei, a far-right libertarian economist, could be elected Argentina’s president on Sunday. If he is not, he has already pointed to fraud."
"The San José galleon was destroyed in 1708, sinking with goods now worth billions. Colombia’s government is planning a recovery, but not everyone wants to see the shipwreck brought to the surface.",article,nyt://article/6c0be8ab-afb4-56d6-8032-43a68c2c5e9b,"[{'name': 'Subject', 'value': 'Treasure Troves', 'rank': 1}, {'name': 'Subject', 'value': 'Shipwrecks (Historic)', 'rank': 2}, {'name': 'Location', 'value': 'Colombia', 'rank': 3}, {'name': 'Subject', 'value': 'Ships and Shipping', 'rank': 4}, {'name': 'Subject', 'value': 'Compensation for Damages (Law)', 'rank': 5}, {'name': 'Location', 'value': 'Cartagena (Colombia)', 'rank': 6}, {'name': 'Location', 'value': 'Seville (Spain)', 'rank': 7}]",Express,12.0,A,2023-11-10 10:31:24+00:00,World,"The San José galleon was destroyed in 1708, sinking with goods now worth billions. Colombia’s government is planning a recovery, but not everyone wants to see the shipwreck brought to the surface.",The New York Times,Americas,News,nyt://article/6c0be8ab-afb4-56d6-8032-43a68c2c5e9b,https://www.nytimes.com/2023/11/10/world/americas/san-jose-galleon-shipwreck-treasure.html,1078,By Remy Tumin and Genevieve Glatsky,"A Treasure May Be Off the Coast of Colombia, but Who Can Claim It?",,Colombia Wants to Find 300-Year-Old Lost Ship,"A Samuel Scott painting, “Wager’s Action Off Cartagena,” shows an attack by Commodore Charles Wager on the San José.",,https://static01.nyt.com/images/2023/11/09/multimedia/00xp-shipwreck-6/00xp-shipwreck-6-articleLarge-v2.png,425,600,https://static01.nyt.com/images/2023/11/09/multimedia/00xp-shipwreck-6/00xp-shipwreck-6-thumbStandard-v2.png,75,75,"A Treasure May Be Off the Coast of Colombia, but Who Can Claim It?","A Treasure May Be Off the Coast of Colombia, but Who Can Claim It? The San José galleon was destroyed in 1708, sinking with goods now worth billions. Colombia’s government is planning a recovery, but not everyone wants to see the shipwreck brought to the surface. The San José galleon was destroyed in 1708, sinking with goods now worth billions. Colombia’s government is planning a recovery, but not everyone wants to see the shipwreck brought to the surface."
"Photographs taken on Tuesday showed a large crater and significant damage to buildings at the Jabaliya neighborhood in northern Gaza, the site of a densely populated refugee camp.",article,nyt://article/75e6a93f-22a6-5a70-aa41-cd3f82bba89e,"[{'name': 'Subject', 'value': 'Israel-Gaza War (2023- )', 'rank': 1}, {'name': 'Location', 'value': 'Israel', 'rank': 2}, {'name': 'Location', 'value': 'Gaza Strip', 'rank': 3}, {'name': 'Organization', 'value': 'Hamas', 'rank': 4}, {'name': 'Location', 'value': 'Jabaliya Refugee Camp (Gaza Strip)', 'rank': 5}, {'name': 'Subject', 'value': 'Civilian Casualties', 'rank': 6}, {'name': 'Subject', 'value': 'Deaths (Fatalities)', 'rank': 7}, {'name': 'Subject', 'value': 'Palestinians', 'rank': 8}, {'name': 'Subject', 'value': 'Refugees and Displaced Persons', 'rank': 9}, {'name': 'Subject', 'value': 'Defense and Military Forces', 'rank': 10}, {'name': 'Subject', 'value': 'Terrorism', 'rank': 11}, {'name': 'Subject', 'value': 'Bridges and Tunnels', 'rank': 12}, {'name': 'Subject', 'value': 'United States International Relations', 'rank': 13}]",Foreign,5.0,A,2023-10-31 21:00:15+00:00,World,"Photographs taken on Tuesday showed a large crater and significant damage to buildings at the Jabaliya neighborhood in northern Gaza, the site of a densely populated refugee camp.",The New York Times,Middle East,News,nyt://article/75e6a93f-22a6-5a70-aa41-cd3f82bba89e,https://www.nytimes.com/2023/10/31/world/middleeast/israel-gaza-invasion.html,1361,By Hiba Yazbek and Aaron Boxerman,Israeli Troops Battle Into Gaza as Airstrike Draws Conflicting Claims,,Israeli Troops Battle in Gaza as Airstrike Draws Conflicting Claims,"Israeli troops on the border with the Gaza Strip, the territory where Israel’s ground forces are battling Hamas, on Tuesday.",Avishag Shaar-Yashuv for The New York Times,https://static01.nyt.com/images/2023/10/31/multimedia/31israel-invasion-cbjz/31israel-invasion-cbjz-articleLarge.jpg,400,600,https://static01.nyt.com/images/2023/10/31/multimedia/31israel-invasion-cbjz/31israel-invasion-cbjz-thumbStandard.jpg,75,75,Israeli Troops Battle Into Gaza as Airstrike Draws Conflicting Claims,"Israeli Troops Battle Into Gaza as Airstrike Draws Conflicting Claims Photographs taken on Tuesday showed a large crater and significant damage to buildings at the Jabaliya neighborhood in northern Gaza, the site of a densely populated refugee camp. Photographs taken on Tuesday showed a large crater and significant damage to buildings at the Jabaliya neighborhood in northern Gaza, the site of a densely populated refugee camp."
The Israeli military said it had thwarted a batch of “aerial threats” but did not say who was behind them.,article,nyt://article/86923e49-a1ca-530e-bc2f-d1e0b69eb1ab,"[{'name': 'Subject', 'value': 'Israel-Gaza War (2023- )', 'rank': 1}, {'name': 'Organization', 'value': 'Hamas', 'rank': 2}, {'name': 'Organization', 'value': 'Houthis', 'rank': 3}, {'name': 'Location', 'value': 'Yemen', 'rank': 4}, {'name': 'Location', 'value': 'Gaza Strip', 'rank': 5}]",Foreign,,,2023-10-31 20:54:31+00:00,World,The Israeli military said it had thwarted a batch of “aerial threats” but did not say who was behind them.,The New York Times,Middle East,News,nyt://article/86923e49-a1ca-530e-bc2f-d1e0b69eb1ab,https://www.nytimes.com/2023/10/31/world/middleeast/yemen-houthi-militia-israel.html,704,By Vivian Nereim and Saeed Al-Batati,Yemen’s Houthi militia claims to have launched an attack on Israel.,,,"A military parade in Sana, Yemen, last month. ",Mohammed Hamoud/Getty Images,https://static01.nyt.com/images/2023/10/31/world/31israel-hamas-yemen-houthis/31israel-hamas-yemen-houthis-articleLarge.jpg,400,600,https://static01.nyt.com/images/2023/10/31/world/31israel-hamas-yemen-houthis/31israel-hamas-yemen-houthis-thumbStandard.jpg,75,75,Yemen’s Houthi militia claims to have launched an attack on Israel.,Yemen’s Houthi militia claims to have launched an attack on Israel. The Israeli military said it had thwarted a batch of “aerial threats” but did not say who was behind them. The Israeli military said it had thwarted a batch of “aerial threats” but did not say who was behind them.
"Long derided as naïve, even traitors, the bridge builders between Israelis and Palestinians sense opportunity in the aftermath of the Hamas attack.",article,nyt://article/e7923375-7453-53f5-b3e9-74e3a0b31567,"[{'name': 'Subject', 'value': 'Israel-Gaza War (2023- )', 'rank': 1}, {'name': 'Subject', 'value': 'Peace Process', 'rank': 2}, {'name': 'Location', 'value': 'Israel', 'rank': 3}, {'name': 'Subject', 'value': 'Palestinians', 'rank': 4}, {'name': 'Location', 'value': 'West Bank', 'rank': 5}, {'name': 'Location', 'value': 'Gaza Strip', 'rank': 6}, {'name': 'Subject', 'value': 'Politics and Government', 'rank': 7}, {'name': 'Subject', 'value': 'International Relations', 'rank': 8}, {'name': 'Subject', 'value': 'Israeli Settlements', 'rank': 9}, {'name': 'Subject', 'value': 'Arab-Israeli War (1948)', 'rank': 10}, {'name': 'Subject', 'value': 'Arab-Israeli War (1967)', 'rank': 11}, {'name': 'Organization', 'value': 'Hamas', 'rank': 12}, {'name': 'Organization', 'value': 'Palestinian Authority', 'rank': 13}, {'name': 'Person', 'value': 'Arafat, Yasir', 'rank': 14}, {'name': 'Person', 'value': 'Rabin, Yitzhak', 'rank': 15}, {'name': 'Person', 'value': 'Ben-Gvir, Itamar', 'rank': 16}, {'name': 'Person', 'value': 'Netanyahu, Benjamin', 'rank': 17}, {'name': 'Person', 'value': 'Sadat, Anwar El-', 'rank': 18}]",Foreign,1.0,A,2023-10-22 09:01:11+00:00,World,"Long derided as naïve, even traitors, the bridge builders between Israelis and Palestinians sense opportunity in the aftermath of the Hamas attack.",The New York Times,Middle East,News,nyt://article/e7923375-7453-53f5-b3e9-74e3a0b31567,https://www.nytimes.com/2023/10/22/world/middleeast/peace-activists-israel-palestinian.html,1913,By Roger Cohen,"Peace, a Forgotten Word, Renews its Claim in the Holy Land",,"In Wake of Violence, Activists Say They See a Path for Peace","The family of Awad Darawshe, who was killed by Hamas at a music festival, at their home in Iksal, Israel, on Friday. His sister Hayat sat at the far left, next to his mother, Hoda; his cousin Mousa; his father, Mousa; his sister Tansim; and his sister Maisam.",Amit Elkayam for The New York Times,https://static01.nyt.com/images/2023/10/22/multimedia/22israel-moderates-1-gfhv/22israel-moderates-1-gfhv-articleLarge.jpg,400,600,https://static01.nyt.com/images/2023/10/22/multimedia/22israel-moderates-1-gfhv/22israel-moderates-1-gfhv-thumbStandard.jpg,75,75,"Peace, a Forgotten Word, Renews its Claim in the Holy Land","Peace, a Forgotten Word, Renews its Claim in the Holy Land Long derided as naïve, even traitors, the bridge builders between Israelis and Palestinians sense opportunity in the aftermath of the Hamas attack. Long derided as naïve, even traitors, the bridge builders between Israelis and Palestinians sense opportunity in the aftermath of the Hamas attack."
The assertion that infants were beheaded by Hamas went viral but Israel’s military repeatedly said it could not confirm it.,article,nyt://article/da1c08c9-4f94-5f6e-95a4-4529cbcaba31,[],Foreign,,,2023-10-14 15:45:07+00:00,World,The assertion that infants were beheaded by Hamas went viral but Israel’s military repeatedly said it could not confirm it.,The New York Times,Middle East,Live Blog Post,nyt://article/da1c08c9-4f94-5f6e-95a4-4529cbcaba31,https://www.nytimes.com/live/2023/10/14/world/israel-news-hamas-war-gaza/israel-hamas-killing-babies-fact-check,381,By Cassandra Vinograd,"Amid reports of Israeli children killed, one claim stood out.",,,,Pool photo by Jacquelyn Martin,https://static01.nyt.com/images/2023/10/14/multimedia/14israel-hamas-babies-qfvh/14israel-hamas-babies-qfvh-articleLarge.jpg,400,600,https://static01.nyt.com/images/2023/10/14/multimedia/14israel-hamas-babies-qfvh/14israel-hamas-babies-qfvh-thumbStandard.jpg,75,75,"Amid reports of Israeli children killed, one claim stood out.","Amid reports of Israeli children killed, one claim stood out. The assertion that infants were beheaded by Hamas went viral but Israel’s military repeatedly said it could not confirm it. The assertion that infants were beheaded by Hamas went viral but Israel’s military repeatedly said it could not confirm it."
,article,nyt://article/b1f94421-6819-5a48-9c82-9765c3e9081d,[],Foreign,,,2023-10-12 10:19:53+00:00,World,,The New York Times,Middle East,Live Blog Post,nyt://article/b1f94421-6819-5a48-9c82-9765c3e9081d,https://www.nytimes.com/live/2023/10/12/world/israel-gaza-war-hamas/these-are-some-of-the-false-claims-about-the-israel-attacks-being-shared-online,236,By Angelo Fichera and Roni Rabin,These are some of the false claims about the Israel attacks being shared online.,,,,,,0,0,https://static01.nyt.com/images/2023/10/10/11israel-gaza-disinfo-VERSION/oakImage-1696970339799-thumbStandard.png,75,75,These are some of the false claims about the Israel attacks being shared online.,These are some of the false claims about the Israel attacks being shared online.
Graphic imagery and footage have flooded social media since Hamas terrorists attacked Israelis. Bogus claims are also circulating and risk obscuring real evidence of atrocities.,article,nyt://article/e906aa84-f5ed-5ce0-9758-52c41a0ce53b,"[{'name': 'Subject', 'value': 'Israel-Gaza War (2023- )', 'rank': 1}, {'name': 'Subject', 'value': 'Video Recordings, Downloads and Streaming', 'rank': 2}, {'name': 'Organization', 'value': 'British Broadcasting Corp', 'rank': 3}, {'name': 'Organization', 'value': 'Bellingcat', 'rank': 4}, {'name': 'Organization', 'value': 'Hamas', 'rank': 5}, {'name': 'Location', 'value': 'Israel', 'rank': 6}, {'name': 'Location', 'value': 'Gaza Strip', 'rank': 7}, {'name': 'Subject', 'value': 'vis-video', 'rank': 8}]",Foreign,,,2023-10-11 18:53:06+00:00,World,Graphic imagery and footage have flooded social media since Hamas terrorists attacked Israelis. Bogus claims are also circulating and risk obscuring real evidence of atrocities.,The New York Times,Middle East,News,nyt://article/e906aa84-f5ed-5ce0-9758-52c41a0ce53b,https://www.nytimes.com/article/israel-attacks-video-disinformation.html,1222,"By Angelo Fichera, Roni Rabin and Arijeta Lajka",False Claims Around Israel Attacks Include Recycled Videos and a Game Clip,,,,The New York Times,https://static01.nyt.com/images/2023/10/11/world/isreal-disinfo-promo/isreal-disinfo-promo-articleLarge.png,450,600,https://static01.nyt.com/images/2023/10/11/world/isreal-disinfo-promo/isreal-disinfo-promo-thumbStandard.png,75,75,False Claims Around Israel Attacks Include Recycled Videos and a Game Clip,False Claims Around Israel Attacks Include Recycled Videos and a Game Clip Graphic imagery and footage have flooded social media since Hamas terrorists attacked Israelis. Bogus claims are also circulating and risk obscuring real evidence of atrocities. Graphic imagery and footage have flooded social media since Hamas terrorists attacked Israelis. Bogus claims are also circulating and risk obscuring real evidence of atrocities.
The claim centers on Iranian oil profits released from banks in South Korea.,article,nyt://article/97b5a179-1f2c-57bf-9696-678f69de57db,"[{'name': 'Subject', 'value': 'Israel-Gaza War (2023- )', 'rank': 1}, {'name': 'Subject', 'value': 'Rumors and Misinformation', 'rank': 2}, {'name': 'Organization', 'value': 'Hamas', 'rank': 3}, {'name': 'Organization', 'value': 'National Security Council', 'rank': 4}, {'name': 'Organization', 'value': 'Republican Party', 'rank': 5}, {'name': 'Person', 'value': 'Trump, Donald J', 'rank': 6}, {'name': 'Person', 'value': 'Ramaswamy, Vivek (1985- )', 'rank': 7}, {'name': 'Person', 'value': 'Biden, Joseph R Jr', 'rank': 8}, {'name': 'Location', 'value': 'Iran', 'rank': 9}, {'name': 'Location', 'value': 'Israel', 'rank': 10}, {'name': 'Location', 'value': 'Gaza Strip', 'rank': 11}]",Washington,,,2023-10-08 21:50:02+00:00,World,The claim centers on Iranian oil profits released from banks in South Korea.,The New York Times,Middle East,News,nyt://article/97b5a179-1f2c-57bf-9696-678f69de57db,https://www.nytimes.com/2023/10/08/world/middleeast/hamas-attacks-trump-us-taxpayer-iran.html,405,By Angelo Fichera,Trump’s Claim That U.S. Taxpayer Money Funded Hamas Attacks Is False,fact check,,"People react after Hamas attacked Ashkelon, Israel on Friday.",Amir Cohen/Reuters,https://static01.nyt.com/images/2023/11/07/multimedia/07israel-gaza-iran-money3-fhbm/07israel-gaza-iran-money3-fhbm-articleLarge.jpg,400,600,https://static01.nyt.com/images/2023/11/07/multimedia/07israel-gaza-iran-money3-fhbm/07israel-gaza-iran-money3-fhbm-thumbStandard.jpg,75,75,Trump’s Claim That U.S. Taxpayer Money Funded Hamas Attacks Is False,Trump’s Claim That U.S. Taxpayer Money Funded Hamas Attacks Is False The claim centers on Iranian oil profits released from banks in South Korea. The claim centers on Iranian oil profits released from banks in South Korea.
"“No one in their sound mind will use a nuclear weapon against Russia,” the Russian president said. The test could not be independently verified.",article,nyt://article/a58e1991-8300-5ba5-bfe9-d5d85e548c1c,"[{'name': 'Person', 'value': 'Putin, Vladimir V', 'rank': 1}, {'name': 'Subject', 'value': 'Nuclear Tests', 'rank': 2}, {'name': 'Subject', 'value': 'Missiles and Missile Defense Systems', 'rank': 3}, {'name': 'Subject', 'value': 'Russian Invasion of Ukraine (2022)', 'rank': 4}, {'name': 'Location', 'value': 'Arctic Regions', 'rank': 5}, {'name': 'Location', 'value': 'Russia', 'rank': 6}, {'name': 'Subject', 'value': 'vis-video', 'rank': 7}]",Foreign,,,2023-10-05 17:43:41+00:00,World,"“No one in their sound mind will use a nuclear weapon against Russia,” the Russian president said. The test could not be independently verified.",The New York Times,Europe,News,nyt://article/a58e1991-8300-5ba5-bfe9-d5d85e548c1c,https://www.nytimes.com/2023/10/05/world/europe/putin-russia-nuclear-powered-missile-burevestnik.html,578,By Valerie Hopkins and Riley Mellen,Putin Claims Russia Successfully Tested a Nuclear-Powered Missile.,,,A photo released by Russian state media shows President Vladimir V. Putin speaking at the Valdai Discussion Club forum in the Black Sea resort town of Sochi on Thursday.,Mikhail Metzel/Sputnik,https://static01.nyt.com/images/2023/10/05/multimedia/05ukraine-briefing-putin-speech-topart-bwmj/05ukraine-briefing-putin-speech-topart-bwmj-articleLarge.jpg,400,600,https://static01.nyt.com/images/2023/10/05/multimedia/05ukraine-briefing-putin-speech-topart-bwmj/05ukraine-briefing-putin-speech-topart-bwmj-thumbStandard.jpg,75,75,Putin Claims Russia Successfully Tested a Nuclear-Powered Missile.,"Putin Claims Russia Successfully Tested a Nuclear-Powered Missile. “No one in their sound mind will use a nuclear weapon against Russia,” the Russian president said. The test could not be independently verified. “No one in their sound mind will use a nuclear weapon against Russia,” the Russian president said. The test could not be independently verified."
Aleksandar Vucic called Washington’s assertions of a “destabilizing” military presence along the border a “campaign of lies” after an attack in Kosovo renewed attention to a territorial conflict.,article,nyt://article/48b9d2d2-ee18-52c7-81b9-56288ca3fe91,"[{'name': 'Subject', 'value': 'Defense and Military Forces', 'rank': 1}, {'name': 'Organization', 'value': 'North Atlantic Treaty Organization', 'rank': 2}, {'name': 'Person', 'value': 'Vucic, Aleksandar', 'rank': 3}, {'name': 'Location', 'value': 'Kosovo', 'rank': 4}, {'name': 'Location', 'value': 'Serbia', 'rank': 5}, {'name': 'Location', 'value': 'United States', 'rank': 6}]",Foreign,,,2023-10-01 15:27:24+00:00,World,Aleksandar Vucic called Washington’s assertions of a “destabilizing” military presence along the border a “campaign of lies” after an attack in Kosovo renewed attention to a territorial conflict.,The New York Times,Europe,News,nyt://article/48b9d2d2-ee18-52c7-81b9-56288ca3fe91,https://www.nytimes.com/2023/10/01/world/europe/serbia-kosovo-troops-vucic.html,727,By Constant Méheut,Serbia’s President Rejects Claims of Troop Buildup Near Kosovo,,,"Standing guard on Wednesday near a monastery in northern Kosovo, near the border with Serbia, days after a shootout.",Armend Nimani/Agence France-Presse — Getty Images,https://static01.nyt.com/images/2023/10/01/multimedia/01serbia-troops-jvzh/01serbia-troops-jvzh-articleLarge.jpg,399,600,https://static01.nyt.com/images/2023/10/01/multimedia/01serbia-troops-jvzh/01serbia-troops-jvzh-thumbStandard.jpg,75,75,Serbia’s President Rejects Claims of Troop Buildup Near Kosovo,Serbia’s President Rejects Claims of Troop Buildup Near Kosovo Aleksandar Vucic called Washington’s assertions of a “destabilizing” military presence along the border a “campaign of lies” after an attack in Kosovo renewed attention to a territorial conflict. Aleksandar Vucic called Washington’s assertions of a “destabilizing” military presence along the border a “campaign of lies” after an attack in Kosovo renewed attention to a territorial conflict.
"As little territory changes hands on the battlefield, President Vladimir Putin of Russia and President Volodymyr Zelensky of Ukraine both signal that they are prepared to keep fighting.",article,nyt://article/d0b136e4-647c-5a7e-9197-0a9d4a2cf8f4,"[{'name': 'Subject', 'value': 'Russian Invasion of Ukraine (2022)', 'rank': 1}, {'name': 'Location', 'value': 'Russia', 'rank': 2}, {'name': 'Location', 'value': 'Ukraine', 'rank': 3}, {'name': 'Subject', 'value': 'Drones (Pilotless Planes)', 'rank': 4}, {'name': 'Subject', 'value': 'War and Armed Conflicts', 'rank': 5}, {'name': 'Subject', 'value': 'Energy and Power', 'rank': 6}]",Foreign,15.0,A,2023-09-30 09:51:16+00:00,World,"As little territory changes hands on the battlefield, President Vladimir Putin of Russia and President Volodymyr Zelensky of Ukraine both signal that they are prepared to keep fighting.",The New York Times,Europe,News,nyt://article/d0b136e4-647c-5a7e-9197-0a9d4a2cf8f4,https://www.nytimes.com/2023/09/30/world/europe/russia-ukraine-war.html,657,By Matthew Mpoke Bigg,"On Anniversary of Illegal Annexation, Russia Strikes Ukrainian Region It Claims as Its Own",,Russia Attacks Region It Considers Its Own,Ukrainian marines during training exercises last month in the Vuhledar area.,Tyler Hicks/The New York Times,https://static01.nyt.com/images/2023/10/01/multimedia/01ukraine-mjgf/30ukraine-mjgf-articleLarge.jpg,400,600,https://static01.nyt.com/images/2023/10/01/multimedia/01ukraine-mjgf/30ukraine-mjgf-thumbStandard.jpg,75,75,"On Anniversary of Illegal Annexation, Russia Strikes Ukrainian Region It Claims as Its Own","On Anniversary of Illegal Annexation, Russia Strikes Ukrainian Region It Claims as Its Own As little territory changes hands on the battlefield, President Vladimir Putin of Russia and President Volodymyr Zelensky of Ukraine both signal that they are prepared to keep fighting. As little territory changes hands on the battlefield, President Vladimir Putin of Russia and President Volodymyr Zelensky of Ukraine both signal that they are prepared to keep fighting."
"Moscow, apparently intent on disproving Ukrainian assertions, released videos and comments from the commander of its Black Sea Fleet, Adm. Viktor Sokolov.",article,nyt://article/43dd03e7-1b04-55f1-b69e-d6cdb2d0217c,"[{'name': 'Subject', 'value': 'Russian Invasion of Ukraine (2022)', 'rank': 1}, {'name': 'Subject', 'value': 'Defense and Military Forces', 'rank': 2}, {'name': 'Location', 'value': 'Black Sea', 'rank': 3}, {'name': 'Location', 'value': 'Sevastopol (Ukraine)', 'rank': 4}, {'name': 'Person', 'value': 'Putin, Vladimir V', 'rank': 5}, {'name': 'Person', 'value': 'Sokolov, Viktor (1962- )', 'rank': 6}, {'name': 'Location', 'value': 'Russia', 'rank': 7}, {'name': 'Location', 'value': 'Ukraine', 'rank': 8}, {'name': 'Subject', 'value': 'vis-video', 'rank': 9}]",Foreign,,,2023-09-27 23:00:10+00:00,World,"Moscow, apparently intent on disproving Ukrainian assertions, released videos and comments from the commander of its Black Sea Fleet, Adm. Viktor Sokolov.",The New York Times,Europe,News,nyt://article/43dd03e7-1b04-55f1-b69e-d6cdb2d0217c,https://www.nytimes.com/2023/09/27/world/europe/ukraine-russia-admiral.html,621,"By Valeriya Safronova, Oleg Matsnev and Eric Nagourney",Russia Releases New Videos of Admiral Ukraine Claimed to Have Killed,,,"An image from a video released by Russia’s Black Sea Fleet on Wednesday apparently showing Adm. Viktor Sokolov, commander of the fleet, speaking with journalists in Sevastopol, Crimea, in an apparent bid to show that he is alive and well.","Russian Black Sea Fleet, via Reuters",https://static01.nyt.com/images/2023/09/27/multimedia/27ukraine-ledeall-1-gwlk/27ukraine-ledeall-1-gwlk-articleLarge.jpg,400,600,https://static01.nyt.com/images/2023/09/27/multimedia/27ukraine-ledeall-1-gwlk/27ukraine-ledeall-1-gwlk-thumbStandard.jpg,75,75,Russia Releases New Videos of Admiral Ukraine Claimed to Have Killed,"Russia Releases New Videos of Admiral Ukraine Claimed to Have Killed Moscow, apparently intent on disproving Ukrainian assertions, released videos and comments from the commander of its Black Sea Fleet, Adm. Viktor Sokolov. Moscow, apparently intent on disproving Ukrainian assertions, released videos and comments from the commander of its Black Sea Fleet, Adm. Viktor Sokolov."
"The latest video, and comments published in Russian news outlets, appeared to be an effort by Moscow to end speculation over the admiral’s status.",article,nyt://article/514253b4-5eee-5c67-934c-75da68833044,"[{'name': 'Subject', 'value': 'Russian Invasion of Ukraine (2022)', 'rank': 1}, {'name': 'Location', 'value': 'Russia', 'rank': 2}, {'name': 'Location', 'value': 'Ukraine', 'rank': 3}, {'name': 'Subject', 'value': 'Defense and Military Forces', 'rank': 4}, {'name': 'Subject', 'value': 'Propaganda', 'rank': 5}, {'name': 'Location', 'value': 'Crimea (Ukraine)', 'rank': 6}, {'name': 'Location', 'value': 'Sevastopol (Ukraine)', 'rank': 7}]",Foreign,8.0,A,2023-09-27 11:26:42+00:00,World,"The latest video, and comments published in Russian news outlets, appeared to be an effort by Moscow to end speculation over the admiral’s status.",The New York Times,Europe,News,nyt://article/514253b4-5eee-5c67-934c-75da68833044,https://www.nytimes.com/2023/09/27/world/europe/russia-admiral-sokolov-video.html,393,By Valeriya Safronova and Oleg Matsnev,Russia Puts Out New Video of Admiral Ukraine Claims to Have Killed,,Russia Releases a New Video of Admiral Ukraine Claims to Have Killed,"An image taken from video released on Wednesday by the press service of Russia’s Black Sea Fleet shows a man identified as Adm. Viktor Sokolov, the commander of the fleet, during an interview in Sevastopol, Crimea.","Russian Black Sea Fleet, via Reuters",https://static01.nyt.com/images/2023/09/27/multimedia/27ukraine-briefing-admiral-pmhq/27ukraine-briefing-admiral-pmhq-articleLarge.jpg,400,600,https://static01.nyt.com/images/2023/09/27/multimedia/27ukraine-briefing-admiral-pmhq/27ukraine-briefing-admiral-pmhq-thumbStandard.jpg,75,75,Russia Puts Out New Video of Admiral Ukraine Claims to Have Killed,"Russia Puts Out New Video of Admiral Ukraine Claims to Have Killed The latest video, and comments published in Russian news outlets, appeared to be an effort by Moscow to end speculation over the admiral’s status. The latest video, and comments published in Russian news outlets, appeared to be an effort by Moscow to end speculation over the admiral’s status."
The report could,article,nyt://article/954adeb9-d362-5785-83ce-c42ba0d851b0,"[{'name': 'Location', 'value': 'Black Sea', 'rank': 1}, {'name': 'Location', 'value': 'Crimea (Ukraine)', 'rank': 2}, {'name': 'Subject', 'value': 'Russian Invasion of Ukraine (2022)', 'rank': 3}, {'name': 'Person', 'value': 'Sokolov, Viktor (1962- )', 'rank': 4}, {'name': 'Location', 'value': 'Russia', 'rank': 5}, {'name': 'Location', 'value': 'Ukraine', 'rank': 6}, {'name': 'Subject', 'value': 'vis-video', 'rank': 7}]",Foreign,,,2023-09-25 16:51:23+00:00,World,The report could,The New York Times,Europe,Live Blog Post,nyt://article/954adeb9-d362-5785-83ce-c42ba0d851b0,https://www.nytimes.com/live/2023/09/25/world/russia-ukraine-news/russias-black-sea-fleet-ukraine-viktor-sokolov,760,By Andrew E. Kramer and Matthew Mpoke Bigg,Ukraine claims that last Friday’s attack in Sevastopol killed more than 30 Russian officers.,,,This handout satellite image released on Saturday by Planet Labs PBC shows an aerial view of Sevastopol in Crimea after a missile attack struck the headquarters of the Black Sea fleet a day earlier.,Planet Labs PBC,https://static01.nyt.com/images/2023/09/23/multimedia/25ukraine-briefing-admiral/23ukraine-ledeall-01-qptj-articleLarge.jpg,400,600,https://static01.nyt.com/images/2023/09/23/multimedia/25ukraine-briefing-admiral/23ukraine-ledeall-01-qptj-thumbStandard.jpg,75,75,Ukraine claims that last Friday’s attack in Sevastopol killed more than 30 Russian officers.,Ukraine claims that last Friday’s attack in Sevastopol killed more than 30 Russian officers. The report could The report could
The charge that the Indian government is linked to the killing of a Sikh separatist may fuel the rift between Canada’s Sikhs and Hindus.,article,nyt://article/a608aa67-43ae-560c-a50e-612f6cdd2344,"[{'name': 'Subject', 'value': 'International Relations', 'rank': 1}, {'name': 'Subject', 'value': 'Assassinations and Attempted Assassinations', 'rank': 2}, {'name': 'Subject', 'value': 'Sikhs and Sikhism', 'rank': 3}, {'name': 'Subject', 'value': 'Hinduism', 'rank': 4}, {'name': 'Subject', 'value': 'Demonstrations, Protests and Riots', 'rank': 5}, {'name': 'Person', 'value': 'Nijjar, Hardeep Singh (1977-2023)', 'rank': 6}, {'name': 'Location', 'value': 'British Columbia (Canada)', 'rank': 7}, {'name': 'Location', 'value': 'Surrey (British Columbia)', 'rank': 8}, {'name': 'Location', 'value': 'Canada', 'rank': 9}, {'name': 'Location', 'value': 'India', 'rank': 10}]",Foreign,15.0,A,2023-09-20 20:09:21+00:00,World,The charge that the Indian government is linked to the killing of a Sikh separatist may fuel the rift between Canada’s Sikhs and Hindus.,The New York Times,Canada,News,nyt://article/a608aa67-43ae-560c-a50e-612f6cdd2344,https://www.nytimes.com/2023/09/20/world/canada/hardeep-singh-nijjar-killed.html,989,By Vjosa Isai and Ian Austen,Canada’s Assassination Claim Further Divides Its Indian Diaspora,,Canada’s Allegations Further Divide Its Indian Diaspora,"A cyclist near the temple in Surrey, British Columbia, where Hardeep Singh Nijjar was killed in June. The recent allegation that India was behind the killing has highlighted tensions within Canada’s Indian diaspora.","Darryl Dyck/The Canadian Press, via Associated Press",https://static01.nyt.com/images/2023/09/20/multimedia/20canada-india-01-jzlb/20canada-india-01-jzlb-articleLarge.jpg,400,600,https://static01.nyt.com/images/2023/09/20/multimedia/20canada-india-01-jzlb/20canada-india-01-jzlb-thumbStandard.jpg,75,75,Canada’s Assassination Claim Further Divides Its Indian Diaspora,Canada’s Assassination Claim Further Divides Its Indian Diaspora The charge that the Indian government is linked to the killing of a Sikh separatist may fuel the rift between Canada’s Sikhs and Hindus. The charge that the Indian government is linked to the killing of a Sikh separatist may fuel the rift between Canada’s Sikhs and Hindus.
The allegation that India was involved in the killing of a Sikh leader in Canada came after New Delhi had accused Western countries of inaction on secessionist groups.,article,nyt://article/4f6a0070-5505-5e6c-ac9d-77f9f37ad6e8,"[{'name': 'Person', 'value': 'Nijjar, Hardeep Singh (1977-2023)', 'rank': 1}, {'name': 'Subject', 'value': 'Assassinations and Attempted Assassinations', 'rank': 2}, {'name': 'Subject', 'value': 'International Relations', 'rank': 3}, {'name': 'Subject', 'value': 'Sikhs and Sikhism', 'rank': 4}, {'name': 'Subject', 'value': 'Espionage and Intelligence Services', 'rank': 5}, {'name': 'Subject', 'value': 'Secession and Independence Movements', 'rank': 6}, {'name': 'Organization', 'value': 'Bharatiya Janata Party', 'rank': 7}, {'name': 'Person', 'value': 'Trudeau, Justin', 'rank': 8}, {'name': 'Location', 'value': 'Canada', 'rank': 9}, {'name': 'Location', 'value': 'India', 'rank': 10}, {'name': 'Location', 'value': 'British Columbia (Canada)', 'rank': 11}]",Foreign,1.0,A,2023-09-19 13:27:44+00:00,World,The allegation that India was involved in the killing of a Sikh leader in Canada came after New Delhi had accused Western countries of inaction on secessionist groups.,The New York Times,Asia Pacific,News,nyt://article/4f6a0070-5505-5e6c-ac9d-77f9f37ad6e8,https://www.nytimes.com/2023/09/19/world/asia/trudeau-canada-india-separatists.html,1277,"By Mujib Mashal, Hari Kumar and Suhasini Raj",Canada’s Startling Claim Punctuates Tension With India Over Separatists,,Canada-India Tension Boils After Murder Claim,Prime Minister Justin Trudeau of Canada and Prime Minister Narendra Modi of India ahead of a Group of 20 meeting in New Delhi this month.,Pool photo by Evan Vucci,https://static01.nyt.com/images/2023/09/19/multimedia/19India-canada-01-wkgq/19India-canada-01-wkgq-articleLarge.jpg,400,600,https://static01.nyt.com/images/2023/09/19/multimedia/19India-canada-01-wkgq/19India-canada-01-wkgq-thumbStandard.jpg,75,75,Canada’s Startling Claim Punctuates Tension With India Over Separatists,Canada’s Startling Claim Punctuates Tension With India Over Separatists The allegation that India was involved in the killing of a Sikh leader in Canada came after New Delhi had accused Western countries of inaction on secessionist groups. The allegation that India was involved in the killing of a Sikh leader in Canada came after New Delhi had accused Western countries of inaction on secessionist groups.
,article,nyt://article/24ee6a10-ad2a-5bd1-871a-d97eb84c5702,[],Foreign,,,2023-09-12 09:28:57+00:00,World,,The New York Times,Europe,Live Blog Post,nyt://article/24ee6a10-ad2a-5bd1-871a-d97eb84c5702,https://www.nytimes.com/live/2023/09/12/world/russia-ukraine-news/ukraine-claims-to-have-retaken-oil-and-gas-platforms-in-the-black-sea,219,By Marc Santora,Ukraine claims to have retaken oil and gas platforms in the Black Sea.,,,A Ukrainian soldier looking at a damaged Russian military aircraft on Snake Island in the Black Sea in December. The island and offshore oil and gas platforms have strategic value.,Michael Shtekel/Associated Press,https://static01.nyt.com/images/2023/09/11/world/12ukraine-briefing-oil-gas-VERSION/11ukraine-briefing-oil-platforms-articleLarge.jpg,400,600,https://static01.nyt.com/images/2023/09/11/world/12ukraine-briefing-oil-gas-VERSION/11ukraine-briefing-oil-platforms-thumbStandard.jpg,75,75,Ukraine claims to have retaken oil and gas platforms in the Black Sea.,Ukraine claims to have retaken oil and gas platforms in the Black Sea.
The platforms have played a role in Russia’s ability to project power off Ukraine’s coast since Moscow seized them in 2015.,article,nyt://article/2c9fe529-754b-580d-89d7-98e5dbe5e344,"[{'name': 'Subject', 'value': 'Russian Invasion of Ukraine (2022)', 'rank': 1}, {'name': 'Subject', 'value': 'Offshore Drilling and Exploration', 'rank': 2}, {'name': 'Location', 'value': 'Black Sea', 'rank': 3}]",Foreign,,,2023-09-11 16:02:10+00:00,World,The platforms have played a role in Russia’s ability to project power off Ukraine’s coast since Moscow seized them in 2015.,The New York Times,Europe,News,nyt://article/2c9fe529-754b-580d-89d7-98e5dbe5e344,https://www.nytimes.com/2023/09/11/world/europe/ukraine-black-sea-oil-platforms.html,470,By Marc Santora,Ukraine Claims to Have Retaken Oil and Gas Platforms in the Black Sea,,Ukraine Says That It Retook Oil Platforms,A Ukrainian soldier looking at a damaged Russian military aircraft on Snake Island in the Black Sea in December. The island and offshore oil and gas platforms have strategic value.,Michael Shtekel/Associated Press,https://static01.nyt.com/images/2023/09/11/world/11ukraine-briefing-oil-platforms/11ukraine-briefing-oil-platforms-articleLarge.jpg,400,600,https://static01.nyt.com/images/2023/09/11/world/11ukraine-briefing-oil-platforms/11ukraine-briefing-oil-platforms-thumbStandard.jpg,75,75,Ukraine Claims to Have Retaken Oil and Gas Platforms in the Black Sea,Ukraine Claims to Have Retaken Oil and Gas Platforms in the Black Sea The platforms have played a role in Russia’s ability to project power off Ukraine’s coast since Moscow seized them in 2015. The platforms have played a role in Russia’s ability to project power off Ukraine’s coast since Moscow seized them in 2015.
,article,nyt://article/b13d7609-6f70-51e5-9ba4-b46365f78f92,[],Foreign,,,2023-09-11 06:43:17+00:00,World,,The New York Times,Europe,Live Blog Post,nyt://article/b13d7609-6f70-51e5-9ba4-b46365f78f92,https://www.nytimes.com/live/2023/09/11/world/russia-ukraine-news/zelensky-renews-pleas-for-more-military-aid,479,By Vivek Shankar and Marc Santora,Zelensky renews pleas for more military aid as Ukraine claims additional gains.,,,"Ukrainian soldiers being treated for concussions at a stabilization point outside of Bakhmut, Ukraine, on Saturday.",Lynsey Addario for The New York Times,https://static01.nyt.com/images/2023/09/11/multimedia/11ukraine-briefing-zelensky-aid-hfkw/11ukraine-briefing-zelensky-aid-hfkw-articleLarge.jpg,400,600,https://static01.nyt.com/images/2023/09/11/multimedia/11ukraine-briefing-zelensky-aid-hfkw/11ukraine-briefing-zelensky-aid-hfkw-thumbStandard.jpg,75,75,Zelensky renews pleas for more military aid as Ukraine claims additional gains.,Zelensky renews pleas for more military aid as Ukraine claims additional gains.
,article,nyt://article/8c0d22a0-072d-545f-a535-5a8978ce12bf,"[{'name': 'Subject', 'value': 'Russian Invasion of Ukraine (2022)', 'rank': 1}, {'name': 'Subject', 'value': 'Nuclear Weapons', 'rank': 2}, {'name': 'Subject', 'value': 'Missiles and Missile Defense Systems', 'rank': 3}, {'name': 'Subject', 'value': 'Arms Control and Limitation and Disarmament', 'rank': 4}, {'name': 'Person', 'value': 'Putin, Vladimir V', 'rank': 5}, {'name': 'Location', 'value': 'Russia', 'rank': 6}]",Foreign,7.0,A,2023-09-01 18:42:08+00:00,World,,The New York Times,Europe,Live Blog Post,nyt://article/8c0d22a0-072d-545f-a535-5a8978ce12bf,https://www.nytimes.com/live/2023/09/01/world/russia-ukraine-news/russia-sarmat-missile,825,"By Neil MacFarquhar, Julian E. Barnes and William J. Broad",Russia claims its Sarmat intercontinental missile is on ‘combat duty.’,,"Ballistic Missile Ready for Use, Russia Claims",An image taken from a video released by the Russian Defense Ministry showing the launch of the Sarmat intercontinental ballistic missile during a 2022 test.,Russian Defense Ministry/Agence France-Presse — Getty Images,https://static01.nyt.com/images/2023/09/01/multimedia/01Ukraine-briefing-sarmat-blhj/01Ukraine-briefing-sarmat-blhj-articleLarge.jpg,400,600,https://static01.nyt.com/images/2023/09/01/multimedia/01Ukraine-briefing-sarmat-blhj/01Ukraine-briefing-sarmat-blhj-thumbStandard.jpg,75,75,Russia claims its Sarmat intercontinental missile is on ‘combat duty.’,Russia claims its Sarmat intercontinental missile is on ‘combat duty.’
"President Emmerson Mnangagwa won another five-year term, but did so by intimidating voters and manipulating the campaign process, the opposition says.",article,nyt://article/9b3a39a8-709a-5f64-b162-07582e6b52d8,"[{'name': 'Location', 'value': 'Zimbabwe', 'rank': 1}, {'name': 'Subject', 'value': 'Elections', 'rank': 2}, {'name': 'Subject', 'value': 'Voter Fraud (Election Fraud)', 'rank': 3}, {'name': 'Subject', 'value': 'Politics and Government', 'rank': 4}, {'name': 'Organization', 'value': 'Citizens Coalition for Change (Zimbabwean Political Party)', 'rank': 5}, {'name': 'Organization', 'value': 'Zimbabwe African National Union-Patriotic Front (ZANU-PF)', 'rank': 6}, {'name': 'Person', 'value': 'Chamisa, Nelson', 'rank': 7}, {'name': 'Person', 'value': 'Mnangagwa, Emmerson', 'rank': 8}]",Foreign,7.0,A,2023-08-26 21:35:49+00:00,World,"President Emmerson Mnangagwa won another five-year term, but did so by intimidating voters and manipulating the campaign process, the opposition says.",The New York Times,Africa,News,nyt://article/9b3a39a8-709a-5f64-b162-07582e6b52d8,https://www.nytimes.com/2023/08/26/world/africa/zimbabwe-election-mnangagwa-wins.html,1308,By John Eligon,Incumbent Claims Victory in Zimbabwe Election Amid Fraud Accusations,,Zimbabwe’s President Claims Election Victory Amid Fraud Accusations,"President Emmerson Mnangagwa at a campaign rally in Harare, Zimbabwe, this month. The country has a history of election irregularities.",Tsvangirayi Mukwazhi/Associated Press,https://static01.nyt.com/images/2023/08/24/multimedia/00ZIMBABWE-ELECTION-HFO-vjhg/00ZIMBABWE-ELECTION-HFO-vjhg-articleLarge.jpg,396,600,https://static01.nyt.com/images/2023/08/24/multimedia/00ZIMBABWE-ELECTION-HFO-vjhg/00ZIMBABWE-ELECTION-HFO-vjhg-thumbStandard.jpg,75,75,Incumbent Claims Victory in Zimbabwe Election Amid Fraud Accusations,"Incumbent Claims Victory in Zimbabwe Election Amid Fraud Accusations President Emmerson Mnangagwa won another five-year term, but did so by intimidating voters and manipulating the campaign process, the opposition says. President Emmerson Mnangagwa won another five-year term, but did so by intimidating voters and manipulating the campaign process, the opposition says."
"Taking back the peninsula, which was annexed by Russia in 2014, has remained a core part of the Ukrainian war effort.",article,nyt://article/35072896-9bc6-52a4-b616-c05999c99652,[],Foreign,,,2023-08-24 17:20:02+00:00,World,"Taking back the peninsula, which was annexed by Russia in 2014, has remained a core part of the Ukrainian war effort.",The New York Times,Europe,News,nyt://article/35072896-9bc6-52a4-b616-c05999c99652,https://www.nytimes.com/2023/08/24/world/europe/ukraine-crimea-raid.html,484,By Matthew Mpoke Bigg,Ukraine claims its forces staged a brief raid in occupied Crimea.,,,,,,0,0,,0,0,Ukraine claims its forces staged a brief raid in occupied Crimea.,"Ukraine claims its forces staged a brief raid in occupied Crimea. Taking back the peninsula, which was annexed by Russia in 2014, has remained a core part of the Ukrainian war effort. Taking back the peninsula, which was annexed by Russia in 2014, has remained a core part of the Ukrainian war effort."
,article,nyt://article/79c550be-5544-5be6-97a3-5c38fff56702,[],Foreign,,,2023-08-23 16:49:32+00:00,World,,The New York Times,Europe,Live Blog Post,nyt://article/79c550be-5544-5be6-97a3-5c38fff56702,https://www.nytimes.com/live/2023/08/23/world/prigozhin-russia-ukraine-war-news/ukraine-denies-russian-claims-of-destroying-a-ukrainian-naval-vessel-in-the-black-sea,372,By Constant Méheut,Ukraine denies Russian claims of destroying a Ukrainian naval vessel in the Black Sea.,,,,,,0,0,,0,0,Ukraine denies Russian claims of destroying a Ukrainian naval vessel in the Black Sea.,Ukraine denies Russian claims of destroying a Ukrainian naval vessel in the Black Sea.
"In an interview with The New York Times, a civilian leader of the junta sounded a conciliatory tone. He also said Niger would not summon the Kremlin-backed Wagner mercenary group.",article,nyt://article/b085b7ba-378d-57ee-b48c-1f8a5236761e,"[{'name': 'Subject', 'value': ""Coups D'Etat and Attempted Coups D'Etat"", 'rank': 1}, {'name': 'Subject', 'value': 'International Relations', 'rank': 2}, {'name': 'Subject', 'value': 'Defense and Military Forces', 'rank': 3}, {'name': 'Subject', 'value': 'Embargoes and Sanctions', 'rank': 4}, {'name': 'Person', 'value': 'Bazoum, Mohamed (1960- )', 'rank': 5}, {'name': 'Person', 'value': 'Zeine, Ali Lamine', 'rank': 6}, {'name': 'Location', 'value': 'Niger', 'rank': 7}, {'name': 'Location', 'value': 'Africa', 'rank': 8}, {'name': 'Organization', 'value': 'Wagner Group', 'rank': 9}, {'name': 'Location', 'value': 'France', 'rank': 10}, {'name': 'Location', 'value': 'Sahara Desert', 'rank': 11}, {'name': 'Location', 'value': 'Russia', 'rank': 12}]",Foreign,9.0,A,2023-08-18 19:55:48+00:00,World,"In an interview with The New York Times, a civilian leader of the junta sounded a conciliatory tone. He also said Niger would not summon the Kremlin-backed Wagner mercenary group.",The New York Times,Africa,News,nyt://article/b085b7ba-378d-57ee-b48c-1f8a5236761e,https://www.nytimes.com/2023/08/18/world/africa/niger-coup-president.html,659,By Elian Peltier,Junta Official in Niger Claims Captive President Will Not Be Harmed,,Junta Claims Niger’s Captive President Will Not Be Harmed,"Ali Lamine Zeine, named prime minister of Niger by coup leaders who seized power last month, is a former finance minister. He is seen here at the International Monetary Fund in Washington, in 2008.",Matthew Cavanaugh/European Pressphoto Agency,https://static01.nyt.com/images/2023/08/18/multimedia/18niger-1-gcbj/18niger-1-gcbj-articleLarge.jpg,400,600,https://static01.nyt.com/images/2023/08/18/multimedia/18niger-1-gcbj/18niger-1-gcbj-thumbStandard.jpg,75,75,Junta Official in Niger Claims Captive President Will Not Be Harmed,"Junta Official in Niger Claims Captive President Will Not Be Harmed In an interview with The New York Times, a civilian leader of the junta sounded a conciliatory tone. He also said Niger would not summon the Kremlin-backed Wagner mercenary group. In an interview with The New York Times, a civilian leader of the junta sounded a conciliatory tone. He also said Niger would not summon the Kremlin-backed Wagner mercenary group."
"The statement was the first public acknowledgment by the country that it has the soldier, Pvt. Travis King, in its custody.",article,nyt://article/0138999e-f5cf-5737-ae5d-6f00bb84b069,"[{'name': 'Location', 'value': 'North Korea', 'rank': 1}, {'name': 'Person', 'value': 'King, Travis T', 'rank': 2}, {'name': 'Organization', 'value': 'United States Army', 'rank': 3}, {'name': 'Location', 'value': 'Korean Demilitarized Zone', 'rank': 4}, {'name': 'Location', 'value': 'South Korea', 'rank': 5}, {'name': 'Location', 'value': 'United States', 'rank': 6}, {'name': 'Subject', 'value': 'International Relations', 'rank': 7}, {'name': 'Subject', 'value': 'Defense and Military Forces', 'rank': 8}, {'name': 'Subject', 'value': 'Politics and Government', 'rank': 9}, {'name': 'Subject', 'value': 'United States Defense and Military Forces', 'rank': 10}]",Foreign,5.0,A,2023-08-15 23:51:14+00:00,World,"The statement was the first public acknowledgment by the country that it has the soldier, Pvt. Travis King, in its custody.",The New York Times,Asia Pacific,News,nyt://article/0138999e-f5cf-5737-ae5d-6f00bb84b069,https://www.nytimes.com/2023/08/15/world/asia/north-korea-travis-king.html,500,By Choe Sang-Hun,North Korea Claims U.S. Soldier Fled ‘Maltreatment’ in Army,,"Soldier Fled Injustice, North Korea Says",A file image of a news program on the American soldier Travis King at the Seoul Railway Station in Seoul last month.,Ahn Young-Joon/Associated Press,https://static01.nyt.com/images/2023/08/15/multimedia/15nkorea-king-jvpf/15nkorea-king-jvpf-articleLarge.jpg,391,600,https://static01.nyt.com/images/2023/08/15/multimedia/15nkorea-king-jvpf/15nkorea-king-jvpf-thumbStandard.jpg,75,75,North Korea Claims U.S. Soldier Fled ‘Maltreatment’ in Army,"North Korea Claims U.S. Soldier Fled ‘Maltreatment’ in Army The statement was the first public acknowledgment by the country that it has the soldier, Pvt. Travis King, in its custody. The statement was the first public acknowledgment by the country that it has the soldier, Pvt. Travis King, in its custody."
"The death toll from Sunday’s suicide bombing, which targeted a political rally near the border with Afghanistan, rose to at least 54 people, an official said.",article,nyt://article/8bd77176-9693-5799-a844-f91e4bd78dbb,"[{'name': 'Location', 'value': 'Pakistan', 'rank': 1}, {'name': 'Organization', 'value': 'Islamic State Khorasan', 'rank': 2}, {'name': 'Subject', 'value': 'Terrorism', 'rank': 3}, {'name': 'Subject', 'value': 'Deaths (Fatalities)', 'rank': 4}, {'name': 'Subject', 'value': 'Politics and Government', 'rank': 5}, {'name': 'Subject', 'value': 'Elections', 'rank': 6}, {'name': 'Subject', 'value': 'International Relations', 'rank': 7}, {'name': 'Location', 'value': 'Afghanistan', 'rank': 8}]",Foreign,9.0,A,2023-07-31 18:44:57+00:00,World,"The death toll from Sunday’s suicide bombing, which targeted a political rally near the border with Afghanistan, rose to at least 54 people, an official said.",The New York Times,Asia Pacific,News,nyt://article/8bd77176-9693-5799-a844-f91e4bd78dbb,https://www.nytimes.com/2023/07/31/world/asia/pakistan-bombing-isis.html,767,By Christina Goldbaum,ISIS Affiliate Claims Responsibility for Deadly Attack at Rally in Pakistan,,ISIS Affiliate Says It Was Behind Attack on Pakistan Rally,Security personnel examining the site of an explosion in the Bajaur district near Pakistan’s border with Afghanistan on Monday.,Abdul Majeed/Agence France-Presse — Getty Images,https://static01.nyt.com/images/2023/07/31/multimedia/31pakistan-bombing-01-cgvw/31pakistan-bombing-01-cgvw-articleLarge.jpg,400,600,https://static01.nyt.com/images/2023/07/31/multimedia/31pakistan-bombing-01-cgvw/31pakistan-bombing-01-cgvw-thumbStandard.jpg,75,75,ISIS Affiliate Claims Responsibility for Deadly Attack at Rally in Pakistan,"ISIS Affiliate Claims Responsibility for Deadly Attack at Rally in Pakistan The death toll from Sunday’s suicide bombing, which targeted a political rally near the border with Afghanistan, rose to at least 54 people, an official said. The death toll from Sunday’s suicide bombing, which targeted a political rally near the border with Afghanistan, rose to at least 54 people, an official said."
"Gen. Omar Tchiani spoke on state television as the head of a transitional leadership in the West African country, two days after his troops detained the elected president.",article,nyt://article/a4a219d2-ad9c-5028-9953-a82e5293c62d,"[{'name': 'Location', 'value': 'Niger', 'rank': 1}, {'name': 'Subject', 'value': ""Coups D'Etat and Attempted Coups D'Etat"", 'rank': 2}, {'name': 'Subject', 'value': 'Politics and Government', 'rank': 3}, {'name': 'Subject', 'value': 'International Relations', 'rank': 4}, {'name': 'Subject', 'value': 'Defense and Military Forces', 'rank': 5}, {'name': 'Person', 'value': 'Bazoum, Mohamed (1960- )', 'rank': 6}, {'name': 'Person', 'value': 'Tchiani, Abdourahmane', 'rank': 7}]",Foreign,7.0,A,2023-07-28 11:55:23+00:00,World,"Gen. Omar Tchiani spoke on state television as the head of a transitional leadership in the West African country, two days after his troops detained the elected president.",The New York Times,Africa,News,nyt://article/a4a219d2-ad9c-5028-9953-a82e5293c62d,https://www.nytimes.com/2023/07/28/world/africa/niger-coup-general-omar-tchiani.html,1041,By Elian Peltier and Omar Hama Saley,Head of Presidential Guard Claims Power in Niger Coup,,General Claims Power After Niger Coup; Constitution Is Suspended,Gen. Omar Tchiani was identified by state television as the president of the National Council for the Safeguarding of the Country.,"Télé Sahel, via Agence France-Presse — Getty Images",https://static01.nyt.com/images/2023/07/28/multimedia/28niger-enog/28niger-enog-articleLarge.jpg,400,600,https://static01.nyt.com/images/2023/07/28/multimedia/28niger-enog/28niger-enog-thumbStandard.jpg,75,75,Head of Presidential Guard Claims Power in Niger Coup,"Head of Presidential Guard Claims Power in Niger Coup Gen. Omar Tchiani spoke on state television as the head of a transitional leadership in the West African country, two days after his troops detained the elected president. Gen. Omar Tchiani spoke on state television as the head of a transitional leadership in the West African country, two days after his troops detained the elected president."
 ,article,nyt://article/1cbae402-4af7-5ead-8771-c996c6f722c5,"[{'name': 'Subject', 'value': 'vis-video', 'rank': 1}]",Foreign,,,2023-07-27 10:49:12+00:00,World, ,The New York Times,Europe,News,nyt://article/1cbae402-4af7-5ead-8771-c996c6f722c5,https://www.nytimes.com/2023/07/27/world/europe/ukraine-says-its-offensive-is-pushing-in-two-directions-toward-the-sea-of-azov.html,600,By Marc Santora,Putin claims Russian lines are holding.,,,Ukrainian soldiers preparing to fire mobile artillery toward Russian positions in the Zaporizhzhia region this month.,David Guttenfelder for The New York Times,https://static01.nyt.com/images/2023/07/27/multimedia/27ukraine-briefing-southern-push-01-zpft/27ukraine-briefing-southern-push-01-zpft-articleLarge.jpg,400,600,https://static01.nyt.com/images/2023/07/27/multimedia/27ukraine-briefing-southern-push-01-zpft/27ukraine-briefing-southern-push-01-zpft-thumbStandard.jpg,75,75,Putin claims Russian lines are holding.,Putin claims Russian lines are holding.
,article,nyt://article/4a32f8d4-2558-507b-a696-5cce1f56eb6e,[],Foreign,,,2023-07-25 17:53:22+00:00,World,,The New York Times,Europe,Live Blog Post,nyt://article/4a32f8d4-2558-507b-a696-5cce1f56eb6e,https://www.nytimes.com/live/2023/07/25/world/russia-ukraine-news/the-un-rights-chief-dismisses-russian-claims-over-a-blast-last-year-that-killed-pows-from-mariupol,345,By Nick Cumming-Bruce,The U.N. dismisses Russian claims about P.O.W.s from Mariupol.,,,The heavily damaged prison building in Olenivka last August. ,Alexander Ermochenko/Reuters,https://static01.nyt.com/images/2023/07/25/multimedia/25ukraine-briefing-olenivka-geneva-lpht/25ukraine-briefing-olenivka-geneva-lpht-articleLarge.jpg,400,600,https://static01.nyt.com/images/2023/07/25/multimedia/25ukraine-briefing-olenivka-geneva-lpht/25ukraine-briefing-olenivka-geneva-lpht-thumbStandard.jpg,75,75,The U.N. dismisses Russian claims about P.O.W.s from Mariupol.,The U.N. dismisses Russian claims about P.O.W.s from Mariupol.
,article,nyt://article/1c76a6b9-6b43-5fac-8380-b3af186fcc8d,[],Foreign,,,2023-07-06 08:03:09+00:00,World,,The New York Times,Europe,Live Blog Post,nyt://article/1c76a6b9-6b43-5fac-8380-b3af186fcc8d,https://www.nytimes.com/live/2023/07/06/world/russia-ukraine-news/prigozhin-is-in-russia-lukashenko-says-in-contrast-with-his-earlier-claims,954,By Valerie Hopkins,"Prigozhin is in Russia, Lukashenko says, in contrast with his earlier claims.",,,"President Aleksandr G. Lukashenko of Belarus addressing journalists in Minsk, the capital, on Thursday.",Nanna Heitmann for The New York Times,https://static01.nyt.com/images/2023/07/06/multimedia/06ukraine-briefing-lukashenko-sub/qzmb-articleLarge.jpg,450,600,https://static01.nyt.com/images/2023/07/06/multimedia/06ukraine-briefing-lukashenko-sub/qzmb-thumbStandard.jpg,75,75,"Prigozhin is in Russia, Lukashenko says, in contrast with his earlier claims.","Prigozhin is in Russia, Lukashenko says, in contrast with his earlier claims."
Brazil’s electoral court banned former President Jair Bolsonaro from seeking office until 2030 for spreading false claims about the nation’s voting system.,article,nyt://article/b5b2b0cd-e6f6-53a4-8c08-a65a06c8871a,"[{'name': 'Location', 'value': 'Brazil', 'rank': 1}, {'name': 'Person', 'value': 'Bolsonaro, Jair (1955- )', 'rank': 2}, {'name': 'Subject', 'value': 'Elections', 'rank': 3}, {'name': 'Subject', 'value': 'Politics and Government', 'rank': 4}, {'name': 'Subject', 'value': 'Decisions and Verdicts', 'rank': 5}, {'name': 'Subject', 'value': 'Voter Fraud (Election Fraud)', 'rank': 6}, {'name': 'Subject', 'value': 'Right-Wing Extremism and Alt-Right', 'rank': 7}, {'name': 'Subject', 'value': 'Voting Machines', 'rank': 8}, {'name': 'Subject', 'value': 'Project Democracy', 'rank': 9}, {'name': 'Subject', 'value': 'Courts and the Judiciary', 'rank': 10}, {'name': 'Organization', 'value': 'Supreme Federal Court (Brazil)', 'rank': 11}, {'name': 'Person', 'value': 'Da Silva, Luiz Inacio Lula', 'rank': 12}, {'name': 'Person', 'value': 'Moraes, Alexandre de (1968- )', 'rank': 13}]",Foreign,9.0,A,2023-06-30 15:38:40+00:00,World,Brazil’s electoral court banned former President Jair Bolsonaro from seeking office until 2030 for spreading false claims about the nation’s voting system.,The New York Times,Americas,News,nyt://article/b5b2b0cd-e6f6-53a4-8c08-a65a06c8871a,https://www.nytimes.com/2023/06/30/world/americas/bolsonaro-brazil-banned-office.html,1331,By Jack Nicas,Brazil Bars Bolsonaro From Office for Election-Fraud Claims,,Brazil Bars Bolsonaro From Office for Fraud Claims,The former president Jair Bolsonaro has been blocked from seeking public office until 2030. ,Haiyun Jiang/The New York Times,https://static01.nyt.com/images/2023/06/22/multimedia/HFO-brazil-bolsonaro-qplz/HFO-brazil-bolsonaro-qplz-articleLarge.jpg,400,600,https://static01.nyt.com/images/2023/06/22/multimedia/HFO-brazil-bolsonaro-qplz/HFO-brazil-bolsonaro-qplz-thumbStandard.jpg,75,75,Brazil Bars Bolsonaro From Office for Election-Fraud Claims,Brazil Bars Bolsonaro From Office for Election-Fraud Claims Brazil’s electoral court banned former President Jair Bolsonaro from seeking office until 2030 for spreading false claims about the nation’s voting system. Brazil’s electoral court banned former President Jair Bolsonaro from seeking office until 2030 for spreading false claims about the nation’s voting system.
"The Kremlin had said an investigation into Yevgeny V. Prigozhin’s role in the brief uprising against Russia’s military command was dropped, but Russian news media reports say the case remains open.",article,nyt://article/ffb5b237-a883-5153-b793-c02ecfbb100e,"[{'name': 'Subject', 'value': 'Russian Invasion of Ukraine (2022)', 'rank': 1}, {'name': 'Location', 'value': 'Ukraine', 'rank': 2}, {'name': 'Location', 'value': 'Russia', 'rank': 3}, {'name': 'Organization', 'value': 'Wagner Group', 'rank': 4}, {'name': 'Person', 'value': 'Prigozhin, Yevgeny V', 'rank': 5}]",Foreign,,,2023-06-26 12:23:32+00:00,World,"The Kremlin had said an investigation into Yevgeny V. Prigozhin’s role in the brief uprising against Russia’s military command was dropped, but Russian news media reports say the case remains open.",The New York Times,Europe,News,nyt://article/ffb5b237-a883-5153-b793-c02ecfbb100e,https://www.nytimes.com/2023/06/26/world/europe/prigozhin-russia-criminal-case-belarus.html,854,By Valerie Hopkins,"In his first remarks since his revolt, Prigozhin claims he wasn’t trying to overthrow Putin.",,,"Yevgeny V. Prigozhin, the leader of the Wagner mercenary group, leaving Rostov-on-Don, Russia, on Saturday.",Alexander Ermochenko/Reuters,https://static01.nyt.com/images/2023/06/25/multimedia/26ukraine-briefing-Prigozhin-color/25wagner-war-02-vztc-articleLarge.jpg,435,600,https://static01.nyt.com/images/2023/06/25/multimedia/26ukraine-briefing-Prigozhin-color/25wagner-war-02-vztc-thumbStandard.jpg,75,75,"In his first remarks since his revolt, Prigozhin claims he wasn’t trying to overthrow Putin.","In his first remarks since his revolt, Prigozhin claims he wasn’t trying to overthrow Putin. The Kremlin had said an investigation into Yevgeny V. Prigozhin’s role in the brief uprising against Russia’s military command was dropped, but Russian news media reports say the case remains open. The Kremlin had said an investigation into Yevgeny V. Prigozhin’s role in the brief uprising against Russia’s military command was dropped, but Russian news media reports say the case remains open."
,article,nyt://article/4008b4ff-afc9-51f9-85a9-dda367783624,"[{'name': 'Subject', 'value': 'vis-video', 'rank': 1}]",Video,,,2023-06-24 09:39:03+00:00,World,,The New York Times,Europe,Live Blog Post,nyt://article/4008b4ff-afc9-51f9-85a9-dda367783624,https://www.nytimes.com/live/2023/06/24/world/russia-wagner-prigozhin-ukraine-news/videos-show-fighting-in-the-voronezh-region-after-claims-that-wagner-fighters-were-in-the-area,198,"By Haley Willis, Riley Mellen and Christiaan Triebert",Videos show fighting in the Voronezh region after claims that Wagner fighters were in the area.,,,"A column of military vehicles driving along the major M-4 highway linking Rostov-on-Don to Moscow, near Voronezh, Russia, on Saturday.",Reuters,https://static01.nyt.com/images/2023/06/24/multimedia/24ukraine-blog-vi-voronezh-5-zpjv/24ukraine-blog-vi-voronezh-5-zpjv-articleLarge.jpg,400,600,https://static01.nyt.com/images/2023/06/24/multimedia/24ukraine-blog-vi-voronezh-5-zpjv/24ukraine-blog-vi-voronezh-5-zpjv-thumbStandard.jpg,75,75,Videos show fighting in the Voronezh region after claims that Wagner fighters were in the area.,Videos show fighting in the Voronezh region after claims that Wagner fighters were in the area.
,article,nyt://article/13562964-366b-5535-87b6-8f7a7c07b05f,[],Foreign,,,2023-06-16 20:06:07+00:00,World,,The New York Times,Europe,Live Blog Post,nyt://article/13562964-366b-5535-87b6-8f7a7c07b05f,https://www.nytimes.com/live/2023/06/16/world/russia-ukraine-news/us-condemns-putins-claim-to-have-deployed-nuclear-weapons-in-belarus,320,By Michael Crowley and Anushka Patil,U.S. condemns Putin’s claim to have deployed nuclear weapons in Belarus.,,,"Secretary of State Antony J. Blinken with President Biden in the White House on Tuesday. Mr. Blinken said on Friday that the United States was monitoring the movement of Russian nuclear weapons, but saw no sign of alarm.",Haiyun Jiang for The New York Times,https://static01.nyt.com/images/2023/06/16/multimedia/16ukraine-briefing-belarus-nukes-01-hzbk/16ukraine-briefing-belarus-nukes-01-hzbk-articleLarge.jpg,400,600,https://static01.nyt.com/images/2023/06/16/multimedia/16ukraine-briefing-belarus-nukes-01-hzbk/16ukraine-briefing-belarus-nukes-01-hzbk-thumbStandard.jpg,75,75,U.S. condemns Putin’s claim to have deployed nuclear weapons in Belarus.,U.S. condemns Putin’s claim to have deployed nuclear weapons in Belarus.
,article,nyt://article/fcbf7e7a-c22b-5286-a5b6-007832b31a73,"[{'name': 'Subject', 'value': 'Russian Invasion of Ukraine (2022)', 'rank': 1}]",Foreign,,,2023-06-16 16:04:48+00:00,World,,The New York Times,Europe,Live Blog Post,nyt://article/fcbf7e7a-c22b-5286-a5b6-007832b31a73,https://www.nytimes.com/live/2023/06/16/world/russia-ukraine-news/putin-again-falsely-claims-that-nazis-control-ukraine-and-says-kyivs-offensive-has-no-chance,557,By Neil MacFarquhar,Putin again falsely claims that Nazis control Ukraine.,,,President Vladimir V. Putin of Russia speaking at he annual international economic forum in St. Petersburg on Friday.,Ramil Sitdikov / Host photo agency RIA Novosti / AFP,https://static01.nyt.com/images/2023/06/16/multimedia/16ukraine-briefing-putin-jclq/16ukraine-briefing-putin-jclq-articleLarge.jpg,400,600,https://static01.nyt.com/images/2023/06/16/multimedia/16ukraine-briefing-putin-jclq/16ukraine-briefing-putin-jclq-thumbStandard.jpg,75,75,Putin again falsely claims that Nazis control Ukraine.,Putin again falsely claims that Nazis control Ukraine.
,article,nyt://article/ce9ec50f-f8bf-54ca-8704-b3e597466962,[],Foreign,,,2023-06-16 13:11:22+00:00,World,,The New York Times,Europe,News,nyt://article/ce9ec50f-f8bf-54ca-8704-b3e597466962,https://www.nytimes.com/2023/06/16/world/europe/putin-rejects-claims-that-russia-is-isolated-projecting-a-rosy-economic-outlook.html,353,By Cassandra Vinograd,"Putin rejects claims that Russia is isolated, projecting a rosy economic outlook.",,,A photo provided by the RIA Novosti state news agency shows President Vladimir V. Putin addressing the St. Petersburg International Economic Forum on Friday.,"Alexei Kudenko/Photo host Agency RIA Novosti, via Associated Press",https://static01.nyt.com/images/2023/06/16/multimedia/16ukraine-briefing-putin-backup-file-01-tqlh/16ukraine-briefing-putin-backup-file-01-tqlh-articleLarge.jpg,381,600,https://static01.nyt.com/images/2023/06/16/multimedia/16ukraine-briefing-putin-backup-file-01-tqlh/16ukraine-briefing-putin-backup-file-01-tqlh-thumbStandard.jpg,75,75,"Putin rejects claims that Russia is isolated, projecting a rosy economic outlook.","Putin rejects claims that Russia is isolated, projecting a rosy economic outlook."
Anatoly Berezikov is the first known person in Russia to die in police custody after being jailed for opposing the invasion of Ukraine.,article,nyt://article/5632682d-3046-5433-893d-580f29815e50,"[{'name': 'Subject', 'value': 'Russian Invasion of Ukraine (2022)', 'rank': 1}, {'name': 'Subject', 'value': 'Political Prisoners', 'rank': 2}, {'name': 'Subject', 'value': 'Deaths (Fatalities)', 'rank': 3}, {'name': 'Person', 'value': 'Berezikov, Anatoly (d 2023)', 'rank': 4}, {'name': 'Location', 'value': 'Russia', 'rank': 5}, {'name': 'Location', 'value': 'Ukraine', 'rank': 6}]",Foreign,,,2023-06-15 20:51:30+00:00,World,Anatoly Berezikov is the first known person in Russia to die in police custody after being jailed for opposing the invasion of Ukraine.,The New York Times,Europe,News,nyt://article/5632682d-3046-5433-893d-580f29815e50,https://www.nytimes.com/2023/06/16/world/europe/russia-antiwar-activist-dies-berezikov.html,598,By Anatoly Kurmanaev and Oleg Matsnev,A Russian antiwar activist dies in custody after claiming he had been tortured.,,,"A building adorned with the letter Z, a symbol of support for Russian military action in Ukraine, in Rostov-on-Don, Russia, where Anatoly Berezikov was jailed.",Olga Maltseva/Agence France-Presse — Getty Images,https://static01.nyt.com/images/2023/06/15/multimedia/15ukraine-briefing-russian-activist-fmlk/15ukraine-briefing-russian-activist-fmlk-articleLarge.jpg,403,600,https://static01.nyt.com/images/2023/06/15/multimedia/15ukraine-briefing-russian-activist-fmlk/15ukraine-briefing-russian-activist-fmlk-thumbStandard.jpg,75,75,A Russian antiwar activist dies in custody after claiming he had been tortured.,A Russian antiwar activist dies in custody after claiming he had been tortured. Anatoly Berezikov is the first known person in Russia to die in police custody after being jailed for opposing the invasion of Ukraine. Anatoly Berezikov is the first known person in Russia to die in police custody after being jailed for opposing the invasion of Ukraine.
The move described by the leader of Belarus would be another sign of worsening relations between Moscow and the West.,article,nyt://article/ced3abda-3359-5b53-8d7d-f39fd8255303,"[{'name': 'Subject', 'value': 'Russian Invasion of Ukraine (2022)', 'rank': 1}, {'name': 'Location', 'value': 'Belarus', 'rank': 2}, {'name': 'Person', 'value': 'Lukashenko, Aleksandr G', 'rank': 3}, {'name': 'Person', 'value': 'Putin, Vladimir V', 'rank': 4}, {'name': 'Subject', 'value': 'Nuclear Weapons', 'rank': 5}]",Foreign,,,2023-06-14 20:14:21+00:00,World,The move described by the leader of Belarus would be another sign of worsening relations between Moscow and the West.,The New York Times,Europe,News,nyt://article/ced3abda-3359-5b53-8d7d-f39fd8255303,https://www.nytimes.com/2023/06/14/world/europe/belarus-russia-nuclear-weapons.html,497,By Gaya Gupta,NATO says it sees no change after Lukashenko claims that Belarus has started receiving Russian nuclear weapons.,,,"President Vladimir V. Putin of Russia and President Aleksandr G. Lukashenko of Belarus in Sochi, Russia, last week.",Pool photo by Gavriil Grigorov,https://static01.nyt.com/images/2023/06/14/multimedia/14ukraine-briefing-lukashenko-fhcp/14ukraine-briefing-lukashenko-fhcp-articleLarge-v2.jpg,400,600,https://static01.nyt.com/images/2023/06/14/multimedia/14ukraine-briefing-lukashenko-fhcp/14ukraine-briefing-lukashenko-fhcp-thumbStandard-v2.jpg,75,75,NATO says it sees no change after Lukashenko claims that Belarus has started receiving Russian nuclear weapons.,NATO says it sees no change after Lukashenko claims that Belarus has started receiving Russian nuclear weapons. The move described by the leader of Belarus would be another sign of worsening relations between Moscow and the West. The move described by the leader of Belarus would be another sign of worsening relations between Moscow and the West.
Military analysts said it would take weeks or months to gauge the success of the attacks Ukraine mounted last week across a broad stretch of the front lines.,article,nyt://article/3f9dcf12-6eb2-5946-95eb-397de8fc5bf5,"[{'name': 'Subject', 'value': 'Russian Invasion of Ukraine (2022)', 'rank': 1}, {'name': 'Subject', 'value': 'Defense and Military Forces', 'rank': 2}, {'name': 'Subject', 'value': 'Levees and Dams', 'rank': 3}, {'name': 'Subject', 'value': 'Floods', 'rank': 4}, {'name': 'Subject', 'value': 'Reservoirs', 'rank': 5}, {'name': 'Subject', 'value': 'Nuclear Energy', 'rank': 6}, {'name': 'Location', 'value': 'Russia', 'rank': 7}, {'name': 'Location', 'value': 'Ukraine', 'rank': 8}, {'name': 'Location', 'value': 'Donetsk (Ukraine)', 'rank': 9}, {'name': 'Location', 'value': 'Zaporizhzhia (Ukraine)', 'rank': 10}, {'name': 'Location', 'value': 'Kakhovka Dam (Ukraine)', 'rank': 11}, {'name': 'Location', 'value': 'Dnipro River (Ukraine)', 'rank': 12}, {'name': 'Organization', 'value': 'Zaporizhzhia Power Plant (Ukraine)', 'rank': 13}, {'name': 'Subject', 'value': 'vis-video', 'rank': 14}]",Foreign,11.0,A,2023-06-12 23:00:17+00:00,World,Military analysts said it would take weeks or months to gauge the success of the attacks Ukraine mounted last week across a broad stretch of the front lines.,The New York Times,Europe,News,nyt://article/3f9dcf12-6eb2-5946-95eb-397de8fc5bf5,https://www.nytimes.com/2023/06/12/world/europe/ukraine-counteroffensive-russia.html,1153,By Andrew E. Kramer,"Ukraine Claims More Small Advances in Counteroffensive, but No Breakthroughs",,"Kyiv Claims Small Advances in Counteroffensive, but No Breakthroughs","Ukrainian soldiers preparing to patrol an area of Kherson, southern Ukraine, that was flooded by the destruction of the Kakhovka dam, on Sunday.",Mauricio Lima for The New York Times,https://static01.nyt.com/images/2023/06/12/multimedia/12ukraine-ledeall-1-gzvk/12ukraine-ledeall-1-gzvk-articleLarge.jpg,400,600,https://static01.nyt.com/images/2023/06/12/multimedia/12ukraine-ledeall-1-gzvk/12ukraine-ledeall-1-gzvk-thumbStandard.jpg,75,75,"Ukraine Claims More Small Advances in Counteroffensive, but No Breakthroughs","Ukraine Claims More Small Advances in Counteroffensive, but No Breakthroughs Military analysts said it would take weeks or months to gauge the success of the attacks Ukraine mounted last week across a broad stretch of the front lines. Military analysts said it would take weeks or months to gauge the success of the attacks Ukraine mounted last week across a broad stretch of the front lines."
,article,nyt://article/2d74cda5-b01f-54bf-9a91-7f3e728a052a,"[{'name': 'Subject', 'value': 'vis-video', 'rank': 1}]",Foreign,,,2023-06-12 10:20:16+00:00,World,,The New York Times,Europe,Live Blog Post,nyt://article/2d74cda5-b01f-54bf-9a91-7f3e728a052a,https://www.nytimes.com/live/2023/06/12/world/russia-ukraine-news/ukraine-claims-it-has-recaptured-another-village-in-the-east,636,By Andrew E. Kramer,Ukraine claims it has recaptured another village in the east.,,,Ukrainian soldiers with the 28th Mechanized Brigade south of the city of Bakhmut on Saturday.,Tyler Hicks/The New York Times,https://static01.nyt.com/images/2023/06/12/multimedia/12ukraine-briefing-frontline-tzlc/12ukraine-briefing-frontline-tzlc-articleLarge.jpg,400,600,https://static01.nyt.com/images/2023/06/12/multimedia/12ukraine-briefing-frontline-tzlc/12ukraine-briefing-frontline-tzlc-thumbStandard.jpg,75,75,Ukraine claims it has recaptured another village in the east.,Ukraine claims it has recaptured another village in the east.
"Three small settlements in the eastern region of Donetsk have been taken back from Russian occupiers, Ukrainian officials say.",article,nyt://article/a9ecc2eb-084d-5b4b-9c2e-0384c734b16c,"[{'name': 'Subject', 'value': 'Russian Invasion of Ukraine (2022)', 'rank': 1}, {'name': 'Location', 'value': 'Donetsk (Ukraine)', 'rank': 2}, {'name': 'Location', 'value': 'Ukraine', 'rank': 3}, {'name': 'Subject', 'value': 'Defense and Military Forces', 'rank': 4}, {'name': 'Location', 'value': 'Russia', 'rank': 5}]",Foreign,6.0,A,2023-06-11 21:56:49+00:00,World,"Three small settlements in the eastern region of Donetsk have been taken back from Russian occupiers, Ukrainian officials say.",The New York Times,Europe,News,nyt://article/a9ecc2eb-084d-5b4b-9c2e-0384c734b16c,https://www.nytimes.com/2023/06/11/world/europe/ukraine-counteroffensive.html,835,By Andrew E. Kramer,"Ukraine Claims First Gains, if Slight, in Counteroffensive",,"Ukraine Claims Territorial Gains, Though Slight, in Counteroffensive","Soldiers with Ukraine’s Third Separate Assault Brigade south of Bakhmut, Ukraine, on Friday.",Tyler Hicks/The New York Times,https://static01.nyt.com/images/2023/06/11/multimedia/11ukraine-ledeall-01-bpqw/11ukraine-ledeall-01-bpqw-articleLarge.jpg,400,600,https://static01.nyt.com/images/2023/06/11/multimedia/11ukraine-ledeall-01-bpqw/11ukraine-ledeall-01-bpqw-thumbStandard.jpg,75,75,"Ukraine Claims First Gains, if Slight, in Counteroffensive","Ukraine Claims First Gains, if Slight, in Counteroffensive Three small settlements in the eastern region of Donetsk have been taken back from Russian occupiers, Ukrainian officials say. Three small settlements in the eastern region of Donetsk have been taken back from Russian occupiers, Ukrainian officials say."
,article,nyt://article/76b3252f-fcda-5e06-a195-645bff8e2263,[],Foreign,,,2023-06-11 13:49:22+00:00,World,,The New York Times,Europe,Live Blog Post,nyt://article/76b3252f-fcda-5e06-a195-645bff8e2263,https://www.nytimes.com/live/2023/06/11/world/russia-ukraine-news/ukraine-claims-it-has-recaptured-the-village-of-blahodatne-in-the-southeast,663,By Andrew E. Kramer,Ukraine claims to have made territorial gains in its counteroffensive.,,,The 79th Air Assault Brigade in Novomikhailivka in the Donetsk region of eastern Ukraine on Thursday.,Tyler Hicks/The New York Times,https://static01.nyt.com/images/2023/06/11/multimedia/11ukraine-briefing-counteroffensive-01-kmph/11ukraine-briefing-counteroffensive-01-kmph-articleLarge.jpg,400,600,https://static01.nyt.com/images/2023/06/11/multimedia/11ukraine-briefing-counteroffensive-01-kmph/11ukraine-briefing-counteroffensive-01-kmph-thumbStandard.jpg,75,75,Ukraine claims to have made territorial gains in its counteroffensive.,Ukraine claims to have made territorial gains in its counteroffensive.
,article,nyt://article/7d85500c-2130-55b8-b95e-eed5334cde48,[],Foreign,,,2023-06-09 16:27:31+00:00,World,,The New York Times,Europe,Live Blog Post,nyt://article/7d85500c-2130-55b8-b95e-eed5334cde48,https://www.nytimes.com/live/2023/06/09/world/russia-ukraine-news/putin-says-ukrainian-counteroffensive-so-far-has-failed,295,By Paul Sonne,Putin claims Ukrainian counteroffensive so far has failed.,,,A soldier with the 79th Air Assault Brigade moving near a the front line village in the Donetsk region.,Tyler Hicks/The New York Times,https://static01.nyt.com/images/2023/06/09/multimedia/09ukraine-briefing-putin-counteroffensive-tbwl/09ukraine-briefing-putin-counteroffensive-tbwl-articleLarge.jpg,400,600,https://static01.nyt.com/images/2023/06/09/multimedia/09ukraine-briefing-putin-counteroffensive-tbwl/09ukraine-briefing-putin-counteroffensive-tbwl-thumbStandard.jpg,75,75,Putin claims Ukrainian counteroffensive so far has failed.,Putin claims Ukrainian counteroffensive so far has failed.
,article,nyt://article/1d6a692b-572b-58b5-ae66-bf4b49c3a9ce,"[{'name': 'Subject', 'value': 'vis-video', 'rank': 1}]",Foreign,,,2023-06-09 14:02:59+00:00,World,,The New York Times,Europe,Live Blog Post,nyt://article/1d6a692b-572b-58b5-ae66-bf4b49c3a9ce,https://www.nytimes.com/live/2023/06/09/world/russia-ukraine-news/zelensky-cites-progress-in-very-tough-battles-as-fighting-intensifies-in-zaporizhzhia,737,By Andrew E. Kramer,Battle rages in Ukraine’s southeast as Zelensky and Putin each claim the upper hand.,,,Ukrainian soldiers cleaning the barrel of a German-made howitzer near the front line in Zaporizhzhia in April.,David Guttenfelder for The New York Times,https://static01.nyt.com/images/2023/06/09/multimedia/09ukraine-briefing-fighting-vpqc/09ukraine-briefing-fighting-vpqc-articleLarge.jpg,400,600,https://static01.nyt.com/images/2023/06/09/multimedia/09ukraine-briefing-fighting-vpqc/09ukraine-briefing-fighting-vpqc-thumbStandard.jpg,75,75,Battle rages in Ukraine’s southeast as Zelensky and Putin each claim the upper hand.,Battle rages in Ukraine’s southeast as Zelensky and Putin each claim the upper hand.
,article,nyt://article/5fa3160e-fcf7-57ac-9386-7f7c6bb35699,"[{'name': 'Subject', 'value': 'Russian Invasion of Ukraine (2022)', 'rank': 1}, {'name': 'Person', 'value': 'Putin, Vladimir V', 'rank': 2}, {'name': 'Person', 'value': 'Lvova-Belova, Maria', 'rank': 3}, {'name': 'Organization', 'value': 'Save the Children', 'rank': 4}, {'name': 'Location', 'value': 'Kherson (Ukraine)', 'rank': 5}, {'name': 'Location', 'value': 'Ukraine', 'rank': 6}, {'name': 'Person', 'value': 'Zelensky, Volodymyr', 'rank': 7}]",Foreign,,,2023-06-08 19:07:03+00:00,World,,The New York Times,Europe,Live Blog Post,nyt://article/5fa3160e-fcf7-57ac-9386-7f7c6bb35699,https://www.nytimes.com/live/2023/06/08/world/russia-ukraine-news/ukraine-condemns-pro-russian-authorities-over-claim-that-children-from-flooded-areas-are-being-taken-to-camps,353,By Emma Bubola,Ukraine condemns pro-Russian authorities over a claim that children from flooded areas are being taken to camps.,,,,,,0,0,,0,0,Ukraine condemns pro-Russian authorities over a claim that children from flooded areas are being taken to camps.,Ukraine condemns pro-Russian authorities over a claim that children from flooded areas are being taken to camps.
Brazil’s former president is accused of spreading false information about the nation’s election systems. A conviction would block him from office for eight years.,article,nyt://article/d9d4a673-12dd-5d22-818b-bb11c2e80b06,"[{'name': 'Person', 'value': 'Bolsonaro, Jair (1955- )', 'rank': 1}, {'name': 'Subject', 'value': 'Voter Fraud (Election Fraud)', 'rank': 2}, {'name': 'Subject', 'value': 'Rumors and Misinformation', 'rank': 3}, {'name': 'Subject', 'value': 'Elections', 'rank': 4}, {'name': 'Subject', 'value': 'Politics and Government', 'rank': 5}, {'name': 'Subject', 'value': 'Project Democracy', 'rank': 6}, {'name': 'Subject', 'value': 'Voting Machines', 'rank': 7}, {'name': 'Person', 'value': 'Da Silva, Luiz Inacio Lula', 'rank': 8}, {'name': 'Location', 'value': 'Brazil', 'rank': 9}]",Foreign,4.0,A,2023-06-06 17:36:33+00:00,World,Brazil’s former president is accused of spreading false information about the nation’s election systems. A conviction would block him from office for eight years.,The New York Times,Americas,News,nyt://article/d9d4a673-12dd-5d22-818b-bb11c2e80b06,https://www.nytimes.com/2023/06/06/world/americas/bolsonaro-trial-brazil-election.html,841,By Jack Nicas,Bolsonaro to Face Trial Over Electoral Fraud Claims,,Bolsonaro to Face Trial  Over Vote Fraud Claims,"Former President Jair Bolsonaro of Brazil speaking in March, after his loss, at the Conservative Political Action Conference in March in National Harbor, Md.",Haiyun Jiang/The New York Times,https://static01.nyt.com/images/2023/06/06/multimedia/06brazil-bolsonaro-jpqf/06brazil-bolsonaro-jpqf-articleLarge.jpg,400,600,https://static01.nyt.com/images/2023/06/06/multimedia/06brazil-bolsonaro-jpqf/06brazil-bolsonaro-jpqf-thumbStandard.jpg,75,75,Bolsonaro to Face Trial Over Electoral Fraud Claims,Bolsonaro to Face Trial Over Electoral Fraud Claims Brazil’s former president is accused of spreading false information about the nation’s election systems. A conviction would block him from office for eight years. Brazil’s former president is accused of spreading false information about the nation’s election systems. A conviction would block him from office for eight years.
"North Korea has signaled that it has made significant progress in its nuclear programs. Whether true or not, it is worrying to the United States and its allies in the region.",interactive,nyt://interactive/b1439639-a865-5633-a95d-b523189318e3,"[{'name': 'Location', 'value': 'North Korea', 'rank': 1}, {'name': 'Subject', 'value': 'Nuclear Weapons', 'rank': 2}, {'name': 'Subject', 'value': 'Nuclear Tests', 'rank': 3}, {'name': 'Subject', 'value': 'Missiles and Missile Defense Systems', 'rank': 4}, {'name': 'Subject', 'value': 'Defense and Military Forces', 'rank': 5}, {'name': 'Person', 'value': 'Kim Jong-un', 'rank': 6}, {'name': 'Subject', 'value': 'Propaganda', 'rank': 7}, {'name': 'Subject', 'value': 'International Relations', 'rank': 8}, {'name': 'Location', 'value': 'South Korea', 'rank': 9}, {'name': 'Location', 'value': 'Japan', 'rank': 10}, {'name': 'Subject', 'value': 'United States International Relations', 'rank': 11}]",,,,2023-06-02 09:01:08+00:00,World,"North Korea has signaled that it has made significant progress in its nuclear programs. Whether true or not, it is worrying to the United States and its allies in the region.",The New York Times,Asia Pacific,Interactive Feature,nyt://interactive/b1439639-a865-5633-a95d-b523189318e3,https://www.nytimes.com/interactive/2023/06/02/world/asia/north-korea-nuclear.html,1513,By Pablo Robles and Choe Sang-Hun,Why North Korea’s Latest Nuclear Claims Are Raising Alarms,,,,,https://static01.nyt.com/images/2023/05/09/world/north-korea-nuclear-promo/north-korea-nuclear-promo-articleLarge.png,400,600,https://static01.nyt.com/images/2023/05/09/world/north-korea-nuclear-promo/north-korea-nuclear-promo-thumbStandard.png,75,75,Why North Korea’s Latest Nuclear Claims Are Raising Alarms,"Why North Korea’s Latest Nuclear Claims Are Raising Alarms North Korea has signaled that it has made significant progress in its nuclear programs. Whether true or not, it is worrying to the United States and its allies in the region. North Korea has signaled that it has made significant progress in its nuclear programs. Whether true or not, it is worrying to the United States and its allies in the region."
"A top Ukrainian official essentially acknowledged that the devastated city had been lost. Thousands of Ukrainian and Russian soldiers died there, but the cost for Moscow was especially steep, experts say.",article,nyt://article/f4eea26e-9fae-5091-9e73-02efa02dd21a,"[{'name': 'Subject', 'value': 'Russian Invasion of Ukraine (2022)', 'rank': 1}, {'name': 'Subject', 'value': 'Defense and Military Forces', 'rank': 2}, {'name': 'Subject', 'value': 'Deaths (Fatalities)', 'rank': 3}, {'name': 'Subject', 'value': 'Mercenaries and Private Military Contractors', 'rank': 4}, {'name': 'Location', 'value': 'Bakhmut (Ukraine)', 'rank': 5}, {'name': 'Person', 'value': 'Zelensky, Volodymyr', 'rank': 6}, {'name': 'Person', 'value': 'Putin, Vladimir V', 'rank': 7}, {'name': 'Location', 'value': 'Donbas (Ukraine)', 'rank': 8}, {'name': 'Location', 'value': 'Russia', 'rank': 9}, {'name': 'Location', 'value': 'Ukraine', 'rank': 10}, {'name': 'Person', 'value': 'Prigozhin, Yevgeny V', 'rank': 11}, {'name': 'Organization', 'value': 'Wagner Group', 'rank': 12}]",Foreign,1.0,A,2023-05-22 20:21:46+00:00,World,"A top Ukrainian official essentially acknowledged that the devastated city had been lost. Thousands of Ukrainian and Russian soldiers died there, but the cost for Moscow was especially steep, experts say.",The New York Times,Europe,News,nyt://article/f4eea26e-9fae-5091-9e73-02efa02dd21a,https://www.nytimes.com/2023/05/22/world/europe/bakhmut-russia-ukraine-retreat.html,1398,By Michael Schwirtz and Marc Santora,"Russia Claims Bakhmut, but Some See a ‘Pyrrhic Victory’",,Bakhmut Falls To the Kremlin. What Is Won?,"Ukrainian soldiers headed toward the front line near Bakhmut, in eastern Ukraine, in March. The battle had become one over roads by that time.",Daniel Berehulak/The New York Times,https://static01.nyt.com/images/2023/03/11/multimedia/00bakhmut-pyrrhic-victoryHFO-top-new-mzkl/00bakhmut-pyrrhic-victoryHFO-top-new-mzkl-articleLarge.jpg,400,600,https://static01.nyt.com/images/2023/03/11/multimedia/00bakhmut-pyrrhic-victoryHFO-top-new-mzkl/00bakhmut-pyrrhic-victoryHFO-top-new-mzkl-thumbStandard.jpg,75,75,"Russia Claims Bakhmut, but Some See a ‘Pyrrhic Victory’","Russia Claims Bakhmut, but Some See a ‘Pyrrhic Victory’ A top Ukrainian official essentially acknowledged that the devastated city had been lost. Thousands of Ukrainian and Russian soldiers died there, but the cost for Moscow was especially steep, experts say. A top Ukrainian official essentially acknowledged that the devastated city had been lost. Thousands of Ukrainian and Russian soldiers died there, but the cost for Moscow was especially steep, experts say."
,article,nyt://article/87bf41d7-e11e-587e-bae7-e3edeaff1cb9,[],Foreign,,,2023-05-22 06:18:35+00:00,World,,The New York Times,Europe,News,nyt://article/87bf41d7-e11e-587e-bae7-e3edeaff1cb9,https://www.nytimes.com/2023/05/22/world/europe/zelensky-wraps-up-another-fruitful-trip-and-russia-claims-a-big-win-in-ukraine.html,362,By Traci Carl and Andrew E. Kramer,Zelensky wraps up another fruitful trip and Russia claims a big win in Ukraine.,,,Soldiers during a night operation near Bakhmut on Tuesday.,Tyler Hicks/The New York Times,https://static01.nyt.com/images/2023/05/22/multimedia/22ukraine-briefing-week-ahead01-zgph/22ukraine-briefing-week-ahead01-zgph-articleLarge.jpg,400,600,https://static01.nyt.com/images/2023/05/22/multimedia/22ukraine-briefing-week-ahead01-zgph/22ukraine-briefing-week-ahead01-zgph-thumbStandard.jpg,75,75,Zelensky wraps up another fruitful trip and Russia claims a big win in Ukraine.,Zelensky wraps up another fruitful trip and Russia claims a big win in Ukraine.
"Military analysts say that if Moscow continues to send reinforcements to defend the city, that could weaken Russian forces’ ability to hold off a broader counteroffensive that Ukraine has been planning.",article,nyt://article/69eaf663-5ede-5dd2-aed4-14499fb32141,"[{'name': 'Subject', 'value': 'Russian Invasion of Ukraine (2022)', 'rank': 1}, {'name': 'Location', 'value': 'Bakhmut (Ukraine)', 'rank': 2}, {'name': 'Subject', 'value': 'Defense and Military Forces', 'rank': 3}, {'name': 'Person', 'value': 'Prigozhin, Yevgeny V', 'rank': 4}, {'name': 'Organization', 'value': 'Wagner Group', 'rank': 5}, {'name': 'Subject', 'value': 'Mercenaries and Private Military Contractors', 'rank': 6}, {'name': 'Person', 'value': 'Zelensky, Volodymyr', 'rank': 7}, {'name': 'Person', 'value': 'Putin, Vladimir V', 'rank': 8}, {'name': 'Location', 'value': 'Donbas (Ukraine)', 'rank': 9}, {'name': 'Location', 'value': 'Russia', 'rank': 10}, {'name': 'Location', 'value': 'Ukraine', 'rank': 11}, {'name': 'Location', 'value': 'Hiroshima (Japan)', 'rank': 12}, {'name': 'Subject', 'value': 'Politics and Government', 'rank': 13}, {'name': 'Subject', 'value': 'News and News Media', 'rank': 14}, {'name': 'Subject', 'value': 'International Relations', 'rank': 15}, {'name': 'Subject', 'value': 'Deaths (Fatalities)', 'rank': 16}]",Foreign,7.0,A,2023-05-21 21:00:06+00:00,World,"Military analysts say that if Moscow continues to send reinforcements to defend the city, that could weaken Russian forces’ ability to hold off a broader counteroffensive that Ukraine has been planning.",The New York Times,Europe,News,nyt://article/69eaf663-5ede-5dd2-aed4-14499fb32141,https://www.nytimes.com/2023/05/21/world/europe/russia-bakhmut-battle-ukraine.html,1084,By Andrew E. Kramer,"As Russia Claims Victory in Bakhmut, Ukraine Sees Opportunity Amid Ruins",,"Even if Bakhmut Is Taken, Ukraine Could Still Use It to Tie Up Russia",The 80th Air Assault Brigade of Ukraine’s armed forces firing a barrage of rockets in the direction of Bakhmut during a night operation on Tuesday.,Tyler Hicks/The New York Times,https://static01.nyt.com/images/2023/05/21/multimedia/21ukraine-ledeall-01-hpmf/21ukraine-ledeall-01-hpmf-articleLarge.jpg,400,600,https://static01.nyt.com/images/2023/05/21/multimedia/21ukraine-ledeall-01-hpmf/21ukraine-ledeall-01-hpmf-thumbStandard.jpg,75,75,"As Russia Claims Victory in Bakhmut, Ukraine Sees Opportunity Amid Ruins","As Russia Claims Victory in Bakhmut, Ukraine Sees Opportunity Amid Ruins Military analysts say that if Moscow continues to send reinforcements to defend the city, that could weaken Russian forces’ ability to hold off a broader counteroffensive that Ukraine has been planning. Military analysts say that if Moscow continues to send reinforcements to defend the city, that could weaken Russian forces’ ability to hold off a broader counteroffensive that Ukraine has been planning."
"Prime Minister Kyriakos Mitsotakis’s New Democracy party did not win enough votes to form a one-party government. But he appeared to rule out talks to form a coalition, setting the stage for a second vote in weeks.",article,nyt://article/acce82d8-3365-504f-826f-ff747c30d50e,"[{'name': 'Location', 'value': 'Greece', 'rank': 1}, {'name': 'Subject', 'value': 'Elections', 'rank': 2}, {'name': 'Subject', 'value': 'Politics and Government', 'rank': 3}, {'name': 'Organization', 'value': 'New Democracy (Greece)', 'rank': 4}, {'name': 'Person', 'value': 'Mitsotakis, Kyriakos', 'rank': 5}, {'name': 'Person', 'value': 'Tsipras, Alexis', 'rank': 6}, {'name': 'Person', 'value': 'Varoufakis, Yanis', 'rank': 7}, {'name': 'Person', 'value': 'Androulakis, Nikos (1979- )', 'rank': 8}, {'name': 'Organization', 'value': 'Pasok (Panhellenic Socialist Movement)', 'rank': 9}, {'name': 'Organization', 'value': 'Coalition of the Radical Left (Greece)', 'rank': 10}, {'name': 'Subject', 'value': 'Polls and Public Opinion', 'rank': 11}, {'name': 'Subject', 'value': 'Deaths (Fatalities)', 'rank': 12}, {'name': 'Subject', 'value': 'Railroad Accidents and Safety', 'rank': 13}, {'name': 'Subject', 'value': 'Wiretapping and Other Eavesdropping Devices and Methods', 'rank': 14}, {'name': 'Subject', 'value': 'Surveillance of Citizens by Government', 'rank': 15}, {'name': 'Subject', 'value': 'Espionage and Intelligence Services', 'rank': 16}, {'name': 'Subject', 'value': 'Economic Conditions and Trends', 'rank': 17}]",Foreign,12.0,A,2023-05-21 20:10:27+00:00,World,"Prime Minister Kyriakos Mitsotakis’s New Democracy party did not win enough votes to form a one-party government. But he appeared to rule out talks to form a coalition, setting the stage for a second vote in weeks.",The New York Times,Europe,News,nyt://article/acce82d8-3365-504f-826f-ff747c30d50e,https://www.nytimes.com/2023/05/21/world/europe/greece-elections-new-democracy.html,1096,By Niki Kitsantonis,"With His Party Ahead in Elections, Greek Leader Claims ‘Political Earthquake’",,"Greece’s Governing Party Leads Vote, but Leader May Force Second Contest",Supporters of the governing New Democracy party in Athens after the first exit polls came in on Sunday.,Angelos Tzortzinis/Agence France-Presse — Getty Images,https://static01.nyt.com/images/2023/05/21/multimedia/21greece-elections-01-sub-kgbj/21greece-elections-01-sub-kgbj-articleLarge.jpg,400,600,https://static01.nyt.com/images/2023/05/21/multimedia/21greece-elections-01-sub-kgbj/21greece-elections-01-sub-kgbj-thumbStandard.jpg,75,75,"With His Party Ahead in Elections, Greek Leader Claims ‘Political Earthquake’","With His Party Ahead in Elections, Greek Leader Claims ‘Political Earthquake’ Prime Minister Kyriakos Mitsotakis’s New Democracy party did not win enough votes to form a one-party government. But he appeared to rule out talks to form a coalition, setting the stage for a second vote in weeks. Prime Minister Kyriakos Mitsotakis’s New Democracy party did not win enough votes to form a one-party government. But he appeared to rule out talks to form a coalition, setting the stage for a second vote in weeks."
,article,nyt://article/750d8d0a-e826-57ff-a091-0197d4b875fd,[],Foreign,,,2023-05-21 17:27:06+00:00,World,,The New York Times,Europe,Live Blog Post,nyt://article/750d8d0a-e826-57ff-a091-0197d4b875fd,https://www.nytimes.com/live/2023/05/21/world/russia-ukraine-news/ukraine-tries-to-dispel-russias-claims-in-bakhmut-saying-it-controls-a-small-part-of-the-city,287,By Matthew Mpoke Bigg,"Ukraine tries to dispel Russia’s claims in Bakhmut, saying it controls a small part of the city.",,,The 28th Mechanized Brigade of the Ukrainian Army firing on Russian positions near Bakhmut this month.,Tyler Hicks/The New York Times,https://static01.nyt.com/images/2023/05/21/multimedia/21ukraine-blog-ukraine-claims-cqzp/21ukraine-blog-ukraine-claims-cqzp-articleLarge-v2.jpg,400,600,https://static01.nyt.com/images/2023/05/21/multimedia/21ukraine-blog-ukraine-claims-cqzp/21ukraine-blog-ukraine-claims-cqzp-thumbStandard-v2.jpg,75,75,"Ukraine tries to dispel Russia’s claims in Bakhmut, saying it controls a small part of the city.","Ukraine tries to dispel Russia’s claims in Bakhmut, saying it controls a small part of the city."
"The head of the Russian paramilitary group said his forces had captured the eastern city, a claim Ukrainian officials were quick to deny even as they called the situation “critical.”",article,nyt://article/6cfeb868-80a7-51b8-9977-5b1d88f99856,"[{'name': 'Subject', 'value': 'Russian Invasion of Ukraine (2022)', 'rank': 1}, {'name': 'Subject', 'value': 'Defense and Military Forces', 'rank': 2}, {'name': 'Subject', 'value': 'Mercenaries and Private Military Contractors', 'rank': 3}, {'name': 'Organization', 'value': 'Wagner Group', 'rank': 4}, {'name': 'Person', 'value': 'Prigozhin, Yevgeny V', 'rank': 5}, {'name': 'Location', 'value': 'Bakhmut (Ukraine)', 'rank': 6}, {'name': 'Location', 'value': 'Russia', 'rank': 7}, {'name': 'Location', 'value': 'Ukraine', 'rank': 8}]",Foreign,1.0,A,2023-05-20 21:32:00+00:00,World,"The head of the Russian paramilitary group said his forces had captured the eastern city, a claim Ukrainian officials were quick to deny even as they called the situation “critical.”",The New York Times,Europe,News,nyt://article/6cfeb868-80a7-51b8-9977-5b1d88f99856,https://www.nytimes.com/2023/05/20/world/europe/ukraine-russia-bakhmut-war.html,1150,By Marc Santora,Wagner Chief Says Bakhmut Is Taken; Ukraine Rejects Claim,,"Bakhmut Fell, Russian Says in a Disputed Claim",Ukrainian Ground Forces firing shells earlier this month at Russian positions near Bakhmut in eastern Ukraine. The city has become more important symbolically that it is strategically to both sides. ,Tyler Hicks/The New York Times,https://static01.nyt.com/images/2023/05/20/multimedia/20ukraine-ledeall-3-pmgh/20ukraine-ledeall-3-pmgh-articleLarge.jpg,400,600,https://static01.nyt.com/images/2023/05/20/multimedia/20ukraine-ledeall-3-pmgh/20ukraine-ledeall-3-pmgh-thumbStandard.jpg,75,75,Wagner Chief Says Bakhmut Is Taken; Ukraine Rejects Claim,"Wagner Chief Says Bakhmut Is Taken; Ukraine Rejects Claim The head of the Russian paramilitary group said his forces had captured the eastern city, a claim Ukrainian officials were quick to deny even as they called the situation “critical.” The head of the Russian paramilitary group said his forces had captured the eastern city, a claim Ukrainian officials were quick to deny even as they called the situation “critical.”"
,article,nyt://article/14d9a8c2-419d-5ff2-b461-0f535ca8ce96,[],Foreign,,,2023-05-20 14:45:44+00:00,World,,The New York Times,,Live Blog Post,nyt://article/14d9a8c2-419d-5ff2-b461-0f535ca8ce96,https://www.nytimes.com/live/2023/05/20/world/russia-ukraine-news/heres-the-latest-on-the-wagner-chiefs-claim-that-his-forces-have-taken-bakhmut,420,By Marc Santora and Cassandra Vinograd,Here’s the latest on Russia’s claims that it has taken control of Bakhmut.,,,,,,0,0,,0,0,Here’s the latest on Russia’s claims that it has taken control of Bakhmut.,Here’s the latest on Russia’s claims that it has taken control of Bakhmut.
,article,nyt://article/f9a30a4b-c485-51f7-a482-b02defa5e96c,[],Foreign,11.0,A,2023-05-20 14:25:51+00:00,World,,The New York Times,Europe,Live Blog Post,nyt://article/f9a30a4b-c485-51f7-a482-b02defa5e96c,https://www.nytimes.com/live/2023/05/20/world/russia-ukraine-news/the-wagner-founder-claims-bakhmut-has-been-captured-ukraine-denies-the-claim,417,By Marc Santora,The Wagner founder claims Bakhmut has been captured. Ukraine denies the claim.,,Putin Ally Declares Bakhmut ‘Taken’,"Bakhmut, Ukraine, in December. Months of fighting have reduced much of the city to rubble.",Tyler Hicks/The New York Times,https://static01.nyt.com/images/2023/05/21/multimedia/21ukraine-briefing-bakhmut/21ukraine-briefing-bakhmut-1-print-jwfm-articleLarge.jpg,400,600,https://static01.nyt.com/images/2023/05/21/multimedia/21ukraine-briefing-bakhmut/21ukraine-briefing-bakhmut-1-print-jwfm-thumbStandard.jpg,75,75,The Wagner founder claims Bakhmut has been captured. Ukraine denies the claim.,The Wagner founder claims Bakhmut has been captured. Ukraine denies the claim.
Ukrainian soldiers made further advances around Bakhmut over the weekend.,article,nyt://article/25393245-8969-5258-9811-c57865ea3639,[],Foreign,11.0,A,2023-05-15 12:15:51+00:00,World,Ukrainian soldiers made further advances around Bakhmut over the weekend.,The New York Times,Europe,Live Blog Post,nyt://article/25393245-8969-5258-9811-c57865ea3639,https://www.nytimes.com/live/2023/05/15/world/russia-ukraine-news/ukraine-claims-further-advances-around-bakhmut,595,"By Marc Santora, Carlotta Gall and Oleksandr Chubko",Ukraine claims further advances around Bakhmut.,,Advances Near Bakhmut Pressure Russian Troops,"The 28th Mechanized Brigade of the Ukrainian Army near Bakhmut, Ukraine, last week.",Tyler Hicks/The New York Times,https://static01.nyt.com/images/2023/05/15/multimedia/15ukraine-briefing-bakhmut-02-wkhv/15ukraine-briefing-bakhmut-02-wkhv-articleLarge.jpg,400,600,https://static01.nyt.com/images/2023/05/15/multimedia/15ukraine-briefing-bakhmut-02-wkhv/15ukraine-briefing-bakhmut-02-wkhv-thumbStandard.jpg,75,75,Ukraine claims further advances around Bakhmut.,Ukraine claims further advances around Bakhmut. Ukrainian soldiers made further advances around Bakhmut over the weekend. Ukrainian soldiers made further advances around Bakhmut over the weekend.
The air force said it intercepted the hypersonic missile with a newly delivered U.S.-made Patriot air-defense battery. U.S. officials confirmed the strike.,article,nyt://article/c142e1ee-e81f-57e5-9610-6a5dcfd7bcbd,"[{'name': 'Location', 'value': 'Ukraine', 'rank': 1}, {'name': 'Subject', 'value': 'Russian Invasion of Ukraine (2022)', 'rank': 2}, {'name': 'Location', 'value': 'Russia', 'rank': 3}, {'name': 'Subject', 'value': 'Defense and Military Forces', 'rank': 4}, {'name': 'Subject', 'value': 'United States Defense and Military Forces', 'rank': 5}]",Foreign,6.0,A,2023-05-06 09:56:21+00:00,World,The air force said it intercepted the hypersonic missile with a newly delivered U.S.-made Patriot air-defense battery. U.S. officials confirmed the strike.,The New York Times,Europe,News,nyt://article/c142e1ee-e81f-57e5-9610-6a5dcfd7bcbd,https://www.nytimes.com/2023/05/06/world/europe/ukraine-russia-war-patriot.html,1475,"By Marc Santora, Eric Schmitt and John Ismay",Ukraine Claims It Shot Down Russia’s Most Sophisticated Missile for First Time,,Ukraine Says It Hit Russia’s Most Sophisticated Missile,"Ukrainian firefighters and police officers in Kyiv inspecting a piece of debris, thought to be from a missile or drone, on Thursday.",Nicole Tung for The New York Times,https://static01.nyt.com/images/2023/05/06/multimedia/06ukraine-ledeall-fvzg/06ukraine-ledeall-fvzg-articleLarge.jpg,400,600,https://static01.nyt.com/images/2023/05/06/multimedia/06ukraine-ledeall-fvzg/06ukraine-ledeall-fvzg-thumbStandard.jpg,75,75,Ukraine Claims It Shot Down Russia’s Most Sophisticated Missile for First Time,Ukraine Claims It Shot Down Russia’s Most Sophisticated Missile for First Time The air force said it intercepted the hypersonic missile with a newly delivered U.S.-made Patriot air-defense battery. U.S. officials confirmed the strike. The air force said it intercepted the hypersonic missile with a newly delivered U.S.-made Patriot air-defense battery. U.S. officials confirmed the strike.
"Russia said Ukraine had launched a drone attack, which Kyiv vehemently denied, accusing Russia of manufacturing a pretext for escalation.",article,nyt://article/70ed7273-7c67-5def-8d5c-d40eac175390,"[{'name': 'Subject', 'value': 'Russian Invasion of Ukraine (2022)', 'rank': 1}, {'name': 'Subject', 'value': 'Defense and Military Forces', 'rank': 2}, {'name': 'Subject', 'value': 'Drones (Pilotless Planes)', 'rank': 3}, {'name': 'Person', 'value': 'Putin, Vladimir V', 'rank': 4}, {'name': 'Person', 'value': 'Zelensky, Volodymyr', 'rank': 5}, {'name': 'Location', 'value': 'Russia', 'rank': 6}, {'name': 'Location', 'value': 'Ukraine', 'rank': 7}, {'name': 'Location', 'value': 'Moscow (Russia)', 'rank': 8}, {'name': 'Subject', 'value': 'vis-video', 'rank': 9}]",Foreign,1.0,A,2023-05-03 23:20:47+00:00,World,"Russia said Ukraine had launched a drone attack, which Kyiv vehemently denied, accusing Russia of manufacturing a pretext for escalation.",The New York Times,Europe,News,nyt://article/70ed7273-7c67-5def-8d5c-d40eac175390,https://www.nytimes.com/2023/05/03/world/europe/russia-kremlin-drone-explosions.html,1327,By Anton Troianovski and Haley Willis,Moscow Claims Explosions Above the Kremlin Were an Attempt to Kill Putin,,Allegations Fly After 2 Blasts Above Kremlin,Russian law enforcement officers standing guard in Red Square in Moscow on Wednesday. Two drones detonated above the Kremlin earlier in the day.,Evgenia Novozhenina/Reuters,https://static01.nyt.com/images/2023/05/03/multimedia/03ukraine-1-mpjc/03ukraine-1-mpjc-articleLarge.jpg,399,600,https://static01.nyt.com/images/2023/05/03/multimedia/03ukraine-1-mpjc/03ukraine-1-mpjc-thumbStandard.jpg,75,75,Moscow Claims Explosions Above the Kremlin Were an Attempt to Kill Putin,"Moscow Claims Explosions Above the Kremlin Were an Attempt to Kill Putin Russia said Ukraine had launched a drone attack, which Kyiv vehemently denied, accusing Russia of manufacturing a pretext for escalation. Russia said Ukraine had launched a drone attack, which Kyiv vehemently denied, accusing Russia of manufacturing a pretext for escalation."
,article,nyt://article/972092eb-3652-5f73-a4f1-79a7e15b04af,[],Foreign,,,2023-05-03 15:38:09+00:00,World,,The New York Times,Europe,Live Blog Post,nyt://article/972092eb-3652-5f73-a4f1-79a7e15b04af,https://www.nytimes.com/live/2023/05/03/world/russia-ukraine-kremlin-drone-news/russias-claim-comes-as-ukraine-is-readying-for-a-counteroffensive,407,By Marc Santora,Russia’s claim comes as Ukraine is readying for a counteroffensive.,,,"A Ukrainian soldier on the outskirts of Ivanivske, in eastern Ukraine, last month. Ukraine has been expected to start a counteroffensive to retake territory lost to Russian forces last year.",Mauricio Lima for The New York Times,https://static01.nyt.com/images/2023/05/03/multimedia/03ukraine-briefing-counteroffensive-topart-bkhv/03ukraine-briefing-counteroffensive-topart-bkhv-articleLarge.jpg,400,600,https://static01.nyt.com/images/2023/05/03/multimedia/03ukraine-briefing-counteroffensive-topart-bkhv/03ukraine-briefing-counteroffensive-topart-bkhv-thumbStandard.jpg,75,75,Russia’s claim comes as Ukraine is readying for a counteroffensive.,Russia’s claim comes as Ukraine is readying for a counteroffensive.
,article,nyt://article/ec7325da-e60b-527e-903b-468c43fd4cd5,[],Foreign,,,2023-05-03 12:00:03+00:00,World,,The New York Times,Europe,Live Blog Post,nyt://article/ec7325da-e60b-527e-903b-468c43fd4cd5,https://www.nytimes.com/live/2023/05/03/world/russia-ukraine-kremlin-drone-news/the-kremlin-accuses-ukraine-of-a-drone-attack-aimed-at-killing-putin,310,By Matthew Mpoke Bigg and Ivan Nechepurenko,The Kremlin claims Ukraine launched a drone attack aimed at Putin.,,,Russian authorities claimed to have disabled Ukrainian drones over the Kremlin overnight. Ukrainian officials have denied involvement in any attack.,Evgenia Novozhenina/Reuters,https://static01.nyt.com/images/2023/05/03/multimedia/03ukraine-briefing-kremlin-drone-topart-qjvf/03ukraine-briefing-kremlin-drone-topart-qjvf-articleLarge.jpg,400,600,https://static01.nyt.com/images/2023/05/03/multimedia/03ukraine-briefing-kremlin-drone-topart-qjvf/03ukraine-briefing-kremlin-drone-topart-qjvf-thumbStandard.jpg,75,75,The Kremlin claims Ukraine launched a drone attack aimed at Putin.,The Kremlin claims Ukraine launched a drone attack aimed at Putin.
"The fight for Bakhmut, the ruined city in eastern Ukraine, has become a focal point of the war as both sides have poured troops into battle and sustained heavy casualties.",article,nyt://article/750869a5-b32e-5ce8-815c-cf82cf99aacf,"[{'name': 'Subject', 'value': 'Defense and Military Forces', 'rank': 1}, {'name': 'Subject', 'value': 'Russian Invasion of Ukraine (2022)', 'rank': 2}, {'name': 'Organization', 'value': 'Wagner Group', 'rank': 3}, {'name': 'Location', 'value': 'Bakhmut (Ukraine)', 'rank': 4}, {'name': 'Location', 'value': 'Donbas (Ukraine)', 'rank': 5}, {'name': 'Location', 'value': 'Ukraine', 'rank': 6}, {'name': 'Location', 'value': 'Russia', 'rank': 7}]",Foreign,,,2023-05-01 11:01:49+00:00,World,"The fight for Bakhmut, the ruined city in eastern Ukraine, has become a focal point of the war as both sides have poured troops into battle and sustained heavy casualties.",The New York Times,Europe,News,nyt://article/750869a5-b32e-5ce8-815c-cf82cf99aacf,https://www.nytimes.com/2023/05/01/world/europe/bakhmut-ukraine-russia.html,324,By Matthew Mpoke Bigg,Battlefield Update: Russia and Ukraine each claim gains in Bakhmut.,,,"Ukrainian soldiers in a military truck near Bakhmut, Donetsk region, on Sunday. ",Dimitar Dilkoff/Agence France-Presse — Getty Images,https://static01.nyt.com/images/2023/05/01/multimedia/01ukraine-briefing-Bakhmut-battlefield-update-1/01ukraine-carousel-08-gpwb-articleLarge.jpg,400,600,https://static01.nyt.com/images/2023/05/01/multimedia/01ukraine-briefing-Bakhmut-battlefield-update-1/01ukraine-carousel-08-gpwb-thumbStandard.jpg,75,75,Battlefield Update: Russia and Ukraine each claim gains in Bakhmut.,"Battlefield Update: Russia and Ukraine each claim gains in Bakhmut. The fight for Bakhmut, the ruined city in eastern Ukraine, has become a focal point of the war as both sides have poured troops into battle and sustained heavy casualties. The fight for Bakhmut, the ruined city in eastern Ukraine, has become a focal point of the war as both sides have poured troops into battle and sustained heavy casualties."
"The unsourced accusations about the leadership of the Mossad, Israel’s foreign intelligence service, were contained in a leaked Pentagon report.",article,nyt://article/66a35bcd-3622-5071-a60c-8916525fcf7c,"[{'name': 'Subject', 'value': 'Russian Invasion of Ukraine (2022)', 'rank': 1}, {'name': 'Person', 'value': 'Netanyahu, Benjamin', 'rank': 2}, {'name': 'Organization', 'value': 'Mossad', 'rank': 3}, {'name': 'Organization', 'value': 'Defense Department', 'rank': 4}, {'name': 'Organization', 'value': 'State Department', 'rank': 5}, {'name': 'Subject', 'value': 'Demonstrations, Protests and Riots', 'rank': 6}, {'name': 'Subject', 'value': 'War and Armed Conflicts', 'rank': 7}]",Foreign,,,2023-04-08 21:39:22+00:00,World,"The unsourced accusations about the leadership of the Mossad, Israel’s foreign intelligence service, were contained in a leaked Pentagon report.",The New York Times,Middle East,News,nyt://article/66a35bcd-3622-5071-a60c-8916525fcf7c,https://www.nytimes.com/2023/04/08/world/middleeast/israel-mossad-leaked-documents-pentagon.html,634,"By Ronen Bergman, Patrick Kingsley and Isabel Kershner",Israel Denies Leaked Claim That Spy Agency Leaders Encouraged Protest,,,Thousands of protesters took to the streets of Israel in March to demonstrate a proposed overhaul of the judicial system. ,Avishag Shaar-Yashuv for The New York Times,https://static01.nyt.com/images/2023/04/08/multimedia/08leaked-documents-israel-mossad-topart-kmfb/08leaked-documents-israel-mossad-topart-kmfb-articleLarge.jpg,400,600,https://static01.nyt.com/images/2023/04/08/multimedia/08leaked-documents-israel-mossad-topart-kmfb/08leaked-documents-israel-mossad-topart-kmfb-thumbStandard.jpg,75,75,Israel Denies Leaked Claim That Spy Agency Leaders Encouraged Protest,"Israel Denies Leaked Claim That Spy Agency Leaders Encouraged Protest The unsourced accusations about the leadership of the Mossad, Israel’s foreign intelligence service, were contained in a leaked Pentagon report. The unsourced accusations about the leadership of the Mossad, Israel’s foreign intelligence service, were contained in a leaked Pentagon report."
"Yevgeny V. Prigozhin, the Wagner group founder, said Russian forces had raised their country’s flag in the center of Bakhmut.",article,nyt://article/e283d99d-9e1a-5d07-95bf-d0c1fa57b768,"[{'name': 'Location', 'value': 'Bakhmut (Ukraine)', 'rank': 1}, {'name': 'Subject', 'value': 'Russian Invasion of Ukraine (2022)', 'rank': 2}, {'name': 'Location', 'value': 'Russia', 'rank': 3}, {'name': 'Location', 'value': 'Donbas (Ukraine)', 'rank': 4}, {'name': 'Organization', 'value': 'Wagner Group', 'rank': 5}, {'name': 'Person', 'value': 'Prigozhin, Yevgeny V', 'rank': 6}, {'name': 'Subject', 'value': 'vis-video', 'rank': 7}]",Foreign,,,2023-04-03 12:24:07+00:00,World,"Yevgeny V. Prigozhin, the Wagner group founder, said Russian forces had raised their country’s flag in the center of Bakhmut.",The New York Times,Europe,News,nyt://article/e283d99d-9e1a-5d07-95bf-d0c1fa57b768,https://www.nytimes.com/2023/04/03/world/europe/bakhmut-ukraine-wagner-russia.html,562,By Matthew Mpoke Bigg,"Wagner claims ‘legal’ control of Bakhmut, while Ukraine says it is still fighting.",,,"Bakhmut, Ukraine, last month.",Libkos/Associated Press,https://static01.nyt.com/images/2023/04/03/multimedia/03ukraine-briefing-bakhmut-bjkg/03ukraine-briefing-bakhmut-bjkg-articleLarge.jpg,400,600,https://static01.nyt.com/images/2023/04/03/multimedia/03ukraine-briefing-bakhmut-bjkg/03ukraine-briefing-bakhmut-bjkg-thumbStandard.jpg,75,75,"Wagner claims ‘legal’ control of Bakhmut, while Ukraine says it is still fighting.","Wagner claims ‘legal’ control of Bakhmut, while Ukraine says it is still fighting. Yevgeny V. Prigozhin, the Wagner group founder, said Russian forces had raised their country’s flag in the center of Bakhmut. Yevgeny V. Prigozhin, the Wagner group founder, said Russian forces had raised their country’s flag in the center of Bakhmut."
,article,nyt://article/7329de6e-b35a-5f1a-bc55-c2e209caaccd,[],Foreign,,,2023-03-28 10:36:14+00:00,World,,The New York Times,Europe,Live Blog Post,nyt://article/7329de6e-b35a-5f1a-bc55-c2e209caaccd,https://www.nytimes.com/live/2023/03/28/world/russia-ukraine-news/ukraine-claims-to-shoot-down-12-of-12-russian-drones-over-kyiv,272,By Daniel Victor,Ukraine claims to shoot down 12 of 12 Russian drones over Kyiv.,,,"A dormitory was hit by a drone attack in Rzhyshchiv, south of Kyiv, last week.",Laetitia Vancon for The New York Times,https://static01.nyt.com/images/2023/03/23/multimedia/28ukraine-briefing-drones-kyiv/23ukraine-ledeall-2-wmhz-articleLarge.jpg,450,600,https://static01.nyt.com/images/2023/03/23/multimedia/28ukraine-briefing-drones-kyiv/23ukraine-ledeall-2-wmhz-thumbStandard.jpg,75,75,Ukraine claims to shoot down 12 of 12 Russian drones over Kyiv.,Ukraine claims to shoot down 12 of 12 Russian drones over Kyiv.
Prime Minister Justin Trudeau of Canada is battling critics and leaked intelligence reports that opponents say show he ignored warnings of Chinese interference in past elections.,article,nyt://article/02c0767a-be3c-5275-8ba8-fc1849e1d5ff,"[{'name': 'Subject', 'value': 'Elections', 'rank': 1}, {'name': 'Subject', 'value': 'Politics and Government', 'rank': 2}, {'name': 'Subject', 'value': 'Espionage and Intelligence Services', 'rank': 3}, {'name': 'Subject', 'value': 'International Relations', 'rank': 4}, {'name': 'Subject', 'value': 'News and News Media', 'rank': 5}, {'name': 'Subject', 'value': 'Canadian Federal Election (2019)', 'rank': 6}, {'name': 'Subject', 'value': 'Project Democracy', 'rank': 7}, {'name': 'Person', 'value': 'Trudeau, Justin', 'rank': 8}, {'name': 'Organization', 'value': 'Liberal Party (Canada)', 'rank': 9}, {'name': 'Organization', 'value': 'Conservative Party (Canada)', 'rank': 10}, {'name': 'Person', 'value': 'Poilievre, Pierre', 'rank': 11}, {'name': 'Organization', 'value': 'Globe and Mail', 'rank': 12}, {'name': 'Location', 'value': 'Canada', 'rank': 13}, {'name': 'Location', 'value': 'China', 'rank': 14}, {'name': 'Subject', 'value': 'Voter Fraud (Election Fraud)', 'rank': 15}]",Foreign,9.0,A,2023-03-18 13:45:35+00:00,World,Prime Minister Justin Trudeau of Canada is battling critics and leaked intelligence reports that opponents say show he ignored warnings of Chinese interference in past elections.,The New York Times,Canada,News,nyt://article/02c0767a-be3c-5275-8ba8-fc1849e1d5ff,https://www.nytimes.com/2023/03/18/world/canada/trudeau-canada-china-election-meddling.html,1304,By Ian Austen,Claims of Chinese Election Meddling Put Trudeau on Defensive,,Claims of Chinese Election Meddling Put Prime Minister on Defensive,"Claims of Chinese interference on Canada’s 2019 and 2021 elections, including Prime Minister Justin Trudeau’s party’s victory, have raised criticism from the country’s opposition parties.",Carlos Osorio/Reuters,https://static01.nyt.com/images/2023/03/13/multimedia/00canada-china-01-fzbj/00canada-china-01-fzbj-articleLarge.jpg,400,600,https://static01.nyt.com/images/2023/03/13/multimedia/00canada-china-01-fzbj/00canada-china-01-fzbj-thumbStandard.jpg,75,75,Claims of Chinese Election Meddling Put Trudeau on Defensive,Claims of Chinese Election Meddling Put Trudeau on Defensive Prime Minister Justin Trudeau of Canada is battling critics and leaked intelligence reports that opponents say show he ignored warnings of Chinese interference in past elections. Prime Minister Justin Trudeau of Canada is battling critics and leaked intelligence reports that opponents say show he ignored warnings of Chinese interference in past elections.
The meal kit company’s decision follows an advocacy group’s report claiming that some monkeys in Thailand are forced to climb trees and pick the fruit.,article,nyt://article/33947f38-f855-582d-b656-f637b3f4ffe9,"[{'name': 'Organization', 'value': '365 by Whole Foods Markets', 'rank': 1}, {'name': 'Organization', 'value': 'HelloFresh', 'rank': 2}, {'name': 'Organization', 'value': 'People for the Ethical Treatment of Animals', 'rank': 3}, {'name': 'Location', 'value': 'Thailand', 'rank': 4}, {'name': 'Location', 'value': 'United States', 'rank': 5}, {'name': 'Subject', 'value': 'Coconuts', 'rank': 6}, {'name': 'Subject', 'value': 'Animal Abuse, Rights and Welfare', 'rank': 7}, {'name': 'Subject', 'value': 'Agriculture and Farming', 'rank': 8}, {'name': 'Subject', 'value': 'Animals', 'rank': 9}, {'name': 'Subject', 'value': 'Supermarkets and Grocery Stores', 'rank': 10}, {'name': 'Subject', 'value': 'Monkeys and Apes', 'rank': 11}, {'name': 'Subject', 'value': 'Supply Chain', 'rank': 12}]",Express,,,2023-03-16 16:02:29+00:00,World,The meal kit company’s decision follows an advocacy group’s report claiming that some monkeys in Thailand are forced to climb trees and pick the fruit.,The New York Times,Asia Pacific,News,nyt://article/33947f38-f855-582d-b656-f637b3f4ffe9,https://www.nytimes.com/2023/03/16/world/asia/hellofresh-thai-coconut-milk-monkeys.html,861,By Christine Chung,HelloFresh to Stop Buying Coconut Milk From Thailand Amid Claims of Monkey Labor,,,"A monkey learns to collect coconuts for agriculture during a training session at the monkey school in Surat Thani, in southern Thailand.","Chaiwat Subprasom/LightRocket, via Getty Images",https://static01.nyt.com/images/2023/03/15/multimedia/15xp-monkeys1/15xp-monkeys1-articleLarge.jpg,441,600,https://static01.nyt.com/images/2023/03/15/multimedia/15xp-monkeys1/15xp-monkeys1-thumbStandard-v2.jpg,75,75,HelloFresh to Stop Buying Coconut Milk From Thailand Amid Claims of Monkey Labor,HelloFresh to Stop Buying Coconut Milk From Thailand Amid Claims of Monkey Labor The meal kit company’s decision follows an advocacy group’s report claiming that some monkeys in Thailand are forced to climb trees and pick the fruit. The meal kit company’s decision follows an advocacy group’s report claiming that some monkeys in Thailand are forced to climb trees and pick the fruit.
,article,nyt://article/bc674430-ed88-57f3-9b8b-5567a57c9670,"[{'name': 'Subject', 'value': 'Russian Invasion of Ukraine (2022)', 'rank': 1}, {'name': 'Subject', 'value': 'Politics and Government', 'rank': 2}, {'name': 'Location', 'value': 'Russia', 'rank': 3}, {'name': 'Location', 'value': 'Ukraine', 'rank': 4}, {'name': 'Person', 'value': 'Putin, Vladimir V', 'rank': 5}]",Foreign,,,2023-03-15 05:57:52+00:00,World,,The New York Times,Europe,News,nyt://article/bc674430-ed88-57f3-9b8b-5567a57c9670,https://www.nytimes.com/2023/03/15/world/europe/putin-claims-the-west-is-trying-to-pull-apart-russia.html,334,By Ivan Nechepurenko,Putin claims the West is trying to ‘pull apart’ Russia.,,,"A member of Ukraine’s 24th Mechanized Brigade in a trench outside Toretsk, in eastern Ukraine, on Saturday.",Tyler Hicks/The New York Times,https://static01.nyt.com/images/2023/03/14/multimedia/14ukraine-briefing-putin-01-wzkm/14ukraine-briefing-putin-01-wzkm-articleLarge.jpg,400,600,https://static01.nyt.com/images/2023/03/14/multimedia/14ukraine-briefing-putin-01-wzkm/14ukraine-briefing-putin-01-wzkm-thumbStandard.jpg,75,75,Putin claims the West is trying to ‘pull apart’ Russia.,Putin claims the West is trying to ‘pull apart’ Russia.
,article,nyt://article/55984ca0-6515-5570-bfb3-385ccdf2ce02,"[{'name': 'Subject', 'value': 'vis-video', 'rank': 1}]",Foreign,,,2023-03-08 12:46:31+00:00,World,,The New York Times,Europe,Live Blog Post,nyt://article/55984ca0-6515-5570-bfb3-385ccdf2ce02,https://www.nytimes.com/live/2023/03/08/world/russia-ukraine-news/wagners-founder-says-taking-bakhmut-would-ease-an-advance-in-the-east,572,By Anatoly Kurmanaev,The Wagner mercenary group claims to control part of Bakhmut.,,,A Ukrainian position damaged by a Russian strike near Bakhmut on Friday.,Daniel Berehulak/The New York Times,https://static01.nyt.com/images/2023/03/05/multimedia/08ukraine-briefing-wagner2/05ukraine-bakhmut-07-bjmz-articleLarge.jpg,400,600,https://static01.nyt.com/images/2023/03/05/multimedia/08ukraine-briefing-wagner2/05ukraine-bakhmut-07-bjmz-thumbStandard.jpg,75,75,The Wagner mercenary group claims to control part of Bakhmut.,The Wagner mercenary group claims to control part of Bakhmut.
"Ukrainians say Russia’s Wagner mercenary group is running low on fighters recruited from prisons, used in attacks on Bakhmut, where Ukraine has also endured heavy losses.",article,nyt://article/b20948a2-ab19-5435-984e-2430031bebf0,"[{'name': 'Subject', 'value': 'Russian Invasion of Ukraine (2022)', 'rank': 1}, {'name': 'Subject', 'value': 'Mercenaries and Private Military Contractors', 'rank': 2}, {'name': 'Subject', 'value': 'Draft and Recruitment (Military)', 'rank': 3}, {'name': 'Organization', 'value': 'Wagner Group', 'rank': 4}, {'name': 'Location', 'value': 'Bakhmut (Ukraine)', 'rank': 5}, {'name': 'Location', 'value': 'Ukraine', 'rank': 6}, {'name': 'Location', 'value': 'Russia', 'rank': 7}]",Foreign,10.0,A,2023-03-08 00:00:11+00:00,World,"Ukrainians say Russia’s Wagner mercenary group is running low on fighters recruited from prisons, used in attacks on Bakhmut, where Ukraine has also endured heavy losses.",The New York Times,Europe,News,nyt://article/b20948a2-ab19-5435-984e-2430031bebf0,https://www.nytimes.com/2023/03/07/world/europe/bakhmut-ukraine-russia-wagner.html,1329,By Andrew E. Kramer and Anatoly Kurmanaev,Ukraine Claims Bakhmut Battle Is Wagner’s ‘Last Stand’,,"Bakhmut Is Mercenary Group’s ‘Last Stand,’ Ukraine Claims","Servicemen from the 3rd Brigade mortar unit fire at Russian forces to support Ukrainian infantry near Bakhmut, on Tuesday.",Daniel Berehulak/The New York Times,https://static01.nyt.com/images/2023/03/07/multimedia/07ukraine-ledeall-3-qbtg/07ukraine-ledeall-3-qbtg-articleLarge.jpg,400,600,https://static01.nyt.com/images/2023/03/07/multimedia/07ukraine-ledeall-3-qbtg/07ukraine-ledeall-3-qbtg-thumbStandard.jpg,75,75,Ukraine Claims Bakhmut Battle Is Wagner’s ‘Last Stand’,"Ukraine Claims Bakhmut Battle Is Wagner’s ‘Last Stand’ Ukrainians say Russia’s Wagner mercenary group is running low on fighters recruited from prisons, used in attacks on Bakhmut, where Ukraine has also endured heavy losses. Ukrainians say Russia’s Wagner mercenary group is running low on fighters recruited from prisons, used in attacks on Bakhmut, where Ukraine has also endured heavy losses."
The claim was a rare public acknowledgment of a cross-border attack in Russian territory.,article,nyt://article/5650a1b1-5459-52fb-8c84-8a7b4855212f,"[{'name': 'Location', 'value': 'Bryansk (Russia)', 'rank': 1}, {'name': 'Location', 'value': 'Kyiv (Ukraine)', 'rank': 2}, {'name': 'Subject', 'value': 'Drones (Pilotless Planes)', 'rank': 3}, {'name': 'Subject', 'value': 'Russian Invasion of Ukraine (2022)', 'rank': 4}, {'name': 'Subject', 'value': 'Defense and Military Forces', 'rank': 5}]",Foreign,,,2023-03-06 10:09:39+00:00,World,The claim was a rare public acknowledgment of a cross-border attack in Russian territory.,The New York Times,Europe,News,nyt://article/5650a1b1-5459-52fb-8c84-8a7b4855212f,https://www.nytimes.com/2023/03/06/world/europe/drone-attacks-bryansk-russia.html,550,By Marc Santora,Ukraine Claims a Drone Strike on a Military Target Inside Russia,,,"A sign beside a road marking the boundary of the Bryansk region of Russia, which borders Ukraine.",Kirill Kudryavtsev/Agence France-Presse — Getty Images,https://static01.nyt.com/images/2023/03/02/multimedia/06ukraine-briefing-newlede-Bryansk/02ukraine-incursion-ALT-vclj-articleLarge.jpg,400,600,https://static01.nyt.com/images/2023/03/02/multimedia/06ukraine-briefing-newlede-Bryansk/02ukraine-incursion-ALT-vclj-thumbStandard.jpg,75,75,Ukraine Claims a Drone Strike on a Military Target Inside Russia,Ukraine Claims a Drone Strike on a Military Target Inside Russia The claim was a rare public acknowledgment of a cross-border attack in Russian territory. The claim was a rare public acknowledgment of a cross-border attack in Russian territory.
"Shahida Raza, a national soccer and field hockey player, wanted her disabled son to have a better life. The boat carrying her to Italy crashed just off the coast.",article,nyt://article/e248e66d-3632-5439-be57-0907d7a76950,"[{'name': 'Person', 'value': 'Raza, Shahida', 'rank': 1}, {'name': 'Subject', 'value': 'Middle East and Africa Migrant Crisis', 'rank': 2}, {'name': 'Subject', 'value': 'Deaths (Fatalities)', 'rank': 3}, {'name': 'Location', 'value': 'Pakistan', 'rank': 4}, {'name': 'Location', 'value': 'Italy', 'rank': 5}, {'name': 'Subject', 'value': 'Maritime Accidents and Safety', 'rank': 6}, {'name': 'Subject', 'value': 'Hazaras (Ethnic Group)', 'rank': 7}, {'name': 'Subject', 'value': 'Soccer', 'rank': 8}, {'name': 'Subject', 'value': 'Hockey, Field', 'rank': 9}]",Express,10.0,A,2023-03-04 08:50:41+00:00,World,"Shahida Raza, a national soccer and field hockey player, wanted her disabled son to have a better life. The boat carrying her to Italy crashed just off the coast.",The New York Times,Europe,News,nyt://article/e248e66d-3632-5439-be57-0907d7a76950,https://www.nytimes.com/2023/03/04/world/europe/shahida-raza-pakistani-soccer-shipwreck-italy.html,728,By Salman Masood and Mike Ives,Migrants’ Shipwreck Near Italy Claimed a Pro Athlete From Pakistan,,Migrants’ Shipwreck Near Italy Claimed Professional Athlete From Pakistan,"Shahida Raza, who played on Pakistan’s national soccer and field hockey teams, in an undated photo.",via Saba Khanum,https://static01.nyt.com/images/2023/03/04/multimedia/04xp-shipwreck-victim-01-mckv/04xp-shipwreck-victim-01-mckv-articleLarge.jpg,600,600,https://static01.nyt.com/images/2023/03/04/multimedia/04xp-shipwreck-victim-01-mckv/04xp-shipwreck-victim-01-mckv-thumbStandard.jpg,75,75,Migrants’ Shipwreck Near Italy Claimed a Pro Athlete From Pakistan,"Migrants’ Shipwreck Near Italy Claimed a Pro Athlete From Pakistan Shahida Raza, a national soccer and field hockey player, wanted her disabled son to have a better life. The boat carrying her to Italy crashed just off the coast. Shahida Raza, a national soccer and field hockey player, wanted her disabled son to have a better life. The boat carrying her to Italy crashed just off the coast."
"The response came after the Energy Department concluded with “low confidence” that the coronavirus emerged from a lab in Wuhan, China.",article,nyt://article/85bb7146-41a1-5711-9414-2adfee8a602c,"[{'name': 'Subject', 'value': 'Coronavirus (2019-nCoV)', 'rank': 1}, {'name': 'Subject', 'value': 'Espionage and Intelligence Services', 'rank': 2}, {'name': 'Subject', 'value': 'Laboratories and Scientific Equipment', 'rank': 3}, {'name': 'Subject', 'value': 'Viruses', 'rank': 4}, {'name': 'Organization', 'value': 'Energy Department', 'rank': 5}, {'name': 'Location', 'value': 'Wuhan (China)', 'rank': 6}]",Foreign,6.0,A,2023-02-27 09:55:43+00:00,World,"The response came after the Energy Department concluded with “low confidence” that the coronavirus emerged from a lab in Wuhan, China.",The New York Times,Asia Pacific,News,nyt://article/85bb7146-41a1-5711-9414-2adfee8a602c,https://www.nytimes.com/2023/02/27/world/asia/china-react-covid-lab-leak.html,637,By David Pierson,China Dismisses Latest Claim That Lab Leak Likely Caused Covid,,U.S. Finding On Covid Draws Fire From China,"The Wuhan Institute of Virology in Wuhan, China. ",Thomas Peter/Reuters,https://static01.nyt.com/images/2023/02/27/multimedia/27china-virus-reax-qjgh/27china-virus-reax-qjgh-articleLarge.jpg,401,600,https://static01.nyt.com/images/2023/02/27/multimedia/27china-virus-reax-qjgh/27china-virus-reax-qjgh-thumbStandard.jpg,75,75,China Dismisses Latest Claim That Lab Leak Likely Caused Covid,"China Dismisses Latest Claim That Lab Leak Likely Caused Covid The response came after the Energy Department concluded with “low confidence” that the coronavirus emerged from a lab in Wuhan, China. The response came after the Energy Department concluded with “low confidence” that the coronavirus emerged from a lab in Wuhan, China."
"The country has conducted six underground nuclear tests, and a seventh may be on the way. Rights groups fear their environmental and health consequences.",article,nyt://article/2dfe92b5-8199-5670-a8e7-220f834efef3,"[{'name': 'Location', 'value': 'North Korea', 'rank': 1}, {'name': 'Location', 'value': 'South Korea', 'rank': 2}, {'name': 'Location', 'value': 'China', 'rank': 3}, {'name': 'Location', 'value': 'Japan', 'rank': 4}, {'name': 'Organization', 'value': 'Transitional Justice Working Group', 'rank': 5}, {'name': 'Subject', 'value': 'Nuclear Tests', 'rank': 6}, {'name': 'Subject', 'value': 'Nuclear Weapons', 'rank': 7}, {'name': 'Subject', 'value': 'International Relations', 'rank': 8}, {'name': 'Subject', 'value': 'Radiation', 'rank': 9}, {'name': 'Subject', 'value': 'Defectors (Political)', 'rank': 10}, {'name': 'Subject', 'value': 'Defense and Military Forces', 'rank': 11}, {'name': 'Person', 'value': 'Kim Jong-un', 'rank': 12}, {'name': 'Person', 'value': 'Kim Yo-jong', 'rank': 13}]",Foreign,10.0,A,2023-02-21 08:44:13+00:00,World,"The country has conducted six underground nuclear tests, and a seventh may be on the way. Rights groups fear their environmental and health consequences.",The New York Times,Asia Pacific,News,nyt://article/2dfe92b5-8199-5670-a8e7-220f834efef3,https://www.nytimes.com/2023/02/21/world/asia/north-korea-nuclear-weapons-tests.html,613,By Choe Sang-Hun,Are North Korea’s Nuclear Weapons Tests as Safe as the Country Claims?,,Groups Fear Nuclear Tests Held by Kim Taint Region,"A satellite image of the Punggye-ri nuclear test site in Kilju, a county in North Korea, in March 2022.","Maxar Technologies, via Reuters",https://static01.nyt.com/images/2023/02/21/multimedia/21nkorea-fwmj/21nkorea-fwmj-articleLarge.jpg,400,600,https://static01.nyt.com/images/2023/02/21/multimedia/21nkorea-fwmj/21nkorea-fwmj-thumbStandard.jpg,75,75,Are North Korea’s Nuclear Weapons Tests as Safe as the Country Claims?,"Are North Korea’s Nuclear Weapons Tests as Safe as the Country Claims? The country has conducted six underground nuclear tests, and a seventh may be on the way. Rights groups fear their environmental and health consequences. The country has conducted six underground nuclear tests, and a seventh may be on the way. Rights groups fear their environmental and health consequences."
"For the coronation of King Charles III and the queen consort, she will wear a century-old crown that does not include the storied Koh-i-Noor diamond, taken from India under British rule.",article,nyt://article/b952f17f-78ba-53b3-b04f-ca82577ed4e7,"[{'name': 'Subject', 'value': 'Royal Families', 'rank': 1}, {'name': 'Person', 'value': 'Charles III, King of the United Kingdom', 'rank': 2}, {'name': 'Person', 'value': 'Bowles, Camilla Parker', 'rank': 3}, {'name': 'Subject', 'value': 'Diamonds', 'rank': 4}, {'name': 'Subject', 'value': 'Jewels and Jewelry', 'rank': 5}, {'name': 'Subject', 'value': 'Palaces and Castles', 'rank': 6}, {'name': 'Subject', 'value': 'International Relations', 'rank': 7}, {'name': 'Organization', 'value': 'Buckingham Palace', 'rank': 8}, {'name': 'Organization', 'value': 'Tower of London (Great Britain)', 'rank': 9}]",Foreign,5.0,A,2023-02-14 18:25:24+00:00,World,"For the coronation of King Charles III and the queen consort, she will wear a century-old crown that does not include the storied Koh-i-Noor diamond, taken from India under British rule.",The New York Times,Europe,News,nyt://article/b952f17f-78ba-53b3-b04f-ca82577ed4e7,https://www.nytimes.com/2023/02/14/world/europe/camilla-crown-koh-i-noor-diamond.html,641,By Mark Landler,Jewels in Camilla’s Crown Will Not Include Famed Diamond Claimed by India,,Celebration For Charles  Will Exclude Indian Jewel,"A close-up of the Queen Mother’s coffin, and the Queen Mother’s coronation crown with the priceless Koh-i-Noor diamond, in London in 2002.","Pool Photograph/Corbis, via Getty Images",https://static01.nyt.com/images/2023/02/14/multimedia/Uk-royals-vjbp/Uk-royals-vjbp-articleLarge.jpg,391,600,https://static01.nyt.com/images/2023/02/14/multimedia/Uk-royals-vjbp/Uk-royals-vjbp-thumbStandard.jpg,75,75,Jewels in Camilla’s Crown Will Not Include Famed Diamond Claimed by India,"Jewels in Camilla’s Crown Will Not Include Famed Diamond Claimed by India For the coronation of King Charles III and the queen consort, she will wear a century-old crown that does not include the storied Koh-i-Noor diamond, taken from India under British rule. For the coronation of King Charles III and the queen consort, she will wear a century-old crown that does not include the storied Koh-i-Noor diamond, taken from India under British rule."
,article,nyt://article/491874e5-2a76-5473-9bf8-5ec6454eb0d3,[],Foreign,,,2023-02-13 10:40:26+00:00,World,,The New York Times,Europe,News,nyt://article/491874e5-2a76-5473-9bf8-5ec6454eb0d3,https://www.nytimes.com/2023/02/13/world/europe/russia-tightens-a-claw-around-bakhmut-as-wagner-fighters-claim-another-village.html,279,By Shashank Bengali,"Russia tightens a claw around Bakhmut, as Wagner fighters claim another village.",,,"A Ukrainian soldier in Bakhmut, Ukraine, on Sunday.",Libkos/Associated Press,https://static01.nyt.com/images/2023/02/13/multimedia/13ukraine-briefing-ledeall-version-vbjg/13ukraine-briefing-ledeall-version-vbjg-articleLarge.jpg,400,600,https://static01.nyt.com/images/2023/02/13/multimedia/13ukraine-briefing-ledeall-version-vbjg/13ukraine-briefing-ledeall-version-vbjg-thumbStandard.jpg,75,75,"Russia tightens a claw around Bakhmut, as Wagner fighters claim another village.","Russia tightens a claw around Bakhmut, as Wagner fighters claim another village."
"The Wagner paramilitary group said its fighters had seized a village outside Bakhmut, as Moscow’s forces continue a brutal campaign that has nearly encircled the strategic eastern city.",article,nyt://article/717e2fdf-eb35-54da-a982-93e00c85d5bb,"[{'name': 'Subject', 'value': 'Russian Invasion of Ukraine (2022)', 'rank': 1}, {'name': 'Location', 'value': 'Bakhmut (Ukraine)', 'rank': 2}, {'name': 'Person', 'value': 'Prigozhin, Yevgeny V', 'rank': 3}, {'name': 'Organization', 'value': 'Wagner Group', 'rank': 4}, {'name': 'Location', 'value': 'Ukraine', 'rank': 5}]",Foreign,6.0,A,2023-02-12 10:49:09+00:00,World,"The Wagner paramilitary group said its fighters had seized a village outside Bakhmut, as Moscow’s forces continue a brutal campaign that has nearly encircled the strategic eastern city.",The New York Times,Europe,News,nyt://article/717e2fdf-eb35-54da-a982-93e00c85d5bb,https://www.nytimes.com/2023/02/12/world/europe/ukraine-russia-bakhmut-wagner.html,929,By Shashank Bengali,Russia’s Wagner Fighters Claim Advance Near Bakhmut,,Russia’s Wagner Fighters Claim Village Near Strategic City in Eastern Ukraine,Collecting firewood on Thursday in Bakhmut.,Yevhenii Zavhorodnii/Reuters,https://static01.nyt.com/images/2023/02/12/multimedia/12ukraine-ledeall-new3-zckm/12ukraine-ledeall-new3-zckm-articleLarge.jpg,400,600,https://static01.nyt.com/images/2023/02/12/multimedia/12ukraine-ledeall-new3-zckm/12ukraine-ledeall-new3-zckm-thumbStandard.jpg,75,75,Russia’s Wagner Fighters Claim Advance Near Bakhmut,"Russia’s Wagner Fighters Claim Advance Near Bakhmut The Wagner paramilitary group said its fighters had seized a village outside Bakhmut, as Moscow’s forces continue a brutal campaign that has nearly encircled the strategic eastern city. The Wagner paramilitary group said its fighters had seized a village outside Bakhmut, as Moscow’s forces continue a brutal campaign that has nearly encircled the strategic eastern city."
Ukrainian officials said that two Russian missiles crossed into the airspace of Moldova and Romania before entering Ukraine.,article,nyt://article/55968192-a108-5b09-bc3a-4781b2757b2f,"[{'name': 'Location', 'value': 'Romania', 'rank': 1}, {'name': 'Location', 'value': 'Ukraine', 'rank': 2}, {'name': 'Location', 'value': 'Moldova', 'rank': 3}, {'name': 'Subject', 'value': 'Missiles and Missile Defense Systems', 'rank': 4}, {'name': 'Subject', 'value': 'Russian Invasion of Ukraine (2022)', 'rank': 5}]",Foreign,,,2023-02-10 11:49:51+00:00,World,Ukrainian officials said that two Russian missiles crossed into the airspace of Moldova and Romania before entering Ukraine.,The New York Times,Europe,News,nyt://article/55968192-a108-5b09-bc3a-4781b2757b2f,https://www.nytimes.com/2023/02/10/world/europe/russia-missile-romania-moldova-ukraine.html,610,By Marc Santora and Monika Pronczuk,"Romania says a Russian missile didn’t enter its airspace, countering a Ukrainian claim.",,,,,,0,0,,0,0,"Romania says a Russian missile didn’t enter its airspace, countering a Ukrainian claim.","Romania says a Russian missile didn’t enter its airspace, countering a Ukrainian claim. Ukrainian officials said that two Russian missiles crossed into the airspace of Moldova and Romania before entering Ukraine. Ukrainian officials said that two Russian missiles crossed into the airspace of Moldova and Romania before entering Ukraine."
,article,nyt://article/05a831df-7c74-53c8-9b0f-000e87bec38e,"[{'name': 'Subject', 'value': 'Russian Invasion of Ukraine (2022)', 'rank': 1}, {'name': 'Organization', 'value': 'Human Rights Watch', 'rank': 2}, {'name': 'Subject', 'value': 'War Crimes, Genocide and Crimes Against Humanity', 'rank': 3}, {'name': 'Location', 'value': 'Izium (Ukraine)', 'rank': 4}]",Foreign,,,2023-02-01 00:13:39+00:00,World,,The New York Times,Europe,Live Blog Post,nyt://article/05a831df-7c74-53c8-9b0f-000e87bec38e,https://www.nytimes.com/live/2023/01/31/world/russia-ukraine-news/ukraine-used-land-mines-in-the-formerly-occupied-city-of-izium-a-new-report-claims,598,By Carly Olson,"Ukraine used banned land mines in the formerly occupied city of Izium, a new report claims.",,,"A land mine warning sign next to a road in Izium, Ukraine, in September.",Juan Barreto/Agence France-Presse — Getty Images,https://static01.nyt.com/images/2023/01/31/lens/31ukraine-briefing-landmines-03-copy/31ukraine-briefing-landmines-01-articleLarge.jpg,400,600,https://static01.nyt.com/images/2023/01/31/lens/31ukraine-briefing-landmines-03-copy/31ukraine-briefing-landmines-01-thumbStandard.jpg,75,75,"Ukraine used banned land mines in the formerly occupied city of Izium, a new report claims.","Ukraine used banned land mines in the formerly occupied city of Izium, a new report claims."
,article,nyt://article/a30bff4c-9664-5067-a373-0c0e22f238e6,[],Foreign,,,2023-01-27 14:33:28+00:00,World,,The New York Times,Europe,Live Blog Post,nyt://article/a30bff4c-9664-5067-a373-0c0e22f238e6,https://www.nytimes.com/live/2023/01/27/world/russia-ukraine-news/ukraine-holocaust-remembrance-day,434,By Cassandra Vinograd,Ukraine observes Holocaust Remembrance Day amid a war that Putin falsely claimed was about ‘denazification.’,,,"In this handout image released by his office, President Volodymyr Zelensky of Ukraine takes part in a ceremony at the Babyn Yar memorial in Kyiv, Ukraine, on Friday.","Ukrainian Presidential Press Service, via Reuters",https://static01.nyt.com/images/2023/01/27/multimedia/27ukraine-briefing-holocaust-remembrance-zhkj/27ukraine-briefing-holocaust-remembrance-zhkj-articleLarge.jpg,400,600,https://static01.nyt.com/images/2023/01/27/multimedia/27ukraine-briefing-holocaust-remembrance-zhkj/27ukraine-briefing-holocaust-remembrance-zhkj-thumbStandard.jpg,75,75,Ukraine observes Holocaust Remembrance Day amid a war that Putin falsely claimed was about ‘denazification.’,Ukraine observes Holocaust Remembrance Day amid a war that Putin falsely claimed was about ‘denazification.’
,article,nyt://article/73b9f5d0-cf6d-527d-8aed-c80040b4c114,[],Foreign,,,2023-01-19 09:11:16+00:00,World,,The New York Times,Europe,Live Blog Post,nyt://article/73b9f5d0-cf6d-527d-8aed-c80040b4c114,https://www.nytimes.com/live/2023/01/19/world/russia-ukraine-news/russian-paramilitaries-claim-to-capture-a-ukrainian-stronghold-in-the-donbas-region,487,By Ivan Nechepurenko and Thomas Gibbons-Neff,Russian paramilitaries claim to capture a Ukrainian stronghold in the Donbas region.,,,A Ukrainian military car passing a destroyed building in Bakhmut this month.,Nicole Tung for The New York Times,https://static01.nyt.com/images/2023/01/19/multimedia/19ukraine-briefing-wagner-fqvt/19ukraine-briefing-wagner-fqvt-articleLarge.jpg,400,600,https://static01.nyt.com/images/2023/01/19/multimedia/19ukraine-briefing-wagner-fqvt/19ukraine-briefing-wagner-fqvt-thumbStandard.jpg,75,75,Russian paramilitaries claim to capture a Ukrainian stronghold in the Donbas region.,Russian paramilitaries claim to capture a Ukrainian stronghold in the Donbas region.
,article,nyt://article/5c12a8b8-72ab-568f-8f5e-91129bba89f8,[],Foreign,,,2023-01-14 14:33:24+00:00,World,,The New York Times,Europe,Live Blog Post,nyt://article/5c12a8b8-72ab-568f-8f5e-91129bba89f8,https://www.nytimes.com/live/2023/01/14/world/russia-ukraine-news/ukrainian-officials-say-the-eastern-city-of-soledar-remains-under-kyivs-control-despite-russias-claims,283,By Megan Specia,"Ukrainian officials say the eastern city of Soledar remains under Kyiv’s control, despite Russia’s claims.",,,A frame from a video released by the Russian Defense Ministry on Friday purportedly showed self-propelled howitzers firing in the Donetsk region of eastern Ukraine.,"Russian Defense Ministry/EPA, via Shutterstock",https://static01.nyt.com/images/2023/01/14/multimedia/14ukraine-briefing-soledar-mgzt/14ukraine-briefing-soledar-mgzt-articleLarge.jpg,400,600,https://static01.nyt.com/images/2023/01/14/multimedia/14ukraine-briefing-soledar-mgzt/14ukraine-briefing-soledar-mgzt-thumbStandard.jpg,75,75,"Ukrainian officials say the eastern city of Soledar remains under Kyiv’s control, despite Russia’s claims.","Ukrainian officials say the eastern city of Soledar remains under Kyiv’s control, despite Russia’s claims."
"After Russia’s Defense Ministry said its troops had taken Soledar, a leader of the Wagner mercenary group accused the military of stealing credit. Ukraine said its forces were still fighting there.",article,nyt://article/f232ac84-28cd-5e97-a3ca-b7b23b3336a9,"[{'name': 'Subject', 'value': 'Russian Invasion of Ukraine (2022)', 'rank': 1}, {'name': 'Subject', 'value': 'Mercenaries and Private Military Contractors', 'rank': 2}, {'name': 'Subject', 'value': 'Defense and Military Forces', 'rank': 3}, {'name': 'Organization', 'value': 'Wagner Group', 'rank': 4}, {'name': 'Person', 'value': 'Gerasimov, Valery V', 'rank': 5}, {'name': 'Person', 'value': 'Prigozhin, Yevgeny V', 'rank': 6}, {'name': 'Person', 'value': 'Surovikin, Sergei', 'rank': 7}, {'name': 'Location', 'value': 'Bakhmut (Ukraine)', 'rank': 8}, {'name': 'Location', 'value': 'Ukraine', 'rank': 9}, {'name': 'Location', 'value': 'Donbas (Ukraine)', 'rank': 10}, {'name': 'Location', 'value': 'Russia', 'rank': 11}]",Foreign,5.0,A,2023-01-13 22:46:35+00:00,World,"After Russia’s Defense Ministry said its troops had taken Soledar, a leader of the Wagner mercenary group accused the military of stealing credit. Ukraine said its forces were still fighting there.",The New York Times,Europe,News,nyt://article/f232ac84-28cd-5e97-a3ca-b7b23b3336a9,https://www.nytimes.com/2023/01/13/world/europe/russia-ukraine-wagner-soledar.html,1094,"By Alan Yuhas, Megan Specia and Ivan Nechepurenko",Russia’s Claim to Seize a Ukrainian Town Exposes Rifts Among Forces,,2 Claims for 1 Conquest Lay Bare a Russian Rift,A frame from a video released by the Russian Defense Ministry on Friday purportedly showed self-propelled howitzers firing in the Donetsk region of eastern Ukraine.,"Russian Defense Ministry/EPA, via Shutterstock",https://static01.nyt.com/images/2023/01/13/multimedia/13ukraine-ledeall-1-bhzt/13ukraine-ledeall-1-bhzt-articleLarge.jpg,368,600,https://static01.nyt.com/images/2023/01/13/multimedia/13ukraine-ledeall-1-bhzt/13ukraine-ledeall-1-bhzt-thumbStandard.jpg,75,75,Russia’s Claim to Seize a Ukrainian Town Exposes Rifts Among Forces,"Russia’s Claim to Seize a Ukrainian Town Exposes Rifts Among Forces After Russia’s Defense Ministry said its troops had taken Soledar, a leader of the Wagner mercenary group accused the military of stealing credit. Ukraine said its forces were still fighting there. After Russia’s Defense Ministry said its troops had taken Soledar, a leader of the Wagner mercenary group accused the military of stealing credit. Ukraine said its forces were still fighting there."
,article,nyt://article/f0f24367-79e3-548f-8e4a-e05598ebfcd0,[],Foreign,,,2023-01-10 11:47:24+00:00,World,,The New York Times,Europe,Live Blog Post,nyt://article/f0f24367-79e3-548f-8e4a-e05598ebfcd0,https://www.nytimes.com/live/2023/01/10/world/russia-ukraine-news/soledar-a-small-city-in-eastern-ukraine-is-the-focus-of-fierce-fighting,676,"By Megan Specia, Ivan Nechepurenko and Matthew Mpoke Bigg","A Russian mercenary group claims to have taken Soledar, a small town in eastern Ukraine.",,,Smoke rising from strikes on the frontline Ukrainian city of Soledar this month.,Clodagh Kilcoyne/Reuters,https://static01.nyt.com/images/2023/01/10/multimedia/10ukraine-briefing-soledar-status-hfgv/10ukraine-briefing-soledar-status-hfgv-articleLarge.jpg,400,600,https://static01.nyt.com/images/2023/01/10/multimedia/10ukraine-briefing-soledar-status-hfgv/10ukraine-briefing-soledar-status-hfgv-thumbStandard.jpg,75,75,"A Russian mercenary group claims to have taken Soledar, a small town in eastern Ukraine.","A Russian mercenary group claims to have taken Soledar, a small town in eastern Ukraine."
,article,nyt://article/a24d581a-e448-57ee-a0ea-13f27bb4f93f,[],Foreign,,,2023-01-09 14:52:58+00:00,World,,The New York Times,Europe,Live Blog Post,nyt://article/a24d581a-e448-57ee-a0ea-13f27bb4f93f,https://www.nytimes.com/live/2023/01/09/world/russia-ukraine-news/heavy-fighting-and-competing-claims-surround-the-key-eastern-city-of-bakhmut,600,By Megan Specia and Ivan Nechepurenko,Heavy fighting and competing claims surround the key eastern city of Bakhmut.,,,"Smoke rising after shelling in Soledar, the site of heavy battles with Russian forces in the Donetsk region, on Sunday.",Roman Chop/Associated Press,https://static01.nyt.com/images/2023/01/09/multimedia/09ukraine-briefing-bakhmutske-1-735d/09ukraine-briefing-bakhmutske-1-735d-articleLarge.jpg,400,600,https://static01.nyt.com/images/2023/01/09/multimedia/09ukraine-briefing-bakhmutske-1-735d/09ukraine-briefing-bakhmutske-1-735d-thumbStandard.jpg,75,75,Heavy fighting and competing claims surround the key eastern city of Bakhmut.,Heavy fighting and competing claims surround the key eastern city of Bakhmut.
"Russia’s Defense Ministry said it had carried out a strike that “killed 600 people,” but no evidence has emerged to support the claim.",article,nyt://article/a3b8a952-9f03-5b94-ad83-36bee18ecd27,"[{'name': 'Location', 'value': 'Kramatorsk (Ukraine)', 'rank': 1}, {'name': 'Subject', 'value': 'Russian Invasion of Ukraine (2022)', 'rank': 2}, {'name': 'Subject', 'value': 'War and Armed Conflicts', 'rank': 3}, {'name': 'Subject', 'value': 'Defense and Military Forces', 'rank': 4}, {'name': 'Location', 'value': 'Donetsk (Ukraine)', 'rank': 5}]",Foreign,,,2023-01-09 12:43:21+00:00,World,"Russia’s Defense Ministry said it had carried out a strike that “killed 600 people,” but no evidence has emerged to support the claim.",The New York Times,Europe,News,nyt://article/a3b8a952-9f03-5b94-ad83-36bee18ecd27,https://www.nytimes.com/2023/01/09/world/europe/russia-kramatorsk-attack-ukraine.html,661,By Megan Specia,Ukraine rejects Russia’s claim of a deadly strike on troops in the east.,,,"A crater outside a vocational school in Kramatorsk, Ukraine, on Sunday after Russian strikes.",Nicole Tung for The New York Times,https://static01.nyt.com/images/2023/01/09/multimedia/09ukraine-briefing-russia-claims-1-ecbe/09ukraine-briefing-russia-claims-1-ecbe-articleLarge.jpg,400,600,https://static01.nyt.com/images/2023/01/09/multimedia/09ukraine-briefing-russia-claims-1-ecbe/09ukraine-briefing-russia-claims-1-ecbe-thumbStandard.jpg,75,75,Ukraine rejects Russia’s claim of a deadly strike on troops in the east.,"Ukraine rejects Russia’s claim of a deadly strike on troops in the east. Russia’s Defense Ministry said it had carried out a strike that “killed 600 people,” but no evidence has emerged to support the claim. Russia’s Defense Ministry said it had carried out a strike that “killed 600 people,” but no evidence has emerged to support the claim."
,article,nyt://article/6f672679-e1b0-5780-8054-c5064df36d5a,"[{'name': 'Person', 'value': 'Bolsonaro, Jair (1955- )', 'rank': 1}]",Foreign,,,2023-01-08 19:47:08+00:00,World,,The New York Times,Americas,News,nyt://article/6f672679-e1b0-5780-8054-c5064df36d5a,https://www.nytimes.com/2023/01/08/world/americas/two-months-after-bolsonaros-loss-his-supporters-are-staging-a-major-protest.html,364,By Jack Nicas and André Spigariol,Here’s what to know about the protest fueled by false claims of electoral fraud.,,,,,,0,0,,0,0,Here’s what to know about the protest fueled by false claims of electoral fraud.,Here’s what to know about the protest fueled by false claims of electoral fraud.
"After British news outlets revealed details from his memoir about his military service, Afghan officials and some in the British military expressed criticism.",article,nyt://article/6eab03de-5ef8-54a7-a21e-0779f27c7a14,"[{'name': 'Person', 'value': 'Harry, Duke of Sussex', 'rank': 1}, {'name': 'Subject', 'value': 'Books and Literature', 'rank': 2}, {'name': 'Title', 'value': 'Spare (Book)', 'rank': 3}, {'name': 'Subject', 'value': 'Royal Families', 'rank': 4}, {'name': 'Person', 'value': 'William, Prince of Wales', 'rank': 5}, {'name': 'Subject', 'value': 'Afghanistan War (2001- )', 'rank': 6}, {'name': 'Person', 'value': 'Charles III, King of the United Kingdom', 'rank': 7}, {'name': 'Person', 'value': 'Markle, Meghan', 'rank': 8}, {'name': 'Location', 'value': 'Great Britain', 'rank': 9}]",Foreign,7.0,A,2023-01-06 22:37:54+00:00,World,"After British news outlets revealed details from his memoir about his military service, Afghan officials and some in the British military expressed criticism.",The New York Times,Europe,News,nyt://article/6eab03de-5ef8-54a7-a21e-0779f27c7a14,https://www.nytimes.com/2023/01/06/world/europe/prince-harry-memoir-afghanistan.html,872,By Isabella Kwai,Prince Harry Claims in Memoir to Have Killed 25 in Afghanistan,,"In Memoir, Prince Harry Says He Killed 25 Taliban Fighters While Serving in Afghanistan","Prince Harry patrolling the town of Garmsir, in Helmand Province, Afghanistan, in 2008.","Anwar Hussein Collection/ROTA/WireImage, via Getty Images",https://static01.nyt.com/images/2023/01/06/multimedia/06uk-harry-01-1-8847/06uk-harry-01-1-8847-articleLarge.jpg,398,600,https://static01.nyt.com/images/2023/01/06/multimedia/06uk-harry-01-1-8847/06uk-harry-01-1-8847-thumbStandard.jpg,75,75,Prince Harry Claims in Memoir to Have Killed 25 in Afghanistan,"Prince Harry Claims in Memoir to Have Killed 25 in Afghanistan After British news outlets revealed details from his memoir about his military service, Afghan officials and some in the British military expressed criticism. After British news outlets revealed details from his memoir about his military service, Afghan officials and some in the British military expressed criticism."
Kyiv says its forces have killed or wounded hundreds of Russian soldiers in a series of pinpoint attacks. Russia has confirmed only one of three waves of strikes.,article,nyt://article/290fe69a-4e27-586f-b0b2-232918fbebb9,"[{'name': 'Subject', 'value': 'Russian Invasion of Ukraine (2022)', 'rank': 1}, {'name': 'Subject', 'value': 'Missiles and Missile Defense Systems', 'rank': 2}, {'name': 'Location', 'value': 'Makiivka (Ukraine)', 'rank': 3}, {'name': 'Location', 'value': 'Kherson (Ukraine)', 'rank': 4}, {'name': 'Location', 'value': 'Zaporizhzhia (Ukraine)', 'rank': 5}, {'name': 'Location', 'value': 'Ukraine', 'rank': 6}, {'name': 'Location', 'value': 'Russia', 'rank': 7}, {'name': 'Subject', 'value': 'Defense and Military Forces', 'rank': 8}, {'name': 'Subject', 'value': 'vis-video', 'rank': 9}]",Foreign,7.0,A,2023-01-04 23:49:03+00:00,World,Kyiv says its forces have killed or wounded hundreds of Russian soldiers in a series of pinpoint attacks. Russia has confirmed only one of three waves of strikes.,The New York Times,Europe,News,nyt://article/290fe69a-4e27-586f-b0b2-232918fbebb9,https://www.nytimes.com/2023/01/04/world/europe/ukraine-russia-strikes.html,1019,"By Andrew E. Kramer, Anatoly Kurmanaev and Christiaan Triebert",Ukraine Claims Heavy Russian Losses in Waves of Missile Strikes,,Kyiv Claims Steep Russian Toll in Strikes,"A Ukrainian High Mobility Artillery Rocket System, or HIMARS, firing on Russian positions in the Kherson region in November.","Hannibal Hanschke/EPA, via Shutterstock",https://static01.nyt.com/images/2023/01/04/multimedia/04UKRAINE-STRIKES1-1-f7e3/04UKRAINE-STRIKES1-1-f7e3-articleLarge.jpg,400,600,https://static01.nyt.com/images/2023/01/04/multimedia/04UKRAINE-STRIKES1-1-f7e3/04UKRAINE-STRIKES1-1-f7e3-thumbStandard.jpg,75,75,Ukraine Claims Heavy Russian Losses in Waves of Missile Strikes,Ukraine Claims Heavy Russian Losses in Waves of Missile Strikes Kyiv says its forces have killed or wounded hundreds of Russian soldiers in a series of pinpoint attacks. Russia has confirmed only one of three waves of strikes. Kyiv says its forces have killed or wounded hundreds of Russian soldiers in a series of pinpoint attacks. Russia has confirmed only one of three waves of strikes.
,article,nyt://article/a171f990-fc90-586f-a733-c7237a8c2e5b,[],Foreign,,,2023-01-04 18:38:46+00:00,World,,The New York Times,Europe,Live Blog Post,nyt://article/a171f990-fc90-586f-a733-c7237a8c2e5b,https://www.nytimes.com/live/2023/01/04/world/russia-ukraine-news/putin-says-he-is-deploying-hypersonic-weapons-by-ship-but-whether-they-work-as-russia-claims-is-uncertain,539,By Matthew Mpoke Bigg,"Putin says he is deploying hypersonic weapons by ship, but whether they work as Russia claims is uncertain.",,,The frigate named the Admiral of the Fleet of the Soviet Union Gorshkov in 2019. Mr. Putin said the frigate was equipped with hypersonic weapons.,Mark Schiefelbein/Associated Press,https://static01.nyt.com/images/2023/02/04/multimedia/04ukraine-briefing-hypersonic-sub-1-8946/04ukraine-briefing-hypersonic-sub-1-8946-articleLarge.jpg,400,600,https://static01.nyt.com/images/2023/02/04/multimedia/04ukraine-briefing-hypersonic-sub-1-8946/04ukraine-briefing-hypersonic-sub-1-8946-thumbStandard.jpg,75,75,"Putin says he is deploying hypersonic weapons by ship, but whether they work as Russia claims is uncertain.","Putin says he is deploying hypersonic weapons by ship, but whether they work as Russia claims is uncertain."
"William J. Burns was in Warsaw on Monday, where he met with the head of Mossad, Israel’s spy agency, and the prime minister of Qatar, which has helped broker talks with Hamas.",article,nyt://article/bdb8e8d7-a45a-5402-98a9-b42941e305c7,"[{'name': 'Person', 'value': 'Burns, William J', 'rank': 1}, {'name': 'Organization', 'value': 'Central Intelligence Agency', 'rank': 2}, {'name': 'Organization', 'value': 'Mossad', 'rank': 3}, {'name': 'Subject', 'value': 'Kidnapping and Hostages', 'rank': 4}, {'name': 'Subject', 'value': 'Israel-Gaza War (2023- )', 'rank': 5}, {'name': 'Organization', 'value': 'Hamas', 'rank': 6}, {'name': 'Location', 'value': 'Qatar', 'rank': 7}]",Foreign,,,2023-12-18 13:42:17+00:00,World,"William J. Burns was in Warsaw on Monday, where he met with the head of Mossad, Israel’s spy agency, and the prime minister of Qatar, which has helped broker talks with Hamas.",The New York Times,Middle East,News,nyt://article/bdb8e8d7-a45a-5402-98a9-b42941e305c7,https://www.nytimes.com/2023/12/18/world/middleeast/cia-director-burns-israel-hostages-hamas-gaza-prisoners.html,493,By Julian E. Barnes,C.I.A. Director Discusses Resuming Hostage and Prisoner Exchanges Between Israel and Hamas,,,"The C.I.A. director, William J. Burns, on Capitol Hill in Washington in September.","Michael Reynolds/EPA, via Shutterstock",https://static01.nyt.com/images/2023/12/18/multimedia/18israel-hamas-hostage-talks-1-zjhk/18israel-hamas-hostage-talks-1-zjhk-articleLarge.jpg,400,600,https://static01.nyt.com/images/2023/12/18/multimedia/18israel-hamas-hostage-talks-1-zjhk/18israel-hamas-hostage-talks-1-zjhk-thumbStandard.jpg,75,75,C.I.A. Director Discusses Resuming Hostage and Prisoner Exchanges Between Israel and Hamas,"C.I.A. Director Discusses Resuming Hostage and Prisoner Exchanges Between Israel and Hamas William J. Burns was in Warsaw on Monday, where he met with the head of Mossad, Israel’s spy agency, and the prime minister of Qatar, which has helped broker talks with Hamas. William J. Burns was in Warsaw on Monday, where he met with the head of Mossad, Israel’s spy agency, and the prime minister of Qatar, which has helped broker talks with Hamas."
,article,nyt://article/fe3ada62-7b8a-508e-885e-03276d0c62e9,[],Foreign,,,2023-11-20 07:21:28+00:00,World,,The New York Times,Middle East,Live Blog Post,nyt://article/fe3ada62-7b8a-508e-885e-03276d0c62e9,https://www.nytimes.com/live/2023/11/20/world/israel-hamas-gaza-war-news/israel-hamas-china-peace-talks,446,By Vivian Nereim and Chris Buckley,China’s foreign minister meets with a Middle East delegation to discuss Gaza.,,,"China’s foreign minister, Wang Yi, center with officials from Saudi Arabia, Jordan, Egypt, Indonesia and the Palestinian Authority, in Beijing on Monday.",Pedro Pardo/Agence France-Presse — Getty Images,https://static01.nyt.com/images/2023/11/20/multimedia/20israel-hamas-china-peace-talks-lvpg/20israel-hamas-china-peace-talks-lvpg-articleLarge.jpg,400,600,https://static01.nyt.com/images/2023/11/20/multimedia/20israel-hamas-china-peace-talks-lvpg/20israel-hamas-china-peace-talks-lvpg-thumbStandard.jpg,75,75,China’s foreign minister meets with a Middle East delegation to discuss Gaza.,China’s foreign minister meets with a Middle East delegation to discuss Gaza.
,article,nyt://article/ac321508-329f-5d3d-bfe1-aafa8dd8ddf4,[],Foreign,,,2023-11-09 16:36:48+00:00,World,,The New York Times,Middle East,Live Blog Post,nyt://article/ac321508-329f-5d3d-bfe1-aafa8dd8ddf4,https://www.nytimes.com/live/2023/11/09/world/israel-hamas-war-gaza/the-cia-director-and-the-israeli-intelligence-chief-met-with-qatari-officials-to-discuss-a-possible-hamas-hostage-deal,429,By Julian E. Barnes and Edward Wong,The C.I.A. director and the Israeli intelligence chief met with Qatari officials to discuss a possible Hamas hostage deal.,,,"William Burns, the C.I.A. director, during a congressional hearing last year. Mr. Burns met with Qatari officials on Thursday to discuss a deal to release American hostages being held by Hamas in Gaza.",Michael A. McCoy for The New York Times,https://static01.nyt.com/images/2023/11/09/multimedia/09israel-hamas-cia-hostage-egypt-topart-chgj/09israel-hamas-cia-hostage-egypt-topart-chgj-articleLarge.jpg,400,600,https://static01.nyt.com/images/2023/11/09/multimedia/09israel-hamas-cia-hostage-egypt-topart-chgj/09israel-hamas-cia-hostage-egypt-topart-chgj-thumbStandard.jpg,75,75,The C.I.A. director and the Israeli intelligence chief met with Qatari officials to discuss a possible Hamas hostage deal.,The C.I.A. director and the Israeli intelligence chief met with Qatari officials to discuss a possible Hamas hostage deal.
,article,nyt://article/88bfa905-10ad-53f4-a893-82103429a704,"[{'name': 'Subject', 'value': 'Israel-Gaza War (2023- )', 'rank': 1}, {'name': 'Organization', 'value': 'Hamas', 'rank': 2}, {'name': 'Subject', 'value': 'War and Armed Conflicts', 'rank': 3}, {'name': 'Location', 'value': 'Gaza Strip', 'rank': 4}, {'name': 'Person', 'value': 'Burns, William J', 'rank': 5}]",Washington,,,2023-11-08 23:17:27+00:00,World,,The New York Times,Middle East,Live Blog Post,nyt://article/88bfa905-10ad-53f4-a893-82103429a704,https://www.nytimes.com/live/2023/11/08/world/israel-hamas-war-gaza/hamas-is-discussing-the-possible-release-of-a-group-of-hostages-in-exchange-for-a-brief-pause-in-fighting-officials-say,541,By Julian E. Barnes and Edward Wong,"Hamas is discussing conditions for freeing a few hostages, officials say.",,,Around 240 hostages are believed to be held by Hamas and other Palestinian groups in Gaza.,Sergey Ponomarev for The New York Times,https://static01.nyt.com/images/2023/11/08/multimedia/08israel-hamas-pause-kmgj/08israel-hamas-pause-kmgj-articleLarge.jpg,400,600,https://static01.nyt.com/images/2023/11/08/multimedia/08israel-hamas-pause-kmgj/08israel-hamas-pause-kmgj-thumbStandard.jpg,75,75,"Hamas is discussing conditions for freeing a few hostages, officials say.","Hamas is discussing conditions for freeing a few hostages, officials say."
,article,nyt://article/545daeef-ab66-5a40-94aa-ca0013df4cb2,[],Foreign,,,2023-11-05 10:19:15+00:00,World,,The New York Times,Middle East,Live Blog Post,nyt://article/545daeef-ab66-5a40-94aa-ca0013df4cb2,https://www.nytimes.com/live/2023/11/05/world/israel-hamas-war-gaza-news/blinken-makes-an-unannounced-stop-in-the-west-bank,560,By Adam Entous,"Blinken and Abbas discussed efforts to restore calm in the West Bank, the U.S. says.",,,"Secretary of State Antony J. Blinken meeting with Mahmoud Abbas, the president of the internationally backed Palestinian Authority, on Sunday in Ramallah, in the Israeli-occupied West Bank.",Pool photo by Jonathan Ernst,https://static01.nyt.com/images/2023/11/05/multimedia/05israel-hamas-west-bank-swap-hqcg/05israel-hamas-west-bank-swap-hqcg-articleLarge.jpg,400,600,https://static01.nyt.com/images/2023/11/05/multimedia/05israel-hamas-west-bank-swap-hqcg/05israel-hamas-west-bank-swap-hqcg-thumbStandard.jpg,75,75,"Blinken and Abbas discussed efforts to restore calm in the West Bank, the U.S. says.","Blinken and Abbas discussed efforts to restore calm in the West Bank, the U.S. says."
The prime minister’s conversation with the tech billionaire was part of an effort this week to present Britain as a leader in artificial intelligence.,article,nyt://article/914f6892-02ae-59e7-843d-dc67a3de13b2,"[{'name': 'Person', 'value': 'Musk, Elon', 'rank': 1}, {'name': 'Person', 'value': 'Sunak, Rishi (1980- )', 'rank': 2}, {'name': 'Subject', 'value': 'Artificial Intelligence', 'rank': 3}, {'name': 'Subject', 'value': 'Politics and Government', 'rank': 4}, {'name': 'Subject', 'value': 'Computers and the Internet', 'rank': 5}, {'name': 'Subject', 'value': 'Regulation and Deregulation of Industry', 'rank': 6}, {'name': 'Location', 'value': 'Great Britain', 'rank': 7}]",Business,,,2023-11-02 22:11:57+00:00,World,The prime minister’s conversation with the tech billionaire was part of an effort this week to present Britain as a leader in artificial intelligence.,The New York Times,Europe,News,nyt://article/914f6892-02ae-59e7-843d-dc67a3de13b2,https://www.nytimes.com/2023/11/02/world/europe/elon-musk-rishi-sunak-ai.html,878,By Adam Satariano,Elon Musk Discusses Perils and Benefits of A.I. With Rishi Sunak,,,Prime Minister Rishi Sunak of Britain and Elon Musk in London on Thursday.,Pool photo by Kirsty Wigglesworth,https://static01.nyt.com/images/2023/11/02/multimedia/02musk-sunak-1-mtwp/02musk-sunak-1-mtwp-articleLarge.jpg,400,600,https://static01.nyt.com/images/2023/11/02/multimedia/02musk-sunak-1-mtwp/02musk-sunak-1-mtwp-thumbStandard.jpg,75,75,Elon Musk Discusses Perils and Benefits of A.I. With Rishi Sunak,Elon Musk Discusses Perils and Benefits of A.I. With Rishi Sunak The prime minister’s conversation with the tech billionaire was part of an effort this week to present Britain as a leader in artificial intelligence. The prime minister’s conversation with the tech billionaire was part of an effort this week to present Britain as a leader in artificial intelligence.
,article,nyt://article/556bf04a-f141-5282-813c-bbc5eade9e46,[],Foreign,,,2023-10-18 11:40:45+00:00,World,,The New York Times,Middle East,Live Blog Post,nyt://article/556bf04a-f141-5282-813c-bbc5eade9e46,https://www.nytimes.com/live/2023/10/18/world/israel-hamas-war-biden-gaza/the-daily-discusses-bidens-trip-to-israel,62,By The Daily Team,The Daily discusses Biden’s trip to Israel.,,,,,,0,0,,0,0,The Daily discusses Biden’s trip to Israel.,The Daily discusses Biden’s trip to Israel.
"Officials of the breakaway region met with representatives of Azerbaijan to talk about the future of its residents, many of whom strongly resist the idea of coming under Azerbaijani rule.",article,nyt://article/f913fea5-a7a5-5652-a345-beb929235df1,"[{'name': 'Subject', 'value': 'Territorial Disputes', 'rank': 1}, {'name': 'Subject', 'value': 'International Relations', 'rank': 2}, {'name': 'Subject', 'value': 'War and Armed Conflicts', 'rank': 3}, {'name': 'Subject', 'value': 'Refugees and Displaced Persons', 'rank': 4}, {'name': 'Subject', 'value': 'Armenians', 'rank': 5}, {'name': 'Person', 'value': 'Aliyev, Ilham H', 'rank': 6}, {'name': 'Person', 'value': 'Pashinyan, Nikol', 'rank': 7}, {'name': 'Location', 'value': 'Armenia', 'rank': 8}, {'name': 'Location', 'value': 'Azerbaijan', 'rank': 9}, {'name': 'Location', 'value': 'Nagorno-Karabakh', 'rank': 10}]",Foreign,,,2023-09-21 10:51:04+00:00,World,"Officials of the breakaway region met with representatives of Azerbaijan to talk about the future of its residents, many of whom strongly resist the idea of coming under Azerbaijani rule.",The New York Times,Europe,News,nyt://article/f913fea5-a7a5-5652-a345-beb929235df1,https://www.nytimes.com/2023/09/21/world/europe/armenia-azerbaijan-nagorno-karabakh.html,722,By Ivan Nechepurenko,"After Surrender in Nagorno-Karabakh, Leaders Discuss Armenians’ Fate",,,"A photo released by the Azerbaijan State News Agency showed representatives of the Armenian community of Nagorno-Karabakh, Azerbaijan’s government and the Russian peacekeeping contingent meeting on Thursday.","Roman Ismailov/AZERTAC, via Associated Press",https://static01.nyt.com/images/2023/09/21/multimedia/21karabach-01-gkwq/21karabach-01-gkwq-articleLarge.jpg,399,600,https://static01.nyt.com/images/2023/09/21/multimedia/21karabach-01-gkwq/21karabach-01-gkwq-thumbStandard.jpg,75,75,"After Surrender in Nagorno-Karabakh, Leaders Discuss Armenians’ Fate","After Surrender in Nagorno-Karabakh, Leaders Discuss Armenians’ Fate Officials of the breakaway region met with representatives of Azerbaijan to talk about the future of its residents, many of whom strongly resist the idea of coming under Azerbaijani rule. Officials of the breakaway region met with representatives of Azerbaijan to talk about the future of its residents, many of whom strongly resist the idea of coming under Azerbaijani rule."
,article,nyt://article/4f7ba27c-5728-55ee-9f2f-fea452c0af6c,"[{'name': 'Subject', 'value': 'International Relations', 'rank': 1}, {'name': 'Subject', 'value': 'Politics and Government', 'rank': 2}, {'name': 'Subject', 'value': 'Speeches and Statements', 'rank': 3}, {'name': 'Location', 'value': 'Haiti', 'rank': 4}, {'name': 'Location', 'value': 'Kenya', 'rank': 5}, {'name': 'Subject', 'value': 'Defense and Military Forces', 'rank': 6}, {'name': 'Person', 'value': 'Biden, Joseph R Jr', 'rank': 7}, {'name': 'Subject', 'value': 'Demonstrations, Protests and Riots', 'rank': 8}, {'name': 'Organization', 'value': 'General Assembly (UN)', 'rank': 9}, {'name': 'Organization', 'value': 'United Nations', 'rank': 10}, {'name': 'Organization', 'value': 'Security Council (UN)', 'rank': 11}]",Foreign,,,2023-09-19 19:41:09+00:00,World,,The New York Times,,Live Blog Post,nyt://article/4f7ba27c-5728-55ee-9f2f-fea452c0af6c,https://www.nytimes.com/live/2023/09/19/world/united-nations-general-assembly/us-kenyan-and-haitian-officials-meet-on-the-sidelines-to-discuss-possible-security-mission-to-haiti,375,By Frances Robles,"U.S., Kenyan and Haitian officials meet on the sidelines to discuss possible security mission to Haiti.",,,"Thousands of residents of Port-au-Prince, Haiti, the nation’s capital, have been forced to flee their homes in order to escape from gangs who have taken over swaths of the city.",Odelyn Joseph/Associated Press,https://static01.nyt.com/images/2023/09/19/multimedia/19unga-blog-haiti-topart-gzmb/19unga-blog-haiti-topart-gzmb-articleLarge.jpg,400,600,https://static01.nyt.com/images/2023/09/19/multimedia/19unga-blog-haiti-topart-gzmb/19unga-blog-haiti-topart-gzmb-thumbStandard.jpg,75,75,"U.S., Kenyan and Haitian officials meet on the sidelines to discuss possible security mission to Haiti.","U.S., Kenyan and Haitian officials meet on the sidelines to discuss possible security mission to Haiti."
,article,nyt://article/33b69f0a-a373-54ee-b7fe-50200fb07b08,[],Foreign,,,2023-09-01 21:42:14+00:00,World,,The New York Times,,Live Blog Post,nyt://article/33b69f0a-a373-54ee-b7fe-50200fb07b08,https://www.nytimes.com/live/2023/09/01/world/russia-ukraine-news/a-us-official-meets-with-a-ukrainian-delegation-to-discuss-kyivs-anti-corruption-efforts,327,By Gaya Gupta,A U.S. official meets with a Ukrainian delegation to discuss Kyiv’s anti-corruption efforts.,,,"The national security adviser, Jake Sullivan, at a news briefing at Camp David on Aug. 18.",Evelyn Hockstein/Reuters,https://static01.nyt.com/images/2023/09/01/multimedia/01ukraine-briefing-corruption-zqtm/01ukraine-briefing-corruption-zqtm-articleLarge.jpg,400,600,https://static01.nyt.com/images/2023/09/01/multimedia/01ukraine-briefing-corruption-zqtm/01ukraine-briefing-corruption-zqtm-thumbStandard.jpg,75,75,A U.S. official meets with a Ukrainian delegation to discuss Kyiv’s anti-corruption efforts.,A U.S. official meets with a Ukrainian delegation to discuss Kyiv’s anti-corruption efforts.
,article,nyt://article/5fa852a0-e242-537c-bb34-f015724e255e,[],Foreign,,,2023-08-31 13:02:57+00:00,World,,The New York Times,Europe,Live Blog Post,nyt://article/5fa852a0-e242-537c-bb34-f015724e255e,https://www.nytimes.com/live/2023/08/31/world/russia-ukraine-news/an-undated-video-of-prigozhin-discussing-his-well-being-surfaces-a-day-after-his-funeral,458,By Valeriya Safronova,An undated video of Prigozhin discussing his well-being surfaces a day after his funeral.,,,"The cemetery in St. Petersburg, Russia, where the mercenary chief Yevgeny V. Prigozhin was buried on Tuesday.",Nanna Heitmann for The New York Times,https://static01.nyt.com/images/2023/08/31/multimedia/31ukraine-briefing-prigozhin-video-sub-hjpt/31ukraine-briefing-prigozhin-video-sub-hjpt-articleLarge.jpg,450,600,https://static01.nyt.com/images/2023/08/31/multimedia/31ukraine-briefing-prigozhin-video-sub-hjpt/31ukraine-briefing-prigozhin-video-sub-hjpt-thumbStandard.jpg,75,75,An undated video of Prigozhin discussing his well-being surfaces a day after his funeral.,An undated video of Prigozhin discussing his well-being surfaces a day after his funeral.
,article,nyt://article/b8c2f284-5630-516f-90dc-9891fc11d50b,[],Foreign,,,2023-08-31 06:51:17+00:00,World,,The New York Times,Europe,Live Blog Post,nyt://article/b8c2f284-5630-516f-90dc-9891fc11d50b,https://www.nytimes.com/live/2023/08/31/world/russia-ukraine-news/russia-and-turkey-to-discuss-moscows-grain-proposal,595,By Jesus Jiménez and Gaya Gupta,Russia and Turkey discuss Moscow’s grain proposal.,,,Cargo ships in the Black Sea off the coast of Romania in August.,Andreea Campeanu for The New York Times,https://static01.nyt.com/images/2023/08/31/multimedia/31ukraine-briefing-russia-turkey-grain-pmbw/31ukraine-briefing-russia-turkey-grain-pmbw-articleLarge.jpg,400,600,https://static01.nyt.com/images/2023/08/31/multimedia/31ukraine-briefing-russia-turkey-grain-pmbw/31ukraine-briefing-russia-turkey-grain-pmbw-thumbStandard.jpg,75,75,Russia and Turkey discuss Moscow’s grain proposal.,Russia and Turkey discuss Moscow’s grain proposal.
,article,nyt://article/7729ae59-ac29-54b0-b4f5-a756da9ac2ea,[],Washington,,,2023-08-21 17:56:26+00:00,World,,The New York Times,Europe,Live Blog Post,nyt://article/7729ae59-ac29-54b0-b4f5-a756da9ac2ea,https://www.nytimes.com/live/2023/08/21/world/russia-ukraine-news-war/bidens-top-military-adviser-a-devout-catholic-meets-pope-francis-to-discuss-ukraine,244,By Helene Cooper,Biden’s top military adviser meets Pope Francis to discuss Ukraine.,,,"A photograph provided by the Vatican of Gen. Mark A. Milley, left, with Pope Francis in the Vatican on Monday.","Vatican Media, via Agence France-Presse — Getty Images",https://static01.nyt.com/images/2023/08/21/multimedia/21ukraine-briefing-milley-wgcb/21ukraine-briefing-milley-wgcb-articleLarge.jpg,400,600,https://static01.nyt.com/images/2023/08/21/multimedia/21ukraine-briefing-milley-wgcb/21ukraine-briefing-milley-wgcb-thumbStandard.jpg,75,75,Biden’s top military adviser meets Pope Francis to discuss Ukraine.,Biden’s top military adviser meets Pope Francis to discuss Ukraine.
,article,nyt://article/7074e53a-2c25-53d9-a52f-0a0b223264da,[],Foreign,,,2023-07-13 10:55:11+00:00,World,,The New York Times,Europe,Live Blog Post,nyt://article/7074e53a-2c25-53d9-a52f-0a0b223264da,https://www.nytimes.com/live/2023/07/13/world/russia-ukraine-news/the-top-diplomats-from-russia-and-china-meet-to-discuss-cooperation-and-the-war,458,By David Pierson,The top diplomats from Russia and China meet to discuss cooperation.,,,"In this photo released by the Russian Foreign Ministry, Foreign Minister Sergei V. Lavrov of Russia meets with China’s top diplomat, Wang Yi, on the sidelines of a Southeast Asian summit in Jakarta, Indonesia, on Thursday.","Russian Foreign Ministry, via Reuters",https://static01.nyt.com/images/2023/07/13/multimedia/13ukraine-briefing-china-russia-tmgj/13ukraine-briefing-china-russia-tmgj-articleLarge.jpg,400,600,https://static01.nyt.com/images/2023/07/13/multimedia/13ukraine-briefing-china-russia-tmgj/13ukraine-briefing-china-russia-tmgj-thumbStandard.jpg,75,75,The top diplomats from Russia and China meet to discuss cooperation.,The top diplomats from Russia and China meet to discuss cooperation.
,article,nyt://article/15091a3a-a2a2-5e08-ade7-da350e957ee1,[],Foreign,,,2023-07-07 05:50:36+00:00,World,,The New York Times,Europe,News,nyt://article/15091a3a-a2a2-5e08-ade7-da350e957ee1,https://www.nytimes.com/2023/07/07/world/europe/zelensky-to-discuss-the-grain-deal-with-turkeys-president-with-a-nato-bid-in-mind-too.html,450,By Anushka Patil,"Zelensky will discuss the grain deal with Turkey’s president, with a NATO bid in mind, too.",,,"A grain storage facility in Ternopil, Ukraine, last year. A grain deal with Russia is once again facing an uncertain future.",Diego Ibarra Sanchez for The New York Times,https://static01.nyt.com/images/2023/04/15/multimedia/07ukraine-briefing-zelensky-turkey/15china-ukraine-04-mvtc-articleLarge.jpg,400,600,https://static01.nyt.com/images/2023/04/15/multimedia/07ukraine-briefing-zelensky-turkey/15china-ukraine-04-mvtc-thumbStandard.jpg,75,75,"Zelensky will discuss the grain deal with Turkey’s president, with a NATO bid in mind, too.","Zelensky will discuss the grain deal with Turkey’s president, with a NATO bid in mind, too."
,article,nyt://article/b394ee0d-79df-5f8e-9196-5e3666edbbde,"[{'name': 'Subject', 'value': 'Russian Invasion of Ukraine (2022)', 'rank': 1}, {'name': 'Person', 'value': 'Biden, Joseph R Jr', 'rank': 2}, {'name': 'Person', 'value': 'Kristersson, Ulf', 'rank': 3}, {'name': 'Location', 'value': 'Sweden', 'rank': 4}, {'name': 'Organization', 'value': 'North Atlantic Treaty Organization', 'rank': 5}, {'name': 'Location', 'value': 'Turkey', 'rank': 6}, {'name': 'Person', 'value': 'Erdogan, Recep Tayyip', 'rank': 7}]",Foreign,,,2023-07-05 06:35:03+00:00,World,,The New York Times,Europe,News,nyt://article/b394ee0d-79df-5f8e-9196-5e3666edbbde,https://www.nytimes.com/2023/07/05/world/europe/biden-and-the-swedish-prime-minister-to-discuss-nato-bid.html,365,By Maggie Astor and Katie Rogers,Biden and the Swedish prime minister meet to discuss Sweden’s NATO bid.,,,President Biden met with Prime Minister Ulf Kristersson of Sweden at the White House on Wednesday.,Kenny Holston/The New York Times,https://static01.nyt.com/images/2023/07/05/multimedia/05ukraine-briefing-sweden/05dc-biden-sub-zpcg-articleLarge.jpg,400,600,https://static01.nyt.com/images/2023/07/05/multimedia/05ukraine-briefing-sweden/05dc-biden-sub-zpcg-thumbStandard.jpg,75,75,Biden and the Swedish prime minister meet to discuss Sweden’s NATO bid.,Biden and the Swedish prime minister meet to discuss Sweden’s NATO bid.
,article,nyt://article/80bf72d0-bbd6-50b7-8e40-dd265da4ccf4,[],Foreign,,,2023-06-30 16:07:29+00:00,World,,The New York Times,Europe,Live Blog Post,nyt://article/80bf72d0-bbd6-50b7-8e40-dd265da4ccf4,https://www.nytimes.com/live/2023/06/30/world/russia-ukraine-news/putin-and-modi-discuss-ukraine-and-the-uprising-but-offer-differing-accounts-of-the-call,386,By Gaya Gupta,"Putin and Modi discuss Ukraine and the uprising, but offer differing accounts of the call.",,,"Just over a week ago, at a lavish state visit at the White House, Prime Minister Narendra Modi of India pledged greater defense cooperation with the United States.",Doug Mills/The New York Times,https://static01.nyt.com/images/2023/06/30/multimedia/30ukraine-briefing-modi-putin-cgtk/30ukraine-briefing-modi-putin-cgtk-articleLarge.jpg,396,600,https://static01.nyt.com/images/2023/06/30/multimedia/30ukraine-briefing-modi-putin-cgtk/30ukraine-briefing-modi-putin-cgtk-thumbStandard.jpg,75,75,"Putin and Modi discuss Ukraine and the uprising, but offer differing accounts of the call.","Putin and Modi discuss Ukraine and the uprising, but offer differing accounts of the call."
,article,nyt://article/51fe0088-3e3f-5365-9814-e74e69caad6e,[],Foreign,,,2023-06-27 17:46:12+00:00,World,,The New York Times,Europe,Live Blog Post,nyt://article/51fe0088-3e3f-5365-9814-e74e69caad6e,https://www.nytimes.com/live/2023/06/27/world/russia-ukraine-news/belarus-lukashenko,670,By Valerie Hopkins,"Lukashenko says he and Putin, in a phone call on Saturday, discussed killing the mercenary leader.",,,President Aleksandr G. Lukashenko in a photo provided by the presidential press service.,"Agence France-Presse, via Belarusian Presidential Press Service",https://static01.nyt.com/images/2023/06/27/multimedia/27ukraine-blog-Lukashenko-negotiations-kpvc/27ukraine-blog-Lukashenko-negotiations-kpvc-articleLarge.jpg,400,600,https://static01.nyt.com/images/2023/06/27/multimedia/27ukraine-blog-Lukashenko-negotiations-kpvc/27ukraine-blog-Lukashenko-negotiations-kpvc-thumbStandard.jpg,75,75,"Lukashenko says he and Putin, in a phone call on Saturday, discussed killing the mercenary leader.","Lukashenko says he and Putin, in a phone call on Saturday, discussed killing the mercenary leader."
,article,nyt://article/77a448f1-9169-5e35-b26d-560e13e6deec,[],Foreign,,,2023-06-12 20:38:31+00:00,World,,The New York Times,Europe,Live Blog Post,nyt://article/77a448f1-9169-5e35-b26d-560e13e6deec,https://www.nytimes.com/live/2023/06/13/world/russia-ukraine-news/the-question-of-nato-membership-for-ukraine-looms-as-the-leaders-of-france-germany-and-poland-meet,411,By Aurelien Breeden,"The leaders of France, Germany and Poland discuss more support for Ukraine.",,,"President Emmanuel Macron of France, Chancellor Olaf Scholz of Germany and President Andrzej Duda of Poland on Monday in Paris. Mr. Macron said France would ramp up its deliveries of aid to the Ukrainian military.",Pool photo by Sarah Meyssonnier,https://static01.nyt.com/images/2023/06/12/multimedia/12ukraine-briefing-Macron-Duda-Scholz-wkvt/12ukraine-briefing-Macron-Duda-Scholz-wkvt-articleLarge.jpg,400,600,https://static01.nyt.com/images/2023/06/12/multimedia/12ukraine-briefing-Macron-Duda-Scholz-wkvt/12ukraine-briefing-Macron-Duda-Scholz-wkvt-thumbStandard-v2.jpg,75,75,"The leaders of France, Germany and Poland discuss more support for Ukraine.","The leaders of France, Germany and Poland discuss more support for Ukraine."
,article,nyt://article/25deb4b6-be46-5d48-8019-fe96367f8ca7,[],Foreign,,,2023-06-09 09:56:10+00:00,World,,The New York Times,Americas,Live Blog Post,nyt://article/25deb4b6-be46-5d48-8019-fe96367f8ca7,https://www.nytimes.com/live/2023/06/09/world/canada-wildfires-air-quality-smoke/a-climate-columnist-for-the-times-discusses-the-smoke-on-todays-episode-of-the-daily,63,,A climate columnist for The Times discusses the smoke on today’s episode of ‘The Daily.’,,,,,,0,0,,0,0,A climate columnist for The Times discusses the smoke on today’s episode of ‘The Daily.’,A climate columnist for The Times discusses the smoke on today’s episode of ‘The Daily.’
,article,nyt://article/734bc58d-db72-5b04-b75e-5663998f8333,[],Foreign,,,2023-06-01 09:42:30+00:00,World,,The New York Times,Europe,Live Blog Post,nyt://article/734bc58d-db72-5b04-b75e-5663998f8333,https://www.nytimes.com/live/2023/06/01/world/russia-ukraine-news/blinken-meets-with-nato-officials-in-oslo-to-discuss-the-war-in-ukraine-and-a-forthcoming-summit,376,By Michael Crowley,Security guarantees for Ukraine are discussed as Blinken meets with NATO officials in Oslo.,,,"Secretary of State Antony J. Blinken, far left, with some of his NATO counterparts in Oslo on Thursday.",Pool photo by Javad Parsa,https://static01.nyt.com/images/2023/06/01/multimedia/01ukraine-briefing-blinken-nato-mcbh/01ukraine-briefing-blinken-nato-mcbh-articleLarge.jpg,400,600,https://static01.nyt.com/images/2023/06/01/multimedia/01ukraine-briefing-blinken-nato-mcbh/01ukraine-briefing-blinken-nato-mcbh-thumbStandard.jpg,75,75,Security guarantees for Ukraine are discussed as Blinken meets with NATO officials in Oslo.,Security guarantees for Ukraine are discussed as Blinken meets with NATO officials in Oslo.
,article,nyt://article/69a82e08-4e72-5581-bd47-b0112f66d03c,[],Foreign,,,2023-05-31 09:53:43+00:00,World,,The New York Times,Europe,Live Blog Post,nyt://article/69a82e08-4e72-5581-bd47-b0112f66d03c,https://www.nytimes.com/live/2023/05/31/world/russia-ukraine-news/blinken-is-expected-to-discuss-russia-and-china-with-european-officials-in-sweden,410,By Michael Crowley,Blinken discusses Russia and China with European officials in Sweden.,,,"Secretary of State Antony J. Blinken, left, with Prime Minister Ulf Kristersson of Sweden, in Lulea, Sweden, on Tuesday.","Jonas Ekstromer/TT News Agency, via Associated Press",https://static01.nyt.com/images/2023/05/31/multimedia/31ukraine-briefing-Blinken-Wednesday-phjb/31ukraine-briefing-Blinken-Wednesday-phjb-articleLarge.jpg,400,600,https://static01.nyt.com/images/2023/05/31/multimedia/31ukraine-briefing-Blinken-Wednesday-phjb/31ukraine-briefing-Blinken-Wednesday-phjb-thumbStandard.jpg,75,75,Blinken discusses Russia and China with European officials in Sweden.,Blinken discusses Russia and China with European officials in Sweden.
,article,nyt://article/e65e4408-1ed7-5bb3-a7d0-74df33adf2cb,"[{'name': 'Subject', 'value': 'International Relations', 'rank': 1}, {'name': 'Subject', 'value': 'Politics and Government', 'rank': 2}, {'name': 'Subject', 'value': 'Defense and Military Forces', 'rank': 3}, {'name': 'Subject', 'value': 'United States International Relations', 'rank': 4}, {'name': 'Subject', 'value': 'Russian Invasion of Ukraine (2022)', 'rank': 5}, {'name': 'Subject', 'value': 'Territorial Disputes', 'rank': 6}, {'name': 'Subject', 'value': 'Developing Countries', 'rank': 7}, {'name': 'Organization', 'value': 'Group of Seven', 'rank': 8}, {'name': 'Organization', 'value': 'Center for Strategic and International Studies', 'rank': 9}, {'name': 'Organization', 'value': 'United Nations', 'rank': 10}, {'name': 'Person', 'value': 'Biden, Joseph R Jr', 'rank': 11}, {'name': 'Person', 'value': 'Albanese, Anthony (1963- )', 'rank': 12}, {'name': 'Person', 'value': 'Modi, Narendra', 'rank': 13}, {'name': 'Person', 'value': 'Jean-Pierre, Karine', 'rank': 14}, {'name': 'Location', 'value': 'Australia', 'rank': 15}, {'name': 'Location', 'value': 'Japan', 'rank': 16}, {'name': 'Location', 'value': 'Papua New Guinea', 'rank': 17}]",Foreign,,,2023-05-20 07:11:05+00:00,World,,The New York Times,Asia Pacific,Live Blog Post,nyt://article/e65e4408-1ed7-5bb3-a7d0-74df33adf2cb,https://www.nytimes.com/live/2023/05/20/world/russia-ukraine-news/quad-china-australia,313,By Motoko Rich,"Indo-Pacific ‘Quad’ allies met, but not in Australia, to discuss China.",,,"President Biden at a meeting in Hiroshima, Japan, on Saturday.",Kenny Holston/The New York Times,https://static01.nyt.com/images/2023/05/20/multimedia/20ukraine-briefing-quad-meeting-preview-lzgj/20ukraine-briefing-quad-meeting-preview-lzgj-articleLarge.jpg,400,600,https://static01.nyt.com/images/2023/05/20/multimedia/20ukraine-briefing-quad-meeting-preview-lzgj/20ukraine-briefing-quad-meeting-preview-lzgj-thumbStandard.jpg,75,75,"Indo-Pacific ‘Quad’ allies met, but not in Australia, to discuss China.","Indo-Pacific ‘Quad’ allies met, but not in Australia, to discuss China."
"Russia already has used large numbers of Iranian drones against Ukraine and seeks to acquire more, according to a White House spokesman.",article,nyt://article/db6c9dce-2925-5771-b31d-094459bde954,[],Foreign,,,2023-05-16 05:08:39+00:00,World,"Russia already has used large numbers of Iranian drones against Ukraine and seeks to acquire more, according to a White House spokesman.",The New York Times,Europe,Live Blog Post,nyt://article/db6c9dce-2925-5771-b31d-094459bde954,https://www.nytimes.com/live/2023/05/15/world/russia-ukraine-news/iran-russia-drones,383,By Daniel Victor,"Iran and Russia are discussing more drone sales, the White House says.",,,"Three Iranian drones were exhibited near Azadi Tower in Tehran in February, during an annual rally commemorating Iran’s 1979 Islamic Revolution.",Arash Khamooshi for The New York Times,https://static01.nyt.com/images/2023/05/16/multimedia/16ukraine-briefing-iran-drones-01-qhvp/16ukraine-briefing-iran-drones-01-qhvp-articleLarge.jpg,400,600,https://static01.nyt.com/images/2023/05/16/multimedia/16ukraine-briefing-iran-drones-01-qhvp/16ukraine-briefing-iran-drones-01-qhvp-thumbStandard.jpg,75,75,"Iran and Russia are discussing more drone sales, the White House says.","Iran and Russia are discussing more drone sales, the White House says. Russia already has used large numbers of Iranian drones against Ukraine and seeks to acquire more, according to a White House spokesman. Russia already has used large numbers of Iranian drones against Ukraine and seeks to acquire more, according to a White House spokesman."
,article,nyt://article/1dd5f8b9-f368-53da-a454-3f266e36e35a,[],Foreign,,,2023-05-16 05:08:37+00:00,World,,The New York Times,Europe,News,nyt://article/1dd5f8b9-f368-53da-a454-3f266e36e35a,https://www.nytimes.com/2023/05/16/world/europe/european-leaders-gather-in-iceland-to-discuss-human-rights-and-support-for-ukraine.html,451,By Daniel Victor,European leaders gather in Iceland to discuss human rights and support for Ukraine.,,,"President Volodymyr Zelensky of Ukraine virtually addressed the Council of Europe summit in Reykjavik, Iceland, on Tuesday.",Pool photo by Alastair Grant,https://static01.nyt.com/images/2023/05/16/multimedia/16ukraine-briefing-council-europe-qjcm/16ukraine-briefing-council-europe-qjcm-articleLarge.jpg,400,600,https://static01.nyt.com/images/2023/05/16/multimedia/16ukraine-briefing-council-europe-qjcm/16ukraine-briefing-council-europe-qjcm-thumbStandard.jpg,75,75,European leaders gather in Iceland to discuss human rights and support for Ukraine.,European leaders gather in Iceland to discuss human rights and support for Ukraine.
,article,nyt://article/c7ac5282-c6e2-5894-bc89-928193abcd09,[],Foreign,,,2023-04-19 17:52:19+00:00,World,,The New York Times,Europe,Live Blog Post,nyt://article/c7ac5282-c6e2-5894-bc89-928193abcd09,https://www.nytimes.com/live/2023/04/19/world/russia-ukraine-news/russia-and-india-are-discussing-a-free-trade-agreement-officials-say,405,By Alex Travelli,"Russia and India are discussing a free-trade agreement, officials say.",,,"A refinery operated in Guwahati, India, last month. India has become one of Russia’s main buyers of crude oil.",Biju Boro/Agence France-Presse — Getty Images,https://static01.nyt.com/images/2023/04/19/multimedia/19ukraine-briefing-Russia-India-Trade-topart-jklv/19ukraine-briefing-Russia-India-Trade-topart-jklv-articleLarge.jpg,400,600,https://static01.nyt.com/images/2023/04/19/multimedia/19ukraine-briefing-Russia-India-Trade-topart-jklv/19ukraine-briefing-Russia-India-Trade-topart-jklv-thumbStandard.jpg,75,75,"Russia and India are discussing a free-trade agreement, officials say.","Russia and India are discussing a free-trade agreement, officials say."
,article,nyt://article/bde33e59-3b5f-5b8d-bc53-a7b9db0f922d,[],Foreign,,,2023-04-19 05:19:54+00:00,World,,The New York Times,Europe,News,nyt://article/bde33e59-3b5f-5b8d-bc53-a7b9db0f922d,https://www.nytimes.com/2023/04/19/world/europe/defense-secretary-austin-will-meet-with-officials-in-sweden.html,420,By Carly Olson,Austin will discuss more arms and aid for Ukraine during his European trip.,,,Defense Secretary Lloyd J. Austin III last week in Washington.,Alex Brandon/Associated Press,https://static01.nyt.com/images/2023/04/19/multimedia/19ukraine-briefing-sweden-meeting-whkg/19ukraine-briefing-sweden-meeting-whkg-articleLarge.jpg,400,600,https://static01.nyt.com/images/2023/04/19/multimedia/19ukraine-briefing-sweden-meeting-whkg/19ukraine-briefing-sweden-meeting-whkg-thumbStandard.jpg,75,75,Austin will discuss more arms and aid for Ukraine during his European trip.,Austin will discuss more arms and aid for Ukraine during his European trip.
"House Speaker Kevin McCarthy spoke with Ukrainian President Volodymyr Zelensky on Tuesday about the state of the conflict with Russia, amid fresh G.O.P. objections to continuing U.S. support for Ukraine’s war effort.",article,nyt://article/998d56d6-fd0e-54e1-99c3-5b2c5740a320,[],Washington,,,2023-04-18 23:22:47+00:00,World,"House Speaker Kevin McCarthy spoke with Ukrainian President Volodymyr Zelensky on Tuesday about the state of the conflict with Russia, amid fresh G.O.P. objections to continuing U.S. support for Ukraine’s war effort.",The New York Times,Europe,Live Blog Post,nyt://article/998d56d6-fd0e-54e1-99c3-5b2c5740a320,https://www.nytimes.com/live/2023/04/19/world/russia-ukraine-news/mccarthy-and-zelensky-discuss-us-support-for-the-war,395,By Karoun Demirjian,McCarthy and Zelensky discuss U.S. support for the war.,,,House Speaker Kevin McCarthy in California this month.,Philip Cheung for The New York Times,https://static01.nyt.com/images/2023/04/18/multimedia/18ukraine-briefing-zelensky-mccarthy-hptk/18ukraine-briefing-zelensky-mccarthy-hptk-articleLarge.jpg,400,600,https://static01.nyt.com/images/2023/04/18/multimedia/18ukraine-briefing-zelensky-mccarthy-hptk/18ukraine-briefing-zelensky-mccarthy-hptk-thumbStandard.jpg,75,75,McCarthy and Zelensky discuss U.S. support for the war.,"McCarthy and Zelensky discuss U.S. support for the war. House Speaker Kevin McCarthy spoke with Ukrainian President Volodymyr Zelensky on Tuesday about the state of the conflict with Russia, amid fresh G.O.P. objections to continuing U.S. support for Ukraine’s war effort. House Speaker Kevin McCarthy spoke with Ukrainian President Volodymyr Zelensky on Tuesday about the state of the conflict with Russia, amid fresh G.O.P. objections to continuing U.S. support for Ukraine’s war effort."
"The two countries had found common ground in opposing “perceived U.S. efforts to expand influence in Latin America,” according to an intelligence update based on C.I.A. intercepts.",article,nyt://article/2d5dc4a0-5e4f-52ec-8197-021b926ebc18,"[{'name': 'Subject', 'value': 'International Relations', 'rank': 1}, {'name': 'Subject', 'value': 'Defense and Military Forces', 'rank': 2}, {'name': 'Location', 'value': 'Iran', 'rank': 3}, {'name': 'Location', 'value': 'Nicaragua', 'rank': 4}, {'name': 'Location', 'value': 'Latin America', 'rank': 5}, {'name': 'Subject', 'value': 'United States International Relations', 'rank': 6}, {'name': 'Person', 'value': 'Ortega, Daniel', 'rank': 7}, {'name': 'Person', 'value': 'Amir Abdollahian, Hossein', 'rank': 8}]",Foreign,,,2023-04-13 20:31:27+00:00,World,"The two countries had found common ground in opposing “perceived U.S. efforts to expand influence in Latin America,” according to an intelligence update based on C.I.A. intercepts.",The New York Times,Middle East,News,nyt://article/2d5dc4a0-5e4f-52ec-8197-021b926ebc18,https://www.nytimes.com/2023/04/13/world/middleeast/iran-nicaragua-military-cooperation.html,618,By Vivian Yee,"Iran and Nicaragua Discussed Military Cooperation, Leaked Report Says",,,"The Iranian foreign minister, Hossein Amir Abdollahian, left, greeting his Nicaraguan counterpart, Denis Moncada, in Tehran in December. Their two countries share grudges against the United States.",Vahid Salemi/Associated Press,https://static01.nyt.com/images/2023/04/13/multimedia/13iran-nicaragua-lbzh/13iran-nicaragua-lbzh-articleLarge.jpg,400,600,https://static01.nyt.com/images/2023/04/13/multimedia/13iran-nicaragua-lbzh/13iran-nicaragua-lbzh-thumbStandard.jpg,75,75,"Iran and Nicaragua Discussed Military Cooperation, Leaked Report Says","Iran and Nicaragua Discussed Military Cooperation, Leaked Report Says The two countries had found common ground in opposing “perceived U.S. efforts to expand influence in Latin America,” according to an intelligence update based on C.I.A. intercepts. The two countries had found common ground in opposing “perceived U.S. efforts to expand influence in Latin America,” according to an intelligence update based on C.I.A. intercepts."
"Lynne M. Tracy, the ambassador, spoke with Sergei A. Ryabkov, the Russian deputy foreign minister. U.S. officials have not been granted consular access to Mr. Gershkovich in the past week, a State Department official said.",article,nyt://article/46b92c09-0eeb-5134-9ce5-312db7345e68,"[{'name': 'Subject', 'value': 'Russian Invasion of Ukraine (2022)', 'rank': 1}, {'name': 'Location', 'value': 'Russia', 'rank': 2}, {'name': 'Organization', 'value': 'Wall Street Journal', 'rank': 3}, {'name': 'Person', 'value': 'Putin, Vladimir V', 'rank': 4}, {'name': 'Person', 'value': 'Gershkovich, Evan', 'rank': 5}]",Washington,,,2023-04-06 22:06:06+00:00,World,"Lynne M. Tracy, the ambassador, spoke with Sergei A. Ryabkov, the Russian deputy foreign minister. U.S. officials have not been granted consular access to Mr. Gershkovich in the past week, a State Department official said.",The New York Times,Europe,News,nyt://article/46b92c09-0eeb-5134-9ce5-312db7345e68,https://www.nytimes.com/2023/04/06/world/europe/evan-gershkovich-wsj-russia.html,468,By Edward Wong,"The new U.S. ambassador in Moscow meets with a diplomat to discuss Evan Gershkovich, the detained reporter.",,,"Evan Gershkovich, a Wall Street Journal reporter, was escorted from the Lefortovsky court in Moscow to a bus last week.",Alexander Zemlianichenko/Associated Press,https://static01.nyt.com/images/2023/04/06/multimedia/06ukraine-brief-gershkovich-vfkw/06ukraine-brief-gershkovich-vfkw-articleLarge.jpg,400,600,https://static01.nyt.com/images/2023/04/06/multimedia/06ukraine-brief-gershkovich-vfkw/06ukraine-brief-gershkovich-vfkw-thumbStandard.jpg,75,75,"The new U.S. ambassador in Moscow meets with a diplomat to discuss Evan Gershkovich, the detained reporter.","The new U.S. ambassador in Moscow meets with a diplomat to discuss Evan Gershkovich, the detained reporter. Lynne M. Tracy, the ambassador, spoke with Sergei A. Ryabkov, the Russian deputy foreign minister. U.S. officials have not been granted consular access to Mr. Gershkovich in the past week, a State Department official said. Lynne M. Tracy, the ambassador, spoke with Sergei A. Ryabkov, the Russian deputy foreign minister. U.S. officials have not been granted consular access to Mr. Gershkovich in the past week, a State Department official said."
,article,nyt://article/8041662c-9396-5049-ac98-98e7493792ca,"[{'name': 'Subject', 'value': 'Russian Invasion of Ukraine (2022)', 'rank': 1}, {'name': 'Subject', 'value': 'Defense and Military Forces', 'rank': 2}, {'name': 'Subject', 'value': 'Arms Trade', 'rank': 3}, {'name': 'Subject', 'value': 'United States International Relations', 'rank': 4}, {'name': 'Subject', 'value': 'Foreign Aid', 'rank': 5}, {'name': 'Location', 'value': 'Ukraine', 'rank': 6}, {'name': 'Location', 'value': 'Russia', 'rank': 7}]",Foreign,,,2023-03-15 05:57:52+00:00,World,,The New York Times,,News,nyt://article/8041662c-9396-5049-ac98-98e7493792ca,https://www.nytimes.com/2023/03/15/world/ukraines-allies-are-set-to-discuss-the-dwindling-ammunition-supply.html,317,By Anushka Patil,Ukraine’s allies are set to discuss the dwindling ammunition supply.,,,"Missile casings under production in Scranton, Pa., in January. Many will be shipped to Ukraine to help replenish dwindling ammunition supplies.",Natalie Keyssar for The New York Times,https://static01.nyt.com/images/2023/03/14/multimedia/14ukraine-briefing-ramstein-preview-clfh/14ukraine-briefing-ramstein-preview-clfh-articleLarge.jpg,400,600,https://static01.nyt.com/images/2023/03/14/multimedia/14ukraine-briefing-ramstein-preview-clfh/14ukraine-briefing-ramstein-preview-clfh-thumbStandard.jpg,75,75,Ukraine’s allies are set to discuss the dwindling ammunition supply.,Ukraine’s allies are set to discuss the dwindling ammunition supply.
,article,nyt://article/abdad1f4-33af-5b48-96ef-517d5df18a22,[],Foreign,,,2023-03-08 16:27:56+00:00,World,,The New York Times,Europe,Live Blog Post,nyt://article/abdad1f4-33af-5b48-96ef-517d5df18a22,https://www.nytimes.com/live/2023/03/08/world/russia-ukraine-news/eu-defense-ministers-discuss-ukraines-need-for-more-artillery-shells-seeing-critical-weeks-ahead,403,By Steven Erlanger,"E.U. defense ministers discuss Ukraine’s need for more artillery shells, seeing ‘critical’ weeks ahead.",,,A Ukrainian artillery team during an operation to fire at a Russian ammunition depot across the Dnipro River in the Kherson region in December.,Finbarr O'Reilly for The New York Times,https://static01.nyt.com/images/2023/03/08/multimedia/08ukraine-briefing-eu-defense-klpm/08ukraine-briefing-eu-defense-klpm-articleLarge.jpg,400,600,https://static01.nyt.com/images/2023/03/08/multimedia/08ukraine-briefing-eu-defense-klpm/08ukraine-briefing-eu-defense-klpm-thumbStandard.jpg,75,75,"E.U. defense ministers discuss Ukraine’s need for more artillery shells, seeing ‘critical’ weeks ahead.","E.U. defense ministers discuss Ukraine’s need for more artillery shells, seeing ‘critical’ weeks ahead."
,article,nyt://article/5eed56de-977f-5304-81a5-e9860b0892d9,[],Foreign,,,2023-03-08 05:59:54+00:00,World,,The New York Times,Europe,Live Blog Post,nyt://article/5eed56de-977f-5304-81a5-e9860b0892d9,https://www.nytimes.com/live/2023/03/08/world/russia-ukraine-news/un-chief-will-meet-with-zelensky-to-discuss-extending-the-grain-deal,512,By Carly Olson,The U.N. chief meets with Zelensky to discuss extending the grain deal.,,,"A cargo vessel was filed with grain at the port of Pivdennyi, Ukraine, last August. The ship was bound for the Horn of Africa.",Daniel Berehulak for The New York Times,https://static01.nyt.com/images/2023/03/08/multimedia/08ukraine-briefing-guterres-curtain-raiser-gmtv/08ukraine-briefing-guterres-curtain-raiser-gmtv-articleLarge.jpg,400,600,https://static01.nyt.com/images/2023/03/08/multimedia/08ukraine-briefing-guterres-curtain-raiser-gmtv/08ukraine-briefing-guterres-curtain-raiser-gmtv-thumbStandard.jpg,75,75,The U.N. chief meets with Zelensky to discuss extending the grain deal.,The U.N. chief meets with Zelensky to discuss extending the grain deal.
,article,nyt://article/f9e961e9-baea-5407-bf31-03fc5c8d3f95,[],Foreign,,,2023-02-18 18:43:33+00:00,World,,The New York Times,Europe,Live Blog Post,nyt://article/f9e961e9-baea-5407-bf31-03fc5c8d3f95,https://www.nytimes.com/live/2023/02/17/world/russia-ukraine-war/officials-from-japan-and-china-discuss-diplomatic-tensions-in-munich,222,By Edward Wong,Officials from Japan and China discuss diplomatic tensions in Munich.,,,"A view from Ishigaki Harbor in the direction of the Senkaku Islands in the East China Sea. Yoshimasa Hayashi, the foreign minister of Japan, and Wang Yi, China’s top foreign policy official, discussed the islands in Munich on Saturday.",The New York Times,https://static01.nyt.com/images/2023/02/18/multimedia/18ukraine-blog-japan-china-si-cfzm/18ukraine-blog-japan-china-si-cfzm-articleLarge.jpg,400,600,https://static01.nyt.com/images/2023/02/18/multimedia/18ukraine-blog-japan-china-si-cfzm/18ukraine-blog-japan-china-si-cfzm-thumbStandard.jpg,75,75,Officials from Japan and China discuss diplomatic tensions in Munich.,Officials from Japan and China discuss diplomatic tensions in Munich.
,article,nyt://article/b88a310b-937f-54b6-8f7a-12b13e79d7b3,"[{'name': 'Subject', 'value': 'Israel-Gaza War (2023- )', 'rank': 1}, {'name': 'Person', 'value': 'Netanyahu, Benjamin', 'rank': 2}, {'name': 'Person', 'value': 'Gantz, Benny', 'rank': 3}]",Foreign,,,2023-12-28 20:36:19+00:00,World,,The New York Times,Middle East,Live Blog Post,nyt://article/b88a310b-937f-54b6-8f7a-12b13e79d7b3,https://www.nytimes.com/live/2023/12/28/world/israel-hamas-war-gaza-news/a-report-on-a-leaked-supreme-court-judicial-draft-has-israeli-politicians-on-edge,487,By Aaron Boxerman,A report on a leaked Supreme Court judicial draft has Israeli politicians on edge.,,,"The National Unity alliance leader Benny Gantz in Tel Aviv, Israel, last month. He joined the prime minister’s coalition in an emergency wartime unity government.",Amit Elkayam for The New York Times,https://static01.nyt.com/images/2023/01/28/multimedia/28israel-hamas-judicial-react-kptm/28israel-hamas-judicial-react-kptm-articleLarge.jpg,400,600,https://static01.nyt.com/images/2023/01/28/multimedia/28israel-hamas-judicial-react-kptm/28israel-hamas-judicial-react-kptm-thumbStandard.jpg,75,75,A report on a leaked Supreme Court judicial draft has Israeli politicians on edge.,A report on a leaked Supreme Court judicial draft has Israeli politicians on edge.
,article,nyt://article/75103305-f481-5be9-a083-da8308aaed92,[],Foreign,,,2023-12-28 15:40:32+00:00,World,,The New York Times,Middle East,Live Blog Post,nyt://article/75103305-f481-5be9-a083-da8308aaed92,https://www.nytimes.com/live/2023/12/28/world/israel-hamas-war-gaza-news/the-human-rights-situation-in-the-west-bank-has-deteriorated-rapidly-a-un-report-finds,494,By Nick Cumming-Bruce,"The human rights situation in the West Bank has ‘deteriorated rapidly,’ a U.N. report finds.",,,Israeli soldiers conducting a raid in the occupied West Bank in November.,Jaafar Ashtiyeh/Agence France-Presse — Getty Images,https://static01.nyt.com/images/2023/12/28/multimedia/28israel-hamas-un-westbank-kcvp/28israel-hamas-un-westbank-kcvp-articleLarge.jpg,400,600,https://static01.nyt.com/images/2023/12/28/multimedia/28israel-hamas-un-westbank-kcvp/28israel-hamas-un-westbank-kcvp-thumbStandard.jpg,75,75,"The human rights situation in the West Bank has ‘deteriorated rapidly,’ a U.N. report finds.","The human rights situation in the West Bank has ‘deteriorated rapidly,’ a U.N. report finds."
"Strong winds and heavy rain are expected in England over the coming days, according to forecasters.",article,nyt://article/305ae0ec-d018-5f46-bb98-d225d488d0e0,"[{'name': 'Subject', 'value': 'International Relations', 'rank': 1}, {'name': 'Subject', 'value': 'Global Warming', 'rank': 2}, {'name': 'Subject', 'value': 'Heat and Heat Waves', 'rank': 3}, {'name': 'Subject', 'value': 'Rain', 'rank': 4}, {'name': 'Subject', 'value': 'Tornadoes', 'rank': 5}]",Express,,,2023-12-28 15:26:05+00:00,World,"Strong winds and heavy rain are expected in England over the coming days, according to forecasters.",The New York Times,Europe,News,nyt://article/305ae0ec-d018-5f46-bb98-d225d488d0e0,https://www.nytimes.com/2023/12/28/world/europe/manchester-tornado-uk.html,414,By Jenny Gross,‘Significant Damage’ Reported as Storm Moves Through Britain,,,"Strong winds damaged buildings near Manchester, England, this week.",Jon Super/Associated Press,https://static01.nyt.com/images/2023/12/28/multimedia/28xp-uktornado-fclh/28xp-uktornado-fclh-articleLarge.jpg,400,600,https://static01.nyt.com/images/2023/12/28/multimedia/28xp-uktornado-fclh/28xp-uktornado-fclh-thumbStandard.jpg,75,75,‘Significant Damage’ Reported as Storm Moves Through Britain,"‘Significant Damage’ Reported as Storm Moves Through Britain Strong winds and heavy rain are expected in England over the coming days, according to forecasters. Strong winds and heavy rain are expected in England over the coming days, according to forecasters."
,article,nyt://article/b411cf89-7f98-53fb-9126-27fc8885fe48,[],Foreign,,,2023-12-28 13:44:42+00:00,World,,The New York Times,Middle East,Live Blog Post,nyt://article/b411cf89-7f98-53fb-9126-27fc8885fe48,https://www.nytimes.com/live/2023/12/28/world/israel-hamas-war-gaza-news/israels-wartime-unity-faces-a-challenge-in-a-looming-court-decision,559,By Aaron Boxerman,A report of a leaked judicial draft threatens Israel’s wartime unity.,,,Protesting against plans by Prime Minister Benjamin Netanyahu’s government to overhaul the judicial system in Tel Aviv in August.,Corinna Kern/Reuters,https://static01.nyt.com/images/2023/12/28/multimedia/28israel-hamas-judicial-sub-vqwp/28israel-hamas-judicial-sub-vqwp-articleLarge.jpg,400,600,https://static01.nyt.com/images/2023/12/28/multimedia/28israel-hamas-judicial-sub-vqwp/28israel-hamas-judicial-sub-vqwp-thumbStandard.jpg,75,75,A report of a leaked judicial draft threatens Israel’s wartime unity.,A report of a leaked judicial draft threatens Israel’s wartime unity.
,article,nyt://article/d5d6c998-584d-5286-be6e-45818929e7ba,[],Foreign,,,2023-12-21 21:45:53+00:00,World,,The New York Times,Middle East,Live Blog Post,nyt://article/d5d6c998-584d-5286-be6e-45818929e7ba,https://www.nytimes.com/live/2023/12/21/world/israel-hamas-war-gaza-news/four-gaza-workers-at-a-recently-reopened-border-crossing-are-reported-killed-in-an-israeli-airstrike,350,By Gaya Gupta and Ephrat Livni,Four Gaza workers at a recently reopened border crossing are reported killed in an Israeli airstrike.,,,Israeli soldiers stand guard at the Israeli side of the Kerem Shalom border crossing as trucks carrying humanitarian aid move into the Gaza Strip on Tuesday.,Menahem Kahana/Agence France-Presse — Getty Images,https://static01.nyt.com/images/2023/12/21/multimedia/21israel-hamas-airstrikes-zgfv/21israel-hamas-airstrikes-zgfv-articleLarge.jpg,400,600,https://static01.nyt.com/images/2023/12/21/multimedia/21israel-hamas-airstrikes-zgfv/21israel-hamas-airstrikes-zgfv-thumbStandard.jpg,75,75,Four Gaza workers at a recently reopened border crossing are reported killed in an Israeli airstrike.,Four Gaza workers at a recently reopened border crossing are reported killed in an Israeli airstrike.
"The Nazis paid the national rail company for transporting Jews, Roma and members of the resistance to concentration camps during World War II, according to the report.",article,nyt://article/1d693460-ab79-5f57-bab8-eb0ada15add3,"[{'name': 'Subject', 'value': 'Holocaust and the Nazi Era', 'rank': 1}, {'name': 'Subject', 'value': 'Railroads', 'rank': 2}, {'name': 'Subject', 'value': 'Jews and Judaism', 'rank': 3}, {'name': 'Subject', 'value': 'World War II (1939-45)', 'rank': 4}, {'name': 'Subject', 'value': 'War Crimes, Genocide and Crimes Against Humanity', 'rank': 5}, {'name': 'Subject', 'value': 'Romani People', 'rank': 6}, {'name': 'Location', 'value': 'Belgium', 'rank': 7}]",Foreign,9.0,A,2023-12-15 16:48:15+00:00,World,"The Nazis paid the national rail company for transporting Jews, Roma and members of the resistance to concentration camps during World War II, according to the report.",The New York Times,Europe,News,nyt://article/1d693460-ab79-5f57-bab8-eb0ada15add3,https://www.nytimes.com/2023/12/15/world/europe/belgium-railway-holocaust-nazis.html,893,By Nina Siegal,"Belgian Railway Earned Millions for Holocaust Trains, Report Finds",,Belgian Rail Profited From Auschwitz Trains,"Visitors at the Auschwitz-Birkenau Memorial and Museum in Poland. From 1942 to 1944, the Belgian railways sent 25,843 Jews and Roma people to Auschwitz, according to a report.",Maciek Nabrdalik for The New York Times,https://static01.nyt.com/images/2023/12/15/multimedia/15belgium-rail-holocaust-01-fzth/15belgium-rail-holocaust-01-fzth-articleLarge.jpg,400,600,https://static01.nyt.com/images/2023/12/15/multimedia/15belgium-rail-holocaust-01-fzth/15belgium-rail-holocaust-01-fzth-thumbStandard.jpg,75,75,"Belgian Railway Earned Millions for Holocaust Trains, Report Finds","Belgian Railway Earned Millions for Holocaust Trains, Report Finds The Nazis paid the national rail company for transporting Jews, Roma and members of the resistance to concentration camps during World War II, according to the report. The Nazis paid the national rail company for transporting Jews, Roma and members of the resistance to concentration camps during World War II, according to the report."
,article,nyt://article/3527adfd-95f3-5633-89ec-a600f0767014,[],Foreign,,,2023-12-09 00:06:14+00:00,World,,The New York Times,Middle East,Live Blog Post,nyt://article/3527adfd-95f3-5633-89ec-a600f0767014,https://www.nytimes.com/live/2023/12/08/world/israel-hamas-war-gaza-news/gazas-largest-mosque-is-severely-damaged-by-israeli-strikes,267,By Gaya Gupta and Aaron Boxerman,Gaza’s largest mosque is reported damaged.,,,Palestinians praying at the Omari mosque during Ramadan in Gaza City in 2022.,Mohammed Abed/Agence France-Presse — Getty Images,https://static01.nyt.com/images/2023/12/08/world/08israel-hamas-mosque/08israel-hamas-mosque-articleLarge.jpg,400,600,https://static01.nyt.com/images/2023/12/08/world/08israel-hamas-mosque/08israel-hamas-mosque-thumbStandard.jpg,75,75,Gaza’s largest mosque is reported damaged.,Gaza’s largest mosque is reported damaged.
Word of the action against Cardinal Raymond Burke came after the prelate’s increasingly pointed critiques of the reform-minded pope.,article,nyt://article/06e97cb4-dd83-5a68-bba1-230ad8ea11cc,"[{'name': 'Organization', 'value': 'Roman Catholic Church', 'rank': 1}, {'name': 'Person', 'value': 'Francis', 'rank': 2}, {'name': 'Subject', 'value': 'Popes', 'rank': 3}, {'name': 'Subject', 'value': 'Cardinals (Roman Catholic Prelates)', 'rank': 4}, {'name': 'Person', 'value': 'Burke, Raymond L', 'rank': 5}, {'name': 'Location', 'value': 'Vatican City', 'rank': 6}]",Foreign,10.0,A,2023-11-28 21:31:14+00:00,World,Word of the action against Cardinal Raymond Burke came after the prelate’s increasingly pointed critiques of the reform-minded pope.,The New York Times,Europe,News,nyt://article/06e97cb4-dd83-5a68-bba1-230ad8ea11cc,https://www.nytimes.com/2023/11/28/world/europe/pope-francis-cardinal-burke-vatican.html,1296,By Jason Horowitz and Ruth Graham,Reports Say Pope Francis Is Evicting U.S. Cardinal From His Vatican Home,,Pope Said to Be Evicting U.S. Cardinal From Vatican Home,Cardinal Raymond Burke has been Pope Francis’ leading critic from the traditionalist wing of the Catholic Church.,Antonio Masiello/Getty Images,https://static01.nyt.com/images/2023/11/28/multimedia/28vatican-bishop-vmhw/28vatican-bishop-vmhw-articleLarge.jpg,400,600,https://static01.nyt.com/images/2023/11/28/multimedia/28vatican-bishop-vmhw/28vatican-bishop-vmhw-thumbStandard.jpg,75,75,Reports Say Pope Francis Is Evicting U.S. Cardinal From His Vatican Home,Reports Say Pope Francis Is Evicting U.S. Cardinal From His Vatican Home Word of the action against Cardinal Raymond Burke came after the prelate’s increasingly pointed critiques of the reform-minded pope. Word of the action against Cardinal Raymond Burke came after the prelate’s increasingly pointed critiques of the reform-minded pope.
"The U.S., while not publicly accusing New Delhi of trying to orchestrate a killing on American soil, said it had expressed concern to Indian officials.",article,nyt://article/8cdcb5ee-725f-5bc0-9ba3-a27f0cf12024,"[{'name': 'Subject', 'value': 'International Relations', 'rank': 1}, {'name': 'Subject', 'value': 'Assassinations and Attempted Assassinations', 'rank': 2}, {'name': 'Subject', 'value': 'Sikhs and Sikhism', 'rank': 3}, {'name': 'Organization', 'value': 'Air India', 'rank': 4}, {'name': 'Person', 'value': 'Nijjar, Hardeep Singh (1977-2023)', 'rank': 5}, {'name': 'Person', 'value': 'Trudeau, Justin', 'rank': 6}, {'name': 'Location', 'value': 'India', 'rank': 7}, {'name': 'Location', 'value': 'United States', 'rank': 8}, {'name': 'Location', 'value': 'Canada', 'rank': 9}]",Foreign,9.0,A,2023-11-23 11:33:28+00:00,World,"The U.S., while not publicly accusing New Delhi of trying to orchestrate a killing on American soil, said it had expressed concern to Indian officials.",The New York Times,Asia Pacific,News,nyt://article/8cdcb5ee-725f-5bc0-9ba3-a27f0cf12024,https://www.nytimes.com/2023/11/23/world/asia/india-assassination-plot.html,737,By Mujib Mashal,India Faces Questions About Another Reported Foreign Assassination Plot,,India Facing Questions On a Foiled Murder Plot ,Prime Minister Narendra Modi of India and President Biden in Washington in June. News outlets reported on Wednesday that the Biden administration had told the Indian government it had information possibly linking New Delhi to an assassination plot.,Tom Brenner for The New York Times,https://static01.nyt.com/images/2023/11/23/multimedia/23india-plot-01-jlpf/23india-plot-01-jlpf-articleLarge.jpg,400,600,https://static01.nyt.com/images/2023/11/23/multimedia/23india-plot-01-jlpf/23india-plot-01-jlpf-thumbStandard.jpg,75,75,India Faces Questions About Another Reported Foreign Assassination Plot,"India Faces Questions About Another Reported Foreign Assassination Plot The U.S., while not publicly accusing New Delhi of trying to orchestrate a killing on American soil, said it had expressed concern to Indian officials. The U.S., while not publicly accusing New Delhi of trying to orchestrate a killing on American soil, said it had expressed concern to Indian officials."
,article,nyt://article/685d981b-d34c-5593-a6c5-3613ff3b4881,[],Foreign,,,2023-11-18 14:32:34+00:00,World,,The New York Times,Middle East,Live Blog Post,nyt://article/685d981b-d34c-5593-a6c5-3613ff3b4881,https://www.nytimes.com/live/2023/11/18/world/israel-hamas-war-gaza-news/palestinians-and-the-un-report-intense-strikes-in-gazas-south,454,By Karen Zraick,Palestinians and the U.N. report intense strikes in Gaza’s south.,,,Destruction after an Israeli strike in Khan Younis in the southern Gaza Strip on Saturday.,Fatima Shbair/Associated Press,https://static01.nyt.com/images/2023/11/18/multimedia/18israel-hamas-south-jczh/18israel-hamas-south-jczh-articleLarge.jpg,400,600,https://static01.nyt.com/images/2023/11/18/multimedia/18israel-hamas-south-jczh/18israel-hamas-south-jczh-thumbStandard.jpg,75,75,Palestinians and the U.N. report intense strikes in Gaza’s south.,Palestinians and the U.N. report intense strikes in Gaza’s south.
,article,nyt://article/86beb5dc-fab4-52d9-8472-5542e99dccf5,[],Foreign,,,2023-11-15 19:13:38+00:00,World,,The New York Times,Middle East,Live Blog Post,nyt://article/86beb5dc-fab4-52d9-8472-5542e99dccf5,https://www.nytimes.com/live/2023/11/15/world/israel-hamas-war-gaza-news/heres-where-israeli-troops-have-been-reported-within-al-shifas-hospital-complex,194,By Lauren Leatherby and Josh Holder,Here’s where Israeli troops have been reported within Al-Shifa’s hospital complex.,,,,,,0,0,,0,0,Here’s where Israeli troops have been reported within Al-Shifa’s hospital complex.,Here’s where Israeli troops have been reported within Al-Shifa’s hospital complex.
,article,nyt://article/191e1189-8911-5100-9c6d-ceb0c8ed4ac5,[],Foreign,,,2023-11-06 16:14:31+00:00,World,,The New York Times,Middle East,Live Blog Post,nyt://article/191e1189-8911-5100-9c6d-ceb0c8ed4ac5,https://www.nytimes.com/live/2023/11/06/world/israel-hamas-war-gaza-news/blinken-reports-progress-in-efforts-to-increase-humanitarian-aid-into-gaza,438,By Adam Entous,Blinken reports ‘progress’ in efforts to increase aid into Gaza.,,,"Red Cross employees delivering medical aid to a hospital in Khan Younis, in southern Gaza, last month.",Yousef Masoud for The New York Times,https://static01.nyt.com/images/2023/11/06/multimedia/06israel-hamas-blinken-turkey-jbqm/06israel-hamas-blinken-turkey-jbqm-articleLarge.jpg,418,600,https://static01.nyt.com/images/2023/11/06/multimedia/06israel-hamas-blinken-turkey-jbqm/06israel-hamas-blinken-turkey-jbqm-thumbStandard.jpg,75,75,Blinken reports ‘progress’ in efforts to increase aid into Gaza.,Blinken reports ‘progress’ in efforts to increase aid into Gaza.
"A local official reportedly said the center’s manager had been arrested, and he blamed overcrowding at the facility for the high toll.",article,nyt://article/812a0b21-8476-5029-b943-de6082ba3144,"[{'name': 'Subject', 'value': 'Fires and Firefighters', 'rank': 1}, {'name': 'Location', 'value': 'Iran', 'rank': 2}, {'name': 'Location', 'value': 'Caspian Sea', 'rank': 3}]",Foreign,10.0,A,2023-11-03 09:31:32+00:00,World,"A local official reportedly said the center’s manager had been arrested, and he blamed overcrowding at the facility for the high toll.",The New York Times,Middle East,News,nyt://article/812a0b21-8476-5029-b943-de6082ba3144,https://www.nytimes.com/2023/11/03/world/middleeast/iran-fire-drug-rehab-center.html,321,By Cassandra Vinograd,"Fire at Drug Rehab Center in Iran Kills at Least 32, State Media Report",,At Least 32 Dead After Fire in Iran At Rehab Center,,,,0,0,,0,0,"Fire at Drug Rehab Center in Iran Kills at Least 32, State Media Report","Fire at Drug Rehab Center in Iran Kills at Least 32, State Media Report A local official reportedly said the center’s manager had been arrested, and he blamed overcrowding at the facility for the high toll. A local official reportedly said the center’s manager had been arrested, and he blamed overcrowding at the facility for the high toll."
"What happened to Armita Geravand, who entered a subway car and was carried out minutes later, is unclear. But her case evoked parallels to that of Mahsa Amini.",article,nyt://article/f387c527-e2a9-5401-b41e-ef80e47df959,"[{'name': 'Subject', 'value': 'Politics and Government', 'rank': 1}, {'name': 'Subject', 'value': 'Political Prisoners', 'rank': 2}, {'name': 'Subject', 'value': 'Muslim Veiling', 'rank': 3}, {'name': 'Subject', 'value': 'Dress Codes', 'rank': 4}, {'name': 'Location', 'value': 'Iran', 'rank': 5}, {'name': 'Location', 'value': 'Tehran (Iran)', 'rank': 6}, {'name': 'Person', 'value': 'Amini, Mahsa (2000-22)', 'rank': 7}, {'name': 'Person', 'value': 'Geravand, Armita', 'rank': 8}]",Foreign,11.0,A,2023-10-23 14:03:22+00:00,World,"What happened to Armita Geravand, who entered a subway car and was carried out minutes later, is unclear. But her case evoked parallels to that of Mahsa Amini.",The New York Times,Europe,News,nyt://article/f387c527-e2a9-5401-b41e-ef80e47df959,https://www.nytimes.com/2023/10/23/world/europe/iran-teenager-armita-geravand-brain-dead.html,581,By Emma Bubola and Leily Nikounazar,Iranian Teenager Reported Brain Dead by State Media,,Iranian Teenager Reported Brain Dead by State Media,Armita Geravand in a social media photo.,Armita Geravand family archive,https://static01.nyt.com/images/2023/10/23/multimedia/23IRAN-TEENAGER-01-kmtq/23IRAN-TEENAGER-01-kmtq-articleLarge.jpg,400,600,https://static01.nyt.com/images/2023/10/23/multimedia/23IRAN-TEENAGER-01-kmtq/23IRAN-TEENAGER-01-kmtq-thumbStandard.jpg,75,75,Iranian Teenager Reported Brain Dead by State Media,"Iranian Teenager Reported Brain Dead by State Media What happened to Armita Geravand, who entered a subway car and was carried out minutes later, is unclear. But her case evoked parallels to that of Mahsa Amini. What happened to Armita Geravand, who entered a subway car and was carried out minutes later, is unclear. But her case evoked parallels to that of Mahsa Amini."
"With President Biden about to arrive in Israel, Palestinians and Israelis blamed each other for the explosion at a  hospital, where people had sought shelter from Israeli bombing.",article,nyt://article/d22e1d52-1017-5f0c-a575-0e9d7214d2a0,"[{'name': 'Subject', 'value': 'Israel-Gaza War (2023- )', 'rank': 1}, {'name': 'Subject', 'value': 'Civilian Casualties', 'rank': 2}, {'name': 'Subject', 'value': 'Palestinians', 'rank': 3}, {'name': 'Subject', 'value': 'Human Rights and Human Rights Violations', 'rank': 4}, {'name': 'Subject', 'value': 'Refugees and Displaced Persons', 'rank': 5}, {'name': 'Organization', 'value': 'Hamas', 'rank': 6}, {'name': 'Organization', 'value': 'United Nations High Commissioner for Refugees', 'rank': 7}, {'name': 'Person', 'value': 'Biden, Joseph R Jr', 'rank': 8}, {'name': 'Person', 'value': 'Netanyahu, Benjamin', 'rank': 9}, {'name': 'Location', 'value': 'Gaza Strip', 'rank': 10}, {'name': 'Location', 'value': 'Israel', 'rank': 11}, {'name': 'Organization', 'value': 'Al Ahli Arab Hospital (Gaza Strip)', 'rank': 12}]",Foreign,1.0,A,2023-10-18 01:47:31+00:00,World,"With President Biden about to arrive in Israel, Palestinians and Israelis blamed each other for the explosion at a  hospital, where people had sought shelter from Israeli bombing.",The New York Times,Middle East,News,nyt://article/d22e1d52-1017-5f0c-a575-0e9d7214d2a0,https://www.nytimes.com/2023/10/17/world/middleeast/gaza-hospital-explosion-israel.html,1610,"By Patrick Kingsley, Aaron Boxerman and Hiba Yazbek",Hundreds Reported Killed in Blast at a Gaza Hospital,,Blast Kills Hundreds at Gaza Hospital ,,Mohammed Al-Masri/Reuters,https://static01.nyt.com/images/2023/10/17/multimedia/17israel-ledeall-promo-mwgh/17israel-ledeall-promo-mwgh-articleLarge.jpg,400,600,https://static01.nyt.com/images/2023/10/17/multimedia/17israel-ledeall-promo-mwgh/17israel-ledeall-promo-mwgh-thumbStandard.jpg,75,75,Hundreds Reported Killed in Blast at a Gaza Hospital,"Hundreds Reported Killed in Blast at a Gaza Hospital With President Biden about to arrive in Israel, Palestinians and Israelis blamed each other for the explosion at a  hospital, where people had sought shelter from Israeli bombing. With President Biden about to arrive in Israel, Palestinians and Israelis blamed each other for the explosion at a  hospital, where people had sought shelter from Israeli bombing."
Hundre,article,nyt://article/11c54b29-a965-5db5-87ab-c0924986171b,"[{'name': 'Subject', 'value': 'Palestinians', 'rank': 1}, {'name': 'Subject', 'value': 'Israel-Gaza War (2023- )', 'rank': 2}, {'name': 'Subject', 'value': 'Civilian Casualties', 'rank': 3}, {'name': 'Organization', 'value': 'Al Ahli Arab Hospital (Gaza Strip)', 'rank': 4}, {'name': 'Location', 'value': 'Gaza Strip', 'rank': 5}, {'name': 'Location', 'value': 'Israel', 'rank': 6}]",Foreign,,,2023-10-17 21:56:08+00:00,World,Hundre,The New York Times,Middle East,News,nyt://article/11c54b29-a965-5db5-87ab-c0924986171b,https://www.nytimes.com/2023/10/17/world/middleeast/the-gaza-hospital-where-hundreds-were-reported-killed-is-a-mainstay-for-palestinians.html,363,By Ephrat Livni,The Gaza hospital where hundreds were reported killed is a mainstay for Palestinians.,,,"Palestinian midwives working in the maternity ward at Ahli Arab Hospital in 2019. At least 500 people were killed in an explosion at the hospital on Tuesday, Palestinian authorities said.",Samar Abu Elouf/Reuters,https://static01.nyt.com/images/2023/10/17/multimedia/17israel-hamas-hospital-background-jtgp/17israel-hamas-hospital-background-jtgp-articleLarge.jpg,400,600,https://static01.nyt.com/images/2023/10/17/multimedia/17israel-hamas-hospital-background-jtgp/17israel-hamas-hospital-background-jtgp-thumbStandard.jpg,75,75,The Gaza hospital where hundreds were reported killed is a mainstay for Palestinians.,The Gaza hospital where hundreds were reported killed is a mainstay for Palestinians. Hundre Hundre
The assertion that infants were beheaded by Hamas went viral but Israel’s military repeatedly said it could not confirm it.,article,nyt://article/da1c08c9-4f94-5f6e-95a4-4529cbcaba31,[],Foreign,,,2023-10-14 15:45:07+00:00,World,The assertion that infants were beheaded by Hamas went viral but Israel’s military repeatedly said it could not confirm it.,The New York Times,Middle East,Live Blog Post,nyt://article/da1c08c9-4f94-5f6e-95a4-4529cbcaba31,https://www.nytimes.com/live/2023/10/14/world/israel-news-hamas-war-gaza/israel-hamas-killing-babies-fact-check,381,By Cassandra Vinograd,"Amid reports of Israeli children killed, one claim stood out.",,,,Pool photo by Jacquelyn Martin,https://static01.nyt.com/images/2023/10/14/multimedia/14israel-hamas-babies-qfvh/14israel-hamas-babies-qfvh-articleLarge.jpg,400,600,https://static01.nyt.com/images/2023/10/14/multimedia/14israel-hamas-babies-qfvh/14israel-hamas-babies-qfvh-thumbStandard.jpg,75,75,"Amid reports of Israeli children killed, one claim stood out.","Amid reports of Israeli children killed, one claim stood out. The assertion that infants were beheaded by Hamas went viral but Israel’s military repeatedly said it could not confirm it. The assertion that infants were beheaded by Hamas went viral but Israel’s military repeatedly said it could not confirm it."
,article,nyt://article/36e12b5f-cbe2-5987-b07c-aa3fa8fe84c8,[],Foreign,,,2023-10-10 13:21:29+00:00,World,,The New York Times,Middle East,Live Blog Post,nyt://article/36e12b5f-cbe2-5987-b07c-aa3fa8fe84c8,https://www.nytimes.com/live/2023/10/10/world/israel-hamas-war-gaza/more-foreign-nationals-are-reported-killed-kidnapped-or-missing-in-israel,401,By Aurelien Breeden,"More foreign nationals are reported killed, kidnapped or missing in Israel.",,,A prayer service and candlelight vigil for Israel at Temple Emanu-El in New York on Monday.,Dave Sanders for The New York Times,https://static01.nyt.com/images/2023/10/10/multimedia/10israel-gaza-foreign-nationals-ktgp/10israel-gaza-foreign-nationals-ktgp-articleLarge.jpg,400,600,https://static01.nyt.com/images/2023/10/10/multimedia/10israel-gaza-foreign-nationals-ktgp/10israel-gaza-foreign-nationals-ktgp-thumbStandard.jpg,75,75,"More foreign nationals are reported killed, kidnapped or missing in Israel.","More foreign nationals are reported killed, kidnapped or missing in Israel."
,article,nyt://article/9fae6358-8c6e-550d-bd72-7735070430ae,[],Foreign,,,2023-10-08 16:19:49+00:00,World,,The New York Times,Middle East,Live Blog Post,nyt://article/9fae6358-8c6e-550d-bd72-7735070430ae,https://www.nytimes.com/live/2023/10/08/world/israel-gaza-attack-hamas-news/israeli-military-reservists-had-been-protesting-the-government-now-many-appear-to-be-reporting-for-duty,383,By Isabel Kershner,"Israeli military reservists had been protesting the government. Now, many appear to be reporting for duty.",,,Soldiers in an assembly area near Gaza on Sunday.,Avishag Shaar-Yashuv for The New York Times,https://static01.nyt.com/images/2023/10/08/multimedia/08israel-gaza-reservists-1-wvtb/08israel-gaza-reservists-1-wvtb-articleLarge.jpg,400,600,https://static01.nyt.com/images/2023/10/08/multimedia/08israel-gaza-reservists-1-wvtb/08israel-gaza-reservists-1-wvtb-thumbStandard.jpg,75,75,"Israeli military reservists had been protesting the government. Now, many appear to be reporting for duty.","Israeli military reservists had been protesting the government. Now, many appear to be reporting for duty."
,article,nyt://article/9210e111-2866-5e6c-bc0f-da7526b056b2,"[{'name': 'Subject', 'value': 'vis-photo', 'rank': 1}]",Foreign,,,2023-10-02 18:04:52+00:00,World,,The New York Times,,Live Blog Post,nyt://article/9210e111-2866-5e6c-bc0f-da7526b056b2,https://www.nytimes.com/live/2023/10/02/world/russia-ukraine-news/a-ukrainian-group-works-to-encourage-reporting-russian-abuses-beyond-physical-violence,451,By Maria Varenikova,A Ukrainian group works to encourage reporting Russian abuses beyond physical violence.,,,Alyona Yaromenko looking toward a field where Russian tanks were based in Peremoha.,Brendan Hoffman for The New York Times,https://static01.nyt.com/images/2023/09/27/multimedia/00ukraine-briefing-gender-kbfq/00ukraine-briefing-gender-kbfq-articleLarge.jpg,400,600,https://static01.nyt.com/images/2023/09/27/multimedia/00ukraine-briefing-gender-kbfq/00ukraine-briefing-gender-kbfq-thumbStandard.jpg,75,75,A Ukrainian group works to encourage reporting Russian abuses beyond physical violence.,A Ukrainian group works to encourage reporting Russian abuses beyond physical violence.
,article,nyt://article/b481e737-7e2d-5f5a-b064-6303e2b07009,[],Foreign,,,2023-09-18 18:54:45+00:00,World,,The New York Times,Europe,Live Blog Post,nyt://article/b481e737-7e2d-5f5a-b064-6303e2b07009,https://www.nytimes.com/live/2023/09/18/world/russia-ukraine-news/a-united-nations-report-details-how-the-kremlin-has-cracked-down-on-dissent,676,By Nick Cumming-Bruce,A United Nations report details how the Kremlin has cracked down on dissent.,,,A young woman being detained in Moscow after leaving a picture of a building in Ukraine that Russia struck in January.,Nanna Heitmann for The New York Times,https://static01.nyt.com/images/2023/09/18/multimedia/18ukraine-briefing-russia-un-rights-jqpc/18ukraine-briefing-russia-un-rights-jqpc-articleLarge.jpg,400,600,https://static01.nyt.com/images/2023/09/18/multimedia/18ukraine-briefing-russia-un-rights-jqpc/18ukraine-briefing-russia-un-rights-jqpc-thumbStandard.jpg,75,75,A United Nations report details how the Kremlin has cracked down on dissent.,A United Nations report details how the Kremlin has cracked down on dissent.
Apple has sent notifications to at least several more Russian reporters and editors that their cellphones might be under “state-sponsored” attacks.,article,nyt://article/8f5f678e-b644-5e62-b8bf-1a096930a900,"[{'name': 'Subject', 'value': 'Russian Invasion of Ukraine (2022)', 'rank': 1}, {'name': 'Organization', 'value': 'Apple Inc', 'rank': 2}]",Foreign,,,2023-09-14 22:41:17+00:00,World,Apple has sent notifications to at least several more Russian reporters and editors that their cellphones might be under “state-sponsored” attacks.,The New York Times,Europe,News,nyt://article/8f5f678e-b644-5e62-b8bf-1a096930a900,https://www.nytimes.com/2023/09/14/world/europe/galina-timchenko-meduza-pegagus-spyware-russia.html,483,By Gaya Gupta,A report of a Pegasus attack on one Russian journalist sets off a flurry of concern among others.,,,"Galina Timchenko, the publisher of the news website Meduza, was one of the journalists whose phones may have been targeted by the Pegasus spy software.",Alexander Zemlianichenko/Associated Press,https://static01.nyt.com/images/2023/09/14/multimedia/14ukraine-briefing-apple-notifications-topart-fmhv/14ukraine-briefing-apple-notifications-topart-fmhv-articleLarge.jpg,400,600,https://static01.nyt.com/images/2023/09/14/multimedia/14ukraine-briefing-apple-notifications-topart-fmhv/14ukraine-briefing-apple-notifications-topart-fmhv-thumbStandard.jpg,75,75,A report of a Pegasus attack on one Russian journalist sets off a flurry of concern among others.,A report of a Pegasus attack on one Russian journalist sets off a flurry of concern among others. Apple has sent notifications to at least several more Russian reporters and editors that their cellphones might be under “state-sponsored” attacks. Apple has sent notifications to at least several more Russian reporters and editors that their cellphones might be under “state-sponsored” attacks.
The waters swept away hundreds of homes as emergency officials raced to find survivors of the flooding caused by torrential weekend rains. Officials in one city described “catastrophic” devastation.,article,nyt://article/7026867d-29f6-5fd9-92a5-dc4f18b3d95a,"[{'name': 'Subject', 'value': 'Floods', 'rank': 1}, {'name': 'Subject', 'value': 'Rain', 'rank': 2}, {'name': 'Subject', 'value': 'Deaths (Fatalities)', 'rank': 3}, {'name': 'Subject', 'value': 'Levees and Dams', 'rank': 4}, {'name': 'Location', 'value': 'Derna (Libya)', 'rank': 5}, {'name': 'Location', 'value': 'Libya', 'rank': 6}]",Foreign,10.0,A,2023-09-11 18:10:27+00:00,World,The waters swept away hundreds of homes as emergency officials raced to find survivors of the flooding caused by torrential weekend rains. Officials in one city described “catastrophic” devastation.,The New York Times,Africa,News,nyt://article/7026867d-29f6-5fd9-92a5-dc4f18b3d95a,https://www.nytimes.com/2023/09/11/world/africa/libya-flooding.html,821,By Mohammed Abdusamee and Isabella Kwai,Hundreds Reported Dead in Severe Libya Flooding,,Hundreds Are Feared Dead in Libya Flooding,,Libya Al-Masar TV via Associated Press,https://static01.nyt.com/images/2023/09/12/12vid-Libya-Cover-86917-cover/12vid-Libya-Cover-86917-cover-articleLarge.jpg,400,600,https://static01.nyt.com/images/2023/09/12/12vid-Libya-Cover-86917-cover/12vid-Libya-Cover-86917-cover-thumbStandard.jpg,75,75,Hundreds Reported Dead in Severe Libya Flooding,Hundreds Reported Dead in Severe Libya Flooding The waters swept away hundreds of homes as emergency officials raced to find survivors of the flooding caused by torrential weekend rains. Officials in one city described “catastrophic” devastation. The waters swept away hundreds of homes as emergency officials raced to find survivors of the flooding caused by torrential weekend rains. Officials in one city described “catastrophic” devastation.
,article,nyt://article/05a289d0-094d-5587-a0bd-32c671078135,[],Live,,,2023-09-05 22:13:50+00:00,World,,The New York Times,Europe,Live Blog Post,nyt://article/05a289d0-094d-5587-a0bd-32c671078135,https://www.nytimes.com/live/2023/09/06/world/russia-ukraine-news/a-report-on-cluster-munitions-finds-russias-use-of-them-in-ukraine-drove-a-global-surge-in-their-toll,552,By Anushka Patil,A report on cluster munitions finds Russia’s use of them in Ukraine drove a global surge in their toll.,,,"A woman injured in a cluster bomb attack in Kramatorsk, Ukraine, receiving aid in March.",Tyler Hicks/The New York Times,https://static01.nyt.com/images/2023/09/05/multimedia/05ukraine-briefing-cluster-report-gzcb/05ukraine-briefing-cluster-report-gzcb-articleLarge.jpg,400,600,https://static01.nyt.com/images/2023/09/05/multimedia/05ukraine-briefing-cluster-report-gzcb/05ukraine-briefing-cluster-report-gzcb-thumbStandard.jpg,75,75,A report on cluster munitions finds Russia’s use of them in Ukraine drove a global surge in their toll.,A report on cluster munitions finds Russia’s use of them in Ukraine drove a global surge in their toll.
,article,nyt://article/ff77f461-332a-5411-a1e5-9fd16a83bc1f,[],Washington,,,2023-08-30 16:13:07+00:00,World,,The New York Times,Europe,Live Blog Post,nyt://article/ff77f461-332a-5411-a1e5-9fd16a83bc1f,https://www.nytimes.com/live/2023/08/30/world/russia-ukraine-news/the-war-will-leave-poorer-countries-struggling-for-food-this-year-a-us-intelligence-report-says,462,By Julian E. Barnes,"The war will leave poorer countries struggling for food this year, a U.S. intelligence report says.",,,"Harvesting wheat from a field near the city of Bila Tserkva, in the Kyiv region of Ukraine, this month.",Ed Ram/Getty Images,https://static01.nyt.com/images/2023/08/30/multimedia/30ukraine-briefing-food-security-pmzj/30ukraine-briefing-food-security-pmzj-articleLarge.jpg,400,600,https://static01.nyt.com/images/2023/08/30/multimedia/30ukraine-briefing-food-security-pmzj/30ukraine-briefing-food-security-pmzj-thumbStandard.jpg,75,75,"The war will leave poorer countries struggling for food this year, a U.S. intelligence report says.","The war will leave poorer countries struggling for food this year, a U.S. intelligence report says."
,article,nyt://article/d195b57d-1a3f-5c3d-8ba5-94af3218dce9,[],Foreign,,,2023-08-25 20:39:08+00:00,World,,The New York Times,,Live Blog Post,nyt://article/d195b57d-1a3f-5c3d-8ba5-94af3218dce9,https://www.nytimes.com/live/2023/08/25/world/russia-prigozhin-putin-ukraine-war/pro-kremlin-figures-deride-western-reports-linking-putin-to-prigozhins-fate,565,By Valeriya Safronova,Pro-Kremlin figures deride Western reports linking Putin to Prigozhin’s fate.,,,"Russian news reports of the crash of a plane linked to the Wagner leader, Yevgeny Prigozhin. Pro-Kremlin news commentators have taken issue with Western coverage. ",Dmitri Lovetsky/Associated Press,https://static01.nyt.com/images/2023/08/25/multimedia/25ukraine-briefing-russia-media-tqkc/25ukraine-briefing-russia-media-tqkc-articleLarge.jpg,400,600,https://static01.nyt.com/images/2023/08/25/multimedia/25ukraine-briefing-russia-media-tqkc/25ukraine-briefing-russia-media-tqkc-thumbStandard.jpg,75,75,Pro-Kremlin figures deride Western reports linking Putin to Prigozhin’s fate.,Pro-Kremlin figures deride Western reports linking Putin to Prigozhin’s fate.
,article,nyt://article/06697fce-e553-5f84-87f9-c764b3e9f711,"[{'name': 'Subject', 'value': 'Russian Invasion of Ukraine (2022)', 'rank': 1}, {'name': 'Organization', 'value': 'Wagner Group', 'rank': 2}, {'name': 'Person', 'value': 'Prigozhin, Yevgeny V', 'rank': 3}, {'name': 'Person', 'value': 'Putin, Vladimir V', 'rank': 4}, {'name': 'Person', 'value': 'Burns, William J', 'rank': 5}, {'name': 'Organization', 'value': 'Central Intelligence Agency', 'rank': 6}, {'name': 'Person', 'value': 'Surovikin, Sergei', 'rank': 7}]",Washington,,,2023-08-23 19:30:02+00:00,World,,The New York Times,Europe,Live Blog Post,nyt://article/06697fce-e553-5f84-87f9-c764b3e9f711,https://www.nytimes.com/live/2023/08/23/world/prigozhin-russia-ukraine-war-news/us-intelligence-officials-say-they-cannot-confirm-reports-of-prigozhins-death,348,By Julian E. Barnes,U.S. intelligence officials say they cannot confirm reports of Prigozhin’s death.,,,"The C.I.A. director, William J. Burns, in Washington in March.",Amanda Andrade-Rhoades/Associated Press,https://static01.nyt.com/images/2023/08/23/multimedia/23ukraine-briefing-us-response-clfw/23ukraine-briefing-us-response-clfw-articleLarge.jpg,400,600,https://static01.nyt.com/images/2023/08/23/multimedia/23ukraine-briefing-us-response-clfw/23ukraine-briefing-us-response-clfw-thumbStandard.jpg,75,75,U.S. intelligence officials say they cannot confirm reports of Prigozhin’s death.,U.S. intelligence officials say they cannot confirm reports of Prigozhin’s death.
"The man was born and raised in Leningrad, now St. Petersburg, but later moved to the United States and became a U.S. citizen, according to Russian media.",article,nyt://article/3f958c08-14be-56e2-a9a2-baa0660f29d2,"[{'name': 'Subject', 'value': 'International Relations', 'rank': 1}, {'name': 'Location', 'value': 'Russia', 'rank': 2}]",Foreign,6.0,A,2023-08-17 20:01:39+00:00,World,"The man was born and raised in Leningrad, now St. Petersburg, but later moved to the United States and became a U.S. citizen, according to Russian media.",The New York Times,Europe,Live Blog Post,nyt://article/3f958c08-14be-56e2-a9a2-baa0660f29d2,https://www.nytimes.com/live/2023/08/17/world/russia-ukraine-news/russian-media-reports-that-a-us-citizen-of-russian-origin-was-taken-into-custody-on-espionage-charges,252,By Gaya Gupta,Russian media reports that a U.S. citizen of Russian origin was taken into custody on espionage charges.,,U.S. Citizen Said to Be Held On Spy Charges in Moscow,,,,0,0,,0,0,Russian media reports that a U.S. citizen of Russian origin was taken into custody on espionage charges.,"Russian media reports that a U.S. citizen of Russian origin was taken into custody on espionage charges. The man was born and raised in Leningrad, now St. Petersburg, but later moved to the United States and became a U.S. citizen, according to Russian media. The man was born and raised in Leningrad, now St. Petersburg, but later moved to the United States and became a U.S. citizen, according to Russian media."
"Britain’s counterterrorism unit arrested the five on suspicion of spying on British intelligence, the authorities said following a BBC report that three of the same people had been accused of spying for Russia.",article,nyt://article/35e49fe0-6531-57b5-b2b9-c65fa17209ec,"[{'name': 'Location', 'value': 'Russia', 'rank': 1}, {'name': 'Location', 'value': 'Great Britain', 'rank': 2}, {'name': 'Location', 'value': 'Bulgaria', 'rank': 3}, {'name': 'Subject', 'value': 'Espionage and Intelligence Services', 'rank': 4}, {'name': 'Organization', 'value': 'Scotland Yard (Metropolitan Police Service)', 'rank': 5}]",Foreign,,,2023-08-15 17:14:15+00:00,World,"Britain’s counterterrorism unit arrested the five on suspicion of spying on British intelligence, the authorities said following a BBC report that three of the same people had been accused of spying for Russia.",The New York Times,Europe,News,nyt://article/35e49fe0-6531-57b5-b2b9-c65fa17209ec,https://www.nytimes.com/2023/08/15/world/europe/uk-spies-arrested-russia.html,319,By Isabella Kwai,U.K. Reveals 5 Espionage Arrests After BBC Reports Russia Link,,,"The Metropolitan Police headquarters in London, formally called New Scotland Yard. ","Andy Rain/EPA, via Shutterstock",https://static01.nyt.com/images/2023/08/15/multimedia/15ukraine-briefing-uk-russia-spies-jhlp/15ukraine-briefing-uk-russia-spies-jhlp-articleLarge.jpg,400,600,https://static01.nyt.com/images/2023/08/15/multimedia/15ukraine-briefing-uk-russia-spies-jhlp/15ukraine-briefing-uk-russia-spies-jhlp-thumbStandard.jpg,75,75,U.K. Reveals 5 Espionage Arrests After BBC Reports Russia Link,"U.K. Reveals 5 Espionage Arrests After BBC Reports Russia Link Britain’s counterterrorism unit arrested the five on suspicion of spying on British intelligence, the authorities said following a BBC report that three of the same people had been accused of spying for Russia. Britain’s counterterrorism unit arrested the five on suspicion of spying on British intelligence, the authorities said following a BBC report that three of the same people had been accused of spying for Russia."
"Reports from news agencies said at least 35 people were killed and 66 hospitalized in Dagestan, but there were no immediate reports of foul play or of a connection to the war in Ukraine.",article,nyt://article/f23d89b6-1230-5a6d-be99-964166d97140,"[{'name': 'Location', 'value': 'Russia', 'rank': 1}, {'name': 'Location', 'value': 'Dagestan (Russia)', 'rank': 2}, {'name': 'Location', 'value': 'Makhachkala (Russia)', 'rank': 3}, {'name': 'Subject', 'value': 'Deaths (Fatalities)', 'rank': 4}, {'name': 'Subject', 'value': 'vis-video', 'rank': 5}]",Foreign,,,2023-08-15 01:42:31+00:00,World,"Reports from news agencies said at least 35 people were killed and 66 hospitalized in Dagestan, but there were no immediate reports of foul play or of a connection to the war in Ukraine.",The New York Times,Europe,News,nyt://article/f23d89b6-1230-5a6d-be99-964166d97140,https://www.nytimes.com/2023/08/14/world/europe/dagestan-russia-gas-station-blast.html,330,By Anton Troianovski,Dozens Reported Dead in Fire at Gas Station in Southern Russia,,,"Emergency responders at the scene of the fire in Makhachkala, in the Dagestan region of Russia, on Monday night.",Russian Emergencies Ministry/Via Reuters,https://static01.nyt.com/images/2023/08/14/multimedia/14Russia-Petrol-Blast-qfpz/14Russia-Petrol-Blast-qfpz-articleLarge.jpg,400,600,https://static01.nyt.com/images/2023/08/14/multimedia/14Russia-Petrol-Blast-qfpz/14Russia-Petrol-Blast-qfpz-thumbStandard.jpg,75,75,Dozens Reported Dead in Fire at Gas Station in Southern Russia,"Dozens Reported Dead in Fire at Gas Station in Southern Russia Reports from news agencies said at least 35 people were killed and 66 hospitalized in Dagestan, but there were no immediate reports of foul play or of a connection to the war in Ukraine. Reports from news agencies said at least 35 people were killed and 66 hospitalized in Dagestan, but there were no immediate reports of foul play or of a connection to the war in Ukraine."
,article,nyt://article/b427f983-22ed-5dee-95e4-2cb504aeda88,"[{'name': 'Subject', 'value': 'Politics and Government', 'rank': 1}, {'name': 'Subject', 'value': 'Economic Conditions and Trends', 'rank': 2}, {'name': 'Subject', 'value': 'Currency', 'rank': 3}, {'name': 'Subject', 'value': 'Russian Invasion of Ukraine (2022)', 'rank': 4}, {'name': 'Subject', 'value': 'Inflation (Economics)', 'rank': 5}, {'name': 'Subject', 'value': 'Gross Domestic Product', 'rank': 6}, {'name': 'Organization', 'value': 'Central Bank of Russia', 'rank': 7}, {'name': 'Person', 'value': 'Mishustin, Mikhail V', 'rank': 8}, {'name': 'Location', 'value': 'Russia', 'rank': 9}]",Foreign,,,2023-08-11 17:27:46+00:00,World,,The New York Times,Europe,Live Blog Post,nyt://article/b427f983-22ed-5dee-95e4-2cb504aeda88,https://www.nytimes.com/live/2023/08/11/world/russia-ukraine-news/russia-reports-that-its-economy-has-returned-to-growth,371,By Valeriya Safronova,Russia reports that its economy has returned to growth.,,,"The Russian central bank in Moscow took measures Thursday to stabilize the falling ruble, amid economic trouble caused by the war against Ukraine.","Yuri Kochetkov/EPA, via Shutterstock",https://static01.nyt.com/images/2023/08/10/multimedia/11Ukraine-briefing-Russia-GDP/11Ukraine-briefing-Russia-GDP-articleLarge.jpg,400,600,https://static01.nyt.com/images/2023/08/10/multimedia/11Ukraine-briefing-Russia-GDP/11Ukraine-briefing-Russia-GDP-thumbStandard.jpg,75,75,Russia reports that its economy has returned to growth.,Russia reports that its economy has returned to growth.
,article,nyt://article/d739208c-0e85-5757-98d2-4f5488374452,[],Foreign,,,2023-08-04 18:25:42+00:00,World,,The New York Times,Europe,Live Blog Post,nyt://article/d739208c-0e85-5757-98d2-4f5488374452,https://www.nytimes.com/live/2023/08/04/world/russia-ukraine-news/the-un-nuclear-watchdog-reports-finding-no-sign-of-explosives-at-the-zaporizhzhia-nuclear-complex,466,By Gaya Gupta,The U.N. nuclear watchdog reports finding no sign of explosives at the Zaporizhzhia nuclear complex.,,,The Zaporizhzhia Nuclear Power Plant in southern Ukraine last month.,Finbarr O'Reilly for The New York Times,https://static01.nyt.com/images/2023/08/04/multimedia/04ukraine-briefing-nuclear-watchdog-vzqm/04ukraine-briefing-nuclear-watchdog-vzqm-articleLarge.jpg,400,600,https://static01.nyt.com/images/2023/08/04/multimedia/04ukraine-briefing-nuclear-watchdog-vzqm/04ukraine-briefing-nuclear-watchdog-vzqm-thumbStandard.jpg,75,75,The U.N. nuclear watchdog reports finding no sign of explosives at the Zaporizhzhia nuclear complex.,The U.N. nuclear watchdog reports finding no sign of explosives at the Zaporizhzhia nuclear complex.
A Russian occupation official in the Zaporizhzhia region said Ukrainian forces newly equipped with Western weapons had begun a significant attack south of the town of Orikhiv.,article,nyt://article/e6250f5c-11cc-5d7e-ab75-01dbf4cb7747,"[{'name': 'Subject', 'value': 'Russian Invasion of Ukraine (2022)', 'rank': 1}, {'name': 'Location', 'value': 'Ukraine', 'rank': 2}, {'name': 'Location', 'value': 'Zaporizhzhia (Ukraine)', 'rank': 3}, {'name': 'Subject', 'value': 'War and Armed Conflicts', 'rank': 4}]",Foreign,,,2023-07-26 12:13:30+00:00,World,A Russian occupation official in the Zaporizhzhia region said Ukrainian forces newly equipped with Western weapons had begun a significant attack south of the town of Orikhiv.,The New York Times,Europe,Live Blog Post,nyt://article/e6250f5c-11cc-5d7e-ab75-01dbf4cb7747,https://www.nytimes.com/live/2023/07/26/world/russia-ukraine-news/russia-ukraine-war-orikhiv-attack,391,By Matthew Mpoke Bigg,A Russian defense official reports a ‘massive’ assault.,,,"A building in Orikhiv, Ukraine, that was hit by a Russian missile last month.",David Guttenfelder for The New York Times,https://static01.nyt.com/images/2023/07/26/multimedia/26ukraine-briefing-battlefield-zlpf/26ukraine-briefing-battlefield-zlpf-articleLarge.jpg,400,600,https://static01.nyt.com/images/2023/07/26/multimedia/26ukraine-briefing-battlefield-zlpf/26ukraine-briefing-battlefield-zlpf-thumbStandard.jpg,75,75,A Russian defense official reports a ‘massive’ assault.,A Russian defense official reports a ‘massive’ assault. A Russian occupation official in the Zaporizhzhia region said Ukrainian forces newly equipped with Western weapons had begun a significant attack south of the town of Orikhiv. A Russian occupation official in the Zaporizhzhia region said Ukrainian forces newly equipped with Western weapons had begun a significant attack south of the town of Orikhiv.
,article,nyt://article/268fd1bc-aa09-5f11-91de-d18d8ce5d8c5,[],Foreign,,,2023-07-25 17:08:18+00:00,World,,The New York Times,Europe,Live Blog Post,nyt://article/268fd1bc-aa09-5f11-91de-d18d8ce5d8c5,https://www.nytimes.com/live/2023/07/26/world/russia-ukraine-news/russian-shelling-killed-a-child-at-play-and-injured-others-in-eastern-ukraine-a-local-official-reports,368,By Matthew Mpoke Bigg,"Russian shelling killed two children at play and injured others in eastern Ukraine, a local official reports.",,,,,,0,0,,0,0,"Russian shelling killed two children at play and injured others in eastern Ukraine, a local official reports.","Russian shelling killed two children at play and injured others in eastern Ukraine, a local official reports."
,article,nyt://article/d284aa28-c705-5d0e-a403-5d5789cf0d02,[],Foreign,,,2023-07-19 20:30:07+00:00,World,,The New York Times,Europe,Live Blog Post,nyt://article/d284aa28-c705-5d0e-a403-5d5789cf0d02,https://www.nytimes.com/live/2023/07/19/world/russia-ukraine-news/russian-authorities-say-a-blast-in-crimea-hit-a-military-base-but-then-call-it-a-landfill,371,By Neil MacFarquhar,The authorities in Crimea report a blast at a military base that closed a major highway.,,,An explosion at a military training ground in Crimea on Wednesday.,"Viktor Korotayev/Kommersant Photo, via Agence France-Presse",https://static01.nyt.com/images/2023/07/19/multimedia/19ukraine-briefing-crimea-fire-topart-pmjc/19ukraine-briefing-crimea-fire-topart-pmjc-articleLarge.jpg,400,600,https://static01.nyt.com/images/2023/07/19/multimedia/19ukraine-briefing-crimea-fire-topart-pmjc/19ukraine-briefing-crimea-fire-topart-pmjc-thumbStandard.jpg,75,75,The authorities in Crimea report a blast at a military base that closed a major highway.,The authorities in Crimea report a blast at a military base that closed a major highway.
,article,nyt://article/6f957380-bea5-503f-9262-c2ecf5e9c421,[],Foreign,,,2023-07-12 19:28:46+00:00,World,,The New York Times,Europe,Live Blog Post,nyt://article/6f957380-bea5-503f-9262-c2ecf5e9c421,https://www.nytimes.com/live/2023/07/12/world/russia-ukraine-news/detainees-in-russian-occupied-areas-of-ukraine-report-high-rates-of-torture-the-un-says,278,By Nick Cumming-Bruce,"Detainees in Russian-occupied areas of Ukraine report high rates of torture, the U.N. says.",,,"Civilians in Siversk, a city north of Bakhmut in the Donetsk province of eastern Ukraine, in March.",Tyler Hicks/The New York Times,https://static01.nyt.com/images/2023/07/12/multimedia/12ukraine-blog-un-human-rights-gvqm/12ukraine-blog-un-human-rights-gvqm-articleLarge.jpg,400,600,https://static01.nyt.com/images/2023/07/12/multimedia/12ukraine-blog-un-human-rights-gvqm/12ukraine-blog-un-human-rights-gvqm-thumbStandard.jpg,75,75,"Detainees in Russian-occupied areas of Ukraine report high rates of torture, the U.N. says.","Detainees in Russian-occupied areas of Ukraine report high rates of torture, the U.N. says."
A report in The Sun newspaper said that an unnamed male presenter at the BBC had paid tens of thousands of pounds to a teenager in exchange for “sexually explicit photographs.”,article,nyt://article/9f61968c-e20a-5a22-b942-6cf5e7d9f8c5,"[{'name': 'Subject', 'value': 'News and News Media', 'rank': 1}, {'name': 'Organization', 'value': 'British Broadcasting Corp', 'rank': 2}, {'name': 'Organization', 'value': 'Sun, The (British Newspaper)', 'rank': 3}, {'name': 'Location', 'value': 'Great Britain', 'rank': 4}, {'name': 'Subject', 'value': 'Child Pornography', 'rank': 5}]",Express,8.0,A,2023-07-09 16:42:26+00:00,World,A report in The Sun newspaper said that an unnamed male presenter at the BBC had paid tens of thousands of pounds to a teenager in exchange for “sexually explicit photographs.”,The New York Times,Europe,News,nyt://article/9f61968c-e20a-5a22-b942-6cf5e7d9f8c5,https://www.nytimes.com/2023/07/09/world/europe/bbc-presenter-suspended-teenager-pictures.html,450,By Chris Cameron,BBC Suspends Male Staff Member After Report of Payments for Sexual Images,,BBC Suspends Staff Member  Amid Sexual Image Scandal,"The BBC, Britain’s public broadcaster, said that the company “became aware of a complaint in May,” and on Sunday it said that a male staff member had been suspended.",Henry Nicholls/Agence France-Presse — Getty Images,https://static01.nyt.com/images/2023/07/09/multimedia/09xp-bbc2-lvzm/09xp-bbc2-lvzm-articleLarge.jpg,400,600,https://static01.nyt.com/images/2023/07/09/multimedia/09xp-bbc2-lvzm/09xp-bbc2-lvzm-thumbStandard.jpg,75,75,BBC Suspends Male Staff Member After Report of Payments for Sexual Images,BBC Suspends Male Staff Member After Report of Payments for Sexual Images A report in The Sun newspaper said that an unnamed male presenter at the BBC had paid tens of thousands of pounds to a teenager in exchange for “sexually explicit photographs.” A report in The Sun newspaper said that an unnamed male presenter at the BBC had paid tens of thousands of pounds to a teenager in exchange for “sexually explicit photographs.”
,article,nyt://article/7c5e1d99-fed9-5367-b097-0fe4d8397d23,[],Foreign,,,2023-06-27 17:31:59+00:00,World,,The New York Times,Europe,Live Blog Post,nyt://article/7c5e1d99-fed9-5367-b097-0fe4d8397d23,https://www.nytimes.com/live/2023/06/27/world/russia-ukraine-news/two-un-reports-document-atrocities-against-civilians-in-ukraine,385,By Gabriela Sá Pessoa,Two U.N. reports document atrocities against civilians in Ukraine.,,,The bodies of a man and a woman were found in a pit at a summer camp used as a base by Russian troops near the village of Novoplatonivka in Ukraine’s Kharkiv region.,Ivor Prickett for The New York Times,https://static01.nyt.com/images/2022/10/09/world/26ukraine-briefing-un-report-01/merlin_214545432_5276a743-6d85-45c0-8e9e-527e95dc59ed-articleLarge.jpg,400,600,https://static01.nyt.com/images/2022/10/09/world/26ukraine-briefing-un-report-01/09ukraine-borova-11-thumbStandard.jpg,75,75,Two U.N. reports document atrocities against civilians in Ukraine.,Two U.N. reports document atrocities against civilians in Ukraine.
"The former prime minister will lose his pass to Parliament, another stinging penalty from the fallout of lockdown-breaking parties during the pandemic.",article,nyt://article/c55e0ec9-dc91-585c-8c87-23696fa599fd,"[{'name': 'Subject', 'value': 'Politics and Government', 'rank': 1}, {'name': 'Subject', 'value': 'Coronavirus (2019-nCoV)', 'rank': 2}, {'name': 'Subject', 'value': 'Polls and Public Opinion', 'rank': 3}, {'name': 'Subject', 'value': 'Legislatures and Parliaments', 'rank': 4}, {'name': 'Organization', 'value': 'Conservative Party (Great Britain)', 'rank': 5}, {'name': 'Person', 'value': 'Johnson, Boris', 'rank': 6}, {'name': 'Person', 'value': 'Sunak, Rishi (1980- )', 'rank': 7}, {'name': 'Location', 'value': 'Great Britain', 'rank': 8}]",Foreign,7.0,A,2023-06-19 11:14:41+00:00,World,"The former prime minister will lose his pass to Parliament, another stinging penalty from the fallout of lockdown-breaking parties during the pandemic.",The New York Times,Europe,News,nyt://article/c55e0ec9-dc91-585c-8c87-23696fa599fd,https://www.nytimes.com/2023/06/19/world/europe/boris-johnson-parliament-uk.html,1348,By Mark Landler and Stephen Castle,Another Blow to Boris Johnson as U.K. Parliament Ratifies Damning Report,,Johnson Is Rebuked By Parliament in Vote On ‘Partygate’ Scandal,"Boris Johnson, pictured in 2021, was Britain’s prime minister during the grimmest days of the pandemic. He quit last year.",Agence France-Presse — Getty Images,https://static01.nyt.com/images/2023/06/19/multimedia/19uk-politics-hmgb/19uk-politics-hmgb-articleLarge.jpg,421,600,https://static01.nyt.com/images/2023/06/19/multimedia/19uk-politics-hmgb/19uk-politics-hmgb-thumbStandard.jpg,75,75,Another Blow to Boris Johnson as U.K. Parliament Ratifies Damning Report,"Another Blow to Boris Johnson as U.K. Parliament Ratifies Damning Report The former prime minister will lose his pass to Parliament, another stinging penalty from the fallout of lockdown-breaking parties during the pandemic. The former prime minister will lose his pass to Parliament, another stinging penalty from the fallout of lockdown-breaking parties during the pandemic."
,article,nyt://article/15bb4421-6e8f-5bcf-870b-259943b3cf9a,[],Foreign,,,2023-06-15 17:47:07+00:00,World,,The New York Times,Europe,Live Blog Post,nyt://article/15bb4421-6e8f-5bcf-870b-259943b3cf9a,https://www.nytimes.com/live/2023/06/15/world/russia-ukraine-news/the-dam-collapse-in-ukraine-flooded-19000-buildings-in-just-four-cities-a-report-says,343,By Gabriela Sá Pessoa,"The dam collapse in Ukraine flooded 19,000 buildings in just four cities, a report says.",,,A flooded area in Kherson after the Nova Kakhovka dam was breached this month.,Daniel Berehulak/The New York Times,https://static01.nyt.com/images/2023/06/15/multimedia/15ukraine-briefing-kakhova-assessment-mwjc/15ukraine-briefing-kakhova-assessment-mwjc-articleLarge.jpg,400,600,https://static01.nyt.com/images/2023/06/15/multimedia/15ukraine-briefing-kakhova-assessment-mwjc/15ukraine-briefing-kakhova-assessment-mwjc-thumbStandard.jpg,75,75,"The dam collapse in Ukraine flooded 19,000 buildings in just four cities, a report says.","The dam collapse in Ukraine flooded 19,000 buildings in just four cities, a report says."
"The report offered a damning verdict on Boris Johnson, the former British prime minister, who quit Parliament last week.",article,nyt://article/f8d53fa2-0596-5523-aea1-4ab56ea00df0,"[{'name': 'Location', 'value': 'Great Britain', 'rank': 1}, {'name': 'Person', 'value': 'Johnson, Boris', 'rank': 2}, {'name': 'Subject', 'value': 'Ethics and Official Misconduct', 'rank': 3}, {'name': 'Subject', 'value': 'Politics and Government', 'rank': 4}, {'name': 'Organization', 'value': 'House of Commons (Great Britain)', 'rank': 5}, {'name': 'Subject', 'value': 'Legislatures and Parliaments', 'rank': 6}, {'name': 'Subject', 'value': 'Coronavirus (2019-nCoV)', 'rank': 7}]",Foreign,10.0,A,2023-06-15 08:11:59+00:00,World,"The report offered a damning verdict on Boris Johnson, the former British prime minister, who quit Parliament last week.",The New York Times,Europe,News,nyt://article/f8d53fa2-0596-5523-aea1-4ab56ea00df0,https://www.nytimes.com/2023/06/15/world/europe/boris-johnson-report-covid-lockdown-parties-uk.html,1239,By Stephen Castle,"Boris Johnson Misled Parliament Over Covid Lockdown Parties, Report Says",,"Johnson Misled Parliament About Parties, Committee Says",Former Prime Minister Boris Johnson of Britain leaving his home in London in March.,Peter Nicholls/Reuters,https://static01.nyt.com/images/2023/05/23/multimedia/14uk-boris/23uk-johnson-1-mcjf-articleLarge.jpg,397,600,https://static01.nyt.com/images/2023/05/23/multimedia/14uk-boris/23uk-johnson-1-mcjf-thumbStandard.jpg,75,75,"Boris Johnson Misled Parliament Over Covid Lockdown Parties, Report Says","Boris Johnson Misled Parliament Over Covid Lockdown Parties, Report Says The report offered a damning verdict on Boris Johnson, the former British prime minister, who quit Parliament last week. The report offered a damning verdict on Boris Johnson, the former British prime minister, who quit Parliament last week."
Turkey wants a tougher stance from Stockholm toward pro-Kurdish activists and members of an outlawed religious group whom Turkey considers terrorists.,article,nyt://article/13d14b2e-6a58-54f2-a9de-3c1772a66714,"[{'name': 'Subject', 'value': 'Russian Invasion of Ukraine (2022)', 'rank': 1}, {'name': 'Organization', 'value': 'North Atlantic Treaty Organization', 'rank': 2}, {'name': 'Location', 'value': 'Turkey', 'rank': 3}, {'name': 'Person', 'value': 'Erdogan, Recep Tayyip', 'rank': 4}, {'name': 'Location', 'value': 'Sweden', 'rank': 5}]",Foreign,,,2023-06-14 06:05:59+00:00,World,Turkey wants a tougher stance from Stockholm toward pro-Kurdish activists and members of an outlawed religious group whom Turkey considers terrorists.,The New York Times,Europe,News,nyt://article/13d14b2e-6a58-54f2-a9de-3c1772a66714,https://www.nytimes.com/2023/06/14/world/europe/erdogan-turkey-sweden-nato.html,522,By Ben Hubbard and Safak Timur,Talks in Turkey on Sweden’s bid to join NATO end with no progress reported.,,,"President Recep Tayyip Erdogan in Ankara, Turkey, the capital, this month.",Burak Kara/Getty Images,https://static01.nyt.com/images/2023/06/13/multimedia/13ukraine-briefing-Turkey-NATO-Wednesday-01-pmqf/13ukraine-briefing-Turkey-NATO-Wednesday-01-pmqf-articleLarge.jpg,400,600,https://static01.nyt.com/images/2023/06/13/multimedia/13ukraine-briefing-Turkey-NATO-Wednesday-01-pmqf/13ukraine-briefing-Turkey-NATO-Wednesday-01-pmqf-thumbStandard.jpg,75,75,Talks in Turkey on Sweden’s bid to join NATO end with no progress reported.,Talks in Turkey on Sweden’s bid to join NATO end with no progress reported. Turkey wants a tougher stance from Stockholm toward pro-Kurdish activists and members of an outlawed religious group whom Turkey considers terrorists. Turkey wants a tougher stance from Stockholm toward pro-Kurdish activists and members of an outlawed religious group whom Turkey considers terrorists.
The findings in the death of Oswaldo Payá contradict the Cuban government’s official version of what happened 11 years ago.,article,nyt://article/2171befb-dfbb-5d5f-a5a7-4d8cd13bb8f9,"[{'name': 'Location', 'value': 'Cuba', 'rank': 1}, {'name': 'Organization', 'value': 'Inter-American Commission on Human Rights', 'rank': 2}, {'name': 'Organization', 'value': 'Kennedy, Robert F, Center for Justice and Human Rights', 'rank': 3}, {'name': 'Subject', 'value': 'Human Rights and Human Rights Violations', 'rank': 4}, {'name': 'Subject', 'value': 'Deaths (Fatalities)', 'rank': 5}, {'name': 'Person', 'value': 'Castro, Raul', 'rank': 6}, {'name': 'Person', 'value': 'Castro, Fidel', 'rank': 7}, {'name': 'Subject', 'value': 'Politics and Government', 'rank': 8}, {'name': 'Person', 'value': 'Paya, Oswaldo', 'rank': 9}, {'name': 'Person', 'value': 'Cepero, Harold', 'rank': 10}, {'name': 'Person', 'value': 'Carromero, Angel', 'rank': 11}]",Foreign,10.0,A,2023-06-13 00:58:18+00:00,World,The findings in the death of Oswaldo Payá contradict the Cuban government’s official version of what happened 11 years ago.,The New York Times,Americas,News,nyt://article/2171befb-dfbb-5d5f-a5a7-4d8cd13bb8f9,https://www.nytimes.com/2023/06/12/world/americas/cuba-oswaldo-paya-death.html,826,By Emiliano Rodríguez Mega and Frances Robles,"Cuban Government Is Responsible for Death of Dissident, Report Says",,Report Blames Cuba for a Dissident’s Death,"Oswaldo Payá in Havana, Cuba, in 2003. He was killed in a suspicious car crash in eastern Cuba that his family and supporters always believed had been caused by the government.",Niurka Barroso/Agence France-Presse &mdash; Getty Images,https://static01.nyt.com/images/2023/06/13/multimedia/12cuba-dissident-report-print-ptbm/12cuba-dissident-report-ptbm-articleLarge.jpg,442,600,https://static01.nyt.com/images/2023/06/13/multimedia/12cuba-dissident-report-print-ptbm/12cuba-dissident-report-ptbm-thumbStandard.jpg,75,75,"Cuban Government Is Responsible for Death of Dissident, Report Says","Cuban Government Is Responsible for Death of Dissident, Report Says The findings in the death of Oswaldo Payá contradict the Cuban government’s official version of what happened 11 years ago. The findings in the death of Oswaldo Payá contradict the Cuban government’s official version of what happened 11 years ago."
"Two female journalists, Niloufar Hamedi and Elaheh Mohammadi, covered some of the first reports of the death of Mahsa Amini in police custody, which ignited nationwide protests against Iran’s clerical rulers.",article,nyt://article/7a88da71-5c32-59fe-9095-85ad4dfd01a1,"[{'name': 'Subject', 'value': 'Political Prisoners', 'rank': 1}, {'name': 'Person', 'value': 'Amini, Mahsa (2000-22)', 'rank': 2}, {'name': 'Location', 'value': 'Iran', 'rank': 3}, {'name': 'Location', 'value': 'Tehran (Iran)', 'rank': 4}, {'name': 'Person', 'value': 'Hamedi, Niloufar', 'rank': 5}, {'name': 'Person', 'value': 'Mohammadi, Elaheh', 'rank': 6}, {'name': 'Subject', 'value': ""Women's Rights"", 'rank': 7}, {'name': 'Subject', 'value': 'News and News Media', 'rank': 8}, {'name': 'Subject', 'value': 'Freedom of the Press', 'rank': 9}, {'name': 'Subject', 'value': 'Censorship', 'rank': 10}]",Foreign,4.0,A,2023-06-11 07:00:20+00:00,World,"Two female journalists, Niloufar Hamedi and Elaheh Mohammadi, covered some of the first reports of the death of Mahsa Amini in police custody, which ignited nationwide protests against Iran’s clerical rulers.",The New York Times,Middle East,News,nyt://article/7a88da71-5c32-59fe-9095-85ad4dfd01a1,https://www.nytimes.com/2023/06/11/world/middleeast/iran-protests-journalists-trial.html,1029,By Vivian Yee and Leily Nikounazar,Their Reports About a Woman’s Death Set Off a Revolt. Iran Put Them on Trial.,,On Trial for Reporting on a Death That Fueled a Revolt,"A photograph posted on social media of the imprisoned Iranian reporters Niloufar Hamedi and Elaheh Mohammadi, who are now on trial.",Christina Assi/Agence France-Presse — Getty Images,https://static01.nyt.com/images/2023/06/08/multimedia/00iran-journalists-plbq/00iran-journalists-plbq-articleLarge.jpg,400,600,https://static01.nyt.com/images/2023/06/08/multimedia/00iran-journalists-plbq/00iran-journalists-plbq-thumbStandard.jpg,75,75,Their Reports About a Woman’s Death Set Off a Revolt. Iran Put Them on Trial.,"Their Reports About a Woman’s Death Set Off a Revolt. Iran Put Them on Trial. Two female journalists, Niloufar Hamedi and Elaheh Mohammadi, covered some of the first reports of the death of Mahsa Amini in police custody, which ignited nationwide protests against Iran’s clerical rulers. Two female journalists, Niloufar Hamedi and Elaheh Mohammadi, covered some of the first reports of the death of Mahsa Amini in police custody, which ignited nationwide protests against Iran’s clerical rulers."
,article,nyt://article/4b15696b-aa36-54e1-90dd-c79a5173d51d,[],Foreign,,,2023-06-09 17:13:51+00:00,World,,The New York Times,Europe,Live Blog Post,nyt://article/4b15696b-aa36-54e1-90dd-c79a5173d51d,https://www.nytimes.com/live/2023/06/09/world/russia-ukraine-news/russia-has-erected-by-far-the-most-fortifications-in-the-zaporizhzhia-region-a-report-finds,459,By Paul Sonne,"Russia erected by far the most fortifications in the Zaporizhzhia region, a report finds.",,,Ukraine’s 110th Territorial Defense Brigade shelling Russian positions near Zaporizhzhia in April.,David Guttenfelder for The New York Times,https://static01.nyt.com/images/2023/06/09/multimedia/09ukraine-briefing-russian-defenses-firing-tvgm/09ukraine-briefing-russian-defenses-firing-tvgm-articleLarge.jpg,400,600,https://static01.nyt.com/images/2023/06/09/multimedia/09ukraine-briefing-russian-defenses-firing-tvgm/09ukraine-briefing-russian-defenses-firing-tvgm-thumbStandard.jpg,75,75,"Russia erected by far the most fortifications in the Zaporizhzhia region, a report finds.","Russia erected by far the most fortifications in the Zaporizhzhia region, a report finds."
,article,nyt://article/4cfaef80-34db-51bf-b6e4-023cc80c6c7a,[],Foreign,,,2023-06-05 12:56:39+00:00,World,,The New York Times,Europe,Live Blog Post,nyt://article/4cfaef80-34db-51bf-b6e4-023cc80c6c7a,https://www.nytimes.com/live/2023/06/05/world/russia-ukraine-news/ukraine-reports-more-fighting-near-bakhmut,455,By Matthew Mpoke Bigg,Ukraine reports more fighting near Bakhmut.,,,Members of the 93rd Mechanized Brigade preparing to fire an 82 millimeter mortar at Russian positions in Bakhmut last month.,Tyler Hicks/The New York Times,https://static01.nyt.com/images/2023/06/05/multimedia/05ukraine-briefing-frontline-klhc/05ukraine-briefing-frontline-klhc-articleLarge.jpg,400,600,https://static01.nyt.com/images/2023/06/05/multimedia/05ukraine-briefing-frontline-klhc/05ukraine-briefing-frontline-klhc-thumbStandard.jpg,75,75,Ukraine reports more fighting near Bakhmut.,Ukraine reports more fighting near Bakhmut.
"Yevgeny V. Prigozhin, the founder of the private military group, dismissed a report from The Washington Post saying that leaked intelligence showed he had offered to share Russian Army positions with Ukraine.",article,nyt://article/02d8458e-3901-50f2-b48b-09f73c4168e7,"[{'name': 'Location', 'value': 'Bakhmut (Ukraine)', 'rank': 1}, {'name': 'Location', 'value': 'Crimea (Ukraine)', 'rank': 2}, {'name': 'Location', 'value': 'Kyiv (Ukraine)', 'rank': 3}, {'name': 'Person', 'value': 'Budanov, Kyrylo', 'rank': 4}, {'name': 'Person', 'value': 'Peskov, Dmitri S', 'rank': 5}, {'name': 'Person', 'value': 'Prigozhin, Yevgeny V', 'rank': 6}, {'name': 'Organization', 'value': 'Wagner Group', 'rank': 7}, {'name': 'Subject', 'value': 'Mercenaries and Private Military Contractors', 'rank': 8}, {'name': 'Subject', 'value': 'Russian Invasion of Ukraine (2022)', 'rank': 9}, {'name': 'Subject', 'value': 'International Relations', 'rank': 10}]",Foreign,,,2023-05-15 16:25:45+00:00,World,"Yevgeny V. Prigozhin, the founder of the private military group, dismissed a report from The Washington Post saying that leaked intelligence showed he had offered to share Russian Army positions with Ukraine.",The New York Times,Europe,News,nyt://article/02d8458e-3901-50f2-b48b-09f73c4168e7,https://www.nytimes.com/2023/05/15/world/europe/wagner-prigozhin-bakhmut.html,351,By Ivan Nechepurenko,The Wagner leader disputes a report that he offered to betray Russia.,,,Ukrainian soldiers in Bakhmut last month.,Mauricio Lima for The New York Times,https://static01.nyt.com/images/2023/04/12/multimedia/15ukraine-briefing-prigozhin/12ukraine-bakhmut-01-gzkf-articleLarge.jpg,400,600,https://static01.nyt.com/images/2023/04/12/multimedia/15ukraine-briefing-prigozhin/12ukraine-bakhmut-01-gzkf-thumbStandard.jpg,75,75,The Wagner leader disputes a report that he offered to betray Russia.,"The Wagner leader disputes a report that he offered to betray Russia. Yevgeny V. Prigozhin, the founder of the private military group, dismissed a report from The Washington Post saying that leaked intelligence showed he had offered to share Russian Army positions with Ukraine. Yevgeny V. Prigozhin, the founder of the private military group, dismissed a report from The Washington Post saying that leaked intelligence showed he had offered to share Russian Army positions with Ukraine."
"Zakhar Prilepin, who himself fought in eastern Ukraine, has long advocated an imperialist foreign policy by Moscow.",article,nyt://article/212925d8-7422-594d-9be0-fab4b6a59b8a,"[{'name': 'Location', 'value': 'Russia', 'rank': 1}, {'name': 'Person', 'value': 'Prilepin, Zakhar', 'rank': 2}, {'name': 'Subject', 'value': 'Writing and Writers', 'rank': 3}, {'name': 'Subject', 'value': 'Nationalism (Theory and Philosophy)', 'rank': 4}, {'name': 'Subject', 'value': 'Assassinations and Attempted Assassinations', 'rank': 5}, {'name': 'Subject', 'value': 'Bombs and Explosives', 'rank': 6}, {'name': 'Subject', 'value': 'Russian Invasion of Ukraine (2022)', 'rank': 7}, {'name': 'Person', 'value': 'Putin, Vladimir V', 'rank': 8}, {'name': 'Subject', 'value': 'Politics and Government', 'rank': 9}, {'name': 'Location', 'value': 'Ukraine', 'rank': 10}]",Foreign,6.0,A,2023-05-06 10:58:56+00:00,World,"Zakhar Prilepin, who himself fought in eastern Ukraine, has long advocated an imperialist foreign policy by Moscow.",The New York Times,Europe,News,nyt://article/212925d8-7422-594d-9be0-fab4b6a59b8a,https://www.nytimes.com/2023/05/06/world/europe/russia-prilepin-bombing.html,1132,By Neil MacFarquhar and Anton Troianovski,"Car Bombing Injures Prominent Russian Nationalist Writer, State Media Reports",,Car Bombing Said to Target Russian Writer,Zakhar Prilepin in 2012.,Jeff Pachoud/Agence France-Presse — Getty Images,https://static01.nyt.com/images/2023/05/06/multimedia/06russia-bombing-prilepin-01-chgj/06russia-bombing-prilepin-01-chgj-articleLarge.jpg,399,600,https://static01.nyt.com/images/2023/05/06/multimedia/06russia-bombing-prilepin-01-chgj/06russia-bombing-prilepin-01-chgj-thumbStandard-v2.jpg,75,75,"Car Bombing Injures Prominent Russian Nationalist Writer, State Media Reports","Car Bombing Injures Prominent Russian Nationalist Writer, State Media Reports Zakhar Prilepin, who himself fought in eastern Ukraine, has long advocated an imperialist foreign policy by Moscow. Zakhar Prilepin, who himself fought in eastern Ukraine, has long advocated an imperialist foreign policy by Moscow."
The Ukrainian president has long urged that Vladimir Putin and others be held to account under international law.,article,nyt://article/309123dd-0d1e-55f8-aecc-344247f3b0a1,"[{'name': 'Subject', 'value': 'Russian Invasion of Ukraine (2022)', 'rank': 1}, {'name': 'Person', 'value': 'Zelensky, Volodymyr', 'rank': 2}, {'name': 'Location', 'value': 'Hague (Netherlands)', 'rank': 3}, {'name': 'Organization', 'value': 'International Criminal Court', 'rank': 4}, {'name': 'Location', 'value': 'Netherlands', 'rank': 5}, {'name': 'Person', 'value': 'Rutte, Mark', 'rank': 6}]",Foreign,,,2023-05-03 21:45:51+00:00,World,The Ukrainian president has long urged that Vladimir Putin and others be held to account under international law.,The New York Times,Europe,News,nyt://article/309123dd-0d1e-55f8-aecc-344247f3b0a1,https://www.nytimes.com/2023/05/03/world/europe/zelensky-hague-netherlands.html,366,By Claire Moses,"Zelensky arrives in the Netherlands for an address at The Hague, Dutch media reports.",,,President Volodymyr Zelensky of Ukraine is in the Netherlands to make an address at The Hague on Thursday.,"Heikki Saukkomaa/Lehtikuva, via Associated Press",https://static01.nyt.com/images/2023/05/03/multimedia/03ukraine-briefing-zelensky-hague-topart-gfjl/03ukraine-briefing-zelensky-hague-topart-gfjl-articleLarge.jpg,400,600,https://static01.nyt.com/images/2023/05/03/multimedia/03ukraine-briefing-zelensky-hague-topart-gfjl/03ukraine-briefing-zelensky-hague-topart-gfjl-thumbStandard.jpg,75,75,"Zelensky arrives in the Netherlands for an address at The Hague, Dutch media reports.","Zelensky arrives in the Netherlands for an address at The Hague, Dutch media reports. The Ukrainian president has long urged that Vladimir Putin and others be held to account under international law. The Ukrainian president has long urged that Vladimir Putin and others be held to account under international law."
,article,nyt://article/a9bcb436-7719-59c4-834a-51ff1690228a,[],Foreign,,,2023-05-03 05:38:33+00:00,World,,The New York Times,Europe,Live Blog Post,nyt://article/a9bcb436-7719-59c4-834a-51ff1690228a,https://www.nytimes.com/live/2023/05/03/world/russia-ukraine-kremlin-drone-news/zelensky-says-white-house-didnt-inform-him-of-intelligence-leak-ahead-of-news-reports,383,By Victoria Kim,Zelensky says the White House didn’t inform him of the intelligence leak ahead of news reports.,,,President Volodymyr Zelensky talking with servicemen during a visit to the front line last month.,Ukrainian Presidential Press Service,https://static01.nyt.com/images/2023/05/03/multimedia/03ukraine-briefing-zelensky-cqhf/03ukraine-briefing-zelensky-cqhf-articleLarge.jpg,400,600,https://static01.nyt.com/images/2023/05/03/multimedia/03ukraine-briefing-zelensky-cqhf/03ukraine-briefing-zelensky-cqhf-thumbStandard.jpg,75,75,Zelensky says the White House didn’t inform him of the intelligence leak ahead of news reports.,Zelensky says the White House didn’t inform him of the intelligence leak ahead of news reports.
"An explosion on Tuesday in Bryansk, along Ukraine’s northern border, sent a locomotive and about 20 train cars off the rails, local authorities said.",article,nyt://article/2ea83ec3-e02a-57ae-90a5-d637e08abbab,"[{'name': 'Subject', 'value': 'Railroads', 'rank': 1}, {'name': 'Subject', 'value': 'Russian Invasion of Ukraine (2022)', 'rank': 2}, {'name': 'Location', 'value': 'Bryansk (Russia)', 'rank': 3}, {'name': 'Location', 'value': 'Moscow (Russia)', 'rank': 4}, {'name': 'Location', 'value': 'Russia', 'rank': 5}, {'name': 'Location', 'value': 'Ukraine', 'rank': 6}]",Foreign,,,2023-05-02 21:52:34+00:00,World,"An explosion on Tuesday in Bryansk, along Ukraine’s northern border, sent a locomotive and about 20 train cars off the rails, local authorities said.",The New York Times,Europe,News,nyt://article/2ea83ec3-e02a-57ae-90a5-d637e08abbab,https://www.nytimes.com/2023/05/02/world/europe/russia-train-derailment-ukraine.html,404,By Neil MacFarquhar,A second train derailment in two days is reported in a Russian border area.,,,,Kirill Kudryavtsev/Agence France-Presse — Getty Images,https://static01.nyt.com/images/2023/05/02/multimedia/02ukraine-briefing-bryansk-derailment-promo-lfgm/02ukraine-briefing-bryansk-derailment-promo-lfgm-articleLarge.jpg,400,600,https://static01.nyt.com/images/2023/05/02/multimedia/02ukraine-briefing-bryansk-derailment-promo-lfgm/02ukraine-briefing-bryansk-derailment-promo-lfgm-thumbStandard.jpg,75,75,A second train derailment in two days is reported in a Russian border area.,"A second train derailment in two days is reported in a Russian border area. An explosion on Tuesday in Bryansk, along Ukraine’s northern border, sent a locomotive and about 20 train cars off the rails, local authorities said. An explosion on Tuesday in Bryansk, along Ukraine’s northern border, sent a locomotive and about 20 train cars off the rails, local authorities said."
"The attacks follow a weekend of explosions deep behind Russian lines. A Ukrainian official said the depot fire is part of preparations for “the broad, full-scale offensive that everyone expects” Ukraine to launch soon.",article,nyt://article/9ac7b526-49c0-570b-a5ee-5ad97c0fdb77,"[{'name': 'Subject', 'value': 'Russian Invasion of Ukraine (2022)', 'rank': 1}, {'name': 'Location', 'value': 'Kyiv (Ukraine)', 'rank': 2}, {'name': 'Subject', 'value': 'Assaults', 'rank': 3}, {'name': 'Location', 'value': 'Russia', 'rank': 4}, {'name': 'Location', 'value': 'Ukraine', 'rank': 5}, {'name': 'Subject', 'value': 'vis-video', 'rank': 6}]",Foreign,,,2023-05-01 03:14:15+00:00,World,"The attacks follow a weekend of explosions deep behind Russian lines. A Ukrainian official said the depot fire is part of preparations for “the broad, full-scale offensive that everyone expects” Ukraine to launch soon.",The New York Times,Europe,Live Blog Post,nyt://article/9ac7b526-49c0-570b-a5ee-5ad97c0fdb77,https://www.nytimes.com/live/2023/05/01/world/russia-ukraine-news/explosions-kyiv-russia,736,By Marc Santora and Malachy Browne,Both sides report attacks before an expected Ukrainian counteroffensive.,,,"A residential area hit by a Russian military strike in Pavlograd, Ukraine, on Monday.",Sofiia Gatilova/Reuters,https://static01.nyt.com/images/2023/05/01/multimedia/01ukraine-briefing-attack-01-kcwz/01ukraine-briefing-attack-01-kcwz-articleLarge.jpg,400,600,https://static01.nyt.com/images/2023/05/01/multimedia/01ukraine-briefing-attack-01-kcwz/01ukraine-briefing-attack-01-kcwz-thumbStandard.jpg,75,75,Both sides report attacks before an expected Ukrainian counteroffensive.,"Both sides report attacks before an expected Ukrainian counteroffensive. The attacks follow a weekend of explosions deep behind Russian lines. A Ukrainian official said the depot fire is part of preparations for “the broad, full-scale offensive that everyone expects” Ukraine to launch soon. The attacks follow a weekend of explosions deep behind Russian lines. A Ukrainian official said the depot fire is part of preparations for “the broad, full-scale offensive that everyone expects” Ukraine to launch soon."
The rights group commissioned an independent review of its August accusation that Ukrainian forces illegally put civilians in harm’s way.,article,nyt://article/e33b78bf-714d-50e4-8ca5-86199cad7b24,[],Foreign,,,2023-04-28 10:50:56+00:00,World,The rights group commissioned an independent review of its August accusation that Ukrainian forces illegally put civilians in harm’s way.,The New York Times,Europe,Live Blog Post,nyt://article/e33b78bf-714d-50e4-8ca5-86199cad7b24,https://www.nytimes.com/live/2023/04/28/world/russia-ukraine-news/an-unreleased-report-finds-faults-in-amnesty-internationals-criticism-of-ukraine,332,By Charlie Savage,An unreleased report finds faults in Amnesty International’s criticism of Ukraine.,,,"Ukrainian forces in a school bombed by Russian forces in the Mykolaiv region of Ukraine, in August.",Daniel Berehulak for The New York Times,https://static01.nyt.com/images/2023/04/27/multimedia/28ukraine-briefing-amnesty-VERSION/27dc-amnesty-mbzk-articleLarge.jpg,400,600,https://static01.nyt.com/images/2023/04/27/multimedia/28ukraine-briefing-amnesty-VERSION/27dc-amnesty-mbzk-thumbStandard.jpg,75,75,An unreleased report finds faults in Amnesty International’s criticism of Ukraine.,An unreleased report finds faults in Amnesty International’s criticism of Ukraine. The rights group commissioned an independent review of its August accusation that Ukrainian forces illegally put civilians in harm’s way. The rights group commissioned an independent review of its August accusation that Ukrainian forces illegally put civilians in harm’s way.
"Another reporter was hospitalized in the city of Kherson and described the attack to the paper, La Repubblica.",article,nyt://article/ae7d2704-0d85-56c6-8d33-6b5ee3dc38ca,"[{'name': 'Subject', 'value': 'Russian Invasion of Ukraine (2022)', 'rank': 1}, {'name': 'Organization', 'value': 'La Repubblica', 'rank': 2}, {'name': 'Organization', 'value': 'Committee to Protect Journalists', 'rank': 3}, {'name': 'Subject', 'value': 'War and Armed Conflicts', 'rank': 4}, {'name': 'Location', 'value': 'Kherson (Ukraine)', 'rank': 5}]",Foreign,,,2023-04-26 19:44:05+00:00,World,"Another reporter was hospitalized in the city of Kherson and described the attack to the paper, La Repubblica.",The New York Times,Europe,News,nyt://article/ae7d2704-0d85-56c6-8d33-6b5ee3dc38ca,https://www.nytimes.com/2023/04/26/world/europe/journalist-killed-ukraine-italian-newspaper.html,334,By Marc Santora,"A reporting team for an Italian newspaper comes under fire in southern Ukraine, and one journalist is killed.",,,,Ivor Prickett for The New York Times,https://static01.nyt.com/images/2023/04/26/multimedia/26ukraine-briefing-italian-journalist-sniper-promo-chtf/26ukraine-briefing-italian-journalist-sniper-promo-chtf-articleLarge.jpg,400,600,https://static01.nyt.com/images/2023/04/26/multimedia/26ukraine-briefing-italian-journalist-sniper-promo-chtf/26ukraine-briefing-italian-journalist-sniper-promo-chtf-thumbStandard.jpg,75,75,"A reporting team for an Italian newspaper comes under fire in southern Ukraine, and one journalist is killed.","A reporting team for an Italian newspaper comes under fire in southern Ukraine, and one journalist is killed. Another reporter was hospitalized in the city of Kherson and described the attack to the paper, La Repubblica. Another reporter was hospitalized in the city of Kherson and described the attack to the paper, La Repubblica."
,article,nyt://article/5b7baff8-8ee4-572a-8bd4-8037196ef160,"[{'name': 'Subject', 'value': 'Russian Invasion of Ukraine (2022)', 'rank': 1}, {'name': 'Organization', 'value': 'United Nations', 'rank': 2}, {'name': 'Person', 'value': 'Guterres, Antonio', 'rank': 3}]",Foreign,,,2023-04-19 00:31:08+00:00,World,,The New York Times,Americas,Live Blog Post,nyt://article/5b7baff8-8ee4-572a-8bd4-8037196ef160,https://www.nytimes.com/live/2023/04/19/world/russia-ukraine-news/guterres-leak,459,By Farnaz Fassihi,The U.N. complains about reported American spying on its top official.,,,"The U.N. secretary general, António Guterres, in New York in September.",Dave Sanders for The New York Times,https://static01.nyt.com/images/2022/09/20/world/18ukraine-briefing-guterres-leak/merlin_213502728_a508f150-a22e-442c-8c50-6320bfbea510-articleLarge.jpg,400,600,https://static01.nyt.com/images/2022/09/20/world/18ukraine-briefing-guterres-leak/merlin_213502728_a508f150-a22e-442c-8c50-6320bfbea510-thumbStandard.jpg,75,75,The U.N. complains about reported American spying on its top official.,The U.N. complains about reported American spying on its top official.
,article,nyt://article/9046e288-bb3c-54be-8693-a40a69d38b81,[],Washington,,,2023-04-14 13:00:06+00:00,World,,The New York Times,,Live Blog Post,nyt://article/9046e288-bb3c-54be-8693-a40a69d38b81,https://www.nytimes.com/live/2023/04/14/world/russia-ukraine-news/a-new-report-offers-insight-into-russias-approach-to-fighting-in-space,396,By Julian E. Barnes,A new report offers insight into Russia’s approach to fighting in space.,,,"Ukrainian drone footage analysts near Bakhmut, Ukraine, in January. Russia has used extensive jamming of GPS signals during the war to interfere with drone operations.",Nicole Tung for The New York Times,https://static01.nyt.com/images/2023/03/03/multimedia/14ukraine-briefing-space-01/03ukraine-bakhmut-explainer-02-tbzl-articleLarge.jpg,400,600,https://static01.nyt.com/images/2023/03/03/multimedia/14ukraine-briefing-space-01/03ukraine-bakhmut-explainer-02-tbzl-thumbStandard.jpg,75,75,A new report offers insight into Russia’s approach to fighting in space.,A new report offers insight into Russia’s approach to fighting in space.
"The two countries had found common ground in opposing “perceived U.S. efforts to expand influence in Latin America,” according to an intelligence update based on C.I.A. intercepts.",article,nyt://article/2d5dc4a0-5e4f-52ec-8197-021b926ebc18,"[{'name': 'Subject', 'value': 'International Relations', 'rank': 1}, {'name': 'Subject', 'value': 'Defense and Military Forces', 'rank': 2}, {'name': 'Location', 'value': 'Iran', 'rank': 3}, {'name': 'Location', 'value': 'Nicaragua', 'rank': 4}, {'name': 'Location', 'value': 'Latin America', 'rank': 5}, {'name': 'Subject', 'value': 'United States International Relations', 'rank': 6}, {'name': 'Person', 'value': 'Ortega, Daniel', 'rank': 7}, {'name': 'Person', 'value': 'Amir Abdollahian, Hossein', 'rank': 8}]",Foreign,,,2023-04-13 20:31:27+00:00,World,"The two countries had found common ground in opposing “perceived U.S. efforts to expand influence in Latin America,” according to an intelligence update based on C.I.A. intercepts.",The New York Times,Middle East,News,nyt://article/2d5dc4a0-5e4f-52ec-8197-021b926ebc18,https://www.nytimes.com/2023/04/13/world/middleeast/iran-nicaragua-military-cooperation.html,618,By Vivian Yee,"Iran and Nicaragua Discussed Military Cooperation, Leaked Report Says",,,"The Iranian foreign minister, Hossein Amir Abdollahian, left, greeting his Nicaraguan counterpart, Denis Moncada, in Tehran in December. Their two countries share grudges against the United States.",Vahid Salemi/Associated Press,https://static01.nyt.com/images/2023/04/13/multimedia/13iran-nicaragua-lbzh/13iran-nicaragua-lbzh-articleLarge.jpg,400,600,https://static01.nyt.com/images/2023/04/13/multimedia/13iran-nicaragua-lbzh/13iran-nicaragua-lbzh-thumbStandard.jpg,75,75,"Iran and Nicaragua Discussed Military Cooperation, Leaked Report Says","Iran and Nicaragua Discussed Military Cooperation, Leaked Report Says The two countries had found common ground in opposing “perceived U.S. efforts to expand influence in Latin America,” according to an intelligence update based on C.I.A. intercepts. The two countries had found common ground in opposing “perceived U.S. efforts to expand influence in Latin America,” according to an intelligence update based on C.I.A. intercepts."
"Aleksei Moskalyov, a single father, escaped house arrest in Russia after he was charged with “discrediting” the Russian Army over the war in Ukraine.",article,nyt://article/507df6d1-18cc-5034-9256-863b7de270e1,"[{'name': 'Subject', 'value': 'Russian Invasion of Ukraine (2022)', 'rank': 1}, {'name': 'Subject', 'value': 'Child Custody and Support', 'rank': 2}, {'name': 'Subject', 'value': 'Extradition', 'rank': 3}, {'name': 'Location', 'value': 'Belarus', 'rank': 4}, {'name': 'Location', 'value': 'Russia', 'rank': 5}, {'name': 'Person', 'value': 'Moskalyov, Aleksei', 'rank': 6}]",Foreign,,,2023-04-13 11:35:20+00:00,World,"Aleksei Moskalyov, a single father, escaped house arrest in Russia after he was charged with “discrediting” the Russian Army over the war in Ukraine.",The New York Times,Europe,News,nyt://article/507df6d1-18cc-5034-9256-863b7de270e1,https://www.nytimes.com/2023/04/13/world/europe/belarus-russia-extradition-anti-war-picture.html,355,By Ivan Nechepurenko,"Belarus extradites a Russian father convicted after his daughter drew an antiwar picture, state news media reports.",,,"Aleksei Moskalyov in a Russian courtroom in March. His case has attracted international attention, in part because it has thrown custody of his daughter into question.",Associated Press,https://static01.nyt.com/images/2023/03/28/multimedia/13ukraine-briefing-moskalyov-01/28russia-child-01-ktpg-articleLarge.jpg,400,600,https://static01.nyt.com/images/2023/03/28/multimedia/13ukraine-briefing-moskalyov-01/28russia-child-01-ktpg-thumbStandard.jpg,75,75,"Belarus extradites a Russian father convicted after his daughter drew an antiwar picture, state news media reports.","Belarus extradites a Russian father convicted after his daughter drew an antiwar picture, state news media reports. Aleksei Moskalyov, a single father, escaped house arrest in Russia after he was charged with “discrediting” the Russian Army over the war in Ukraine. Aleksei Moskalyov, a single father, escaped house arrest in Russia after he was charged with “discrediting” the Russian Army over the war in Ukraine."
"The Washington Post said the document describes an Egyptian plan to secretly produce rockets, artillery rounds and gunpowder for Russia.",article,nyt://article/16cd39cb-7cb8-593d-907c-92c3624bcdab,"[{'name': 'Subject', 'value': 'Classified Information and State Secrets', 'rank': 1}, {'name': 'Organization', 'value': 'Washington Post', 'rank': 2}, {'name': 'Organization', 'value': 'Defense Department', 'rank': 3}, {'name': 'Location', 'value': 'Russia', 'rank': 4}, {'name': 'Subject', 'value': 'Russian Invasion of Ukraine (2022)', 'rank': 5}, {'name': 'Location', 'value': 'United Arab Emirates', 'rank': 6}, {'name': 'Subject', 'value': 'US Intelligence Documents Leak (2023)', 'rank': 7}]",Foreign,,,2023-04-11 17:12:57+00:00,World,"The Washington Post said the document describes an Egyptian plan to secretly produce rockets, artillery rounds and gunpowder for Russia.",The New York Times,Europe,News,nyt://article/16cd39cb-7cb8-593d-907c-92c3624bcdab,https://www.nytimes.com/2023/04/11/world/europe/egypt-russia-leaked-pentagon-documents.html,437,By Vivian Yee and Vivian Nereim,Egypt rejects a report that a leaked Pentagon document outlines its plan to ship arms to Russia.,,,President Abdel Fattah el-Sisi of Egypt in Washington in December.,Pool photo by Mandel Ngan,https://static01.nyt.com/images/2023/04/11/multimedia/11ukraine-briefing-russia-mideast-leaks-02-ztkc/11ukraine-briefing-russia-mideast-leaks-02-ztkc-articleLarge.jpg,400,600,https://static01.nyt.com/images/2023/04/11/multimedia/11ukraine-briefing-russia-mideast-leaks-02-ztkc/11ukraine-briefing-russia-mideast-leaks-02-ztkc-thumbStandard.jpg,75,75,Egypt rejects a report that a leaked Pentagon document outlines its plan to ship arms to Russia.,"Egypt rejects a report that a leaked Pentagon document outlines its plan to ship arms to Russia. The Washington Post said the document describes an Egyptian plan to secretly produce rockets, artillery rounds and gunpowder for Russia. The Washington Post said the document describes an Egyptian plan to secretly produce rockets, artillery rounds and gunpowder for Russia."
"Evan Gershkovich, who works for The Wall Street Journal, knew the risks of reporting in Russia but felt a deep connection to the country, his friends said.",article,nyt://article/6dd9db07-53a6-5150-82e7-db594a17c284,[],Foreign,,,2023-04-05 17:38:56+00:00,World,"Evan Gershkovich, who works for The Wall Street Journal, knew the risks of reporting in Russia but felt a deep connection to the country, his friends said.",The New York Times,Europe,Live Blog Post,nyt://article/6dd9db07-53a6-5150-82e7-db594a17c284,https://www.nytimes.com/live/2023/04/05/world/russia-ukraine-news/the-journalist-detained-by-russia-was-reporting-stories-that-needed-to-be-told,214,By Katie Robertson,The journalist detained by Russia was reporting stories that ‘needed to be told.’,,,"Evan Gershkovich, a Wall Street Journal reporter, was arrested in Russia in March. A fellow reporter said they frequently discussed the risks they faced in covering the country.",Dimitar Dilkoff/Agence France-Presse — Getty Images,https://static01.nyt.com/images/2023/04/01/multimedia/03ukraine-briefing-gershkovich-profile-VERSION/00GERSHKOVICH-lkvf-articleLarge.jpg,450,600,https://static01.nyt.com/images/2023/04/01/multimedia/03ukraine-briefing-gershkovich-profile-VERSION/00GERSHKOVICH-lkvf-thumbStandard.jpg,75,75,The journalist detained by Russia was reporting stories that ‘needed to be told.’,"The journalist detained by Russia was reporting stories that ‘needed to be told.’ Evan Gershkovich, who works for The Wall Street Journal, knew the risks of reporting in Russia but felt a deep connection to the country, his friends said. Evan Gershkovich, who works for The Wall Street Journal, knew the risks of reporting in Russia but felt a deep connection to the country, his friends said."
,article,nyt://article/3e12927a-a0b3-5343-9302-e592f2d71299,[],Foreign,,,2023-03-29 09:54:43+00:00,World,,The New York Times,Europe,Live Blog Post,nyt://article/3e12927a-a0b3-5343-9302-e592f2d71299,https://www.nytimes.com/live/2023/03/29/world/russia-ukraine-news/explosions-are-reported-in-melitopol-an-occupied-city-ukraine-hopes-to-recapture,346,By Daniel Victor and Victoria Kim,"Explosions are reported in Melitopol, an occupied city Ukraine hopes to recapture.",,,The site of a car bomb explosion in Melitopol in October.,Agence France-Presse — Getty Images,https://static01.nyt.com/images/2022/12/13/multimedia/29ukraine-briefing-melitopol/13ukraine-briefing-melitopol-1-253e-articleLarge.jpg,379,600,https://static01.nyt.com/images/2022/12/13/multimedia/29ukraine-briefing-melitopol/13ukraine-briefing-melitopol-1-253e-thumbStandard.jpg,75,75,"Explosions are reported in Melitopol, an occupied city Ukraine hopes to recapture.","Explosions are reported in Melitopol, an occupied city Ukraine hopes to recapture."
,article,nyt://article/788e90ba-88f7-59cd-8e8e-917e9d971d92,[],Foreign,,,2023-03-23 15:14:26+00:00,World,,The New York Times,Europe,Live Blog Post,nyt://article/788e90ba-88f7-59cd-8e8e-917e9d971d92,https://www.nytimes.com/live/2023/03/23/world/russia-ukraine-news/healthcare-services-in-ukraine-are-being-destroyed-a-report-from-doctors-without-borders-finds,530,By Daniel Victor,"Health care services in Ukraine are being destroyed, a report from Doctors Without Borders finds.",,,Medical services have been severely disrupted all across Ukraine since Russia began its invasion in February 2022.,Lynsey Addario for The New York Times,https://static01.nyt.com/images/2023/03/23/multimedia/23ukraine-briefing-medical-disruption-topart-fmkv/23ukraine-briefing-medical-disruption-topart-fmkv-articleLarge.jpg,400,600,https://static01.nyt.com/images/2023/03/23/multimedia/23ukraine-briefing-medical-disruption-topart-fmkv/23ukraine-briefing-medical-disruption-topart-fmkv-thumbStandard.jpg,75,75,"Health care services in Ukraine are being destroyed, a report from Doctors Without Borders finds.","Health care services in Ukraine are being destroyed, a report from Doctors Without Borders finds."
,article,nyt://article/b6eda8b9-852f-56dd-a7a9-b2069379faf1,[],Foreign,,,2023-03-22 08:12:01+00:00,World,,The New York Times,Europe,Live Blog Post,nyt://article/b6eda8b9-852f-56dd-a7a9-b2069379faf1,https://www.nytimes.com/live/2023/03/22/world/russia-ukraine-news/russia-says-it-destroyed-drones-in-black-sea-city,607,By Marc Santora,The Russian authorities in Crimea report a drone attack for a second straight day.,,,A satellite image showing the Black Sea port of Sevastopol in Crimea last year. The Russian authorities claimed on Wednesday that drones had targeted the area for the second straight day.,"Maxar Technologies, via Shutterstock",https://static01.nyt.com/images/2023/03/22/multimedia/22ukraine-briefing-crimea-mvcj/22ukraine-briefing-crimea-mvcj-articleLarge.jpg,518,600,https://static01.nyt.com/images/2023/03/22/multimedia/22ukraine-briefing-crimea-mvcj/22ukraine-briefing-crimea-mvcj-thumbStandard.jpg,75,75,The Russian authorities in Crimea report a drone attack for a second straight day.,The Russian authorities in Crimea report a drone attack for a second straight day.
"The report, ordered up after the murder of Sarah Everard by a London police officer in 2021, denounced the culture within Britain’s largest police force and called for change.",article,nyt://article/887c05c7-7005-55af-a109-f4185707e9d1,"[{'name': 'Subject', 'value': 'Discrimination', 'rank': 1}, {'name': 'Subject', 'value': 'Police', 'rank': 2}, {'name': 'Organization', 'value': 'Scotland Yard (Metropolitan Police Service)', 'rank': 3}, {'name': 'Person', 'value': 'Everard, Sarah', 'rank': 4}, {'name': 'Location', 'value': 'London (England)', 'rank': 5}, {'name': 'Person', 'value': 'Carrick, David (London, England, Police Officer)', 'rank': 6}, {'name': 'Location', 'value': 'Great Britain', 'rank': 7}, {'name': 'Person', 'value': 'Casey, Louise (1965- )', 'rank': 8}]",Foreign,10.0,A,2023-03-21 08:43:45+00:00,World,"The report, ordered up after the murder of Sarah Everard by a London police officer in 2021, denounced the culture within Britain’s largest police force and called for change.",The New York Times,Europe,News,nyt://article/887c05c7-7005-55af-a109-f4185707e9d1,https://www.nytimes.com/2023/03/21/world/europe/london-met-police-report.html,1141,By Megan Specia,Damning Report Finds London Police Force Is Sexist and Racist,,"Damning Report Finds London Police Force Is Sexist, Racist and Homophobic","Louise Casey, center, was appointed to conduct an independent review into the standards of behavior and the internal culture of the London Metropolitan Police Service.",Pool photo by Kirsty O'Connor,https://static01.nyt.com/images/2023/03/21/multimedia/21uk-police-vgbk/21uk-police-vgbk-articleLarge.jpg,400,600,https://static01.nyt.com/images/2023/03/21/multimedia/21uk-police-vgbk/21uk-police-vgbk-thumbStandard.jpg,75,75,Damning Report Finds London Police Force Is Sexist and Racist,"Damning Report Finds London Police Force Is Sexist and Racist The report, ordered up after the murder of Sarah Everard by a London police officer in 2021, denounced the culture within Britain’s largest police force and called for change. The report, ordered up after the murder of Sarah Everard by a London police officer in 2021, denounced the culture within Britain’s largest police force and called for change."
"Defense Minister Boris Pistorius said Germany was waiting for further investigations, after reports in The New York Times and other news outlets.",article,nyt://article/9dee05fd-8043-5855-b225-7d0d0f7ecca4,"[{'name': 'Person', 'value': 'Pistorius, Boris', 'rank': 1}, {'name': 'Organization', 'value': 'Nord Stream AG', 'rank': 2}, {'name': 'Location', 'value': 'Germany', 'rank': 3}, {'name': 'Subject', 'value': 'Russian Invasion of Ukraine (2022)', 'rank': 4}, {'name': 'Location', 'value': 'Russia', 'rank': 5}, {'name': 'Location', 'value': 'Ukraine', 'rank': 6}]",Foreign,,,2023-03-08 14:35:31+00:00,World,"Defense Minister Boris Pistorius said Germany was waiting for further investigations, after reports in The New York Times and other news outlets.",The New York Times,Europe,News,nyt://article/9dee05fd-8043-5855-b225-7d0d0f7ecca4,https://www.nytimes.com/2023/03/08/world/europe/nord-stream-pipeline-ukraine-germany.html,456,By Christopher F. Schuetze,Germany treads a careful line over reports that a pro-Ukrainian group sabotaged the Nord Stream pipeline.,,,"This photo released by the Danish military in September shows gas bubbles from the Nord Stream 2 leak reaching the surface of the Baltic Sea, near the Danish island of Bornholm.","Danish Defense Ministry, via Reuters",https://static01.nyt.com/images/2023/03/06/multimedia/08ukraine-briefing-nordstream/06dc-pipeline-2-01-bpgt-articleLarge.jpg,363,600,https://static01.nyt.com/images/2023/03/06/multimedia/08ukraine-briefing-nordstream/06dc-pipeline-2-01-bpgt-thumbStandard.jpg,75,75,Germany treads a careful line over reports that a pro-Ukrainian group sabotaged the Nord Stream pipeline.,"Germany treads a careful line over reports that a pro-Ukrainian group sabotaged the Nord Stream pipeline. Defense Minister Boris Pistorius said Germany was waiting for further investigations, after reports in The New York Times and other news outlets. Defense Minister Boris Pistorius said Germany was waiting for further investigations, after reports in The New York Times and other news outlets."
,article,nyt://article/ba0fe8b1-7368-5464-902e-2efff48aafc1,[],Foreign,,,2023-03-02 16:34:37+00:00,World,,The New York Times,Europe,Live Blog Post,nyt://article/ba0fe8b1-7368-5464-902e-2efff48aafc1,https://www.nytimes.com/live/2023/03/02/world/russia-ukraine-g20-news/residents-of-russian-occupied-crimean-report-a-series-of-explosions,354,By Matthew Mpoke Bigg,Residents of Russian-occupied Crimea report a series of explosions.,,,A man walks past a monument to a Soviet military airplane in the Crimean village of Okhotnykove on Thursday.,Alexey Pavlishak/Reuters,https://static01.nyt.com/images/2023/03/02/multimedia/02ukraine-briefing-crimea-topart-qgth/02ukraine-briefing-crimea-topart-qgth-articleLarge.jpg,400,600,https://static01.nyt.com/images/2023/03/02/multimedia/02ukraine-briefing-crimea-topart-qgth/02ukraine-briefing-crimea-topart-qgth-thumbStandard.jpg,75,75,Residents of Russian-occupied Crimea report a series of explosions.,Residents of Russian-occupied Crimea report a series of explosions.
"An independent review found that China, Russia and Iran tried to interfere in the 2019 and 2021 votes, but that the elections’ integrity was not compromised.",article,nyt://article/b0864392-a185-5e71-bcbb-e5abae4d75bd,"[{'name': 'Location', 'value': 'Canada', 'rank': 1}, {'name': 'Subject', 'value': 'Elections', 'rank': 2}, {'name': 'Location', 'value': 'China', 'rank': 3}, {'name': 'Person', 'value': 'Trudeau, Justin', 'rank': 4}, {'name': 'Organization', 'value': 'Communist Party of China', 'rank': 5}, {'name': 'Organization', 'value': 'Conservative Party (Canada)', 'rank': 6}, {'name': 'Organization', 'value': 'Global Times', 'rank': 7}, {'name': 'Organization', 'value': 'Globe & Mail', 'rank': 8}, {'name': 'Organization', 'value': 'Liberal Party (Canada)', 'rank': 9}, {'name': 'Subject', 'value': 'Canadian Federal Election (2019)', 'rank': 10}]",Foreign,,,2023-03-01 03:12:40+00:00,World,"An independent review found that China, Russia and Iran tried to interfere in the 2019 and 2021 votes, but that the elections’ integrity was not compromised.",The New York Times,Canada,News,nyt://article/b0864392-a185-5e71-bcbb-e5abae4d75bd,https://www.nytimes.com/2023/02/28/world/canada/canada-elections-foreign-interference.html,570,By Ian Austen,"Foreign Efforts to Subvert Canada’s Last 2 Elections Failed, Report Says",,,"Prime Minister Justin Trudeau of Canada campaigning in Burnaby, British Columbia, in 2021. A report says China, Russia and Iran tried to influence the election that year.",Carlos Osorio/Reuters,https://static01.nyt.com/images/2023/03/28/multimedia/28canada-vote-jtvk/28canada-vote-jtvk-articleLarge.jpg,400,600,https://static01.nyt.com/images/2023/03/28/multimedia/28canada-vote-jtvk/28canada-vote-jtvk-thumbStandard.jpg,75,75,"Foreign Efforts to Subvert Canada’s Last 2 Elections Failed, Report Says","Foreign Efforts to Subvert Canada’s Last 2 Elections Failed, Report Says An independent review found that China, Russia and Iran tried to interfere in the 2019 and 2021 votes, but that the elections’ integrity was not compromised. An independent review found that China, Russia and Iran tried to interfere in the 2019 and 2021 votes, but that the elections’ integrity was not compromised."
"Officials said at least five civilians were killed in the attacks, as President Vladimir V. Putin repeated his claim that the war is part of a U.S.-led effort to destroy Russia.",article,nyt://article/731a650e-a38b-579c-b617-bc8f62ec038a,"[{'name': 'Location', 'value': 'Ukraine', 'rank': 1}, {'name': 'Subject', 'value': 'Russian Invasion of Ukraine (2022)', 'rank': 2}, {'name': 'Location', 'value': 'Russia', 'rank': 3}, {'name': 'Person', 'value': 'Putin, Vladimir V', 'rank': 4}, {'name': 'Location', 'value': 'Donetsk (Ukraine)', 'rank': 5}, {'name': 'Location', 'value': 'Kherson (Ukraine)', 'rank': 6}, {'name': 'Subject', 'value': 'Defense and Military Forces', 'rank': 7}]",Foreign,5.0,A,2023-02-26 10:58:49+00:00,World,"Officials said at least five civilians were killed in the attacks, as President Vladimir V. Putin repeated his claim that the war is part of a U.S.-led effort to destroy Russia.",The New York Times,Europe,News,nyt://article/731a650e-a38b-579c-b617-bc8f62ec038a,https://www.nytimes.com/2023/02/26/world/europe/ukraine-russia-strikes.html,1236,By Matthew Mpoke Bigg and Anton Troianovski,Deadly Russian Artillery Strikes Reported in Ukraine’s East and South,,Deadly Russian Artillery Strikes Reported in Ukraine’s East and South,Ukrainian soldiers in the Donbas region of the country firing a howitzer at enemy positions earlier this month.,Tyler Hicks/The New York Times,https://static01.nyt.com/images/2023/02/26/multimedia/26ukraine-ledeall01sub-pjzv/26ukraine-ledeall01sub-pjzv-articleLarge.jpg,400,600,https://static01.nyt.com/images/2023/02/26/multimedia/26ukraine-ledeall01sub-pjzv/26ukraine-ledeall01sub-pjzv-thumbStandard.jpg,75,75,Deadly Russian Artillery Strikes Reported in Ukraine’s East and South,"Deadly Russian Artillery Strikes Reported in Ukraine’s East and South Officials said at least five civilians were killed in the attacks, as President Vladimir V. Putin repeated his claim that the war is part of a U.S.-led effort to destroy Russia. Officials said at least five civilians were killed in the attacks, as President Vladimir V. Putin repeated his claim that the war is part of a U.S.-led effort to destroy Russia."
"Attributed in Syria to Israel, the strike appeared to be the latest episode of a long-running conflict between Israel and Iranian proxies.",article,nyt://article/e79800f5-e08d-5db5-be9b-7ed35404ae49,"[{'name': 'Location', 'value': 'Damascus (Syria)', 'rank': 1}, {'name': 'Location', 'value': 'Israel', 'rank': 2}, {'name': 'Subject', 'value': 'Turkey Earthquake (Feb 6, 2023)', 'rank': 3}, {'name': 'Subject', 'value': 'Defense and Military Forces', 'rank': 4}, {'name': 'Subject', 'value': 'International Relations', 'rank': 5}, {'name': 'Organization', 'value': 'Syrian Observatory for Human Rights', 'rank': 6}]",Foreign,5.0,A,2023-02-19 02:29:39+00:00,World,"Attributed in Syria to Israel, the strike appeared to be the latest episode of a long-running conflict between Israel and Iranian proxies.",The New York Times,Middle East,News,nyt://article/e79800f5-e08d-5db5-be9b-7ed35404ae49,https://www.nytimes.com/2023/02/18/world/middleeast/damascus-syria-airstrikes.html,630,By Patrick Kingsley,Syrian State Media Reports a Deadly Strike in Damascus,,Syrian State Media Reports Deadly Strike in Damascus,"Syrian security forces members inspecting a building damaged in a missile strike on Sunday in Damascus, Syria.",Louai Beshara/Agence France-Presse — Getty Images,https://static01.nyt.com/images/2023/02/19/multimedia/19syria-airstrikes3-zpkq/19syria-airstrikes3-zpkq-articleLarge.jpg,400,600,https://static01.nyt.com/images/2023/02/19/multimedia/19syria-airstrikes3-zpkq/19syria-airstrikes3-zpkq-thumbStandard.jpg,75,75,Syrian State Media Reports a Deadly Strike in Damascus,"Syrian State Media Reports a Deadly Strike in Damascus Attributed in Syria to Israel, the strike appeared to be the latest episode of a long-running conflict between Israel and Iranian proxies. Attributed in Syria to Israel, the strike appeared to be the latest episode of a long-running conflict between Israel and Iranian proxies."
A report by the International Institute for Strategic Studies said Russia’s tank and artillery fleets had suffered “significant attrition” in the war.,article,nyt://article/11838398-da91-5262-8d5b-9f6b43751165,"[{'name': 'Subject', 'value': 'War and Armed Conflicts', 'rank': 1}, {'name': 'Subject', 'value': 'Russian Invasion of Ukraine (2022)', 'rank': 2}, {'name': 'Subject', 'value': 'Defense and Military Forces', 'rank': 3}, {'name': 'Location', 'value': 'Russia', 'rank': 4}]",Foreign,,,2023-02-16 09:22:55+00:00,World,A report by the International Institute for Strategic Studies said Russia’s tank and artillery fleets had suffered “significant attrition” in the war.,The New York Times,Europe,News,nyt://article/11838398-da91-5262-8d5b-9f6b43751165,https://www.nytimes.com/2023/02/16/world/europe/russia-tanks-ukraine-war.html,420,By Carly Olson,"Russia lost about half of its tanks since invading Ukraine, a new report says.",,,"A destroyed Russian tank on the side of the road near in Oskil, Ukraine, last year.",Nicole Tung for The New York Times,https://static01.nyt.com/images/2023/02/16/multimedia/16ukraine-briefing-tanks-02-htwf/16ukraine-briefing-tanks-02-htwf-articleLarge.jpg,400,600,https://static01.nyt.com/images/2023/02/16/multimedia/16ukraine-briefing-tanks-02-htwf/16ukraine-briefing-tanks-02-htwf-thumbStandard.jpg,75,75,"Russia lost about half of its tanks since invading Ukraine, a new report says.","Russia lost about half of its tanks since invading Ukraine, a new report says. A report by the International Institute for Strategic Studies said Russia’s tank and artillery fleets had suffered “significant attrition” in the war. A report by the International Institute for Strategic Studies said Russia’s tank and artillery fleets had suffered “significant attrition” in the war."
"Children as young as four months old are being held in “integration programs” designed to Russify them, according to researchers.",article,nyt://article/e0fb31de-9399-50c8-b058-5a26960e705d,"[{'name': 'Subject', 'value': 'Russian Invasion of Ukraine (2022)', 'rank': 1}, {'name': 'Subject', 'value': 'War Crimes, Genocide and Crimes Against Humanity', 'rank': 2}, {'name': 'Location', 'value': 'Russia', 'rank': 3}, {'name': 'Subject', 'value': 'Children and Childhood', 'rank': 4}, {'name': 'Location', 'value': 'Ukraine', 'rank': 5}]",Foreign,,,2023-02-15 13:02:04+00:00,World,"Children as young as four months old are being held in “integration programs” designed to Russify them, according to researchers.",The New York Times,Europe,News,nyt://article/e0fb31de-9399-50c8-b058-5a26960e705d,https://www.nytimes.com/2023/02/15/world/europe/russia-ukraine-children-camps.html,417,By Carly Olson,"Russia has relocated 6,000 Ukrainian children to camps in Russian territory, a report finds.",,,,,,0,0,,0,0,"Russia has relocated 6,000 Ukrainian children to camps in Russian territory, a report finds.","Russia has relocated 6,000 Ukrainian children to camps in Russian territory, a report finds. Children as young as four months old are being held in “integration programs” designed to Russify them, according to researchers. Children as young as four months old are being held in “integration programs” designed to Russify them, according to researchers."
"It was unclear whether Mr. Atsu, a Ghanaian national, was still trapped underneath the rubble in Hatay Province, Turkey, or whether he had been removed but could not be located in the region’s overwhelmed hospitals.",article,nyt://article/35270cbf-1bf3-53fa-b44b-358ae0c4fb42,"[{'name': 'Subject', 'value': 'Turkey Earthquake (Feb 6, 2023)', 'rank': 1}, {'name': 'Location', 'value': 'Hatay Province (Turkey)', 'rank': 2}, {'name': 'Person', 'value': 'Atsu, Christian (1992- )', 'rank': 3}]",Foreign,,,2023-02-08 23:22:04+00:00,World,"It was unclear whether Mr. Atsu, a Ghanaian national, was still trapped underneath the rubble in Hatay Province, Turkey, or whether he had been removed but could not be located in the region’s overwhelmed hospitals.",The New York Times,Europe,News,nyt://article/35270cbf-1bf3-53fa-b44b-358ae0c4fb42,https://www.nytimes.com/2023/02/08/world/europe/christian-atsu-missing-turkey-earthquake.html,336,By Anushka Patil,"Soccer Player Christian Atsu Remains Missing in Turkey Despite Earlier Reports, Team Officials Say",,,"Christian Atsu in Newcastle, England, in 2020.",Scott Heppell/Reuters,https://static01.nyt.com/images/2023/02/08/multimedia/08turkey-quake-christian-atsu02-qkpw/08turkey-quake-christian-atsu02-qkpw-articleLarge.jpg,400,600,https://static01.nyt.com/images/2023/02/08/multimedia/08turkey-quake-christian-atsu02-qkpw/08turkey-quake-christian-atsu02-qkpw-thumbStandard-v2.jpg,75,75,"Soccer Player Christian Atsu Remains Missing in Turkey Despite Earlier Reports, Team Officials Say","Soccer Player Christian Atsu Remains Missing in Turkey Despite Earlier Reports, Team Officials Say It was unclear whether Mr. Atsu, a Ghanaian national, was still trapped underneath the rubble in Hatay Province, Turkey, or whether he had been removed but could not be located in the region’s overwhelmed hospitals. It was unclear whether Mr. Atsu, a Ghanaian national, was still trapped underneath the rubble in Hatay Province, Turkey, or whether he had been removed but could not be located in the region’s overwhelmed hospitals."
,article,nyt://article/9b289b85-792e-5d00-a1ef-c737be0943e2,[],Foreign,,,2023-02-06 11:39:06+00:00,World,,The New York Times,Europe,Live Blog Post,nyt://article/9b289b85-792e-5d00-a1ef-c737be0943e2,https://www.nytimes.com/live/2023/02/06/world/russia-ukraine-news/the-ukrainian-military-reports-attacks-at-dozens-of-points-across-the-eastern-front,641,By Marc Santora,The Ukrainian military reports attacks at dozens of points across the eastern front.,,,"Ukrainian soldiers walking past a crater in front of a high-rise building on Sunday, a day after a missile attack in Druzhkivka, in eastern Ukraine.",Lynsey Addario for The New York Times,https://static01.nyt.com/images/2023/02/05/multimedia/06ukraine-briefing-fighting-new/05ukraine-ledeall1-pbml-articleLarge.jpg,400,600,https://static01.nyt.com/images/2023/02/05/multimedia/06ukraine-briefing-fighting-new/05ukraine-ledeall1-pbml-thumbStandard.jpg,75,75,The Ukrainian military reports attacks at dozens of points across the eastern front.,The Ukrainian military reports attacks at dozens of points across the eastern front.
,article,nyt://article/05a831df-7c74-53c8-9b0f-000e87bec38e,"[{'name': 'Subject', 'value': 'Russian Invasion of Ukraine (2022)', 'rank': 1}, {'name': 'Organization', 'value': 'Human Rights Watch', 'rank': 2}, {'name': 'Subject', 'value': 'War Crimes, Genocide and Crimes Against Humanity', 'rank': 3}, {'name': 'Location', 'value': 'Izium (Ukraine)', 'rank': 4}]",Foreign,,,2023-02-01 00:13:39+00:00,World,,The New York Times,Europe,Live Blog Post,nyt://article/05a831df-7c74-53c8-9b0f-000e87bec38e,https://www.nytimes.com/live/2023/01/31/world/russia-ukraine-news/ukraine-used-land-mines-in-the-formerly-occupied-city-of-izium-a-new-report-claims,598,By Carly Olson,"Ukraine used banned land mines in the formerly occupied city of Izium, a new report claims.",,,"A land mine warning sign next to a road in Izium, Ukraine, in September.",Juan Barreto/Agence France-Presse — Getty Images,https://static01.nyt.com/images/2023/01/31/lens/31ukraine-briefing-landmines-03-copy/31ukraine-briefing-landmines-01-articleLarge.jpg,400,600,https://static01.nyt.com/images/2023/01/31/lens/31ukraine-briefing-landmines-03-copy/31ukraine-briefing-landmines-01-thumbStandard.jpg,75,75,"Ukraine used banned land mines in the formerly occupied city of Izium, a new report claims.","Ukraine used banned land mines in the formerly occupied city of Izium, a new report claims."
The unexpected disclosure was made as the country faces mounting criticism for providing unreliable data on its latest coronavirus outbreak.,article,nyt://article/4c2b4086-fed2-53f1-bf51-c20327b14839,"[{'name': 'Location', 'value': 'China', 'rank': 1}, {'name': 'Subject', 'value': 'Coronavirus (2019-nCoV)', 'rank': 2}, {'name': 'Subject', 'value': 'Deaths (Fatalities)', 'rank': 3}, {'name': 'Subject', 'value': 'Disease Rates', 'rank': 4}, {'name': 'Subject', 'value': 'Tests (Medical)', 'rank': 5}, {'name': 'Subject', 'value': 'Demonstrations, Protests and Riots', 'rank': 6}, {'name': 'Subject', 'value': 'Quarantines', 'rank': 7}, {'name': 'Person', 'value': 'Xi Jinping', 'rank': 8}, {'name': 'Subject', 'value': 'Politics and Government', 'rank': 9}]",Foreign,9.0,A,2023-01-14 13:52:11+00:00,World,The unexpected disclosure was made as the country faces mounting criticism for providing unreliable data on its latest coronavirus outbreak.,The New York Times,Asia Pacific,News,nyt://article/4c2b4086-fed2-53f1-bf51-c20327b14839,https://www.nytimes.com/2023/01/14/world/asia/china-60000-covid-deaths.html,825,By David Pierson and Olivia Wang,"China Reports Nearly 60,000 Covid-Linked Deaths Since Lifting Restrictions",,"China Reports 60,000 Deaths Tied to Covid",A hospital in Shanghai this month. There have been widespread scenes of overflowing hospitals in the country in recent weeks.,Qilai Shen for The New York Times,https://static01.nyt.com/images/2023/02/14/multimedia/14china-covid-sub-mbtg/14china-covid-sub-mbtg-articleLarge.jpg,400,600,https://static01.nyt.com/images/2023/02/14/multimedia/14china-covid-sub-mbtg/14china-covid-sub-mbtg-thumbStandard.jpg,75,75,"China Reports Nearly 60,000 Covid-Linked Deaths Since Lifting Restrictions","China Reports Nearly 60,000 Covid-Linked Deaths Since Lifting Restrictions The unexpected disclosure was made as the country faces mounting criticism for providing unreliable data on its latest coronavirus outbreak. The unexpected disclosure was made as the country faces mounting criticism for providing unreliable data on its latest coronavirus outbreak."
"Yevgeny Prigozhin, the head of the Wagner paramilitary group, is seen in a video congratulating men for completing their military contracts.",article,nyt://article/b58d6d60-8f7d-54ee-936f-286acfe2d129,"[{'name': 'Person', 'value': 'Prigozhin, Yevgeny V', 'rank': 1}, {'name': 'Organization', 'value': 'Wagner Group', 'rank': 2}, {'name': 'Subject', 'value': 'Russian Invasion of Ukraine (2022)', 'rank': 3}, {'name': 'Subject', 'value': 'Mercenaries and Private Military Contractors', 'rank': 4}, {'name': 'Location', 'value': 'Russia', 'rank': 5}, {'name': 'Subject', 'value': 'War and Armed Conflicts', 'rank': 6}]",Foreign,,,2023-01-05 14:05:14+00:00,World,"Yevgeny Prigozhin, the head of the Wagner paramilitary group, is seen in a video congratulating men for completing their military contracts.",The New York Times,Europe,News,nyt://article/b58d6d60-8f7d-54ee-936f-286acfe2d129,https://www.nytimes.com/2023/01/05/world/europe/russia-pardon-prisoners-ukraine-wagner.html,498,By Anatoly Kurmanaev and Alina Lobzina,"Russia issues the first pardons to prisoners who fought in Ukraine, state media reports.",,,"A pro-military poster near the Wagner Group’s headquarters in St. Petersburg, Russia, in November.",Olga Maltseva/Agence France-Presse — Getty Images,https://static01.nyt.com/images/2023/01/05/multimedia/05ukraine-briefing-wagner-1-7507/05ukraine-briefing-wagner-1-7507-articleLarge.jpg,399,600,https://static01.nyt.com/images/2023/01/05/multimedia/05ukraine-briefing-wagner-1-7507/05ukraine-briefing-wagner-1-7507-thumbStandard.jpg,75,75,"Russia issues the first pardons to prisoners who fought in Ukraine, state media reports.","Russia issues the first pardons to prisoners who fought in Ukraine, state media reports. Yevgeny Prigozhin, the head of the Wagner paramilitary group, is seen in a video congratulating men for completing their military contracts. Yevgeny Prigozhin, the head of the Wagner paramilitary group, is seen in a video congratulating men for completing their military contracts."
"“He knocked me to the floor,” Harry recounts of the alleged assault by Prince William, according to The Guardian, which said it had obtained a copy of Harry’s coming book.",article,nyt://article/696bc086-62e1-581c-9b7d-6b1477b3e706,"[{'name': 'Subject', 'value': 'Royal Families', 'rank': 1}, {'name': 'Subject', 'value': 'Documentary Films and Programs', 'rank': 2}, {'name': 'Subject', 'value': 'Books and Literature', 'rank': 3}, {'name': 'Subject', 'value': 'Assaults', 'rank': 4}, {'name': 'Organization', 'value': 'Buckingham Palace', 'rank': 5}, {'name': 'Organization', 'value': 'Guardian (British Newspaper)', 'rank': 6}, {'name': 'Organization', 'value': 'Penguin Random House', 'rank': 7}, {'name': 'Location', 'value': 'Great Britain', 'rank': 8}]",Foreign,5.0,A,2023-01-05 12:19:06+00:00,World,"“He knocked me to the floor,” Harry recounts of the alleged assault by Prince William, according to The Guardian, which said it had obtained a copy of Harry’s coming book.",The New York Times,Europe,News,nyt://article/696bc086-62e1-581c-9b7d-6b1477b3e706,https://www.nytimes.com/2023/01/05/world/europe/prince-harry-book-william-fight.html,953,By Mark Landler,"Prince Harry Writes of Physical Attack by His Brother, According to Report",,Prince Harry Writes of Attack by His Brother,"The princes and their wives in Windsor, England, in September. Prince Harry, second from left, said that he had been attacked by his brother, William, right, during a furious argument over Harry’s marriage to Meghan Markle, left.",Mary Turner for The New York Times,https://static01.nyt.com/images/2023/01/05/multimedia/05uk-harry-1-da6e/05uk-harry-1-da6e-articleLarge.jpg,400,600,https://static01.nyt.com/images/2023/01/05/multimedia/05uk-harry-1-da6e/05uk-harry-1-da6e-thumbStandard.jpg,75,75,"Prince Harry Writes of Physical Attack by His Brother, According to Report","Prince Harry Writes of Physical Attack by His Brother, According to Report “He knocked me to the floor,” Harry recounts of the alleged assault by Prince William, according to The Guardian, which said it had obtained a copy of Harry’s coming book. “He knocked me to the floor,” Harry recounts of the alleged assault by Prince William, according to The Guardian, which said it had obtained a copy of Harry’s coming book."
,article,nyt://article/86e1f7bf-8b27-5a52-af08-a83e8bec7374,[],Foreign,,,2023-12-26 13:13:19+00:00,World,,The New York Times,Middle East,Live Blog Post,nyt://article/86e1f7bf-8b27-5a52-af08-a83e8bec7374,https://www.nytimes.com/live/2023/12/26/world/israel-hamas-war-gaza-news/a-netanyahu-adviser-heads-to-dc-after-the-israeli-leader-pledged-to-deepen-the-war,723,By Isabel Kershner,Dermer is to meet with the secretary of state and Biden’s national security adviser.,,,"Ron Dermer, a former Israeli ambassador to the United States, is part of Israel’s five-member war cabinet.","Abir Sultan/EPA, via Shutterstock",https://static01.nyt.com/images/2023/12/14/multimedia/26israel-hamas-dermer-dc/14israel-cabinet-hftz-articleLarge.jpg,400,600,https://static01.nyt.com/images/2023/12/14/multimedia/26israel-hamas-dermer-dc/14israel-cabinet-hftz-thumbStandard.jpg,75,75,Dermer is to meet with the secretary of state and Biden’s national security adviser.,Dermer is to meet with the secretary of state and Biden’s national security adviser.
"The sit-in shut down Poland’s main public news station, a possible harbinger of battles to come as the party voted out of power tries to keep its grip on state institutions.",article,nyt://article/3c787c88-cd4a-5d80-94e1-227fc3092ca4,"[{'name': 'Location', 'value': 'Poland', 'rank': 1}, {'name': 'Subject', 'value': 'Demonstrations, Protests and Riots', 'rank': 2}, {'name': 'Subject', 'value': 'Public Broadcasting', 'rank': 3}, {'name': 'Location', 'value': 'Warsaw (Poland)', 'rank': 4}, {'name': 'Subject', 'value': 'News and News Media', 'rank': 5}, {'name': 'Subject', 'value': 'Politics and Government', 'rank': 6}, {'name': 'Subject', 'value': 'Propaganda', 'rank': 7}, {'name': 'Subject', 'value': 'Legislatures and Parliaments', 'rank': 8}, {'name': 'Organization', 'value': 'Law and Justice (Poland)', 'rank': 9}, {'name': 'Organization', 'value': 'TVP (Polish Television)', 'rank': 10}, {'name': 'Person', 'value': 'Kaczynski, Jaroslaw', 'rank': 11}, {'name': 'Person', 'value': 'Tusk, Donald', 'rank': 12}, {'name': 'Subject', 'value': 'Elections', 'rank': 13}]",Foreign,10.0,A,2023-12-20 21:46:07+00:00,World,"The sit-in shut down Poland’s main public news station, a possible harbinger of battles to come as the party voted out of power tries to keep its grip on state institutions.",The New York Times,Europe,News,nyt://article/3c787c88-cd4a-5d80-94e1-227fc3092ca4,https://www.nytimes.com/2023/12/20/world/europe/poland-state-tv-protest.html,1038,By Andrew Higgins,"Refusing to Accept Loss of Power, Polish Right Occupies State TV",,Polish Right Stages a Sit-In And Shuts Down State TV,"Police officers in front of the public broadcasting headquarters on Wednesday in Warsaw, where members of the ousted former government staged a sit-in to prevent new managers from taking over.","Kalbar/EPA, via Shutterstock",https://static01.nyt.com/images/2023/12/20/multimedia/20poland-tv-vjwt/20poland-tv-vjwt-articleLarge.jpg,400,600,https://static01.nyt.com/images/2023/12/20/multimedia/20poland-tv-vjwt/20poland-tv-vjwt-thumbStandard.jpg,75,75,"Refusing to Accept Loss of Power, Polish Right Occupies State TV","Refusing to Accept Loss of Power, Polish Right Occupies State TV The sit-in shut down Poland’s main public news station, a possible harbinger of battles to come as the party voted out of power tries to keep its grip on state institutions. The sit-in shut down Poland’s main public news station, a possible harbinger of battles to come as the party voted out of power tries to keep its grip on state institutions."
"It is the first time the Biden administration has declared an emergency to expedite arms shipments to the Middle East, which are controversial because of the civilian death toll from Israeli airstrikes.",article,nyt://article/973651b5-7bc9-5b07-8369-e766c8f5ea8f,[],Foreign,,,2023-12-09 22:25:21+00:00,World,"It is the first time the Biden administration has declared an emergency to expedite arms shipments to the Middle East, which are controversial because of the civilian death toll from Israeli airstrikes.",The New York Times,Middle East,Live Blog Post,nyt://article/973651b5-7bc9-5b07-8369-e766c8f5ea8f,https://www.nytimes.com/live/2023/12/09/world/israel-hamas-war-gaza-news/state-department-bypasses-congress-to-approve-israels-order-for-tank-ammunition,324,By Edward Wong,State Department bypasses Congress to approve Israel’s order for tank ammunition.,,,Israeli soldiers working on their tank near the border with Gaza on Friday.,Amir Cohen/Reuters,https://static01.nyt.com/images/2023/12/09/multimedia/09israel-hamas-ammunition-gfck/09israel-hamas-ammunition-gfck-articleLarge-v3.jpg,400,600,https://static01.nyt.com/images/2023/12/09/multimedia/09israel-hamas-ammunition-gfck/09israel-hamas-ammunition-gfck-thumbStandard-v2.jpg,75,75,State Department bypasses Congress to approve Israel’s order for tank ammunition.,"State Department bypasses Congress to approve Israel’s order for tank ammunition. It is the first time the Biden administration has declared an emergency to expedite arms shipments to the Middle East, which are controversial because of the civilian death toll from Israeli airstrikes. It is the first time the Biden administration has declared an emergency to expedite arms shipments to the Middle East, which are controversial because of the civilian death toll from Israeli airstrikes."
Plus Israel’s campaign in Gaza.,article,nyt://article/c8f7813e-18cc-5ad4-88b5-6ea9e4269536,"[{'name': 'Location', 'value': 'Far East, South and Southeast Asia and Pacific Areas', 'rank': 1}]",NYTNow,,,2023-12-03 20:45:35+00:00,World,Plus Israel’s campaign in Gaza.,The New York Times,Asia Pacific,briefing,nyt://article/c8f7813e-18cc-5ad4-88b5-6ea9e4269536,https://www.nytimes.com/2023/12/03/world/asia/modi-india-state-bjp-gaza.html,1103,By Amelia Nierenberg,Monday Briefing: Big State Victories for Modi,,,"Shivraj Singh Chouhan, the chief minister of Madhya Pradesh and a B.J.P. member, greeted supporters yesterday. ",Gagan Nayar/Agence France-Presse — Getty Images,https://static01.nyt.com/images/2023/12/03/multimedia/03india-elections-01-cwqv-mofinl/03india-elections-01-cwqv-mofinl-articleLarge.jpg,600,600,https://static01.nyt.com/images/2023/12/03/multimedia/03india-elections-01-cwqv-mofinl/03india-elections-01-cwqv-thumbStandard.jpg,75,75,Monday Briefing: Big State Victories for Modi,Monday Briefing: Big State Victories for Modi Plus Israel’s campaign in Gaza. Plus Israel’s campaign in Gaza.
"Results of voting for the governments of four Indian states showed gains for Mr. Modi’s ruling party, putting him in a strong position ahead of general elections in the spring.",article,nyt://article/5dfa03a9-3cf6-55e7-b071-824e53566665,"[{'name': 'Subject', 'value': 'Politics and Government', 'rank': 1}, {'name': 'Subject', 'value': 'Hinduism', 'rank': 2}, {'name': 'Subject', 'value': 'Elections', 'rank': 3}, {'name': 'Organization', 'value': 'Bharatiya Janata Party', 'rank': 4}, {'name': 'Organization', 'value': 'Indian National Congress', 'rank': 5}, {'name': 'Person', 'value': 'Modi, Narendra', 'rank': 6}, {'name': 'Person', 'value': 'Gandhi, Rahul', 'rank': 7}, {'name': 'Location', 'value': 'Madhya Pradesh (India)', 'rank': 8}, {'name': 'Location', 'value': 'Uttar Pradesh State (India)', 'rank': 9}, {'name': 'Location', 'value': 'India', 'rank': 10}]",Foreign,6.0,A,2023-12-03 14:50:35+00:00,World,"Results of voting for the governments of four Indian states showed gains for Mr. Modi’s ruling party, putting him in a strong position ahead of general elections in the spring.",The New York Times,Asia Pacific,News,nyt://article/5dfa03a9-3cf6-55e7-b071-824e53566665,https://www.nytimes.com/2023/12/03/world/asia/india-state-elections-modi.html,1091,By Mujib Mashal and Hari Kumar,"With Big State Victories, Modi Expands His Dominance in India",,"With Big State Victories, Modi’s Ruling Party Expands Dominance in India","Shivraj Singh Chouhan, the chief minister of the Indian state of Madhya Pradesh and a member of the Bharatiya Janata Party, is greeted by supporters in Bhopal, India, on Sunday.",Gagan Nayar/Agence France-Presse — Getty Images,https://static01.nyt.com/images/2023/12/03/multimedia/03india-elections-01-cwqv/03india-elections-01-cwqv-articleLarge.jpg,400,600,https://static01.nyt.com/images/2023/12/03/multimedia/03india-elections-01-cwqv/03india-elections-01-cwqv-thumbStandard.jpg,75,75,"With Big State Victories, Modi Expands His Dominance in India","With Big State Victories, Modi Expands His Dominance in India Results of voting for the governments of four Indian states showed gains for Mr. Modi’s ruling party, putting him in a strong position ahead of general elections in the spring. Results of voting for the governments of four Indian states showed gains for Mr. Modi’s ruling party, putting him in a strong position ahead of general elections in the spring."
President Biden emphasized that the Israeli-Palestinian conflict will not end without a two-state solution.,article,nyt://article/bc1a86c5-5f40-5afa-9511-b0820e4e1b18,"[{'name': 'Subject', 'value': 'Israel-Gaza War (2023- )', 'rank': 1}, {'name': 'Person', 'value': 'Biden, Joseph R Jr', 'rank': 2}, {'name': 'Location', 'value': 'Israel', 'rank': 3}, {'name': 'Location', 'value': 'Gaza Strip', 'rank': 4}, {'name': 'Organization', 'value': 'Hamas', 'rank': 5}]",Washington,,,2023-11-16 03:36:07+00:00,World,President Biden emphasized that the Israeli-Palestinian conflict will not end without a two-state solution.,The New York Times,Middle East,News,nyt://article/bc1a86c5-5f40-5afa-9511-b0820e4e1b18,https://www.nytimes.com/2023/11/16/world/middleeast/biden-palestinian-gaza-hamar-israel-war.html,520,By Edward Wong,Biden Says a ‘Real’ Palestinian State Must Come After War,,,President Biden at a news conference in California on Wednesday.,Doug Mills/The New York Times,https://static01.nyt.com/images/2023/11/15/multimedia/15dc-biden-israel-war-pbwc/15dc-biden-israel-war-pbwc-articleLarge.jpg,400,600,https://static01.nyt.com/images/2023/11/15/multimedia/15dc-biden-israel-war-pbwc/15dc-biden-israel-war-pbwc-thumbStandard.jpg,75,75,Biden Says a ‘Real’ Palestinian State Must Come After War,Biden Says a ‘Real’ Palestinian State Must Come After War President Biden emphasized that the Israeli-Palestinian conflict will not end without a two-state solution. President Biden emphasized that the Israeli-Palestinian conflict will not end without a two-state solution.
"The organization, which oversees the West Bank, says it will consider helping run Gaza after the war — if Washington pushes for the creation of a Palestinian state alongside the Israeli one.",article,nyt://article/1a01d7e2-0caa-53d8-9078-5347139427b9,"[{'name': 'Organization', 'value': 'Palestinian Authority', 'rank': 1}, {'name': 'Location', 'value': 'Gaza Strip', 'rank': 2}, {'name': 'Subject', 'value': 'Israel-Gaza War (2023- )', 'rank': 3}, {'name': 'Subject', 'value': 'Palestinians', 'rank': 4}, {'name': 'Location', 'value': 'Israel', 'rank': 5}, {'name': 'Subject', 'value': 'International Relations', 'rank': 6}, {'name': 'Subject', 'value': 'Politics and Government', 'rank': 7}, {'name': 'Location', 'value': 'West Bank', 'rank': 8}]",Foreign,6.0,A,2023-11-09 12:59:57+00:00,World,"The organization, which oversees the West Bank, says it will consider helping run Gaza after the war — if Washington pushes for the creation of a Palestinian state alongside the Israeli one.",The New York Times,Middle East,News,nyt://article/1a01d7e2-0caa-53d8-9078-5347139427b9,https://www.nytimes.com/2023/11/09/world/middleeast/palestinian-authority-gaza.html,1065,By Mark Landler,Palestinian Authority Open to Gaza Role if U.S. Backs 2-State Solution,,P.L.O. Signals Openness To Postwar Role in Gaza,Displaced people from Gaza City relocating to the south of Gaza Strip on Wednesday.,Samar Abu Elouf for The New York Times,https://static01.nyt.com/images/2023/11/09/multimedia/09israel-palestinians-01-jpcq/09israel-palestinians-01-jpcq-articleLarge.jpg,400,600,https://static01.nyt.com/images/2023/11/09/multimedia/09israel-palestinians-01-jpcq/09israel-palestinians-01-jpcq-thumbStandard.jpg,75,75,Palestinian Authority Open to Gaza Role if U.S. Backs 2-State Solution,"Palestinian Authority Open to Gaza Role if U.S. Backs 2-State Solution The organization, which oversees the West Bank, says it will consider helping run Gaza after the war — if Washington pushes for the creation of a Palestinian state alongside the Israeli one. The organization, which oversees the West Bank, says it will consider helping run Gaza after the war — if Washington pushes for the creation of a Palestinian state alongside the Israeli one."
"Hamas leaders say they waged their Oct. 7 attack on Israel because they believed the Palestinian cause was slipping away, and that only violence could revive it.",article,nyt://article/7811a3de-8947-5a21-8685-8282a8395e0b,"[{'name': 'Organization', 'value': 'Hamas', 'rank': 1}, {'name': 'Location', 'value': 'Gaza Strip', 'rank': 2}, {'name': 'Location', 'value': 'Israel', 'rank': 3}, {'name': 'Location', 'value': 'Iran', 'rank': 4}, {'name': 'Subject', 'value': 'Israel-Gaza War (2023- )', 'rank': 5}, {'name': 'Subject', 'value': 'Terrorism', 'rank': 6}, {'name': 'Subject', 'value': 'Palestinians', 'rank': 7}, {'name': 'Subject', 'value': 'Defense and Military Forces', 'rank': 8}, {'name': 'Subject', 'value': 'International Relations', 'rank': 9}, {'name': 'Subject', 'value': 'Peace Process', 'rank': 10}, {'name': 'Subject', 'value': 'Civilian Casualties', 'rank': 11}, {'name': 'Subject', 'value': 'Refugees and Displaced Persons', 'rank': 12}, {'name': 'Organization', 'value': 'Hezbollah', 'rank': 13}, {'name': 'Organization', 'value': 'Palestinian Authority', 'rank': 14}, {'name': 'Organization', 'value': 'Palestinian Islamic Jihad', 'rank': 15}, {'name': 'Subject', 'value': 'Arabs', 'rank': 16}, {'name': 'Subject', 'value': 'Muslims and Islam', 'rank': 17}, {'name': 'Subject', 'value': 'Israeli Settlements', 'rank': 18}, {'name': 'Subject', 'value': 'Jews and Judaism', 'rank': 19}, {'name': 'Subject', 'value': 'Deaths (Fatalities)', 'rank': 20}, {'name': 'Person', 'value': 'Deif, Muhammad', 'rank': 21}, {'name': 'Person', 'value': 'Sinwar, Yehya', 'rank': 22}, {'name': 'Person', 'value': 'Shalit, Gilad', 'rank': 23}]",Foreign,1.0,A,2023-11-08 10:02:19+00:00,World,"Hamas leaders say they waged their Oct. 7 attack on Israel because they believed the Palestinian cause was slipping away, and that only violence could revive it.",The New York Times,Middle East,News,nyt://article/7811a3de-8947-5a21-8685-8282a8395e0b,https://www.nytimes.com/2023/11/08/world/middleeast/hamas-israel-gaza-war.html,2817,By Ben Hubbard and Maria Abi-Habib,Behind Hamas’s Bloody Gambit to Create a ‘Permanent’ State of War,,Hamas’s Goal for Oct. 7: A Permanent State of War,"Palestinians surveying the damage caused by Israeli airstrikes in Khan Younis, in the southern Gaza Strip, last month.",Yousef Masoud for The New York Times,https://static01.nyt.com/images/2023/11/07/multimedia/00Hamas-Evolution-kgql/00Hamas-Evolution-kgql-articleLarge.jpg,404,600,https://static01.nyt.com/images/2023/11/07/multimedia/00Hamas-Evolution-kgql/00Hamas-Evolution-kgql-thumbStandard.jpg,75,75,Behind Hamas’s Bloody Gambit to Create a ‘Permanent’ State of War,"Behind Hamas’s Bloody Gambit to Create a ‘Permanent’ State of War Hamas leaders say they waged their Oct. 7 attack on Israel because they believed the Palestinian cause was slipping away, and that only violence could revive it. Hamas leaders say they waged their Oct. 7 attack on Israel because they believed the Palestinian cause was slipping away, and that only violence could revive it."
Israel has been using the kits during its bombing campaign in Gaza.,article,nyt://article/7118a37a-9e30-5e06-a9cc-1a15661d826c,"[{'name': 'Location', 'value': 'United States', 'rank': 1}, {'name': 'Location', 'value': 'Israel', 'rank': 2}, {'name': 'Subject', 'value': 'Bombs and Explosives', 'rank': 3}, {'name': 'Organization', 'value': 'Senate', 'rank': 4}, {'name': 'Organization', 'value': 'House of Representatives', 'rank': 5}, {'name': 'Location', 'value': 'Gaza Strip', 'rank': 6}, {'name': 'Subject', 'value': 'Palestinians', 'rank': 7}, {'name': 'Subject', 'value': 'Israel-Gaza War (2023- )', 'rank': 8}]",Foreign,,,2023-11-06 20:11:45+00:00,World,Israel has been using the kits during its bombing campaign in Gaza.,The New York Times,Middle East,News,nyt://article/7118a37a-9e30-5e06-a9cc-1a15661d826c,https://www.nytimes.com/2023/11/06/world/middleeast/us-israel-bomb-equipment-sale.html,578,By Edward Wong,The State Department Approves $320 Million Sale of Guided Bomb Equipment to Israel,,,Palestinians search for bodies and survivors at the Jabaliya refugee camp the day after an Israeli airstrike on Oct. 31 in northern Gaza.,"Mohammed Saber/EPA, via Shutterstock",https://static01.nyt.com/images/2023/11/03/multimedia/06israel-hamas-smart-bomb/06israel-hamas-smart-bomb-articleLarge.jpg,400,600,https://static01.nyt.com/images/2023/11/03/multimedia/06israel-hamas-smart-bomb/06israel-hamas-smart-bomb-thumbStandard.jpg,75,75,The State Department Approves $320 Million Sale of Guided Bomb Equipment to Israel,The State Department Approves $320 Million Sale of Guided Bomb Equipment to Israel Israel has been using the kits during its bombing campaign in Gaza. Israel has been using the kits during its bombing campaign in Gaza.
,article,nyt://article/6c58dcaf-4531-5bda-93a6-356bded01283,[],Foreign,,,2023-11-03 20:16:18+00:00,World,,The New York Times,Middle East,Live Blog Post,nyt://article/6c58dcaf-4531-5bda-93a6-356bded01283,https://www.nytimes.com/live/2023/11/03/world/israel-hamas-war-gaza-news/the-us-wants-a-two-state-solution-do-its-arab-allies,105,By New York Times Audio,The U.S. wants a two-state solution. Do its Arab allies?,,,,,,0,0,,0,0,The U.S. wants a two-state solution. Do its Arab allies?,The U.S. wants a two-state solution. Do its Arab allies?
"A local official reportedly said the center’s manager had been arrested, and he blamed overcrowding at the facility for the high toll.",article,nyt://article/812a0b21-8476-5029-b943-de6082ba3144,"[{'name': 'Subject', 'value': 'Fires and Firefighters', 'rank': 1}, {'name': 'Location', 'value': 'Iran', 'rank': 2}, {'name': 'Location', 'value': 'Caspian Sea', 'rank': 3}]",Foreign,10.0,A,2023-11-03 09:31:32+00:00,World,"A local official reportedly said the center’s manager had been arrested, and he blamed overcrowding at the facility for the high toll.",The New York Times,Middle East,News,nyt://article/812a0b21-8476-5029-b943-de6082ba3144,https://www.nytimes.com/2023/11/03/world/middleeast/iran-fire-drug-rehab-center.html,321,By Cassandra Vinograd,"Fire at Drug Rehab Center in Iran Kills at Least 32, State Media Report",,At Least 32 Dead After Fire in Iran At Rehab Center,,,,0,0,,0,0,"Fire at Drug Rehab Center in Iran Kills at Least 32, State Media Report","Fire at Drug Rehab Center in Iran Kills at Least 32, State Media Report A local official reportedly said the center’s manager had been arrested, and he blamed overcrowding at the facility for the high toll. A local official reportedly said the center’s manager had been arrested, and he blamed overcrowding at the facility for the high toll."
"As President Biden and other Western leaders promote the idea, some diplomats and analysts say the Hamas-Israel war may breathe new life into it.",article,nyt://article/0432fab9-0d51-546e-97df-0f5c182f33b2,"[{'name': 'Subject', 'value': 'Israel-Gaza War (2023- )', 'rank': 1}, {'name': 'Location', 'value': 'Israel', 'rank': 2}, {'name': 'Subject', 'value': 'Palestinians', 'rank': 3}, {'name': 'Location', 'value': 'Gaza Strip', 'rank': 4}, {'name': 'Location', 'value': 'West Bank', 'rank': 5}, {'name': 'Subject', 'value': 'Israeli Settlements', 'rank': 6}, {'name': 'Subject', 'value': 'Terrorism', 'rank': 7}, {'name': 'Organization', 'value': 'Hamas', 'rank': 8}, {'name': 'Organization', 'value': 'Palestinian Authority', 'rank': 9}, {'name': 'Person', 'value': 'Netanyahu, Benjamin', 'rank': 10}, {'name': 'Person', 'value': 'Biden, Joseph R Jr', 'rank': 11}, {'name': 'Person', 'value': 'Trump, Donald J', 'rank': 12}, {'name': 'Subject', 'value': 'Politics and Government', 'rank': 13}, {'name': 'Subject', 'value': 'International Relations', 'rank': 14}, {'name': 'Subject', 'value': 'United States International Relations', 'rank': 15}]",Foreign,12.0,A,2023-11-01 09:03:08+00:00,World,"As President Biden and other Western leaders promote the idea, some diplomats and analysts say the Hamas-Israel war may breathe new life into it.",The New York Times,Middle East,News,nyt://article/0432fab9-0d51-546e-97df-0f5c182f33b2,https://www.nytimes.com/2023/11/01/world/middleeast/israel-palestine-two-state-solution.html,1437,By Mark Landler,"Does a 2-State Solution, Long Discounted, Still Have a Future?",,"Long Discounted, Two-State Solution Is Again Being Discussed. A Little Bit.","From left, Prime Minister Ehud Barak, President Bill Clinton and the Palestinian leader Yasir Arafat at Camp David in 2000, when Israel and the Palestinians arguably came closest to striking a two-state settlement.",Paul Hosefros/The New York Times,https://static01.nyt.com/images/2023/11/01/multimedia/01Israel-Two-States-zbtm/01Israel-Two-States-zbtm-articleLarge.jpg,400,600,https://static01.nyt.com/images/2023/11/01/multimedia/01Israel-Two-States-zbtm/01Israel-Two-States-zbtm-thumbStandard.jpg,75,75,"Does a 2-State Solution, Long Discounted, Still Have a Future?","Does a 2-State Solution, Long Discounted, Still Have a Future? As President Biden and other Western leaders promote the idea, some diplomats and analysts say the Hamas-Israel war may breathe new life into it. As President Biden and other Western leaders promote the idea, some diplomats and analysts say the Hamas-Israel war may breathe new life into it."
"What happened to Armita Geravand, who entered a subway car and was carried out minutes later, is unclear. But her case evoked parallels to that of Mahsa Amini.",article,nyt://article/f387c527-e2a9-5401-b41e-ef80e47df959,"[{'name': 'Subject', 'value': 'Politics and Government', 'rank': 1}, {'name': 'Subject', 'value': 'Political Prisoners', 'rank': 2}, {'name': 'Subject', 'value': 'Muslim Veiling', 'rank': 3}, {'name': 'Subject', 'value': 'Dress Codes', 'rank': 4}, {'name': 'Location', 'value': 'Iran', 'rank': 5}, {'name': 'Location', 'value': 'Tehran (Iran)', 'rank': 6}, {'name': 'Person', 'value': 'Amini, Mahsa (2000-22)', 'rank': 7}, {'name': 'Person', 'value': 'Geravand, Armita', 'rank': 8}]",Foreign,11.0,A,2023-10-23 14:03:22+00:00,World,"What happened to Armita Geravand, who entered a subway car and was carried out minutes later, is unclear. But her case evoked parallels to that of Mahsa Amini.",The New York Times,Europe,News,nyt://article/f387c527-e2a9-5401-b41e-ef80e47df959,https://www.nytimes.com/2023/10/23/world/europe/iran-teenager-armita-geravand-brain-dead.html,581,By Emma Bubola and Leily Nikounazar,Iranian Teenager Reported Brain Dead by State Media,,Iranian Teenager Reported Brain Dead by State Media,Armita Geravand in a social media photo.,Armita Geravand family archive,https://static01.nyt.com/images/2023/10/23/multimedia/23IRAN-TEENAGER-01-kmtq/23IRAN-TEENAGER-01-kmtq-articleLarge.jpg,400,600,https://static01.nyt.com/images/2023/10/23/multimedia/23IRAN-TEENAGER-01-kmtq/23IRAN-TEENAGER-01-kmtq-thumbStandard.jpg,75,75,Iranian Teenager Reported Brain Dead by State Media,"Iranian Teenager Reported Brain Dead by State Media What happened to Armita Geravand, who entered a subway car and was carried out minutes later, is unclear. But her case evoked parallels to that of Mahsa Amini. What happened to Armita Geravand, who entered a subway car and was carried out minutes later, is unclear. But her case evoked parallels to that of Mahsa Amini."
,article,nyt://article/3e69d764-4f30-5d46-8d4d-5cbde25cbb16,"[{'name': 'Subject', 'value': 'Israel-Gaza War (2023- )', 'rank': 1}]",Foreign,,,2023-10-20 21:24:17+00:00,World,,The New York Times,Middle East,Live Blog Post,nyt://article/3e69d764-4f30-5d46-8d4d-5cbde25cbb16,https://www.nytimes.com/live/2023/10/20/world/israel-hamas-war-gaza-news/thousands-in-egypt-protest-israeli-attacks-on-gaza-and-call-for-a-palestinian-state,576,By Vivian Yee,Thousands in Egypt protest Israeli attacks on Gaza and call for a Palestinian state.,,,Demonstrators at Al Azhar mosque in Cairo gathered in support of Palestinians in Gaza on Friday.,Mohamed Hossam/Getty Images,https://static01.nyt.com/images/2023/10/20/multimedia/20israel-hamas-protests-wzgj/20israel-hamas-protests-wzgj-articleLarge.jpg,399,600,https://static01.nyt.com/images/2023/10/20/multimedia/20israel-hamas-protests-wzgj/20israel-hamas-protests-wzgj-thumbStandard.jpg,75,75,Thousands in Egypt protest Israeli attacks on Gaza and call for a Palestinian state.,Thousands in Egypt protest Israeli attacks on Gaza and call for a Palestinian state.
,article,nyt://article/6617b4bf-12cb-507a-9b42-3a66f319e274,[],Foreign,,,2023-10-19 21:40:33+00:00,World,,The New York Times,Middle East,Live Blog Post,nyt://article/6617b4bf-12cb-507a-9b42-3a66f319e274,https://www.nytimes.com/live/2023/10/19/world/israel-hamas-war-gaza-news/the-state-department-has-issued-a-rare-global-travel-warning-for-americans,443,By Ceylan Yeginsu,The State Department has issued a rare global travel warning for Americans.,,,"Al Friedman, a 26-year-old from Israel, walking past armed police officers at Kennedy Airport in New York City last week before flying to Tel Aviv to deliver supplies.",Adam Gray/Getty Images,https://static01.nyt.com/images/2023/10/19/multimedia/19israel-hamas-blog-worldwide-caution-travel-sub-gkcw/19israel-hamas-blog-worldwide-caution-travel-sub-gkcw-articleLarge.jpg,400,600,https://static01.nyt.com/images/2023/10/19/multimedia/19israel-hamas-blog-worldwide-caution-travel-sub-gkcw/19israel-hamas-blog-worldwide-caution-travel-sub-gkcw-thumbStandard-v2.jpg,75,75,The State Department has issued a rare global travel warning for Americans.,The State Department has issued a rare global travel warning for Americans.
,article,nyt://article/7ddf52c4-90eb-5178-9131-a9d774ad5060,"[{'name': 'Subject', 'value': 'Israel-Gaza War (2023- )', 'rank': 1}, {'name': 'Person', 'value': 'Khamenei, Ali', 'rank': 2}, {'name': 'Location', 'value': 'Iran', 'rank': 3}, {'name': 'Organization', 'value': 'Hezbollah', 'rank': 4}, {'name': 'Location', 'value': 'Lebanon', 'rank': 5}, {'name': 'Location', 'value': 'Gaza Strip', 'rank': 6}]",Foreign,,,2023-10-19 03:06:30+00:00,World,,The New York Times,Middle East,Live Blog Post,nyt://article/7ddf52c4-90eb-5178-9131-a9d774ad5060,https://www.nytimes.com/live/2023/10/19/world/israel-hamas-war-gaza-news/an-iranian-state-television-segment-envisioned-how-attacks-on-israel-could-unfold,429,By Farnaz Fassihi,An Iranian state television segment envisioned how attacks on Israel could unfold.,,,"A handout photo made available by the office of the Iranian supreme leader, Ayatollah Ali Khamenei, said to be of him in Tehran on Tuesday.","Iranian supreme leader office, via Shutterstock",https://static01.nyt.com/images/2023/10/18/multimedia/18israel-hamas-iran-threats-01-fblk/18israel-hamas-iran-threats-01-fblk-articleLarge.jpg,400,600,https://static01.nyt.com/images/2023/10/18/multimedia/18israel-hamas-iran-threats-01-fblk/18israel-hamas-iran-threats-01-fblk-thumbStandard.jpg,75,75,An Iranian state television segment envisioned how attacks on Israel could unfold.,An Iranian state television segment envisioned how attacks on Israel could unfold.
The attack was a bloody reminder of the insecurity that persists in the region and which has spread to neighboring Pakistan since the end of the U.S.-led war.,article,nyt://article/a8fc9ee4-d471-541a-b5df-8874c35efb73,"[{'name': 'Subject', 'value': 'Terrorism', 'rank': 1}, {'name': 'Subject', 'value': 'Civilian Casualties', 'rank': 2}, {'name': 'Subject', 'value': 'Shiite Muslims', 'rank': 3}, {'name': 'Organization', 'value': 'Islamic State Khorasan', 'rank': 4}, {'name': 'Organization', 'value': 'Taliban', 'rank': 5}, {'name': 'Location', 'value': 'Afghanistan', 'rank': 6}, {'name': 'Location', 'value': 'Baghlan Province (Afghanistan)', 'rank': 7}]",Foreign,7.0,A,2023-10-13 15:17:17+00:00,World,The attack was a bloody reminder of the insecurity that persists in the region and which has spread to neighboring Pakistan since the end of the U.S.-led war.,The New York Times,Asia Pacific,News,nyt://article/a8fc9ee4-d471-541a-b5df-8874c35efb73,https://www.nytimes.com/2023/10/13/world/asia/shiite-mosque-attack-afghanistan.html,644,By Christina Goldbaum and Najim Rahim,Islamic State Attack Kills 17 at Shiite Mosque in Northern Afghanistan,,Islamic State Kills Shiites In Attack On Mosque,,,,0,0,,0,0,Islamic State Attack Kills 17 at Shiite Mosque in Northern Afghanistan,Islamic State Attack Kills 17 at Shiite Mosque in Northern Afghanistan The attack was a bloody reminder of the insecurity that persists in the region and which has spread to neighboring Pakistan since the end of the U.S.-led war. The attack was a bloody reminder of the insecurity that persists in the region and which has spread to neighboring Pakistan since the end of the U.S.-led war.
,article,nyt://article/ab66a3c4-7f34-5213-abb3-620c2f857819,"[{'name': 'Subject', 'value': 'Russian Invasion of Ukraine (2022)', 'rank': 1}, {'name': 'Location', 'value': 'Belarus', 'rank': 2}]",Foreign,,,2023-09-21 18:40:55+00:00,World,,The New York Times,Europe,Live Blog Post,nyt://article/ab66a3c4-7f34-5213-abb3-620c2f857819,https://www.nytimes.com/live/2023/09/21/world/zelensky-russia-ukraine-news/dozens-of-ukrainian-children-were-taken-from-russian-occupied-regions-to-belarus-this-week-said-belarusian-state-media,500,By Anushka Patil,"Dozens of Ukrainian children were taken from Russian-occupied regions to Belarus this week, said Belarusian state media.",,,"The Ukrainian first lady, Olena Zelenska, implored world leaders on the sidelines of the U.N. General Assembly on Tuesday to help return thousands of Ukrainian children abducted and deported by Russia. ",Ed Jones/Agence France-Presse — Getty Images,https://static01.nyt.com/images/2023/09/21/world/21ukraine-blog-belarus-abductions/21ukraine-blog-belarus-abductions-articleLarge.jpg,395,600,https://static01.nyt.com/images/2023/09/21/world/21ukraine-blog-belarus-abductions/21ukraine-blog-belarus-abductions-thumbStandard.jpg,75,75,"Dozens of Ukrainian children were taken from Russian-occupied regions to Belarus this week, said Belarusian state media.","Dozens of Ukrainian children were taken from Russian-occupied regions to Belarus this week, said Belarusian state media."
,article,nyt://article/7c6fb1eb-9605-589a-bb8c-f6c4d8abba4e,[],Washington,,,2023-09-21 16:00:25+00:00,World,,The New York Times,Europe,Live Blog Post,nyt://article/7c6fb1eb-9605-589a-bb8c-f6c4d8abba4e,https://www.nytimes.com/live/2023/09/21/world/zelensky-russia-ukraine-news/zelensky-visits-the-pentagon-for-talks-on-the-state-of-the-war,231,By John Ismay,Zelensky visits the Pentagon for talks on the state of the war.,,,"Secretary of Defense Lloyd J. Austin III greets the Ukrainian president, Volodymyr Zelensky, during a welcome ceremony at the Pentagon on Thursday.",Andrew Harnik/Associated Press,https://static01.nyt.com/images/2023/09/21/multimedia/21ukraine-briefing-zelenzky-pentagon1-vbtk/21ukraine-briefing-zelenzky-pentagon1-vbtk-articleLarge.jpg,400,600,https://static01.nyt.com/images/2023/09/21/multimedia/21ukraine-briefing-zelenzky-pentagon1-vbtk/21ukraine-briefing-zelenzky-pentagon1-vbtk-thumbStandard.jpg,75,75,Zelensky visits the Pentagon for talks on the state of the war.,Zelensky visits the Pentagon for talks on the state of the war.
An article sheds light on a notorious cold case.,article,nyt://article/b6c1564b-7847-5838-9dd1-d1cb2e776304,"[{'name': 'Subject', 'value': 'Drug Abuse and Traffic', 'rank': 2}, {'name': 'Subject', 'value': 'Smuggling', 'rank': 3}, {'name': 'Subject', 'value': 'Organized Crime', 'rank': 4}, {'name': 'Subject', 'value': 'Police', 'rank': 5}, {'name': 'Subject', 'value': 'Drug Cartels', 'rank': 6}, {'name': 'Organization', 'value': 'Guerreros Unidos (Gang)', 'rank': 7}, {'name': 'Organization', 'value': 'Institutional Revolutionary Party (Mexico)', 'rank': 8}, {'name': 'Location', 'value': 'Mexico', 'rank': 9}]",Foreign,5.0,A,2023-09-06 16:30:34+00:00,World,An article sheds light on a notorious cold case.,The New York Times,Europe,News,nyt://article/b6c1564b-7847-5838-9dd1-d1cb2e776304,https://www.nytimes.com/2023/09/06/world/europe/interpreter-mexico-drug-trade.html,1181,By Amanda Taub,"In Mexico, Drug Trade Flourished With the Help of the State",the interpreter,"In Mexico, Drug Trade Flourished With State’s Help",Posters in Mexico City of some of the 43 students who were kidnapped in 2014 by the police and turned over to a cartel.,Luis Antonio Rojas for The New York Times,https://static01.nyt.com/images/2023/09/06/multimedia/6InterpreterNL-Mexico-kjbp/6InterpreterNL-Mexico-kjbp-articleLarge.jpg,400,600,https://static01.nyt.com/images/2023/09/06/multimedia/6InterpreterNL-Mexico-kjbp/6InterpreterNL-Mexico-kjbp-thumbStandard.jpg,75,75,"In Mexico, Drug Trade Flourished With the Help of the State","In Mexico, Drug Trade Flourished With the Help of the State An article sheds light on a notorious cold case. An article sheds light on a notorious cold case."
"Advice that travelers to the U.S. “check relevant state and local laws” came in response to rules this year restricting transgender care, drag shows and sports participation.",article,nyt://article/4384628c-5b2d-5de0-8485-e7a5e059251f,"[{'name': 'Location', 'value': 'Canada', 'rank': 1}, {'name': 'Location', 'value': 'United States', 'rank': 2}, {'name': 'Subject', 'value': 'Travel Warnings', 'rank': 3}, {'name': 'Subject', 'value': 'Homosexuality and Bisexuality', 'rank': 4}, {'name': 'Subject', 'value': 'Transgender', 'rank': 5}, {'name': 'Subject', 'value': 'States (US)', 'rank': 6}, {'name': 'Location', 'value': 'Florida', 'rank': 7}]",Foreign,5.0,A,2023-08-30 18:49:07+00:00,World,"Advice that travelers to the U.S. “check relevant state and local laws” came in response to rules this year restricting transgender care, drag shows and sports participation.",The New York Times,Canada,News,nyt://article/4384628c-5b2d-5de0-8485-e7a5e059251f,https://www.nytimes.com/2023/08/30/world/canada/travel-warning-us-lgbtq.html,553,By Ian Austen,Canada Cautions L.G.B.T.Q. Citizens Visiting U.S. Over State Laws,,Gay Canadians Warned That Some Parts of U.S. May Not Be Safe to Visit,"Drag queens and allies marched to the Florida Capitol in Tallahassee in April. Moves by state lawmakers, particularly in Florida, to curtail L.G.B.T.Q. rights have received prominent attention in Canada.","Alicia Devine/Tallahassee Democrat, via Associated Press",https://static01.nyt.com/images/2023/08/30/multimedia/30canada-advisory3-qktw/30canada-advisory3-qktw-articleLarge.jpg,400,600,https://static01.nyt.com/images/2023/08/30/multimedia/30canada-advisory3-qktw/30canada-advisory3-qktw-thumbStandard.jpg,75,75,Canada Cautions L.G.B.T.Q. Citizens Visiting U.S. Over State Laws,"Canada Cautions L.G.B.T.Q. Citizens Visiting U.S. Over State Laws Advice that travelers to the U.S. “check relevant state and local laws” came in response to rules this year restricting transgender care, drag shows and sports participation. Advice that travelers to the U.S. “check relevant state and local laws” came in response to rules this year restricting transgender care, drag shows and sports participation."
"The emergency order was issued late Friday as wildfires threatened Yellowknife, in the Northwest Territories, and Kelowna, in British Columbia.",article,nyt://article/2cc25883-2be1-58bf-908a-2b20473d069d,"[{'name': 'Subject', 'value': 'Wildfires', 'rank': 1}, {'name': 'Subject', 'value': 'Fires and Firefighters', 'rank': 2}, {'name': 'Subject', 'value': 'News and News Media', 'rank': 3}, {'name': 'Subject', 'value': 'Global Warming', 'rank': 4}, {'name': 'Organization', 'value': 'Canadian Armed Forces', 'rank': 5}, {'name': 'Organization', 'value': 'Canadian Broadcasting Corp', 'rank': 6}, {'name': 'Organization', 'value': 'Facebook Inc', 'rank': 7}, {'name': 'Organization', 'value': 'Meta Platforms Inc', 'rank': 8}, {'name': 'Location', 'value': 'British Columbia (Canada)', 'rank': 9}, {'name': 'Location', 'value': 'Canada', 'rank': 10}, {'name': 'Location', 'value': 'Kelowna (British Columbia)', 'rank': 11}, {'name': 'Location', 'value': 'Northwest Territories (Canada)', 'rank': 12}]",Foreign,5.0,A,2023-08-18 19:04:41+00:00,World,"The emergency order was issued late Friday as wildfires threatened Yellowknife, in the Northwest Territories, and Kelowna, in British Columbia.",The New York Times,Americas,News,nyt://article/2cc25883-2be1-58bf-908a-2b20473d069d,https://www.nytimes.com/2023/08/18/world/americas/canada-wildfires-yellowknife-kelowna.html,979,By Ian Austen and Vjosa Isai,British Columbia Under State of Emergency as Wildfires Rage in Canada,,Evacuations Are Ordered As Wildfires Burn Canada,"A satellite image showing wildfires burning near Yellowknife, the capital of the Northwest Territories, on Wednesday.",Maxar Technologies,https://static01.nyt.com/images/2023/08/18/multimedia/18canada-evacuations-top-klvh/18canada-evacuations-top-klvh-articleLarge.jpg,400,600,https://static01.nyt.com/images/2023/08/18/multimedia/18canada-evacuations-top-klvh/18canada-evacuations-top-klvh-thumbStandard.jpg,75,75,British Columbia Under State of Emergency as Wildfires Rage in Canada,"British Columbia Under State of Emergency as Wildfires Rage in Canada The emergency order was issued late Friday as wildfires threatened Yellowknife, in the Northwest Territories, and Kelowna, in British Columbia. The emergency order was issued late Friday as wildfires threatened Yellowknife, in the Northwest Territories, and Kelowna, in British Columbia."
,article,nyt://article/a56bd47b-3a81-58e4-9d97-53e4604a873c,[],Foreign,,,2023-08-09 21:27:51+00:00,World,,The New York Times,Europe,Live Blog Post,nyt://article/a56bd47b-3a81-58e4-9d97-53e4604a873c,https://www.nytimes.com/live/2023/08/10/world/russia-ukraine-news/pretty-perplexing-challenges-for-any-state-experts-say-drones-are-hard-to-ward-off,362,By Paul Sonne,‘Pretty perplexing challenges for any state’: Experts say drones are hard to ward off.,,,Emergency service workers at Sergiev Posad in Russia’s Moscow region on Wednesday after an explosion on the grounds of the Zagorsk Optical-Mechanical Plant.,Reuters,https://static01.nyt.com/images/2023/08/09/multimedia/09ukraine-briefing-defending-against-drones-qwtv/09ukraine-briefing-defending-against-drones-qwtv-articleLarge.jpg,400,600,https://static01.nyt.com/images/2023/08/09/multimedia/09ukraine-briefing-defending-against-drones-qwtv/09ukraine-briefing-defending-against-drones-qwtv-thumbStandard.jpg,75,75,‘Pretty perplexing challenges for any state’: Experts say drones are hard to ward off.,‘Pretty perplexing challenges for any state’: Experts say drones are hard to ward off.
The largest-ever Women’s World Cup tournament highlights the growing professionalization of the sport. A sportswriter shares his thoughts.,article,nyt://article/f5140cb3-78e0-5c3a-9cca-a135908b7506,"[{'name': 'Subject', 'value': ""Women's World Cup (Soccer)"", 'rank': 1}, {'name': 'Location', 'value': 'Australia', 'rank': 2}, {'name': 'Location', 'value': 'New Zealand', 'rank': 3}]",Foreign,2.0,A,2023-07-28 11:59:45+00:00,World,The largest-ever Women’s World Cup tournament highlights the growing professionalization of the sport. A sportswriter shares his thoughts.,The New York Times,Australia,News,nyt://article/f5140cb3-78e0-5c3a-9cca-a135908b7506,https://www.nytimes.com/2023/07/28/world/australia/the-state-of-womens-soccer.html,1390,By Yan Zhuang,The State of Women’s Soccer,letter 317,Professionalization Playing Out at World Cup,"Aurora Mikalsen of Norway, left, after New Zealand scored during the FIFA Women’s World Cup Australia & New Zealand 2023 in Auckland, New Zealand, this month.",Phil Walter/Getty Images,https://static01.nyt.com/images/2023/07/28/multimedia/28ozletter-top-tkhm/28ozletter-top-tkhm-articleLarge.jpg,374,600,https://static01.nyt.com/images/2023/07/28/multimedia/28ozletter-top-tkhm/28ozletter-top-tkhm-thumbStandard.jpg,75,75,The State of Women’s Soccer,The State of Women’s Soccer The largest-ever Women’s World Cup tournament highlights the growing professionalization of the sport. A sportswriter shares his thoughts. The largest-ever Women’s World Cup tournament highlights the growing professionalization of the sport. A sportswriter shares his thoughts.
,article,nyt://article/d72d8486-f9ff-54d2-94ec-1fca4eabe9f8,[],Foreign,,,2023-07-21 07:37:01+00:00,World,,The New York Times,Europe,News,nyt://article/d72d8486-f9ff-54d2-94ec-1fca4eabe9f8,https://www.nytimes.com/2023/07/21/world/europe/mariupol-state-university-has-graduated-its-newest-class-after-fleeing-its-devastated-home-city.html,338,By Valerie Hopkins,Mariupol State University has graduated its newest class after fleeing its devastated home city.,,,,,,0,0,,0,0,Mariupol State University has graduated its newest class after fleeing its devastated home city.,Mariupol State University has graduated its newest class after fleeing its devastated home city.
"The state of Victoria cited budget issues in deciding not to stage the multisports competition, originally known as the British Empire Games, raising questions about the event’s fading prestige.",article,nyt://article/9be6fd84-f979-5973-a0c0-f18d0f4d9ca3,"[{'name': 'Subject', 'value': 'Commonwealth Games', 'rank': 1}, {'name': 'Subject', 'value': 'Politics and Government', 'rank': 2}, {'name': 'Subject', 'value': 'Athletics and Sports', 'rank': 3}, {'name': 'Location', 'value': 'Australia', 'rank': 4}, {'name': 'Location', 'value': 'Victoria (Australia)', 'rank': 5}]",Foreign,,,2023-07-18 08:29:01+00:00,World,"The state of Victoria cited budget issues in deciding not to stage the multisports competition, originally known as the British Empire Games, raising questions about the event’s fading prestige.",The New York Times,Australia,News,nyt://article/9be6fd84-f979-5973-a0c0-f18d0f4d9ca3,https://www.nytimes.com/2023/07/18/world/australia/victoria-australia-commonwealth-games-2026.html,701,By Natasha Frost,Australian State Backs Out of Hosting the 2026 Commonwealth Games,,,,Australian Broadcasting Corporation via Reuters,https://static01.nyt.com/images/2023/07/18/video/18vid-oz-games-still/18vid-oz-games-still-articleLarge.jpg,338,600,https://static01.nyt.com/images/2023/07/18/video/18vid-oz-games-still/18vid-oz-games-still-thumbStandard.jpg,75,75,Australian State Backs Out of Hosting the 2026 Commonwealth Games,"Australian State Backs Out of Hosting the 2026 Commonwealth Games The state of Victoria cited budget issues in deciding not to stage the multisports competition, originally known as the British Empire Games, raising questions about the event’s fading prestige. The state of Victoria cited budget issues in deciding not to stage the multisports competition, originally known as the British Empire Games, raising questions about the event’s fading prestige."
"In Ecuador, an intelligence official said: “People consume abroad, but they don’t understand the consequences that take place here.”",article,nyt://article/6fdb996f-ecef-5859-885c-ceac857d3e40,"[{'name': 'Location', 'value': 'Ecuador', 'rank': 1}, {'name': 'Location', 'value': 'Guayaquil (Ecuador)', 'rank': 2}, {'name': 'Subject', 'value': 'Drug Abuse and Traffic', 'rank': 3}, {'name': 'Subject', 'value': 'Cocaine and Crack Cocaine', 'rank': 4}, {'name': 'Subject', 'value': 'Drug Cartels', 'rank': 5}, {'name': 'Subject', 'value': 'Gangs', 'rank': 6}, {'name': 'Subject', 'value': 'Crime and Criminals', 'rank': 7}, {'name': 'Subject', 'value': 'Prisons and Prisoners', 'rank': 8}, {'name': 'Subject', 'value': 'Smuggling', 'rank': 9}, {'name': 'Organization', 'value': 'Nueva Generacion', 'rank': 10}, {'name': 'Organization', 'value': 'Sinaloa Cartel', 'rank': 11}, {'name': 'Person', 'value': 'Lasso, Guillermo', 'rank': 12}, {'name': 'Subject', 'value': 'Corruption (Institutional)', 'rank': 13}, {'name': 'Subject', 'value': 'Politics and Government', 'rank': 14}]",Foreign,1.0,A,2023-07-12 09:01:00+00:00,World,"In Ecuador, an intelligence official said: “People consume abroad, but they don’t understand the consequences that take place here.”",The New York Times,Americas,News,nyt://article/6fdb996f-ecef-5859-885c-ceac857d3e40,https://www.nytimes.com/2023/07/12/world/americas/ecuador-drug-cartels.html,1455,By Julie Turkewitz and Victor Moriyama,How a Peaceful Country Became a Gold Rush State for Drug Cartels,,Violence Reigns As Drug Cartels Rise in Ecuador,Men detained during a police raid in suburb of Guayaquil.,,https://static01.nyt.com/images/2023/07/07/world/00ecuador-violence-10/00ecuador-violence-10-articleLarge.jpg,400,600,https://static01.nyt.com/images/2023/07/07/world/00ecuador-violence-10/00ecuador-violence-10-thumbStandard.jpg,75,75,How a Peaceful Country Became a Gold Rush State for Drug Cartels,"How a Peaceful Country Became a Gold Rush State for Drug Cartels In Ecuador, an intelligence official said: “People consume abroad, but they don’t understand the consequences that take place here.” In Ecuador, an intelligence official said: “People consume abroad, but they don’t understand the consequences that take place here.”"
"Russia should conduct prompt and transparent investigation of attack against journalist,",article,nyt://article/6f96e368-dad8-5831-a7d2-9299b2c102fa,"[{'name': 'Subject', 'value': 'Russian Invasion of Ukraine (2022)', 'rank': 1}]",Foreign,,,2023-07-06 23:09:17+00:00,World,"Russia should conduct prompt and transparent investigation of attack against journalist,",The New York Times,Europe,Live Blog Post,nyt://article/6f96e368-dad8-5831-a7d2-9299b2c102fa,https://www.nytimes.com/live/2023/07/06/world/russia-ukraine-news/the-state-department-calls-for-prompt-and-transparent-investigation-of-attack-against-russian-journalist,507,By Gabriela Sá Pessoa and Edward Wong,The State Department calls for prompt and transparent investigation of attack against Russian journalist.,,,"Elena Milashina, an investigative journalist with Novaya Gazeta, in Moscow on Wednesday, in a photograph the independent news outlet published with her permission.","Anna Artemyeva/Nonaya Gazeta, via Associated Press",https://static01.nyt.com/images/2023/07/06/multimedia/06ukraine-briefing-milashina-statedepartment-01-clmf/06ukraine-briefing-milashina-statedepartment-01-clmf-articleLarge.jpg,400,600,https://static01.nyt.com/images/2023/07/06/multimedia/06ukraine-briefing-milashina-statedepartment-01-clmf/06ukraine-briefing-milashina-statedepartment-01-clmf-thumbStandard.jpg,75,75,The State Department calls for prompt and transparent investigation of attack against Russian journalist.,"The State Department calls for prompt and transparent investigation of attack against Russian journalist. Russia should conduct prompt and transparent investigation of attack against journalist, Russia should conduct prompt and transparent investigation of attack against journalist,"
"More than 1,300 people were arrested overnight as riotous protests again gripped France over the police killing of a 17-year-old and the country’s president stayed home to deal with the crisis.",article,nyt://article/2b746ac1-43a4-51a8-b668-e69222657b8a,"[{'name': 'Subject', 'value': 'Police Brutality, Misconduct and Shootings', 'rank': 1}, {'name': 'Subject', 'value': 'Demonstrations, Protests and Riots', 'rank': 2}, {'name': 'Location', 'value': 'France', 'rank': 3}, {'name': 'Location', 'value': 'Nanterre (France)', 'rank': 4}, {'name': 'Person', 'value': 'Merzouk, Nahel (d 2023)', 'rank': 5}]",Foreign,,,2023-07-01 10:34:43+00:00,World,"More than 1,300 people were arrested overnight as riotous protests again gripped France over the police killing of a 17-year-old and the country’s president stayed home to deal with the crisis.",The New York Times,Europe,News,nyt://article/2b746ac1-43a4-51a8-b668-e69222657b8a,https://www.nytimes.com/2023/07/01/world/europe/macron-france-unrest-police-shooting.html,760,By Isabella Kwai and Aurelien Breeden,Macron Cancels State Visit to Germany Amid Unrest at Home,,,"Protesters clashed with riot police officers in Marseille, in southern France, on Friday.",Christophe Simon/Agence France-Presse — Getty Images,https://static01.nyt.com/images/2023/07/01/multimedia/01france-unrest-01-bhcj/01france-unrest-01-bhcj-articleLarge.jpg,400,600,https://static01.nyt.com/images/2023/07/01/multimedia/01france-unrest-01-bhcj/01france-unrest-01-bhcj-thumbStandard.jpg,75,75,Macron Cancels State Visit to Germany Amid Unrest at Home,"Macron Cancels State Visit to Germany Amid Unrest at Home More than 1,300 people were arrested overnight as riotous protests again gripped France over the police killing of a 17-year-old and the country’s president stayed home to deal with the crisis. More than 1,300 people were arrested overnight as riotous protests again gripped France over the police killing of a 17-year-old and the country’s president stayed home to deal with the crisis."
"Yevgeny Prigozhin, the head of Wagner forces, appeared to have little popular support for his uprising. Still, some voices expressed criticism of President Vladimir V. Putin.",article,nyt://article/6381330e-0ad6-5953-ae94-e4137e531eba,"[{'name': 'Location', 'value': 'Russia', 'rank': 1}, {'name': 'Location', 'value': 'Ukraine', 'rank': 2}, {'name': 'Subject', 'value': 'Russian Invasion of Ukraine (2022)', 'rank': 3}, {'name': 'Person', 'value': 'Putin, Vladimir V', 'rank': 4}, {'name': 'Person', 'value': 'Prigozhin, Yevgeny V', 'rank': 5}, {'name': 'Subject', 'value': 'News and News Media', 'rank': 6}]",Foreign,,,2023-06-25 20:40:01+00:00,World,"Yevgeny Prigozhin, the head of Wagner forces, appeared to have little popular support for his uprising. Still, some voices expressed criticism of President Vladimir V. Putin.",The New York Times,Europe,News,nyt://article/6381330e-0ad6-5953-ae94-e4137e531eba,https://www.nytimes.com/2023/06/25/world/europe/russia-media-reaction-prigozhin-wagner.html,733,By Neil MacFarquhar,"Russia’s State Media Blamed Prigozhin, But Some Criticism of Putin Surfaced",,,"NTV, a state-run channel, called the uprising a betrayal and hinted at the involvement of foreign powers.",Natalia Kolesnikova/Agence France-Presse — Getty Images,https://static01.nyt.com/images/2023/06/25/multimedia/25ukraine-blog-russian-media-qzhp/25ukraine-blog-russian-media-qzhp-articleLarge.jpg,400,600,https://static01.nyt.com/images/2023/06/25/multimedia/25ukraine-blog-russian-media-qzhp/25ukraine-blog-russian-media-qzhp-thumbStandard.jpg,75,75,"Russia’s State Media Blamed Prigozhin, But Some Criticism of Putin Surfaced","Russia’s State Media Blamed Prigozhin, But Some Criticism of Putin Surfaced Yevgeny Prigozhin, the head of Wagner forces, appeared to have little popular support for his uprising. Still, some voices expressed criticism of President Vladimir V. Putin. Yevgeny Prigozhin, the head of Wagner forces, appeared to have little popular support for his uprising. Still, some voices expressed criticism of President Vladimir V. Putin."
,article,nyt://article/6d3a5694-b9f1-53d6-b6a3-5886187b6cee,[],Foreign,,,2023-06-25 16:24:01+00:00,World,,The New York Times,Europe,Live Blog Post,nyt://article/6d3a5694-b9f1-53d6-b6a3-5886187b6cee,https://www.nytimes.com/live/2023/06/25/world/russia-wagner-prigozhin-news-ukraine/though-the-wagner-rebellion-ended-quickly-it-raised-questions-in-russia-about-the-power-of-the-state,311,By Ivan Nechepurenko,"Though the Wagner rebellion ended quickly, it raised questions in Russia about the power of the state.",,,"Wagner mercenaries load a tank on a truck in Rostov-on-Don, Russia, just before they pulled out of the city.","Vasily Deryugin/Kommersant Publishing House, via Associated Press",https://static01.nyt.com/images/2023/06/25/multimedia/25ukraine-blog-wagner-popularity-gtfm/25ukraine-blog-wagner-popularity-gtfm-articleLarge.jpg,400,600,https://static01.nyt.com/images/2023/06/25/multimedia/25ukraine-blog-wagner-popularity-gtfm/25ukraine-blog-wagner-popularity-gtfm-thumbStandard-v2.jpg,75,75,"Though the Wagner rebellion ended quickly, it raised questions in Russia about the power of the state.","Though the Wagner rebellion ended quickly, it raised questions in Russia about the power of the state."
,article,nyt://article/a0688635-47f6-571a-bb63-7c7dd187da89,[],Foreign,,,2023-06-23 17:22:54+00:00,World,,The New York Times,Europe,Live Blog Post,nyt://article/a0688635-47f6-571a-bb63-7c7dd187da89,https://www.nytimes.com/live/2023/06/23/world/russia-ukraine-news/the-state-of-bomb-shelters-across-ukraine-is-poor-zelensky-says,305,By Gaya Gupta,"The state of bomb shelters across Ukraine is poor, Zelensky says.",,,A memorial for a 9-year-old girl who died when she was unable to get inside a bomb shelter in Kyiv in early June.,Nicole Tung for The New York Times,https://static01.nyt.com/images/2023/06/23/multimedia/23ukraine-briefing-shelters-mhzf/23ukraine-briefing-shelters-mhzf-articleLarge.jpg,400,600,https://static01.nyt.com/images/2023/06/23/multimedia/23ukraine-briefing-shelters-mhzf/23ukraine-briefing-shelters-mhzf-thumbStandard.jpg,75,75,"The state of bomb shelters across Ukraine is poor, Zelensky says.","The state of bomb shelters across Ukraine is poor, Zelensky says."
"Allowing Moscow to place tactical nuclear weapons on its soil is just the latest sign of its loss of sovereignty to the Kremlin, military experts and pro-democracy activists say.",article,nyt://article/8b0295d3-48a8-54cc-83a3-22ce80fbb31c,"[{'name': 'Location', 'value': 'Belarus', 'rank': 1}, {'name': 'Location', 'value': 'Russia', 'rank': 2}, {'name': 'Subject', 'value': 'International Relations', 'rank': 3}, {'name': 'Subject', 'value': 'Nuclear Weapons', 'rank': 4}, {'name': 'Subject', 'value': 'Russian Invasion of Ukraine (2022)', 'rank': 5}, {'name': 'Subject', 'value': 'Human Rights and Human Rights Violations', 'rank': 6}, {'name': 'Person', 'value': 'Lukashenko, Aleksandr G', 'rank': 7}, {'name': 'Person', 'value': 'Putin, Vladimir V', 'rank': 8}, {'name': 'Person', 'value': 'Tikhanovskaya, Svetlana', 'rank': 9}, {'name': 'Location', 'value': 'Ukraine', 'rank': 10}, {'name': 'Organization', 'value': 'European Union', 'rank': 11}]",Foreign,8.0,A,2023-06-22 09:00:47+00:00,World,"Allowing Moscow to place tactical nuclear weapons on its soil is just the latest sign of its loss of sovereignty to the Kremlin, military experts and pro-democracy activists say.",The New York Times,Europe,News,nyt://article/8b0295d3-48a8-54cc-83a3-22ce80fbb31c,https://www.nytimes.com/2023/06/22/world/europe/belarus-russia-lukashenko.html,1338,By Valerie Hopkins,Belarus Is Fast Becoming a ‘Vassal State’ of Russia,,Belarus Is Quickly Becoming a ‘Vassal State’ of Russia,"A photo released by Russian state media showed President Alexander Lukashenko of Belarus and President Vladimir Putin of Russia in Sochi, Russia, this month.","Sputnik, via Reuters",https://static01.nyt.com/images/2023/06/16/multimedia/00belarus-russia-02-qvcm/00belarus-russia-02-qvcm-articleLarge.jpg,392,600,https://static01.nyt.com/images/2023/06/16/multimedia/00belarus-russia-02-qvcm/00belarus-russia-02-qvcm-thumbStandard.jpg,75,75,Belarus Is Fast Becoming a ‘Vassal State’ of Russia,"Belarus Is Fast Becoming a ‘Vassal State’ of Russia Allowing Moscow to place tactical nuclear weapons on its soil is just the latest sign of its loss of sovereignty to the Kremlin, military experts and pro-democracy activists say. Allowing Moscow to place tactical nuclear weapons on its soil is just the latest sign of its loss of sovereignty to the Kremlin, military experts and pro-democracy activists say."
"After several protesters were killed by live ammunition this month in Senegal, many in the usually stable West African nation wonder what comes next.",article,nyt://article/9cf0ff6d-0cbd-5062-9047-8dc859bd8ffc,"[{'name': 'Subject', 'value': 'vis-photo', 'rank': 1}, {'name': 'Subject', 'value': 'Police Brutality, Misconduct and Shootings', 'rank': 2}, {'name': 'Subject', 'value': 'Human Rights and Human Rights Violations', 'rank': 3}, {'name': 'Location', 'value': 'Dakar (Senegal)', 'rank': 4}, {'name': 'Location', 'value': 'Senegal', 'rank': 5}, {'name': 'Person', 'value': 'Sall, Macky', 'rank': 6}, {'name': 'Person', 'value': 'Sonko, Ousmane', 'rank': 7}, {'name': 'Organization', 'value': 'Amnesty International', 'rank': 8}, {'name': 'Subject', 'value': 'Demonstrations, Protests and Riots', 'rank': 9}, {'name': 'Subject', 'value': 'Politics and Government', 'rank': 10}]",Foreign,4.0,A,2023-06-12 09:01:06+00:00,World,"After several protesters were killed by live ammunition this month in Senegal, many in the usually stable West African nation wonder what comes next.",The New York Times,Africa,News,nyt://article/9cf0ff6d-0cbd-5062-9047-8dc859bd8ffc,https://www.nytimes.com/2023/06/12/world/africa/senegal-protests.html,1188,By Elian Peltier and Carmen Abd Ali,‘The State Killed My Brother’: Senegal in Uproar After Deadly Protests,,"Protests Turn Deadly  In Senegal, Leaving  Over a Dozen Dead",,Carmen Abd Ali for The New York Times,https://static01.nyt.com/images/2023/06/12/multimedia/12senegal-promo/12senegal-01-tqgp-articleLarge.jpg,400,600,https://static01.nyt.com/images/2023/06/12/multimedia/12senegal-promo/12senegal-01-tqgp-thumbStandard.jpg,75,75,‘The State Killed My Brother’: Senegal in Uproar After Deadly Protests,"‘The State Killed My Brother’: Senegal in Uproar After Deadly Protests After several protesters were killed by live ammunition this month in Senegal, many in the usually stable West African nation wonder what comes next. After several protesters were killed by live ammunition this month in Senegal, many in the usually stable West African nation wonder what comes next."
"The man, Michael Travis Leake, has been accused of drug trafficking, according to Russian state media.",article,nyt://article/4d90f90d-a0ab-5ace-a9eb-a4e28e3d8ee0,"[{'name': 'Person', 'value': 'Leake, Michael Travis', 'rank': 1}, {'name': 'Subject', 'value': 'Drug Abuse and Traffic', 'rank': 2}, {'name': 'Location', 'value': 'Russia', 'rank': 3}]",Foreign,,,2023-06-11 18:34:11+00:00,World,"The man, Michael Travis Leake, has been accused of drug trafficking, according to Russian state media.",The New York Times,Europe,News,nyt://article/4d90f90d-a0ab-5ace-a9eb-a4e28e3d8ee0,https://www.nytimes.com/2023/06/11/world/europe/us-citizen-arrested-russia-drug-trafficking.html,217,By Matthew Mpoke Bigg and Adam Entous,"A U.S. Citizen Has Been Arrested in Russia, State Department Says",,,,,,0,0,,0,0,"A U.S. Citizen Has Been Arrested in Russia, State Department Says","A U.S. Citizen Has Been Arrested in Russia, State Department Says The man, Michael Travis Leake, has been accused of drug trafficking, according to Russian state media. The man, Michael Travis Leake, has been accused of drug trafficking, according to Russian state media."
"Evidence found in encrypted messages helped speed the fall of Milo Djukanovic in Montenegro. His successor, Jakov Milatovic, says he plans to clean up the country.",article,nyt://article/8ae49c4e-e6c9-578a-80dc-bc0d8ae737c9,"[{'name': 'Subject', 'value': 'Politics and Government', 'rank': 1}, {'name': 'Subject', 'value': 'Organized Crime', 'rank': 2}, {'name': 'Subject', 'value': 'Appointments and Executive Changes', 'rank': 3}, {'name': 'Person', 'value': 'Djukanovic, Milo', 'rank': 4}, {'name': 'Person', 'value': 'Milatovic, Jakov', 'rank': 5}, {'name': 'Location', 'value': 'Montenegro', 'rank': 6}]",Foreign,10.0,A,2023-06-08 15:22:14+00:00,World,"Evidence found in encrypted messages helped speed the fall of Milo Djukanovic in Montenegro. His successor, Jakov Milatovic, says he plans to clean up the country.",The New York Times,Europe,News,nyt://article/8ae49c4e-e6c9-578a-80dc-bc0d8ae737c9,https://www.nytimes.com/2023/06/08/world/europe/montenegro-president-djukanovic-messages.html,1374,By Andrew Higgins,How a Cracked Phone App Upended a Crime-Ridden Balkan State,,Decrypted Messages Helped Doom Leader of Crime-Filled Nation,"Kotor Bay, Montenegro. The country’s institutions have long been plagued by corruption and links to organized crime.",Susan Wright for The New York Times,https://static01.nyt.com/images/2023/06/03/multimedia/00montenegro-crime-01-bqfz/00montenegro-crime-01-bqfz-articleLarge.jpg,400,600,https://static01.nyt.com/images/2023/06/03/multimedia/00montenegro-crime-01-bqfz/00montenegro-crime-01-bqfz-thumbStandard.jpg,75,75,How a Cracked Phone App Upended a Crime-Ridden Balkan State,"How a Cracked Phone App Upended a Crime-Ridden Balkan State Evidence found in encrypted messages helped speed the fall of Milo Djukanovic in Montenegro. His successor, Jakov Milatovic, says he plans to clean up the country. Evidence found in encrypted messages helped speed the fall of Milo Djukanovic in Montenegro. His successor, Jakov Milatovic, says he plans to clean up the country."
,article,nyt://article/2d3f93ec-706a-5bb7-871f-4801a1050c2a,[],Foreign,,,2023-06-07 14:45:03+00:00,World,,The New York Times,Europe,Live Blog Post,nyt://article/2d3f93ec-706a-5bb7-871f-4801a1050c2a,https://www.nytimes.com/live/2023/06/07/world/russia-ukraine-news/officials-declare-a-state-of-emergency-in-russian-occupied-areas-affected-by-flooding,224,By Paul Sonne,Officials declare a state of emergency in Russian-occupied areas affected by flooding.,,,"A local resident entered his flooded home on Wednesday in the Russian-occupied town of Nova Kakhovka, Ukraine.",Alexander Ermochenko/Reuters,https://static01.nyt.com/images/2023/06/07/multimedia/07ukraine-occupied-evacuations-lvbp/07ukraine-occupied-evacuations-lvbp-articleLarge.jpg,400,600,https://static01.nyt.com/images/2023/06/07/multimedia/07ukraine-occupied-evacuations-lvbp/07ukraine-occupied-evacuations-lvbp-thumbStandard.jpg,75,75,Officials declare a state of emergency in Russian-occupied areas affected by flooding.,Officials declare a state of emergency in Russian-occupied areas affected by flooding.
"India will soon be history’s most populous country. But the growth is uneven, and the Himalayan state of Sikkim is offering cash incentives to encourage births.",article,nyt://article/745d952e-2252-5f8b-aa8c-5b25af1cb672,"[{'name': 'Location', 'value': 'Sikkim (India)', 'rank': 1}, {'name': 'Subject', 'value': 'Birth Rates', 'rank': 2}, {'name': 'Subject', 'value': 'In Vitro Fertilization', 'rank': 3}, {'name': 'Subject', 'value': 'Population', 'rank': 4}, {'name': 'Subject', 'value': 'Motivation and Incentive Programs', 'rank': 5}]",Foreign,8.0,A,2023-05-29 07:00:24+00:00,World,"India will soon be history’s most populous country. But the growth is uneven, and the Himalayan state of Sikkim is offering cash incentives to encourage births.",The New York Times,Asia Pacific,News,nyt://article/745d952e-2252-5f8b-aa8c-5b25af1cb672,https://www.nytimes.com/2023/05/29/world/asia/india-fertility-rate.html,828,By Sameer Yasir,Overcrowded India? This State Is Desperate for More Babies.,,"In Populous India, a State Is Offering Cash to Encourage More Babies","A woman undergoing an ultrasound at the Newlife Fertility Center in April in Siliguri, India. Although India is set to become the most populous nation on earth, the populations of some regions are shrinking.",Smita Sharma for The New York Times,https://static01.nyt.com/images/2023/05/10/multimedia/00india-fertility-01-qzcb/00india-fertility-01-qzcb-articleLarge.jpg,400,600,https://static01.nyt.com/images/2023/05/10/multimedia/00india-fertility-01-qzcb/00india-fertility-01-qzcb-thumbStandard.jpg,75,75,Overcrowded India? This State Is Desperate for More Babies.,"Overcrowded India? This State Is Desperate for More Babies. India will soon be history’s most populous country. But the growth is uneven, and the Himalayan state of Sikkim is offering cash incentives to encourage births. India will soon be history’s most populous country. But the growth is uneven, and the Himalayan state of Sikkim is offering cash incentives to encourage births."
,article,nyt://article/c6dea833-ec57-5c6f-9d0f-acf9d1f5a457,[],Foreign,,,2023-05-24 11:24:42+00:00,World,,The New York Times,Europe,Live Blog Post,nyt://article/c6dea833-ec57-5c6f-9d0f-acf9d1f5a457,https://www.nytimes.com/live/2023/05/24/world/russia-ukraine-news/the-president-of-belarus-departs-for-moscow-state-media-says-a-day-after-he-denied-that-he-was-gravely-ill,234,By Matthew Mpoke Bigg,"The president of Belarus arrives in Moscow, state media says, a day after he denied that he was gravely ill.",,,"President Alexander Lukashenko of Belarus at the Victory Day parade in Moscow earlier this month, in a photo released by Russian state media.",Pool photo by Sputnik,https://static01.nyt.com/images/2023/05/24/multimedia/24ukraine-briefing-belarus-bjth/24ukraine-briefing-belarus-bjth-articleLarge.jpg,384,600,https://static01.nyt.com/images/2023/05/24/multimedia/24ukraine-briefing-belarus-bjth/24ukraine-briefing-belarus-bjth-thumbStandard.jpg,75,75,"The president of Belarus arrives in Moscow, state media says, a day after he denied that he was gravely ill.","The president of Belarus arrives in Moscow, state media says, a day after he denied that he was gravely ill."
Roman Protasevich had been sentenced to eight years in prison. The details of his 2021 arrest drew international attention.,article,nyt://article/fa8db457-3755-5d5f-baad-49ccc53eedb5,"[{'name': 'Subject', 'value': 'Political Prisoners', 'rank': 1}, {'name': 'Person', 'value': 'Lukashenko, Aleksandr G', 'rank': 2}, {'name': 'Person', 'value': 'Protasevich, Roman', 'rank': 3}, {'name': 'Person', 'value': 'Sapega, Sofia', 'rank': 4}, {'name': 'Location', 'value': 'Belarus', 'rank': 5}, {'name': 'Location', 'value': 'Minsk (Belarus)', 'rank': 6}]",Foreign,12.0,A,2023-05-22 12:45:49+00:00,World,Roman Protasevich had been sentenced to eight years in prison. The details of his 2021 arrest drew international attention.,The New York Times,Europe,News,nyt://article/fa8db457-3755-5d5f-baad-49ccc53eedb5,https://www.nytimes.com/2023/05/22/world/europe/belarus-protasevich-activist-pardon.html,445,By Matthew Mpoke Bigg and Ivan Nechepurenko,"Belarus Pardons Opposition Activist Who Was Hauled Off a Ryanair Flight, State Media Says",,"In Belarus, Activist Gets A Pardon","The activist Roman Protasevich, center, at a news briefing organized by the Ministry of Foreign Affairs in Minsk, Belarus, in 2021.",Agence France-Presse &mdash; Getty Images,https://static01.nyt.com/images/2023/05/22/world/22ukraine-briefing-protasevich/22ukraine-briefing-protasevich-articleLarge.jpg,400,600,https://static01.nyt.com/images/2023/05/22/world/22ukraine-briefing-protasevich/22ukraine-briefing-protasevich-thumbStandard.jpg,75,75,"Belarus Pardons Opposition Activist Who Was Hauled Off a Ryanair Flight, State Media Says","Belarus Pardons Opposition Activist Who Was Hauled Off a Ryanair Flight, State Media Says Roman Protasevich had been sentenced to eight years in prison. The details of his 2021 arrest drew international attention. Roman Protasevich had been sentenced to eight years in prison. The details of his 2021 arrest drew international attention."
,article,nyt://article/e34b421f-6ac1-5e2c-ad50-8e0d5981ced7,[],Foreign,,,2023-05-21 11:29:04+00:00,World,,The New York Times,Europe,Live Blog Post,nyt://article/e34b421f-6ac1-5e2c-ad50-8e0d5981ced7,https://www.nytimes.com/live/2023/05/21/world/russia-ukraine-news/russian-state-media-celebrates-bakhmut-but-with-a-notable-omission,482,By Anton Troianovski,"Russian state media celebrates Bakhmut, with a notable omission.",,,"An image taken from video released by the press service of Wagner founder Yevgeny V. Prigozhin purports to show him with his fighters in Bakhmut, Ukraine, on Saturday.","Prigozhin Press Service, via Associated Press",https://static01.nyt.com/images/2023/05/21/multimedia/21ukraine-blog-russia-reax-bfwv/21ukraine-blog-russia-reax-bfwv-articleLarge.jpg,361,600,https://static01.nyt.com/images/2023/05/21/multimedia/21ukraine-blog-russia-reax-bfwv/21ukraine-blog-russia-reax-bfwv-thumbStandard.jpg,75,75,"Russian state media celebrates Bakhmut, with a notable omission.","Russian state media celebrates Bakhmut, with a notable omission."
"The State Department had no immediate comment on the report that the man, identified as Robert Shonov, had been arrested and charged with conspiracy.",article,nyt://article/7c22acdc-d5e8-580c-8578-8d589c0f1af7,"[{'name': 'Subject', 'value': 'Political Prisoners', 'rank': 1}, {'name': 'Subject', 'value': 'Diplomatic Service, Embassies and Consulates', 'rank': 2}, {'name': 'Organization', 'value': 'Lefortovo Prison', 'rank': 3}, {'name': 'Location', 'value': 'Russia', 'rank': 4}, {'name': 'Person', 'value': 'Shonov, Robert', 'rank': 5}]",Foreign,,,2023-05-15 20:32:29+00:00,World,"The State Department had no immediate comment on the report that the man, identified as Robert Shonov, had been arrested and charged with conspiracy.",The New York Times,Europe,News,nyt://article/7c22acdc-d5e8-580c-8578-8d589c0f1af7,https://www.nytimes.com/2023/05/15/world/europe/robert-shonov-detained-russia-moscow.html,228,By Daniel Victor,"A former U.S. Embassy employee is being held in Moscow, according to Russia’s state news agency.",,,"An entrance to the Lefortovo Prison in Moscow. Tass, the Russian state news agency, said a former U.S. Embassy employee identified as Robert Shonov was being held there. ",Evgenia Novozhenina/Reuters,https://static01.nyt.com/images/2023/05/15/multimedia/15ukraine-briefing-american-detained-vladivostok-01-jwmp/15ukraine-briefing-american-detained-vladivostok-01-jwmp-articleLarge.jpg,438,600,https://static01.nyt.com/images/2023/05/15/multimedia/15ukraine-briefing-american-detained-vladivostok-01-jwmp/15ukraine-briefing-american-detained-vladivostok-01-jwmp-thumbStandard.jpg,75,75,"A former U.S. Embassy employee is being held in Moscow, according to Russia’s state news agency.","A former U.S. Embassy employee is being held in Moscow, according to Russia’s state news agency. The State Department had no immediate comment on the report that the man, identified as Robert Shonov, had been arrested and charged with conspiracy. The State Department had no immediate comment on the report that the man, identified as Robert Shonov, had been arrested and charged with conspiracy."
"Aleksandr G. Lukashenko, a Kremlin ally, had not been shown since he attended events last week celebrating the Soviet Union’s triumph over Nazi Germany in 1945.",article,nyt://article/c1502ab8-80ab-5fff-8f61-38c7c5f09686,"[{'name': 'Subject', 'value': 'Russian Invasion of Ukraine (2022)', 'rank': 1}, {'name': 'Person', 'value': 'Lukashenko, Aleksandr G', 'rank': 2}, {'name': 'Person', 'value': 'Putin, Vladimir V', 'rank': 3}, {'name': 'Location', 'value': 'Belarus', 'rank': 4}, {'name': 'Location', 'value': 'Minsk (Belarus)', 'rank': 5}, {'name': 'Subject', 'value': 'vis-video', 'rank': 6}]",Foreign,11.0,A,2023-05-15 16:40:53+00:00,World,"Aleksandr G. Lukashenko, a Kremlin ally, had not been shown since he attended events last week celebrating the Soviet Union’s triumph over Nazi Germany in 1945.",The New York Times,Europe,News,nyt://article/c1502ab8-80ab-5fff-8f61-38c7c5f09686,https://www.nytimes.com/2023/05/16/world/europe/belarus-president-lukashenko-photo.html,465,By Andrew Higgins,State news media release a photo of Belarus’s leader amid speculation about his health.,,"Lukashenko Is Absent, And Rumors Are Growing","President Alexander G. Lukashenko at the Victory Day military parade in Moscow last week, in a photo from Russian state media.",Pool photo by Gavriil Grigorov,https://static01.nyt.com/images/2023/05/15/multimedia/15ukraine-briefing-lukashenko-wgzf/15ukraine-briefing-lukashenko-wgzf-articleLarge.jpg,384,600,https://static01.nyt.com/images/2023/05/15/multimedia/15ukraine-briefing-lukashenko-wgzf/15ukraine-briefing-lukashenko-wgzf-thumbStandard.jpg,75,75,State news media release a photo of Belarus’s leader amid speculation about his health.,"State news media release a photo of Belarus’s leader amid speculation about his health. Aleksandr G. Lukashenko, a Kremlin ally, had not been shown since he attended events last week celebrating the Soviet Union’s triumph over Nazi Germany in 1945. Aleksandr G. Lukashenko, a Kremlin ally, had not been shown since he attended events last week celebrating the Soviet Union’s triumph over Nazi Germany in 1945."
"The Commonwealth country has scheduled a referendum in 2024 on whether to cut ties to the British monarchy, opening up a debate on how to reshape the society.",article,nyt://article/4f510d63-a51a-577f-a0fa-9a0565d4e09d,"[{'name': 'Location', 'value': 'Jamaica (West Indies)', 'rank': 1}, {'name': 'Subject', 'value': 'Politics and Government', 'rank': 2}, {'name': 'Location', 'value': 'Great Britain', 'rank': 3}, {'name': 'Subject', 'value': 'Royal Families', 'rank': 4}, {'name': 'Subject', 'value': 'International Relations', 'rank': 5}, {'name': 'Subject', 'value': 'Constitutions', 'rank': 6}, {'name': 'Subject', 'value': 'Colonization', 'rank': 7}, {'name': 'Subject', 'value': 'Referendums', 'rank': 8}]",Foreign,,,2023-05-06 17:07:03+00:00,World,"The Commonwealth country has scheduled a referendum in 2024 on whether to cut ties to the British monarchy, opening up a debate on how to reshape the society.",The New York Times,Americas,briefing,nyt://article/4f510d63-a51a-577f-a0fa-9a0565d4e09d,https://www.nytimes.com/2023/05/06/world/americas/jamaica-monarchy-referendum.html,582,By Emiliano Rodríguez Mega,Charles is Jamaica’s head of state. The island nation may break with the monarchy next year.,,,"A protest demanding an apology and reparations for slavery in Kingston, Jamaica, last year during a visit by King Charles III’s son Prince William, Prince of Wales, and his wife, Catherine, Princess of Wales.",Collin Reid/Associated Press,https://static01.nyt.com/images/2023/05/06/multimedia/06charles-coronation-jamaica-cvgz/06charles-coronation-jamaica-cvgz-articleLarge.jpg,399,600,https://static01.nyt.com/images/2023/05/06/multimedia/06charles-coronation-jamaica-cvgz/06charles-coronation-jamaica-cvgz-thumbStandard.jpg,75,75,Charles is Jamaica’s head of state. The island nation may break with the monarchy next year.,"Charles is Jamaica’s head of state. The island nation may break with the monarchy next year. The Commonwealth country has scheduled a referendum in 2024 on whether to cut ties to the British monarchy, opening up a debate on how to reshape the society. The Commonwealth country has scheduled a referendum in 2024 on whether to cut ties to the British monarchy, opening up a debate on how to reshape the society."
Violence erupted over a question of who gets to claim special tribal status.,article,nyt://article/2ae854ff-d2aa-58e8-93a0-d40ed30edbb8,"[{'name': 'Location', 'value': 'Manipur State (India)', 'rank': 1}, {'name': 'Subject', 'value': 'Demonstrations, Protests and Riots', 'rank': 2}, {'name': 'Location', 'value': 'India', 'rank': 3}, {'name': 'Subject', 'value': 'Decisions and Verdicts', 'rank': 4}]",Foreign,13.0,A,2023-05-06 14:02:25+00:00,World,Violence erupted over a question of who gets to claim special tribal status.,The New York Times,Asia Pacific,News,nyt://article/2ae854ff-d2aa-58e8-93a0-d40ed30edbb8,https://www.nytimes.com/2023/05/06/world/asia/ethnic-clashes-indias-manipur-state.html,618,By Alex Travelli and Suhasini Raj,Dozens Killed in Ethnic Clashes in India’s Manipur State,,India Moves To End Fight After Dozens Are Killed,"A truck burns on Thursday in Imphal, the capital of Manipur state, where there have been days of violence between rival ethnic groups.",Agence France-Presse — Getty Images,https://static01.nyt.com/images/2023/05/06/multimedia/06india-unrest-zfvb/06india-unrest-zfvb-articleLarge.jpg,400,600,https://static01.nyt.com/images/2023/05/06/multimedia/06india-unrest-zfvb/06india-unrest-zfvb-thumbStandard.jpg,75,75,Dozens Killed in Ethnic Clashes in India’s Manipur State,Dozens Killed in Ethnic Clashes in India’s Manipur State Violence erupted over a question of who gets to claim special tribal status. Violence erupted over a question of who gets to claim special tribal status.
"Zakhar Prilepin, who himself fought in eastern Ukraine, has long advocated an imperialist foreign policy by Moscow.",article,nyt://article/212925d8-7422-594d-9be0-fab4b6a59b8a,"[{'name': 'Location', 'value': 'Russia', 'rank': 1}, {'name': 'Person', 'value': 'Prilepin, Zakhar', 'rank': 2}, {'name': 'Subject', 'value': 'Writing and Writers', 'rank': 3}, {'name': 'Subject', 'value': 'Nationalism (Theory and Philosophy)', 'rank': 4}, {'name': 'Subject', 'value': 'Assassinations and Attempted Assassinations', 'rank': 5}, {'name': 'Subject', 'value': 'Bombs and Explosives', 'rank': 6}, {'name': 'Subject', 'value': 'Russian Invasion of Ukraine (2022)', 'rank': 7}, {'name': 'Person', 'value': 'Putin, Vladimir V', 'rank': 8}, {'name': 'Subject', 'value': 'Politics and Government', 'rank': 9}, {'name': 'Location', 'value': 'Ukraine', 'rank': 10}]",Foreign,6.0,A,2023-05-06 10:58:56+00:00,World,"Zakhar Prilepin, who himself fought in eastern Ukraine, has long advocated an imperialist foreign policy by Moscow.",The New York Times,Europe,News,nyt://article/212925d8-7422-594d-9be0-fab4b6a59b8a,https://www.nytimes.com/2023/05/06/world/europe/russia-prilepin-bombing.html,1132,By Neil MacFarquhar and Anton Troianovski,"Car Bombing Injures Prominent Russian Nationalist Writer, State Media Reports",,Car Bombing Said to Target Russian Writer,Zakhar Prilepin in 2012.,Jeff Pachoud/Agence France-Presse — Getty Images,https://static01.nyt.com/images/2023/05/06/multimedia/06russia-bombing-prilepin-01-chgj/06russia-bombing-prilepin-01-chgj-articleLarge.jpg,399,600,https://static01.nyt.com/images/2023/05/06/multimedia/06russia-bombing-prilepin-01-chgj/06russia-bombing-prilepin-01-chgj-thumbStandard-v2.jpg,75,75,"Car Bombing Injures Prominent Russian Nationalist Writer, State Media Reports","Car Bombing Injures Prominent Russian Nationalist Writer, State Media Reports Zakhar Prilepin, who himself fought in eastern Ukraine, has long advocated an imperialist foreign policy by Moscow. Zakhar Prilepin, who himself fought in eastern Ukraine, has long advocated an imperialist foreign policy by Moscow."
,article,nyt://article/919f1675-4f93-58f5-91f3-10309cbd2c12,[],Foreign,,,2023-05-06 10:16:44+00:00,World,,The New York Times,Europe,Live Blog Post,nyt://article/919f1675-4f93-58f5-91f3-10309cbd2c12,https://www.nytimes.com/live/2023/05/06/world/coronation-king-charles-uk/in-australia-and-new-zealand-the-coronation-of-their-new-head-of-state-feels-a-long-way-away,667,By Natasha Frost,"In Australia and New Zealand, the coronation of their new head of state feels a long way away.",,,"Visitors to Madame Tussauds in Sydney, Australia, interacting with newly unveiled wax figures of King Charles III, Prince William and Catherine, Princess of Wales, on Thursday.",Nikki Short/Reuters,https://static01.nyt.com/images/2023/05/06/multimedia/06charles-coronation-oz-nz-kmqt/06charles-coronation-oz-nz-kmqt-articleLarge.jpg,400,600,https://static01.nyt.com/images/2023/05/06/multimedia/06charles-coronation-oz-nz-kmqt/06charles-coronation-oz-nz-kmqt-thumbStandard.jpg,75,75,"In Australia and New Zealand, the coronation of their new head of state feels a long way away.","In Australia and New Zealand, the coronation of their new head of state feels a long way away."
,article,nyt://article/cb1da569-a022-54cb-8a18-b998603db59e,[],Foreign,,,2023-04-24 05:03:06+00:00,World,,The New York Times,Europe,Live Blog Post,nyt://article/cb1da569-a022-54cb-8a18-b998603db59e,https://www.nytimes.com/live/2023/04/24/world/ukraine-russia-news/lavrov-at-the-un-a-new-navalny-trial-and-a-state-visit-in-washington-what-to-watch-for-this-week,230,By Anushka Patil and Juston Jones,A new Navalny trial and a state visit in Washington: What to watch for this week.,,,The Russian opposition leader Aleksei A. Navalny standing in a defendant’s cage in Babuskinsky District Court in Moscow in 2021.,Alexander Zemlianichenko/Associated Press,https://static01.nyt.com/images/2023/04/24/multimedia/24ukraine-briefing-week-ahead-1-mcfw/24ukraine-briefing-week-ahead-1-mcfw-articleLarge.jpg,400,600,https://static01.nyt.com/images/2023/04/24/multimedia/24ukraine-briefing-week-ahead-1-mcfw/24ukraine-briefing-week-ahead-1-mcfw-thumbStandard.jpg,75,75,A new Navalny trial and a state visit in Washington: What to watch for this week.,A new Navalny trial and a state visit in Washington: What to watch for this week.
"A public radio station in the city of Szczecin is under fire for helping to identify a 15-year-old sex abuse victim, the son of a local opposition politician, who later killed himself.",article,nyt://article/8906e13c-f987-5513-b3dd-e8e807417e8d,"[{'name': 'Location', 'value': 'Poland', 'rank': 1}, {'name': 'Subject', 'value': 'Public Broadcasting', 'rank': 2}, {'name': 'Subject', 'value': 'Radio', 'rank': 3}, {'name': 'Subject', 'value': 'Politics and Government', 'rank': 4}, {'name': 'Organization', 'value': 'Law and Justice (Poland)', 'rank': 5}, {'name': 'Subject', 'value': 'Child Abuse and Neglect', 'rank': 6}, {'name': 'Subject', 'value': 'Sex Crimes', 'rank': 7}, {'name': 'Subject', 'value': 'Suicides and Suicide Attempts', 'rank': 8}]",Foreign,10.0,A,2023-04-15 14:32:51+00:00,World,"A public radio station in the city of Szczecin is under fire for helping to identify a 15-year-old sex abuse victim, the son of a local opposition politician, who later killed himself.",The New York Times,Europe,News,nyt://article/8906e13c-f987-5513-b3dd-e8e807417e8d,https://www.nytimes.com/2023/04/15/world/europe/poland-suicide-radio-szczecin.html,1502,By Andrew Higgins,Boy’s Suicide in Poland Spurs Backlash Against State Media Tactics,,"A Media Backlash in Poland, Set Off by a Suicide","A view of the neighborhood in Szczecin, Poland, where a 15-year-old sex abuse victim who killed himself in March lived.",Sergey Ponomarev for The New York Times,https://static01.nyt.com/images/2023/05/09/multimedia/09poland-opposition-01-wpjh/09poland-opposition-01-wpjh-articleLarge.jpg,400,600,https://static01.nyt.com/images/2023/05/09/multimedia/09poland-opposition-01-wpjh/09poland-opposition-01-wpjh-thumbStandard.jpg,75,75,Boy’s Suicide in Poland Spurs Backlash Against State Media Tactics,"Boy’s Suicide in Poland Spurs Backlash Against State Media Tactics A public radio station in the city of Szczecin is under fire for helping to identify a 15-year-old sex abuse victim, the son of a local opposition politician, who later killed himself. A public radio station in the city of Szczecin is under fire for helping to identify a 15-year-old sex abuse victim, the son of a local opposition politician, who later killed himself."
"Aleksei Moskalyov, a single father, escaped house arrest in Russia after he was charged with “discrediting” the Russian Army over the war in Ukraine.",article,nyt://article/507df6d1-18cc-5034-9256-863b7de270e1,"[{'name': 'Subject', 'value': 'Russian Invasion of Ukraine (2022)', 'rank': 1}, {'name': 'Subject', 'value': 'Child Custody and Support', 'rank': 2}, {'name': 'Subject', 'value': 'Extradition', 'rank': 3}, {'name': 'Location', 'value': 'Belarus', 'rank': 4}, {'name': 'Location', 'value': 'Russia', 'rank': 5}, {'name': 'Person', 'value': 'Moskalyov, Aleksei', 'rank': 6}]",Foreign,,,2023-04-13 11:35:20+00:00,World,"Aleksei Moskalyov, a single father, escaped house arrest in Russia after he was charged with “discrediting” the Russian Army over the war in Ukraine.",The New York Times,Europe,News,nyt://article/507df6d1-18cc-5034-9256-863b7de270e1,https://www.nytimes.com/2023/04/13/world/europe/belarus-russia-extradition-anti-war-picture.html,355,By Ivan Nechepurenko,"Belarus extradites a Russian father convicted after his daughter drew an antiwar picture, state news media reports.",,,"Aleksei Moskalyov in a Russian courtroom in March. His case has attracted international attention, in part because it has thrown custody of his daughter into question.",Associated Press,https://static01.nyt.com/images/2023/03/28/multimedia/13ukraine-briefing-moskalyov-01/28russia-child-01-ktpg-articleLarge.jpg,400,600,https://static01.nyt.com/images/2023/03/28/multimedia/13ukraine-briefing-moskalyov-01/28russia-child-01-ktpg-thumbStandard.jpg,75,75,"Belarus extradites a Russian father convicted after his daughter drew an antiwar picture, state news media reports.","Belarus extradites a Russian father convicted after his daughter drew an antiwar picture, state news media reports. Aleksei Moskalyov, a single father, escaped house arrest in Russia after he was charged with “discrediting” the Russian Army over the war in Ukraine. Aleksei Moskalyov, a single father, escaped house arrest in Russia after he was charged with “discrediting” the Russian Army over the war in Ukraine."
The finding means that the U.S. government sees the Wall Street Journal reporter as the equivalent of a political hostage.,article,nyt://article/7ab7004d-2e8c-5f36-b0aa-2c6b307c78a7,"[{'name': 'Subject', 'value': 'International Relations', 'rank': 1}, {'name': 'Person', 'value': 'Gershkovich, Evan', 'rank': 2}, {'name': 'Subject', 'value': 'Political Prisoners', 'rank': 3}, {'name': 'Subject', 'value': 'Russian Invasion of Ukraine (2022)', 'rank': 4}]",Washington,,,2023-04-10 20:37:58+00:00,World,The finding means that the U.S. government sees the Wall Street Journal reporter as the equivalent of a political hostage.,The New York Times,Europe,News,nyt://article/7ab7004d-2e8c-5f36-b0aa-2c6b307c78a7,https://www.nytimes.com/2023/04/11/world/europe/evan-gershkovich-russia-hostage-detained.html,658,By Michael Crowley,The State Department declares Evan Gershkovich ‘wrongfully detained’ by Russia.,,,The Wall Street Journal correspondent Evan Gershkovich in an undated photograph.,"The Wall Street Journal, via Reuters",https://static01.nyt.com/images/2023/04/10/multimedia/10ukraine-briefing-gershkovich0-lbkm/10ukraine-briefing-gershkovich0-lbkm-articleLarge.jpg,400,600,https://static01.nyt.com/images/2023/04/10/multimedia/10ukraine-briefing-gershkovich0-lbkm/10ukraine-briefing-gershkovich0-lbkm-thumbStandard.jpg,75,75,The State Department declares Evan Gershkovich ‘wrongfully detained’ by Russia.,The State Department declares Evan Gershkovich ‘wrongfully detained’ by Russia. The finding means that the U.S. government sees the Wall Street Journal reporter as the equivalent of a political hostage. The finding means that the U.S. government sees the Wall Street Journal reporter as the equivalent of a political hostage.
"Evan Gershkovich, a reporter for The Wall Street Journal, was detained last week. The Journal and U.S. officials have vehemently rejected the Russian authorities’ allegations against him.",article,nyt://article/c265e316-b39a-585c-be59-d67429cefc3c,"[{'name': 'Subject', 'value': 'Freedom of the Press', 'rank': 1}, {'name': 'Subject', 'value': 'Political Prisoners', 'rank': 2}, {'name': 'Location', 'value': 'Russia', 'rank': 3}, {'name': 'Person', 'value': 'Gershkovich, Evan', 'rank': 4}, {'name': 'Organization', 'value': 'Wall Street Journal', 'rank': 5}, {'name': 'Subject', 'value': 'Espionage and Intelligence Services', 'rank': 6}]",Foreign,,,2023-04-07 19:32:19+00:00,World,"Evan Gershkovich, a reporter for The Wall Street Journal, was detained last week. The Journal and U.S. officials have vehemently rejected the Russian authorities’ allegations against him.",The New York Times,Europe,News,nyt://article/c265e316-b39a-585c-be59-d67429cefc3c,https://www.nytimes.com/2023/04/07/world/europe/evan-gershkovich-charged-espionage-russia.html,548,By Neil MacFarquhar,"Russia formally charges detained American reporter with espionage, according to state media.",,,"Evan Gershkovich, a Wall Street Journal reporter, being escorted by officers from court to a bus in Moscow on Thursday.",Alexander Zemlianichenko/Associated Press,https://static01.nyt.com/images/2023/04/07/multimedia/07ukraine-briefing-gershkovich-pzch/07ukraine-briefing-gershkovich-pzch-articleLarge.jpg,400,600,https://static01.nyt.com/images/2023/04/07/multimedia/07ukraine-briefing-gershkovich-pzch/07ukraine-briefing-gershkovich-pzch-thumbStandard.jpg,75,75,"Russia formally charges detained American reporter with espionage, according to state media.","Russia formally charges detained American reporter with espionage, according to state media. Evan Gershkovich, a reporter for The Wall Street Journal, was detained last week. The Journal and U.S. officials have vehemently rejected the Russian authorities’ allegations against him. Evan Gershkovich, a reporter for The Wall Street Journal, was detained last week. The Journal and U.S. officials have vehemently rejected the Russian authorities’ allegations against him."
,article,nyt://article/4a0da5ee-0652-526f-80f8-3f98975ce7d3,[],Washington,,,2023-04-04 19:23:20+00:00,World,,The New York Times,Europe,Live Blog Post,nyt://article/4a0da5ee-0652-526f-80f8-3f98975ce7d3,https://www.nytimes.com/live/2023/04/04/world/russia-ukraine-war/the-state-department-summoned-russias-ambassador-over-the-detention-of-an-american-reporter,460,By Edward Wong,The State Department summoned Russia’s ambassador over the detention of an American reporter.,,,"Anatoly Antonov, Russia’s ambassador to the United States, after a visit to the State Department in Washington last month.",Patrick Semansky/Associated Press,https://static01.nyt.com/images/2023/04/04/multimedia/04ukraine-briefing-antonov-topart-khcg/04ukraine-briefing-antonov-topart-khcg-articleLarge.jpg,400,600,https://static01.nyt.com/images/2023/04/04/multimedia/04ukraine-briefing-antonov-topart-khcg/04ukraine-briefing-antonov-topart-khcg-thumbStandard.jpg,75,75,The State Department summoned Russia’s ambassador over the detention of an American reporter.,The State Department summoned Russia’s ambassador over the detention of an American reporter.
"Despite sanctions and the pandemic, laborers from the country remain abroad, earning desperately needed cash for the regime, according to a new report.",article,nyt://article/4af9ef7d-ec2a-577e-a298-3258cd9c261a,"[{'name': 'Subject', 'value': 'International Relations', 'rank': 1}, {'name': 'Subject', 'value': 'Embargoes and Sanctions', 'rank': 2}, {'name': 'Subject', 'value': 'Human Rights and Human Rights Violations', 'rank': 3}, {'name': 'Location', 'value': 'South Korea', 'rank': 4}, {'name': 'Location', 'value': 'North Korea', 'rank': 5}]",Foreign,8.0,A,2023-04-03 12:41:39+00:00,World,"Despite sanctions and the pandemic, laborers from the country remain abroad, earning desperately needed cash for the regime, according to a new report.",The New York Times,Asia Pacific,News,nyt://article/4af9ef7d-ec2a-577e-a298-3258cd9c261a,https://www.nytimes.com/2023/04/03/world/asia/north-korea-human-rights.html,949,By Choe Sang-Hun,North Koreans Trapped in ‘State-Sponsored Slavery’ in Russia,,North Koreans Trapped  Inside Russia and China Toil for the Government,"North Korean workers in 2019 waiting for their flight at an airport in Vladivostok, Russia. Under a United Nations Security Council resolution, countries were required to expel all North Korean workers by the end of 2019.",Agence France-Presse — Getty Images,https://static01.nyt.com/images/2023/04/03/multimedia/03nkorea-humanrights-01-jlpz/03nkorea-humanrights-01-jlpz-articleLarge.jpg,400,600,https://static01.nyt.com/images/2023/04/03/multimedia/03nkorea-humanrights-01-jlpz/03nkorea-humanrights-01-jlpz-thumbStandard.jpg,75,75,North Koreans Trapped in ‘State-Sponsored Slavery’ in Russia,"North Koreans Trapped in ‘State-Sponsored Slavery’ in Russia Despite sanctions and the pandemic, laborers from the country remain abroad, earning desperately needed cash for the regime, according to a new report. Despite sanctions and the pandemic, laborers from the country remain abroad, earning desperately needed cash for the regime, according to a new report."
,article,nyt://article/281ec2e6-d348-5de3-845d-d7275f55daf6,[],Foreign,,,2023-04-03 09:10:35+00:00,World,,The New York Times,Europe,Live Blog Post,nyt://article/281ec2e6-d348-5de3-845d-d7275f55daf6,https://www.nytimes.com/live/2023/04/03/world/russia-ukraine-war/poland-announces-a-state-visit-by-zelensky-this-week,326,By Vivek Shankar,Poland announces a state visit by Zelensky.,,,"President Volodymyr Zelensky in Izium, Ukraine, last year. He has left the country only a handful of times since the full-scale invasion began.",Nicole Tung for The New York Times,https://static01.nyt.com/images/2023/04/03/multimedia/03ukraine-briefing-zelensky-poland-bhtl/03ukraine-briefing-zelensky-poland-bhtl-articleLarge.jpg,400,600,https://static01.nyt.com/images/2023/04/03/multimedia/03ukraine-briefing-zelensky-poland-bhtl/03ukraine-briefing-zelensky-poland-bhtl-thumbStandard.jpg,75,75,Poland announces a state visit by Zelensky.,Poland announces a state visit by Zelensky.
"Charles and Camilla, the queen consort, visited the Brandenburg Gate in Berlin to start their three-day trip.",article,nyt://article/c9b87893-1a96-545c-a815-84e5694b1e47,"[{'name': 'Subject', 'value': 'Politics and Government', 'rank': 1}, {'name': 'Subject', 'value': 'International Relations', 'rank': 2}, {'name': 'Person', 'value': 'Charles III, King of the United Kingdom', 'rank': 3}, {'name': 'Location', 'value': 'Berlin (Germany)', 'rank': 4}, {'name': 'Location', 'value': 'Great Britain', 'rank': 5}]",Express,12.0,A,2023-03-29 14:42:49+00:00,World,"Charles and Camilla, the queen consort, visited the Brandenburg Gate in Berlin to start their three-day trip.",The New York Times,Europe,News,nyt://article/c9b87893-1a96-545c-a815-84e5694b1e47,https://www.nytimes.com/2023/03/29/world/europe/king-charles-camilla-visit-germany.html,662,By Christopher F. Schuetze and Jenny Gross,King Charles Arrives in Germany for First State Visit as Monarch,,Germans Welcome Charles  In His First Travel as King,"King Charles III and Camilla, the queen consort, standing with President Frank-Walter Steinmeier of Germany and his wife, Elke Büdenbender, at the Brandenburg Gate on Wednesday.",Ronny Hartmann/Agence France-Presse — Getty Images,https://static01.nyt.com/images/2023/03/29/multimedia/29xp-charles-germany-02-cmtk/29xp-charles-germany-02-cmtk-articleLarge.jpg,400,600,https://static01.nyt.com/images/2023/03/29/multimedia/29xp-charles-germany-02-cmtk/29xp-charles-germany-02-cmtk-thumbStandard.jpg,75,75,King Charles Arrives in Germany for First State Visit as Monarch,"King Charles Arrives in Germany for First State Visit as Monarch Charles and Camilla, the queen consort, visited the Brandenburg Gate in Berlin to start their three-day trip. Charles and Camilla, the queen consort, visited the Brandenburg Gate in Berlin to start their three-day trip."
,article,nyt://article/3b96fd5c-d09a-5188-aeab-a06b5d89612e,[],Foreign,,,2023-03-28 21:07:50+00:00,World,,The New York Times,Europe,Live Blog Post,nyt://article/3b96fd5c-d09a-5188-aeab-a06b5d89612e,https://www.nytimes.com/live/2023/03/28/world/russia-ukraine-news/for-20-years-marina-ovsyannikova-worked-for-russian-state-tv-but-after-the-invasion-of-ukraine-she-couldnt-keep-quiet,240,By Constant Méheut,"For 20 years, Marina Ovsyannikova worked for Russian state TV, but after the invasion of Ukraine she couldn’t keep quiet.",,,"Marina Ovsyannikova , who used to work as an editor for the Channel One Russia television channel, in Paris this month.",Dmitry Kostyukov for The New York Times,https://static01.nyt.com/images/2023/03/25/multimedia/25ukraine-briefing-Ovsyannikova-profile-VERSION-lbph/25ukraine-briefing-Ovsyannikova-profile-VERSION-lbph-articleLarge.jpg,400,600,https://static01.nyt.com/images/2023/03/25/multimedia/25ukraine-briefing-Ovsyannikova-profile-VERSION-lbph/25ukraine-briefing-Ovsyannikova-profile-VERSION-lbph-thumbStandard.jpg,75,75,"For 20 years, Marina Ovsyannikova worked for Russian state TV, but after the invasion of Ukraine she couldn’t keep quiet.","For 20 years, Marina Ovsyannikova worked for Russian state TV, but after the invasion of Ukraine she couldn’t keep quiet."
"After neo-Nazis appeared at a protest against transgender rights in Melbourne, a local politician was facing expulsion from her party for taking part in the demonstration.",article,nyt://article/474cf493-8621-5f34-9d1a-d4ca354f2e30,"[{'name': 'Location', 'value': 'Victoria (Australia)', 'rank': 1}, {'name': 'Location', 'value': 'Melbourne (Australia)', 'rank': 2}, {'name': 'Subject', 'value': 'Fringe Groups and Movements', 'rank': 3}, {'name': 'Subject', 'value': 'Neo Nazi Groups', 'rank': 4}, {'name': 'Subject', 'value': 'Demonstrations, Protests and Riots', 'rank': 5}, {'name': 'Subject', 'value': 'Transgender', 'rank': 6}, {'name': 'Subject', 'value': 'Right-Wing Extremism and Alt-Right', 'rank': 7}, {'name': 'Location', 'value': 'Australia', 'rank': 8}]",Foreign,11.0,A,2023-03-20 13:25:37+00:00,World,"After neo-Nazis appeared at a protest against transgender rights in Melbourne, a local politician was facing expulsion from her party for taking part in the demonstration.",The New York Times,Australia,News,nyt://article/474cf493-8621-5f34-9d1a-d4ca354f2e30,https://www.nytimes.com/2023/03/20/world/australia/melbourne-nazi-salute.html,841,By Natasha Frost,Australian State Moves to Ban Nazi Salute After Clashes at Rally,,Australia Moves to Ban Nazi Salute After Transgender Rights Rally,Members of an Australian neo-Nazi group during a rally against transgender rights at Parliament House in Melbourne on Saturday.,"James Ross/EPA, via Shutterstock",https://static01.nyt.com/images/2023/03/20/multimedia/20OZ-NAZIS1-wtqp/20OZ-NAZIS1-wtqp-articleLarge.jpg,400,600,https://static01.nyt.com/images/2023/03/20/multimedia/20OZ-NAZIS1-wtqp/20OZ-NAZIS1-wtqp-thumbStandard.jpg,75,75,Australian State Moves to Ban Nazi Salute After Clashes at Rally,"Australian State Moves to Ban Nazi Salute After Clashes at Rally After neo-Nazis appeared at a protest against transgender rights in Melbourne, a local politician was facing expulsion from her party for taking part in the demonstration. After neo-Nazis appeared at a protest against transgender rights in Melbourne, a local politician was facing expulsion from her party for taking part in the demonstration."
"The rise of Amritpal Singh, a self-styled preacher, has raised fears of violence in Punjab, where thousands died in the 1980s during a Sikh insurgency.",article,nyt://article/5f5ef2a7-c4ff-599f-8d34-bb1e3352e9ac,"[{'name': 'Subject', 'value': 'Sikhs and Sikhism', 'rank': 1}, {'name': 'Subject', 'value': 'Secession and Independence Movements', 'rank': 2}, {'name': 'Subject', 'value': 'Fugitives', 'rank': 3}, {'name': 'Subject', 'value': 'Attacks on Police', 'rank': 4}, {'name': 'Subject', 'value': 'Content Type: Personal Profile', 'rank': 5}, {'name': 'Subject', 'value': 'Politics and Government', 'rank': 6}, {'name': 'Person', 'value': 'Singh, Amritpal (1993- )', 'rank': 7}, {'name': 'Person', 'value': 'Shah, Amit (1964- )', 'rank': 8}, {'name': 'Person', 'value': 'Modi, Narendra', 'rank': 9}, {'name': 'Location', 'value': 'Punjab (India)', 'rank': 10}, {'name': 'Location', 'value': 'India', 'rank': 11}]",Foreign,6.0,A,2023-03-20 12:27:30+00:00,World,"The rise of Amritpal Singh, a self-styled preacher, has raised fears of violence in Punjab, where thousands died in the 1980s during a Sikh insurgency.",The New York Times,Asia Pacific,News,nyt://article/5f5ef2a7-c4ff-599f-8d34-bb1e3352e9ac,https://www.nytimes.com/2023/03/20/world/asia/india-punjab-internet-shutdown-amritpal-singh.html,852,By Sameer Yasir and Suhasini Raj,Internet Blocked in Indian State as Security Forces Pursue Separatist,,Punjab Security Forces Hunt a Sikh Separatist Amid Insurgency Fears,"Police officers outside the home of Amritpal Singh in Jallupur Khera, a village about 30 miles from Amritsar, India. ",Narinder Nanu/Agence France-Presse — Getty Images,https://static01.nyt.com/images/2023/03/20/multimedia/20india-punjab-01-mvwg/20india-punjab-01-mvwg-articleLarge.jpg,400,600,https://static01.nyt.com/images/2023/03/20/multimedia/20india-punjab-01-mvwg/20india-punjab-01-mvwg-thumbStandard.jpg,75,75,Internet Blocked in Indian State as Security Forces Pursue Separatist,"Internet Blocked in Indian State as Security Forces Pursue Separatist The rise of Amritpal Singh, a self-styled preacher, has raised fears of violence in Punjab, where thousands died in the 1980s during a Sikh insurgency. The rise of Amritpal Singh, a self-styled preacher, has raised fears of violence in Punjab, where thousands died in the 1980s during a Sikh insurgency."
"The government moved elections scheduled for Saturday back by a week, saying it needed more time to reset digital voting machines at the center of fraud accusations.",article,nyt://article/5beae3b2-08f9-582c-b9dd-842e215f2412,"[{'name': 'Location', 'value': 'Nigeria', 'rank': 1}, {'name': 'Subject', 'value': 'Elections', 'rank': 2}, {'name': 'Subject', 'value': 'Voter Fraud (Election Fraud)', 'rank': 3}, {'name': 'Subject', 'value': 'Voting Machines', 'rank': 4}, {'name': 'Person', 'value': 'Tinubu, Bola Ahmed', 'rank': 5}, {'name': 'Person', 'value': 'Obi, Peter (1961- )', 'rank': 6}, {'name': 'Person', 'value': 'Abubakar, Atiku', 'rank': 7}, {'name': 'Subject', 'value': 'Politics and Government', 'rank': 8}]",Foreign,5.0,A,2023-03-09 21:25:04+00:00,World,"The government moved elections scheduled for Saturday back by a week, saying it needed more time to reset digital voting machines at the center of fraud accusations.",The New York Times,Africa,News,nyt://article/5beae3b2-08f9-582c-b9dd-842e215f2412,https://www.nytimes.com/2023/03/09/world/africa/nigeria-state-elections.html,896,By Elian Peltier and Oladeinde Olawoyin,Nigeria Postpones State Elections Amid Presidential Vote Controversy,,Nigeria Delays State Elections by a Week Amid Presidential Vote Controversy,A campaign billboard for a Lagos governor candidate on Tuesday. Nigeria’s election commission is postponing the election for 28 of the country’s 36 state governors.,Pius Utomi Ekpei/Agence France-Presse — Getty Images,https://static01.nyt.com/images/2023/03/09/multimedia/09nigeria-1-kltq/09nigeria-1-kltq-articleLarge.jpg,400,600,https://static01.nyt.com/images/2023/03/09/multimedia/09nigeria-1-kltq/09nigeria-1-kltq-thumbStandard.jpg,75,75,Nigeria Postpones State Elections Amid Presidential Vote Controversy,"Nigeria Postpones State Elections Amid Presidential Vote Controversy The government moved elections scheduled for Saturday back by a week, saying it needed more time to reset digital voting machines at the center of fraud accusations. The government moved elections scheduled for Saturday back by a week, saying it needed more time to reset digital voting machines at the center of fraud accusations."
,article,nyt://article/81284332-8fdb-5d7d-9982-65f5b88c0505,[],Foreign,,,2023-03-09 08:29:45+00:00,World,,The New York Times,Europe,Live Blog Post,nyt://article/81284332-8fdb-5d7d-9982-65f5b88c0505,https://www.nytimes.com/live/2023/03/09/world/russia-ukraine-news/the-us-orders-the-seizure-of-a-boeing-jet-linked-to-a-russian-state-controlled-oil-company,253,By Tiffany May,The U.S. orders the seizure of a Boeing jet linked to a Russian state-controlled oil company.,,,The headquarters of Rosneft in Moscow.,Kirill Kudryavtsev/Agence France-Presse — Getty Images,https://static01.nyt.com/images/2023/03/09/multimedia/09ukraine-briefing-warrant-rosneft-qthf/09ukraine-briefing-warrant-rosneft-qthf-articleLarge.jpg,400,600,https://static01.nyt.com/images/2023/03/09/multimedia/09ukraine-briefing-warrant-rosneft-qthf/09ukraine-briefing-warrant-rosneft-qthf-thumbStandard.jpg,75,75,The U.S. orders the seizure of a Boeing jet linked to a Russian state-controlled oil company.,The U.S. orders the seizure of a Boeing jet linked to a Russian state-controlled oil company.
This is the first time a paper trail has emerged to prove definitively that the Mexican military spied on citizens who were trying to expose its misdeeds.,article,nyt://article/ec397432-9cac-5aac-b09a-15702347c3a6,"[{'name': 'Subject', 'value': 'Surveillance of Citizens by Government', 'rank': 1}, {'name': 'Subject', 'value': 'Defense and Military Forces', 'rank': 2}, {'name': 'Subject', 'value': 'Civilian Casualties', 'rank': 3}, {'name': 'Subject', 'value': 'Police Brutality, Misconduct and Shootings', 'rank': 4}, {'name': 'Subject', 'value': 'Human Rights and Human Rights Violations', 'rank': 5}, {'name': 'Person', 'value': 'Ramos, Raymundo (Activist)', 'rank': 6}, {'name': 'Location', 'value': 'Mexico', 'rank': 7}, {'name': 'Person', 'value': 'Lopez Obrador, Andres Manuel', 'rank': 8}, {'name': 'Organization', 'value': 'NSO Group', 'rank': 9}, {'name': 'Location', 'value': 'Nuevo Laredo (Mexico)', 'rank': 10}, {'name': 'Organization', 'value': 'Citizen Lab', 'rank': 11}]",Foreign,1.0,A,2023-03-07 14:12:10+00:00,World,This is the first time a paper trail has emerged to prove definitively that the Mexican military spied on citizens who were trying to expose its misdeeds.,The New York Times,Americas,News,nyt://article/ec397432-9cac-5aac-b09a-15702347c3a6,https://www.nytimes.com/2023/03/07/world/americas/mexico-military-surveillance.html,1297,By Natalie Kitroeff and Ronen Bergman,Spying by Mexico’s Armed Forces Brings Fears of a ‘Military State’,,Spying by Mexico Raises Fears of ‘Military State’,,Amit Elkayam for The New York Times,https://static01.nyt.com/images/2023/03/07/multimedia/07mexico-spying-PROMO/07mexico-spying-01-mtpv-articleLarge.jpg,400,600,https://static01.nyt.com/images/2023/03/07/multimedia/07mexico-spying-PROMO/07mexico-spying-01-mtpv-thumbStandard.jpg,75,75,Spying by Mexico’s Armed Forces Brings Fears of a ‘Military State’,Spying by Mexico’s Armed Forces Brings Fears of a ‘Military State’ This is the first time a paper trail has emerged to prove definitively that the Mexican military spied on citizens who were trying to expose its misdeeds. This is the first time a paper trail has emerged to prove definitively that the Mexican military spied on citizens who were trying to expose its misdeeds.
"Britain’s new monarch and his wife, Camilla, the queen consort, will attend state banquets in Paris and Berlin later this month.",article,nyt://article/14a0f430-f301-5a14-9810-91c061f50c49,"[{'name': 'Subject', 'value': 'International Relations', 'rank': 1}, {'name': 'Organization', 'value': 'European Union', 'rank': 2}, {'name': 'Person', 'value': 'Charles III, King of the United Kingdom', 'rank': 3}, {'name': 'Person', 'value': 'Macron, Emmanuel (1977- )', 'rank': 4}, {'name': 'Person', 'value': 'Steinmeier, Frank-Walter', 'rank': 5}, {'name': 'Location', 'value': 'Germany', 'rank': 6}, {'name': 'Location', 'value': 'France', 'rank': 7}, {'name': 'Location', 'value': 'Great Britain', 'rank': 8}]",Express,5.0,A,2023-03-03 15:52:27+00:00,World,"Britain’s new monarch and his wife, Camilla, the queen consort, will attend state banquets in Paris and Berlin later this month.",The New York Times,Europe,News,nyt://article/14a0f430-f301-5a14-9810-91c061f50c49,https://www.nytimes.com/2023/03/03/world/europe/king-charles-france-germany-visit.html,393,By Jenny Gross,King Charles Will Travel to France and Germany for First State Visits,,King Charles Plans Visits  To Germany  And France,King Charles III last month. He will make his first state visits since becoming king to France and Germany.,"Chris Jackson/Chris Jackson Collection, via Getty Images",https://static01.nyt.com/images/2023/03/03/multimedia/03xp-charles-lzcp/03xp-charles-lzcp-articleLarge.jpg,400,600,https://static01.nyt.com/images/2023/03/03/multimedia/03xp-charles-lzcp/03xp-charles-lzcp-thumbStandard.jpg,75,75,King Charles Will Travel to France and Germany for First State Visits,"King Charles Will Travel to France and Germany for First State Visits Britain’s new monarch and his wife, Camilla, the queen consort, will attend state banquets in Paris and Berlin later this month. Britain’s new monarch and his wife, Camilla, the queen consort, will attend state banquets in Paris and Berlin later this month."
,article,nyt://article/40d1bc15-8bb7-555e-923c-e7fe0d4b285f,[],Washington,,,2023-02-21 11:19:39+00:00,World,,The New York Times,,Live Blog Post,nyt://article/40d1bc15-8bb7-555e-923c-e7fe0d4b285f,https://www.nytimes.com/live/2023/02/21/world/russia-biden-putin-ukraine-war/biden-will-be-stating-values-not-jousting-with-putin-a-top-adviser-says,513,By Michael D. Shear,"Biden will be stating values, not jousting with Putin, a top adviser says.",,,"President Biden on a train after a surprise visit to Kyiv, Ukraine, on Monday.",Pool photo by Evan Vucci,https://static01.nyt.com/images/2023/02/21/multimedia/21ukraine-blog-biden-preview-chpt/21ukraine-blog-biden-preview-chpt-articleLarge.jpg,400,600,https://static01.nyt.com/images/2023/02/21/multimedia/21ukraine-blog-biden-preview-chpt/21ukraine-blog-biden-preview-chpt-thumbStandard.jpg,75,75,"Biden will be stating values, not jousting with Putin, a top adviser says.","Biden will be stating values, not jousting with Putin, a top adviser says."
,article,nyt://article/bfdf319c-c4f8-5ec8-81f5-657624d51f5c,[],Foreign,,,2023-02-20 14:21:25+00:00,World,,The New York Times,,Live Blog Post,nyt://article/bfdf319c-c4f8-5ec8-81f5-657624d51f5c,https://www.nytimes.com/live/2023/02/20/world/russia-ukraine-war/on-russian-state-tv-bidens-visit-is-cast-as-a-political-stunt,325,By Valerie Hopkins,"On Russian state TV, Biden’s visit is cast as a political stunt.",,,President Biden with President Volodymyr Zelensky of Ukraine in Kyiv on Monday.,Daniel Berehulak/The New York Times,https://static01.nyt.com/images/2023/02/20/multimedia/20ukraine-briefing-russian-tv/20ukraine-briefing-BIDEN-lchf-articleLarge.jpg,400,600,https://static01.nyt.com/images/2023/02/20/multimedia/20ukraine-briefing-russian-tv/20ukraine-briefing-BIDEN-lchf-thumbStandard.jpg,75,75,"On Russian state TV, Biden’s visit is cast as a political stunt.","On Russian state TV, Biden’s visit is cast as a political stunt."
"Attributed in Syria to Israel, the strike appeared to be the latest episode of a long-running conflict between Israel and Iranian proxies.",article,nyt://article/e79800f5-e08d-5db5-be9b-7ed35404ae49,"[{'name': 'Location', 'value': 'Damascus (Syria)', 'rank': 1}, {'name': 'Location', 'value': 'Israel', 'rank': 2}, {'name': 'Subject', 'value': 'Turkey Earthquake (Feb 6, 2023)', 'rank': 3}, {'name': 'Subject', 'value': 'Defense and Military Forces', 'rank': 4}, {'name': 'Subject', 'value': 'International Relations', 'rank': 5}, {'name': 'Organization', 'value': 'Syrian Observatory for Human Rights', 'rank': 6}]",Foreign,5.0,A,2023-02-19 02:29:39+00:00,World,"Attributed in Syria to Israel, the strike appeared to be the latest episode of a long-running conflict between Israel and Iranian proxies.",The New York Times,Middle East,News,nyt://article/e79800f5-e08d-5db5-be9b-7ed35404ae49,https://www.nytimes.com/2023/02/18/world/middleeast/damascus-syria-airstrikes.html,630,By Patrick Kingsley,Syrian State Media Reports a Deadly Strike in Damascus,,Syrian State Media Reports Deadly Strike in Damascus,"Syrian security forces members inspecting a building damaged in a missile strike on Sunday in Damascus, Syria.",Louai Beshara/Agence France-Presse — Getty Images,https://static01.nyt.com/images/2023/02/19/multimedia/19syria-airstrikes3-zpkq/19syria-airstrikes3-zpkq-articleLarge.jpg,400,600,https://static01.nyt.com/images/2023/02/19/multimedia/19syria-airstrikes3-zpkq/19syria-airstrikes3-zpkq-thumbStandard.jpg,75,75,Syrian State Media Reports a Deadly Strike in Damascus,"Syrian State Media Reports a Deadly Strike in Damascus Attributed in Syria to Israel, the strike appeared to be the latest episode of a long-running conflict between Israel and Iranian proxies. Attributed in Syria to Israel, the strike appeared to be the latest episode of a long-running conflict between Israel and Iranian proxies."
"The cyclone, which caused severe flooding and cut power to 225,000 residents, was “the most significant weather event New Zealand has seen this century,” Prime Minister Chris Hipkins said.",article,nyt://article/9d9bb4b1-8bd3-58a4-b0f7-1ec32d7abfeb,"[{'name': 'Subject', 'value': 'Power Failures and Blackouts', 'rank': 1}, {'name': 'Subject', 'value': 'Rain', 'rank': 2}, {'name': 'Subject', 'value': 'Floods', 'rank': 3}, {'name': 'Subject', 'value': 'Cyclones', 'rank': 4}, {'name': 'Subject', 'value': 'Weather', 'rank': 5}, {'name': 'Person', 'value': 'Hipkins, Chris', 'rank': 6}, {'name': 'Location', 'value': 'Auckland (New Zealand)', 'rank': 7}, {'name': 'Location', 'value': 'Christchurch (New Zealand)', 'rank': 8}, {'name': 'Location', 'value': 'New Zealand', 'rank': 9}]",Express,6.0,A,2023-02-14 22:01:23+00:00,World,"The cyclone, which caused severe flooding and cut power to 225,000 residents, was “the most significant weather event New Zealand has seen this century,” Prime Minister Chris Hipkins said.",The New York Times,Australia,News,nyt://article/9d9bb4b1-8bd3-58a4-b0f7-1ec32d7abfeb,https://www.nytimes.com/2023/02/14/world/australia/new-zealand-cyclone-gabrielle.html,620,By Michael Levenson and Judson Jones,"New Zealand, Battered by Cyclone Gabrielle, Declares State of Emergency",,New Zealand  Declares A Rare State Of Emergency,"Flooding in Napier, on the North Island of New Zealand, after Cyclone Gabrielle.",Agence France-Presse — Getty Images,https://static01.nyt.com/images/2023/02/16/multimedia/16nz-cyclone-01-jtzp/16nz-cyclone-01-jtzp-articleLarge.jpg,400,600,https://static01.nyt.com/images/2023/02/16/multimedia/16nz-cyclone-01-jtzp/16nz-cyclone-01-jtzp-thumbStandard.jpg,75,75,"New Zealand, Battered by Cyclone Gabrielle, Declares State of Emergency","New Zealand, Battered by Cyclone Gabrielle, Declares State of Emergency The cyclone, which caused severe flooding and cut power to 225,000 residents, was “the most significant weather event New Zealand has seen this century,” Prime Minister Chris Hipkins said. The cyclone, which caused severe flooding and cut power to 225,000 residents, was “the most significant weather event New Zealand has seen this century,” Prime Minister Chris Hipkins said."
,article,nyt://article/a141146c-6d6c-5624-b6ad-aa3576efbf1a,[],Foreign,,,2023-02-09 11:08:31+00:00,World,,The New York Times,Europe,Live Blog Post,nyt://article/a141146c-6d6c-5624-b6ad-aa3576efbf1a,https://www.nytimes.com/live/2023/02/09/world/turkey-syria-earthquake/a-state-of-emergency-goes-into-effect-for-10-turkish-provinces-affected-by-the-quake,222,By Gulsin Harman,"A state of emergency goes into effect for 10 Turkish provinces affected by the quake, Erdogan says.",,,"Search and rescue operations in Hatay Province, Turkey, on Wednesday.",Sergey Ponomarev for The New York Times,https://static01.nyt.com/images/2023/02/09/multimedia/09turkey-quake-turkey-emergency-01-jtbz/09turkey-quake-turkey-emergency-01-jtbz-articleLarge.jpg,400,600,https://static01.nyt.com/images/2023/02/09/multimedia/09turkey-quake-turkey-emergency-01-jtbz/09turkey-quake-turkey-emergency-01-jtbz-thumbStandard.jpg,75,75,"A state of emergency goes into effect for 10 Turkish provinces affected by the quake, Erdogan says.","A state of emergency goes into effect for 10 Turkish provinces affected by the quake, Erdogan says."
,article,nyt://article/4a6a83ae-a270-5bbd-a5f3-6c7be6b665ab,[],Foreign,,,2023-02-07 13:16:17+00:00,World,,The New York Times,Europe,Live Blog Post,nyt://article/4a6a83ae-a270-5bbd-a5f3-6c7be6b665ab,https://www.nytimes.com/live/2023/02/08/world/turkey-syria-earthquake/erdogan-declares-a-state-of-emergency-in-10-provinces-affected-by-the-quake,279,By Gulsin Harman and Cora Engelbrecht,Erdogan declares a state of emergency in 10 provinces affected by the quake.,,,"President Recep Tayyip Erdogan of Turkey in Ankara on Monday, in a photo released by the presidential press office.","Presidential Press Office, via Reuters",https://static01.nyt.com/images/2023/02/07/multimedia/07turkey-quake-erdogan-state-of-emergency-qpcv/07turkey-quake-erdogan-state-of-emergency-qpcv-articleLarge.jpg,392,600,https://static01.nyt.com/images/2023/02/07/multimedia/07turkey-quake-erdogan-state-of-emergency-qpcv/07turkey-quake-erdogan-state-of-emergency-qpcv-thumbStandard.jpg,75,75,Erdogan declares a state of emergency in 10 provinces affected by the quake.,Erdogan declares a state of emergency in 10 provinces affected by the quake.
"Recent efforts by Beijing to mend ties with Washington were showing progress, but the balloon’s appearance over the United States illustrates lingering mistrust and growing tensions.",article,nyt://article/ee5b664b-6aa1-5360-a4a4-5aaab70b7c5b,"[{'name': 'Subject', 'value': 'International Relations', 'rank': 1}, {'name': 'Subject', 'value': 'United States International Relations', 'rank': 2}, {'name': 'Subject', 'value': 'Espionage and Intelligence Services', 'rank': 3}, {'name': 'Organization', 'value': 'Asia Society', 'rank': 4}, {'name': 'Organization', 'value': 'Brookings Institution', 'rank': 5}, {'name': 'Organization', 'value': 'Fudan University', 'rank': 6}, {'name': 'Organization', 'value': 'State Department', 'rank': 7}, {'name': 'Person', 'value': 'Blinken, Antony J', 'rank': 8}, {'name': 'Person', 'value': 'Liu He (1952- )', 'rank': 9}, {'name': 'Person', 'value': 'Wang Yi', 'rank': 10}, {'name': 'Person', 'value': 'Qin Gang (1966- )', 'rank': 11}, {'name': 'Location', 'value': 'China', 'rank': 12}, {'name': 'Location', 'value': 'Montana', 'rank': 13}]",Foreign,,,2023-02-04 07:04:49+00:00,World,"Recent efforts by Beijing to mend ties with Washington were showing progress, but the balloon’s appearance over the United States illustrates lingering mistrust and growing tensions.",The New York Times,Asia Pacific,News,nyt://article/ee5b664b-6aa1-5360-a4a4-5aaab70b7c5b,https://www.nytimes.com/2023/02/04/world/asia/balloon-china-united-states.html,1152,By David Pierson,Balloon Incident Highlights Fragile State of U.S.-China Relationship,,,"Secretary of State Antony J. Blinken, right, in July with China’s foreign minister at the time, Wang Yi, in Bali, Indonesia.",Pool photo by Stefani Reynolds,https://static01.nyt.com/images/2023/02/04/multimedia/04china-balloon-01-blzp/04china-balloon-01-blzp-articleLarge.jpg,400,600,https://static01.nyt.com/images/2023/02/04/multimedia/04china-balloon-01-blzp/04china-balloon-01-blzp-thumbStandard.jpg,75,75,Balloon Incident Highlights Fragile State of U.S.-China Relationship,"Balloon Incident Highlights Fragile State of U.S.-China Relationship Recent efforts by Beijing to mend ties with Washington were showing progress, but the balloon’s appearance over the United States illustrates lingering mistrust and growing tensions. Recent efforts by Beijing to mend ties with Washington were showing progress, but the balloon’s appearance over the United States illustrates lingering mistrust and growing tensions."
,article,nyt://article/aed24107-91e7-5c45-bc53-05ed62bd47e5,[],Washington,,,2023-01-24 20:58:31+00:00,World,,The New York Times,Europe,Live Blog Post,nyt://article/aed24107-91e7-5c45-bc53-05ed62bd47e5,https://www.nytimes.com/live/2023/01/24/world/russia-ukraine-news/state-department-says-corruption-cases-in-ukraine-do-not-appear-to-involve-us-aid,341,By Michael Crowley,The State Department says corruption cases in Ukraine don’t appear to involve U.S. aid.,,,"Equipment and defensive munitions provided by the United States at an airport in Boryspil, Ukraine, last January.",Brendan Hoffman for The New York Times,https://static01.nyt.com/images/2023/01/24/multimedia/24ukraine-briefing-corruption-us-zpqf/24ukraine-briefing-corruption-us-zpqf-articleLarge.jpg,400,600,https://static01.nyt.com/images/2023/01/24/multimedia/24ukraine-briefing-corruption-us-zpqf/24ukraine-briefing-corruption-us-zpqf-thumbStandard.jpg,75,75,The State Department says corruption cases in Ukraine don’t appear to involve U.S. aid.,The State Department says corruption cases in Ukraine don’t appear to involve U.S. aid.
,article,nyt://article/ef997541-7458-5fc8-b5d5-80258b8fb5b4,[],Foreign,,,2023-01-19 10:00:18+00:00,World,,The New York Times,Europe,Live Blog Post,nyt://article/ef997541-7458-5fc8-b5d5-80258b8fb5b4,https://www.nytimes.com/live/2023/01/19/world/russia-ukraine-news/ukraine-urges-the-uns-atomic-watchdog-to-impose-sanctions-on-russias-state-nuclear-firm,440,By Matthew Mpoke Bigg,Ukraine urges the U.N.’s atomic watchdog to impose sanctions on Russia’s state nuclear firm.,,,"Rafael Mariano Grossi, the director of the International Atomic Energy Agency, right, at a nuclear power plant near the city of Yuzhnoukrainsk, Ukraine, on Monday.",Nacho Doce/Reuters,https://static01.nyt.com/images/2023/01/18/multimedia/18ukraine-briefing-nuclear-kjfz/18ukraine-briefing-nuclear-kjfz-articleLarge.jpg,399,600,https://static01.nyt.com/images/2023/01/18/multimedia/18ukraine-briefing-nuclear-kjfz/18ukraine-briefing-nuclear-kjfz-thumbStandard.jpg,75,75,Ukraine urges the U.N.’s atomic watchdog to impose sanctions on Russia’s state nuclear firm.,Ukraine urges the U.N.’s atomic watchdog to impose sanctions on Russia’s state nuclear firm.
"The department will use the Turkish-language spelling in “most formal, diplomatic, and bilateral contexts” after a request from the country’s embassy, a spokesman said.",article,nyt://article/b9bfa528-3985-5154-93d0-f6a8a2c66720,"[{'name': 'Location', 'value': 'Turkey', 'rank': 1}, {'name': 'Organization', 'value': 'State Department', 'rank': 2}, {'name': 'Subject', 'value': 'International Relations', 'rank': 3}, {'name': 'Person', 'value': 'Erdogan, Recep Tayyip', 'rank': 4}, {'name': 'Subject', 'value': 'Names, Geographical', 'rank': 5}, {'name': 'Subject', 'value': 'Spelling', 'rank': 6}, {'name': 'Subject', 'value': 'Language and Languages', 'rank': 7}, {'name': 'Subject', 'value': 'United States International Relations', 'rank': 8}]",Express,,,2023-01-05 21:42:50+00:00,World,"The department will use the Turkish-language spelling in “most formal, diplomatic, and bilateral contexts” after a request from the country’s embassy, a spokesman said.",The New York Times,Middle East,News,nyt://article/b9bfa528-3985-5154-93d0-f6a8a2c66720,https://www.nytimes.com/2023/01/05/world/middleeast/turkey-spelling-change.html,428,By Christine Chung,"For the State Department, Now It’s Türkiye, Not Turkey",,,President Recep Tayyip Erdogan of Turkey has publicly opposed the use of the Anglicized spelling for his country and has pushed for the rest of the world to use its Turkish-language name.,"Murat Kula/Anadolu Agency, via Getty Images",https://static01.nyt.com/images/2023/01/05/multimedia/05xp-Turkiye/05xp-Turkiye-articleLarge.jpg,400,600,https://static01.nyt.com/images/2023/01/05/multimedia/05xp-Turkiye/05xp-Turkiye-thumbStandard.jpg,75,75,"For the State Department, Now It’s Türkiye, Not Turkey","For the State Department, Now It’s Türkiye, Not Turkey The department will use the Turkish-language spelling in “most formal, diplomatic, and bilateral contexts” after a request from the country’s embassy, a spokesman said. The department will use the Turkish-language spelling in “most formal, diplomatic, and bilateral contexts” after a request from the country’s embassy, a spokesman said."
"Yevgeny Prigozhin, the head of the Wagner paramilitary group, is seen in a video congratulating men for completing their military contracts.",article,nyt://article/b58d6d60-8f7d-54ee-936f-286acfe2d129,"[{'name': 'Person', 'value': 'Prigozhin, Yevgeny V', 'rank': 1}, {'name': 'Organization', 'value': 'Wagner Group', 'rank': 2}, {'name': 'Subject', 'value': 'Russian Invasion of Ukraine (2022)', 'rank': 3}, {'name': 'Subject', 'value': 'Mercenaries and Private Military Contractors', 'rank': 4}, {'name': 'Location', 'value': 'Russia', 'rank': 5}, {'name': 'Subject', 'value': 'War and Armed Conflicts', 'rank': 6}]",Foreign,,,2023-01-05 14:05:14+00:00,World,"Yevgeny Prigozhin, the head of the Wagner paramilitary group, is seen in a video congratulating men for completing their military contracts.",The New York Times,Europe,News,nyt://article/b58d6d60-8f7d-54ee-936f-286acfe2d129,https://www.nytimes.com/2023/01/05/world/europe/russia-pardon-prisoners-ukraine-wagner.html,498,By Anatoly Kurmanaev and Alina Lobzina,"Russia issues the first pardons to prisoners who fought in Ukraine, state media reports.",,,"A pro-military poster near the Wagner Group’s headquarters in St. Petersburg, Russia, in November.",Olga Maltseva/Agence France-Presse — Getty Images,https://static01.nyt.com/images/2023/01/05/multimedia/05ukraine-briefing-wagner-1-7507/05ukraine-briefing-wagner-1-7507-articleLarge.jpg,399,600,https://static01.nyt.com/images/2023/01/05/multimedia/05ukraine-briefing-wagner-1-7507/05ukraine-briefing-wagner-1-7507-thumbStandard.jpg,75,75,"Russia issues the first pardons to prisoners who fought in Ukraine, state media reports.","Russia issues the first pardons to prisoners who fought in Ukraine, state media reports. Yevgeny Prigozhin, the head of the Wagner paramilitary group, is seen in a video congratulating men for completing their military contracts. Yevgeny Prigozhin, the head of the Wagner paramilitary group, is seen in a video congratulating men for completing their military contracts."
