abstract,document_type,_id,keywords,news_desk,print_page,print_section,pub_date,section_name,snippet,source,subsection_name,type_of_material,uri,web_url,word_count,byline.original,headline.main,headline.kicker,headline.print_headline,multimedia.caption,multimedia.credit,multimedia.default.url,multimedia.default.height,multimedia.default.width,multimedia.thumbnail.url,multimedia.thumbnail.height,multimedia.thumbnail.width,headline,text
,article,nyt://article/b88a310b-937f-54b6-8f7a-12b13e79d7b3,"[{'name': 'Subject', 'value': 'Israel-Gaza War (2023- )', 'rank': 1}, {'name': 'Person', 'value': 'Netanyahu, Benjamin', 'rank': 2}, {'name': 'Person', 'value': 'Gantz, Benny', 'rank': 3}]",Foreign,,,2023-12-28 20:36:19+00:00,World,,The New York Times,Middle East,Live Blog Post,nyt://article/b88a310b-937f-54b6-8f7a-12b13e79d7b3,https://www.nytimes.com/live/2023/12/28/world/israel-hamas-war-gaza-news/a-report-on-a-leaked-supreme-court-judicial-draft-has-israeli-politicians-on-edge,487,By Aaron Boxerman,A report on a leaked Supreme Court judicial draft has Israeli politicians on edge.,,,"The National Unity alliance leader Benny Gantz in Tel Aviv, Israel, last month. He joined the prime minister’s coalition in an emergency wartime unity government.",Amit Elkayam for The New York Times,https://static01.nyt.com/images/2023/01/28/multimedia/28israel-hamas-judicial-react-kptm/28israel-hamas-judicial-react-kptm-articleLarge.jpg,400,600,https://static01.nyt.com/images/2023/01/28/multimedia/28israel-hamas-judicial-react-kptm/28israel-hamas-judicial-react-kptm-thumbStandard.jpg,75,75,A report on a leaked Supreme Court judicial draft has Israeli politicians on edge.,A report on a leaked Supreme Court judicial draft has Israeli politicians on edge.
,article,nyt://article/75103305-f481-5be9-a083-da8308aaed92,[],Foreign,,,2023-12-28 15:40:32+00:00,World,,The New York Times,Middle East,Live Blog Post,nyt://article/75103305-f481-5be9-a083-da8308aaed92,https://www.nytimes.com/live/2023/12/28/world/israel-hamas-war-gaza-news/the-human-rights-situation-in-the-west-bank-has-deteriorated-rapidly-a-un-report-finds,494,By Nick Cumming-Bruce,"The human rights situation in the West Bank has ‘deteriorated rapidly,’ a U.N. report finds.",,,Israeli soldiers conducting a raid in the occupied West Bank in November.,Jaafar Ashtiyeh/Agence France-Presse — Getty Images,https://static01.nyt.com/images/2023/12/28/multimedia/28israel-hamas-un-westbank-kcvp/28israel-hamas-un-westbank-kcvp-articleLarge.jpg,400,600,https://static01.nyt.com/images/2023/12/28/multimedia/28israel-hamas-un-westbank-kcvp/28israel-hamas-un-westbank-kcvp-thumbStandard.jpg,75,75,"The human rights situation in the West Bank has ‘deteriorated rapidly,’ a U.N. report finds.","The human rights situation in the West Bank has ‘deteriorated rapidly,’ a U.N. report finds."
"Strong winds and heavy rain are expected in England over the coming days, according to forecasters.",article,nyt://article/305ae0ec-d018-5f46-bb98-d225d488d0e0,"[{'name': 'Subject', 'value': 'International Relations', 'rank': 1}, {'name': 'Subject', 'value': 'Global Warming', 'rank': 2}, {'name': 'Subject', 'value': 'Heat and Heat Waves', 'rank': 3}, {'name': 'Subject', 'value': 'Rain', 'rank': 4}, {'name': 'Subject', 'value': 'Tornadoes', 'rank': 5}]",Express,,,2023-12-28 15:26:05+00:00,World,"Strong winds and heavy rain are expected in England over the coming days, according to forecasters.",The New York Times,Europe,News,nyt://article/305ae0ec-d018-5f46-bb98-d225d488d0e0,https://www.nytimes.com/2023/12/28/world/europe/manchester-tornado-uk.html,414,By Jenny Gross,‘Significant Damage’ Reported as Storm Moves Through Britain,,,"Strong winds damaged buildings near Manchester, England, this week.",Jon Super/Associated Press,https://static01.nyt.com/images/2023/12/28/multimedia/28xp-uktornado-fclh/28xp-uktornado-fclh-articleLarge.jpg,400,600,https://static01.nyt.com/images/2023/12/28/multimedia/28xp-uktornado-fclh/28xp-uktornado-fclh-thumbStandard.jpg,75,75,‘Significant Damage’ Reported as Storm Moves Through Britain,"‘Significant Damage’ Reported as Storm Moves Through Britain Strong winds and heavy rain are expected in England over the coming days, according to forecasters. Strong winds and heavy rain are expected in England over the coming days, according to forecasters."
,article,nyt://article/b411cf89-7f98-53fb-9126-27fc8885fe48,[],Foreign,,,2023-12-28 13:44:42+00:00,World,,The New York Times,Middle East,Live Blog Post,nyt://article/b411cf89-7f98-53fb-9126-27fc8885fe48,https://www.nytimes.com/live/2023/12/28/world/israel-hamas-war-gaza-news/israels-wartime-unity-faces-a-challenge-in-a-looming-court-decision,559,By Aaron Boxerman,A report of a leaked judicial draft threatens Israel’s wartime unity.,,,Protesting against plans by Prime Minister Benjamin Netanyahu’s government to overhaul the judicial system in Tel Aviv in August.,Corinna Kern/Reuters,https://static01.nyt.com/images/2023/12/28/multimedia/28israel-hamas-judicial-sub-vqwp/28israel-hamas-judicial-sub-vqwp-articleLarge.jpg,400,600,https://static01.nyt.com/images/2023/12/28/multimedia/28israel-hamas-judicial-sub-vqwp/28israel-hamas-judicial-sub-vqwp-thumbStandard.jpg,75,75,A report of a leaked judicial draft threatens Israel’s wartime unity.,A report of a leaked judicial draft threatens Israel’s wartime unity.
,article,nyt://article/d5d6c998-584d-5286-be6e-45818929e7ba,[],Foreign,,,2023-12-21 21:45:53+00:00,World,,The New York Times,Middle East,Live Blog Post,nyt://article/d5d6c998-584d-5286-be6e-45818929e7ba,https://www.nytimes.com/live/2023/12/21/world/israel-hamas-war-gaza-news/four-gaza-workers-at-a-recently-reopened-border-crossing-are-reported-killed-in-an-israeli-airstrike,350,By Gaya Gupta and Ephrat Livni,Four Gaza workers at a recently reopened border crossing are reported killed in an Israeli airstrike.,,,Israeli soldiers stand guard at the Israeli side of the Kerem Shalom border crossing as trucks carrying humanitarian aid move into the Gaza Strip on Tuesday.,Menahem Kahana/Agence France-Presse — Getty Images,https://static01.nyt.com/images/2023/12/21/multimedia/21israel-hamas-airstrikes-zgfv/21israel-hamas-airstrikes-zgfv-articleLarge.jpg,400,600,https://static01.nyt.com/images/2023/12/21/multimedia/21israel-hamas-airstrikes-zgfv/21israel-hamas-airstrikes-zgfv-thumbStandard.jpg,75,75,Four Gaza workers at a recently reopened border crossing are reported killed in an Israeli airstrike.,Four Gaza workers at a recently reopened border crossing are reported killed in an Israeli airstrike.
"The Nazis paid the national rail company for transporting Jews, Roma and members of the resistance to concentration camps during World War II, according to the report.",article,nyt://article/1d693460-ab79-5f57-bab8-eb0ada15add3,"[{'name': 'Subject', 'value': 'Holocaust and the Nazi Era', 'rank': 1}, {'name': 'Subject', 'value': 'Railroads', 'rank': 2}, {'name': 'Subject', 'value': 'Jews and Judaism', 'rank': 3}, {'name': 'Subject', 'value': 'World War II (1939-45)', 'rank': 4}, {'name': 'Subject', 'value': 'War Crimes, Genocide and Crimes Against Humanity', 'rank': 5}, {'name': 'Subject', 'value': 'Romani People', 'rank': 6}, {'name': 'Location', 'value': 'Belgium', 'rank': 7}]",Foreign,9,A,2023-12-15 16:48:15+00:00,World,"The Nazis paid the national rail company for transporting Jews, Roma and members of the resistance to concentration camps during World War II, according to the report.",The New York Times,Europe,News,nyt://article/1d693460-ab79-5f57-bab8-eb0ada15add3,https://www.nytimes.com/2023/12/15/world/europe/belgium-railway-holocaust-nazis.html,893,By Nina Siegal,"Belgian Railway Earned Millions for Holocaust Trains, Report Finds",,Belgian Rail Profited From Auschwitz Trains,"Visitors at the Auschwitz-Birkenau Memorial and Museum in Poland. From 1942 to 1944, the Belgian railways sent 25,843 Jews and Roma people to Auschwitz, according to a report.",Maciek Nabrdalik for The New York Times,https://static01.nyt.com/images/2023/12/15/multimedia/15belgium-rail-holocaust-01-fzth/15belgium-rail-holocaust-01-fzth-articleLarge.jpg,400,600,https://static01.nyt.com/images/2023/12/15/multimedia/15belgium-rail-holocaust-01-fzth/15belgium-rail-holocaust-01-fzth-thumbStandard.jpg,75,75,"Belgian Railway Earned Millions for Holocaust Trains, Report Finds","Belgian Railway Earned Millions for Holocaust Trains, Report Finds The Nazis paid the national rail company for transporting Jews, Roma and members of the resistance to concentration camps during World War II, according to the report. The Nazis paid the national rail company for transporting Jews, Roma and members of the resistance to concentration camps during World War II, according to the report."
,article,nyt://article/3527adfd-95f3-5633-89ec-a600f0767014,[],Foreign,,,2023-12-09 00:06:14+00:00,World,,The New York Times,Middle East,Live Blog Post,nyt://article/3527adfd-95f3-5633-89ec-a600f0767014,https://www.nytimes.com/live/2023/12/08/world/israel-hamas-war-gaza-news/gazas-largest-mosque-is-severely-damaged-by-israeli-strikes,267,By Gaya Gupta and Aaron Boxerman,Gaza’s largest mosque is reported damaged.,,,Palestinians praying at the Omari mosque during Ramadan in Gaza City in 2022.,Mohammed Abed/Agence France-Presse — Getty Images,https://static01.nyt.com/images/2023/12/08/world/08israel-hamas-mosque/08israel-hamas-mosque-articleLarge.jpg,400,600,https://static01.nyt.com/images/2023/12/08/world/08israel-hamas-mosque/08israel-hamas-mosque-thumbStandard.jpg,75,75,Gaza’s largest mosque is reported damaged.,Gaza’s largest mosque is reported damaged.
Word of the action against Cardinal Raymond Burke came after the prelate’s increasingly pointed critiques of the reform-minded pope.,article,nyt://article/06e97cb4-dd83-5a68-bba1-230ad8ea11cc,"[{'name': 'Organization', 'value': 'Roman Catholic Church', 'rank': 1}, {'name': 'Person', 'value': 'Francis', 'rank': 2}, {'name': 'Subject', 'value': 'Popes', 'rank': 3}, {'name': 'Subject', 'value': 'Cardinals (Roman Catholic Prelates)', 'rank': 4}, {'name': 'Person', 'value': 'Burke, Raymond L', 'rank': 5}, {'name': 'Location', 'value': 'Vatican City', 'rank': 6}]",Foreign,10,A,2023-11-28 21:31:14+00:00,World,Word of the action against Cardinal Raymond Burke came after the prelate’s increasingly pointed critiques of the reform-minded pope.,The New York Times,Europe,News,nyt://article/06e97cb4-dd83-5a68-bba1-230ad8ea11cc,https://www.nytimes.com/2023/11/28/world/europe/pope-francis-cardinal-burke-vatican.html,1296,By Jason Horowitz and Ruth Graham,Reports Say Pope Francis Is Evicting U.S. Cardinal From His Vatican Home,,Pope Said to Be Evicting U.S. Cardinal From Vatican Home,Cardinal Raymond Burke has been Pope Francis’ leading critic from the traditionalist wing of the Catholic Church.,Antonio Masiello/Getty Images,https://static01.nyt.com/images/2023/11/28/multimedia/28vatican-bishop-vmhw/28vatican-bishop-vmhw-articleLarge.jpg,400,600,https://static01.nyt.com/images/2023/11/28/multimedia/28vatican-bishop-vmhw/28vatican-bishop-vmhw-thumbStandard.jpg,75,75,Reports Say Pope Francis Is Evicting U.S. Cardinal From His Vatican Home,Reports Say Pope Francis Is Evicting U.S. Cardinal From His Vatican Home Word of the action against Cardinal Raymond Burke came after the prelate’s increasingly pointed critiques of the reform-minded pope. Word of the action against Cardinal Raymond Burke came after the prelate’s increasingly pointed critiques of the reform-minded pope.
"The U.S., while not publicly accusing New Delhi of trying to orchestrate a killing on American soil, said it had expressed concern to Indian officials.",article,nyt://article/8cdcb5ee-725f-5bc0-9ba3-a27f0cf12024,"[{'name': 'Subject', 'value': 'International Relations', 'rank': 1}, {'name': 'Subject', 'value': 'Assassinations and Attempted Assassinations', 'rank': 2}, {'name': 'Subject', 'value': 'Sikhs and Sikhism', 'rank': 3}, {'name': 'Organization', 'value': 'Air India', 'rank': 4}, {'name': 'Person', 'value': 'Nijjar, Hardeep Singh (1977-2023)', 'rank': 5}, {'name': 'Person', 'value': 'Trudeau, Justin', 'rank': 6}, {'name': 'Location', 'value': 'India', 'rank': 7}, {'name': 'Location', 'value': 'United States', 'rank': 8}, {'name': 'Location', 'value': 'Canada', 'rank': 9}]",Foreign,9,A,2023-11-23 11:33:28+00:00,World,"The U.S., while not publicly accusing New Delhi of trying to orchestrate a killing on American soil, said it had expressed concern to Indian officials.",The New York Times,Asia Pacific,News,nyt://article/8cdcb5ee-725f-5bc0-9ba3-a27f0cf12024,https://www.nytimes.com/2023/11/23/world/asia/india-assassination-plot.html,737,By Mujib Mashal,India Faces Questions About Another Reported Foreign Assassination Plot,,India Facing Questions On a Foiled Murder Plot ,Prime Minister Narendra Modi of India and President Biden in Washington in June. News outlets reported on Wednesday that the Biden administration had told the Indian government it had information possibly linking New Delhi to an assassination plot.,Tom Brenner for The New York Times,https://static01.nyt.com/images/2023/11/23/multimedia/23india-plot-01-jlpf/23india-plot-01-jlpf-articleLarge.jpg,400,600,https://static01.nyt.com/images/2023/11/23/multimedia/23india-plot-01-jlpf/23india-plot-01-jlpf-thumbStandard.jpg,75,75,India Faces Questions About Another Reported Foreign Assassination Plot,"India Faces Questions About Another Reported Foreign Assassination Plot The U.S., while not publicly accusing New Delhi of trying to orchestrate a killing on American soil, said it had expressed concern to Indian officials. The U.S., while not publicly accusing New Delhi of trying to orchestrate a killing on American soil, said it had expressed concern to Indian officials."
,article,nyt://article/685d981b-d34c-5593-a6c5-3613ff3b4881,[],Foreign,,,2023-11-18 14:32:34+00:00,World,,The New York Times,Middle East,Live Blog Post,nyt://article/685d981b-d34c-5593-a6c5-3613ff3b4881,https://www.nytimes.com/live/2023/11/18/world/israel-hamas-war-gaza-news/palestinians-and-the-un-report-intense-strikes-in-gazas-south,454,By Karen Zraick,Palestinians and the U.N. report intense strikes in Gaza’s south.,,,Destruction after an Israeli strike in Khan Younis in the southern Gaza Strip on Saturday.,Fatima Shbair/Associated Press,https://static01.nyt.com/images/2023/11/18/multimedia/18israel-hamas-south-jczh/18israel-hamas-south-jczh-articleLarge.jpg,400,600,https://static01.nyt.com/images/2023/11/18/multimedia/18israel-hamas-south-jczh/18israel-hamas-south-jczh-thumbStandard.jpg,75,75,Palestinians and the U.N. report intense strikes in Gaza’s south.,Palestinians and the U.N. report intense strikes in Gaza’s south.
,article,nyt://article/86beb5dc-fab4-52d9-8472-5542e99dccf5,[],Foreign,,,2023-11-15 19:13:38+00:00,World,,The New York Times,Middle East,Live Blog Post,nyt://article/86beb5dc-fab4-52d9-8472-5542e99dccf5,https://www.nytimes.com/live/2023/11/15/world/israel-hamas-war-gaza-news/heres-where-israeli-troops-have-been-reported-within-al-shifas-hospital-complex,194,By Lauren Leatherby and Josh Holder,Here’s where Israeli troops have been reported within Al-Shifa’s hospital complex.,,,,,,0,0,,0,0,Here’s where Israeli troops have been reported within Al-Shifa’s hospital complex.,Here’s where Israeli troops have been reported within Al-Shifa’s hospital complex.
,article,nyt://article/191e1189-8911-5100-9c6d-ceb0c8ed4ac5,[],Foreign,,,2023-11-06 16:14:31+00:00,World,,The New York Times,Middle East,Live Blog Post,nyt://article/191e1189-8911-5100-9c6d-ceb0c8ed4ac5,https://www.nytimes.com/live/2023/11/06/world/israel-hamas-war-gaza-news/blinken-reports-progress-in-efforts-to-increase-humanitarian-aid-into-gaza,438,By Adam Entous,Blinken reports ‘progress’ in efforts to increase aid into Gaza.,,,"Red Cross employees delivering medical aid to a hospital in Khan Younis, in southern Gaza, last month.",Yousef Masoud for The New York Times,https://static01.nyt.com/images/2023/11/06/multimedia/06israel-hamas-blinken-turkey-jbqm/06israel-hamas-blinken-turkey-jbqm-articleLarge.jpg,418,600,https://static01.nyt.com/images/2023/11/06/multimedia/06israel-hamas-blinken-turkey-jbqm/06israel-hamas-blinken-turkey-jbqm-thumbStandard.jpg,75,75,Blinken reports ‘progress’ in efforts to increase aid into Gaza.,Blinken reports ‘progress’ in efforts to increase aid into Gaza.
"A local official reportedly said the center’s manager had been arrested, and he blamed overcrowding at the facility for the high toll.",article,nyt://article/812a0b21-8476-5029-b943-de6082ba3144,"[{'name': 'Subject', 'value': 'Fires and Firefighters', 'rank': 1}, {'name': 'Location', 'value': 'Iran', 'rank': 2}, {'name': 'Location', 'value': 'Caspian Sea', 'rank': 3}]",Foreign,10,A,2023-11-03 09:31:32+00:00,World,"A local official reportedly said the center’s manager had been arrested, and he blamed overcrowding at the facility for the high toll.",The New York Times,Middle East,News,nyt://article/812a0b21-8476-5029-b943-de6082ba3144,https://www.nytimes.com/2023/11/03/world/middleeast/iran-fire-drug-rehab-center.html,321,By Cassandra Vinograd,"Fire at Drug Rehab Center in Iran Kills at Least 32, State Media Report",,At Least 32 Dead After Fire in Iran At Rehab Center,,,,0,0,,0,0,"Fire at Drug Rehab Center in Iran Kills at Least 32, State Media Report","Fire at Drug Rehab Center in Iran Kills at Least 32, State Media Report A local official reportedly said the center’s manager had been arrested, and he blamed overcrowding at the facility for the high toll. A local official reportedly said the center’s manager had been arrested, and he blamed overcrowding at the facility for the high toll."
"What happened to Armita Geravand, who entered a subway car and was carried out minutes later, is unclear. But her case evoked parallels to that of Mahsa Amini.",article,nyt://article/f387c527-e2a9-5401-b41e-ef80e47df959,"[{'name': 'Subject', 'value': 'Politics and Government', 'rank': 1}, {'name': 'Subject', 'value': 'Political Prisoners', 'rank': 2}, {'name': 'Subject', 'value': 'Muslim Veiling', 'rank': 3}, {'name': 'Subject', 'value': 'Dress Codes', 'rank': 4}, {'name': 'Location', 'value': 'Iran', 'rank': 5}, {'name': 'Location', 'value': 'Tehran (Iran)', 'rank': 6}, {'name': 'Person', 'value': 'Amini, Mahsa (2000-22)', 'rank': 7}, {'name': 'Person', 'value': 'Geravand, Armita', 'rank': 8}]",Foreign,11,A,2023-10-23 14:03:22+00:00,World,"What happened to Armita Geravand, who entered a subway car and was carried out minutes later, is unclear. But her case evoked parallels to that of Mahsa Amini.",The New York Times,Europe,News,nyt://article/f387c527-e2a9-5401-b41e-ef80e47df959,https://www.nytimes.com/2023/10/23/world/europe/iran-teenager-armita-geravand-brain-dead.html,581,By Emma Bubola and Leily Nikounazar,Iranian Teenager Reported Brain Dead by State Media,,Iranian Teenager Reported Brain Dead by State Media,Armita Geravand in a social media photo.,Armita Geravand family archive,https://static01.nyt.com/images/2023/10/23/multimedia/23IRAN-TEENAGER-01-kmtq/23IRAN-TEENAGER-01-kmtq-articleLarge.jpg,400,600,https://static01.nyt.com/images/2023/10/23/multimedia/23IRAN-TEENAGER-01-kmtq/23IRAN-TEENAGER-01-kmtq-thumbStandard.jpg,75,75,Iranian Teenager Reported Brain Dead by State Media,"Iranian Teenager Reported Brain Dead by State Media What happened to Armita Geravand, who entered a subway car and was carried out minutes later, is unclear. But her case evoked parallels to that of Mahsa Amini. What happened to Armita Geravand, who entered a subway car and was carried out minutes later, is unclear. But her case evoked parallels to that of Mahsa Amini."
"With President Biden about to arrive in Israel, Palestinians and Israelis blamed each other for the explosion at a  hospital, where people had sought shelter from Israeli bombing.",article,nyt://article/d22e1d52-1017-5f0c-a575-0e9d7214d2a0,"[{'name': 'Subject', 'value': 'Israel-Gaza War (2023- )', 'rank': 1}, {'name': 'Subject', 'value': 'Civilian Casualties', 'rank': 2}, {'name': 'Subject', 'value': 'Palestinians', 'rank': 3}, {'name': 'Subject', 'value': 'Human Rights and Human Rights Violations', 'rank': 4}, {'name': 'Subject', 'value': 'Refugees and Displaced Persons', 'rank': 5}, {'name': 'Organization', 'value': 'Hamas', 'rank': 6}, {'name': 'Organization', 'value': 'United Nations High Commissioner for Refugees', 'rank': 7}, {'name': 'Person', 'value': 'Biden, Joseph R Jr', 'rank': 8}, {'name': 'Person', 'value': 'Netanyahu, Benjamin', 'rank': 9}, {'name': 'Location', 'value': 'Gaza Strip', 'rank': 10}, {'name': 'Location', 'value': 'Israel', 'rank': 11}, {'name': 'Organization', 'value': 'Al Ahli Arab Hospital (Gaza Strip)', 'rank': 12}]",Foreign,1,A,2023-10-18 01:47:31+00:00,World,"With President Biden about to arrive in Israel, Palestinians and Israelis blamed each other for the explosion at a  hospital, where people had sought shelter from Israeli bombing.",The New York Times,Middle East,News,nyt://article/d22e1d52-1017-5f0c-a575-0e9d7214d2a0,https://www.nytimes.com/2023/10/17/world/middleeast/gaza-hospital-explosion-israel.html,1610,"By Patrick Kingsley, Aaron Boxerman and Hiba Yazbek",Hundreds Reported Killed in Blast at a Gaza Hospital,,Blast Kills Hundreds at Gaza Hospital ,,Mohammed Al-Masri/Reuters,https://static01.nyt.com/images/2023/10/17/multimedia/17israel-ledeall-promo-mwgh/17israel-ledeall-promo-mwgh-articleLarge.jpg,400,600,https://static01.nyt.com/images/2023/10/17/multimedia/17israel-ledeall-promo-mwgh/17israel-ledeall-promo-mwgh-thumbStandard.jpg,75,75,Hundreds Reported Killed in Blast at a Gaza Hospital,"Hundreds Reported Killed in Blast at a Gaza Hospital With President Biden about to arrive in Israel, Palestinians and Israelis blamed each other for the explosion at a  hospital, where people had sought shelter from Israeli bombing. With President Biden about to arrive in Israel, Palestinians and Israelis blamed each other for the explosion at a  hospital, where people had sought shelter from Israeli bombing."
Hundre,article,nyt://article/11c54b29-a965-5db5-87ab-c0924986171b,"[{'name': 'Subject', 'value': 'Palestinians', 'rank': 1}, {'name': 'Subject', 'value': 'Israel-Gaza War (2023- )', 'rank': 2}, {'name': 'Subject', 'value': 'Civilian Casualties', 'rank': 3}, {'name': 'Organization', 'value': 'Al Ahli Arab Hospital (Gaza Strip)', 'rank': 4}, {'name': 'Location', 'value': 'Gaza Strip', 'rank': 5}, {'name': 'Location', 'value': 'Israel', 'rank': 6}]",Foreign,,,2023-10-17 21:56:08+00:00,World,Hundre,The New York Times,Middle East,News,nyt://article/11c54b29-a965-5db5-87ab-c0924986171b,https://www.nytimes.com/2023/10/17/world/middleeast/the-gaza-hospital-where-hundreds-were-reported-killed-is-a-mainstay-for-palestinians.html,363,By Ephrat Livni,The Gaza hospital where hundreds were reported killed is a mainstay for Palestinians.,,,"Palestinian midwives working in the maternity ward at Ahli Arab Hospital in 2019. At least 500 people were killed in an explosion at the hospital on Tuesday, Palestinian authorities said.",Samar Abu Elouf/Reuters,https://static01.nyt.com/images/2023/10/17/multimedia/17israel-hamas-hospital-background-jtgp/17israel-hamas-hospital-background-jtgp-articleLarge.jpg,400,600,https://static01.nyt.com/images/2023/10/17/multimedia/17israel-hamas-hospital-background-jtgp/17israel-hamas-hospital-background-jtgp-thumbStandard.jpg,75,75,The Gaza hospital where hundreds were reported killed is a mainstay for Palestinians.,The Gaza hospital where hundreds were reported killed is a mainstay for Palestinians. Hundre Hundre
The assertion that infants were beheaded by Hamas went viral but Israel’s military repeatedly said it could not confirm it.,article,nyt://article/da1c08c9-4f94-5f6e-95a4-4529cbcaba31,[],Foreign,,,2023-10-14 15:45:07+00:00,World,The assertion that infants were beheaded by Hamas went viral but Israel’s military repeatedly said it could not confirm it.,The New York Times,Middle East,Live Blog Post,nyt://article/da1c08c9-4f94-5f6e-95a4-4529cbcaba31,https://www.nytimes.com/live/2023/10/14/world/israel-news-hamas-war-gaza/israel-hamas-killing-babies-fact-check,381,By Cassandra Vinograd,"Amid reports of Israeli children killed, one claim stood out.",,,,Pool photo by Jacquelyn Martin,https://static01.nyt.com/images/2023/10/14/multimedia/14israel-hamas-babies-qfvh/14israel-hamas-babies-qfvh-articleLarge.jpg,400,600,https://static01.nyt.com/images/2023/10/14/multimedia/14israel-hamas-babies-qfvh/14israel-hamas-babies-qfvh-thumbStandard.jpg,75,75,"Amid reports of Israeli children killed, one claim stood out.","Amid reports of Israeli children killed, one claim stood out. The assertion that infants were beheaded by Hamas went viral but Israel’s military repeatedly said it could not confirm it. The assertion that infants were beheaded by Hamas went viral but Israel’s military repeatedly said it could not confirm it."
,article,nyt://article/36e12b5f-cbe2-5987-b07c-aa3fa8fe84c8,[],Foreign,,,2023-10-10 13:21:29+00:00,World,,The New York Times,Middle East,Live Blog Post,nyt://article/36e12b5f-cbe2-5987-b07c-aa3fa8fe84c8,https://www.nytimes.com/live/2023/10/10/world/israel-hamas-war-gaza/more-foreign-nationals-are-reported-killed-kidnapped-or-missing-in-israel,401,By Aurelien Breeden,"More foreign nationals are reported killed, kidnapped or missing in Israel.",,,A prayer service and candlelight vigil for Israel at Temple Emanu-El in New York on Monday.,Dave Sanders for The New York Times,https://static01.nyt.com/images/2023/10/10/multimedia/10israel-gaza-foreign-nationals-ktgp/10israel-gaza-foreign-nationals-ktgp-articleLarge.jpg,400,600,https://static01.nyt.com/images/2023/10/10/multimedia/10israel-gaza-foreign-nationals-ktgp/10israel-gaza-foreign-nationals-ktgp-thumbStandard.jpg,75,75,"More foreign nationals are reported killed, kidnapped or missing in Israel.","More foreign nationals are reported killed, kidnapped or missing in Israel."
,article,nyt://article/9fae6358-8c6e-550d-bd72-7735070430ae,[],Foreign,,,2023-10-08 16:19:49+00:00,World,,The New York Times,Middle East,Live Blog Post,nyt://article/9fae6358-8c6e-550d-bd72-7735070430ae,https://www.nytimes.com/live/2023/10/08/world/israel-gaza-attack-hamas-news/israeli-military-reservists-had-been-protesting-the-government-now-many-appear-to-be-reporting-for-duty,383,By Isabel Kershner,"Israeli military reservists had been protesting the government. Now, many appear to be reporting for duty.",,,Soldiers in an assembly area near Gaza on Sunday.,Avishag Shaar-Yashuv for The New York Times,https://static01.nyt.com/images/2023/10/08/multimedia/08israel-gaza-reservists-1-wvtb/08israel-gaza-reservists-1-wvtb-articleLarge.jpg,400,600,https://static01.nyt.com/images/2023/10/08/multimedia/08israel-gaza-reservists-1-wvtb/08israel-gaza-reservists-1-wvtb-thumbStandard.jpg,75,75,"Israeli military reservists had been protesting the government. Now, many appear to be reporting for duty.","Israeli military reservists had been protesting the government. Now, many appear to be reporting for duty."
,article,nyt://article/9210e111-2866-5e6c-bc0f-da7526b056b2,"[{'name': 'Subject', 'value': 'vis-photo', 'rank': 1}]",Foreign,,,2023-10-02 18:04:52+00:00,World,,The New York Times,,Live Blog Post,nyt://article/9210e111-2866-5e6c-bc0f-da7526b056b2,https://www.nytimes.com/live/2023/10/02/world/russia-ukraine-news/a-ukrainian-group-works-to-encourage-reporting-russian-abuses-beyond-physical-violence,451,By Maria Varenikova,A Ukrainian group works to encourage reporting Russian abuses beyond physical violence.,,,Alyona Yaromenko looking toward a field where Russian tanks were based in Peremoha.,Brendan Hoffman for The New York Times,https://static01.nyt.com/images/2023/09/27/multimedia/00ukraine-briefing-gender-kbfq/00ukraine-briefing-gender-kbfq-articleLarge.jpg,400,600,https://static01.nyt.com/images/2023/09/27/multimedia/00ukraine-briefing-gender-kbfq/00ukraine-briefing-gender-kbfq-thumbStandard.jpg,75,75,A Ukrainian group works to encourage reporting Russian abuses beyond physical violence.,A Ukrainian group works to encourage reporting Russian abuses beyond physical violence.
,article,nyt://article/b481e737-7e2d-5f5a-b064-6303e2b07009,[],Foreign,,,2023-09-18 18:54:45+00:00,World,,The New York Times,Europe,Live Blog Post,nyt://article/b481e737-7e2d-5f5a-b064-6303e2b07009,https://www.nytimes.com/live/2023/09/18/world/russia-ukraine-news/a-united-nations-report-details-how-the-kremlin-has-cracked-down-on-dissent,676,By Nick Cumming-Bruce,A United Nations report details how the Kremlin has cracked down on dissent.,,,A young woman being detained in Moscow after leaving a picture of a building in Ukraine that Russia struck in January.,Nanna Heitmann for The New York Times,https://static01.nyt.com/images/2023/09/18/multimedia/18ukraine-briefing-russia-un-rights-jqpc/18ukraine-briefing-russia-un-rights-jqpc-articleLarge.jpg,400,600,https://static01.nyt.com/images/2023/09/18/multimedia/18ukraine-briefing-russia-un-rights-jqpc/18ukraine-briefing-russia-un-rights-jqpc-thumbStandard.jpg,75,75,A United Nations report details how the Kremlin has cracked down on dissent.,A United Nations report details how the Kremlin has cracked down on dissent.
Apple has sent notifications to at least several more Russian reporters and editors that their cellphones might be under “state-sponsored” attacks.,article,nyt://article/8f5f678e-b644-5e62-b8bf-1a096930a900,"[{'name': 'Subject', 'value': 'Russian Invasion of Ukraine (2022)', 'rank': 1}, {'name': 'Organization', 'value': 'Apple Inc', 'rank': 2}]",Foreign,,,2023-09-14 22:41:17+00:00,World,Apple has sent notifications to at least several more Russian reporters and editors that their cellphones might be under “state-sponsored” attacks.,The New York Times,Europe,News,nyt://article/8f5f678e-b644-5e62-b8bf-1a096930a900,https://www.nytimes.com/2023/09/14/world/europe/galina-timchenko-meduza-pegagus-spyware-russia.html,483,By Gaya Gupta,A report of a Pegasus attack on one Russian journalist sets off a flurry of concern among others.,,,"Galina Timchenko, the publisher of the news website Meduza, was one of the journalists whose phones may have been targeted by the Pegasus spy software.",Alexander Zemlianichenko/Associated Press,https://static01.nyt.com/images/2023/09/14/multimedia/14ukraine-briefing-apple-notifications-topart-fmhv/14ukraine-briefing-apple-notifications-topart-fmhv-articleLarge.jpg,400,600,https://static01.nyt.com/images/2023/09/14/multimedia/14ukraine-briefing-apple-notifications-topart-fmhv/14ukraine-briefing-apple-notifications-topart-fmhv-thumbStandard.jpg,75,75,A report of a Pegasus attack on one Russian journalist sets off a flurry of concern among others.,A report of a Pegasus attack on one Russian journalist sets off a flurry of concern among others. Apple has sent notifications to at least several more Russian reporters and editors that their cellphones might be under “state-sponsored” attacks. Apple has sent notifications to at least several more Russian reporters and editors that their cellphones might be under “state-sponsored” attacks.
The waters swept away hundreds of homes as emergency officials raced to find survivors of the flooding caused by torrential weekend rains. Officials in one city described “catastrophic” devastation.,article,nyt://article/7026867d-29f6-5fd9-92a5-dc4f18b3d95a,"[{'name': 'Subject', 'value': 'Floods', 'rank': 1}, {'name': 'Subject', 'value': 'Rain', 'rank': 2}, {'name': 'Subject', 'value': 'Deaths (Fatalities)', 'rank': 3}, {'name': 'Subject', 'value': 'Levees and Dams', 'rank': 4}, {'name': 'Location', 'value': 'Derna (Libya)', 'rank': 5}, {'name': 'Location', 'value': 'Libya', 'rank': 6}]",Foreign,10,A,2023-09-11 18:10:27+00:00,World,The waters swept away hundreds of homes as emergency officials raced to find survivors of the flooding caused by torrential weekend rains. Officials in one city described “catastrophic” devastation.,The New York Times,Africa,News,nyt://article/7026867d-29f6-5fd9-92a5-dc4f18b3d95a,https://www.nytimes.com/2023/09/11/world/africa/libya-flooding.html,821,By Mohammed Abdusamee and Isabella Kwai,Hundreds Reported Dead in Severe Libya Flooding,,Hundreds Are Feared Dead in Libya Flooding,,Libya Al-Masar TV via Associated Press,https://static01.nyt.com/images/2023/09/12/12vid-Libya-Cover-86917-cover/12vid-Libya-Cover-86917-cover-articleLarge.jpg,400,600,https://static01.nyt.com/images/2023/09/12/12vid-Libya-Cover-86917-cover/12vid-Libya-Cover-86917-cover-thumbStandard.jpg,75,75,Hundreds Reported Dead in Severe Libya Flooding,Hundreds Reported Dead in Severe Libya Flooding The waters swept away hundreds of homes as emergency officials raced to find survivors of the flooding caused by torrential weekend rains. Officials in one city described “catastrophic” devastation. The waters swept away hundreds of homes as emergency officials raced to find survivors of the flooding caused by torrential weekend rains. Officials in one city described “catastrophic” devastation.
,article,nyt://article/05a289d0-094d-5587-a0bd-32c671078135,[],Live,,,2023-09-05 22:13:50+00:00,World,,The New York Times,Europe,Live Blog Post,nyt://article/05a289d0-094d-5587-a0bd-32c671078135,https://www.nytimes.com/live/2023/09/06/world/russia-ukraine-news/a-report-on-cluster-munitions-finds-russias-use-of-them-in-ukraine-drove-a-global-surge-in-their-toll,552,By Anushka Patil,A report on cluster munitions finds Russia’s use of them in Ukraine drove a global surge in their toll.,,,"A woman injured in a cluster bomb attack in Kramatorsk, Ukraine, receiving aid in March.",Tyler Hicks/The New York Times,https://static01.nyt.com/images/2023/09/05/multimedia/05ukraine-briefing-cluster-report-gzcb/05ukraine-briefing-cluster-report-gzcb-articleLarge.jpg,400,600,https://static01.nyt.com/images/2023/09/05/multimedia/05ukraine-briefing-cluster-report-gzcb/05ukraine-briefing-cluster-report-gzcb-thumbStandard.jpg,75,75,A report on cluster munitions finds Russia’s use of them in Ukraine drove a global surge in their toll.,A report on cluster munitions finds Russia’s use of them in Ukraine drove a global surge in their toll.
,article,nyt://article/ff77f461-332a-5411-a1e5-9fd16a83bc1f,[],Washington,,,2023-08-30 16:13:07+00:00,World,,The New York Times,Europe,Live Blog Post,nyt://article/ff77f461-332a-5411-a1e5-9fd16a83bc1f,https://www.nytimes.com/live/2023/08/30/world/russia-ukraine-news/the-war-will-leave-poorer-countries-struggling-for-food-this-year-a-us-intelligence-report-says,462,By Julian E. Barnes,"The war will leave poorer countries struggling for food this year, a U.S. intelligence report says.",,,"Harvesting wheat from a field near the city of Bila Tserkva, in the Kyiv region of Ukraine, this month.",Ed Ram/Getty Images,https://static01.nyt.com/images/2023/08/30/multimedia/30ukraine-briefing-food-security-pmzj/30ukraine-briefing-food-security-pmzj-articleLarge.jpg,400,600,https://static01.nyt.com/images/2023/08/30/multimedia/30ukraine-briefing-food-security-pmzj/30ukraine-briefing-food-security-pmzj-thumbStandard.jpg,75,75,"The war will leave poorer countries struggling for food this year, a U.S. intelligence report says.","The war will leave poorer countries struggling for food this year, a U.S. intelligence report says."
,article,nyt://article/d195b57d-1a3f-5c3d-8ba5-94af3218dce9,[],Foreign,,,2023-08-25 20:39:08+00:00,World,,The New York Times,,Live Blog Post,nyt://article/d195b57d-1a3f-5c3d-8ba5-94af3218dce9,https://www.nytimes.com/live/2023/08/25/world/russia-prigozhin-putin-ukraine-war/pro-kremlin-figures-deride-western-reports-linking-putin-to-prigozhins-fate,565,By Valeriya Safronova,Pro-Kremlin figures deride Western reports linking Putin to Prigozhin’s fate.,,,"Russian news reports of the crash of a plane linked to the Wagner leader, Yevgeny Prigozhin. Pro-Kremlin news commentators have taken issue with Western coverage. ",Dmitri Lovetsky/Associated Press,https://static01.nyt.com/images/2023/08/25/multimedia/25ukraine-briefing-russia-media-tqkc/25ukraine-briefing-russia-media-tqkc-articleLarge.jpg,400,600,https://static01.nyt.com/images/2023/08/25/multimedia/25ukraine-briefing-russia-media-tqkc/25ukraine-briefing-russia-media-tqkc-thumbStandard.jpg,75,75,Pro-Kremlin figures deride Western reports linking Putin to Prigozhin’s fate.,Pro-Kremlin figures deride Western reports linking Putin to Prigozhin’s fate.
,article,nyt://article/06697fce-e553-5f84-87f9-c764b3e9f711,"[{'name': 'Subject', 'value': 'Russian Invasion of Ukraine (2022)', 'rank': 1}, {'name': 'Organization', 'value': 'Wagner Group', 'rank': 2}, {'name': 'Person', 'value': 'Prigozhin, Yevgeny V', 'rank': 3}, {'name': 'Person', 'value': 'Putin, Vladimir V', 'rank': 4}, {'name': 'Person', 'value': 'Burns, William J', 'rank': 5}, {'name': 'Organization', 'value': 'Central Intelligence Agency', 'rank': 6}, {'name': 'Person', 'value': 'Surovikin, Sergei', 'rank': 7}]",Washington,,,2023-08-23 19:30:02+00:00,World,,The New York Times,Europe,Live Blog Post,nyt://article/06697fce-e553-5f84-87f9-c764b3e9f711,https://www.nytimes.com/live/2023/08/23/world/prigozhin-russia-ukraine-war-news/us-intelligence-officials-say-they-cannot-confirm-reports-of-prigozhins-death,348,By Julian E. Barnes,U.S. intelligence officials say they cannot confirm reports of Prigozhin’s death.,,,"The C.I.A. director, William J. Burns, in Washington in March.",Amanda Andrade-Rhoades/Associated Press,https://static01.nyt.com/images/2023/08/23/multimedia/23ukraine-briefing-us-response-clfw/23ukraine-briefing-us-response-clfw-articleLarge.jpg,400,600,https://static01.nyt.com/images/2023/08/23/multimedia/23ukraine-briefing-us-response-clfw/23ukraine-briefing-us-response-clfw-thumbStandard.jpg,75,75,U.S. intelligence officials say they cannot confirm reports of Prigozhin’s death.,U.S. intelligence officials say they cannot confirm reports of Prigozhin’s death.
"The man was born and raised in Leningrad, now St. Petersburg, but later moved to the United States and became a U.S. citizen, according to Russian media.",article,nyt://article/3f958c08-14be-56e2-a9a2-baa0660f29d2,"[{'name': 'Subject', 'value': 'International Relations', 'rank': 1}, {'name': 'Location', 'value': 'Russia', 'rank': 2}]",Foreign,6,A,2023-08-17 20:01:39+00:00,World,"The man was born and raised in Leningrad, now St. Petersburg, but later moved to the United States and became a U.S. citizen, according to Russian media.",The New York Times,Europe,Live Blog Post,nyt://article/3f958c08-14be-56e2-a9a2-baa0660f29d2,https://www.nytimes.com/live/2023/08/17/world/russia-ukraine-news/russian-media-reports-that-a-us-citizen-of-russian-origin-was-taken-into-custody-on-espionage-charges,252,By Gaya Gupta,Russian media reports that a U.S. citizen of Russian origin was taken into custody on espionage charges.,,U.S. Citizen Said to Be Held On Spy Charges in Moscow,,,,0,0,,0,0,Russian media reports that a U.S. citizen of Russian origin was taken into custody on espionage charges.,"Russian media reports that a U.S. citizen of Russian origin was taken into custody on espionage charges. The man was born and raised in Leningrad, now St. Petersburg, but later moved to the United States and became a U.S. citizen, according to Russian media. The man was born and raised in Leningrad, now St. Petersburg, but later moved to the United States and became a U.S. citizen, according to Russian media."
"Britain’s counterterrorism unit arrested the five on suspicion of spying on British intelligence, the authorities said following a BBC report that three of the same people had been accused of spying for Russia.",article,nyt://article/35e49fe0-6531-57b5-b2b9-c65fa17209ec,"[{'name': 'Location', 'value': 'Russia', 'rank': 1}, {'name': 'Location', 'value': 'Great Britain', 'rank': 2}, {'name': 'Location', 'value': 'Bulgaria', 'rank': 3}, {'name': 'Subject', 'value': 'Espionage and Intelligence Services', 'rank': 4}, {'name': 'Organization', 'value': 'Scotland Yard (Metropolitan Police Service)', 'rank': 5}]",Foreign,,,2023-08-15 17:14:15+00:00,World,"Britain’s counterterrorism unit arrested the five on suspicion of spying on British intelligence, the authorities said following a BBC report that three of the same people had been accused of spying for Russia.",The New York Times,Europe,News,nyt://article/35e49fe0-6531-57b5-b2b9-c65fa17209ec,https://www.nytimes.com/2023/08/15/world/europe/uk-spies-arrested-russia.html,319,By Isabella Kwai,U.K. Reveals 5 Espionage Arrests After BBC Reports Russia Link,,,"The Metropolitan Police headquarters in London, formally called New Scotland Yard. ","Andy Rain/EPA, via Shutterstock",https://static01.nyt.com/images/2023/08/15/multimedia/15ukraine-briefing-uk-russia-spies-jhlp/15ukraine-briefing-uk-russia-spies-jhlp-articleLarge.jpg,400,600,https://static01.nyt.com/images/2023/08/15/multimedia/15ukraine-briefing-uk-russia-spies-jhlp/15ukraine-briefing-uk-russia-spies-jhlp-thumbStandard.jpg,75,75,U.K. Reveals 5 Espionage Arrests After BBC Reports Russia Link,"U.K. Reveals 5 Espionage Arrests After BBC Reports Russia Link Britain’s counterterrorism unit arrested the five on suspicion of spying on British intelligence, the authorities said following a BBC report that three of the same people had been accused of spying for Russia. Britain’s counterterrorism unit arrested the five on suspicion of spying on British intelligence, the authorities said following a BBC report that three of the same people had been accused of spying for Russia."
"Reports from news agencies said at least 35 people were killed and 66 hospitalized in Dagestan, but there were no immediate reports of foul play or of a connection to the war in Ukraine.",article,nyt://article/f23d89b6-1230-5a6d-be99-964166d97140,"[{'name': 'Location', 'value': 'Russia', 'rank': 1}, {'name': 'Location', 'value': 'Dagestan (Russia)', 'rank': 2}, {'name': 'Location', 'value': 'Makhachkala (Russia)', 'rank': 3}, {'name': 'Subject', 'value': 'Deaths (Fatalities)', 'rank': 4}, {'name': 'Subject', 'value': 'vis-video', 'rank': 5}]",Foreign,,,2023-08-15 01:42:31+00:00,World,"Reports from news agencies said at least 35 people were killed and 66 hospitalized in Dagestan, but there were no immediate reports of foul play or of a connection to the war in Ukraine.",The New York Times,Europe,News,nyt://article/f23d89b6-1230-5a6d-be99-964166d97140,https://www.nytimes.com/2023/08/14/world/europe/dagestan-russia-gas-station-blast.html,330,By Anton Troianovski,Dozens Reported Dead in Fire at Gas Station in Southern Russia,,,"Emergency responders at the scene of the fire in Makhachkala, in the Dagestan region of Russia, on Monday night.",Russian Emergencies Ministry/Via Reuters,https://static01.nyt.com/images/2023/08/14/multimedia/14Russia-Petrol-Blast-qfpz/14Russia-Petrol-Blast-qfpz-articleLarge.jpg,400,600,https://static01.nyt.com/images/2023/08/14/multimedia/14Russia-Petrol-Blast-qfpz/14Russia-Petrol-Blast-qfpz-thumbStandard.jpg,75,75,Dozens Reported Dead in Fire at Gas Station in Southern Russia,"Dozens Reported Dead in Fire at Gas Station in Southern Russia Reports from news agencies said at least 35 people were killed and 66 hospitalized in Dagestan, but there were no immediate reports of foul play or of a connection to the war in Ukraine. Reports from news agencies said at least 35 people were killed and 66 hospitalized in Dagestan, but there were no immediate reports of foul play or of a connection to the war in Ukraine."
,article,nyt://article/b427f983-22ed-5dee-95e4-2cb504aeda88,"[{'name': 'Subject', 'value': 'Politics and Government', 'rank': 1}, {'name': 'Subject', 'value': 'Economic Conditions and Trends', 'rank': 2}, {'name': 'Subject', 'value': 'Currency', 'rank': 3}, {'name': 'Subject', 'value': 'Russian Invasion of Ukraine (2022)', 'rank': 4}, {'name': 'Subject', 'value': 'Inflation (Economics)', 'rank': 5}, {'name': 'Subject', 'value': 'Gross Domestic Product', 'rank': 6}, {'name': 'Organization', 'value': 'Central Bank of Russia', 'rank': 7}, {'name': 'Person', 'value': 'Mishustin, Mikhail V', 'rank': 8}, {'name': 'Location', 'value': 'Russia', 'rank': 9}]",Foreign,,,2023-08-11 17:27:46+00:00,World,,The New York Times,Europe,Live Blog Post,nyt://article/b427f983-22ed-5dee-95e4-2cb504aeda88,https://www.nytimes.com/live/2023/08/11/world/russia-ukraine-news/russia-reports-that-its-economy-has-returned-to-growth,371,By Valeriya Safronova,Russia reports that its economy has returned to growth.,,,"The Russian central bank in Moscow took measures Thursday to stabilize the falling ruble, amid economic trouble caused by the war against Ukraine.","Yuri Kochetkov/EPA, via Shutterstock",https://static01.nyt.com/images/2023/08/10/multimedia/11Ukraine-briefing-Russia-GDP/11Ukraine-briefing-Russia-GDP-articleLarge.jpg,400,600,https://static01.nyt.com/images/2023/08/10/multimedia/11Ukraine-briefing-Russia-GDP/11Ukraine-briefing-Russia-GDP-thumbStandard.jpg,75,75,Russia reports that its economy has returned to growth.,Russia reports that its economy has returned to growth.
,article,nyt://article/d739208c-0e85-5757-98d2-4f5488374452,[],Foreign,,,2023-08-04 18:25:42+00:00,World,,The New York Times,Europe,Live Blog Post,nyt://article/d739208c-0e85-5757-98d2-4f5488374452,https://www.nytimes.com/live/2023/08/04/world/russia-ukraine-news/the-un-nuclear-watchdog-reports-finding-no-sign-of-explosives-at-the-zaporizhzhia-nuclear-complex,466,By Gaya Gupta,The U.N. nuclear watchdog reports finding no sign of explosives at the Zaporizhzhia nuclear complex.,,,The Zaporizhzhia Nuclear Power Plant in southern Ukraine last month.,Finbarr O'Reilly for The New York Times,https://static01.nyt.com/images/2023/08/04/multimedia/04ukraine-briefing-nuclear-watchdog-vzqm/04ukraine-briefing-nuclear-watchdog-vzqm-articleLarge.jpg,400,600,https://static01.nyt.com/images/2023/08/04/multimedia/04ukraine-briefing-nuclear-watchdog-vzqm/04ukraine-briefing-nuclear-watchdog-vzqm-thumbStandard.jpg,75,75,The U.N. nuclear watchdog reports finding no sign of explosives at the Zaporizhzhia nuclear complex.,The U.N. nuclear watchdog reports finding no sign of explosives at the Zaporizhzhia nuclear complex.
A Russian occupation official in the Zaporizhzhia region said Ukrainian forces newly equipped with Western weapons had begun a significant attack south of the town of Orikhiv.,article,nyt://article/e6250f5c-11cc-5d7e-ab75-01dbf4cb7747,"[{'name': 'Subject', 'value': 'Russian Invasion of Ukraine (2022)', 'rank': 1}, {'name': 'Location', 'value': 'Ukraine', 'rank': 2}, {'name': 'Location', 'value': 'Zaporizhzhia (Ukraine)', 'rank': 3}, {'name': 'Subject', 'value': 'War and Armed Conflicts', 'rank': 4}]",Foreign,,,2023-07-26 12:13:30+00:00,World,A Russian occupation official in the Zaporizhzhia region said Ukrainian forces newly equipped with Western weapons had begun a significant attack south of the town of Orikhiv.,The New York Times,Europe,Live Blog Post,nyt://article/e6250f5c-11cc-5d7e-ab75-01dbf4cb7747,https://www.nytimes.com/live/2023/07/26/world/russia-ukraine-news/russia-ukraine-war-orikhiv-attack,391,By Matthew Mpoke Bigg,A Russian defense official reports a ‘massive’ assault.,,,"A building in Orikhiv, Ukraine, that was hit by a Russian missile last month.",David Guttenfelder for The New York Times,https://static01.nyt.com/images/2023/07/26/multimedia/26ukraine-briefing-battlefield-zlpf/26ukraine-briefing-battlefield-zlpf-articleLarge.jpg,400,600,https://static01.nyt.com/images/2023/07/26/multimedia/26ukraine-briefing-battlefield-zlpf/26ukraine-briefing-battlefield-zlpf-thumbStandard.jpg,75,75,A Russian defense official reports a ‘massive’ assault.,A Russian defense official reports a ‘massive’ assault. A Russian occupation official in the Zaporizhzhia region said Ukrainian forces newly equipped with Western weapons had begun a significant attack south of the town of Orikhiv. A Russian occupation official in the Zaporizhzhia region said Ukrainian forces newly equipped with Western weapons had begun a significant attack south of the town of Orikhiv.
,article,nyt://article/268fd1bc-aa09-5f11-91de-d18d8ce5d8c5,[],Foreign,,,2023-07-25 17:08:18+00:00,World,,The New York Times,Europe,Live Blog Post,nyt://article/268fd1bc-aa09-5f11-91de-d18d8ce5d8c5,https://www.nytimes.com/live/2023/07/26/world/russia-ukraine-news/russian-shelling-killed-a-child-at-play-and-injured-others-in-eastern-ukraine-a-local-official-reports,368,By Matthew Mpoke Bigg,"Russian shelling killed two children at play and injured others in eastern Ukraine, a local official reports.",,,,,,0,0,,0,0,"Russian shelling killed two children at play and injured others in eastern Ukraine, a local official reports.","Russian shelling killed two children at play and injured others in eastern Ukraine, a local official reports."
,article,nyt://article/d284aa28-c705-5d0e-a403-5d5789cf0d02,[],Foreign,,,2023-07-19 20:30:07+00:00,World,,The New York Times,Europe,Live Blog Post,nyt://article/d284aa28-c705-5d0e-a403-5d5789cf0d02,https://www.nytimes.com/live/2023/07/19/world/russia-ukraine-news/russian-authorities-say-a-blast-in-crimea-hit-a-military-base-but-then-call-it-a-landfill,371,By Neil MacFarquhar,The authorities in Crimea report a blast at a military base that closed a major highway.,,,An explosion at a military training ground in Crimea on Wednesday.,"Viktor Korotayev/Kommersant Photo, via Agence France-Presse",https://static01.nyt.com/images/2023/07/19/multimedia/19ukraine-briefing-crimea-fire-topart-pmjc/19ukraine-briefing-crimea-fire-topart-pmjc-articleLarge.jpg,400,600,https://static01.nyt.com/images/2023/07/19/multimedia/19ukraine-briefing-crimea-fire-topart-pmjc/19ukraine-briefing-crimea-fire-topart-pmjc-thumbStandard.jpg,75,75,The authorities in Crimea report a blast at a military base that closed a major highway.,The authorities in Crimea report a blast at a military base that closed a major highway.
,article,nyt://article/6f957380-bea5-503f-9262-c2ecf5e9c421,[],Foreign,,,2023-07-12 19:28:46+00:00,World,,The New York Times,Europe,Live Blog Post,nyt://article/6f957380-bea5-503f-9262-c2ecf5e9c421,https://www.nytimes.com/live/2023/07/12/world/russia-ukraine-news/detainees-in-russian-occupied-areas-of-ukraine-report-high-rates-of-torture-the-un-says,278,By Nick Cumming-Bruce,"Detainees in Russian-occupied areas of Ukraine report high rates of torture, the U.N. says.",,,"Civilians in Siversk, a city north of Bakhmut in the Donetsk province of eastern Ukraine, in March.",Tyler Hicks/The New York Times,https://static01.nyt.com/images/2023/07/12/multimedia/12ukraine-blog-un-human-rights-gvqm/12ukraine-blog-un-human-rights-gvqm-articleLarge.jpg,400,600,https://static01.nyt.com/images/2023/07/12/multimedia/12ukraine-blog-un-human-rights-gvqm/12ukraine-blog-un-human-rights-gvqm-thumbStandard.jpg,75,75,"Detainees in Russian-occupied areas of Ukraine report high rates of torture, the U.N. says.","Detainees in Russian-occupied areas of Ukraine report high rates of torture, the U.N. says."
A report in The Sun newspaper said that an unnamed male presenter at the BBC had paid tens of thousands of pounds to a teenager in exchange for “sexually explicit photographs.”,article,nyt://article/9f61968c-e20a-5a22-b942-6cf5e7d9f8c5,"[{'name': 'Subject', 'value': 'News and News Media', 'rank': 1}, {'name': 'Organization', 'value': 'British Broadcasting Corp', 'rank': 2}, {'name': 'Organization', 'value': 'Sun, The (British Newspaper)', 'rank': 3}, {'name': 'Location', 'value': 'Great Britain', 'rank': 4}, {'name': 'Subject', 'value': 'Child Pornography', 'rank': 5}]",Express,8,A,2023-07-09 16:42:26+00:00,World,A report in The Sun newspaper said that an unnamed male presenter at the BBC had paid tens of thousands of pounds to a teenager in exchange for “sexually explicit photographs.”,The New York Times,Europe,News,nyt://article/9f61968c-e20a-5a22-b942-6cf5e7d9f8c5,https://www.nytimes.com/2023/07/09/world/europe/bbc-presenter-suspended-teenager-pictures.html,450,By Chris Cameron,BBC Suspends Male Staff Member After Report of Payments for Sexual Images,,BBC Suspends Staff Member  Amid Sexual Image Scandal,"The BBC, Britain’s public broadcaster, said that the company “became aware of a complaint in May,” and on Sunday it said that a male staff member had been suspended.",Henry Nicholls/Agence France-Presse — Getty Images,https://static01.nyt.com/images/2023/07/09/multimedia/09xp-bbc2-lvzm/09xp-bbc2-lvzm-articleLarge.jpg,400,600,https://static01.nyt.com/images/2023/07/09/multimedia/09xp-bbc2-lvzm/09xp-bbc2-lvzm-thumbStandard.jpg,75,75,BBC Suspends Male Staff Member After Report of Payments for Sexual Images,BBC Suspends Male Staff Member After Report of Payments for Sexual Images A report in The Sun newspaper said that an unnamed male presenter at the BBC had paid tens of thousands of pounds to a teenager in exchange for “sexually explicit photographs.” A report in The Sun newspaper said that an unnamed male presenter at the BBC had paid tens of thousands of pounds to a teenager in exchange for “sexually explicit photographs.”
,article,nyt://article/7c5e1d99-fed9-5367-b097-0fe4d8397d23,[],Foreign,,,2023-06-27 17:31:59+00:00,World,,The New York Times,Europe,Live Blog Post,nyt://article/7c5e1d99-fed9-5367-b097-0fe4d8397d23,https://www.nytimes.com/live/2023/06/27/world/russia-ukraine-news/two-un-reports-document-atrocities-against-civilians-in-ukraine,385,By Gabriela Sá Pessoa,Two U.N. reports document atrocities against civilians in Ukraine.,,,The bodies of a man and a woman were found in a pit at a summer camp used as a base by Russian troops near the village of Novoplatonivka in Ukraine’s Kharkiv region.,Ivor Prickett for The New York Times,https://static01.nyt.com/images/2022/10/09/world/26ukraine-briefing-un-report-01/merlin_214545432_5276a743-6d85-45c0-8e9e-527e95dc59ed-articleLarge.jpg,400,600,https://static01.nyt.com/images/2022/10/09/world/26ukraine-briefing-un-report-01/09ukraine-borova-11-thumbStandard.jpg,75,75,Two U.N. reports document atrocities against civilians in Ukraine.,Two U.N. reports document atrocities against civilians in Ukraine.
"The former prime minister will lose his pass to Parliament, another stinging penalty from the fallout of lockdown-breaking parties during the pandemic.",article,nyt://article/c55e0ec9-dc91-585c-8c87-23696fa599fd,"[{'name': 'Subject', 'value': 'Politics and Government', 'rank': 1}, {'name': 'Subject', 'value': 'Coronavirus (2019-nCoV)', 'rank': 2}, {'name': 'Subject', 'value': 'Polls and Public Opinion', 'rank': 3}, {'name': 'Subject', 'value': 'Legislatures and Parliaments', 'rank': 4}, {'name': 'Organization', 'value': 'Conservative Party (Great Britain)', 'rank': 5}, {'name': 'Person', 'value': 'Johnson, Boris', 'rank': 6}, {'name': 'Person', 'value': 'Sunak, Rishi (1980- )', 'rank': 7}, {'name': 'Location', 'value': 'Great Britain', 'rank': 8}]",Foreign,7,A,2023-06-19 11:14:41+00:00,World,"The former prime minister will lose his pass to Parliament, another stinging penalty from the fallout of lockdown-breaking parties during the pandemic.",The New York Times,Europe,News,nyt://article/c55e0ec9-dc91-585c-8c87-23696fa599fd,https://www.nytimes.com/2023/06/19/world/europe/boris-johnson-parliament-uk.html,1348,By Mark Landler and Stephen Castle,Another Blow to Boris Johnson as U.K. Parliament Ratifies Damning Report,,Johnson Is Rebuked By Parliament in Vote On ‘Partygate’ Scandal,"Boris Johnson, pictured in 2021, was Britain’s prime minister during the grimmest days of the pandemic. He quit last year.",Agence France-Presse — Getty Images,https://static01.nyt.com/images/2023/06/19/multimedia/19uk-politics-hmgb/19uk-politics-hmgb-articleLarge.jpg,421,600,https://static01.nyt.com/images/2023/06/19/multimedia/19uk-politics-hmgb/19uk-politics-hmgb-thumbStandard.jpg,75,75,Another Blow to Boris Johnson as U.K. Parliament Ratifies Damning Report,"Another Blow to Boris Johnson as U.K. Parliament Ratifies Damning Report The former prime minister will lose his pass to Parliament, another stinging penalty from the fallout of lockdown-breaking parties during the pandemic. The former prime minister will lose his pass to Parliament, another stinging penalty from the fallout of lockdown-breaking parties during the pandemic."
,article,nyt://article/15bb4421-6e8f-5bcf-870b-259943b3cf9a,[],Foreign,,,2023-06-15 17:47:07+00:00,World,,The New York Times,Europe,Live Blog Post,nyt://article/15bb4421-6e8f-5bcf-870b-259943b3cf9a,https://www.nytimes.com/live/2023/06/15/world/russia-ukraine-news/the-dam-collapse-in-ukraine-flooded-19000-buildings-in-just-four-cities-a-report-says,343,By Gabriela Sá Pessoa,"The dam collapse in Ukraine flooded 19,000 buildings in just four cities, a report says.",,,A flooded area in Kherson after the Nova Kakhovka dam was breached this month.,Daniel Berehulak/The New York Times,https://static01.nyt.com/images/2023/06/15/multimedia/15ukraine-briefing-kakhova-assessment-mwjc/15ukraine-briefing-kakhova-assessment-mwjc-articleLarge.jpg,400,600,https://static01.nyt.com/images/2023/06/15/multimedia/15ukraine-briefing-kakhova-assessment-mwjc/15ukraine-briefing-kakhova-assessment-mwjc-thumbStandard.jpg,75,75,"The dam collapse in Ukraine flooded 19,000 buildings in just four cities, a report says.","The dam collapse in Ukraine flooded 19,000 buildings in just four cities, a report says."
"The report offered a damning verdict on Boris Johnson, the former British prime minister, who quit Parliament last week.",article,nyt://article/f8d53fa2-0596-5523-aea1-4ab56ea00df0,"[{'name': 'Location', 'value': 'Great Britain', 'rank': 1}, {'name': 'Person', 'value': 'Johnson, Boris', 'rank': 2}, {'name': 'Subject', 'value': 'Ethics and Official Misconduct', 'rank': 3}, {'name': 'Subject', 'value': 'Politics and Government', 'rank': 4}, {'name': 'Organization', 'value': 'House of Commons (Great Britain)', 'rank': 5}, {'name': 'Subject', 'value': 'Legislatures and Parliaments', 'rank': 6}, {'name': 'Subject', 'value': 'Coronavirus (2019-nCoV)', 'rank': 7}]",Foreign,10,A,2023-06-15 08:11:59+00:00,World,"The report offered a damning verdict on Boris Johnson, the former British prime minister, who quit Parliament last week.",The New York Times,Europe,News,nyt://article/f8d53fa2-0596-5523-aea1-4ab56ea00df0,https://www.nytimes.com/2023/06/15/world/europe/boris-johnson-report-covid-lockdown-parties-uk.html,1239,By Stephen Castle,"Boris Johnson Misled Parliament Over Covid Lockdown Parties, Report Says",,"Johnson Misled Parliament About Parties, Committee Says",Former Prime Minister Boris Johnson of Britain leaving his home in London in March.,Peter Nicholls/Reuters,https://static01.nyt.com/images/2023/05/23/multimedia/14uk-boris/23uk-johnson-1-mcjf-articleLarge.jpg,397,600,https://static01.nyt.com/images/2023/05/23/multimedia/14uk-boris/23uk-johnson-1-mcjf-thumbStandard.jpg,75,75,"Boris Johnson Misled Parliament Over Covid Lockdown Parties, Report Says","Boris Johnson Misled Parliament Over Covid Lockdown Parties, Report Says The report offered a damning verdict on Boris Johnson, the former British prime minister, who quit Parliament last week. The report offered a damning verdict on Boris Johnson, the former British prime minister, who quit Parliament last week."
Turkey wants a tougher stance from Stockholm toward pro-Kurdish activists and members of an outlawed religious group whom Turkey considers terrorists.,article,nyt://article/13d14b2e-6a58-54f2-a9de-3c1772a66714,"[{'name': 'Subject', 'value': 'Russian Invasion of Ukraine (2022)', 'rank': 1}, {'name': 'Organization', 'value': 'North Atlantic Treaty Organization', 'rank': 2}, {'name': 'Location', 'value': 'Turkey', 'rank': 3}, {'name': 'Person', 'value': 'Erdogan, Recep Tayyip', 'rank': 4}, {'name': 'Location', 'value': 'Sweden', 'rank': 5}]",Foreign,,,2023-06-14 06:05:59+00:00,World,Turkey wants a tougher stance from Stockholm toward pro-Kurdish activists and members of an outlawed religious group whom Turkey considers terrorists.,The New York Times,Europe,News,nyt://article/13d14b2e-6a58-54f2-a9de-3c1772a66714,https://www.nytimes.com/2023/06/14/world/europe/erdogan-turkey-sweden-nato.html,522,By Ben Hubbard and Safak Timur,Talks in Turkey on Sweden’s bid to join NATO end with no progress reported.,,,"President Recep Tayyip Erdogan in Ankara, Turkey, the capital, this month.",Burak Kara/Getty Images,https://static01.nyt.com/images/2023/06/13/multimedia/13ukraine-briefing-Turkey-NATO-Wednesday-01-pmqf/13ukraine-briefing-Turkey-NATO-Wednesday-01-pmqf-articleLarge.jpg,400,600,https://static01.nyt.com/images/2023/06/13/multimedia/13ukraine-briefing-Turkey-NATO-Wednesday-01-pmqf/13ukraine-briefing-Turkey-NATO-Wednesday-01-pmqf-thumbStandard.jpg,75,75,Talks in Turkey on Sweden’s bid to join NATO end with no progress reported.,Talks in Turkey on Sweden’s bid to join NATO end with no progress reported. Turkey wants a tougher stance from Stockholm toward pro-Kurdish activists and members of an outlawed religious group whom Turkey considers terrorists. Turkey wants a tougher stance from Stockholm toward pro-Kurdish activists and members of an outlawed religious group whom Turkey considers terrorists.
The findings in the death of Oswaldo Payá contradict the Cuban government’s official version of what happened 11 years ago.,article,nyt://article/2171befb-dfbb-5d5f-a5a7-4d8cd13bb8f9,"[{'name': 'Location', 'value': 'Cuba', 'rank': 1}, {'name': 'Organization', 'value': 'Inter-American Commission on Human Rights', 'rank': 2}, {'name': 'Organization', 'value': 'Kennedy, Robert F, Center for Justice and Human Rights', 'rank': 3}, {'name': 'Subject', 'value': 'Human Rights and Human Rights Violations', 'rank': 4}, {'name': 'Subject', 'value': 'Deaths (Fatalities)', 'rank': 5}, {'name': 'Person', 'value': 'Castro, Raul', 'rank': 6}, {'name': 'Person', 'value': 'Castro, Fidel', 'rank': 7}, {'name': 'Subject', 'value': 'Politics and Government', 'rank': 8}, {'name': 'Person', 'value': 'Paya, Oswaldo', 'rank': 9}, {'name': 'Person', 'value': 'Cepero, Harold', 'rank': 10}, {'name': 'Person', 'value': 'Carromero, Angel', 'rank': 11}]",Foreign,10,A,2023-06-13 00:58:18+00:00,World,The findings in the death of Oswaldo Payá contradict the Cuban government’s official version of what happened 11 years ago.,The New York Times,Americas,News,nyt://article/2171befb-dfbb-5d5f-a5a7-4d8cd13bb8f9,https://www.nytimes.com/2023/06/12/world/americas/cuba-oswaldo-paya-death.html,826,By Emiliano Rodríguez Mega and Frances Robles,"Cuban Government Is Responsible for Death of Dissident, Report Says",,Report Blames Cuba for a Dissident’s Death,"Oswaldo Payá in Havana, Cuba, in 2003. He was killed in a suspicious car crash in eastern Cuba that his family and supporters always believed had been caused by the government.",Niurka Barroso/Agence France-Presse &mdash; Getty Images,https://static01.nyt.com/images/2023/06/13/multimedia/12cuba-dissident-report-print-ptbm/12cuba-dissident-report-ptbm-articleLarge.jpg,442,600,https://static01.nyt.com/images/2023/06/13/multimedia/12cuba-dissident-report-print-ptbm/12cuba-dissident-report-ptbm-thumbStandard.jpg,75,75,"Cuban Government Is Responsible for Death of Dissident, Report Says","Cuban Government Is Responsible for Death of Dissident, Report Says The findings in the death of Oswaldo Payá contradict the Cuban government’s official version of what happened 11 years ago. The findings in the death of Oswaldo Payá contradict the Cuban government’s official version of what happened 11 years ago."
"Two female journalists, Niloufar Hamedi and Elaheh Mohammadi, covered some of the first reports of the death of Mahsa Amini in police custody, which ignited nationwide protests against Iran’s clerical rulers.",article,nyt://article/7a88da71-5c32-59fe-9095-85ad4dfd01a1,"[{'name': 'Subject', 'value': 'Political Prisoners', 'rank': 1}, {'name': 'Person', 'value': 'Amini, Mahsa (2000-22)', 'rank': 2}, {'name': 'Location', 'value': 'Iran', 'rank': 3}, {'name': 'Location', 'value': 'Tehran (Iran)', 'rank': 4}, {'name': 'Person', 'value': 'Hamedi, Niloufar', 'rank': 5}, {'name': 'Person', 'value': 'Mohammadi, Elaheh', 'rank': 6}, {'name': 'Subject', 'value': ""Women's Rights"", 'rank': 7}, {'name': 'Subject', 'value': 'News and News Media', 'rank': 8}, {'name': 'Subject', 'value': 'Freedom of the Press', 'rank': 9}, {'name': 'Subject', 'value': 'Censorship', 'rank': 10}]",Foreign,4,A,2023-06-11 07:00:20+00:00,World,"Two female journalists, Niloufar Hamedi and Elaheh Mohammadi, covered some of the first reports of the death of Mahsa Amini in police custody, which ignited nationwide protests against Iran’s clerical rulers.",The New York Times,Middle East,News,nyt://article/7a88da71-5c32-59fe-9095-85ad4dfd01a1,https://www.nytimes.com/2023/06/11/world/middleeast/iran-protests-journalists-trial.html,1029,By Vivian Yee and Leily Nikounazar,Their Reports About a Woman’s Death Set Off a Revolt. Iran Put Them on Trial.,,On Trial for Reporting on a Death That Fueled a Revolt,"A photograph posted on social media of the imprisoned Iranian reporters Niloufar Hamedi and Elaheh Mohammadi, who are now on trial.",Christina Assi/Agence France-Presse — Getty Images,https://static01.nyt.com/images/2023/06/08/multimedia/00iran-journalists-plbq/00iran-journalists-plbq-articleLarge.jpg,400,600,https://static01.nyt.com/images/2023/06/08/multimedia/00iran-journalists-plbq/00iran-journalists-plbq-thumbStandard.jpg,75,75,Their Reports About a Woman’s Death Set Off a Revolt. Iran Put Them on Trial.,"Their Reports About a Woman’s Death Set Off a Revolt. Iran Put Them on Trial. Two female journalists, Niloufar Hamedi and Elaheh Mohammadi, covered some of the first reports of the death of Mahsa Amini in police custody, which ignited nationwide protests against Iran’s clerical rulers. Two female journalists, Niloufar Hamedi and Elaheh Mohammadi, covered some of the first reports of the death of Mahsa Amini in police custody, which ignited nationwide protests against Iran’s clerical rulers."
,article,nyt://article/4b15696b-aa36-54e1-90dd-c79a5173d51d,[],Foreign,,,2023-06-09 17:13:51+00:00,World,,The New York Times,Europe,Live Blog Post,nyt://article/4b15696b-aa36-54e1-90dd-c79a5173d51d,https://www.nytimes.com/live/2023/06/09/world/russia-ukraine-news/russia-has-erected-by-far-the-most-fortifications-in-the-zaporizhzhia-region-a-report-finds,459,By Paul Sonne,"Russia erected by far the most fortifications in the Zaporizhzhia region, a report finds.",,,Ukraine’s 110th Territorial Defense Brigade shelling Russian positions near Zaporizhzhia in April.,David Guttenfelder for The New York Times,https://static01.nyt.com/images/2023/06/09/multimedia/09ukraine-briefing-russian-defenses-firing-tvgm/09ukraine-briefing-russian-defenses-firing-tvgm-articleLarge.jpg,400,600,https://static01.nyt.com/images/2023/06/09/multimedia/09ukraine-briefing-russian-defenses-firing-tvgm/09ukraine-briefing-russian-defenses-firing-tvgm-thumbStandard.jpg,75,75,"Russia erected by far the most fortifications in the Zaporizhzhia region, a report finds.","Russia erected by far the most fortifications in the Zaporizhzhia region, a report finds."
,article,nyt://article/4cfaef80-34db-51bf-b6e4-023cc80c6c7a,[],Foreign,,,2023-06-05 12:56:39+00:00,World,,The New York Times,Europe,Live Blog Post,nyt://article/4cfaef80-34db-51bf-b6e4-023cc80c6c7a,https://www.nytimes.com/live/2023/06/05/world/russia-ukraine-news/ukraine-reports-more-fighting-near-bakhmut,455,By Matthew Mpoke Bigg,Ukraine reports more fighting near Bakhmut.,,,Members of the 93rd Mechanized Brigade preparing to fire an 82 millimeter mortar at Russian positions in Bakhmut last month.,Tyler Hicks/The New York Times,https://static01.nyt.com/images/2023/06/05/multimedia/05ukraine-briefing-frontline-klhc/05ukraine-briefing-frontline-klhc-articleLarge.jpg,400,600,https://static01.nyt.com/images/2023/06/05/multimedia/05ukraine-briefing-frontline-klhc/05ukraine-briefing-frontline-klhc-thumbStandard.jpg,75,75,Ukraine reports more fighting near Bakhmut.,Ukraine reports more fighting near Bakhmut.
"Yevgeny V. Prigozhin, the founder of the private military group, dismissed a report from The Washington Post saying that leaked intelligence showed he had offered to share Russian Army positions with Ukraine.",article,nyt://article/02d8458e-3901-50f2-b48b-09f73c4168e7,"[{'name': 'Location', 'value': 'Bakhmut (Ukraine)', 'rank': 1}, {'name': 'Location', 'value': 'Crimea (Ukraine)', 'rank': 2}, {'name': 'Location', 'value': 'Kyiv (Ukraine)', 'rank': 3}, {'name': 'Person', 'value': 'Budanov, Kyrylo', 'rank': 4}, {'name': 'Person', 'value': 'Peskov, Dmitri S', 'rank': 5}, {'name': 'Person', 'value': 'Prigozhin, Yevgeny V', 'rank': 6}, {'name': 'Organization', 'value': 'Wagner Group', 'rank': 7}, {'name': 'Subject', 'value': 'Mercenaries and Private Military Contractors', 'rank': 8}, {'name': 'Subject', 'value': 'Russian Invasion of Ukraine (2022)', 'rank': 9}, {'name': 'Subject', 'value': 'International Relations', 'rank': 10}]",Foreign,,,2023-05-15 16:25:45+00:00,World,"Yevgeny V. Prigozhin, the founder of the private military group, dismissed a report from The Washington Post saying that leaked intelligence showed he had offered to share Russian Army positions with Ukraine.",The New York Times,Europe,News,nyt://article/02d8458e-3901-50f2-b48b-09f73c4168e7,https://www.nytimes.com/2023/05/15/world/europe/wagner-prigozhin-bakhmut.html,351,By Ivan Nechepurenko,The Wagner leader disputes a report that he offered to betray Russia.,,,Ukrainian soldiers in Bakhmut last month.,Mauricio Lima for The New York Times,https://static01.nyt.com/images/2023/04/12/multimedia/15ukraine-briefing-prigozhin/12ukraine-bakhmut-01-gzkf-articleLarge.jpg,400,600,https://static01.nyt.com/images/2023/04/12/multimedia/15ukraine-briefing-prigozhin/12ukraine-bakhmut-01-gzkf-thumbStandard.jpg,75,75,The Wagner leader disputes a report that he offered to betray Russia.,"The Wagner leader disputes a report that he offered to betray Russia. Yevgeny V. Prigozhin, the founder of the private military group, dismissed a report from The Washington Post saying that leaked intelligence showed he had offered to share Russian Army positions with Ukraine. Yevgeny V. Prigozhin, the founder of the private military group, dismissed a report from The Washington Post saying that leaked intelligence showed he had offered to share Russian Army positions with Ukraine."
"Zakhar Prilepin, who himself fought in eastern Ukraine, has long advocated an imperialist foreign policy by Moscow.",article,nyt://article/212925d8-7422-594d-9be0-fab4b6a59b8a,"[{'name': 'Location', 'value': 'Russia', 'rank': 1}, {'name': 'Person', 'value': 'Prilepin, Zakhar', 'rank': 2}, {'name': 'Subject', 'value': 'Writing and Writers', 'rank': 3}, {'name': 'Subject', 'value': 'Nationalism (Theory and Philosophy)', 'rank': 4}, {'name': 'Subject', 'value': 'Assassinations and Attempted Assassinations', 'rank': 5}, {'name': 'Subject', 'value': 'Bombs and Explosives', 'rank': 6}, {'name': 'Subject', 'value': 'Russian Invasion of Ukraine (2022)', 'rank': 7}, {'name': 'Person', 'value': 'Putin, Vladimir V', 'rank': 8}, {'name': 'Subject', 'value': 'Politics and Government', 'rank': 9}, {'name': 'Location', 'value': 'Ukraine', 'rank': 10}]",Foreign,6,A,2023-05-06 10:58:56+00:00,World,"Zakhar Prilepin, who himself fought in eastern Ukraine, has long advocated an imperialist foreign policy by Moscow.",The New York Times,Europe,News,nyt://article/212925d8-7422-594d-9be0-fab4b6a59b8a,https://www.nytimes.com/2023/05/06/world/europe/russia-prilepin-bombing.html,1132,By Neil MacFarquhar and Anton Troianovski,"Car Bombing Injures Prominent Russian Nationalist Writer, State Media Reports",,Car Bombing Said to Target Russian Writer,Zakhar Prilepin in 2012.,Jeff Pachoud/Agence France-Presse — Getty Images,https://static01.nyt.com/images/2023/05/06/multimedia/06russia-bombing-prilepin-01-chgj/06russia-bombing-prilepin-01-chgj-articleLarge.jpg,399,600,https://static01.nyt.com/images/2023/05/06/multimedia/06russia-bombing-prilepin-01-chgj/06russia-bombing-prilepin-01-chgj-thumbStandard-v2.jpg,75,75,"Car Bombing Injures Prominent Russian Nationalist Writer, State Media Reports","Car Bombing Injures Prominent Russian Nationalist Writer, State Media Reports Zakhar Prilepin, who himself fought in eastern Ukraine, has long advocated an imperialist foreign policy by Moscow. Zakhar Prilepin, who himself fought in eastern Ukraine, has long advocated an imperialist foreign policy by Moscow."
The Ukrainian president has long urged that Vladimir Putin and others be held to account under international law.,article,nyt://article/309123dd-0d1e-55f8-aecc-344247f3b0a1,"[{'name': 'Subject', 'value': 'Russian Invasion of Ukraine (2022)', 'rank': 1}, {'name': 'Person', 'value': 'Zelensky, Volodymyr', 'rank': 2}, {'name': 'Location', 'value': 'Hague (Netherlands)', 'rank': 3}, {'name': 'Organization', 'value': 'International Criminal Court', 'rank': 4}, {'name': 'Location', 'value': 'Netherlands', 'rank': 5}, {'name': 'Person', 'value': 'Rutte, Mark', 'rank': 6}]",Foreign,,,2023-05-03 21:45:51+00:00,World,The Ukrainian president has long urged that Vladimir Putin and others be held to account under international law.,The New York Times,Europe,News,nyt://article/309123dd-0d1e-55f8-aecc-344247f3b0a1,https://www.nytimes.com/2023/05/03/world/europe/zelensky-hague-netherlands.html,366,By Claire Moses,"Zelensky arrives in the Netherlands for an address at The Hague, Dutch media reports.",,,President Volodymyr Zelensky of Ukraine is in the Netherlands to make an address at The Hague on Thursday.,"Heikki Saukkomaa/Lehtikuva, via Associated Press",https://static01.nyt.com/images/2023/05/03/multimedia/03ukraine-briefing-zelensky-hague-topart-gfjl/03ukraine-briefing-zelensky-hague-topart-gfjl-articleLarge.jpg,400,600,https://static01.nyt.com/images/2023/05/03/multimedia/03ukraine-briefing-zelensky-hague-topart-gfjl/03ukraine-briefing-zelensky-hague-topart-gfjl-thumbStandard.jpg,75,75,"Zelensky arrives in the Netherlands for an address at The Hague, Dutch media reports.","Zelensky arrives in the Netherlands for an address at The Hague, Dutch media reports. The Ukrainian president has long urged that Vladimir Putin and others be held to account under international law. The Ukrainian president has long urged that Vladimir Putin and others be held to account under international law."
,article,nyt://article/a9bcb436-7719-59c4-834a-51ff1690228a,[],Foreign,,,2023-05-03 05:38:33+00:00,World,,The New York Times,Europe,Live Blog Post,nyt://article/a9bcb436-7719-59c4-834a-51ff1690228a,https://www.nytimes.com/live/2023/05/03/world/russia-ukraine-kremlin-drone-news/zelensky-says-white-house-didnt-inform-him-of-intelligence-leak-ahead-of-news-reports,383,By Victoria Kim,Zelensky says the White House didn’t inform him of the intelligence leak ahead of news reports.,,,President Volodymyr Zelensky talking with servicemen during a visit to the front line last month.,Ukrainian Presidential Press Service,https://static01.nyt.com/images/2023/05/03/multimedia/03ukraine-briefing-zelensky-cqhf/03ukraine-briefing-zelensky-cqhf-articleLarge.jpg,400,600,https://static01.nyt.com/images/2023/05/03/multimedia/03ukraine-briefing-zelensky-cqhf/03ukraine-briefing-zelensky-cqhf-thumbStandard.jpg,75,75,Zelensky says the White House didn’t inform him of the intelligence leak ahead of news reports.,Zelensky says the White House didn’t inform him of the intelligence leak ahead of news reports.
"An explosion on Tuesday in Bryansk, along Ukraine’s northern border, sent a locomotive and about 20 train cars off the rails, local authorities said.",article,nyt://article/2ea83ec3-e02a-57ae-90a5-d637e08abbab,"[{'name': 'Subject', 'value': 'Railroads', 'rank': 1}, {'name': 'Subject', 'value': 'Russian Invasion of Ukraine (2022)', 'rank': 2}, {'name': 'Location', 'value': 'Bryansk (Russia)', 'rank': 3}, {'name': 'Location', 'value': 'Moscow (Russia)', 'rank': 4}, {'name': 'Location', 'value': 'Russia', 'rank': 5}, {'name': 'Location', 'value': 'Ukraine', 'rank': 6}]",Foreign,,,2023-05-02 21:52:34+00:00,World,"An explosion on Tuesday in Bryansk, along Ukraine’s northern border, sent a locomotive and about 20 train cars off the rails, local authorities said.",The New York Times,Europe,News,nyt://article/2ea83ec3-e02a-57ae-90a5-d637e08abbab,https://www.nytimes.com/2023/05/02/world/europe/russia-train-derailment-ukraine.html,404,By Neil MacFarquhar,A second train derailment in two days is reported in a Russian border area.,,,,Kirill Kudryavtsev/Agence France-Presse — Getty Images,https://static01.nyt.com/images/2023/05/02/multimedia/02ukraine-briefing-bryansk-derailment-promo-lfgm/02ukraine-briefing-bryansk-derailment-promo-lfgm-articleLarge.jpg,400,600,https://static01.nyt.com/images/2023/05/02/multimedia/02ukraine-briefing-bryansk-derailment-promo-lfgm/02ukraine-briefing-bryansk-derailment-promo-lfgm-thumbStandard.jpg,75,75,A second train derailment in two days is reported in a Russian border area.,"A second train derailment in two days is reported in a Russian border area. An explosion on Tuesday in Bryansk, along Ukraine’s northern border, sent a locomotive and about 20 train cars off the rails, local authorities said. An explosion on Tuesday in Bryansk, along Ukraine’s northern border, sent a locomotive and about 20 train cars off the rails, local authorities said."
"The attacks follow a weekend of explosions deep behind Russian lines. A Ukrainian official said the depot fire is part of preparations for “the broad, full-scale offensive that everyone expects” Ukraine to launch soon.",article,nyt://article/9ac7b526-49c0-570b-a5ee-5ad97c0fdb77,"[{'name': 'Subject', 'value': 'Russian Invasion of Ukraine (2022)', 'rank': 1}, {'name': 'Location', 'value': 'Kyiv (Ukraine)', 'rank': 2}, {'name': 'Subject', 'value': 'Assaults', 'rank': 3}, {'name': 'Location', 'value': 'Russia', 'rank': 4}, {'name': 'Location', 'value': 'Ukraine', 'rank': 5}, {'name': 'Subject', 'value': 'vis-video', 'rank': 6}]",Foreign,,,2023-05-01 03:14:15+00:00,World,"The attacks follow a weekend of explosions deep behind Russian lines. A Ukrainian official said the depot fire is part of preparations for “the broad, full-scale offensive that everyone expects” Ukraine to launch soon.",The New York Times,Europe,Live Blog Post,nyt://article/9ac7b526-49c0-570b-a5ee-5ad97c0fdb77,https://www.nytimes.com/live/2023/05/01/world/russia-ukraine-news/explosions-kyiv-russia,736,By Marc Santora and Malachy Browne,Both sides report attacks before an expected Ukrainian counteroffensive.,,,"A residential area hit by a Russian military strike in Pavlograd, Ukraine, on Monday.",Sofiia Gatilova/Reuters,https://static01.nyt.com/images/2023/05/01/multimedia/01ukraine-briefing-attack-01-kcwz/01ukraine-briefing-attack-01-kcwz-articleLarge.jpg,400,600,https://static01.nyt.com/images/2023/05/01/multimedia/01ukraine-briefing-attack-01-kcwz/01ukraine-briefing-attack-01-kcwz-thumbStandard.jpg,75,75,Both sides report attacks before an expected Ukrainian counteroffensive.,"Both sides report attacks before an expected Ukrainian counteroffensive. The attacks follow a weekend of explosions deep behind Russian lines. A Ukrainian official said the depot fire is part of preparations for “the broad, full-scale offensive that everyone expects” Ukraine to launch soon. The attacks follow a weekend of explosions deep behind Russian lines. A Ukrainian official said the depot fire is part of preparations for “the broad, full-scale offensive that everyone expects” Ukraine to launch soon."
The rights group commissioned an independent review of its August accusation that Ukrainian forces illegally put civilians in harm’s way.,article,nyt://article/e33b78bf-714d-50e4-8ca5-86199cad7b24,[],Foreign,,,2023-04-28 10:50:56+00:00,World,The rights group commissioned an independent review of its August accusation that Ukrainian forces illegally put civilians in harm’s way.,The New York Times,Europe,Live Blog Post,nyt://article/e33b78bf-714d-50e4-8ca5-86199cad7b24,https://www.nytimes.com/live/2023/04/28/world/russia-ukraine-news/an-unreleased-report-finds-faults-in-amnesty-internationals-criticism-of-ukraine,332,By Charlie Savage,An unreleased report finds faults in Amnesty International’s criticism of Ukraine.,,,"Ukrainian forces in a school bombed by Russian forces in the Mykolaiv region of Ukraine, in August.",Daniel Berehulak for The New York Times,https://static01.nyt.com/images/2023/04/27/multimedia/28ukraine-briefing-amnesty-VERSION/27dc-amnesty-mbzk-articleLarge.jpg,400,600,https://static01.nyt.com/images/2023/04/27/multimedia/28ukraine-briefing-amnesty-VERSION/27dc-amnesty-mbzk-thumbStandard.jpg,75,75,An unreleased report finds faults in Amnesty International’s criticism of Ukraine.,An unreleased report finds faults in Amnesty International’s criticism of Ukraine. The rights group commissioned an independent review of its August accusation that Ukrainian forces illegally put civilians in harm’s way. The rights group commissioned an independent review of its August accusation that Ukrainian forces illegally put civilians in harm’s way.
"Another reporter was hospitalized in the city of Kherson and described the attack to the paper, La Repubblica.",article,nyt://article/ae7d2704-0d85-56c6-8d33-6b5ee3dc38ca,"[{'name': 'Subject', 'value': 'Russian Invasion of Ukraine (2022)', 'rank': 1}, {'name': 'Organization', 'value': 'La Repubblica', 'rank': 2}, {'name': 'Organization', 'value': 'Committee to Protect Journalists', 'rank': 3}, {'name': 'Subject', 'value': 'War and Armed Conflicts', 'rank': 4}, {'name': 'Location', 'value': 'Kherson (Ukraine)', 'rank': 5}]",Foreign,,,2023-04-26 19:44:05+00:00,World,"Another reporter was hospitalized in the city of Kherson and described the attack to the paper, La Repubblica.",The New York Times,Europe,News,nyt://article/ae7d2704-0d85-56c6-8d33-6b5ee3dc38ca,https://www.nytimes.com/2023/04/26/world/europe/journalist-killed-ukraine-italian-newspaper.html,334,By Marc Santora,"A reporting team for an Italian newspaper comes under fire in southern Ukraine, and one journalist is killed.",,,,Ivor Prickett for The New York Times,https://static01.nyt.com/images/2023/04/26/multimedia/26ukraine-briefing-italian-journalist-sniper-promo-chtf/26ukraine-briefing-italian-journalist-sniper-promo-chtf-articleLarge.jpg,400,600,https://static01.nyt.com/images/2023/04/26/multimedia/26ukraine-briefing-italian-journalist-sniper-promo-chtf/26ukraine-briefing-italian-journalist-sniper-promo-chtf-thumbStandard.jpg,75,75,"A reporting team for an Italian newspaper comes under fire in southern Ukraine, and one journalist is killed.","A reporting team for an Italian newspaper comes under fire in southern Ukraine, and one journalist is killed. Another reporter was hospitalized in the city of Kherson and described the attack to the paper, La Repubblica. Another reporter was hospitalized in the city of Kherson and described the attack to the paper, La Repubblica."
,article,nyt://article/5b7baff8-8ee4-572a-8bd4-8037196ef160,"[{'name': 'Subject', 'value': 'Russian Invasion of Ukraine (2022)', 'rank': 1}, {'name': 'Organization', 'value': 'United Nations', 'rank': 2}, {'name': 'Person', 'value': 'Guterres, Antonio', 'rank': 3}]",Foreign,,,2023-04-19 00:31:08+00:00,World,,The New York Times,Americas,Live Blog Post,nyt://article/5b7baff8-8ee4-572a-8bd4-8037196ef160,https://www.nytimes.com/live/2023/04/19/world/russia-ukraine-news/guterres-leak,459,By Farnaz Fassihi,The U.N. complains about reported American spying on its top official.,,,"The U.N. secretary general, António Guterres, in New York in September.",Dave Sanders for The New York Times,https://static01.nyt.com/images/2022/09/20/world/18ukraine-briefing-guterres-leak/merlin_213502728_a508f150-a22e-442c-8c50-6320bfbea510-articleLarge.jpg,400,600,https://static01.nyt.com/images/2022/09/20/world/18ukraine-briefing-guterres-leak/merlin_213502728_a508f150-a22e-442c-8c50-6320bfbea510-thumbStandard.jpg,75,75,The U.N. complains about reported American spying on its top official.,The U.N. complains about reported American spying on its top official.
,article,nyt://article/9046e288-bb3c-54be-8693-a40a69d38b81,[],Washington,,,2023-04-14 13:00:06+00:00,World,,The New York Times,,Live Blog Post,nyt://article/9046e288-bb3c-54be-8693-a40a69d38b81,https://www.nytimes.com/live/2023/04/14/world/russia-ukraine-news/a-new-report-offers-insight-into-russias-approach-to-fighting-in-space,396,By Julian E. Barnes,A new report offers insight into Russia’s approach to fighting in space.,,,"Ukrainian drone footage analysts near Bakhmut, Ukraine, in January. Russia has used extensive jamming of GPS signals during the war to interfere with drone operations.",Nicole Tung for The New York Times,https://static01.nyt.com/images/2023/03/03/multimedia/14ukraine-briefing-space-01/03ukraine-bakhmut-explainer-02-tbzl-articleLarge.jpg,400,600,https://static01.nyt.com/images/2023/03/03/multimedia/14ukraine-briefing-space-01/03ukraine-bakhmut-explainer-02-tbzl-thumbStandard.jpg,75,75,A new report offers insight into Russia’s approach to fighting in space.,A new report offers insight into Russia’s approach to fighting in space.
"The two countries had found common ground in opposing “perceived U.S. efforts to expand influence in Latin America,” according to an intelligence update based on C.I.A. intercepts.",article,nyt://article/2d5dc4a0-5e4f-52ec-8197-021b926ebc18,"[{'name': 'Subject', 'value': 'International Relations', 'rank': 1}, {'name': 'Subject', 'value': 'Defense and Military Forces', 'rank': 2}, {'name': 'Location', 'value': 'Iran', 'rank': 3}, {'name': 'Location', 'value': 'Nicaragua', 'rank': 4}, {'name': 'Location', 'value': 'Latin America', 'rank': 5}, {'name': 'Subject', 'value': 'United States International Relations', 'rank': 6}, {'name': 'Person', 'value': 'Ortega, Daniel', 'rank': 7}, {'name': 'Person', 'value': 'Amir Abdollahian, Hossein', 'rank': 8}]",Foreign,,,2023-04-13 20:31:27+00:00,World,"The two countries had found common ground in opposing “perceived U.S. efforts to expand influence in Latin America,” according to an intelligence update based on C.I.A. intercepts.",The New York Times,Middle East,News,nyt://article/2d5dc4a0-5e4f-52ec-8197-021b926ebc18,https://www.nytimes.com/2023/04/13/world/middleeast/iran-nicaragua-military-cooperation.html,618,By Vivian Yee,"Iran and Nicaragua Discussed Military Cooperation, Leaked Report Says",,,"The Iranian foreign minister, Hossein Amir Abdollahian, left, greeting his Nicaraguan counterpart, Denis Moncada, in Tehran in December. Their two countries share grudges against the United States.",Vahid Salemi/Associated Press,https://static01.nyt.com/images/2023/04/13/multimedia/13iran-nicaragua-lbzh/13iran-nicaragua-lbzh-articleLarge.jpg,400,600,https://static01.nyt.com/images/2023/04/13/multimedia/13iran-nicaragua-lbzh/13iran-nicaragua-lbzh-thumbStandard.jpg,75,75,"Iran and Nicaragua Discussed Military Cooperation, Leaked Report Says","Iran and Nicaragua Discussed Military Cooperation, Leaked Report Says The two countries had found common ground in opposing “perceived U.S. efforts to expand influence in Latin America,” according to an intelligence update based on C.I.A. intercepts. The two countries had found common ground in opposing “perceived U.S. efforts to expand influence in Latin America,” according to an intelligence update based on C.I.A. intercepts."
"Aleksei Moskalyov, a single father, escaped house arrest in Russia after he was charged with “discrediting” the Russian Army over the war in Ukraine.",article,nyt://article/507df6d1-18cc-5034-9256-863b7de270e1,"[{'name': 'Subject', 'value': 'Russian Invasion of Ukraine (2022)', 'rank': 1}, {'name': 'Subject', 'value': 'Child Custody and Support', 'rank': 2}, {'name': 'Subject', 'value': 'Extradition', 'rank': 3}, {'name': 'Location', 'value': 'Belarus', 'rank': 4}, {'name': 'Location', 'value': 'Russia', 'rank': 5}, {'name': 'Person', 'value': 'Moskalyov, Aleksei', 'rank': 6}]",Foreign,,,2023-04-13 11:35:20+00:00,World,"Aleksei Moskalyov, a single father, escaped house arrest in Russia after he was charged with “discrediting” the Russian Army over the war in Ukraine.",The New York Times,Europe,News,nyt://article/507df6d1-18cc-5034-9256-863b7de270e1,https://www.nytimes.com/2023/04/13/world/europe/belarus-russia-extradition-anti-war-picture.html,355,By Ivan Nechepurenko,"Belarus extradites a Russian father convicted after his daughter drew an antiwar picture, state news media reports.",,,"Aleksei Moskalyov in a Russian courtroom in March. His case has attracted international attention, in part because it has thrown custody of his daughter into question.",Associated Press,https://static01.nyt.com/images/2023/03/28/multimedia/13ukraine-briefing-moskalyov-01/28russia-child-01-ktpg-articleLarge.jpg,400,600,https://static01.nyt.com/images/2023/03/28/multimedia/13ukraine-briefing-moskalyov-01/28russia-child-01-ktpg-thumbStandard.jpg,75,75,"Belarus extradites a Russian father convicted after his daughter drew an antiwar picture, state news media reports.","Belarus extradites a Russian father convicted after his daughter drew an antiwar picture, state news media reports. Aleksei Moskalyov, a single father, escaped house arrest in Russia after he was charged with “discrediting” the Russian Army over the war in Ukraine. Aleksei Moskalyov, a single father, escaped house arrest in Russia after he was charged with “discrediting” the Russian Army over the war in Ukraine."
"The Washington Post said the document describes an Egyptian plan to secretly produce rockets, artillery rounds and gunpowder for Russia.",article,nyt://article/16cd39cb-7cb8-593d-907c-92c3624bcdab,"[{'name': 'Subject', 'value': 'Classified Information and State Secrets', 'rank': 1}, {'name': 'Organization', 'value': 'Washington Post', 'rank': 2}, {'name': 'Organization', 'value': 'Defense Department', 'rank': 3}, {'name': 'Location', 'value': 'Russia', 'rank': 4}, {'name': 'Subject', 'value': 'Russian Invasion of Ukraine (2022)', 'rank': 5}, {'name': 'Location', 'value': 'United Arab Emirates', 'rank': 6}, {'name': 'Subject', 'value': 'US Intelligence Documents Leak (2023)', 'rank': 7}]",Foreign,,,2023-04-11 17:12:57+00:00,World,"The Washington Post said the document describes an Egyptian plan to secretly produce rockets, artillery rounds and gunpowder for Russia.",The New York Times,Europe,News,nyt://article/16cd39cb-7cb8-593d-907c-92c3624bcdab,https://www.nytimes.com/2023/04/11/world/europe/egypt-russia-leaked-pentagon-documents.html,437,By Vivian Yee and Vivian Nereim,Egypt rejects a report that a leaked Pentagon document outlines its plan to ship arms to Russia.,,,President Abdel Fattah el-Sisi of Egypt in Washington in December.,Pool photo by Mandel Ngan,https://static01.nyt.com/images/2023/04/11/multimedia/11ukraine-briefing-russia-mideast-leaks-02-ztkc/11ukraine-briefing-russia-mideast-leaks-02-ztkc-articleLarge.jpg,400,600,https://static01.nyt.com/images/2023/04/11/multimedia/11ukraine-briefing-russia-mideast-leaks-02-ztkc/11ukraine-briefing-russia-mideast-leaks-02-ztkc-thumbStandard.jpg,75,75,Egypt rejects a report that a leaked Pentagon document outlines its plan to ship arms to Russia.,"Egypt rejects a report that a leaked Pentagon document outlines its plan to ship arms to Russia. The Washington Post said the document describes an Egyptian plan to secretly produce rockets, artillery rounds and gunpowder for Russia. The Washington Post said the document describes an Egyptian plan to secretly produce rockets, artillery rounds and gunpowder for Russia."
"Evan Gershkovich, who works for The Wall Street Journal, knew the risks of reporting in Russia but felt a deep connection to the country, his friends said.",article,nyt://article/6dd9db07-53a6-5150-82e7-db594a17c284,[],Foreign,,,2023-04-05 17:38:56+00:00,World,"Evan Gershkovich, who works for The Wall Street Journal, knew the risks of reporting in Russia but felt a deep connection to the country, his friends said.",The New York Times,Europe,Live Blog Post,nyt://article/6dd9db07-53a6-5150-82e7-db594a17c284,https://www.nytimes.com/live/2023/04/05/world/russia-ukraine-news/the-journalist-detained-by-russia-was-reporting-stories-that-needed-to-be-told,214,By Katie Robertson,The journalist detained by Russia was reporting stories that ‘needed to be told.’,,,"Evan Gershkovich, a Wall Street Journal reporter, was arrested in Russia in March. A fellow reporter said they frequently discussed the risks they faced in covering the country.",Dimitar Dilkoff/Agence France-Presse — Getty Images,https://static01.nyt.com/images/2023/04/01/multimedia/03ukraine-briefing-gershkovich-profile-VERSION/00GERSHKOVICH-lkvf-articleLarge.jpg,450,600,https://static01.nyt.com/images/2023/04/01/multimedia/03ukraine-briefing-gershkovich-profile-VERSION/00GERSHKOVICH-lkvf-thumbStandard.jpg,75,75,The journalist detained by Russia was reporting stories that ‘needed to be told.’,"The journalist detained by Russia was reporting stories that ‘needed to be told.’ Evan Gershkovich, who works for The Wall Street Journal, knew the risks of reporting in Russia but felt a deep connection to the country, his friends said. Evan Gershkovich, who works for The Wall Street Journal, knew the risks of reporting in Russia but felt a deep connection to the country, his friends said."
,article,nyt://article/3e12927a-a0b3-5343-9302-e592f2d71299,[],Foreign,,,2023-03-29 09:54:43+00:00,World,,The New York Times,Europe,Live Blog Post,nyt://article/3e12927a-a0b3-5343-9302-e592f2d71299,https://www.nytimes.com/live/2023/03/29/world/russia-ukraine-news/explosions-are-reported-in-melitopol-an-occupied-city-ukraine-hopes-to-recapture,346,By Daniel Victor and Victoria Kim,"Explosions are reported in Melitopol, an occupied city Ukraine hopes to recapture.",,,The site of a car bomb explosion in Melitopol in October.,Agence France-Presse — Getty Images,https://static01.nyt.com/images/2022/12/13/multimedia/29ukraine-briefing-melitopol/13ukraine-briefing-melitopol-1-253e-articleLarge.jpg,379,600,https://static01.nyt.com/images/2022/12/13/multimedia/29ukraine-briefing-melitopol/13ukraine-briefing-melitopol-1-253e-thumbStandard.jpg,75,75,"Explosions are reported in Melitopol, an occupied city Ukraine hopes to recapture.","Explosions are reported in Melitopol, an occupied city Ukraine hopes to recapture."
,article,nyt://article/788e90ba-88f7-59cd-8e8e-917e9d971d92,[],Foreign,,,2023-03-23 15:14:26+00:00,World,,The New York Times,Europe,Live Blog Post,nyt://article/788e90ba-88f7-59cd-8e8e-917e9d971d92,https://www.nytimes.com/live/2023/03/23/world/russia-ukraine-news/healthcare-services-in-ukraine-are-being-destroyed-a-report-from-doctors-without-borders-finds,530,By Daniel Victor,"Health care services in Ukraine are being destroyed, a report from Doctors Without Borders finds.",,,Medical services have been severely disrupted all across Ukraine since Russia began its invasion in February 2022.,Lynsey Addario for The New York Times,https://static01.nyt.com/images/2023/03/23/multimedia/23ukraine-briefing-medical-disruption-topart-fmkv/23ukraine-briefing-medical-disruption-topart-fmkv-articleLarge.jpg,400,600,https://static01.nyt.com/images/2023/03/23/multimedia/23ukraine-briefing-medical-disruption-topart-fmkv/23ukraine-briefing-medical-disruption-topart-fmkv-thumbStandard.jpg,75,75,"Health care services in Ukraine are being destroyed, a report from Doctors Without Borders finds.","Health care services in Ukraine are being destroyed, a report from Doctors Without Borders finds."
,article,nyt://article/b6eda8b9-852f-56dd-a7a9-b2069379faf1,[],Foreign,,,2023-03-22 08:12:01+00:00,World,,The New York Times,Europe,Live Blog Post,nyt://article/b6eda8b9-852f-56dd-a7a9-b2069379faf1,https://www.nytimes.com/live/2023/03/22/world/russia-ukraine-news/russia-says-it-destroyed-drones-in-black-sea-city,607,By Marc Santora,The Russian authorities in Crimea report a drone attack for a second straight day.,,,A satellite image showing the Black Sea port of Sevastopol in Crimea last year. The Russian authorities claimed on Wednesday that drones had targeted the area for the second straight day.,"Maxar Technologies, via Shutterstock",https://static01.nyt.com/images/2023/03/22/multimedia/22ukraine-briefing-crimea-mvcj/22ukraine-briefing-crimea-mvcj-articleLarge.jpg,518,600,https://static01.nyt.com/images/2023/03/22/multimedia/22ukraine-briefing-crimea-mvcj/22ukraine-briefing-crimea-mvcj-thumbStandard.jpg,75,75,The Russian authorities in Crimea report a drone attack for a second straight day.,The Russian authorities in Crimea report a drone attack for a second straight day.
"The report, ordered up after the murder of Sarah Everard by a London police officer in 2021, denounced the culture within Britain’s largest police force and called for change.",article,nyt://article/887c05c7-7005-55af-a109-f4185707e9d1,"[{'name': 'Subject', 'value': 'Discrimination', 'rank': 1}, {'name': 'Subject', 'value': 'Police', 'rank': 2}, {'name': 'Organization', 'value': 'Scotland Yard (Metropolitan Police Service)', 'rank': 3}, {'name': 'Person', 'value': 'Everard, Sarah', 'rank': 4}, {'name': 'Location', 'value': 'London (England)', 'rank': 5}, {'name': 'Person', 'value': 'Carrick, David (London, England, Police Officer)', 'rank': 6}, {'name': 'Location', 'value': 'Great Britain', 'rank': 7}, {'name': 'Person', 'value': 'Casey, Louise (1965- )', 'rank': 8}]",Foreign,10,A,2023-03-21 08:43:45+00:00,World,"The report, ordered up after the murder of Sarah Everard by a London police officer in 2021, denounced the culture within Britain’s largest police force and called for change.",The New York Times,Europe,News,nyt://article/887c05c7-7005-55af-a109-f4185707e9d1,https://www.nytimes.com/2023/03/21/world/europe/london-met-police-report.html,1141,By Megan Specia,Damning Report Finds London Police Force Is Sexist and Racist,,"Damning Report Finds London Police Force Is Sexist, Racist and Homophobic","Louise Casey, center, was appointed to conduct an independent review into the standards of behavior and the internal culture of the London Metropolitan Police Service.",Pool photo by Kirsty O'Connor,https://static01.nyt.com/images/2023/03/21/multimedia/21uk-police-vgbk/21uk-police-vgbk-articleLarge.jpg,400,600,https://static01.nyt.com/images/2023/03/21/multimedia/21uk-police-vgbk/21uk-police-vgbk-thumbStandard.jpg,75,75,Damning Report Finds London Police Force Is Sexist and Racist,"Damning Report Finds London Police Force Is Sexist and Racist The report, ordered up after the murder of Sarah Everard by a London police officer in 2021, denounced the culture within Britain’s largest police force and called for change. The report, ordered up after the murder of Sarah Everard by a London police officer in 2021, denounced the culture within Britain’s largest police force and called for change."
"Defense Minister Boris Pistorius said Germany was waiting for further investigations, after reports in The New York Times and other news outlets.",article,nyt://article/9dee05fd-8043-5855-b225-7d0d0f7ecca4,"[{'name': 'Person', 'value': 'Pistorius, Boris', 'rank': 1}, {'name': 'Organization', 'value': 'Nord Stream AG', 'rank': 2}, {'name': 'Location', 'value': 'Germany', 'rank': 3}, {'name': 'Subject', 'value': 'Russian Invasion of Ukraine (2022)', 'rank': 4}, {'name': 'Location', 'value': 'Russia', 'rank': 5}, {'name': 'Location', 'value': 'Ukraine', 'rank': 6}]",Foreign,,,2023-03-08 14:35:31+00:00,World,"Defense Minister Boris Pistorius said Germany was waiting for further investigations, after reports in The New York Times and other news outlets.",The New York Times,Europe,News,nyt://article/9dee05fd-8043-5855-b225-7d0d0f7ecca4,https://www.nytimes.com/2023/03/08/world/europe/nord-stream-pipeline-ukraine-germany.html,456,By Christopher F. Schuetze,Germany treads a careful line over reports that a pro-Ukrainian group sabotaged the Nord Stream pipeline.,,,"This photo released by the Danish military in September shows gas bubbles from the Nord Stream 2 leak reaching the surface of the Baltic Sea, near the Danish island of Bornholm.","Danish Defense Ministry, via Reuters",https://static01.nyt.com/images/2023/03/06/multimedia/08ukraine-briefing-nordstream/06dc-pipeline-2-01-bpgt-articleLarge.jpg,363,600,https://static01.nyt.com/images/2023/03/06/multimedia/08ukraine-briefing-nordstream/06dc-pipeline-2-01-bpgt-thumbStandard.jpg,75,75,Germany treads a careful line over reports that a pro-Ukrainian group sabotaged the Nord Stream pipeline.,"Germany treads a careful line over reports that a pro-Ukrainian group sabotaged the Nord Stream pipeline. Defense Minister Boris Pistorius said Germany was waiting for further investigations, after reports in The New York Times and other news outlets. Defense Minister Boris Pistorius said Germany was waiting for further investigations, after reports in The New York Times and other news outlets."
,article,nyt://article/ba0fe8b1-7368-5464-902e-2efff48aafc1,[],Foreign,,,2023-03-02 16:34:37+00:00,World,,The New York Times,Europe,Live Blog Post,nyt://article/ba0fe8b1-7368-5464-902e-2efff48aafc1,https://www.nytimes.com/live/2023/03/02/world/russia-ukraine-g20-news/residents-of-russian-occupied-crimean-report-a-series-of-explosions,354,By Matthew Mpoke Bigg,Residents of Russian-occupied Crimea report a series of explosions.,,,A man walks past a monument to a Soviet military airplane in the Crimean village of Okhotnykove on Thursday.,Alexey Pavlishak/Reuters,https://static01.nyt.com/images/2023/03/02/multimedia/02ukraine-briefing-crimea-topart-qgth/02ukraine-briefing-crimea-topart-qgth-articleLarge.jpg,400,600,https://static01.nyt.com/images/2023/03/02/multimedia/02ukraine-briefing-crimea-topart-qgth/02ukraine-briefing-crimea-topart-qgth-thumbStandard.jpg,75,75,Residents of Russian-occupied Crimea report a series of explosions.,Residents of Russian-occupied Crimea report a series of explosions.
"An independent review found that China, Russia and Iran tried to interfere in the 2019 and 2021 votes, but that the elections’ integrity was not compromised.",article,nyt://article/b0864392-a185-5e71-bcbb-e5abae4d75bd,"[{'name': 'Location', 'value': 'Canada', 'rank': 1}, {'name': 'Subject', 'value': 'Elections', 'rank': 2}, {'name': 'Location', 'value': 'China', 'rank': 3}, {'name': 'Person', 'value': 'Trudeau, Justin', 'rank': 4}, {'name': 'Organization', 'value': 'Communist Party of China', 'rank': 5}, {'name': 'Organization', 'value': 'Conservative Party (Canada)', 'rank': 6}, {'name': 'Organization', 'value': 'Global Times', 'rank': 7}, {'name': 'Organization', 'value': 'Globe & Mail', 'rank': 8}, {'name': 'Organization', 'value': 'Liberal Party (Canada)', 'rank': 9}, {'name': 'Subject', 'value': 'Canadian Federal Election (2019)', 'rank': 10}]",Foreign,,,2023-03-01 03:12:40+00:00,World,"An independent review found that China, Russia and Iran tried to interfere in the 2019 and 2021 votes, but that the elections’ integrity was not compromised.",The New York Times,Canada,News,nyt://article/b0864392-a185-5e71-bcbb-e5abae4d75bd,https://www.nytimes.com/2023/02/28/world/canada/canada-elections-foreign-interference.html,570,By Ian Austen,"Foreign Efforts to Subvert Canada’s Last 2 Elections Failed, Report Says",,,"Prime Minister Justin Trudeau of Canada campaigning in Burnaby, British Columbia, in 2021. A report says China, Russia and Iran tried to influence the election that year.",Carlos Osorio/Reuters,https://static01.nyt.com/images/2023/03/28/multimedia/28canada-vote-jtvk/28canada-vote-jtvk-articleLarge.jpg,400,600,https://static01.nyt.com/images/2023/03/28/multimedia/28canada-vote-jtvk/28canada-vote-jtvk-thumbStandard.jpg,75,75,"Foreign Efforts to Subvert Canada’s Last 2 Elections Failed, Report Says","Foreign Efforts to Subvert Canada’s Last 2 Elections Failed, Report Says An independent review found that China, Russia and Iran tried to interfere in the 2019 and 2021 votes, but that the elections’ integrity was not compromised. An independent review found that China, Russia and Iran tried to interfere in the 2019 and 2021 votes, but that the elections’ integrity was not compromised."
"Officials said at least five civilians were killed in the attacks, as President Vladimir V. Putin repeated his claim that the war is part of a U.S.-led effort to destroy Russia.",article,nyt://article/731a650e-a38b-579c-b617-bc8f62ec038a,"[{'name': 'Location', 'value': 'Ukraine', 'rank': 1}, {'name': 'Subject', 'value': 'Russian Invasion of Ukraine (2022)', 'rank': 2}, {'name': 'Location', 'value': 'Russia', 'rank': 3}, {'name': 'Person', 'value': 'Putin, Vladimir V', 'rank': 4}, {'name': 'Location', 'value': 'Donetsk (Ukraine)', 'rank': 5}, {'name': 'Location', 'value': 'Kherson (Ukraine)', 'rank': 6}, {'name': 'Subject', 'value': 'Defense and Military Forces', 'rank': 7}]",Foreign,5,A,2023-02-26 10:58:49+00:00,World,"Officials said at least five civilians were killed in the attacks, as President Vladimir V. Putin repeated his claim that the war is part of a U.S.-led effort to destroy Russia.",The New York Times,Europe,News,nyt://article/731a650e-a38b-579c-b617-bc8f62ec038a,https://www.nytimes.com/2023/02/26/world/europe/ukraine-russia-strikes.html,1236,By Matthew Mpoke Bigg and Anton Troianovski,Deadly Russian Artillery Strikes Reported in Ukraine’s East and South,,Deadly Russian Artillery Strikes Reported in Ukraine’s East and South,Ukrainian soldiers in the Donbas region of the country firing a howitzer at enemy positions earlier this month.,Tyler Hicks/The New York Times,https://static01.nyt.com/images/2023/02/26/multimedia/26ukraine-ledeall01sub-pjzv/26ukraine-ledeall01sub-pjzv-articleLarge.jpg,400,600,https://static01.nyt.com/images/2023/02/26/multimedia/26ukraine-ledeall01sub-pjzv/26ukraine-ledeall01sub-pjzv-thumbStandard.jpg,75,75,Deadly Russian Artillery Strikes Reported in Ukraine’s East and South,"Deadly Russian Artillery Strikes Reported in Ukraine’s East and South Officials said at least five civilians were killed in the attacks, as President Vladimir V. Putin repeated his claim that the war is part of a U.S.-led effort to destroy Russia. Officials said at least five civilians were killed in the attacks, as President Vladimir V. Putin repeated his claim that the war is part of a U.S.-led effort to destroy Russia."
"Attributed in Syria to Israel, the strike appeared to be the latest episode of a long-running conflict between Israel and Iranian proxies.",article,nyt://article/e79800f5-e08d-5db5-be9b-7ed35404ae49,"[{'name': 'Location', 'value': 'Damascus (Syria)', 'rank': 1}, {'name': 'Location', 'value': 'Israel', 'rank': 2}, {'name': 'Subject', 'value': 'Turkey Earthquake (Feb 6, 2023)', 'rank': 3}, {'name': 'Subject', 'value': 'Defense and Military Forces', 'rank': 4}, {'name': 'Subject', 'value': 'International Relations', 'rank': 5}, {'name': 'Organization', 'value': 'Syrian Observatory for Human Rights', 'rank': 6}]",Foreign,5,A,2023-02-19 02:29:39+00:00,World,"Attributed in Syria to Israel, the strike appeared to be the latest episode of a long-running conflict between Israel and Iranian proxies.",The New York Times,Middle East,News,nyt://article/e79800f5-e08d-5db5-be9b-7ed35404ae49,https://www.nytimes.com/2023/02/18/world/middleeast/damascus-syria-airstrikes.html,630,By Patrick Kingsley,Syrian State Media Reports a Deadly Strike in Damascus,,Syrian State Media Reports Deadly Strike in Damascus,"Syrian security forces members inspecting a building damaged in a missile strike on Sunday in Damascus, Syria.",Louai Beshara/Agence France-Presse — Getty Images,https://static01.nyt.com/images/2023/02/19/multimedia/19syria-airstrikes3-zpkq/19syria-airstrikes3-zpkq-articleLarge.jpg,400,600,https://static01.nyt.com/images/2023/02/19/multimedia/19syria-airstrikes3-zpkq/19syria-airstrikes3-zpkq-thumbStandard.jpg,75,75,Syrian State Media Reports a Deadly Strike in Damascus,"Syrian State Media Reports a Deadly Strike in Damascus Attributed in Syria to Israel, the strike appeared to be the latest episode of a long-running conflict between Israel and Iranian proxies. Attributed in Syria to Israel, the strike appeared to be the latest episode of a long-running conflict between Israel and Iranian proxies."
A report by the International Institute for Strategic Studies said Russia’s tank and artillery fleets had suffered “significant attrition” in the war.,article,nyt://article/11838398-da91-5262-8d5b-9f6b43751165,"[{'name': 'Subject', 'value': 'War and Armed Conflicts', 'rank': 1}, {'name': 'Subject', 'value': 'Russian Invasion of Ukraine (2022)', 'rank': 2}, {'name': 'Subject', 'value': 'Defense and Military Forces', 'rank': 3}, {'name': 'Location', 'value': 'Russia', 'rank': 4}]",Foreign,,,2023-02-16 09:22:55+00:00,World,A report by the International Institute for Strategic Studies said Russia’s tank and artillery fleets had suffered “significant attrition” in the war.,The New York Times,Europe,News,nyt://article/11838398-da91-5262-8d5b-9f6b43751165,https://www.nytimes.com/2023/02/16/world/europe/russia-tanks-ukraine-war.html,420,By Carly Olson,"Russia lost about half of its tanks since invading Ukraine, a new report says.",,,"A destroyed Russian tank on the side of the road near in Oskil, Ukraine, last year.",Nicole Tung for The New York Times,https://static01.nyt.com/images/2023/02/16/multimedia/16ukraine-briefing-tanks-02-htwf/16ukraine-briefing-tanks-02-htwf-articleLarge.jpg,400,600,https://static01.nyt.com/images/2023/02/16/multimedia/16ukraine-briefing-tanks-02-htwf/16ukraine-briefing-tanks-02-htwf-thumbStandard.jpg,75,75,"Russia lost about half of its tanks since invading Ukraine, a new report says.","Russia lost about half of its tanks since invading Ukraine, a new report says. A report by the International Institute for Strategic Studies said Russia’s tank and artillery fleets had suffered “significant attrition” in the war. A report by the International Institute for Strategic Studies said Russia’s tank and artillery fleets had suffered “significant attrition” in the war."
"Children as young as four months old are being held in “integration programs” designed to Russify them, according to researchers.",article,nyt://article/e0fb31de-9399-50c8-b058-5a26960e705d,"[{'name': 'Subject', 'value': 'Russian Invasion of Ukraine (2022)', 'rank': 1}, {'name': 'Subject', 'value': 'War Crimes, Genocide and Crimes Against Humanity', 'rank': 2}, {'name': 'Location', 'value': 'Russia', 'rank': 3}, {'name': 'Subject', 'value': 'Children and Childhood', 'rank': 4}, {'name': 'Location', 'value': 'Ukraine', 'rank': 5}]",Foreign,,,2023-02-15 13:02:04+00:00,World,"Children as young as four months old are being held in “integration programs” designed to Russify them, according to researchers.",The New York Times,Europe,News,nyt://article/e0fb31de-9399-50c8-b058-5a26960e705d,https://www.nytimes.com/2023/02/15/world/europe/russia-ukraine-children-camps.html,417,By Carly Olson,"Russia has relocated 6,000 Ukrainian children to camps in Russian territory, a report finds.",,,,,,0,0,,0,0,"Russia has relocated 6,000 Ukrainian children to camps in Russian territory, a report finds.","Russia has relocated 6,000 Ukrainian children to camps in Russian territory, a report finds. Children as young as four months old are being held in “integration programs” designed to Russify them, according to researchers. Children as young as four months old are being held in “integration programs” designed to Russify them, according to researchers."
"It was unclear whether Mr. Atsu, a Ghanaian national, was still trapped underneath the rubble in Hatay Province, Turkey, or whether he had been removed but could not be located in the region’s overwhelmed hospitals.",article,nyt://article/35270cbf-1bf3-53fa-b44b-358ae0c4fb42,"[{'name': 'Subject', 'value': 'Turkey Earthquake (Feb 6, 2023)', 'rank': 1}, {'name': 'Location', 'value': 'Hatay Province (Turkey)', 'rank': 2}, {'name': 'Person', 'value': 'Atsu, Christian (1992- )', 'rank': 3}]",Foreign,,,2023-02-08 23:22:04+00:00,World,"It was unclear whether Mr. Atsu, a Ghanaian national, was still trapped underneath the rubble in Hatay Province, Turkey, or whether he had been removed but could not be located in the region’s overwhelmed hospitals.",The New York Times,Europe,News,nyt://article/35270cbf-1bf3-53fa-b44b-358ae0c4fb42,https://www.nytimes.com/2023/02/08/world/europe/christian-atsu-missing-turkey-earthquake.html,336,By Anushka Patil,"Soccer Player Christian Atsu Remains Missing in Turkey Despite Earlier Reports, Team Officials Say",,,"Christian Atsu in Newcastle, England, in 2020.",Scott Heppell/Reuters,https://static01.nyt.com/images/2023/02/08/multimedia/08turkey-quake-christian-atsu02-qkpw/08turkey-quake-christian-atsu02-qkpw-articleLarge.jpg,400,600,https://static01.nyt.com/images/2023/02/08/multimedia/08turkey-quake-christian-atsu02-qkpw/08turkey-quake-christian-atsu02-qkpw-thumbStandard-v2.jpg,75,75,"Soccer Player Christian Atsu Remains Missing in Turkey Despite Earlier Reports, Team Officials Say","Soccer Player Christian Atsu Remains Missing in Turkey Despite Earlier Reports, Team Officials Say It was unclear whether Mr. Atsu, a Ghanaian national, was still trapped underneath the rubble in Hatay Province, Turkey, or whether he had been removed but could not be located in the region’s overwhelmed hospitals. It was unclear whether Mr. Atsu, a Ghanaian national, was still trapped underneath the rubble in Hatay Province, Turkey, or whether he had been removed but could not be located in the region’s overwhelmed hospitals."
,article,nyt://article/9b289b85-792e-5d00-a1ef-c737be0943e2,[],Foreign,,,2023-02-06 11:39:06+00:00,World,,The New York Times,Europe,Live Blog Post,nyt://article/9b289b85-792e-5d00-a1ef-c737be0943e2,https://www.nytimes.com/live/2023/02/06/world/russia-ukraine-news/the-ukrainian-military-reports-attacks-at-dozens-of-points-across-the-eastern-front,641,By Marc Santora,The Ukrainian military reports attacks at dozens of points across the eastern front.,,,"Ukrainian soldiers walking past a crater in front of a high-rise building on Sunday, a day after a missile attack in Druzhkivka, in eastern Ukraine.",Lynsey Addario for The New York Times,https://static01.nyt.com/images/2023/02/05/multimedia/06ukraine-briefing-fighting-new/05ukraine-ledeall1-pbml-articleLarge.jpg,400,600,https://static01.nyt.com/images/2023/02/05/multimedia/06ukraine-briefing-fighting-new/05ukraine-ledeall1-pbml-thumbStandard.jpg,75,75,The Ukrainian military reports attacks at dozens of points across the eastern front.,The Ukrainian military reports attacks at dozens of points across the eastern front.
,article,nyt://article/05a831df-7c74-53c8-9b0f-000e87bec38e,"[{'name': 'Subject', 'value': 'Russian Invasion of Ukraine (2022)', 'rank': 1}, {'name': 'Organization', 'value': 'Human Rights Watch', 'rank': 2}, {'name': 'Subject', 'value': 'War Crimes, Genocide and Crimes Against Humanity', 'rank': 3}, {'name': 'Location', 'value': 'Izium (Ukraine)', 'rank': 4}]",Foreign,,,2023-02-01 00:13:39+00:00,World,,The New York Times,Europe,Live Blog Post,nyt://article/05a831df-7c74-53c8-9b0f-000e87bec38e,https://www.nytimes.com/live/2023/01/31/world/russia-ukraine-news/ukraine-used-land-mines-in-the-formerly-occupied-city-of-izium-a-new-report-claims,598,By Carly Olson,"Ukraine used banned land mines in the formerly occupied city of Izium, a new report claims.",,,"A land mine warning sign next to a road in Izium, Ukraine, in September.",Juan Barreto/Agence France-Presse — Getty Images,https://static01.nyt.com/images/2023/01/31/lens/31ukraine-briefing-landmines-03-copy/31ukraine-briefing-landmines-01-articleLarge.jpg,400,600,https://static01.nyt.com/images/2023/01/31/lens/31ukraine-briefing-landmines-03-copy/31ukraine-briefing-landmines-01-thumbStandard.jpg,75,75,"Ukraine used banned land mines in the formerly occupied city of Izium, a new report claims.","Ukraine used banned land mines in the formerly occupied city of Izium, a new report claims."
The unexpected disclosure was made as the country faces mounting criticism for providing unreliable data on its latest coronavirus outbreak.,article,nyt://article/4c2b4086-fed2-53f1-bf51-c20327b14839,"[{'name': 'Location', 'value': 'China', 'rank': 1}, {'name': 'Subject', 'value': 'Coronavirus (2019-nCoV)', 'rank': 2}, {'name': 'Subject', 'value': 'Deaths (Fatalities)', 'rank': 3}, {'name': 'Subject', 'value': 'Disease Rates', 'rank': 4}, {'name': 'Subject', 'value': 'Tests (Medical)', 'rank': 5}, {'name': 'Subject', 'value': 'Demonstrations, Protests and Riots', 'rank': 6}, {'name': 'Subject', 'value': 'Quarantines', 'rank': 7}, {'name': 'Person', 'value': 'Xi Jinping', 'rank': 8}, {'name': 'Subject', 'value': 'Politics and Government', 'rank': 9}]",Foreign,9,A,2023-01-14 13:52:11+00:00,World,The unexpected disclosure was made as the country faces mounting criticism for providing unreliable data on its latest coronavirus outbreak.,The New York Times,Asia Pacific,News,nyt://article/4c2b4086-fed2-53f1-bf51-c20327b14839,https://www.nytimes.com/2023/01/14/world/asia/china-60000-covid-deaths.html,825,By David Pierson and Olivia Wang,"China Reports Nearly 60,000 Covid-Linked Deaths Since Lifting Restrictions",,"China Reports 60,000 Deaths Tied to Covid",A hospital in Shanghai this month. There have been widespread scenes of overflowing hospitals in the country in recent weeks.,Qilai Shen for The New York Times,https://static01.nyt.com/images/2023/02/14/multimedia/14china-covid-sub-mbtg/14china-covid-sub-mbtg-articleLarge.jpg,400,600,https://static01.nyt.com/images/2023/02/14/multimedia/14china-covid-sub-mbtg/14china-covid-sub-mbtg-thumbStandard.jpg,75,75,"China Reports Nearly 60,000 Covid-Linked Deaths Since Lifting Restrictions","China Reports Nearly 60,000 Covid-Linked Deaths Since Lifting Restrictions The unexpected disclosure was made as the country faces mounting criticism for providing unreliable data on its latest coronavirus outbreak. The unexpected disclosure was made as the country faces mounting criticism for providing unreliable data on its latest coronavirus outbreak."
"Yevgeny Prigozhin, the head of the Wagner paramilitary group, is seen in a video congratulating men for completing their military contracts.",article,nyt://article/b58d6d60-8f7d-54ee-936f-286acfe2d129,"[{'name': 'Person', 'value': 'Prigozhin, Yevgeny V', 'rank': 1}, {'name': 'Organization', 'value': 'Wagner Group', 'rank': 2}, {'name': 'Subject', 'value': 'Russian Invasion of Ukraine (2022)', 'rank': 3}, {'name': 'Subject', 'value': 'Mercenaries and Private Military Contractors', 'rank': 4}, {'name': 'Location', 'value': 'Russia', 'rank': 5}, {'name': 'Subject', 'value': 'War and Armed Conflicts', 'rank': 6}]",Foreign,,,2023-01-05 14:05:14+00:00,World,"Yevgeny Prigozhin, the head of the Wagner paramilitary group, is seen in a video congratulating men for completing their military contracts.",The New York Times,Europe,News,nyt://article/b58d6d60-8f7d-54ee-936f-286acfe2d129,https://www.nytimes.com/2023/01/05/world/europe/russia-pardon-prisoners-ukraine-wagner.html,498,By Anatoly Kurmanaev and Alina Lobzina,"Russia issues the first pardons to prisoners who fought in Ukraine, state media reports.",,,"A pro-military poster near the Wagner Group’s headquarters in St. Petersburg, Russia, in November.",Olga Maltseva/Agence France-Presse — Getty Images,https://static01.nyt.com/images/2023/01/05/multimedia/05ukraine-briefing-wagner-1-7507/05ukraine-briefing-wagner-1-7507-articleLarge.jpg,399,600,https://static01.nyt.com/images/2023/01/05/multimedia/05ukraine-briefing-wagner-1-7507/05ukraine-briefing-wagner-1-7507-thumbStandard.jpg,75,75,"Russia issues the first pardons to prisoners who fought in Ukraine, state media reports.","Russia issues the first pardons to prisoners who fought in Ukraine, state media reports. Yevgeny Prigozhin, the head of the Wagner paramilitary group, is seen in a video congratulating men for completing their military contracts. Yevgeny Prigozhin, the head of the Wagner paramilitary group, is seen in a video congratulating men for completing their military contracts."
"“He knocked me to the floor,” Harry recounts of the alleged assault by Prince William, according to The Guardian, which said it had obtained a copy of Harry’s coming book.",article,nyt://article/696bc086-62e1-581c-9b7d-6b1477b3e706,"[{'name': 'Subject', 'value': 'Royal Families', 'rank': 1}, {'name': 'Subject', 'value': 'Documentary Films and Programs', 'rank': 2}, {'name': 'Subject', 'value': 'Books and Literature', 'rank': 3}, {'name': 'Subject', 'value': 'Assaults', 'rank': 4}, {'name': 'Organization', 'value': 'Buckingham Palace', 'rank': 5}, {'name': 'Organization', 'value': 'Guardian (British Newspaper)', 'rank': 6}, {'name': 'Organization', 'value': 'Penguin Random House', 'rank': 7}, {'name': 'Location', 'value': 'Great Britain', 'rank': 8}]",Foreign,5,A,2023-01-05 12:19:06+00:00,World,"“He knocked me to the floor,” Harry recounts of the alleged assault by Prince William, according to The Guardian, which said it had obtained a copy of Harry’s coming book.",The New York Times,Europe,News,nyt://article/696bc086-62e1-581c-9b7d-6b1477b3e706,https://www.nytimes.com/2023/01/05/world/europe/prince-harry-book-william-fight.html,953,By Mark Landler,"Prince Harry Writes of Physical Attack by His Brother, According to Report",,Prince Harry Writes of Attack by His Brother,"The princes and their wives in Windsor, England, in September. Prince Harry, second from left, said that he had been attacked by his brother, William, right, during a furious argument over Harry’s marriage to Meghan Markle, left.",Mary Turner for The New York Times,https://static01.nyt.com/images/2023/01/05/multimedia/05uk-harry-1-da6e/05uk-harry-1-da6e-articleLarge.jpg,400,600,https://static01.nyt.com/images/2023/01/05/multimedia/05uk-harry-1-da6e/05uk-harry-1-da6e-thumbStandard.jpg,75,75,"Prince Harry Writes of Physical Attack by His Brother, According to Report","Prince Harry Writes of Physical Attack by His Brother, According to Report “He knocked me to the floor,” Harry recounts of the alleged assault by Prince William, according to The Guardian, which said it had obtained a copy of Harry’s coming book. “He knocked me to the floor,” Harry recounts of the alleged assault by Prince William, according to The Guardian, which said it had obtained a copy of Harry’s coming book."
