abstract,document_type,_id,keywords,news_desk,print_page,print_section,pub_date,section_name,snippet,source,subsection_name,type_of_material,uri,web_url,word_count,byline.original,headline.main,headline.kicker,headline.print_headline,multimedia.caption,multimedia.credit,multimedia.default.url,multimedia.default.height,multimedia.default.width,multimedia.thumbnail.url,multimedia.thumbnail.height,multimedia.thumbnail.width,headline,text
,article,nyt://article/86e1f7bf-8b27-5a52-af08-a83e8bec7374,[],Foreign,,,2023-12-26 13:13:19+00:00,World,,The New York Times,Middle East,Live Blog Post,nyt://article/86e1f7bf-8b27-5a52-af08-a83e8bec7374,https://www.nytimes.com/live/2023/12/26/world/israel-hamas-war-gaza-news/a-netanyahu-adviser-heads-to-dc-after-the-israeli-leader-pledged-to-deepen-the-war,723,By Isabel Kershner,Dermer is to meet with the secretary of state and Biden’s national security adviser.,,,"Ron Dermer, a former Israeli ambassador to the United States, is part of Israel’s five-member war cabinet.","Abir Sultan/EPA, via Shutterstock",https://static01.nyt.com/images/2023/12/14/multimedia/26israel-hamas-dermer-dc/14israel-cabinet-hftz-articleLarge.jpg,400,600,https://static01.nyt.com/images/2023/12/14/multimedia/26israel-hamas-dermer-dc/14israel-cabinet-hftz-thumbStandard.jpg,75,75,Dermer is to meet with the secretary of state and Biden’s national security adviser.,Dermer is to meet with the secretary of state and Biden’s national security adviser.
"The sit-in shut down Poland’s main public news station, a possible harbinger of battles to come as the party voted out of power tries to keep its grip on state institutions.",article,nyt://article/3c787c88-cd4a-5d80-94e1-227fc3092ca4,"[{'name': 'Location', 'value': 'Poland', 'rank': 1}, {'name': 'Subject', 'value': 'Demonstrations, Protests and Riots', 'rank': 2}, {'name': 'Subject', 'value': 'Public Broadcasting', 'rank': 3}, {'name': 'Location', 'value': 'Warsaw (Poland)', 'rank': 4}, {'name': 'Subject', 'value': 'News and News Media', 'rank': 5}, {'name': 'Subject', 'value': 'Politics and Government', 'rank': 6}, {'name': 'Subject', 'value': 'Propaganda', 'rank': 7}, {'name': 'Subject', 'value': 'Legislatures and Parliaments', 'rank': 8}, {'name': 'Organization', 'value': 'Law and Justice (Poland)', 'rank': 9}, {'name': 'Organization', 'value': 'TVP (Polish Television)', 'rank': 10}, {'name': 'Person', 'value': 'Kaczynski, Jaroslaw', 'rank': 11}, {'name': 'Person', 'value': 'Tusk, Donald', 'rank': 12}, {'name': 'Subject', 'value': 'Elections', 'rank': 13}]",Foreign,10,A,2023-12-20 21:46:07+00:00,World,"The sit-in shut down Poland’s main public news station, a possible harbinger of battles to come as the party voted out of power tries to keep its grip on state institutions.",The New York Times,Europe,News,nyt://article/3c787c88-cd4a-5d80-94e1-227fc3092ca4,https://www.nytimes.com/2023/12/20/world/europe/poland-state-tv-protest.html,1038,By Andrew Higgins,"Refusing to Accept Loss of Power, Polish Right Occupies State TV",,Polish Right Stages a Sit-In And Shuts Down State TV,"Police officers in front of the public broadcasting headquarters on Wednesday in Warsaw, where members of the ousted former government staged a sit-in to prevent new managers from taking over.","Kalbar/EPA, via Shutterstock",https://static01.nyt.com/images/2023/12/20/multimedia/20poland-tv-vjwt/20poland-tv-vjwt-articleLarge.jpg,400,600,https://static01.nyt.com/images/2023/12/20/multimedia/20poland-tv-vjwt/20poland-tv-vjwt-thumbStandard.jpg,75,75,"Refusing to Accept Loss of Power, Polish Right Occupies State TV","Refusing to Accept Loss of Power, Polish Right Occupies State TV The sit-in shut down Poland’s main public news station, a possible harbinger of battles to come as the party voted out of power tries to keep its grip on state institutions. The sit-in shut down Poland’s main public news station, a possible harbinger of battles to come as the party voted out of power tries to keep its grip on state institutions."
"It is the first time the Biden administration has declared an emergency to expedite arms shipments to the Middle East, which are controversial because of the civilian death toll from Israeli airstrikes.",article,nyt://article/973651b5-7bc9-5b07-8369-e766c8f5ea8f,[],Foreign,,,2023-12-09 22:25:21+00:00,World,"It is the first time the Biden administration has declared an emergency to expedite arms shipments to the Middle East, which are controversial because of the civilian death toll from Israeli airstrikes.",The New York Times,Middle East,Live Blog Post,nyt://article/973651b5-7bc9-5b07-8369-e766c8f5ea8f,https://www.nytimes.com/live/2023/12/09/world/israel-hamas-war-gaza-news/state-department-bypasses-congress-to-approve-israels-order-for-tank-ammunition,324,By Edward Wong,State Department bypasses Congress to approve Israel’s order for tank ammunition.,,,Israeli soldiers working on their tank near the border with Gaza on Friday.,Amir Cohen/Reuters,https://static01.nyt.com/images/2023/12/09/multimedia/09israel-hamas-ammunition-gfck/09israel-hamas-ammunition-gfck-articleLarge-v3.jpg,400,600,https://static01.nyt.com/images/2023/12/09/multimedia/09israel-hamas-ammunition-gfck/09israel-hamas-ammunition-gfck-thumbStandard-v2.jpg,75,75,State Department bypasses Congress to approve Israel’s order for tank ammunition.,"State Department bypasses Congress to approve Israel’s order for tank ammunition. It is the first time the Biden administration has declared an emergency to expedite arms shipments to the Middle East, which are controversial because of the civilian death toll from Israeli airstrikes. It is the first time the Biden administration has declared an emergency to expedite arms shipments to the Middle East, which are controversial because of the civilian death toll from Israeli airstrikes."
Plus Israel’s campaign in Gaza.,article,nyt://article/c8f7813e-18cc-5ad4-88b5-6ea9e4269536,"[{'name': 'Location', 'value': 'Far East, South and Southeast Asia and Pacific Areas', 'rank': 1}]",NYTNow,,,2023-12-03 20:45:35+00:00,World,Plus Israel’s campaign in Gaza.,The New York Times,Asia Pacific,briefing,nyt://article/c8f7813e-18cc-5ad4-88b5-6ea9e4269536,https://www.nytimes.com/2023/12/03/world/asia/modi-india-state-bjp-gaza.html,1103,By Amelia Nierenberg,Monday Briefing: Big State Victories for Modi,,,"Shivraj Singh Chouhan, the chief minister of Madhya Pradesh and a B.J.P. member, greeted supporters yesterday. ",Gagan Nayar/Agence France-Presse — Getty Images,https://static01.nyt.com/images/2023/12/03/multimedia/03india-elections-01-cwqv-mofinl/03india-elections-01-cwqv-mofinl-articleLarge.jpg,600,600,https://static01.nyt.com/images/2023/12/03/multimedia/03india-elections-01-cwqv-mofinl/03india-elections-01-cwqv-thumbStandard.jpg,75,75,Monday Briefing: Big State Victories for Modi,Monday Briefing: Big State Victories for Modi Plus Israel’s campaign in Gaza. Plus Israel’s campaign in Gaza.
"Results of voting for the governments of four Indian states showed gains for Mr. Modi’s ruling party, putting him in a strong position ahead of general elections in the spring.",article,nyt://article/5dfa03a9-3cf6-55e7-b071-824e53566665,"[{'name': 'Subject', 'value': 'Politics and Government', 'rank': 1}, {'name': 'Subject', 'value': 'Hinduism', 'rank': 2}, {'name': 'Subject', 'value': 'Elections', 'rank': 3}, {'name': 'Organization', 'value': 'Bharatiya Janata Party', 'rank': 4}, {'name': 'Organization', 'value': 'Indian National Congress', 'rank': 5}, {'name': 'Person', 'value': 'Modi, Narendra', 'rank': 6}, {'name': 'Person', 'value': 'Gandhi, Rahul', 'rank': 7}, {'name': 'Location', 'value': 'Madhya Pradesh (India)', 'rank': 8}, {'name': 'Location', 'value': 'Uttar Pradesh State (India)', 'rank': 9}, {'name': 'Location', 'value': 'India', 'rank': 10}]",Foreign,6,A,2023-12-03 14:50:35+00:00,World,"Results of voting for the governments of four Indian states showed gains for Mr. Modi’s ruling party, putting him in a strong position ahead of general elections in the spring.",The New York Times,Asia Pacific,News,nyt://article/5dfa03a9-3cf6-55e7-b071-824e53566665,https://www.nytimes.com/2023/12/03/world/asia/india-state-elections-modi.html,1091,By Mujib Mashal and Hari Kumar,"With Big State Victories, Modi Expands His Dominance in India",,"With Big State Victories, Modi’s Ruling Party Expands Dominance in India","Shivraj Singh Chouhan, the chief minister of the Indian state of Madhya Pradesh and a member of the Bharatiya Janata Party, is greeted by supporters in Bhopal, India, on Sunday.",Gagan Nayar/Agence France-Presse — Getty Images,https://static01.nyt.com/images/2023/12/03/multimedia/03india-elections-01-cwqv/03india-elections-01-cwqv-articleLarge.jpg,400,600,https://static01.nyt.com/images/2023/12/03/multimedia/03india-elections-01-cwqv/03india-elections-01-cwqv-thumbStandard.jpg,75,75,"With Big State Victories, Modi Expands His Dominance in India","With Big State Victories, Modi Expands His Dominance in India Results of voting for the governments of four Indian states showed gains for Mr. Modi’s ruling party, putting him in a strong position ahead of general elections in the spring. Results of voting for the governments of four Indian states showed gains for Mr. Modi’s ruling party, putting him in a strong position ahead of general elections in the spring."
President Biden emphasized that the Israeli-Palestinian conflict will not end without a two-state solution.,article,nyt://article/bc1a86c5-5f40-5afa-9511-b0820e4e1b18,"[{'name': 'Subject', 'value': 'Israel-Gaza War (2023- )', 'rank': 1}, {'name': 'Person', 'value': 'Biden, Joseph R Jr', 'rank': 2}, {'name': 'Location', 'value': 'Israel', 'rank': 3}, {'name': 'Location', 'value': 'Gaza Strip', 'rank': 4}, {'name': 'Organization', 'value': 'Hamas', 'rank': 5}]",Washington,,,2023-11-16 03:36:07+00:00,World,President Biden emphasized that the Israeli-Palestinian conflict will not end without a two-state solution.,The New York Times,Middle East,News,nyt://article/bc1a86c5-5f40-5afa-9511-b0820e4e1b18,https://www.nytimes.com/2023/11/16/world/middleeast/biden-palestinian-gaza-hamar-israel-war.html,520,By Edward Wong,Biden Says a ‘Real’ Palestinian State Must Come After War,,,President Biden at a news conference in California on Wednesday.,Doug Mills/The New York Times,https://static01.nyt.com/images/2023/11/15/multimedia/15dc-biden-israel-war-pbwc/15dc-biden-israel-war-pbwc-articleLarge.jpg,400,600,https://static01.nyt.com/images/2023/11/15/multimedia/15dc-biden-israel-war-pbwc/15dc-biden-israel-war-pbwc-thumbStandard.jpg,75,75,Biden Says a ‘Real’ Palestinian State Must Come After War,Biden Says a ‘Real’ Palestinian State Must Come After War President Biden emphasized that the Israeli-Palestinian conflict will not end without a two-state solution. President Biden emphasized that the Israeli-Palestinian conflict will not end without a two-state solution.
"The organization, which oversees the West Bank, says it will consider helping run Gaza after the war — if Washington pushes for the creation of a Palestinian state alongside the Israeli one.",article,nyt://article/1a01d7e2-0caa-53d8-9078-5347139427b9,"[{'name': 'Organization', 'value': 'Palestinian Authority', 'rank': 1}, {'name': 'Location', 'value': 'Gaza Strip', 'rank': 2}, {'name': 'Subject', 'value': 'Israel-Gaza War (2023- )', 'rank': 3}, {'name': 'Subject', 'value': 'Palestinians', 'rank': 4}, {'name': 'Location', 'value': 'Israel', 'rank': 5}, {'name': 'Subject', 'value': 'International Relations', 'rank': 6}, {'name': 'Subject', 'value': 'Politics and Government', 'rank': 7}, {'name': 'Location', 'value': 'West Bank', 'rank': 8}]",Foreign,6,A,2023-11-09 12:59:57+00:00,World,"The organization, which oversees the West Bank, says it will consider helping run Gaza after the war — if Washington pushes for the creation of a Palestinian state alongside the Israeli one.",The New York Times,Middle East,News,nyt://article/1a01d7e2-0caa-53d8-9078-5347139427b9,https://www.nytimes.com/2023/11/09/world/middleeast/palestinian-authority-gaza.html,1065,By Mark Landler,Palestinian Authority Open to Gaza Role if U.S. Backs 2-State Solution,,P.L.O. Signals Openness To Postwar Role in Gaza,Displaced people from Gaza City relocating to the south of Gaza Strip on Wednesday.,Samar Abu Elouf for The New York Times,https://static01.nyt.com/images/2023/11/09/multimedia/09israel-palestinians-01-jpcq/09israel-palestinians-01-jpcq-articleLarge.jpg,400,600,https://static01.nyt.com/images/2023/11/09/multimedia/09israel-palestinians-01-jpcq/09israel-palestinians-01-jpcq-thumbStandard.jpg,75,75,Palestinian Authority Open to Gaza Role if U.S. Backs 2-State Solution,"Palestinian Authority Open to Gaza Role if U.S. Backs 2-State Solution The organization, which oversees the West Bank, says it will consider helping run Gaza after the war — if Washington pushes for the creation of a Palestinian state alongside the Israeli one. The organization, which oversees the West Bank, says it will consider helping run Gaza after the war — if Washington pushes for the creation of a Palestinian state alongside the Israeli one."
"Hamas leaders say they waged their Oct. 7 attack on Israel because they believed the Palestinian cause was slipping away, and that only violence could revive it.",article,nyt://article/7811a3de-8947-5a21-8685-8282a8395e0b,"[{'name': 'Organization', 'value': 'Hamas', 'rank': 1}, {'name': 'Location', 'value': 'Gaza Strip', 'rank': 2}, {'name': 'Location', 'value': 'Israel', 'rank': 3}, {'name': 'Location', 'value': 'Iran', 'rank': 4}, {'name': 'Subject', 'value': 'Israel-Gaza War (2023- )', 'rank': 5}, {'name': 'Subject', 'value': 'Terrorism', 'rank': 6}, {'name': 'Subject', 'value': 'Palestinians', 'rank': 7}, {'name': 'Subject', 'value': 'Defense and Military Forces', 'rank': 8}, {'name': 'Subject', 'value': 'International Relations', 'rank': 9}, {'name': 'Subject', 'value': 'Peace Process', 'rank': 10}, {'name': 'Subject', 'value': 'Civilian Casualties', 'rank': 11}, {'name': 'Subject', 'value': 'Refugees and Displaced Persons', 'rank': 12}, {'name': 'Organization', 'value': 'Hezbollah', 'rank': 13}, {'name': 'Organization', 'value': 'Palestinian Authority', 'rank': 14}, {'name': 'Organization', 'value': 'Palestinian Islamic Jihad', 'rank': 15}, {'name': 'Subject', 'value': 'Arabs', 'rank': 16}, {'name': 'Subject', 'value': 'Muslims and Islam', 'rank': 17}, {'name': 'Subject', 'value': 'Israeli Settlements', 'rank': 18}, {'name': 'Subject', 'value': 'Jews and Judaism', 'rank': 19}, {'name': 'Subject', 'value': 'Deaths (Fatalities)', 'rank': 20}, {'name': 'Person', 'value': 'Deif, Muhammad', 'rank': 21}, {'name': 'Person', 'value': 'Sinwar, Yehya', 'rank': 22}, {'name': 'Person', 'value': 'Shalit, Gilad', 'rank': 23}]",Foreign,1,A,2023-11-08 10:02:19+00:00,World,"Hamas leaders say they waged their Oct. 7 attack on Israel because they believed the Palestinian cause was slipping away, and that only violence could revive it.",The New York Times,Middle East,News,nyt://article/7811a3de-8947-5a21-8685-8282a8395e0b,https://www.nytimes.com/2023/11/08/world/middleeast/hamas-israel-gaza-war.html,2817,By Ben Hubbard and Maria Abi-Habib,Behind Hamas’s Bloody Gambit to Create a ‘Permanent’ State of War,,Hamas’s Goal for Oct. 7: A Permanent State of War,"Palestinians surveying the damage caused by Israeli airstrikes in Khan Younis, in the southern Gaza Strip, last month.",Yousef Masoud for The New York Times,https://static01.nyt.com/images/2023/11/07/multimedia/00Hamas-Evolution-kgql/00Hamas-Evolution-kgql-articleLarge.jpg,404,600,https://static01.nyt.com/images/2023/11/07/multimedia/00Hamas-Evolution-kgql/00Hamas-Evolution-kgql-thumbStandard.jpg,75,75,Behind Hamas’s Bloody Gambit to Create a ‘Permanent’ State of War,"Behind Hamas’s Bloody Gambit to Create a ‘Permanent’ State of War Hamas leaders say they waged their Oct. 7 attack on Israel because they believed the Palestinian cause was slipping away, and that only violence could revive it. Hamas leaders say they waged their Oct. 7 attack on Israel because they believed the Palestinian cause was slipping away, and that only violence could revive it."
Israel has been using the kits during its bombing campaign in Gaza.,article,nyt://article/7118a37a-9e30-5e06-a9cc-1a15661d826c,"[{'name': 'Location', 'value': 'United States', 'rank': 1}, {'name': 'Location', 'value': 'Israel', 'rank': 2}, {'name': 'Subject', 'value': 'Bombs and Explosives', 'rank': 3}, {'name': 'Organization', 'value': 'Senate', 'rank': 4}, {'name': 'Organization', 'value': 'House of Representatives', 'rank': 5}, {'name': 'Location', 'value': 'Gaza Strip', 'rank': 6}, {'name': 'Subject', 'value': 'Palestinians', 'rank': 7}, {'name': 'Subject', 'value': 'Israel-Gaza War (2023- )', 'rank': 8}]",Foreign,,,2023-11-06 20:11:45+00:00,World,Israel has been using the kits during its bombing campaign in Gaza.,The New York Times,Middle East,News,nyt://article/7118a37a-9e30-5e06-a9cc-1a15661d826c,https://www.nytimes.com/2023/11/06/world/middleeast/us-israel-bomb-equipment-sale.html,578,By Edward Wong,The State Department Approves $320 Million Sale of Guided Bomb Equipment to Israel,,,Palestinians search for bodies and survivors at the Jabaliya refugee camp the day after an Israeli airstrike on Oct. 31 in northern Gaza.,"Mohammed Saber/EPA, via Shutterstock",https://static01.nyt.com/images/2023/11/03/multimedia/06israel-hamas-smart-bomb/06israel-hamas-smart-bomb-articleLarge.jpg,400,600,https://static01.nyt.com/images/2023/11/03/multimedia/06israel-hamas-smart-bomb/06israel-hamas-smart-bomb-thumbStandard.jpg,75,75,The State Department Approves $320 Million Sale of Guided Bomb Equipment to Israel,The State Department Approves $320 Million Sale of Guided Bomb Equipment to Israel Israel has been using the kits during its bombing campaign in Gaza. Israel has been using the kits during its bombing campaign in Gaza.
,article,nyt://article/6c58dcaf-4531-5bda-93a6-356bded01283,[],Foreign,,,2023-11-03 20:16:18+00:00,World,,The New York Times,Middle East,Live Blog Post,nyt://article/6c58dcaf-4531-5bda-93a6-356bded01283,https://www.nytimes.com/live/2023/11/03/world/israel-hamas-war-gaza-news/the-us-wants-a-two-state-solution-do-its-arab-allies,105,By New York Times Audio,The U.S. wants a two-state solution. Do its Arab allies?,,,,,,0,0,,0,0,The U.S. wants a two-state solution. Do its Arab allies?,The U.S. wants a two-state solution. Do its Arab allies?
"A local official reportedly said the center’s manager had been arrested, and he blamed overcrowding at the facility for the high toll.",article,nyt://article/812a0b21-8476-5029-b943-de6082ba3144,"[{'name': 'Subject', 'value': 'Fires and Firefighters', 'rank': 1}, {'name': 'Location', 'value': 'Iran', 'rank': 2}, {'name': 'Location', 'value': 'Caspian Sea', 'rank': 3}]",Foreign,10,A,2023-11-03 09:31:32+00:00,World,"A local official reportedly said the center’s manager had been arrested, and he blamed overcrowding at the facility for the high toll.",The New York Times,Middle East,News,nyt://article/812a0b21-8476-5029-b943-de6082ba3144,https://www.nytimes.com/2023/11/03/world/middleeast/iran-fire-drug-rehab-center.html,321,By Cassandra Vinograd,"Fire at Drug Rehab Center in Iran Kills at Least 32, State Media Report",,At Least 32 Dead After Fire in Iran At Rehab Center,,,,0,0,,0,0,"Fire at Drug Rehab Center in Iran Kills at Least 32, State Media Report","Fire at Drug Rehab Center in Iran Kills at Least 32, State Media Report A local official reportedly said the center’s manager had been arrested, and he blamed overcrowding at the facility for the high toll. A local official reportedly said the center’s manager had been arrested, and he blamed overcrowding at the facility for the high toll."
"As President Biden and other Western leaders promote the idea, some diplomats and analysts say the Hamas-Israel war may breathe new life into it.",article,nyt://article/0432fab9-0d51-546e-97df-0f5c182f33b2,"[{'name': 'Subject', 'value': 'Israel-Gaza War (2023- )', 'rank': 1}, {'name': 'Location', 'value': 'Israel', 'rank': 2}, {'name': 'Subject', 'value': 'Palestinians', 'rank': 3}, {'name': 'Location', 'value': 'Gaza Strip', 'rank': 4}, {'name': 'Location', 'value': 'West Bank', 'rank': 5}, {'name': 'Subject', 'value': 'Israeli Settlements', 'rank': 6}, {'name': 'Subject', 'value': 'Terrorism', 'rank': 7}, {'name': 'Organization', 'value': 'Hamas', 'rank': 8}, {'name': 'Organization', 'value': 'Palestinian Authority', 'rank': 9}, {'name': 'Person', 'value': 'Netanyahu, Benjamin', 'rank': 10}, {'name': 'Person', 'value': 'Biden, Joseph R Jr', 'rank': 11}, {'name': 'Person', 'value': 'Trump, Donald J', 'rank': 12}, {'name': 'Subject', 'value': 'Politics and Government', 'rank': 13}, {'name': 'Subject', 'value': 'International Relations', 'rank': 14}, {'name': 'Subject', 'value': 'United States International Relations', 'rank': 15}]",Foreign,12,A,2023-11-01 09:03:08+00:00,World,"As President Biden and other Western leaders promote the idea, some diplomats and analysts say the Hamas-Israel war may breathe new life into it.",The New York Times,Middle East,News,nyt://article/0432fab9-0d51-546e-97df-0f5c182f33b2,https://www.nytimes.com/2023/11/01/world/middleeast/israel-palestine-two-state-solution.html,1437,By Mark Landler,"Does a 2-State Solution, Long Discounted, Still Have a Future?",,"Long Discounted, Two-State Solution Is Again Being Discussed. A Little Bit.","From left, Prime Minister Ehud Barak, President Bill Clinton and the Palestinian leader Yasir Arafat at Camp David in 2000, when Israel and the Palestinians arguably came closest to striking a two-state settlement.",Paul Hosefros/The New York Times,https://static01.nyt.com/images/2023/11/01/multimedia/01Israel-Two-States-zbtm/01Israel-Two-States-zbtm-articleLarge.jpg,400,600,https://static01.nyt.com/images/2023/11/01/multimedia/01Israel-Two-States-zbtm/01Israel-Two-States-zbtm-thumbStandard.jpg,75,75,"Does a 2-State Solution, Long Discounted, Still Have a Future?","Does a 2-State Solution, Long Discounted, Still Have a Future? As President Biden and other Western leaders promote the idea, some diplomats and analysts say the Hamas-Israel war may breathe new life into it. As President Biden and other Western leaders promote the idea, some diplomats and analysts say the Hamas-Israel war may breathe new life into it."
"What happened to Armita Geravand, who entered a subway car and was carried out minutes later, is unclear. But her case evoked parallels to that of Mahsa Amini.",article,nyt://article/f387c527-e2a9-5401-b41e-ef80e47df959,"[{'name': 'Subject', 'value': 'Politics and Government', 'rank': 1}, {'name': 'Subject', 'value': 'Political Prisoners', 'rank': 2}, {'name': 'Subject', 'value': 'Muslim Veiling', 'rank': 3}, {'name': 'Subject', 'value': 'Dress Codes', 'rank': 4}, {'name': 'Location', 'value': 'Iran', 'rank': 5}, {'name': 'Location', 'value': 'Tehran (Iran)', 'rank': 6}, {'name': 'Person', 'value': 'Amini, Mahsa (2000-22)', 'rank': 7}, {'name': 'Person', 'value': 'Geravand, Armita', 'rank': 8}]",Foreign,11,A,2023-10-23 14:03:22+00:00,World,"What happened to Armita Geravand, who entered a subway car and was carried out minutes later, is unclear. But her case evoked parallels to that of Mahsa Amini.",The New York Times,Europe,News,nyt://article/f387c527-e2a9-5401-b41e-ef80e47df959,https://www.nytimes.com/2023/10/23/world/europe/iran-teenager-armita-geravand-brain-dead.html,581,By Emma Bubola and Leily Nikounazar,Iranian Teenager Reported Brain Dead by State Media,,Iranian Teenager Reported Brain Dead by State Media,Armita Geravand in a social media photo.,Armita Geravand family archive,https://static01.nyt.com/images/2023/10/23/multimedia/23IRAN-TEENAGER-01-kmtq/23IRAN-TEENAGER-01-kmtq-articleLarge.jpg,400,600,https://static01.nyt.com/images/2023/10/23/multimedia/23IRAN-TEENAGER-01-kmtq/23IRAN-TEENAGER-01-kmtq-thumbStandard.jpg,75,75,Iranian Teenager Reported Brain Dead by State Media,"Iranian Teenager Reported Brain Dead by State Media What happened to Armita Geravand, who entered a subway car and was carried out minutes later, is unclear. But her case evoked parallels to that of Mahsa Amini. What happened to Armita Geravand, who entered a subway car and was carried out minutes later, is unclear. But her case evoked parallels to that of Mahsa Amini."
,article,nyt://article/3e69d764-4f30-5d46-8d4d-5cbde25cbb16,"[{'name': 'Subject', 'value': 'Israel-Gaza War (2023- )', 'rank': 1}]",Foreign,,,2023-10-20 21:24:17+00:00,World,,The New York Times,Middle East,Live Blog Post,nyt://article/3e69d764-4f30-5d46-8d4d-5cbde25cbb16,https://www.nytimes.com/live/2023/10/20/world/israel-hamas-war-gaza-news/thousands-in-egypt-protest-israeli-attacks-on-gaza-and-call-for-a-palestinian-state,576,By Vivian Yee,Thousands in Egypt protest Israeli attacks on Gaza and call for a Palestinian state.,,,Demonstrators at Al Azhar mosque in Cairo gathered in support of Palestinians in Gaza on Friday.,Mohamed Hossam/Getty Images,https://static01.nyt.com/images/2023/10/20/multimedia/20israel-hamas-protests-wzgj/20israel-hamas-protests-wzgj-articleLarge.jpg,399,600,https://static01.nyt.com/images/2023/10/20/multimedia/20israel-hamas-protests-wzgj/20israel-hamas-protests-wzgj-thumbStandard.jpg,75,75,Thousands in Egypt protest Israeli attacks on Gaza and call for a Palestinian state.,Thousands in Egypt protest Israeli attacks on Gaza and call for a Palestinian state.
,article,nyt://article/6617b4bf-12cb-507a-9b42-3a66f319e274,[],Foreign,,,2023-10-19 21:40:33+00:00,World,,The New York Times,Middle East,Live Blog Post,nyt://article/6617b4bf-12cb-507a-9b42-3a66f319e274,https://www.nytimes.com/live/2023/10/19/world/israel-hamas-war-gaza-news/the-state-department-has-issued-a-rare-global-travel-warning-for-americans,443,By Ceylan Yeginsu,The State Department has issued a rare global travel warning for Americans.,,,"Al Friedman, a 26-year-old from Israel, walking past armed police officers at Kennedy Airport in New York City last week before flying to Tel Aviv to deliver supplies.",Adam Gray/Getty Images,https://static01.nyt.com/images/2023/10/19/multimedia/19israel-hamas-blog-worldwide-caution-travel-sub-gkcw/19israel-hamas-blog-worldwide-caution-travel-sub-gkcw-articleLarge.jpg,400,600,https://static01.nyt.com/images/2023/10/19/multimedia/19israel-hamas-blog-worldwide-caution-travel-sub-gkcw/19israel-hamas-blog-worldwide-caution-travel-sub-gkcw-thumbStandard-v2.jpg,75,75,The State Department has issued a rare global travel warning for Americans.,The State Department has issued a rare global travel warning for Americans.
,article,nyt://article/7ddf52c4-90eb-5178-9131-a9d774ad5060,"[{'name': 'Subject', 'value': 'Israel-Gaza War (2023- )', 'rank': 1}, {'name': 'Person', 'value': 'Khamenei, Ali', 'rank': 2}, {'name': 'Location', 'value': 'Iran', 'rank': 3}, {'name': 'Organization', 'value': 'Hezbollah', 'rank': 4}, {'name': 'Location', 'value': 'Lebanon', 'rank': 5}, {'name': 'Location', 'value': 'Gaza Strip', 'rank': 6}]",Foreign,,,2023-10-19 03:06:30+00:00,World,,The New York Times,Middle East,Live Blog Post,nyt://article/7ddf52c4-90eb-5178-9131-a9d774ad5060,https://www.nytimes.com/live/2023/10/19/world/israel-hamas-war-gaza-news/an-iranian-state-television-segment-envisioned-how-attacks-on-israel-could-unfold,429,By Farnaz Fassihi,An Iranian state television segment envisioned how attacks on Israel could unfold.,,,"A handout photo made available by the office of the Iranian supreme leader, Ayatollah Ali Khamenei, said to be of him in Tehran on Tuesday.","Iranian supreme leader office, via Shutterstock",https://static01.nyt.com/images/2023/10/18/multimedia/18israel-hamas-iran-threats-01-fblk/18israel-hamas-iran-threats-01-fblk-articleLarge.jpg,400,600,https://static01.nyt.com/images/2023/10/18/multimedia/18israel-hamas-iran-threats-01-fblk/18israel-hamas-iran-threats-01-fblk-thumbStandard.jpg,75,75,An Iranian state television segment envisioned how attacks on Israel could unfold.,An Iranian state television segment envisioned how attacks on Israel could unfold.
The attack was a bloody reminder of the insecurity that persists in the region and which has spread to neighboring Pakistan since the end of the U.S.-led war.,article,nyt://article/a8fc9ee4-d471-541a-b5df-8874c35efb73,"[{'name': 'Subject', 'value': 'Terrorism', 'rank': 1}, {'name': 'Subject', 'value': 'Civilian Casualties', 'rank': 2}, {'name': 'Subject', 'value': 'Shiite Muslims', 'rank': 3}, {'name': 'Organization', 'value': 'Islamic State Khorasan', 'rank': 4}, {'name': 'Organization', 'value': 'Taliban', 'rank': 5}, {'name': 'Location', 'value': 'Afghanistan', 'rank': 6}, {'name': 'Location', 'value': 'Baghlan Province (Afghanistan)', 'rank': 7}]",Foreign,7,A,2023-10-13 15:17:17+00:00,World,The attack was a bloody reminder of the insecurity that persists in the region and which has spread to neighboring Pakistan since the end of the U.S.-led war.,The New York Times,Asia Pacific,News,nyt://article/a8fc9ee4-d471-541a-b5df-8874c35efb73,https://www.nytimes.com/2023/10/13/world/asia/shiite-mosque-attack-afghanistan.html,644,By Christina Goldbaum and Najim Rahim,Islamic State Attack Kills 17 at Shiite Mosque in Northern Afghanistan,,Islamic State Kills Shiites In Attack On Mosque,,,,0,0,,0,0,Islamic State Attack Kills 17 at Shiite Mosque in Northern Afghanistan,Islamic State Attack Kills 17 at Shiite Mosque in Northern Afghanistan The attack was a bloody reminder of the insecurity that persists in the region and which has spread to neighboring Pakistan since the end of the U.S.-led war. The attack was a bloody reminder of the insecurity that persists in the region and which has spread to neighboring Pakistan since the end of the U.S.-led war.
,article,nyt://article/ab66a3c4-7f34-5213-abb3-620c2f857819,"[{'name': 'Subject', 'value': 'Russian Invasion of Ukraine (2022)', 'rank': 1}, {'name': 'Location', 'value': 'Belarus', 'rank': 2}]",Foreign,,,2023-09-21 18:40:55+00:00,World,,The New York Times,Europe,Live Blog Post,nyt://article/ab66a3c4-7f34-5213-abb3-620c2f857819,https://www.nytimes.com/live/2023/09/21/world/zelensky-russia-ukraine-news/dozens-of-ukrainian-children-were-taken-from-russian-occupied-regions-to-belarus-this-week-said-belarusian-state-media,500,By Anushka Patil,"Dozens of Ukrainian children were taken from Russian-occupied regions to Belarus this week, said Belarusian state media.",,,"The Ukrainian first lady, Olena Zelenska, implored world leaders on the sidelines of the U.N. General Assembly on Tuesday to help return thousands of Ukrainian children abducted and deported by Russia. ",Ed Jones/Agence France-Presse — Getty Images,https://static01.nyt.com/images/2023/09/21/world/21ukraine-blog-belarus-abductions/21ukraine-blog-belarus-abductions-articleLarge.jpg,395,600,https://static01.nyt.com/images/2023/09/21/world/21ukraine-blog-belarus-abductions/21ukraine-blog-belarus-abductions-thumbStandard.jpg,75,75,"Dozens of Ukrainian children were taken from Russian-occupied regions to Belarus this week, said Belarusian state media.","Dozens of Ukrainian children were taken from Russian-occupied regions to Belarus this week, said Belarusian state media."
,article,nyt://article/7c6fb1eb-9605-589a-bb8c-f6c4d8abba4e,[],Washington,,,2023-09-21 16:00:25+00:00,World,,The New York Times,Europe,Live Blog Post,nyt://article/7c6fb1eb-9605-589a-bb8c-f6c4d8abba4e,https://www.nytimes.com/live/2023/09/21/world/zelensky-russia-ukraine-news/zelensky-visits-the-pentagon-for-talks-on-the-state-of-the-war,231,By John Ismay,Zelensky visits the Pentagon for talks on the state of the war.,,,"Secretary of Defense Lloyd J. Austin III greets the Ukrainian president, Volodymyr Zelensky, during a welcome ceremony at the Pentagon on Thursday.",Andrew Harnik/Associated Press,https://static01.nyt.com/images/2023/09/21/multimedia/21ukraine-briefing-zelenzky-pentagon1-vbtk/21ukraine-briefing-zelenzky-pentagon1-vbtk-articleLarge.jpg,400,600,https://static01.nyt.com/images/2023/09/21/multimedia/21ukraine-briefing-zelenzky-pentagon1-vbtk/21ukraine-briefing-zelenzky-pentagon1-vbtk-thumbStandard.jpg,75,75,Zelensky visits the Pentagon for talks on the state of the war.,Zelensky visits the Pentagon for talks on the state of the war.
An article sheds light on a notorious cold case.,article,nyt://article/b6c1564b-7847-5838-9dd1-d1cb2e776304,"[{'name': 'Subject', 'value': 'Drug Abuse and Traffic', 'rank': 2}, {'name': 'Subject', 'value': 'Smuggling', 'rank': 3}, {'name': 'Subject', 'value': 'Organized Crime', 'rank': 4}, {'name': 'Subject', 'value': 'Police', 'rank': 5}, {'name': 'Subject', 'value': 'Drug Cartels', 'rank': 6}, {'name': 'Organization', 'value': 'Guerreros Unidos (Gang)', 'rank': 7}, {'name': 'Organization', 'value': 'Institutional Revolutionary Party (Mexico)', 'rank': 8}, {'name': 'Location', 'value': 'Mexico', 'rank': 9}]",Foreign,5,A,2023-09-06 16:30:34+00:00,World,An article sheds light on a notorious cold case.,The New York Times,Europe,News,nyt://article/b6c1564b-7847-5838-9dd1-d1cb2e776304,https://www.nytimes.com/2023/09/06/world/europe/interpreter-mexico-drug-trade.html,1181,By Amanda Taub,"In Mexico, Drug Trade Flourished With the Help of the State",the interpreter,"In Mexico, Drug Trade Flourished With State’s Help",Posters in Mexico City of some of the 43 students who were kidnapped in 2014 by the police and turned over to a cartel.,Luis Antonio Rojas for The New York Times,https://static01.nyt.com/images/2023/09/06/multimedia/6InterpreterNL-Mexico-kjbp/6InterpreterNL-Mexico-kjbp-articleLarge.jpg,400,600,https://static01.nyt.com/images/2023/09/06/multimedia/6InterpreterNL-Mexico-kjbp/6InterpreterNL-Mexico-kjbp-thumbStandard.jpg,75,75,"In Mexico, Drug Trade Flourished With the Help of the State","In Mexico, Drug Trade Flourished With the Help of the State An article sheds light on a notorious cold case. An article sheds light on a notorious cold case."
"Advice that travelers to the U.S. “check relevant state and local laws” came in response to rules this year restricting transgender care, drag shows and sports participation.",article,nyt://article/4384628c-5b2d-5de0-8485-e7a5e059251f,"[{'name': 'Location', 'value': 'Canada', 'rank': 1}, {'name': 'Location', 'value': 'United States', 'rank': 2}, {'name': 'Subject', 'value': 'Travel Warnings', 'rank': 3}, {'name': 'Subject', 'value': 'Homosexuality and Bisexuality', 'rank': 4}, {'name': 'Subject', 'value': 'Transgender', 'rank': 5}, {'name': 'Subject', 'value': 'States (US)', 'rank': 6}, {'name': 'Location', 'value': 'Florida', 'rank': 7}]",Foreign,5,A,2023-08-30 18:49:07+00:00,World,"Advice that travelers to the U.S. “check relevant state and local laws” came in response to rules this year restricting transgender care, drag shows and sports participation.",The New York Times,Canada,News,nyt://article/4384628c-5b2d-5de0-8485-e7a5e059251f,https://www.nytimes.com/2023/08/30/world/canada/travel-warning-us-lgbtq.html,553,By Ian Austen,Canada Cautions L.G.B.T.Q. Citizens Visiting U.S. Over State Laws,,Gay Canadians Warned That Some Parts of U.S. May Not Be Safe to Visit,"Drag queens and allies marched to the Florida Capitol in Tallahassee in April. Moves by state lawmakers, particularly in Florida, to curtail L.G.B.T.Q. rights have received prominent attention in Canada.","Alicia Devine/Tallahassee Democrat, via Associated Press",https://static01.nyt.com/images/2023/08/30/multimedia/30canada-advisory3-qktw/30canada-advisory3-qktw-articleLarge.jpg,400,600,https://static01.nyt.com/images/2023/08/30/multimedia/30canada-advisory3-qktw/30canada-advisory3-qktw-thumbStandard.jpg,75,75,Canada Cautions L.G.B.T.Q. Citizens Visiting U.S. Over State Laws,"Canada Cautions L.G.B.T.Q. Citizens Visiting U.S. Over State Laws Advice that travelers to the U.S. “check relevant state and local laws” came in response to rules this year restricting transgender care, drag shows and sports participation. Advice that travelers to the U.S. “check relevant state and local laws” came in response to rules this year restricting transgender care, drag shows and sports participation."
"The emergency order was issued late Friday as wildfires threatened Yellowknife, in the Northwest Territories, and Kelowna, in British Columbia.",article,nyt://article/2cc25883-2be1-58bf-908a-2b20473d069d,"[{'name': 'Subject', 'value': 'Wildfires', 'rank': 1}, {'name': 'Subject', 'value': 'Fires and Firefighters', 'rank': 2}, {'name': 'Subject', 'value': 'News and News Media', 'rank': 3}, {'name': 'Subject', 'value': 'Global Warming', 'rank': 4}, {'name': 'Organization', 'value': 'Canadian Armed Forces', 'rank': 5}, {'name': 'Organization', 'value': 'Canadian Broadcasting Corp', 'rank': 6}, {'name': 'Organization', 'value': 'Facebook Inc', 'rank': 7}, {'name': 'Organization', 'value': 'Meta Platforms Inc', 'rank': 8}, {'name': 'Location', 'value': 'British Columbia (Canada)', 'rank': 9}, {'name': 'Location', 'value': 'Canada', 'rank': 10}, {'name': 'Location', 'value': 'Kelowna (British Columbia)', 'rank': 11}, {'name': 'Location', 'value': 'Northwest Territories (Canada)', 'rank': 12}]",Foreign,5,A,2023-08-18 19:04:41+00:00,World,"The emergency order was issued late Friday as wildfires threatened Yellowknife, in the Northwest Territories, and Kelowna, in British Columbia.",The New York Times,Americas,News,nyt://article/2cc25883-2be1-58bf-908a-2b20473d069d,https://www.nytimes.com/2023/08/18/world/americas/canada-wildfires-yellowknife-kelowna.html,979,By Ian Austen and Vjosa Isai,British Columbia Under State of Emergency as Wildfires Rage in Canada,,Evacuations Are Ordered As Wildfires Burn Canada,"A satellite image showing wildfires burning near Yellowknife, the capital of the Northwest Territories, on Wednesday.",Maxar Technologies,https://static01.nyt.com/images/2023/08/18/multimedia/18canada-evacuations-top-klvh/18canada-evacuations-top-klvh-articleLarge.jpg,400,600,https://static01.nyt.com/images/2023/08/18/multimedia/18canada-evacuations-top-klvh/18canada-evacuations-top-klvh-thumbStandard.jpg,75,75,British Columbia Under State of Emergency as Wildfires Rage in Canada,"British Columbia Under State of Emergency as Wildfires Rage in Canada The emergency order was issued late Friday as wildfires threatened Yellowknife, in the Northwest Territories, and Kelowna, in British Columbia. The emergency order was issued late Friday as wildfires threatened Yellowknife, in the Northwest Territories, and Kelowna, in British Columbia."
,article,nyt://article/a56bd47b-3a81-58e4-9d97-53e4604a873c,[],Foreign,,,2023-08-09 21:27:51+00:00,World,,The New York Times,Europe,Live Blog Post,nyt://article/a56bd47b-3a81-58e4-9d97-53e4604a873c,https://www.nytimes.com/live/2023/08/10/world/russia-ukraine-news/pretty-perplexing-challenges-for-any-state-experts-say-drones-are-hard-to-ward-off,362,By Paul Sonne,‘Pretty perplexing challenges for any state’: Experts say drones are hard to ward off.,,,Emergency service workers at Sergiev Posad in Russia’s Moscow region on Wednesday after an explosion on the grounds of the Zagorsk Optical-Mechanical Plant.,Reuters,https://static01.nyt.com/images/2023/08/09/multimedia/09ukraine-briefing-defending-against-drones-qwtv/09ukraine-briefing-defending-against-drones-qwtv-articleLarge.jpg,400,600,https://static01.nyt.com/images/2023/08/09/multimedia/09ukraine-briefing-defending-against-drones-qwtv/09ukraine-briefing-defending-against-drones-qwtv-thumbStandard.jpg,75,75,‘Pretty perplexing challenges for any state’: Experts say drones are hard to ward off.,‘Pretty perplexing challenges for any state’: Experts say drones are hard to ward off.
The largest-ever Women’s World Cup tournament highlights the growing professionalization of the sport. A sportswriter shares his thoughts.,article,nyt://article/f5140cb3-78e0-5c3a-9cca-a135908b7506,"[{'name': 'Subject', 'value': ""Women's World Cup (Soccer)"", 'rank': 1}, {'name': 'Location', 'value': 'Australia', 'rank': 2}, {'name': 'Location', 'value': 'New Zealand', 'rank': 3}]",Foreign,2,A,2023-07-28 11:59:45+00:00,World,The largest-ever Women’s World Cup tournament highlights the growing professionalization of the sport. A sportswriter shares his thoughts.,The New York Times,Australia,News,nyt://article/f5140cb3-78e0-5c3a-9cca-a135908b7506,https://www.nytimes.com/2023/07/28/world/australia/the-state-of-womens-soccer.html,1390,By Yan Zhuang,The State of Women’s Soccer,letter 317,Professionalization Playing Out at World Cup,"Aurora Mikalsen of Norway, left, after New Zealand scored during the FIFA Women’s World Cup Australia & New Zealand 2023 in Auckland, New Zealand, this month.",Phil Walter/Getty Images,https://static01.nyt.com/images/2023/07/28/multimedia/28ozletter-top-tkhm/28ozletter-top-tkhm-articleLarge.jpg,374,600,https://static01.nyt.com/images/2023/07/28/multimedia/28ozletter-top-tkhm/28ozletter-top-tkhm-thumbStandard.jpg,75,75,The State of Women’s Soccer,The State of Women’s Soccer The largest-ever Women’s World Cup tournament highlights the growing professionalization of the sport. A sportswriter shares his thoughts. The largest-ever Women’s World Cup tournament highlights the growing professionalization of the sport. A sportswriter shares his thoughts.
,article,nyt://article/d72d8486-f9ff-54d2-94ec-1fca4eabe9f8,[],Foreign,,,2023-07-21 07:37:01+00:00,World,,The New York Times,Europe,News,nyt://article/d72d8486-f9ff-54d2-94ec-1fca4eabe9f8,https://www.nytimes.com/2023/07/21/world/europe/mariupol-state-university-has-graduated-its-newest-class-after-fleeing-its-devastated-home-city.html,338,By Valerie Hopkins,Mariupol State University has graduated its newest class after fleeing its devastated home city.,,,,,,0,0,,0,0,Mariupol State University has graduated its newest class after fleeing its devastated home city.,Mariupol State University has graduated its newest class after fleeing its devastated home city.
"The state of Victoria cited budget issues in deciding not to stage the multisports competition, originally known as the British Empire Games, raising questions about the event’s fading prestige.",article,nyt://article/9be6fd84-f979-5973-a0c0-f18d0f4d9ca3,"[{'name': 'Subject', 'value': 'Commonwealth Games', 'rank': 1}, {'name': 'Subject', 'value': 'Politics and Government', 'rank': 2}, {'name': 'Subject', 'value': 'Athletics and Sports', 'rank': 3}, {'name': 'Location', 'value': 'Australia', 'rank': 4}, {'name': 'Location', 'value': 'Victoria (Australia)', 'rank': 5}]",Foreign,,,2023-07-18 08:29:01+00:00,World,"The state of Victoria cited budget issues in deciding not to stage the multisports competition, originally known as the British Empire Games, raising questions about the event’s fading prestige.",The New York Times,Australia,News,nyt://article/9be6fd84-f979-5973-a0c0-f18d0f4d9ca3,https://www.nytimes.com/2023/07/18/world/australia/victoria-australia-commonwealth-games-2026.html,701,By Natasha Frost,Australian State Backs Out of Hosting the 2026 Commonwealth Games,,,,Australian Broadcasting Corporation via Reuters,https://static01.nyt.com/images/2023/07/18/video/18vid-oz-games-still/18vid-oz-games-still-articleLarge.jpg,338,600,https://static01.nyt.com/images/2023/07/18/video/18vid-oz-games-still/18vid-oz-games-still-thumbStandard.jpg,75,75,Australian State Backs Out of Hosting the 2026 Commonwealth Games,"Australian State Backs Out of Hosting the 2026 Commonwealth Games The state of Victoria cited budget issues in deciding not to stage the multisports competition, originally known as the British Empire Games, raising questions about the event’s fading prestige. The state of Victoria cited budget issues in deciding not to stage the multisports competition, originally known as the British Empire Games, raising questions about the event’s fading prestige."
"In Ecuador, an intelligence official said: “People consume abroad, but they don’t understand the consequences that take place here.”",article,nyt://article/6fdb996f-ecef-5859-885c-ceac857d3e40,"[{'name': 'Location', 'value': 'Ecuador', 'rank': 1}, {'name': 'Location', 'value': 'Guayaquil (Ecuador)', 'rank': 2}, {'name': 'Subject', 'value': 'Drug Abuse and Traffic', 'rank': 3}, {'name': 'Subject', 'value': 'Cocaine and Crack Cocaine', 'rank': 4}, {'name': 'Subject', 'value': 'Drug Cartels', 'rank': 5}, {'name': 'Subject', 'value': 'Gangs', 'rank': 6}, {'name': 'Subject', 'value': 'Crime and Criminals', 'rank': 7}, {'name': 'Subject', 'value': 'Prisons and Prisoners', 'rank': 8}, {'name': 'Subject', 'value': 'Smuggling', 'rank': 9}, {'name': 'Organization', 'value': 'Nueva Generacion', 'rank': 10}, {'name': 'Organization', 'value': 'Sinaloa Cartel', 'rank': 11}, {'name': 'Person', 'value': 'Lasso, Guillermo', 'rank': 12}, {'name': 'Subject', 'value': 'Corruption (Institutional)', 'rank': 13}, {'name': 'Subject', 'value': 'Politics and Government', 'rank': 14}]",Foreign,1,A,2023-07-12 09:01:00+00:00,World,"In Ecuador, an intelligence official said: “People consume abroad, but they don’t understand the consequences that take place here.”",The New York Times,Americas,News,nyt://article/6fdb996f-ecef-5859-885c-ceac857d3e40,https://www.nytimes.com/2023/07/12/world/americas/ecuador-drug-cartels.html,1455,By Julie Turkewitz and Victor Moriyama,How a Peaceful Country Became a Gold Rush State for Drug Cartels,,Violence Reigns As Drug Cartels Rise in Ecuador,Men detained during a police raid in suburb of Guayaquil.,,https://static01.nyt.com/images/2023/07/07/world/00ecuador-violence-10/00ecuador-violence-10-articleLarge.jpg,400,600,https://static01.nyt.com/images/2023/07/07/world/00ecuador-violence-10/00ecuador-violence-10-thumbStandard.jpg,75,75,How a Peaceful Country Became a Gold Rush State for Drug Cartels,"How a Peaceful Country Became a Gold Rush State for Drug Cartels In Ecuador, an intelligence official said: “People consume abroad, but they don’t understand the consequences that take place here.” In Ecuador, an intelligence official said: “People consume abroad, but they don’t understand the consequences that take place here.”"
"Russia should conduct prompt and transparent investigation of attack against journalist,",article,nyt://article/6f96e368-dad8-5831-a7d2-9299b2c102fa,"[{'name': 'Subject', 'value': 'Russian Invasion of Ukraine (2022)', 'rank': 1}]",Foreign,,,2023-07-06 23:09:17+00:00,World,"Russia should conduct prompt and transparent investigation of attack against journalist,",The New York Times,Europe,Live Blog Post,nyt://article/6f96e368-dad8-5831-a7d2-9299b2c102fa,https://www.nytimes.com/live/2023/07/06/world/russia-ukraine-news/the-state-department-calls-for-prompt-and-transparent-investigation-of-attack-against-russian-journalist,507,By Gabriela Sá Pessoa and Edward Wong,The State Department calls for prompt and transparent investigation of attack against Russian journalist.,,,"Elena Milashina, an investigative journalist with Novaya Gazeta, in Moscow on Wednesday, in a photograph the independent news outlet published with her permission.","Anna Artemyeva/Nonaya Gazeta, via Associated Press",https://static01.nyt.com/images/2023/07/06/multimedia/06ukraine-briefing-milashina-statedepartment-01-clmf/06ukraine-briefing-milashina-statedepartment-01-clmf-articleLarge.jpg,400,600,https://static01.nyt.com/images/2023/07/06/multimedia/06ukraine-briefing-milashina-statedepartment-01-clmf/06ukraine-briefing-milashina-statedepartment-01-clmf-thumbStandard.jpg,75,75,The State Department calls for prompt and transparent investigation of attack against Russian journalist.,"The State Department calls for prompt and transparent investigation of attack against Russian journalist. Russia should conduct prompt and transparent investigation of attack against journalist, Russia should conduct prompt and transparent investigation of attack against journalist,"
"More than 1,300 people were arrested overnight as riotous protests again gripped France over the police killing of a 17-year-old and the country’s president stayed home to deal with the crisis.",article,nyt://article/2b746ac1-43a4-51a8-b668-e69222657b8a,"[{'name': 'Subject', 'value': 'Police Brutality, Misconduct and Shootings', 'rank': 1}, {'name': 'Subject', 'value': 'Demonstrations, Protests and Riots', 'rank': 2}, {'name': 'Location', 'value': 'France', 'rank': 3}, {'name': 'Location', 'value': 'Nanterre (France)', 'rank': 4}, {'name': 'Person', 'value': 'Merzouk, Nahel (d 2023)', 'rank': 5}]",Foreign,,,2023-07-01 10:34:43+00:00,World,"More than 1,300 people were arrested overnight as riotous protests again gripped France over the police killing of a 17-year-old and the country’s president stayed home to deal with the crisis.",The New York Times,Europe,News,nyt://article/2b746ac1-43a4-51a8-b668-e69222657b8a,https://www.nytimes.com/2023/07/01/world/europe/macron-france-unrest-police-shooting.html,760,By Isabella Kwai and Aurelien Breeden,Macron Cancels State Visit to Germany Amid Unrest at Home,,,"Protesters clashed with riot police officers in Marseille, in southern France, on Friday.",Christophe Simon/Agence France-Presse — Getty Images,https://static01.nyt.com/images/2023/07/01/multimedia/01france-unrest-01-bhcj/01france-unrest-01-bhcj-articleLarge.jpg,400,600,https://static01.nyt.com/images/2023/07/01/multimedia/01france-unrest-01-bhcj/01france-unrest-01-bhcj-thumbStandard.jpg,75,75,Macron Cancels State Visit to Germany Amid Unrest at Home,"Macron Cancels State Visit to Germany Amid Unrest at Home More than 1,300 people were arrested overnight as riotous protests again gripped France over the police killing of a 17-year-old and the country’s president stayed home to deal with the crisis. More than 1,300 people were arrested overnight as riotous protests again gripped France over the police killing of a 17-year-old and the country’s president stayed home to deal with the crisis."
"Yevgeny Prigozhin, the head of Wagner forces, appeared to have little popular support for his uprising. Still, some voices expressed criticism of President Vladimir V. Putin.",article,nyt://article/6381330e-0ad6-5953-ae94-e4137e531eba,"[{'name': 'Location', 'value': 'Russia', 'rank': 1}, {'name': 'Location', 'value': 'Ukraine', 'rank': 2}, {'name': 'Subject', 'value': 'Russian Invasion of Ukraine (2022)', 'rank': 3}, {'name': 'Person', 'value': 'Putin, Vladimir V', 'rank': 4}, {'name': 'Person', 'value': 'Prigozhin, Yevgeny V', 'rank': 5}, {'name': 'Subject', 'value': 'News and News Media', 'rank': 6}]",Foreign,,,2023-06-25 20:40:01+00:00,World,"Yevgeny Prigozhin, the head of Wagner forces, appeared to have little popular support for his uprising. Still, some voices expressed criticism of President Vladimir V. Putin.",The New York Times,Europe,News,nyt://article/6381330e-0ad6-5953-ae94-e4137e531eba,https://www.nytimes.com/2023/06/25/world/europe/russia-media-reaction-prigozhin-wagner.html,733,By Neil MacFarquhar,"Russia’s State Media Blamed Prigozhin, But Some Criticism of Putin Surfaced",,,"NTV, a state-run channel, called the uprising a betrayal and hinted at the involvement of foreign powers.",Natalia Kolesnikova/Agence France-Presse — Getty Images,https://static01.nyt.com/images/2023/06/25/multimedia/25ukraine-blog-russian-media-qzhp/25ukraine-blog-russian-media-qzhp-articleLarge.jpg,400,600,https://static01.nyt.com/images/2023/06/25/multimedia/25ukraine-blog-russian-media-qzhp/25ukraine-blog-russian-media-qzhp-thumbStandard.jpg,75,75,"Russia’s State Media Blamed Prigozhin, But Some Criticism of Putin Surfaced","Russia’s State Media Blamed Prigozhin, But Some Criticism of Putin Surfaced Yevgeny Prigozhin, the head of Wagner forces, appeared to have little popular support for his uprising. Still, some voices expressed criticism of President Vladimir V. Putin. Yevgeny Prigozhin, the head of Wagner forces, appeared to have little popular support for his uprising. Still, some voices expressed criticism of President Vladimir V. Putin."
,article,nyt://article/6d3a5694-b9f1-53d6-b6a3-5886187b6cee,[],Foreign,,,2023-06-25 16:24:01+00:00,World,,The New York Times,Europe,Live Blog Post,nyt://article/6d3a5694-b9f1-53d6-b6a3-5886187b6cee,https://www.nytimes.com/live/2023/06/25/world/russia-wagner-prigozhin-news-ukraine/though-the-wagner-rebellion-ended-quickly-it-raised-questions-in-russia-about-the-power-of-the-state,311,By Ivan Nechepurenko,"Though the Wagner rebellion ended quickly, it raised questions in Russia about the power of the state.",,,"Wagner mercenaries load a tank on a truck in Rostov-on-Don, Russia, just before they pulled out of the city.","Vasily Deryugin/Kommersant Publishing House, via Associated Press",https://static01.nyt.com/images/2023/06/25/multimedia/25ukraine-blog-wagner-popularity-gtfm/25ukraine-blog-wagner-popularity-gtfm-articleLarge.jpg,400,600,https://static01.nyt.com/images/2023/06/25/multimedia/25ukraine-blog-wagner-popularity-gtfm/25ukraine-blog-wagner-popularity-gtfm-thumbStandard-v2.jpg,75,75,"Though the Wagner rebellion ended quickly, it raised questions in Russia about the power of the state.","Though the Wagner rebellion ended quickly, it raised questions in Russia about the power of the state."
,article,nyt://article/a0688635-47f6-571a-bb63-7c7dd187da89,[],Foreign,,,2023-06-23 17:22:54+00:00,World,,The New York Times,Europe,Live Blog Post,nyt://article/a0688635-47f6-571a-bb63-7c7dd187da89,https://www.nytimes.com/live/2023/06/23/world/russia-ukraine-news/the-state-of-bomb-shelters-across-ukraine-is-poor-zelensky-says,305,By Gaya Gupta,"The state of bomb shelters across Ukraine is poor, Zelensky says.",,,A memorial for a 9-year-old girl who died when she was unable to get inside a bomb shelter in Kyiv in early June.,Nicole Tung for The New York Times,https://static01.nyt.com/images/2023/06/23/multimedia/23ukraine-briefing-shelters-mhzf/23ukraine-briefing-shelters-mhzf-articleLarge.jpg,400,600,https://static01.nyt.com/images/2023/06/23/multimedia/23ukraine-briefing-shelters-mhzf/23ukraine-briefing-shelters-mhzf-thumbStandard.jpg,75,75,"The state of bomb shelters across Ukraine is poor, Zelensky says.","The state of bomb shelters across Ukraine is poor, Zelensky says."
"Allowing Moscow to place tactical nuclear weapons on its soil is just the latest sign of its loss of sovereignty to the Kremlin, military experts and pro-democracy activists say.",article,nyt://article/8b0295d3-48a8-54cc-83a3-22ce80fbb31c,"[{'name': 'Location', 'value': 'Belarus', 'rank': 1}, {'name': 'Location', 'value': 'Russia', 'rank': 2}, {'name': 'Subject', 'value': 'International Relations', 'rank': 3}, {'name': 'Subject', 'value': 'Nuclear Weapons', 'rank': 4}, {'name': 'Subject', 'value': 'Russian Invasion of Ukraine (2022)', 'rank': 5}, {'name': 'Subject', 'value': 'Human Rights and Human Rights Violations', 'rank': 6}, {'name': 'Person', 'value': 'Lukashenko, Aleksandr G', 'rank': 7}, {'name': 'Person', 'value': 'Putin, Vladimir V', 'rank': 8}, {'name': 'Person', 'value': 'Tikhanovskaya, Svetlana', 'rank': 9}, {'name': 'Location', 'value': 'Ukraine', 'rank': 10}, {'name': 'Organization', 'value': 'European Union', 'rank': 11}]",Foreign,8,A,2023-06-22 09:00:47+00:00,World,"Allowing Moscow to place tactical nuclear weapons on its soil is just the latest sign of its loss of sovereignty to the Kremlin, military experts and pro-democracy activists say.",The New York Times,Europe,News,nyt://article/8b0295d3-48a8-54cc-83a3-22ce80fbb31c,https://www.nytimes.com/2023/06/22/world/europe/belarus-russia-lukashenko.html,1338,By Valerie Hopkins,Belarus Is Fast Becoming a ‘Vassal State’ of Russia,,Belarus Is Quickly Becoming a ‘Vassal State’ of Russia,"A photo released by Russian state media showed President Alexander Lukashenko of Belarus and President Vladimir Putin of Russia in Sochi, Russia, this month.","Sputnik, via Reuters",https://static01.nyt.com/images/2023/06/16/multimedia/00belarus-russia-02-qvcm/00belarus-russia-02-qvcm-articleLarge.jpg,392,600,https://static01.nyt.com/images/2023/06/16/multimedia/00belarus-russia-02-qvcm/00belarus-russia-02-qvcm-thumbStandard.jpg,75,75,Belarus Is Fast Becoming a ‘Vassal State’ of Russia,"Belarus Is Fast Becoming a ‘Vassal State’ of Russia Allowing Moscow to place tactical nuclear weapons on its soil is just the latest sign of its loss of sovereignty to the Kremlin, military experts and pro-democracy activists say. Allowing Moscow to place tactical nuclear weapons on its soil is just the latest sign of its loss of sovereignty to the Kremlin, military experts and pro-democracy activists say."
"After several protesters were killed by live ammunition this month in Senegal, many in the usually stable West African nation wonder what comes next.",article,nyt://article/9cf0ff6d-0cbd-5062-9047-8dc859bd8ffc,"[{'name': 'Subject', 'value': 'vis-photo', 'rank': 1}, {'name': 'Subject', 'value': 'Police Brutality, Misconduct and Shootings', 'rank': 2}, {'name': 'Subject', 'value': 'Human Rights and Human Rights Violations', 'rank': 3}, {'name': 'Location', 'value': 'Dakar (Senegal)', 'rank': 4}, {'name': 'Location', 'value': 'Senegal', 'rank': 5}, {'name': 'Person', 'value': 'Sall, Macky', 'rank': 6}, {'name': 'Person', 'value': 'Sonko, Ousmane', 'rank': 7}, {'name': 'Organization', 'value': 'Amnesty International', 'rank': 8}, {'name': 'Subject', 'value': 'Demonstrations, Protests and Riots', 'rank': 9}, {'name': 'Subject', 'value': 'Politics and Government', 'rank': 10}]",Foreign,4,A,2023-06-12 09:01:06+00:00,World,"After several protesters were killed by live ammunition this month in Senegal, many in the usually stable West African nation wonder what comes next.",The New York Times,Africa,News,nyt://article/9cf0ff6d-0cbd-5062-9047-8dc859bd8ffc,https://www.nytimes.com/2023/06/12/world/africa/senegal-protests.html,1188,By Elian Peltier and Carmen Abd Ali,‘The State Killed My Brother’: Senegal in Uproar After Deadly Protests,,"Protests Turn Deadly  In Senegal, Leaving  Over a Dozen Dead",,Carmen Abd Ali for The New York Times,https://static01.nyt.com/images/2023/06/12/multimedia/12senegal-promo/12senegal-01-tqgp-articleLarge.jpg,400,600,https://static01.nyt.com/images/2023/06/12/multimedia/12senegal-promo/12senegal-01-tqgp-thumbStandard.jpg,75,75,‘The State Killed My Brother’: Senegal in Uproar After Deadly Protests,"‘The State Killed My Brother’: Senegal in Uproar After Deadly Protests After several protesters were killed by live ammunition this month in Senegal, many in the usually stable West African nation wonder what comes next. After several protesters were killed by live ammunition this month in Senegal, many in the usually stable West African nation wonder what comes next."
"The man, Michael Travis Leake, has been accused of drug trafficking, according to Russian state media.",article,nyt://article/4d90f90d-a0ab-5ace-a9eb-a4e28e3d8ee0,"[{'name': 'Person', 'value': 'Leake, Michael Travis', 'rank': 1}, {'name': 'Subject', 'value': 'Drug Abuse and Traffic', 'rank': 2}, {'name': 'Location', 'value': 'Russia', 'rank': 3}]",Foreign,,,2023-06-11 18:34:11+00:00,World,"The man, Michael Travis Leake, has been accused of drug trafficking, according to Russian state media.",The New York Times,Europe,News,nyt://article/4d90f90d-a0ab-5ace-a9eb-a4e28e3d8ee0,https://www.nytimes.com/2023/06/11/world/europe/us-citizen-arrested-russia-drug-trafficking.html,217,By Matthew Mpoke Bigg and Adam Entous,"A U.S. Citizen Has Been Arrested in Russia, State Department Says",,,,,,0,0,,0,0,"A U.S. Citizen Has Been Arrested in Russia, State Department Says","A U.S. Citizen Has Been Arrested in Russia, State Department Says The man, Michael Travis Leake, has been accused of drug trafficking, according to Russian state media. The man, Michael Travis Leake, has been accused of drug trafficking, according to Russian state media."
"Evidence found in encrypted messages helped speed the fall of Milo Djukanovic in Montenegro. His successor, Jakov Milatovic, says he plans to clean up the country.",article,nyt://article/8ae49c4e-e6c9-578a-80dc-bc0d8ae737c9,"[{'name': 'Subject', 'value': 'Politics and Government', 'rank': 1}, {'name': 'Subject', 'value': 'Organized Crime', 'rank': 2}, {'name': 'Subject', 'value': 'Appointments and Executive Changes', 'rank': 3}, {'name': 'Person', 'value': 'Djukanovic, Milo', 'rank': 4}, {'name': 'Person', 'value': 'Milatovic, Jakov', 'rank': 5}, {'name': 'Location', 'value': 'Montenegro', 'rank': 6}]",Foreign,10,A,2023-06-08 15:22:14+00:00,World,"Evidence found in encrypted messages helped speed the fall of Milo Djukanovic in Montenegro. His successor, Jakov Milatovic, says he plans to clean up the country.",The New York Times,Europe,News,nyt://article/8ae49c4e-e6c9-578a-80dc-bc0d8ae737c9,https://www.nytimes.com/2023/06/08/world/europe/montenegro-president-djukanovic-messages.html,1374,By Andrew Higgins,How a Cracked Phone App Upended a Crime-Ridden Balkan State,,Decrypted Messages Helped Doom Leader of Crime-Filled Nation,"Kotor Bay, Montenegro. The country’s institutions have long been plagued by corruption and links to organized crime.",Susan Wright for The New York Times,https://static01.nyt.com/images/2023/06/03/multimedia/00montenegro-crime-01-bqfz/00montenegro-crime-01-bqfz-articleLarge.jpg,400,600,https://static01.nyt.com/images/2023/06/03/multimedia/00montenegro-crime-01-bqfz/00montenegro-crime-01-bqfz-thumbStandard.jpg,75,75,How a Cracked Phone App Upended a Crime-Ridden Balkan State,"How a Cracked Phone App Upended a Crime-Ridden Balkan State Evidence found in encrypted messages helped speed the fall of Milo Djukanovic in Montenegro. His successor, Jakov Milatovic, says he plans to clean up the country. Evidence found in encrypted messages helped speed the fall of Milo Djukanovic in Montenegro. His successor, Jakov Milatovic, says he plans to clean up the country."
,article,nyt://article/2d3f93ec-706a-5bb7-871f-4801a1050c2a,[],Foreign,,,2023-06-07 14:45:03+00:00,World,,The New York Times,Europe,Live Blog Post,nyt://article/2d3f93ec-706a-5bb7-871f-4801a1050c2a,https://www.nytimes.com/live/2023/06/07/world/russia-ukraine-news/officials-declare-a-state-of-emergency-in-russian-occupied-areas-affected-by-flooding,224,By Paul Sonne,Officials declare a state of emergency in Russian-occupied areas affected by flooding.,,,"A local resident entered his flooded home on Wednesday in the Russian-occupied town of Nova Kakhovka, Ukraine.",Alexander Ermochenko/Reuters,https://static01.nyt.com/images/2023/06/07/multimedia/07ukraine-occupied-evacuations-lvbp/07ukraine-occupied-evacuations-lvbp-articleLarge.jpg,400,600,https://static01.nyt.com/images/2023/06/07/multimedia/07ukraine-occupied-evacuations-lvbp/07ukraine-occupied-evacuations-lvbp-thumbStandard.jpg,75,75,Officials declare a state of emergency in Russian-occupied areas affected by flooding.,Officials declare a state of emergency in Russian-occupied areas affected by flooding.
"India will soon be history’s most populous country. But the growth is uneven, and the Himalayan state of Sikkim is offering cash incentives to encourage births.",article,nyt://article/745d952e-2252-5f8b-aa8c-5b25af1cb672,"[{'name': 'Location', 'value': 'Sikkim (India)', 'rank': 1}, {'name': 'Subject', 'value': 'Birth Rates', 'rank': 2}, {'name': 'Subject', 'value': 'In Vitro Fertilization', 'rank': 3}, {'name': 'Subject', 'value': 'Population', 'rank': 4}, {'name': 'Subject', 'value': 'Motivation and Incentive Programs', 'rank': 5}]",Foreign,8,A,2023-05-29 07:00:24+00:00,World,"India will soon be history’s most populous country. But the growth is uneven, and the Himalayan state of Sikkim is offering cash incentives to encourage births.",The New York Times,Asia Pacific,News,nyt://article/745d952e-2252-5f8b-aa8c-5b25af1cb672,https://www.nytimes.com/2023/05/29/world/asia/india-fertility-rate.html,828,By Sameer Yasir,Overcrowded India? This State Is Desperate for More Babies.,,"In Populous India, a State Is Offering Cash to Encourage More Babies","A woman undergoing an ultrasound at the Newlife Fertility Center in April in Siliguri, India. Although India is set to become the most populous nation on earth, the populations of some regions are shrinking.",Smita Sharma for The New York Times,https://static01.nyt.com/images/2023/05/10/multimedia/00india-fertility-01-qzcb/00india-fertility-01-qzcb-articleLarge.jpg,400,600,https://static01.nyt.com/images/2023/05/10/multimedia/00india-fertility-01-qzcb/00india-fertility-01-qzcb-thumbStandard.jpg,75,75,Overcrowded India? This State Is Desperate for More Babies.,"Overcrowded India? This State Is Desperate for More Babies. India will soon be history’s most populous country. But the growth is uneven, and the Himalayan state of Sikkim is offering cash incentives to encourage births. India will soon be history’s most populous country. But the growth is uneven, and the Himalayan state of Sikkim is offering cash incentives to encourage births."
,article,nyt://article/c6dea833-ec57-5c6f-9d0f-acf9d1f5a457,[],Foreign,,,2023-05-24 11:24:42+00:00,World,,The New York Times,Europe,Live Blog Post,nyt://article/c6dea833-ec57-5c6f-9d0f-acf9d1f5a457,https://www.nytimes.com/live/2023/05/24/world/russia-ukraine-news/the-president-of-belarus-departs-for-moscow-state-media-says-a-day-after-he-denied-that-he-was-gravely-ill,234,By Matthew Mpoke Bigg,"The president of Belarus arrives in Moscow, state media says, a day after he denied that he was gravely ill.",,,"President Alexander Lukashenko of Belarus at the Victory Day parade in Moscow earlier this month, in a photo released by Russian state media.",Pool photo by Sputnik,https://static01.nyt.com/images/2023/05/24/multimedia/24ukraine-briefing-belarus-bjth/24ukraine-briefing-belarus-bjth-articleLarge.jpg,384,600,https://static01.nyt.com/images/2023/05/24/multimedia/24ukraine-briefing-belarus-bjth/24ukraine-briefing-belarus-bjth-thumbStandard.jpg,75,75,"The president of Belarus arrives in Moscow, state media says, a day after he denied that he was gravely ill.","The president of Belarus arrives in Moscow, state media says, a day after he denied that he was gravely ill."
Roman Protasevich had been sentenced to eight years in prison. The details of his 2021 arrest drew international attention.,article,nyt://article/fa8db457-3755-5d5f-baad-49ccc53eedb5,"[{'name': 'Subject', 'value': 'Political Prisoners', 'rank': 1}, {'name': 'Person', 'value': 'Lukashenko, Aleksandr G', 'rank': 2}, {'name': 'Person', 'value': 'Protasevich, Roman', 'rank': 3}, {'name': 'Person', 'value': 'Sapega, Sofia', 'rank': 4}, {'name': 'Location', 'value': 'Belarus', 'rank': 5}, {'name': 'Location', 'value': 'Minsk (Belarus)', 'rank': 6}]",Foreign,12,A,2023-05-22 12:45:49+00:00,World,Roman Protasevich had been sentenced to eight years in prison. The details of his 2021 arrest drew international attention.,The New York Times,Europe,News,nyt://article/fa8db457-3755-5d5f-baad-49ccc53eedb5,https://www.nytimes.com/2023/05/22/world/europe/belarus-protasevich-activist-pardon.html,445,By Matthew Mpoke Bigg and Ivan Nechepurenko,"Belarus Pardons Opposition Activist Who Was Hauled Off a Ryanair Flight, State Media Says",,"In Belarus, Activist Gets A Pardon","The activist Roman Protasevich, center, at a news briefing organized by the Ministry of Foreign Affairs in Minsk, Belarus, in 2021.",Agence France-Presse &mdash; Getty Images,https://static01.nyt.com/images/2023/05/22/world/22ukraine-briefing-protasevich/22ukraine-briefing-protasevich-articleLarge.jpg,400,600,https://static01.nyt.com/images/2023/05/22/world/22ukraine-briefing-protasevich/22ukraine-briefing-protasevich-thumbStandard.jpg,75,75,"Belarus Pardons Opposition Activist Who Was Hauled Off a Ryanair Flight, State Media Says","Belarus Pardons Opposition Activist Who Was Hauled Off a Ryanair Flight, State Media Says Roman Protasevich had been sentenced to eight years in prison. The details of his 2021 arrest drew international attention. Roman Protasevich had been sentenced to eight years in prison. The details of his 2021 arrest drew international attention."
,article,nyt://article/e34b421f-6ac1-5e2c-ad50-8e0d5981ced7,[],Foreign,,,2023-05-21 11:29:04+00:00,World,,The New York Times,Europe,Live Blog Post,nyt://article/e34b421f-6ac1-5e2c-ad50-8e0d5981ced7,https://www.nytimes.com/live/2023/05/21/world/russia-ukraine-news/russian-state-media-celebrates-bakhmut-but-with-a-notable-omission,482,By Anton Troianovski,"Russian state media celebrates Bakhmut, with a notable omission.",,,"An image taken from video released by the press service of Wagner founder Yevgeny V. Prigozhin purports to show him with his fighters in Bakhmut, Ukraine, on Saturday.","Prigozhin Press Service, via Associated Press",https://static01.nyt.com/images/2023/05/21/multimedia/21ukraine-blog-russia-reax-bfwv/21ukraine-blog-russia-reax-bfwv-articleLarge.jpg,361,600,https://static01.nyt.com/images/2023/05/21/multimedia/21ukraine-blog-russia-reax-bfwv/21ukraine-blog-russia-reax-bfwv-thumbStandard.jpg,75,75,"Russian state media celebrates Bakhmut, with a notable omission.","Russian state media celebrates Bakhmut, with a notable omission."
"The State Department had no immediate comment on the report that the man, identified as Robert Shonov, had been arrested and charged with conspiracy.",article,nyt://article/7c22acdc-d5e8-580c-8578-8d589c0f1af7,"[{'name': 'Subject', 'value': 'Political Prisoners', 'rank': 1}, {'name': 'Subject', 'value': 'Diplomatic Service, Embassies and Consulates', 'rank': 2}, {'name': 'Organization', 'value': 'Lefortovo Prison', 'rank': 3}, {'name': 'Location', 'value': 'Russia', 'rank': 4}, {'name': 'Person', 'value': 'Shonov, Robert', 'rank': 5}]",Foreign,,,2023-05-15 20:32:29+00:00,World,"The State Department had no immediate comment on the report that the man, identified as Robert Shonov, had been arrested and charged with conspiracy.",The New York Times,Europe,News,nyt://article/7c22acdc-d5e8-580c-8578-8d589c0f1af7,https://www.nytimes.com/2023/05/15/world/europe/robert-shonov-detained-russia-moscow.html,228,By Daniel Victor,"A former U.S. Embassy employee is being held in Moscow, according to Russia’s state news agency.",,,"An entrance to the Lefortovo Prison in Moscow. Tass, the Russian state news agency, said a former U.S. Embassy employee identified as Robert Shonov was being held there. ",Evgenia Novozhenina/Reuters,https://static01.nyt.com/images/2023/05/15/multimedia/15ukraine-briefing-american-detained-vladivostok-01-jwmp/15ukraine-briefing-american-detained-vladivostok-01-jwmp-articleLarge.jpg,438,600,https://static01.nyt.com/images/2023/05/15/multimedia/15ukraine-briefing-american-detained-vladivostok-01-jwmp/15ukraine-briefing-american-detained-vladivostok-01-jwmp-thumbStandard.jpg,75,75,"A former U.S. Embassy employee is being held in Moscow, according to Russia’s state news agency.","A former U.S. Embassy employee is being held in Moscow, according to Russia’s state news agency. The State Department had no immediate comment on the report that the man, identified as Robert Shonov, had been arrested and charged with conspiracy. The State Department had no immediate comment on the report that the man, identified as Robert Shonov, had been arrested and charged with conspiracy."
"Aleksandr G. Lukashenko, a Kremlin ally, had not been shown since he attended events last week celebrating the Soviet Union’s triumph over Nazi Germany in 1945.",article,nyt://article/c1502ab8-80ab-5fff-8f61-38c7c5f09686,"[{'name': 'Subject', 'value': 'Russian Invasion of Ukraine (2022)', 'rank': 1}, {'name': 'Person', 'value': 'Lukashenko, Aleksandr G', 'rank': 2}, {'name': 'Person', 'value': 'Putin, Vladimir V', 'rank': 3}, {'name': 'Location', 'value': 'Belarus', 'rank': 4}, {'name': 'Location', 'value': 'Minsk (Belarus)', 'rank': 5}, {'name': 'Subject', 'value': 'vis-video', 'rank': 6}]",Foreign,11,A,2023-05-15 16:40:53+00:00,World,"Aleksandr G. Lukashenko, a Kremlin ally, had not been shown since he attended events last week celebrating the Soviet Union’s triumph over Nazi Germany in 1945.",The New York Times,Europe,News,nyt://article/c1502ab8-80ab-5fff-8f61-38c7c5f09686,https://www.nytimes.com/2023/05/16/world/europe/belarus-president-lukashenko-photo.html,465,By Andrew Higgins,State news media release a photo of Belarus’s leader amid speculation about his health.,,"Lukashenko Is Absent, And Rumors Are Growing","President Alexander G. Lukashenko at the Victory Day military parade in Moscow last week, in a photo from Russian state media.",Pool photo by Gavriil Grigorov,https://static01.nyt.com/images/2023/05/15/multimedia/15ukraine-briefing-lukashenko-wgzf/15ukraine-briefing-lukashenko-wgzf-articleLarge.jpg,384,600,https://static01.nyt.com/images/2023/05/15/multimedia/15ukraine-briefing-lukashenko-wgzf/15ukraine-briefing-lukashenko-wgzf-thumbStandard.jpg,75,75,State news media release a photo of Belarus’s leader amid speculation about his health.,"State news media release a photo of Belarus’s leader amid speculation about his health. Aleksandr G. Lukashenko, a Kremlin ally, had not been shown since he attended events last week celebrating the Soviet Union’s triumph over Nazi Germany in 1945. Aleksandr G. Lukashenko, a Kremlin ally, had not been shown since he attended events last week celebrating the Soviet Union’s triumph over Nazi Germany in 1945."
"The Commonwealth country has scheduled a referendum in 2024 on whether to cut ties to the British monarchy, opening up a debate on how to reshape the society.",article,nyt://article/4f510d63-a51a-577f-a0fa-9a0565d4e09d,"[{'name': 'Location', 'value': 'Jamaica (West Indies)', 'rank': 1}, {'name': 'Subject', 'value': 'Politics and Government', 'rank': 2}, {'name': 'Location', 'value': 'Great Britain', 'rank': 3}, {'name': 'Subject', 'value': 'Royal Families', 'rank': 4}, {'name': 'Subject', 'value': 'International Relations', 'rank': 5}, {'name': 'Subject', 'value': 'Constitutions', 'rank': 6}, {'name': 'Subject', 'value': 'Colonization', 'rank': 7}, {'name': 'Subject', 'value': 'Referendums', 'rank': 8}]",Foreign,,,2023-05-06 17:07:03+00:00,World,"The Commonwealth country has scheduled a referendum in 2024 on whether to cut ties to the British monarchy, opening up a debate on how to reshape the society.",The New York Times,Americas,briefing,nyt://article/4f510d63-a51a-577f-a0fa-9a0565d4e09d,https://www.nytimes.com/2023/05/06/world/americas/jamaica-monarchy-referendum.html,582,By Emiliano Rodríguez Mega,Charles is Jamaica’s head of state. The island nation may break with the monarchy next year.,,,"A protest demanding an apology and reparations for slavery in Kingston, Jamaica, last year during a visit by King Charles III’s son Prince William, Prince of Wales, and his wife, Catherine, Princess of Wales.",Collin Reid/Associated Press,https://static01.nyt.com/images/2023/05/06/multimedia/06charles-coronation-jamaica-cvgz/06charles-coronation-jamaica-cvgz-articleLarge.jpg,399,600,https://static01.nyt.com/images/2023/05/06/multimedia/06charles-coronation-jamaica-cvgz/06charles-coronation-jamaica-cvgz-thumbStandard.jpg,75,75,Charles is Jamaica’s head of state. The island nation may break with the monarchy next year.,"Charles is Jamaica’s head of state. The island nation may break with the monarchy next year. The Commonwealth country has scheduled a referendum in 2024 on whether to cut ties to the British monarchy, opening up a debate on how to reshape the society. The Commonwealth country has scheduled a referendum in 2024 on whether to cut ties to the British monarchy, opening up a debate on how to reshape the society."
Violence erupted over a question of who gets to claim special tribal status.,article,nyt://article/2ae854ff-d2aa-58e8-93a0-d40ed30edbb8,"[{'name': 'Location', 'value': 'Manipur State (India)', 'rank': 1}, {'name': 'Subject', 'value': 'Demonstrations, Protests and Riots', 'rank': 2}, {'name': 'Location', 'value': 'India', 'rank': 3}, {'name': 'Subject', 'value': 'Decisions and Verdicts', 'rank': 4}]",Foreign,13,A,2023-05-06 14:02:25+00:00,World,Violence erupted over a question of who gets to claim special tribal status.,The New York Times,Asia Pacific,News,nyt://article/2ae854ff-d2aa-58e8-93a0-d40ed30edbb8,https://www.nytimes.com/2023/05/06/world/asia/ethnic-clashes-indias-manipur-state.html,618,By Alex Travelli and Suhasini Raj,Dozens Killed in Ethnic Clashes in India’s Manipur State,,India Moves To End Fight After Dozens Are Killed,"A truck burns on Thursday in Imphal, the capital of Manipur state, where there have been days of violence between rival ethnic groups.",Agence France-Presse — Getty Images,https://static01.nyt.com/images/2023/05/06/multimedia/06india-unrest-zfvb/06india-unrest-zfvb-articleLarge.jpg,400,600,https://static01.nyt.com/images/2023/05/06/multimedia/06india-unrest-zfvb/06india-unrest-zfvb-thumbStandard.jpg,75,75,Dozens Killed in Ethnic Clashes in India’s Manipur State,Dozens Killed in Ethnic Clashes in India’s Manipur State Violence erupted over a question of who gets to claim special tribal status. Violence erupted over a question of who gets to claim special tribal status.
"Zakhar Prilepin, who himself fought in eastern Ukraine, has long advocated an imperialist foreign policy by Moscow.",article,nyt://article/212925d8-7422-594d-9be0-fab4b6a59b8a,"[{'name': 'Location', 'value': 'Russia', 'rank': 1}, {'name': 'Person', 'value': 'Prilepin, Zakhar', 'rank': 2}, {'name': 'Subject', 'value': 'Writing and Writers', 'rank': 3}, {'name': 'Subject', 'value': 'Nationalism (Theory and Philosophy)', 'rank': 4}, {'name': 'Subject', 'value': 'Assassinations and Attempted Assassinations', 'rank': 5}, {'name': 'Subject', 'value': 'Bombs and Explosives', 'rank': 6}, {'name': 'Subject', 'value': 'Russian Invasion of Ukraine (2022)', 'rank': 7}, {'name': 'Person', 'value': 'Putin, Vladimir V', 'rank': 8}, {'name': 'Subject', 'value': 'Politics and Government', 'rank': 9}, {'name': 'Location', 'value': 'Ukraine', 'rank': 10}]",Foreign,6,A,2023-05-06 10:58:56+00:00,World,"Zakhar Prilepin, who himself fought in eastern Ukraine, has long advocated an imperialist foreign policy by Moscow.",The New York Times,Europe,News,nyt://article/212925d8-7422-594d-9be0-fab4b6a59b8a,https://www.nytimes.com/2023/05/06/world/europe/russia-prilepin-bombing.html,1132,By Neil MacFarquhar and Anton Troianovski,"Car Bombing Injures Prominent Russian Nationalist Writer, State Media Reports",,Car Bombing Said to Target Russian Writer,Zakhar Prilepin in 2012.,Jeff Pachoud/Agence France-Presse — Getty Images,https://static01.nyt.com/images/2023/05/06/multimedia/06russia-bombing-prilepin-01-chgj/06russia-bombing-prilepin-01-chgj-articleLarge.jpg,399,600,https://static01.nyt.com/images/2023/05/06/multimedia/06russia-bombing-prilepin-01-chgj/06russia-bombing-prilepin-01-chgj-thumbStandard-v2.jpg,75,75,"Car Bombing Injures Prominent Russian Nationalist Writer, State Media Reports","Car Bombing Injures Prominent Russian Nationalist Writer, State Media Reports Zakhar Prilepin, who himself fought in eastern Ukraine, has long advocated an imperialist foreign policy by Moscow. Zakhar Prilepin, who himself fought in eastern Ukraine, has long advocated an imperialist foreign policy by Moscow."
,article,nyt://article/919f1675-4f93-58f5-91f3-10309cbd2c12,[],Foreign,,,2023-05-06 10:16:44+00:00,World,,The New York Times,Europe,Live Blog Post,nyt://article/919f1675-4f93-58f5-91f3-10309cbd2c12,https://www.nytimes.com/live/2023/05/06/world/coronation-king-charles-uk/in-australia-and-new-zealand-the-coronation-of-their-new-head-of-state-feels-a-long-way-away,667,By Natasha Frost,"In Australia and New Zealand, the coronation of their new head of state feels a long way away.",,,"Visitors to Madame Tussauds in Sydney, Australia, interacting with newly unveiled wax figures of King Charles III, Prince William and Catherine, Princess of Wales, on Thursday.",Nikki Short/Reuters,https://static01.nyt.com/images/2023/05/06/multimedia/06charles-coronation-oz-nz-kmqt/06charles-coronation-oz-nz-kmqt-articleLarge.jpg,400,600,https://static01.nyt.com/images/2023/05/06/multimedia/06charles-coronation-oz-nz-kmqt/06charles-coronation-oz-nz-kmqt-thumbStandard.jpg,75,75,"In Australia and New Zealand, the coronation of their new head of state feels a long way away.","In Australia and New Zealand, the coronation of their new head of state feels a long way away."
,article,nyt://article/cb1da569-a022-54cb-8a18-b998603db59e,[],Foreign,,,2023-04-24 05:03:06+00:00,World,,The New York Times,Europe,Live Blog Post,nyt://article/cb1da569-a022-54cb-8a18-b998603db59e,https://www.nytimes.com/live/2023/04/24/world/ukraine-russia-news/lavrov-at-the-un-a-new-navalny-trial-and-a-state-visit-in-washington-what-to-watch-for-this-week,230,By Anushka Patil and Juston Jones,A new Navalny trial and a state visit in Washington: What to watch for this week.,,,The Russian opposition leader Aleksei A. Navalny standing in a defendant’s cage in Babuskinsky District Court in Moscow in 2021.,Alexander Zemlianichenko/Associated Press,https://static01.nyt.com/images/2023/04/24/multimedia/24ukraine-briefing-week-ahead-1-mcfw/24ukraine-briefing-week-ahead-1-mcfw-articleLarge.jpg,400,600,https://static01.nyt.com/images/2023/04/24/multimedia/24ukraine-briefing-week-ahead-1-mcfw/24ukraine-briefing-week-ahead-1-mcfw-thumbStandard.jpg,75,75,A new Navalny trial and a state visit in Washington: What to watch for this week.,A new Navalny trial and a state visit in Washington: What to watch for this week.
"A public radio station in the city of Szczecin is under fire for helping to identify a 15-year-old sex abuse victim, the son of a local opposition politician, who later killed himself.",article,nyt://article/8906e13c-f987-5513-b3dd-e8e807417e8d,"[{'name': 'Location', 'value': 'Poland', 'rank': 1}, {'name': 'Subject', 'value': 'Public Broadcasting', 'rank': 2}, {'name': 'Subject', 'value': 'Radio', 'rank': 3}, {'name': 'Subject', 'value': 'Politics and Government', 'rank': 4}, {'name': 'Organization', 'value': 'Law and Justice (Poland)', 'rank': 5}, {'name': 'Subject', 'value': 'Child Abuse and Neglect', 'rank': 6}, {'name': 'Subject', 'value': 'Sex Crimes', 'rank': 7}, {'name': 'Subject', 'value': 'Suicides and Suicide Attempts', 'rank': 8}]",Foreign,10,A,2023-04-15 14:32:51+00:00,World,"A public radio station in the city of Szczecin is under fire for helping to identify a 15-year-old sex abuse victim, the son of a local opposition politician, who later killed himself.",The New York Times,Europe,News,nyt://article/8906e13c-f987-5513-b3dd-e8e807417e8d,https://www.nytimes.com/2023/04/15/world/europe/poland-suicide-radio-szczecin.html,1502,By Andrew Higgins,Boy’s Suicide in Poland Spurs Backlash Against State Media Tactics,,"A Media Backlash in Poland, Set Off by a Suicide","A view of the neighborhood in Szczecin, Poland, where a 15-year-old sex abuse victim who killed himself in March lived.",Sergey Ponomarev for The New York Times,https://static01.nyt.com/images/2023/05/09/multimedia/09poland-opposition-01-wpjh/09poland-opposition-01-wpjh-articleLarge.jpg,400,600,https://static01.nyt.com/images/2023/05/09/multimedia/09poland-opposition-01-wpjh/09poland-opposition-01-wpjh-thumbStandard.jpg,75,75,Boy’s Suicide in Poland Spurs Backlash Against State Media Tactics,"Boy’s Suicide in Poland Spurs Backlash Against State Media Tactics A public radio station in the city of Szczecin is under fire for helping to identify a 15-year-old sex abuse victim, the son of a local opposition politician, who later killed himself. A public radio station in the city of Szczecin is under fire for helping to identify a 15-year-old sex abuse victim, the son of a local opposition politician, who later killed himself."
"Aleksei Moskalyov, a single father, escaped house arrest in Russia after he was charged with “discrediting” the Russian Army over the war in Ukraine.",article,nyt://article/507df6d1-18cc-5034-9256-863b7de270e1,"[{'name': 'Subject', 'value': 'Russian Invasion of Ukraine (2022)', 'rank': 1}, {'name': 'Subject', 'value': 'Child Custody and Support', 'rank': 2}, {'name': 'Subject', 'value': 'Extradition', 'rank': 3}, {'name': 'Location', 'value': 'Belarus', 'rank': 4}, {'name': 'Location', 'value': 'Russia', 'rank': 5}, {'name': 'Person', 'value': 'Moskalyov, Aleksei', 'rank': 6}]",Foreign,,,2023-04-13 11:35:20+00:00,World,"Aleksei Moskalyov, a single father, escaped house arrest in Russia after he was charged with “discrediting” the Russian Army over the war in Ukraine.",The New York Times,Europe,News,nyt://article/507df6d1-18cc-5034-9256-863b7de270e1,https://www.nytimes.com/2023/04/13/world/europe/belarus-russia-extradition-anti-war-picture.html,355,By Ivan Nechepurenko,"Belarus extradites a Russian father convicted after his daughter drew an antiwar picture, state news media reports.",,,"Aleksei Moskalyov in a Russian courtroom in March. His case has attracted international attention, in part because it has thrown custody of his daughter into question.",Associated Press,https://static01.nyt.com/images/2023/03/28/multimedia/13ukraine-briefing-moskalyov-01/28russia-child-01-ktpg-articleLarge.jpg,400,600,https://static01.nyt.com/images/2023/03/28/multimedia/13ukraine-briefing-moskalyov-01/28russia-child-01-ktpg-thumbStandard.jpg,75,75,"Belarus extradites a Russian father convicted after his daughter drew an antiwar picture, state news media reports.","Belarus extradites a Russian father convicted after his daughter drew an antiwar picture, state news media reports. Aleksei Moskalyov, a single father, escaped house arrest in Russia after he was charged with “discrediting” the Russian Army over the war in Ukraine. Aleksei Moskalyov, a single father, escaped house arrest in Russia after he was charged with “discrediting” the Russian Army over the war in Ukraine."
The finding means that the U.S. government sees the Wall Street Journal reporter as the equivalent of a political hostage.,article,nyt://article/7ab7004d-2e8c-5f36-b0aa-2c6b307c78a7,"[{'name': 'Subject', 'value': 'International Relations', 'rank': 1}, {'name': 'Person', 'value': 'Gershkovich, Evan', 'rank': 2}, {'name': 'Subject', 'value': 'Political Prisoners', 'rank': 3}, {'name': 'Subject', 'value': 'Russian Invasion of Ukraine (2022)', 'rank': 4}]",Washington,,,2023-04-10 20:37:58+00:00,World,The finding means that the U.S. government sees the Wall Street Journal reporter as the equivalent of a political hostage.,The New York Times,Europe,News,nyt://article/7ab7004d-2e8c-5f36-b0aa-2c6b307c78a7,https://www.nytimes.com/2023/04/11/world/europe/evan-gershkovich-russia-hostage-detained.html,658,By Michael Crowley,The State Department declares Evan Gershkovich ‘wrongfully detained’ by Russia.,,,The Wall Street Journal correspondent Evan Gershkovich in an undated photograph.,"The Wall Street Journal, via Reuters",https://static01.nyt.com/images/2023/04/10/multimedia/10ukraine-briefing-gershkovich0-lbkm/10ukraine-briefing-gershkovich0-lbkm-articleLarge.jpg,400,600,https://static01.nyt.com/images/2023/04/10/multimedia/10ukraine-briefing-gershkovich0-lbkm/10ukraine-briefing-gershkovich0-lbkm-thumbStandard.jpg,75,75,The State Department declares Evan Gershkovich ‘wrongfully detained’ by Russia.,The State Department declares Evan Gershkovich ‘wrongfully detained’ by Russia. The finding means that the U.S. government sees the Wall Street Journal reporter as the equivalent of a political hostage. The finding means that the U.S. government sees the Wall Street Journal reporter as the equivalent of a political hostage.
"Evan Gershkovich, a reporter for The Wall Street Journal, was detained last week. The Journal and U.S. officials have vehemently rejected the Russian authorities’ allegations against him.",article,nyt://article/c265e316-b39a-585c-be59-d67429cefc3c,"[{'name': 'Subject', 'value': 'Freedom of the Press', 'rank': 1}, {'name': 'Subject', 'value': 'Political Prisoners', 'rank': 2}, {'name': 'Location', 'value': 'Russia', 'rank': 3}, {'name': 'Person', 'value': 'Gershkovich, Evan', 'rank': 4}, {'name': 'Organization', 'value': 'Wall Street Journal', 'rank': 5}, {'name': 'Subject', 'value': 'Espionage and Intelligence Services', 'rank': 6}]",Foreign,,,2023-04-07 19:32:19+00:00,World,"Evan Gershkovich, a reporter for The Wall Street Journal, was detained last week. The Journal and U.S. officials have vehemently rejected the Russian authorities’ allegations against him.",The New York Times,Europe,News,nyt://article/c265e316-b39a-585c-be59-d67429cefc3c,https://www.nytimes.com/2023/04/07/world/europe/evan-gershkovich-charged-espionage-russia.html,548,By Neil MacFarquhar,"Russia formally charges detained American reporter with espionage, according to state media.",,,"Evan Gershkovich, a Wall Street Journal reporter, being escorted by officers from court to a bus in Moscow on Thursday.",Alexander Zemlianichenko/Associated Press,https://static01.nyt.com/images/2023/04/07/multimedia/07ukraine-briefing-gershkovich-pzch/07ukraine-briefing-gershkovich-pzch-articleLarge.jpg,400,600,https://static01.nyt.com/images/2023/04/07/multimedia/07ukraine-briefing-gershkovich-pzch/07ukraine-briefing-gershkovich-pzch-thumbStandard.jpg,75,75,"Russia formally charges detained American reporter with espionage, according to state media.","Russia formally charges detained American reporter with espionage, according to state media. Evan Gershkovich, a reporter for The Wall Street Journal, was detained last week. The Journal and U.S. officials have vehemently rejected the Russian authorities’ allegations against him. Evan Gershkovich, a reporter for The Wall Street Journal, was detained last week. The Journal and U.S. officials have vehemently rejected the Russian authorities’ allegations against him."
,article,nyt://article/4a0da5ee-0652-526f-80f8-3f98975ce7d3,[],Washington,,,2023-04-04 19:23:20+00:00,World,,The New York Times,Europe,Live Blog Post,nyt://article/4a0da5ee-0652-526f-80f8-3f98975ce7d3,https://www.nytimes.com/live/2023/04/04/world/russia-ukraine-war/the-state-department-summoned-russias-ambassador-over-the-detention-of-an-american-reporter,460,By Edward Wong,The State Department summoned Russia’s ambassador over the detention of an American reporter.,,,"Anatoly Antonov, Russia’s ambassador to the United States, after a visit to the State Department in Washington last month.",Patrick Semansky/Associated Press,https://static01.nyt.com/images/2023/04/04/multimedia/04ukraine-briefing-antonov-topart-khcg/04ukraine-briefing-antonov-topart-khcg-articleLarge.jpg,400,600,https://static01.nyt.com/images/2023/04/04/multimedia/04ukraine-briefing-antonov-topart-khcg/04ukraine-briefing-antonov-topart-khcg-thumbStandard.jpg,75,75,The State Department summoned Russia’s ambassador over the detention of an American reporter.,The State Department summoned Russia’s ambassador over the detention of an American reporter.
"Despite sanctions and the pandemic, laborers from the country remain abroad, earning desperately needed cash for the regime, according to a new report.",article,nyt://article/4af9ef7d-ec2a-577e-a298-3258cd9c261a,"[{'name': 'Subject', 'value': 'International Relations', 'rank': 1}, {'name': 'Subject', 'value': 'Embargoes and Sanctions', 'rank': 2}, {'name': 'Subject', 'value': 'Human Rights and Human Rights Violations', 'rank': 3}, {'name': 'Location', 'value': 'South Korea', 'rank': 4}, {'name': 'Location', 'value': 'North Korea', 'rank': 5}]",Foreign,8,A,2023-04-03 12:41:39+00:00,World,"Despite sanctions and the pandemic, laborers from the country remain abroad, earning desperately needed cash for the regime, according to a new report.",The New York Times,Asia Pacific,News,nyt://article/4af9ef7d-ec2a-577e-a298-3258cd9c261a,https://www.nytimes.com/2023/04/03/world/asia/north-korea-human-rights.html,949,By Choe Sang-Hun,North Koreans Trapped in ‘State-Sponsored Slavery’ in Russia,,North Koreans Trapped  Inside Russia and China Toil for the Government,"North Korean workers in 2019 waiting for their flight at an airport in Vladivostok, Russia. Under a United Nations Security Council resolution, countries were required to expel all North Korean workers by the end of 2019.",Agence France-Presse — Getty Images,https://static01.nyt.com/images/2023/04/03/multimedia/03nkorea-humanrights-01-jlpz/03nkorea-humanrights-01-jlpz-articleLarge.jpg,400,600,https://static01.nyt.com/images/2023/04/03/multimedia/03nkorea-humanrights-01-jlpz/03nkorea-humanrights-01-jlpz-thumbStandard.jpg,75,75,North Koreans Trapped in ‘State-Sponsored Slavery’ in Russia,"North Koreans Trapped in ‘State-Sponsored Slavery’ in Russia Despite sanctions and the pandemic, laborers from the country remain abroad, earning desperately needed cash for the regime, according to a new report. Despite sanctions and the pandemic, laborers from the country remain abroad, earning desperately needed cash for the regime, according to a new report."
,article,nyt://article/281ec2e6-d348-5de3-845d-d7275f55daf6,[],Foreign,,,2023-04-03 09:10:35+00:00,World,,The New York Times,Europe,Live Blog Post,nyt://article/281ec2e6-d348-5de3-845d-d7275f55daf6,https://www.nytimes.com/live/2023/04/03/world/russia-ukraine-war/poland-announces-a-state-visit-by-zelensky-this-week,326,By Vivek Shankar,Poland announces a state visit by Zelensky.,,,"President Volodymyr Zelensky in Izium, Ukraine, last year. He has left the country only a handful of times since the full-scale invasion began.",Nicole Tung for The New York Times,https://static01.nyt.com/images/2023/04/03/multimedia/03ukraine-briefing-zelensky-poland-bhtl/03ukraine-briefing-zelensky-poland-bhtl-articleLarge.jpg,400,600,https://static01.nyt.com/images/2023/04/03/multimedia/03ukraine-briefing-zelensky-poland-bhtl/03ukraine-briefing-zelensky-poland-bhtl-thumbStandard.jpg,75,75,Poland announces a state visit by Zelensky.,Poland announces a state visit by Zelensky.
"Charles and Camilla, the queen consort, visited the Brandenburg Gate in Berlin to start their three-day trip.",article,nyt://article/c9b87893-1a96-545c-a815-84e5694b1e47,"[{'name': 'Subject', 'value': 'Politics and Government', 'rank': 1}, {'name': 'Subject', 'value': 'International Relations', 'rank': 2}, {'name': 'Person', 'value': 'Charles III, King of the United Kingdom', 'rank': 3}, {'name': 'Location', 'value': 'Berlin (Germany)', 'rank': 4}, {'name': 'Location', 'value': 'Great Britain', 'rank': 5}]",Express,12,A,2023-03-29 14:42:49+00:00,World,"Charles and Camilla, the queen consort, visited the Brandenburg Gate in Berlin to start their three-day trip.",The New York Times,Europe,News,nyt://article/c9b87893-1a96-545c-a815-84e5694b1e47,https://www.nytimes.com/2023/03/29/world/europe/king-charles-camilla-visit-germany.html,662,By Christopher F. Schuetze and Jenny Gross,King Charles Arrives in Germany for First State Visit as Monarch,,Germans Welcome Charles  In His First Travel as King,"King Charles III and Camilla, the queen consort, standing with President Frank-Walter Steinmeier of Germany and his wife, Elke Büdenbender, at the Brandenburg Gate on Wednesday.",Ronny Hartmann/Agence France-Presse — Getty Images,https://static01.nyt.com/images/2023/03/29/multimedia/29xp-charles-germany-02-cmtk/29xp-charles-germany-02-cmtk-articleLarge.jpg,400,600,https://static01.nyt.com/images/2023/03/29/multimedia/29xp-charles-germany-02-cmtk/29xp-charles-germany-02-cmtk-thumbStandard.jpg,75,75,King Charles Arrives in Germany for First State Visit as Monarch,"King Charles Arrives in Germany for First State Visit as Monarch Charles and Camilla, the queen consort, visited the Brandenburg Gate in Berlin to start their three-day trip. Charles and Camilla, the queen consort, visited the Brandenburg Gate in Berlin to start their three-day trip."
,article,nyt://article/3b96fd5c-d09a-5188-aeab-a06b5d89612e,[],Foreign,,,2023-03-28 21:07:50+00:00,World,,The New York Times,Europe,Live Blog Post,nyt://article/3b96fd5c-d09a-5188-aeab-a06b5d89612e,https://www.nytimes.com/live/2023/03/28/world/russia-ukraine-news/for-20-years-marina-ovsyannikova-worked-for-russian-state-tv-but-after-the-invasion-of-ukraine-she-couldnt-keep-quiet,240,By Constant Méheut,"For 20 years, Marina Ovsyannikova worked for Russian state TV, but after the invasion of Ukraine she couldn’t keep quiet.",,,"Marina Ovsyannikova , who used to work as an editor for the Channel One Russia television channel, in Paris this month.",Dmitry Kostyukov for The New York Times,https://static01.nyt.com/images/2023/03/25/multimedia/25ukraine-briefing-Ovsyannikova-profile-VERSION-lbph/25ukraine-briefing-Ovsyannikova-profile-VERSION-lbph-articleLarge.jpg,400,600,https://static01.nyt.com/images/2023/03/25/multimedia/25ukraine-briefing-Ovsyannikova-profile-VERSION-lbph/25ukraine-briefing-Ovsyannikova-profile-VERSION-lbph-thumbStandard.jpg,75,75,"For 20 years, Marina Ovsyannikova worked for Russian state TV, but after the invasion of Ukraine she couldn’t keep quiet.","For 20 years, Marina Ovsyannikova worked for Russian state TV, but after the invasion of Ukraine she couldn’t keep quiet."
"After neo-Nazis appeared at a protest against transgender rights in Melbourne, a local politician was facing expulsion from her party for taking part in the demonstration.",article,nyt://article/474cf493-8621-5f34-9d1a-d4ca354f2e30,"[{'name': 'Location', 'value': 'Victoria (Australia)', 'rank': 1}, {'name': 'Location', 'value': 'Melbourne (Australia)', 'rank': 2}, {'name': 'Subject', 'value': 'Fringe Groups and Movements', 'rank': 3}, {'name': 'Subject', 'value': 'Neo Nazi Groups', 'rank': 4}, {'name': 'Subject', 'value': 'Demonstrations, Protests and Riots', 'rank': 5}, {'name': 'Subject', 'value': 'Transgender', 'rank': 6}, {'name': 'Subject', 'value': 'Right-Wing Extremism and Alt-Right', 'rank': 7}, {'name': 'Location', 'value': 'Australia', 'rank': 8}]",Foreign,11,A,2023-03-20 13:25:37+00:00,World,"After neo-Nazis appeared at a protest against transgender rights in Melbourne, a local politician was facing expulsion from her party for taking part in the demonstration.",The New York Times,Australia,News,nyt://article/474cf493-8621-5f34-9d1a-d4ca354f2e30,https://www.nytimes.com/2023/03/20/world/australia/melbourne-nazi-salute.html,841,By Natasha Frost,Australian State Moves to Ban Nazi Salute After Clashes at Rally,,Australia Moves to Ban Nazi Salute After Transgender Rights Rally,Members of an Australian neo-Nazi group during a rally against transgender rights at Parliament House in Melbourne on Saturday.,"James Ross/EPA, via Shutterstock",https://static01.nyt.com/images/2023/03/20/multimedia/20OZ-NAZIS1-wtqp/20OZ-NAZIS1-wtqp-articleLarge.jpg,400,600,https://static01.nyt.com/images/2023/03/20/multimedia/20OZ-NAZIS1-wtqp/20OZ-NAZIS1-wtqp-thumbStandard.jpg,75,75,Australian State Moves to Ban Nazi Salute After Clashes at Rally,"Australian State Moves to Ban Nazi Salute After Clashes at Rally After neo-Nazis appeared at a protest against transgender rights in Melbourne, a local politician was facing expulsion from her party for taking part in the demonstration. After neo-Nazis appeared at a protest against transgender rights in Melbourne, a local politician was facing expulsion from her party for taking part in the demonstration."
"The rise of Amritpal Singh, a self-styled preacher, has raised fears of violence in Punjab, where thousands died in the 1980s during a Sikh insurgency.",article,nyt://article/5f5ef2a7-c4ff-599f-8d34-bb1e3352e9ac,"[{'name': 'Subject', 'value': 'Sikhs and Sikhism', 'rank': 1}, {'name': 'Subject', 'value': 'Secession and Independence Movements', 'rank': 2}, {'name': 'Subject', 'value': 'Fugitives', 'rank': 3}, {'name': 'Subject', 'value': 'Attacks on Police', 'rank': 4}, {'name': 'Subject', 'value': 'Content Type: Personal Profile', 'rank': 5}, {'name': 'Subject', 'value': 'Politics and Government', 'rank': 6}, {'name': 'Person', 'value': 'Singh, Amritpal (1993- )', 'rank': 7}, {'name': 'Person', 'value': 'Shah, Amit (1964- )', 'rank': 8}, {'name': 'Person', 'value': 'Modi, Narendra', 'rank': 9}, {'name': 'Location', 'value': 'Punjab (India)', 'rank': 10}, {'name': 'Location', 'value': 'India', 'rank': 11}]",Foreign,6,A,2023-03-20 12:27:30+00:00,World,"The rise of Amritpal Singh, a self-styled preacher, has raised fears of violence in Punjab, where thousands died in the 1980s during a Sikh insurgency.",The New York Times,Asia Pacific,News,nyt://article/5f5ef2a7-c4ff-599f-8d34-bb1e3352e9ac,https://www.nytimes.com/2023/03/20/world/asia/india-punjab-internet-shutdown-amritpal-singh.html,852,By Sameer Yasir and Suhasini Raj,Internet Blocked in Indian State as Security Forces Pursue Separatist,,Punjab Security Forces Hunt a Sikh Separatist Amid Insurgency Fears,"Police officers outside the home of Amritpal Singh in Jallupur Khera, a village about 30 miles from Amritsar, India. ",Narinder Nanu/Agence France-Presse — Getty Images,https://static01.nyt.com/images/2023/03/20/multimedia/20india-punjab-01-mvwg/20india-punjab-01-mvwg-articleLarge.jpg,400,600,https://static01.nyt.com/images/2023/03/20/multimedia/20india-punjab-01-mvwg/20india-punjab-01-mvwg-thumbStandard.jpg,75,75,Internet Blocked in Indian State as Security Forces Pursue Separatist,"Internet Blocked in Indian State as Security Forces Pursue Separatist The rise of Amritpal Singh, a self-styled preacher, has raised fears of violence in Punjab, where thousands died in the 1980s during a Sikh insurgency. The rise of Amritpal Singh, a self-styled preacher, has raised fears of violence in Punjab, where thousands died in the 1980s during a Sikh insurgency."
"The government moved elections scheduled for Saturday back by a week, saying it needed more time to reset digital voting machines at the center of fraud accusations.",article,nyt://article/5beae3b2-08f9-582c-b9dd-842e215f2412,"[{'name': 'Location', 'value': 'Nigeria', 'rank': 1}, {'name': 'Subject', 'value': 'Elections', 'rank': 2}, {'name': 'Subject', 'value': 'Voter Fraud (Election Fraud)', 'rank': 3}, {'name': 'Subject', 'value': 'Voting Machines', 'rank': 4}, {'name': 'Person', 'value': 'Tinubu, Bola Ahmed', 'rank': 5}, {'name': 'Person', 'value': 'Obi, Peter (1961- )', 'rank': 6}, {'name': 'Person', 'value': 'Abubakar, Atiku', 'rank': 7}, {'name': 'Subject', 'value': 'Politics and Government', 'rank': 8}]",Foreign,5,A,2023-03-09 21:25:04+00:00,World,"The government moved elections scheduled for Saturday back by a week, saying it needed more time to reset digital voting machines at the center of fraud accusations.",The New York Times,Africa,News,nyt://article/5beae3b2-08f9-582c-b9dd-842e215f2412,https://www.nytimes.com/2023/03/09/world/africa/nigeria-state-elections.html,896,By Elian Peltier and Oladeinde Olawoyin,Nigeria Postpones State Elections Amid Presidential Vote Controversy,,Nigeria Delays State Elections by a Week Amid Presidential Vote Controversy,A campaign billboard for a Lagos governor candidate on Tuesday. Nigeria’s election commission is postponing the election for 28 of the country’s 36 state governors.,Pius Utomi Ekpei/Agence France-Presse — Getty Images,https://static01.nyt.com/images/2023/03/09/multimedia/09nigeria-1-kltq/09nigeria-1-kltq-articleLarge.jpg,400,600,https://static01.nyt.com/images/2023/03/09/multimedia/09nigeria-1-kltq/09nigeria-1-kltq-thumbStandard.jpg,75,75,Nigeria Postpones State Elections Amid Presidential Vote Controversy,"Nigeria Postpones State Elections Amid Presidential Vote Controversy The government moved elections scheduled for Saturday back by a week, saying it needed more time to reset digital voting machines at the center of fraud accusations. The government moved elections scheduled for Saturday back by a week, saying it needed more time to reset digital voting machines at the center of fraud accusations."
,article,nyt://article/81284332-8fdb-5d7d-9982-65f5b88c0505,[],Foreign,,,2023-03-09 08:29:45+00:00,World,,The New York Times,Europe,Live Blog Post,nyt://article/81284332-8fdb-5d7d-9982-65f5b88c0505,https://www.nytimes.com/live/2023/03/09/world/russia-ukraine-news/the-us-orders-the-seizure-of-a-boeing-jet-linked-to-a-russian-state-controlled-oil-company,253,By Tiffany May,The U.S. orders the seizure of a Boeing jet linked to a Russian state-controlled oil company.,,,The headquarters of Rosneft in Moscow.,Kirill Kudryavtsev/Agence France-Presse — Getty Images,https://static01.nyt.com/images/2023/03/09/multimedia/09ukraine-briefing-warrant-rosneft-qthf/09ukraine-briefing-warrant-rosneft-qthf-articleLarge.jpg,400,600,https://static01.nyt.com/images/2023/03/09/multimedia/09ukraine-briefing-warrant-rosneft-qthf/09ukraine-briefing-warrant-rosneft-qthf-thumbStandard.jpg,75,75,The U.S. orders the seizure of a Boeing jet linked to a Russian state-controlled oil company.,The U.S. orders the seizure of a Boeing jet linked to a Russian state-controlled oil company.
This is the first time a paper trail has emerged to prove definitively that the Mexican military spied on citizens who were trying to expose its misdeeds.,article,nyt://article/ec397432-9cac-5aac-b09a-15702347c3a6,"[{'name': 'Subject', 'value': 'Surveillance of Citizens by Government', 'rank': 1}, {'name': 'Subject', 'value': 'Defense and Military Forces', 'rank': 2}, {'name': 'Subject', 'value': 'Civilian Casualties', 'rank': 3}, {'name': 'Subject', 'value': 'Police Brutality, Misconduct and Shootings', 'rank': 4}, {'name': 'Subject', 'value': 'Human Rights and Human Rights Violations', 'rank': 5}, {'name': 'Person', 'value': 'Ramos, Raymundo (Activist)', 'rank': 6}, {'name': 'Location', 'value': 'Mexico', 'rank': 7}, {'name': 'Person', 'value': 'Lopez Obrador, Andres Manuel', 'rank': 8}, {'name': 'Organization', 'value': 'NSO Group', 'rank': 9}, {'name': 'Location', 'value': 'Nuevo Laredo (Mexico)', 'rank': 10}, {'name': 'Organization', 'value': 'Citizen Lab', 'rank': 11}]",Foreign,1,A,2023-03-07 14:12:10+00:00,World,This is the first time a paper trail has emerged to prove definitively that the Mexican military spied on citizens who were trying to expose its misdeeds.,The New York Times,Americas,News,nyt://article/ec397432-9cac-5aac-b09a-15702347c3a6,https://www.nytimes.com/2023/03/07/world/americas/mexico-military-surveillance.html,1297,By Natalie Kitroeff and Ronen Bergman,Spying by Mexico’s Armed Forces Brings Fears of a ‘Military State’,,Spying by Mexico Raises Fears of ‘Military State’,,Amit Elkayam for The New York Times,https://static01.nyt.com/images/2023/03/07/multimedia/07mexico-spying-PROMO/07mexico-spying-01-mtpv-articleLarge.jpg,400,600,https://static01.nyt.com/images/2023/03/07/multimedia/07mexico-spying-PROMO/07mexico-spying-01-mtpv-thumbStandard.jpg,75,75,Spying by Mexico’s Armed Forces Brings Fears of a ‘Military State’,Spying by Mexico’s Armed Forces Brings Fears of a ‘Military State’ This is the first time a paper trail has emerged to prove definitively that the Mexican military spied on citizens who were trying to expose its misdeeds. This is the first time a paper trail has emerged to prove definitively that the Mexican military spied on citizens who were trying to expose its misdeeds.
"Britain’s new monarch and his wife, Camilla, the queen consort, will attend state banquets in Paris and Berlin later this month.",article,nyt://article/14a0f430-f301-5a14-9810-91c061f50c49,"[{'name': 'Subject', 'value': 'International Relations', 'rank': 1}, {'name': 'Organization', 'value': 'European Union', 'rank': 2}, {'name': 'Person', 'value': 'Charles III, King of the United Kingdom', 'rank': 3}, {'name': 'Person', 'value': 'Macron, Emmanuel (1977- )', 'rank': 4}, {'name': 'Person', 'value': 'Steinmeier, Frank-Walter', 'rank': 5}, {'name': 'Location', 'value': 'Germany', 'rank': 6}, {'name': 'Location', 'value': 'France', 'rank': 7}, {'name': 'Location', 'value': 'Great Britain', 'rank': 8}]",Express,5,A,2023-03-03 15:52:27+00:00,World,"Britain’s new monarch and his wife, Camilla, the queen consort, will attend state banquets in Paris and Berlin later this month.",The New York Times,Europe,News,nyt://article/14a0f430-f301-5a14-9810-91c061f50c49,https://www.nytimes.com/2023/03/03/world/europe/king-charles-france-germany-visit.html,393,By Jenny Gross,King Charles Will Travel to France and Germany for First State Visits,,King Charles Plans Visits  To Germany  And France,King Charles III last month. He will make his first state visits since becoming king to France and Germany.,"Chris Jackson/Chris Jackson Collection, via Getty Images",https://static01.nyt.com/images/2023/03/03/multimedia/03xp-charles-lzcp/03xp-charles-lzcp-articleLarge.jpg,400,600,https://static01.nyt.com/images/2023/03/03/multimedia/03xp-charles-lzcp/03xp-charles-lzcp-thumbStandard.jpg,75,75,King Charles Will Travel to France and Germany for First State Visits,"King Charles Will Travel to France and Germany for First State Visits Britain’s new monarch and his wife, Camilla, the queen consort, will attend state banquets in Paris and Berlin later this month. Britain’s new monarch and his wife, Camilla, the queen consort, will attend state banquets in Paris and Berlin later this month."
,article,nyt://article/40d1bc15-8bb7-555e-923c-e7fe0d4b285f,[],Washington,,,2023-02-21 11:19:39+00:00,World,,The New York Times,,Live Blog Post,nyt://article/40d1bc15-8bb7-555e-923c-e7fe0d4b285f,https://www.nytimes.com/live/2023/02/21/world/russia-biden-putin-ukraine-war/biden-will-be-stating-values-not-jousting-with-putin-a-top-adviser-says,513,By Michael D. Shear,"Biden will be stating values, not jousting with Putin, a top adviser says.",,,"President Biden on a train after a surprise visit to Kyiv, Ukraine, on Monday.",Pool photo by Evan Vucci,https://static01.nyt.com/images/2023/02/21/multimedia/21ukraine-blog-biden-preview-chpt/21ukraine-blog-biden-preview-chpt-articleLarge.jpg,400,600,https://static01.nyt.com/images/2023/02/21/multimedia/21ukraine-blog-biden-preview-chpt/21ukraine-blog-biden-preview-chpt-thumbStandard.jpg,75,75,"Biden will be stating values, not jousting with Putin, a top adviser says.","Biden will be stating values, not jousting with Putin, a top adviser says."
,article,nyt://article/bfdf319c-c4f8-5ec8-81f5-657624d51f5c,[],Foreign,,,2023-02-20 14:21:25+00:00,World,,The New York Times,,Live Blog Post,nyt://article/bfdf319c-c4f8-5ec8-81f5-657624d51f5c,https://www.nytimes.com/live/2023/02/20/world/russia-ukraine-war/on-russian-state-tv-bidens-visit-is-cast-as-a-political-stunt,325,By Valerie Hopkins,"On Russian state TV, Biden’s visit is cast as a political stunt.",,,President Biden with President Volodymyr Zelensky of Ukraine in Kyiv on Monday.,Daniel Berehulak/The New York Times,https://static01.nyt.com/images/2023/02/20/multimedia/20ukraine-briefing-russian-tv/20ukraine-briefing-BIDEN-lchf-articleLarge.jpg,400,600,https://static01.nyt.com/images/2023/02/20/multimedia/20ukraine-briefing-russian-tv/20ukraine-briefing-BIDEN-lchf-thumbStandard.jpg,75,75,"On Russian state TV, Biden’s visit is cast as a political stunt.","On Russian state TV, Biden’s visit is cast as a political stunt."
"Attributed in Syria to Israel, the strike appeared to be the latest episode of a long-running conflict between Israel and Iranian proxies.",article,nyt://article/e79800f5-e08d-5db5-be9b-7ed35404ae49,"[{'name': 'Location', 'value': 'Damascus (Syria)', 'rank': 1}, {'name': 'Location', 'value': 'Israel', 'rank': 2}, {'name': 'Subject', 'value': 'Turkey Earthquake (Feb 6, 2023)', 'rank': 3}, {'name': 'Subject', 'value': 'Defense and Military Forces', 'rank': 4}, {'name': 'Subject', 'value': 'International Relations', 'rank': 5}, {'name': 'Organization', 'value': 'Syrian Observatory for Human Rights', 'rank': 6}]",Foreign,5,A,2023-02-19 02:29:39+00:00,World,"Attributed in Syria to Israel, the strike appeared to be the latest episode of a long-running conflict between Israel and Iranian proxies.",The New York Times,Middle East,News,nyt://article/e79800f5-e08d-5db5-be9b-7ed35404ae49,https://www.nytimes.com/2023/02/18/world/middleeast/damascus-syria-airstrikes.html,630,By Patrick Kingsley,Syrian State Media Reports a Deadly Strike in Damascus,,Syrian State Media Reports Deadly Strike in Damascus,"Syrian security forces members inspecting a building damaged in a missile strike on Sunday in Damascus, Syria.",Louai Beshara/Agence France-Presse — Getty Images,https://static01.nyt.com/images/2023/02/19/multimedia/19syria-airstrikes3-zpkq/19syria-airstrikes3-zpkq-articleLarge.jpg,400,600,https://static01.nyt.com/images/2023/02/19/multimedia/19syria-airstrikes3-zpkq/19syria-airstrikes3-zpkq-thumbStandard.jpg,75,75,Syrian State Media Reports a Deadly Strike in Damascus,"Syrian State Media Reports a Deadly Strike in Damascus Attributed in Syria to Israel, the strike appeared to be the latest episode of a long-running conflict between Israel and Iranian proxies. Attributed in Syria to Israel, the strike appeared to be the latest episode of a long-running conflict between Israel and Iranian proxies."
"The cyclone, which caused severe flooding and cut power to 225,000 residents, was “the most significant weather event New Zealand has seen this century,” Prime Minister Chris Hipkins said.",article,nyt://article/9d9bb4b1-8bd3-58a4-b0f7-1ec32d7abfeb,"[{'name': 'Subject', 'value': 'Power Failures and Blackouts', 'rank': 1}, {'name': 'Subject', 'value': 'Rain', 'rank': 2}, {'name': 'Subject', 'value': 'Floods', 'rank': 3}, {'name': 'Subject', 'value': 'Cyclones', 'rank': 4}, {'name': 'Subject', 'value': 'Weather', 'rank': 5}, {'name': 'Person', 'value': 'Hipkins, Chris', 'rank': 6}, {'name': 'Location', 'value': 'Auckland (New Zealand)', 'rank': 7}, {'name': 'Location', 'value': 'Christchurch (New Zealand)', 'rank': 8}, {'name': 'Location', 'value': 'New Zealand', 'rank': 9}]",Express,6,A,2023-02-14 22:01:23+00:00,World,"The cyclone, which caused severe flooding and cut power to 225,000 residents, was “the most significant weather event New Zealand has seen this century,” Prime Minister Chris Hipkins said.",The New York Times,Australia,News,nyt://article/9d9bb4b1-8bd3-58a4-b0f7-1ec32d7abfeb,https://www.nytimes.com/2023/02/14/world/australia/new-zealand-cyclone-gabrielle.html,620,By Michael Levenson and Judson Jones,"New Zealand, Battered by Cyclone Gabrielle, Declares State of Emergency",,New Zealand  Declares A Rare State Of Emergency,"Flooding in Napier, on the North Island of New Zealand, after Cyclone Gabrielle.",Agence France-Presse — Getty Images,https://static01.nyt.com/images/2023/02/16/multimedia/16nz-cyclone-01-jtzp/16nz-cyclone-01-jtzp-articleLarge.jpg,400,600,https://static01.nyt.com/images/2023/02/16/multimedia/16nz-cyclone-01-jtzp/16nz-cyclone-01-jtzp-thumbStandard.jpg,75,75,"New Zealand, Battered by Cyclone Gabrielle, Declares State of Emergency","New Zealand, Battered by Cyclone Gabrielle, Declares State of Emergency The cyclone, which caused severe flooding and cut power to 225,000 residents, was “the most significant weather event New Zealand has seen this century,” Prime Minister Chris Hipkins said. The cyclone, which caused severe flooding and cut power to 225,000 residents, was “the most significant weather event New Zealand has seen this century,” Prime Minister Chris Hipkins said."
,article,nyt://article/a141146c-6d6c-5624-b6ad-aa3576efbf1a,[],Foreign,,,2023-02-09 11:08:31+00:00,World,,The New York Times,Europe,Live Blog Post,nyt://article/a141146c-6d6c-5624-b6ad-aa3576efbf1a,https://www.nytimes.com/live/2023/02/09/world/turkey-syria-earthquake/a-state-of-emergency-goes-into-effect-for-10-turkish-provinces-affected-by-the-quake,222,By Gulsin Harman,"A state of emergency goes into effect for 10 Turkish provinces affected by the quake, Erdogan says.",,,"Search and rescue operations in Hatay Province, Turkey, on Wednesday.",Sergey Ponomarev for The New York Times,https://static01.nyt.com/images/2023/02/09/multimedia/09turkey-quake-turkey-emergency-01-jtbz/09turkey-quake-turkey-emergency-01-jtbz-articleLarge.jpg,400,600,https://static01.nyt.com/images/2023/02/09/multimedia/09turkey-quake-turkey-emergency-01-jtbz/09turkey-quake-turkey-emergency-01-jtbz-thumbStandard.jpg,75,75,"A state of emergency goes into effect for 10 Turkish provinces affected by the quake, Erdogan says.","A state of emergency goes into effect for 10 Turkish provinces affected by the quake, Erdogan says."
,article,nyt://article/4a6a83ae-a270-5bbd-a5f3-6c7be6b665ab,[],Foreign,,,2023-02-07 13:16:17+00:00,World,,The New York Times,Europe,Live Blog Post,nyt://article/4a6a83ae-a270-5bbd-a5f3-6c7be6b665ab,https://www.nytimes.com/live/2023/02/08/world/turkey-syria-earthquake/erdogan-declares-a-state-of-emergency-in-10-provinces-affected-by-the-quake,279,By Gulsin Harman and Cora Engelbrecht,Erdogan declares a state of emergency in 10 provinces affected by the quake.,,,"President Recep Tayyip Erdogan of Turkey in Ankara on Monday, in a photo released by the presidential press office.","Presidential Press Office, via Reuters",https://static01.nyt.com/images/2023/02/07/multimedia/07turkey-quake-erdogan-state-of-emergency-qpcv/07turkey-quake-erdogan-state-of-emergency-qpcv-articleLarge.jpg,392,600,https://static01.nyt.com/images/2023/02/07/multimedia/07turkey-quake-erdogan-state-of-emergency-qpcv/07turkey-quake-erdogan-state-of-emergency-qpcv-thumbStandard.jpg,75,75,Erdogan declares a state of emergency in 10 provinces affected by the quake.,Erdogan declares a state of emergency in 10 provinces affected by the quake.
"Recent efforts by Beijing to mend ties with Washington were showing progress, but the balloon’s appearance over the United States illustrates lingering mistrust and growing tensions.",article,nyt://article/ee5b664b-6aa1-5360-a4a4-5aaab70b7c5b,"[{'name': 'Subject', 'value': 'International Relations', 'rank': 1}, {'name': 'Subject', 'value': 'United States International Relations', 'rank': 2}, {'name': 'Subject', 'value': 'Espionage and Intelligence Services', 'rank': 3}, {'name': 'Organization', 'value': 'Asia Society', 'rank': 4}, {'name': 'Organization', 'value': 'Brookings Institution', 'rank': 5}, {'name': 'Organization', 'value': 'Fudan University', 'rank': 6}, {'name': 'Organization', 'value': 'State Department', 'rank': 7}, {'name': 'Person', 'value': 'Blinken, Antony J', 'rank': 8}, {'name': 'Person', 'value': 'Liu He (1952- )', 'rank': 9}, {'name': 'Person', 'value': 'Wang Yi', 'rank': 10}, {'name': 'Person', 'value': 'Qin Gang (1966- )', 'rank': 11}, {'name': 'Location', 'value': 'China', 'rank': 12}, {'name': 'Location', 'value': 'Montana', 'rank': 13}]",Foreign,,,2023-02-04 07:04:49+00:00,World,"Recent efforts by Beijing to mend ties with Washington were showing progress, but the balloon’s appearance over the United States illustrates lingering mistrust and growing tensions.",The New York Times,Asia Pacific,News,nyt://article/ee5b664b-6aa1-5360-a4a4-5aaab70b7c5b,https://www.nytimes.com/2023/02/04/world/asia/balloon-china-united-states.html,1152,By David Pierson,Balloon Incident Highlights Fragile State of U.S.-China Relationship,,,"Secretary of State Antony J. Blinken, right, in July with China’s foreign minister at the time, Wang Yi, in Bali, Indonesia.",Pool photo by Stefani Reynolds,https://static01.nyt.com/images/2023/02/04/multimedia/04china-balloon-01-blzp/04china-balloon-01-blzp-articleLarge.jpg,400,600,https://static01.nyt.com/images/2023/02/04/multimedia/04china-balloon-01-blzp/04china-balloon-01-blzp-thumbStandard.jpg,75,75,Balloon Incident Highlights Fragile State of U.S.-China Relationship,"Balloon Incident Highlights Fragile State of U.S.-China Relationship Recent efforts by Beijing to mend ties with Washington were showing progress, but the balloon’s appearance over the United States illustrates lingering mistrust and growing tensions. Recent efforts by Beijing to mend ties with Washington were showing progress, but the balloon’s appearance over the United States illustrates lingering mistrust and growing tensions."
,article,nyt://article/aed24107-91e7-5c45-bc53-05ed62bd47e5,[],Washington,,,2023-01-24 20:58:31+00:00,World,,The New York Times,Europe,Live Blog Post,nyt://article/aed24107-91e7-5c45-bc53-05ed62bd47e5,https://www.nytimes.com/live/2023/01/24/world/russia-ukraine-news/state-department-says-corruption-cases-in-ukraine-do-not-appear-to-involve-us-aid,341,By Michael Crowley,The State Department says corruption cases in Ukraine don’t appear to involve U.S. aid.,,,"Equipment and defensive munitions provided by the United States at an airport in Boryspil, Ukraine, last January.",Brendan Hoffman for The New York Times,https://static01.nyt.com/images/2023/01/24/multimedia/24ukraine-briefing-corruption-us-zpqf/24ukraine-briefing-corruption-us-zpqf-articleLarge.jpg,400,600,https://static01.nyt.com/images/2023/01/24/multimedia/24ukraine-briefing-corruption-us-zpqf/24ukraine-briefing-corruption-us-zpqf-thumbStandard.jpg,75,75,The State Department says corruption cases in Ukraine don’t appear to involve U.S. aid.,The State Department says corruption cases in Ukraine don’t appear to involve U.S. aid.
,article,nyt://article/ef997541-7458-5fc8-b5d5-80258b8fb5b4,[],Foreign,,,2023-01-19 10:00:18+00:00,World,,The New York Times,Europe,Live Blog Post,nyt://article/ef997541-7458-5fc8-b5d5-80258b8fb5b4,https://www.nytimes.com/live/2023/01/19/world/russia-ukraine-news/ukraine-urges-the-uns-atomic-watchdog-to-impose-sanctions-on-russias-state-nuclear-firm,440,By Matthew Mpoke Bigg,Ukraine urges the U.N.’s atomic watchdog to impose sanctions on Russia’s state nuclear firm.,,,"Rafael Mariano Grossi, the director of the International Atomic Energy Agency, right, at a nuclear power plant near the city of Yuzhnoukrainsk, Ukraine, on Monday.",Nacho Doce/Reuters,https://static01.nyt.com/images/2023/01/18/multimedia/18ukraine-briefing-nuclear-kjfz/18ukraine-briefing-nuclear-kjfz-articleLarge.jpg,399,600,https://static01.nyt.com/images/2023/01/18/multimedia/18ukraine-briefing-nuclear-kjfz/18ukraine-briefing-nuclear-kjfz-thumbStandard.jpg,75,75,Ukraine urges the U.N.’s atomic watchdog to impose sanctions on Russia’s state nuclear firm.,Ukraine urges the U.N.’s atomic watchdog to impose sanctions on Russia’s state nuclear firm.
"The department will use the Turkish-language spelling in “most formal, diplomatic, and bilateral contexts” after a request from the country’s embassy, a spokesman said.",article,nyt://article/b9bfa528-3985-5154-93d0-f6a8a2c66720,"[{'name': 'Location', 'value': 'Turkey', 'rank': 1}, {'name': 'Organization', 'value': 'State Department', 'rank': 2}, {'name': 'Subject', 'value': 'International Relations', 'rank': 3}, {'name': 'Person', 'value': 'Erdogan, Recep Tayyip', 'rank': 4}, {'name': 'Subject', 'value': 'Names, Geographical', 'rank': 5}, {'name': 'Subject', 'value': 'Spelling', 'rank': 6}, {'name': 'Subject', 'value': 'Language and Languages', 'rank': 7}, {'name': 'Subject', 'value': 'United States International Relations', 'rank': 8}]",Express,,,2023-01-05 21:42:50+00:00,World,"The department will use the Turkish-language spelling in “most formal, diplomatic, and bilateral contexts” after a request from the country’s embassy, a spokesman said.",The New York Times,Middle East,News,nyt://article/b9bfa528-3985-5154-93d0-f6a8a2c66720,https://www.nytimes.com/2023/01/05/world/middleeast/turkey-spelling-change.html,428,By Christine Chung,"For the State Department, Now It’s Türkiye, Not Turkey",,,President Recep Tayyip Erdogan of Turkey has publicly opposed the use of the Anglicized spelling for his country and has pushed for the rest of the world to use its Turkish-language name.,"Murat Kula/Anadolu Agency, via Getty Images",https://static01.nyt.com/images/2023/01/05/multimedia/05xp-Turkiye/05xp-Turkiye-articleLarge.jpg,400,600,https://static01.nyt.com/images/2023/01/05/multimedia/05xp-Turkiye/05xp-Turkiye-thumbStandard.jpg,75,75,"For the State Department, Now It’s Türkiye, Not Turkey","For the State Department, Now It’s Türkiye, Not Turkey The department will use the Turkish-language spelling in “most formal, diplomatic, and bilateral contexts” after a request from the country’s embassy, a spokesman said. The department will use the Turkish-language spelling in “most formal, diplomatic, and bilateral contexts” after a request from the country’s embassy, a spokesman said."
"Yevgeny Prigozhin, the head of the Wagner paramilitary group, is seen in a video congratulating men for completing their military contracts.",article,nyt://article/b58d6d60-8f7d-54ee-936f-286acfe2d129,"[{'name': 'Person', 'value': 'Prigozhin, Yevgeny V', 'rank': 1}, {'name': 'Organization', 'value': 'Wagner Group', 'rank': 2}, {'name': 'Subject', 'value': 'Russian Invasion of Ukraine (2022)', 'rank': 3}, {'name': 'Subject', 'value': 'Mercenaries and Private Military Contractors', 'rank': 4}, {'name': 'Location', 'value': 'Russia', 'rank': 5}, {'name': 'Subject', 'value': 'War and Armed Conflicts', 'rank': 6}]",Foreign,,,2023-01-05 14:05:14+00:00,World,"Yevgeny Prigozhin, the head of the Wagner paramilitary group, is seen in a video congratulating men for completing their military contracts.",The New York Times,Europe,News,nyt://article/b58d6d60-8f7d-54ee-936f-286acfe2d129,https://www.nytimes.com/2023/01/05/world/europe/russia-pardon-prisoners-ukraine-wagner.html,498,By Anatoly Kurmanaev and Alina Lobzina,"Russia issues the first pardons to prisoners who fought in Ukraine, state media reports.",,,"A pro-military poster near the Wagner Group’s headquarters in St. Petersburg, Russia, in November.",Olga Maltseva/Agence France-Presse — Getty Images,https://static01.nyt.com/images/2023/01/05/multimedia/05ukraine-briefing-wagner-1-7507/05ukraine-briefing-wagner-1-7507-articleLarge.jpg,399,600,https://static01.nyt.com/images/2023/01/05/multimedia/05ukraine-briefing-wagner-1-7507/05ukraine-briefing-wagner-1-7507-thumbStandard.jpg,75,75,"Russia issues the first pardons to prisoners who fought in Ukraine, state media reports.","Russia issues the first pardons to prisoners who fought in Ukraine, state media reports. Yevgeny Prigozhin, the head of the Wagner paramilitary group, is seen in a video congratulating men for completing their military contracts. Yevgeny Prigozhin, the head of the Wagner paramilitary group, is seen in a video congratulating men for completing their military contracts."
