abstract,document_type,_id,keywords,news_desk,print_page,print_section,pub_date,section_name,snippet,source,subsection_name,type_of_material,uri,web_url,word_count,byline.original,headline.main,headline.kicker,headline.print_headline,multimedia.caption,multimedia.credit,multimedia.default.url,multimedia.default.height,multimedia.default.width,multimedia.thumbnail.url,multimedia.thumbnail.height,multimedia.thumbnail.width,headline,text
"President Trump said the targets of airstrikes in Nigeria were Islamic State terrorists responsible for killing Christians, but experts question his framing.",article,nyt://article/12e56ed3-8764-5535-a763-27e2845440c9,"[{'name': 'Subject', 'value': 'US Strikes on ISIS in Nigeria (2025- )', 'rank': 1}, {'name': 'Location', 'value': 'Nigeria', 'rank': 2}, {'name': 'Person', 'value': 'Trump, Donald J', 'rank': 3}, {'name': 'Location', 'value': 'Africa', 'rank': 4}, {'name': 'Subject', 'value': 'Christians and Christianity', 'rank': 5}, {'name': 'Person', 'value': 'Tinubu, Bola Ahmed', 'rank': 6}, {'name': 'Organization', 'value': 'Islamic State in Iraq and Syria (ISIS)', 'rank': 7}, {'name': 'Subject', 'value': 'United States International Relations', 'rank': 8}, {'name': 'Subject', 'value': 'Defense and Military Forces', 'rank': 9}, {'name': 'Subject', 'value': 'Muslims and Islam', 'rank': 10}]",Foreign,,,2025-12-26 16:08:54+00:00,World,"President Trump said the targets of airstrikes in Nigeria were Islamic State terrorists responsible for killing Christians, but experts question his framing.",The New York Times,Africa,News,nyt://article/12e56ed3-8764-5535-a763-27e2845440c9,https://www.nytimes.com/2025/12/26/world/africa/trump-isis-strikes-nigeria-christians-facts.html,1176,"By Ruth Maclean, Saikou Jammeh, Ismail Auwal and Eric Schmitt",Trump’s Claims About Nigeria Strike Belie a Complex Situation on the Ground,,,"President Trump at Mar-a-Lago in Palm Beach, Fla., on Monday. He said that the targets of Thursday’s strike on Sokoto State in Nigeria were members of the Islamic State.",Eric Lee for The New York Times,https://static01.nyt.com/images/2025/12/26/multimedia/26int-nigeria-assess-qcph/26int-nigeria-assess-qcph-articleLarge.jpg,400,600,https://static01.nyt.com/images/2025/12/26/multimedia/26int-nigeria-assess-qcph/26int-nigeria-assess-qcph-thumbStandard.jpg,75,75,Trump’s Claims About Nigeria Strike Belie a Complex Situation on the Ground,"Trump’s Claims About Nigeria Strike Belie a Complex Situation on the Ground President Trump said the targets of airstrikes in Nigeria were Islamic State terrorists responsible for killing Christians, but experts question his framing. President Trump said the targets of airstrikes in Nigeria were Islamic State terrorists responsible for killing Christians, but experts question his framing."
"After officials called the presidential race for Nasry Asfura, his rival, Salvador Nasralla, disputed the result and expressed ire over the U.S. role.",article,nyt://article/2f77ecdd-eed8-5f7c-b546-a1fa926e4bb3,"[{'name': 'Location', 'value': 'Honduras', 'rank': 1}, {'name': 'Subject', 'value': 'Elections', 'rank': 2}, {'name': 'Person', 'value': 'Asfura, Nasry', 'rank': 3}, {'name': 'Person', 'value': 'Nasralla, Salvador', 'rank': 4}, {'name': 'Subject', 'value': 'United States International Relations', 'rank': 5}, {'name': 'Subject', 'value': 'Politics and Government', 'rank': 6}, {'name': 'Organization', 'value': 'Organization of American States', 'rank': 7}, {'name': 'Person', 'value': 'Rubio, Marco', 'rank': 8}, {'name': 'Person', 'value': 'Trump, Donald J', 'rank': 9}]",Foreign,8,A,2025-12-25 17:40:20+00:00,World,"After officials called the presidential race for Nasry Asfura, his rival, Salvador Nasralla, disputed the result and expressed ire over the U.S. role.",The New York Times,Americas,News,nyt://article/2f77ecdd-eed8-5f7c-b546-a1fa926e4bb3,https://www.nytimes.com/2025/12/25/world/americas/honduras-election-dispute.html,840,"By Jack Nicas, Emiliano Rodríguez Mega and Jeff Ernst",Honduran Candidate Claims Fraud After Trump-Backed Opponent Is Declared Victor,,"In Honduras, Election of Trump Ally Is in Dispute","Nasry Asfura in Tegucigalpa, Honduras, last month.",Orlando Sierra/Agence France-Presse — Getty Images,https://static01.nyt.com/images/2025/12/25/multimedia/25int-honduras-election-cqmk/25int-honduras-election-cqmk-articleLarge.jpg,403,600,https://static01.nyt.com/images/2025/12/25/multimedia/25int-honduras-election-cqmk/25int-honduras-election-cqmk-thumbStandard.jpg,75,75,Honduran Candidate Claims Fraud After Trump-Backed Opponent Is Declared Victor,"Honduran Candidate Claims Fraud After Trump-Backed Opponent Is Declared Victor After officials called the presidential race for Nasry Asfura, his rival, Salvador Nasralla, disputed the result and expressed ire over the U.S. role. After officials called the presidential race for Nasry Asfura, his rival, Salvador Nasralla, disputed the result and expressed ire over the U.S. role."
"President Trump said the United States wanted to reclaim expropriated oil assets, setting off a nationalist reaction in a country where the resource holds a mythical status.",article,nyt://article/578bdf31-c73b-5371-bdb8-21177a03c47d,"[{'name': 'Subject', 'value': 'United States International Relations', 'rank': 1}, {'name': 'Subject', 'value': 'Nationalization of Industry', 'rank': 2}, {'name': 'Subject', 'value': 'Oil (Petroleum) and Gasoline', 'rank': 3}, {'name': 'Organization', 'value': 'Chevron Corporation', 'rank': 4}, {'name': 'Organization', 'value': 'Exxon Mobil Corp', 'rank': 5}, {'name': 'Organization', 'value': 'ConocoPhillips', 'rank': 6}, {'name': 'Organization', 'value': 'Petroleos de Venezuela SA', 'rank': 7}, {'name': 'Organization', 'value': 'Organization of the Petroleum Exporting Countries', 'rank': 8}, {'name': 'Location', 'value': 'United States', 'rank': 9}, {'name': 'Location', 'value': 'Venezuela', 'rank': 10}]",Foreign,1,A,2025-12-17 23:25:29+00:00,World,"President Trump said the United States wanted to reclaim expropriated oil assets, setting off a nationalist reaction in a country where the resource holds a mythical status.",The New York Times,Americas,News,nyt://article/578bdf31-c73b-5371-bdb8-21177a03c47d,https://www.nytimes.com/2025/12/17/world/americas/trump-venezuela-oil-fields-stolen-claims.html,878,By Simon Romero,Trump’s Claim That Venezuela ‘Stole’ U.S. Oil Fields Touches Nationalist Nerve,news analysis,Claim of Stolen Oil Hits Nerve in Venezuela,"Derricks in the Maracaibo oil fields of Venezuela in the early 20th century. American oil companies invested millions of dollars in the region, generating profits that flowed to the United States, rather than Venezuela. ",Getty Images,https://static01.nyt.com/images/2025/12/17/multimedia/17int-venezuela-oil-history-vhbg/17int-venezuela-oil-history-vhbg-articleLarge.jpg,400,600,https://static01.nyt.com/images/2025/12/17/multimedia/17int-venezuela-oil-history-vhbg/17int-venezuela-oil-history-vhbg-thumbStandard.jpg,75,75,Trump’s Claim That Venezuela ‘Stole’ U.S. Oil Fields Touches Nationalist Nerve,"Trump’s Claim That Venezuela ‘Stole’ U.S. Oil Fields Touches Nationalist Nerve President Trump said the United States wanted to reclaim expropriated oil assets, setting off a nationalist reaction in a country where the resource holds a mythical status. President Trump said the United States wanted to reclaim expropriated oil assets, setting off a nationalist reaction in a country where the resource holds a mythical status."
"The conflict appeared to have continued unabated on Saturday morning, a day after President Trump said a cease-fire was supposed to have resumed.",article,nyt://article/79ba3ebb-34b3-5dd1-8caf-d1950c4e988d,"[{'name': 'Subject', 'value': 'War and Armed Conflicts', 'rank': 1}, {'name': 'Location', 'value': 'Thailand', 'rank': 2}, {'name': 'Location', 'value': 'Cambodia', 'rank': 3}, {'name': 'Subject', 'value': 'International Relations', 'rank': 4}, {'name': 'Person', 'value': 'Anutin Charnvirakul (1966- )', 'rank': 5}, {'name': 'Person', 'value': 'Hun Manet (1977- )', 'rank': 6}, {'name': 'Person', 'value': 'Trump, Donald J', 'rank': 7}, {'name': 'Subject', 'value': 'Civilian Casualties', 'rank': 8}, {'name': 'Subject', 'value': 'Territorial Disputes', 'rank': 9}, {'name': 'Subject', 'value': 'Defense and Military Forces', 'rank': 10}, {'name': 'Subject', 'value': 'United States International Relations', 'rank': 11}, {'name': 'Person', 'value': 'Ibrahim, Anwar', 'rank': 12}]",Foreign,,,2025-12-13 07:20:45+00:00,World,"The conflict appeared to have continued unabated on Saturday morning, a day after President Trump said a cease-fire was supposed to have resumed.",The New York Times,Asia Pacific,News,nyt://article/79ba3ebb-34b3-5dd1-8caf-d1950c4e988d,https://www.nytimes.com/2025/12/13/world/asia/thailand-cambodia-trump-ceasefire.html,813,By Sui-Lee Wee and Sun Narin,Thailand Rejects Trump’s Claim That It Reached a Cease-Fire With Cambodia,,,A damaged bridge in Cambodia’s Pursat Province on Saturday.,Agence France-Presse — Getty Images,https://static01.nyt.com/images/2025/12/13/multimedia/13int-thailand-cambodia-pwqf/13int-thailand-cambodia-pwqf-articleLarge.jpg,400,600,https://static01.nyt.com/images/2025/12/13/multimedia/13int-thailand-cambodia-pwqf/13int-thailand-cambodia-pwqf-thumbStandard.jpg,75,75,Thailand Rejects Trump’s Claim That It Reached a Cease-Fire With Cambodia,"Thailand Rejects Trump’s Claim That It Reached a Cease-Fire With Cambodia The conflict appeared to have continued unabated on Saturday morning, a day after President Trump said a cease-fire was supposed to have resumed. The conflict appeared to have continued unabated on Saturday morning, a day after President Trump said a cease-fire was supposed to have resumed."
"Looking to shake off Moscow’s cultural influences, Kyiv has been seeking to highlight the Ukrainian roots of Kazimir Malevich, a renowned avant-garde painter.",article,nyt://article/de5c424a-ba2a-518d-b92c-ee9064665355,"[{'name': 'Subject', 'value': 'Russian Invasion of Ukraine (2022)', 'rank': 1}, {'name': 'Subject', 'value': 'Destruction of Cultural Antiquities and Heritage', 'rank': 2}, {'name': 'Subject', 'value': 'Culture (Arts)', 'rank': 3}, {'name': 'Subject', 'value': 'Art', 'rank': 4}, {'name': 'Subject', 'value': 'Museums', 'rank': 5}, {'name': 'Person', 'value': 'Malevich, Kasimir', 'rank': 6}, {'name': 'Location', 'value': 'Ukraine', 'rank': 7}, {'name': 'Location', 'value': 'Russia', 'rank': 8}]",Foreign,4,A,2025-12-09 10:24:52+00:00,World,"Looking to shake off Moscow’s cultural influences, Kyiv has been seeking to highlight the Ukrainian roots of Kazimir Malevich, a renowned avant-garde painter.",The New York Times,Europe,News,nyt://article/de5c424a-ba2a-518d-b92c-ee9064665355,https://www.nytimes.com/2025/12/09/world/europe/ukraine-malevich-artist.html,1339,By Constant Méheut,Another Front in the War in Ukraine: Who Gets to Claim a Famed Artist?,,Ukraine Mobilizes to Reclaim the Legacy of a Pioneering Artist,"A train car dedicated to Kazimir Malevich in Kyiv, Ukraine, in October.",Oksana Parafeniuk for The New York Times,https://static01.nyt.com/images/2025/11/18/multimedia/00int-ukraine-malevich-01-vpgc/00int-ukraine-malevich-01-vpgc-articleLarge.jpg,400,600,https://static01.nyt.com/images/2025/11/18/multimedia/00int-ukraine-malevich-01-vpgc/00int-ukraine-malevich-01-vpgc-thumbStandard.jpg,75,75,Another Front in the War in Ukraine: Who Gets to Claim a Famed Artist?,"Another Front in the War in Ukraine: Who Gets to Claim a Famed Artist? Looking to shake off Moscow’s cultural influences, Kyiv has been seeking to highlight the Ukrainian roots of Kazimir Malevich, a renowned avant-garde painter. Looking to shake off Moscow’s cultural influences, Kyiv has been seeking to highlight the Ukrainian roots of Kazimir Malevich, a renowned avant-garde painter."
The opposition has accused the president of putting a general in charge of the government so that he could stay in power and lead by proxy.,article,nyt://article/239ed6b9-e8cf-5d6e-a5e5-8f84b08032f3,"[{'name': 'Subject', 'value': ""Coups D'Etat and Attempted Coups D'Etat"", 'rank': 2}, {'name': 'Subject', 'value': 'Politics and Government', 'rank': 3}, {'name': 'Subject', 'value': 'Demonstrations, Protests and Riots', 'rank': 4}, {'name': 'Subject', 'value': 'Defense and Military Forces', 'rank': 5}, {'name': 'Subject', 'value': 'Elections', 'rank': 6}, {'name': 'Location', 'value': 'Guinea-Bissau', 'rank': 7}, {'name': 'Person', 'value': 'Embalo, Umaro Sissoco', 'rank': 8}, {'name': 'Person', 'value': 'Dias, Fernando (1978- )', 'rank': 9}, {'name': 'Person', 'value': 'Inta-a, Horta', 'rank': 10}]",Foreign,7,A,2025-11-27 17:35:17+00:00,World,The opposition has accused the president of putting a general in charge of the government so that he could stay in power and lead by proxy.,The New York Times,Africa,News,nyt://article/239ed6b9-e8cf-5d6e-a5e5-8f84b08032f3,https://www.nytimes.com/2025/11/27/world/africa/guinea-bissau-coup.html,702,By Saikou Jammeh and Ruth Maclean,Guinea-Bissau Installs Military Ruler After Claims of a ‘Fabricated’ Coup,,Military Leader Installed After Guinea-Bissau Coup,General Horta Inta-a during his swearing-in ceremony as the transitional leader of Guinea-Bissau.,Patrick Meinhardt/Agence France-Presse — Getty Images,https://static01.nyt.com/images/2025/11/27/multimedia/27int-guinea-bissau-coup-wfvh/27int-guinea-bissau-coup-wfvh-articleLarge.jpg,400,600,https://static01.nyt.com/images/2025/11/27/multimedia/27int-guinea-bissau-coup-wfvh/27int-guinea-bissau-coup-wfvh-thumbStandard.jpg,75,75,Guinea-Bissau Installs Military Ruler After Claims of a ‘Fabricated’ Coup,Guinea-Bissau Installs Military Ruler After Claims of a ‘Fabricated’ Coup The opposition has accused the president of putting a general in charge of the government so that he could stay in power and lead by proxy. The opposition has accused the president of putting a general in charge of the government so that he could stay in power and lead by proxy.
Opposition leader Maria Corina Machado faces criticism that she is exaggerating threats posed by Venezuela’s leader to justify U.S. force to overthrow him.,article,nyt://article/25070db0-eb56-57fd-8339-62acb4b6a459,"[{'name': 'Subject', 'value': 'United States International Relations', 'rank': 1}, {'name': 'Subject', 'value': 'Politics and Government', 'rank': 2}, {'name': 'Subject', 'value': 'Smuggling', 'rank': 3}, {'name': 'Subject', 'value': 'Drug Cartels', 'rank': 4}, {'name': 'Subject', 'value': 'Elections', 'rank': 5}, {'name': 'Subject', 'value': 'Rumors and Misinformation', 'rank': 6}, {'name': 'Organization', 'value': 'Cartel de Los Soles', 'rank': 7}, {'name': 'Organization', 'value': 'Tren de Aragua (Gang)', 'rank': 8}, {'name': 'Person', 'value': 'Capriles Radonski, Henrique', 'rank': 9}, {'name': 'Person', 'value': 'Machado, Maria Corina', 'rank': 10}, {'name': 'Person', 'value': 'Maduro, Nicolas', 'rank': 11}, {'name': 'Person', 'value': 'Trump, Donald J', 'rank': 12}, {'name': 'Location', 'value': 'United States', 'rank': 13}, {'name': 'Location', 'value': 'Venezuela', 'rank': 14}]",Foreign,6,A,2025-11-26 10:02:01+00:00,World,Opposition leader Maria Corina Machado faces criticism that she is exaggerating threats posed by Venezuela’s leader to justify U.S. force to overthrow him.,The New York Times,Americas,News,nyt://article/25070db0-eb56-57fd-8339-62acb4b6a459,https://www.nytimes.com/2025/11/26/world/americas/maria-machado-maduro-venezuela.html,1476,By Simon Romero,"Venezuela’s Nobel Winner Pushes False Claims About Maduro, Critics Say",,Questions Are Raised as Maduro’s Foes Contend He Runs Drug Cartels,Maria Corina Machado has argued that Nicolás Maduro simultaneously heads two different drug trafficking organizations that threaten U.S. national security. ,Adriana Loureiro Fernandez for The New York Times,https://static01.nyt.com/images/2025/11/20/multimedia/00int-venezuela-opposition-ftzc/00int-venezuela-opposition-ftzc-articleLarge.jpg,400,600,https://static01.nyt.com/images/2025/11/20/multimedia/00int-venezuela-opposition-ftzc/00int-venezuela-opposition-ftzc-thumbStandard.jpg,75,75,"Venezuela’s Nobel Winner Pushes False Claims About Maduro, Critics Say","Venezuela’s Nobel Winner Pushes False Claims About Maduro, Critics Say Opposition leader Maria Corina Machado faces criticism that she is exaggerating threats posed by Venezuela’s leader to justify U.S. force to overthrow him. Opposition leader Maria Corina Machado faces criticism that she is exaggerating threats posed by Venezuela’s leader to justify U.S. force to overthrow him."
Officials have accused the United States of foreign interference and called on Washington to support the country’s democracy instead of fomenting division.,article,nyt://article/fcd6d314-d9c1-547c-b638-9f642fe621ef,"[{'name': 'Person', 'value': 'Trump, Donald J', 'rank': 1}, {'name': 'Location', 'value': 'Africa', 'rank': 2}, {'name': 'Location', 'value': 'Nigeria', 'rank': 3}, {'name': 'Subject', 'value': 'United States Politics and Government', 'rank': 4}, {'name': 'Subject', 'value': 'Politics and Government', 'rank': 5}, {'name': 'Subject', 'value': 'Christians and Christianity', 'rank': 6}, {'name': 'Subject', 'value': 'Terrorism', 'rank': 7}, {'name': 'Subject', 'value': 'International Relations', 'rank': 8}, {'name': 'Subject', 'value': 'United States International Relations', 'rank': 9}, {'name': 'Subject', 'value': 'War Crimes, Genocide and Crimes Against Humanity', 'rank': 10}, {'name': 'Subject', 'value': 'Religion and Belief', 'rank': 11}, {'name': 'Subject', 'value': 'United States Defense and Military Forces', 'rank': 12}, {'name': 'Subject', 'value': 'Refugees and Displaced Persons', 'rank': 13}]",Foreign,8,A,2025-11-04 19:36:44+00:00,World,Officials have accused the United States of foreign interference and called on Washington to support the country’s democracy instead of fomenting division.,The New York Times,Africa,News,nyt://article/fcd6d314-d9c1-547c-b638-9f642fe621ef,https://www.nytimes.com/2025/11/04/world/africa/nigeria-rejects-trump-christian-killings.html,1418,"By Ruth Maclean, Saikou Jammeh and Ismail Auwal","Nigeria, in Trump’s Cross Hairs, Rejects Christian Genocide Claims",,"Nigeria, Battered by Insurgents, Rejects Christian Massacre Claims","Honoring late Pope Francis at the Holy Cross Cathedral Church in Lagos Nigeria, in April.",Sunday Alamba/Associated Press,https://static01.nyt.com/images/2025/11/04/multimedia/04int-nigeria-trump-christianity-1-bvmg/04int-nigeria-trump-christianity-1-bvmg-articleLarge.jpg,400,600,https://static01.nyt.com/images/2025/11/04/multimedia/04int-nigeria-trump-christianity-1-bvmg/04int-nigeria-trump-christianity-1-bvmg-thumbStandard.jpg,75,75,"Nigeria, in Trump’s Cross Hairs, Rejects Christian Genocide Claims","Nigeria, in Trump’s Cross Hairs, Rejects Christian Genocide Claims Officials have accused the United States of foreign interference and called on Washington to support the country’s democracy instead of fomenting division. Officials have accused the United States of foreign interference and called on Washington to support the country’s democracy instead of fomenting division."
The U.N.’s human rights chief condemned deadly military attacks on vessels near South and Central America and called for an independent investigation.,article,nyt://article/c7c63488-08a9-5ec4-a355-8ada94eac5db,"[{'name': 'Organization', 'value': 'United Nations', 'rank': 1}, {'name': 'Person', 'value': 'Turk, Volker', 'rank': 2}, {'name': 'Subject', 'value': 'Human Rights and Human Rights Violations', 'rank': 3}, {'name': 'Person', 'value': 'Trump, Donald J', 'rank': 4}, {'name': 'Subject', 'value': 'Drug Abuse and Traffic', 'rank': 5}, {'name': 'Organization', 'value': 'Defense Department', 'rank': 6}, {'name': 'Subject', 'value': 'Presidential Power (US)', 'rank': 7}, {'name': 'Subject', 'value': 'Smuggling', 'rank': 8}, {'name': 'Subject', 'value': 'United States Defense and Military Forces', 'rank': 9}, {'name': 'Subject', 'value': 'Drug Cartels', 'rank': 10}, {'name': 'Subject', 'value': 'Targeted Killings', 'rank': 11}]",Foreign,,,2025-10-31 14:11:01+00:00,World,The U.N.’s human rights chief condemned deadly military attacks on vessels near South and Central America and called for an independent investigation.,The New York Times,Americas,News,nyt://article/c7c63488-08a9-5ec4-a355-8ada94eac5db,https://www.nytimes.com/2025/10/31/world/americas/un-us-military-boat-strikes.html,353,By Nick Cumming-Bruce,U.N. Says Strikes on Boats Trump Claims Are Smuggling Drugs Are Illegal,,,"The U.N.’s human right chief, Volker Türk, said the attacks were “unacceptable” and must stop.",Fabrice Coffrini/Agence France-Presse — Getty Images,https://static01.nyt.com/images/2025/10/31/world/31un-trump-caribbean-strikes-001/31un-trump-caribbean-strikes-001-articleLarge.jpg,400,600,https://static01.nyt.com/images/2025/10/31/world/31un-trump-caribbean-strikes-001/31un-trump-caribbean-strikes-001-thumbStandard-v2.jpg,75,75,U.N. Says Strikes on Boats Trump Claims Are Smuggling Drugs Are Illegal,U.N. Says Strikes on Boats Trump Claims Are Smuggling Drugs Are Illegal The U.N.’s human rights chief condemned deadly military attacks on vessels near South and Central America and called for an independent investigation. The U.N.’s human rights chief condemned deadly military attacks on vessels near South and Central America and called for an independent investigation.
"By withholding soybean purchases and rare-earth exports, China extracted relief from U.S. tariffs and delayed export controls, without conceding much in return.",article,nyt://article/610ceac2-0a0d-553f-a207-c766b6337b13,"[{'name': 'Subject', 'value': 'United States International Relations', 'rank': 1}, {'name': 'Subject', 'value': 'International Trade and World Market', 'rank': 2}, {'name': 'Subject', 'value': 'Customs (Tariff)', 'rank': 3}, {'name': 'Subject', 'value': 'International Relations', 'rank': 4}, {'name': 'Organization', 'value': 'Ministry of Commerce (China)', 'rank': 5}, {'name': 'Organization', 'value': 'State Department', 'rank': 6}, {'name': 'Person', 'value': 'Trump, Donald J', 'rank': 7}, {'name': 'Person', 'value': 'Xi Jinping', 'rank': 8}, {'name': 'Location', 'value': 'China', 'rank': 9}, {'name': 'Location', 'value': 'United States', 'rank': 10}, {'name': 'Location', 'value': 'South Korea', 'rank': 11}, {'name': 'Subject', 'value': 'Rare Earths', 'rank': 13}, {'name': 'Subject', 'value': 'Soybeans', 'rank': 14}]",Foreign,1,A,2025-10-30 10:00:06+00:00,World,"By withholding soybean purchases and rare-earth exports, China extracted relief from U.S. tariffs and delayed export controls, without conceding much in return.",The New York Times,Asia Pacific,News,nyt://article/610ceac2-0a0d-553f-a207-c766b6337b13,https://www.nytimes.com/2025/10/30/world/asia/china-trump-xi-trade.html,1236,By Lily Kuo and David Pierson,"The Art of Letting Trump Claim a Win, While Walking Away Stronger",News Analysis,China’s Win:  Allowing U.S.  To Claim One,"President Trump and China’s leader, Xi Jinping, after talks on Thursday ended. Mr. Xi said to Mr. Trump that both sides should avoid falling into a “vicious cycle of mutual retaliation.”",Haiyun Jiang/The New York Times,https://static01.nyt.com/images/2025/10/30/multimedia/30int-xi-trump-analysis-bfvw/30int-xi-trump-analysis-bfvw-articleLarge.jpg,400,600,https://static01.nyt.com/images/2025/10/30/multimedia/30int-xi-trump-analysis-bfvw/30int-xi-trump-analysis-bfvw-thumbStandard.jpg,75,75,"The Art of Letting Trump Claim a Win, While Walking Away Stronger","The Art of Letting Trump Claim a Win, While Walking Away Stronger By withholding soybean purchases and rare-earth exports, China extracted relief from U.S. tariffs and delayed export controls, without conceding much in return. By withholding soybean purchases and rare-earth exports, China extracted relief from U.S. tariffs and delayed export controls, without conceding much in return."
"The Rapid Support Forces said it had seized the army headquarters in El Fasher, its last major obstacle to controlling the sprawling western region of Sudan.",article,nyt://article/601658fc-1016-57fb-8578-a21431ed034c,"[{'name': 'Subject', 'value': 'War and Armed Conflicts', 'rank': 1}, {'name': 'Subject', 'value': 'Civilian Casualties', 'rank': 2}, {'name': 'Subject', 'value': 'Defense and Military Forces', 'rank': 3}, {'name': 'Subject', 'value': 'Famine', 'rank': 4}, {'name': 'Organization', 'value': 'Rapid Support Forces (Sudan)', 'rank': 5}, {'name': 'Location', 'value': 'El Fasher (Sudan)', 'rank': 6}, {'name': 'Location', 'value': 'Sudan', 'rank': 7}]",Foreign,10,A,2025-10-26 11:22:23+00:00,World,"The Rapid Support Forces said it had seized the army headquarters in El Fasher, its last major obstacle to controlling the sprawling western region of Sudan.",The New York Times,Africa,News,nyt://article/601658fc-1016-57fb-8578-a21431ed034c,https://www.nytimes.com/2025/10/26/world/africa/sudan-army-base.html,749,By Declan Walsh,Sudanese Paramilitaries Claim Control of Key Army Garrison in Darfur,,"In Sudan, R.S.F. Casts Military Out Of Key Post","Sudanese residents gathered in August to receive food in El Fasher, a city in Darfur that has been under a siege by the paramilitary Rapid Support Forces.",Agence France-Presse — Getty Images,https://static01.nyt.com/images/2025/10/26/world/26int-sudan-apol/26int-sudan-apol-articleLarge.jpg,400,600,https://static01.nyt.com/images/2025/10/26/world/26int-sudan-apol/26int-sudan-apol-thumbStandard.jpg,75,75,Sudanese Paramilitaries Claim Control of Key Army Garrison in Darfur,"Sudanese Paramilitaries Claim Control of Key Army Garrison in Darfur The Rapid Support Forces said it had seized the army headquarters in El Fasher, its last major obstacle to controlling the sprawling western region of Sudan. The Rapid Support Forces said it had seized the army headquarters in El Fasher, its last major obstacle to controlling the sprawling western region of Sudan."
"Andrew Tate, an online influencer, and his brother Tristan, have been in a legal battle with a woman who accused them of harassing her after she gave testimony in Romania.",article,nyt://article/3dbfcd69-0c4b-50ea-870a-63a059d521af,"[{'name': 'Subject', 'value': 'Human Trafficking', 'rank': 1}, {'name': 'Subject', 'value': 'Sex Crimes', 'rank': 2}, {'name': 'Person', 'value': 'Tate, Andrew (1986- )', 'rank': 3}, {'name': 'Person', 'value': 'Tate, Tristan', 'rank': 4}, {'name': 'Location', 'value': 'Romania', 'rank': 5}, {'name': 'Location', 'value': 'Great Britain', 'rank': 6}, {'name': 'Subject', 'value': 'Suits and Litigation (Civil)', 'rank': 7}, {'name': 'Subject', 'value': 'Women and Girls', 'rank': 8}, {'name': 'Subject', 'value': 'Decisions and Verdicts', 'rank': 9}, {'name': 'Subject', 'value': 'Libel and Slander', 'rank': 10}]",Express,16,A,2025-10-25 18:22:32+00:00,World,"Andrew Tate, an online influencer, and his brother Tristan, have been in a legal battle with a woman who accused them of harassing her after she gave testimony in Romania.",The New York Times,Europe,News,nyt://article/3dbfcd69-0c4b-50ea-870a-63a059d521af,https://www.nytimes.com/2025/10/25/world/europe/andrew-tate-florida-charges.html,691,By Isabella Kwai and Adeel Hassan,Judge Dismisses Most Claims Against Tate Brothers in Florida Lawsuit,,Judge Tosses Most Claims In Lawsuit Against Tates,"Tristan Tate, left, and his brother Andrew Tate in Bucharest, Romania, this year. ",Andrei Pungovschi/Getty Images,https://static01.nyt.com/images/2025/10/25/arts/25xp-tate/25xp-tate-articleLarge.jpg,400,600,https://static01.nyt.com/images/2025/10/25/arts/25xp-tate/25xp-tate-thumbStandard.jpg,75,75,Judge Dismisses Most Claims Against Tate Brothers in Florida Lawsuit,"Judge Dismisses Most Claims Against Tate Brothers in Florida Lawsuit Andrew Tate, an online influencer, and his brother Tristan, have been in a legal battle with a woman who accused them of harassing her after she gave testimony in Romania. Andrew Tate, an online influencer, and his brother Tristan, have been in a legal battle with a woman who accused them of harassing her after she gave testimony in Romania."
"The government subtly rebuffed the president’s comments that it would stop buying Russian oil, as it tries to avoid a public fight and end a trade dispute with Washington.",article,nyt://article/c52536a4-a256-59ef-a48f-1b230e863cd4,"[{'name': 'Subject', 'value': 'International Relations', 'rank': 1}, {'name': 'Subject', 'value': 'United States International Relations', 'rank': 2}, {'name': 'Location', 'value': 'India', 'rank': 3}, {'name': 'Location', 'value': 'United States', 'rank': 4}, {'name': 'Subject', 'value': 'Oil (Petroleum) and Gasoline', 'rank': 5}, {'name': 'Subject', 'value': 'Customs (Tariff)', 'rank': 6}, {'name': 'Person', 'value': 'Modi, Narendra', 'rank': 7}, {'name': 'Person', 'value': 'Trump, Donald J', 'rank': 8}, {'name': 'Subject', 'value': 'Russian Invasion of Ukraine (2022)', 'rank': 9}, {'name': 'Subject', 'value': 'International Trade and World Market', 'rank': 10}]",Foreign,10,A,2025-10-16 12:00:18+00:00,World,"The government subtly rebuffed the president’s comments that it would stop buying Russian oil, as it tries to avoid a public fight and end a trade dispute with Washington.",The New York Times,Asia Pacific,News,nyt://article/c52536a4-a256-59ef-a48f-1b230e863cd4,https://www.nytimes.com/2025/10/16/world/asia/india-trump-russia-oil.html,829,By Mujib Mashal and Pragati K.B.,India Tiptoes Around Trump’s Latest Claims on Russian Oil Purchases,,India Subtly Rebuffs Claims on Russian Oil Purchases,President Trump and Prime Minister Narendra Modi of India at a joint news conference at the White House in February.,Eric Lee/The New York Times,https://static01.nyt.com/images/2025/10/16/multimedia/16INT-INDIA-TRUMP-OIL-01-qpbh/16INT-INDIA-TRUMP-OIL-01-qpbh-articleLarge.jpg,400,600,https://static01.nyt.com/images/2025/10/16/multimedia/16INT-INDIA-TRUMP-OIL-01-qpbh/16INT-INDIA-TRUMP-OIL-01-qpbh-thumbStandard-v2.jpg,75,75,India Tiptoes Around Trump’s Latest Claims on Russian Oil Purchases,"India Tiptoes Around Trump’s Latest Claims on Russian Oil Purchases The government subtly rebuffed the president’s comments that it would stop buying Russian oil, as it tries to avoid a public fight and end a trade dispute with Washington. The government subtly rebuffed the president’s comments that it would stop buying Russian oil, as it tries to avoid a public fight and end a trade dispute with Washington."
"Official results have not  been released, but Issa Tchiroma Bakary called on President Paul Biya, 92 years old, to concede.",article,nyt://article/a15afe81-8e45-5239-9092-665539aa1a06,"[{'name': 'Person', 'value': 'Biya, Paul', 'rank': 1}, {'name': 'Location', 'value': 'Cameroon', 'rank': 2}, {'name': 'Subject', 'value': 'Presidents and Presidency (US)', 'rank': 3}, {'name': 'Subject', 'value': 'Elections', 'rank': 4}, {'name': 'Subject', 'value': 'Voter Fraud (Election Fraud)', 'rank': 5}, {'name': 'Subject', 'value': 'Generation Z', 'rank': 6}]",Foreign,5,A,2025-10-12 04:01:06+00:00,World,"Official results have not  been released, but Issa Tchiroma Bakary called on President Paul Biya, 92 years old, to concede.",The New York Times,Africa,News,nyt://article/a15afe81-8e45-5239-9092-665539aa1a06,https://www.nytimes.com/2025/10/12/world/africa/cameroon-election-biya-president.html,822,By Saikou Jammeh and Ruth Maclean,Cameroon’s Opposition Candidate Claims Victory Over World’s Oldest President,,World’s Oldest President Tries to Extend His 42-Year Rule in Cameroon Election,"President Paul Biya of Cameroon at the only rally of his re-election campaign, on Oct. 7 in Maroua. He promised that if re-elected, he would reduce unemployment and poverty.",Robert Fimbaye/Agence France-Presse &mdash; Getty Images,https://static01.nyt.com/images/2025/10/11/multimedia/11int-cameroon-elections-wtk-1-fbwp/11int-cameroon-elections-wtk-1-fbwp-articleLarge.jpg,400,600,https://static01.nyt.com/images/2025/10/11/multimedia/11int-cameroon-elections-wtk-1-fbwp/11int-cameroon-elections-wtk-1-fbwp-thumbStandard.jpg,75,75,Cameroon’s Opposition Candidate Claims Victory Over World’s Oldest President,"Cameroon’s Opposition Candidate Claims Victory Over World’s Oldest President Official results have not  been released, but Issa Tchiroma Bakary called on President Paul Biya, 92 years old, to concede. Official results have not  been released, but Issa Tchiroma Bakary called on President Paul Biya, 92 years old, to concede."
Regulators removed more sunscreens from shelves after they found multiple brands using a base formulation that failed to meet testing requirements.,article,nyt://article/1ffb221a-0d32-5260-8923-ac62e74afc01,"[{'name': 'Subject', 'value': 'Sunscreen', 'rank': 1}, {'name': 'Subject', 'value': 'Skin Cancer', 'rank': 2}, {'name': 'Subject', 'value': 'Consumer Protection', 'rank': 3}, {'name': 'Subject', 'value': 'Recalls and Bans of Products', 'rank': 4}, {'name': 'Location', 'value': 'Australia', 'rank': 5}]",Express,,,2025-10-02 11:28:13+00:00,World,Regulators removed more sunscreens from shelves after they found multiple brands using a base formulation that failed to meet testing requirements.,The New York Times,Australia,News,nyt://article/1ffb221a-0d32-5260-8923-ac62e74afc01,https://www.nytimes.com/2025/10/02/world/australia/australia-sunscreen-recall.html,795,By John Yoon,Australia Expands Sunscreen Recalls Over False SPF Claims,,,"Applying sunscreen on the beach at Manly in Sydney, in 2023.",Alexi Rosenfeld/Getty Images,https://static01.nyt.com/images/2025/10/02/multimedia/02xp-sunscreen/02xp-sunscreen-articleLarge.jpg,400,600,https://static01.nyt.com/images/2025/10/02/multimedia/02xp-sunscreen/02xp-sunscreen-thumbStandard.jpg,75,75,Australia Expands Sunscreen Recalls Over False SPF Claims,Australia Expands Sunscreen Recalls Over False SPF Claims Regulators removed more sunscreens from shelves after they found multiple brands using a base formulation that failed to meet testing requirements. Regulators removed more sunscreens from shelves after they found multiple brands using a base formulation that failed to meet testing requirements.
"During his speech, the president also disparaged the work of the United Nations, which, he said, “did not even try to help” in any of the conflicts.",article,nyt://article/e3d4274a-43cc-5bc9-a56e-2584d67a4a6b,"[{'name': 'Subject', 'value': 'International Relations', 'rank': 1}, {'name': 'Subject', 'value': 'War and Armed Conflicts', 'rank': 2}, {'name': 'Subject', 'value': 'Territorial Disputes', 'rank': 3}, {'name': 'Subject', 'value': 'Israel-Gaza War (2023- )', 'rank': 4}, {'name': 'Subject', 'value': 'United States International Relations', 'rank': 5}, {'name': 'Subject', 'value': 'Peace Process', 'rank': 6}, {'name': 'Person', 'value': 'Trump, Donald J', 'rank': 7}, {'name': 'Organization', 'value': 'General Assembly (UN)', 'rank': 8}, {'name': 'Organization', 'value': 'North Atlantic Treaty Organization', 'rank': 9}, {'name': 'Organization', 'value': 'United Nations', 'rank': 10}, {'name': 'Location', 'value': 'Armenia', 'rank': 11}, {'name': 'Location', 'value': 'Azerbaijan', 'rank': 12}, {'name': 'Location', 'value': 'Cambodia', 'rank': 13}, {'name': 'Location', 'value': 'Thailand', 'rank': 14}, {'name': 'Location', 'value': 'Congo, Democratic Republic of (Congo-Kinshasa)', 'rank': 15}, {'name': 'Location', 'value': 'Ukraine', 'rank': 16}, {'name': 'Location', 'value': 'Ethiopia', 'rank': 17}, {'name': 'Location', 'value': 'Sudan', 'rank': 18}, {'name': 'Location', 'value': 'Kosovo', 'rank': 19}, {'name': 'Location', 'value': 'Serbia', 'rank': 20}, {'name': 'Location', 'value': 'Gaza Strip', 'rank': 21}]",Foreign,,,2025-09-23 16:00:21+00:00,World,"During his speech, the president also disparaged the work of the United Nations, which, he said, “did not even try to help” in any of the conflicts.",The New York Times,,News,nyt://article/e3d4274a-43cc-5bc9-a56e-2584d67a4a6b,https://www.nytimes.com/2025/09/23/world/trump-un-seven-wars.html,894,By Pranav Baskar,Trump Claims Again That He Has Ended Seven Wars. Here’s a Closer Look.,,,President Trump used a U.N. address to repeat his claim that he has ended seven wars around the world. ,Dave Sanders for The New York Times,https://static01.nyt.com/images/2025/09/23/multimedia/23unga-blog-trump-wars-topart-fclp/23unga-blog-trump-wars-topart-fclp-articleLarge.jpg,400,600,https://static01.nyt.com/images/2025/09/23/multimedia/23unga-blog-trump-wars-topart-fclp/23unga-blog-trump-wars-topart-fclp-thumbStandard.jpg,75,75,Trump Claims Again That He Has Ended Seven Wars. Here’s a Closer Look.,"Trump Claims Again That He Has Ended Seven Wars. Here’s a Closer Look. During his speech, the president also disparaged the work of the United Nations, which, he said, “did not even try to help” in any of the conflicts. During his speech, the president also disparaged the work of the United Nations, which, he said, “did not even try to help” in any of the conflicts."
"After decades of claiming persecution, once marginalized parties latch on to the American activist’s assassination as proof of their victimization.",article,nyt://article/9a2f317d-6f40-550b-b29b-af972da489b2,"[{'name': 'Subject', 'value': 'Assassinations and Attempted Assassinations', 'rank': 1}, {'name': 'Subject', 'value': 'Right-Wing Extremism and Alt-Right', 'rank': 2}, {'name': 'Subject', 'value': 'Politics and Government', 'rank': 3}, {'name': 'Organization', 'value': 'Chega (Portuguese Political Party)', 'rank': 4}, {'name': 'Person', 'value': 'Abascal, Santiago', 'rank': 5}, {'name': 'Location', 'value': 'Madrid (Spain)', 'rank': 6}, {'name': 'Subject', 'value': 'Demonstrations, Protests and Riots', 'rank': 7}, {'name': 'Subject', 'value': 'Conservatism (US Politics)', 'rank': 8}, {'name': 'Person', 'value': 'Kirk, Charlie (1993- )', 'rank': 9}]",Foreign,8,A,2025-09-17 09:03:59+00:00,World,"After decades of claiming persecution, once marginalized parties latch on to the American activist’s assassination as proof of their victimization.",The New York Times,Europe,News,nyt://article/9a2f317d-6f40-550b-b29b-af972da489b2,https://www.nytimes.com/2025/09/17/world/europe/europe-charlie-kirk-trump-far-right.html,1249,By Jason Horowitz,"As Trump Arrives, Europe’s Right Claims Charlie Kirk as One of Their Own",news analysis,"As Trump Arrives, Europe’s Right Claims Kirk as One of Their Own",Mourning Charlie Kirk outside the U.S. Embassy in Madrid last week.,Susana Vera/Reuters,https://static01.nyt.com/images/2025/09/17/multimedia/17int-europe-right-1-jpzb/17int-europeright-1-jpzb-articleLarge.jpg,400,600,https://static01.nyt.com/images/2025/09/17/multimedia/17int-europe-right-1-jpzb/17int-europe-right-1-jpzb-thumbStandard.jpg,75,75,"As Trump Arrives, Europe’s Right Claims Charlie Kirk as One of Their Own","As Trump Arrives, Europe’s Right Claims Charlie Kirk as One of Their Own After decades of claiming persecution, once marginalized parties latch on to the American activist’s assassination as proof of their victimization. After decades of claiming persecution, once marginalized parties latch on to the American activist’s assassination as proof of their victimization."
"Israeli officials said the attack at the crowded bus stop on Monday spurred, in part, the decision to launch Tuesday’s targeted strikes against Hamas leaders in Qatar.",article,nyt://article/3d4380a5-5602-5043-98f5-83aa3fd6cf44,"[{'name': 'Subject', 'value': 'Defense and Military Forces', 'rank': 1}, {'name': 'Subject', 'value': 'Israel-Gaza War (2023- )', 'rank': 2}, {'name': 'Subject', 'value': 'Israeli Settlements', 'rank': 3}, {'name': 'Subject', 'value': 'Civilian Casualties', 'rank': 4}, {'name': 'Organization', 'value': 'Hamas', 'rank': 5}, {'name': 'Person', 'value': 'Netanyahu, Benjamin', 'rank': 6}, {'name': 'Location', 'value': 'Jerusalem (Israel)', 'rank': 7}]",Foreign,5,A,2025-09-09 18:16:46+00:00,World,"Israeli officials said the attack at the crowded bus stop on Monday spurred, in part, the decision to launch Tuesday’s targeted strikes against Hamas leaders in Qatar.",The New York Times,Middle East,News,nyt://article/3d4380a5-5602-5043-98f5-83aa3fd6cf44,https://www.nytimes.com/2025/09/09/world/middleeast/hamas-responsibility-jerusalem-bus-shooting.html,548,By Lara Jakes,Hamas Fighters Claim Responsibility for Bus Stop Shooting in Jerusalem,,Hamas Fighters Claim Responsibility for Jerusalem Bus Stop Attack,Members of an Israeli emergency team work at the scene of a shooting at a bus stop in Jerusalem on Monday.,Menahem Kahana/Agence France-Presse — Getty Images,https://static01.nyt.com/images/2025/09/09/multimedia/09int-jerusalem-shooting-1-cpqj/09int-jerusalem-shooting-1-cpqj-articleLarge.jpg,400,600,https://static01.nyt.com/images/2025/09/09/multimedia/09int-jerusalem-shooting-1-cpqj/09int-jerusalem-shooting-1-cpqj-thumbStandard.jpg,75,75,Hamas Fighters Claim Responsibility for Bus Stop Shooting in Jerusalem,"Hamas Fighters Claim Responsibility for Bus Stop Shooting in Jerusalem Israeli officials said the attack at the crowded bus stop on Monday spurred, in part, the decision to launch Tuesday’s targeted strikes against Hamas leaders in Qatar. Israeli officials said the attack at the crowded bus stop on Monday spurred, in part, the decision to launch Tuesday’s targeted strikes against Hamas leaders in Qatar."
"The British government condemned the remarks, made without evidence by the cardiologist, Dr. Aseem Malhotra, at an event for the anti-immigration party led by Nigel Farage.",article,nyt://article/9fdfb759-ac57-5c88-aac8-011a3d54c565,"[{'name': 'Subject', 'value': 'Coronavirus (2019-nCoV)', 'rank': 1}, {'name': 'Subject', 'value': 'Vaccination and Immunization', 'rank': 2}, {'name': 'Subject', 'value': 'Politics and Government', 'rank': 3}, {'name': 'Subject', 'value': 'Royal Families', 'rank': 4}, {'name': 'Subject', 'value': 'Cancer', 'rank': 5}, {'name': 'Organization', 'value': 'Buckingham Palace', 'rank': 6}, {'name': 'Organization', 'value': 'Reform UK (British Political Party)', 'rank': 7}, {'name': 'Person', 'value': 'Farage, Nigel (1964- )', 'rank': 8}, {'name': 'Person', 'value': 'Kennedy, Robert F Jr', 'rank': 9}, {'name': 'Location', 'value': 'Great Britain', 'rank': 10}]",Foreign,7,A,2025-09-06 22:49:21+00:00,World,"The British government condemned the remarks, made without evidence by the cardiologist, Dr. Aseem Malhotra, at an event for the anti-immigration party led by Nigel Farage.",The New York Times,Europe,News,nyt://article/9fdfb759-ac57-5c88-aac8-011a3d54c565,https://www.nytimes.com/2025/09/06/world/europe/britain-vaccines-royal-family.html,755,By Stephen Castle,Cardiologist Draws Outcry With Claim Tying Vaccines to Royals’ Cancer,,Doctor Berated for Claim Tying Vaccines to Cancer,"Dr. Aseem Malhotra at the Reform U.K. party conference at the NEC Birmingham, England, on Saturday.",Oli Scarff/Agence France-Presse — Getty Images,https://static01.nyt.com/images/2025/09/06/multimedia/06int-uk-vaccine-twvh/06int-uk-vaccine-twvh-articleLarge.jpg,400,600,https://static01.nyt.com/images/2025/09/06/multimedia/06int-uk-vaccine-twvh/06int-uk-vaccine-twvh-thumbStandard.jpg,75,75,Cardiologist Draws Outcry With Claim Tying Vaccines to Royals’ Cancer,"Cardiologist Draws Outcry With Claim Tying Vaccines to Royals’ Cancer The British government condemned the remarks, made without evidence by the cardiologist, Dr. Aseem Malhotra, at an event for the anti-immigration party led by Nigel Farage. The British government condemned the remarks, made without evidence by the cardiologist, Dr. Aseem Malhotra, at an event for the anti-immigration party led by Nigel Farage."
"Five journalists, along with medical workers, were among the dead at Nasser Hospital. Prime Minister Benjamin Netanyahu said the military would investigate.",article,nyt://article/a675d2fb-022a-5b04-aef8-3a249245ae2f,"[{'name': 'Subject', 'value': 'Israel-Gaza War (2023- )', 'rank': 1}, {'name': 'Subject', 'value': 'Civilian Casualties', 'rank': 2}, {'name': 'Subject', 'value': 'Defense and Military Forces', 'rank': 3}, {'name': 'Subject', 'value': 'News and News Media', 'rank': 4}, {'name': 'Subject', 'value': 'Hospitals', 'rank': 5}, {'name': 'Organization', 'value': 'Al Jazeera', 'rank': 6}, {'name': 'Organization', 'value': 'Associated Press', 'rank': 7}, {'name': 'Organization', 'value': 'Committee to Protect Journalists', 'rank': 8}, {'name': 'Organization', 'value': 'Nasser Hospital (Gaza Strip)', 'rank': 9}, {'name': 'Organization', 'value': 'Thomson Reuters Corporation', 'rank': 10}, {'name': 'Location', 'value': 'Gaza Strip', 'rank': 11}, {'name': 'Location', 'value': 'Israel', 'rank': 12}, {'name': 'Location', 'value': 'Khan Younis (Gaza Strip)', 'rank': 13}]",Foreign,1,A,2025-08-25 11:35:34+00:00,World,"Five journalists, along with medical workers, were among the dead at Nasser Hospital. Prime Minister Benjamin Netanyahu said the military would investigate.",The New York Times,Middle East,News,nyt://article/a675d2fb-022a-5b04-aef8-3a249245ae2f,https://www.nytimes.com/2025/08/25/world/middleeast/gaza-hospital-journalists.html,1343,"By Isabel Kershner, Aaron Boxerman and Ameera Harouda",20 Killed in Gaza Hospital Strikes. Netanyahu Claims ‘Tragic Mishap.’,,"Israel Strikes Hospital Twice, Killing 5 Journalists","Palestinian medics helping an injured man at Nasser Hospital in Khan Younis, Gaza, on Monday.",Agence France-Presse — Getty Images,https://static01.nyt.com/images/2025/08/25/multimedia/25int-gaza-strike-01-mwbh/25int-gaza-strike-01-mwbh-articleLarge.jpg,400,600,https://static01.nyt.com/images/2025/08/25/multimedia/25int-gaza-strike-01-mwbh/25int-gaza-strike-01-mwbh-thumbStandard.jpg,75,75,20 Killed in Gaza Hospital Strikes. Netanyahu Claims ‘Tragic Mishap.’,"20 Killed in Gaza Hospital Strikes. Netanyahu Claims ‘Tragic Mishap.’ Five journalists, along with medical workers, were among the dead at Nasser Hospital. Prime Minister Benjamin Netanyahu said the military would investigate. Five journalists, along with medical workers, were among the dead at Nasser Hospital. Prime Minister Benjamin Netanyahu said the military would investigate."
,article,nyt://article/1e3ecde4-55b6-5f24-a308-b124e7a63ef4,"[{'name': 'Subject', 'value': 'United States Politics and Government', 'rank': 1}, {'name': 'Subject', 'value': 'Russian Invasion of Ukraine (2022)', 'rank': 2}, {'name': 'Subject', 'value': 'United States International Relations', 'rank': 3}, {'name': 'Person', 'value': 'Putin, Vladimir V', 'rank': 4}, {'name': 'Person', 'value': 'Trump, Donald J', 'rank': 5}, {'name': 'Person', 'value': 'Mueller, Robert S III', 'rank': 6}, {'name': 'Location', 'value': 'Alaska', 'rank': 7}, {'name': 'Location', 'value': 'Russia', 'rank': 8}, {'name': 'Location', 'value': 'Ukraine', 'rank': 9}]",Politics,,,2025-08-16 16:48:58+00:00,World,,The New York Times,Americas,Live Blog Post,nyt://article/1e3ecde4-55b6-5f24-a308-b124e7a63ef4,https://www.nytimes.com/live/2025/08/16/world/trump-putin-meeting-alaska/with-putin-by-his-side-trump-repeats-his-claims-of-a-russia-hoax,292,By The New York Times,"With Putin by his side, Trump repeats his claims of a ‘Russia Hoax.’",,,President Trump and President Vladimir V. Putin of Russia at their news conference in Alaska on Friday.,Doug Mills/The New York Times,https://static01.nyt.com/images/2025/08/16/multimedia/16putin-trump-hoax-topart-ghqm/16putin-trump-hoax-topart-ghqm-articleLarge.jpg,400,600,https://static01.nyt.com/images/2025/08/16/multimedia/16putin-trump-hoax-topart-ghqm/16putin-trump-hoax-topart-ghqm-thumbStandard.jpg,75,75,"With Putin by his side, Trump repeats his claims of a ‘Russia Hoax.’","With Putin by his side, Trump repeats his claims of a ‘Russia Hoax.’"
President Trump compared crime in Washington to violence in Latin American capitals. Mexico City’s mayor said “many parts of the world would like to have” her city’s safety.,article,nyt://article/4e041645-71db-56c4-b56f-11490ea71cd6,"[{'name': 'Subject', 'value': 'United States Politics and Government', 'rank': 1}, {'name': 'Subject', 'value': 'United States International Relations', 'rank': 2}, {'name': 'Subject', 'value': 'Crime and Criminals', 'rank': 3}, {'name': 'Subject', 'value': 'Murders, Attempted Murders and Homicides', 'rank': 4}, {'name': 'Organization', 'value': 'National Guard', 'rank': 5}, {'name': 'Person', 'value': 'Bolsonaro, Jair (1955- )', 'rank': 6}, {'name': 'Person', 'value': 'Da Silva, Luiz Inacio Lula', 'rank': 7}, {'name': 'Person', 'value': 'Sheinbaum, Claudia', 'rank': 8}, {'name': 'Person', 'value': 'Trump, Donald J', 'rank': 9}, {'name': 'Location', 'value': 'Washington (DC)', 'rank': 10}, {'name': 'Location', 'value': 'Brasilia (Brazil)', 'rank': 11}, {'name': 'Location', 'value': 'Mexico City (Mexico)', 'rank': 12}]",Foreign,7,A,2025-08-12 17:45:03+00:00,World,President Trump compared crime in Washington to violence in Latin American capitals. Mexico City’s mayor said “many parts of the world would like to have” her city’s safety.,The New York Times,Americas,News,nyt://article/4e041645-71db-56c4-b56f-11490ea71cd6,https://www.nytimes.com/2025/08/12/world/americas/trump-crime-mexico-brazil.html,815,By Emiliano Rodríguez Mega and Ana Ionova,Mexico and Brazil Rebut Trump’s Claims About Violence in Their Cities,,Latin American Leaders  Rebut Trump on Crime,"Mayor Clara Brugada of Mexico City, center, with President Claudia Sheinbaum of Mexico, right, during an event in January in Mexico City focused on a gun-buyback program.",Luis Antonio Rojas for The New York Times,https://static01.nyt.com/images/2025/08/12/multimedia/12int-latam-reax-bvpm/12int-latam-reax-bvpm-articleLarge-v2.jpg,400,600,https://static01.nyt.com/images/2025/08/12/multimedia/12int-latam-reax-bvpm/12int-latam-reax-bvpm-thumbStandard-v2.jpg,75,75,Mexico and Brazil Rebut Trump’s Claims About Violence in Their Cities,Mexico and Brazil Rebut Trump’s Claims About Violence in Their Cities President Trump compared crime in Washington to violence in Latin American capitals. Mexico City’s mayor said “many parts of the world would like to have” her city’s safety. President Trump compared crime in Washington to violence in Latin American capitals. Mexico City’s mayor said “many parts of the world would like to have” her city’s safety.
Opposition figures were held briefly at a New Delhi demonstration after accusing Narendra Modi’s ruling party of manipulating elections.,article,nyt://article/9e171042-3228-591e-bf23-1069b8e1f1c4,"[{'name': 'Subject', 'value': 'Demonstrations, Protests and Riots', 'rank': 1}, {'name': 'Subject', 'value': 'Voter Fraud (Election Fraud)', 'rank': 2}, {'name': 'Subject', 'value': 'Voting Rights, Registration and Requirements', 'rank': 3}, {'name': 'Location', 'value': 'Delhi (India)', 'rank': 4}, {'name': 'Subject', 'value': 'Politics and Government', 'rank': 5}, {'name': 'Subject', 'value': 'Elections', 'rank': 6}, {'name': 'Location', 'value': 'Bihar (India)', 'rank': 7}, {'name': 'Person', 'value': 'Gandhi, Rahul', 'rank': 8}, {'name': 'Person', 'value': 'Modi, Narendra', 'rank': 9}, {'name': 'Organization', 'value': 'Bharatiya Janata Party', 'rank': 10}, {'name': 'Organization', 'value': 'Election Commission of India', 'rank': 11}, {'name': 'Organization', 'value': 'Indian National Congress', 'rank': 12}]",Foreign,6,A,2025-08-11 13:02:13+00:00,World,Opposition figures were held briefly at a New Delhi demonstration after accusing Narendra Modi’s ruling party of manipulating elections.,The New York Times,Asia Pacific,News,nyt://article/9e171042-3228-591e-bf23-1069b8e1f1c4,https://www.nytimes.com/2025/08/11/world/asia/india-election-arrests-modi.html,849,By Mujib Mashal and Hari Kumar,Hundreds of Indian Lawmakers Detained at a Protest Claiming Vote Rigging,, Opposition Figures Detained As They Say Vote Was Rigged,"Akhilesh Yadav, the president of the Samajwadi party, clambers over a barricade during a march led by India’s opposition parties in New Delhi on Monday.",Money Sharma/Agence France-Presse — Getty Images,https://static01.nyt.com/images/2025/08/11/multimedia/11INT-INDIA-VOTE-hclt/11INT-INDIA-VOTE-hclt-articleLarge.jpg,400,600,https://static01.nyt.com/images/2025/08/11/multimedia/11INT-INDIA-VOTE-hclt/11INT-INDIA-VOTE-hclt-thumbStandard.jpg,75,75,Hundreds of Indian Lawmakers Detained at a Protest Claiming Vote Rigging,Hundreds of Indian Lawmakers Detained at a Protest Claiming Vote Rigging Opposition figures were held briefly at a New Delhi demonstration after accusing Narendra Modi’s ruling party of manipulating elections. Opposition figures were held briefly at a New Delhi demonstration after accusing Narendra Modi’s ruling party of manipulating elections.
The hack may have been part of a campaign to disrupt the sense of normalcy Russians have mostly enjoyed since the start of the war.,article,nyt://article/68f9090b-ae54-5290-b228-8d759e63dcb3,"[{'name': 'Organization', 'value': 'Aeroflot Russian Airlines', 'rank': 1}, {'name': 'Subject', 'value': 'Cyberattacks and Hackers', 'rank': 2}, {'name': 'Subject', 'value': 'Delays (Transportation)', 'rank': 3}, {'name': 'Subject', 'value': 'Russian Invasion of Ukraine (2022)', 'rank': 4}, {'name': 'Location', 'value': 'Russia', 'rank': 5}, {'name': 'Location', 'value': 'Ukraine', 'rank': 6}, {'name': 'Location', 'value': 'Belarus', 'rank': 7}]",Foreign,11,A,2025-07-28 18:56:10+00:00,World,The hack may have been part of a campaign to disrupt the sense of normalcy Russians have mostly enjoyed since the start of the war.,The New York Times,Europe,News,nyt://article/68f9090b-ae54-5290-b228-8d759e63dcb3,https://www.nytimes.com/2025/07/28/world/europe/aeroflot-hackers-ukraine.html,543,By Ivan Nechepurenko,Pro-Ukrainian Hackers Claim Cyberattack as Aeroflot Grounds Flights,,"As Aeroflot Grounds Flights, Pro-Ukraine Hackers Claim Cyberattack",People waiting for flights at the Sheremetyevo International Airport near Moscow on Monday.,Tatyana Makeyeva/Agence France-Press — Getty Images,https://static01.nyt.com/images/2025/07/28/multimedia/28int-russia-aeroflot-jwzb/28int-russia-aeroflot-jwzb-articleLarge.jpg,450,600,https://static01.nyt.com/images/2025/07/28/multimedia/28int-russia-aeroflot-jwzb/28int-russia-aeroflot-jwzb-thumbStandard.jpg,75,75,Pro-Ukrainian Hackers Claim Cyberattack as Aeroflot Grounds Flights,Pro-Ukrainian Hackers Claim Cyberattack as Aeroflot Grounds Flights The hack may have been part of a campaign to disrupt the sense of normalcy Russians have mostly enjoyed since the start of the war. The hack may have been part of a campaign to disrupt the sense of normalcy Russians have mostly enjoyed since the start of the war.
,article,nyt://article/0c74595a-b11b-5bfa-b1b0-f460dad87ae6,[],Foreign,,,2025-06-25 10:42:05+00:00,World,,The New York Times,Middle East,Live Blog Post,nyt://article/0c74595a-b11b-5bfa-b1b0-f460dad87ae6,https://www.nytimes.com/live/2025/06/25/world/iran-israel-ceasefire-trump/trump-reiterates-claims-about-irans-nuclear-program-that-contradict-early-intelligence-findings,505,By Tyler Pager,Trump reiterates claims about Iran’s nuclear program that contradict early intelligence findings.,,,President Donald Trump in The Hague on Tuesday.,Haiyun Jiang/The New York Times,https://static01.nyt.com/images/2025/06/25/multimedia/25israel-iran-trump-commen-01-hzfm-gd/25israel-iran-trump-commen-01-hzfm-gd-articleLarge.jpg,400,600,https://static01.nyt.com/images/2025/06/25/multimedia/25israel-iran-trump-commen-01-hzfm-gd/25israel-iran-trump-commen-01-hzfm-gd-thumbStandard.jpg,75,75,Trump reiterates claims about Iran’s nuclear program that contradict early intelligence findings.,Trump reiterates claims about Iran’s nuclear program that contradict early intelligence findings.
Iran’s response to the attacks on its nuclear facilities killed no Americans and each nation has a victory narrative. But an hours-old cease-fire appeared fragile and President Trump lashed out at Israel and Iran over the state of the truce.,article,nyt://article/9b976134-6a43-5fa6-b194-96a784c40b28,"[{'name': 'Location', 'value': 'Iran', 'rank': 1}, {'name': 'Subject', 'value': 'United States International Relations', 'rank': 2}, {'name': 'Subject', 'value': 'Iran-Israel War (2025- )', 'rank': 3}, {'name': 'Location', 'value': 'Israel', 'rank': 4}, {'name': 'Subject', 'value': 'International Relations', 'rank': 5}, {'name': 'Person', 'value': 'Trump, Donald J', 'rank': 6}, {'name': 'Person', 'value': 'Khamenei, Ali', 'rank': 7}, {'name': 'Subject', 'value': 'Defense and Military Forces', 'rank': 8}, {'name': 'Organization', 'value': 'Islamic Revolutionary Guards Corps', 'rank': 9}, {'name': 'Organization', 'value': 'Supreme National Security Council (Iran)', 'rank': 10}]",Foreign,7,A,2025-06-24 01:47:53+00:00,World,Iran’s response to the attacks on its nuclear facilities killed no Americans and each nation has a victory narrative. But an hours-old cease-fire appeared fragile and President Trump lashed out at Israel and Iran over the state of the truce.,The New York Times,Middle East,News Analysis,nyt://article/9b976134-6a43-5fa6-b194-96a784c40b28,https://www.nytimes.com/2025/06/23/world/middleeast/iran-response-ceasefire-chance.html,1071,By Farnaz Fassihi,"Can Iran, Israel and the U.S. Now All Claim to Have Won?",News Analysis,The Victor of Them All? Three Nations Say ‘Me.’,"Celebrating the attack on a U.S. base in Qatar, in Tehran on Monday. No Americans were killed in the attack, but it was trumpeted by Iranian media. ",Arash Khamooshi for The New York Times,https://static01.nyt.com/images/2025/07/23/multimedia/23int-iran-assess-qchw/23int-iran-assess-qchw-articleLarge.jpg,400,600,https://static01.nyt.com/images/2025/07/23/multimedia/23int-iran-assess-qchw/23int-iran-assess-qchw-thumbStandard.jpg,75,75,"Can Iran, Israel and the U.S. Now All Claim to Have Won?","Can Iran, Israel and the U.S. Now All Claim to Have Won? Iran’s response to the attacks on its nuclear facilities killed no Americans and each nation has a victory narrative. But an hours-old cease-fire appeared fragile and President Trump lashed out at Israel and Iran over the state of the truce. Iran’s response to the attacks on its nuclear facilities killed no Americans and each nation has a victory narrative. But an hours-old cease-fire appeared fragile and President Trump lashed out at Israel and Iran over the state of the truce."
A review by the bloc found Israel’s actions in Gaza may have breached obligations under a treaty that governs their relations. Israel called the report “a complete moral and methodological failure.”,article,nyt://article/20e7a862-b0bc-5240-ad66-ac88fb31e178,"[{'name': 'Location', 'value': 'Israel', 'rank': 1}, {'name': 'Subject', 'value': 'Israel-Gaza War (2023- )', 'rank': 2}, {'name': 'Organization', 'value': 'Hamas', 'rank': 3}, {'name': 'Organization', 'value': 'European Union', 'rank': 4}, {'name': 'Person', 'value': 'Kallas, Kaja (1977- )', 'rank': 5}, {'name': 'Location', 'value': 'Iran', 'rank': 6}, {'name': 'Subject', 'value': 'Humanitarian Aid', 'rank': 7}]",Foreign,9,A,2025-06-23 12:16:48+00:00,World,A review by the bloc found Israel’s actions in Gaza may have breached obligations under a treaty that governs their relations. Israel called the report “a complete moral and methodological failure.”,The New York Times,Europe,News,nyt://article/20e7a862-b0bc-5240-ad66-ac88fb31e178,https://www.nytimes.com/2025/06/23/world/europe/eu-israel-human-rights-gaza.html,795,By Jeanna Smialek and Aaron Boxerman,E.U.-Israeli Ties Are Further Strained by Claims of Potential Rights Violations,,Gaza Report Adds Strain To E.U.’s Ties With Israel,Preparing bread in Gaza in April. Many bakeries were forced to close and flour supplies ran low after Israel imposed a blockade on food and fuel supplies that ended last month.,Saher Alghorra for The New York Times,https://static01.nyt.com/images/2025/06/23/multimedia/23int-israel-eu-01-tgwv/23int-israel-eu-01-tgwv-articleLarge.jpg,400,600,https://static01.nyt.com/images/2025/06/23/multimedia/23int-israel-eu-01-tgwv/23int-israel-eu-01-tgwv-thumbStandard.jpg,75,75,E.U.-Israeli Ties Are Further Strained by Claims of Potential Rights Violations,E.U.-Israeli Ties Are Further Strained by Claims of Potential Rights Violations A review by the bloc found Israel’s actions in Gaza may have breached obligations under a treaty that governs their relations. Israel called the report “a complete moral and methodological failure.” A review by the bloc found Israel’s actions in Gaza may have breached obligations under a treaty that governs their relations. Israel called the report “a complete moral and methodological failure.”
,article,nyt://article/ceadfd0f-ac50-57d0-b5d5-38d7e3ec8037,[],Foreign,,,2025-06-22 10:50:59+00:00,World,,The New York Times,Middle East,Live Blog Post,nyt://article/ceadfd0f-ac50-57d0-b5d5-38d7e3ec8037,https://www.nytimes.com/live/2025/06/22/world/israel-iran-us-trump/does-iran-have-another-secret-enrichment-site-as-it-claims,368,By Steven Erlanger,"Does Iran have another secret enrichment site, as it claims?",,,"The head of Iran’s Atomic Energy Organization, Mohammad Eslami, at a news conference in November in Tehran.","Abedin Taherkenareh/EPA, via Shutterstock",https://static01.nyt.com/images/2025/07/21/multimedia/21israel-iran-third-site01-zlmk/21israel-iran-third-site01-zlmk-articleLarge.jpg,404,600,https://static01.nyt.com/images/2025/07/21/multimedia/21israel-iran-third-site01-zlmk/21israel-iran-third-site01-zlmk-thumbStandard.jpg,75,75,"Does Iran have another secret enrichment site, as it claims?","Does Iran have another secret enrichment site, as it claims?"
"Iran’s state television urged people to delete WhatsApp, saying without evidence that the app was sending user information to Israel.",article,nyt://article/72b30527-1fc9-50ff-a818-faf6acf3bb06,"[{'name': 'Subject', 'value': 'Instant Messaging', 'rank': 1}, {'name': 'Subject', 'value': 'Television', 'rank': 2}, {'name': 'Subject', 'value': 'Mobile Applications', 'rank': 3}, {'name': 'Organization', 'value': 'Instagram Inc', 'rank': 4}, {'name': 'Organization', 'value': 'WhatsApp Inc', 'rank': 5}, {'name': 'Location', 'value': 'Iran', 'rank': 6}, {'name': 'Location', 'value': 'Israel', 'rank': 7}]",Foreign,,,2025-06-18 11:26:58+00:00,World,"Iran’s state television urged people to delete WhatsApp, saying without evidence that the app was sending user information to Israel.",The New York Times,Middle East,News,nyt://article/72b30527-1fc9-50ff-a818-faf6acf3bb06,https://www.nytimes.com/2025/06/18/world/middleeast/iran-whatsapp-delete.html,255,By Jenny Gross and Leily Nikounazar,WhatsApp Denies Iran’s Claim That It Is Spying for Israel,,,A woman looking at news on a smartphone in Tehran on Saturday. Iran’s state broadcaster has urged people to remove WhatsApp from their phones.,Sasan/Agence France-Presse — Getty Images,https://static01.nyt.com/images/2025/06/18/multimedia/18israel-iran-whatsapp-lmch/18israel-iran-whatsapp-lmch-articleLarge.jpg,400,600,https://static01.nyt.com/images/2025/06/18/multimedia/18israel-iran-whatsapp-lmch/18israel-iran-whatsapp-lmch-thumbStandard.jpg,75,75,WhatsApp Denies Iran’s Claim That It Is Spying for Israel,"WhatsApp Denies Iran’s Claim That It Is Spying for Israel Iran’s state television urged people to delete WhatsApp, saying without evidence that the app was sending user information to Israel. Iran’s state television urged people to delete WhatsApp, saying without evidence that the app was sending user information to Israel."
Israeli c,article,nyt://article/aae42b88-e727-52b7-a4cd-8b526b2db525,"[{'name': 'Subject', 'value': 'Iran-Israel Proxy Conflict', 'rank': 1}, {'name': 'Person', 'value': 'Rashid, Gholamali', 'rank': 2}, {'name': 'Person', 'value': 'Khamenei, Ali', 'rank': 3}, {'name': 'Location', 'value': 'Iran', 'rank': 4}, {'name': 'Location', 'value': 'Israel', 'rank': 5}, {'name': 'Person', 'value': 'Ali Shadmani', 'rank': 6}]",Foreign,,,2025-06-17 11:51:53+00:00,World,Israeli c,The New York Times,Middle East,Live Blog Post,nyt://article/aae42b88-e727-52b7-a4cd-8b526b2db525,https://www.nytimes.com/live/2025/06/17/world/israel-iran-trump/iran-who-ali-shadmani-killed,326,By Amelia Nierenberg,"Israel claims it killed Iran’s top military commander, again.",,,"A handout photo made available by the office of Iran’s Supreme Leader, showing Maj. Gen. Ali Shadmani.","Khamenei.Ir, via Agence France-Presse — Getty Images",https://static01.nyt.com/images/2025/06/17/multimedia/17israel-iran-Shadmani-mljc/17israel-iran-Shadmani-mljc-articleLarge.jpg,377,600,https://static01.nyt.com/images/2025/06/17/multimedia/17israel-iran-Shadmani-mljc/17israel-iran-Shadmani-mljc-thumbStandard.jpg,75,75,"Israel claims it killed Iran’s top military commander, again.","Israel claims it killed Iran’s top military commander, again. Israeli c Israeli c"
"A vote seen as a test of the power of populist nationalism in Europe was too close to call, with exit polls putting the two contenders neck and neck.",article,nyt://article/89691b4b-d512-576a-b756-6c6a5fe67d92,"[{'name': 'Location', 'value': 'Poland', 'rank': 1}, {'name': 'Subject', 'value': 'Elections', 'rank': 2}, {'name': 'Person', 'value': 'Trzaskowski, Rafal', 'rank': 3}, {'name': 'Organization', 'value': 'Civic Platform (Poland)', 'rank': 4}, {'name': 'Organization', 'value': 'Law and Justice (Poland)', 'rank': 5}, {'name': 'Subject', 'value': 'Politics and Government', 'rank': 6}, {'name': 'Person', 'value': 'Nawrocki, Karol', 'rank': 7}, {'name': 'Subject', 'value': 'Right-Wing Extremism and Alt-Right', 'rank': 8}, {'name': 'Subject', 'value': 'Nationalism (Theory and Philosophy)', 'rank': 9}]",Foreign,6,A,2025-06-01 19:31:49+00:00,World,"A vote seen as a test of the power of populist nationalism in Europe was too close to call, with exit polls putting the two contenders neck and neck.",The New York Times,Europe,News,nyt://article/89691b4b-d512-576a-b756-6c6a5fe67d92,https://www.nytimes.com/2025/06/01/world/europe/poland-election-president.html,923,By Andrew Higgins,Rival Victory Claims as Poland’s Presidential Election Goes Down to Wire,,Rival Victory Claims as Poland’s Presidential Election Goes Down to Wire,A voter casting a ballot during Poland’s presidential runoff election on Sunday in Warsaw.,Omar Marques/Getty Images,https://static01.nyt.com/images/2025/06/01/multimedia/01int-poland-election-tie-01-qclw/01int-poland-election-tie-01-qclw-articleLarge.jpg,400,600,https://static01.nyt.com/images/2025/06/01/multimedia/01int-poland-election-tie-01-qclw/01int-poland-election-tie-01-qclw-thumbStandard.jpg,75,75,Rival Victory Claims as Poland’s Presidential Election Goes Down to Wire,"Rival Victory Claims as Poland’s Presidential Election Goes Down to Wire A vote seen as a test of the power of populist nationalism in Europe was too close to call, with exit polls putting the two contenders neck and neck. A vote seen as a test of the power of populist nationalism in Europe was too close to call, with exit polls putting the two contenders neck and neck."
"Polling places in Caracas, the capital, and other cities were sparsely populated but officials claimed turnout was higher than 40 percent.",article,nyt://article/9b2b6861-8ce4-5a1d-877c-a4f521f27d9e,"[{'name': 'Location', 'value': 'Venezuela', 'rank': 1}, {'name': 'Person', 'value': 'Maduro, Nicolas', 'rank': 2}, {'name': 'Subject', 'value': 'Elections', 'rank': 3}, {'name': 'Person', 'value': 'Machado, Maria Corina', 'rank': 4}, {'name': 'Subject', 'value': 'Politics and Government', 'rank': 5}, {'name': 'Person', 'value': 'Gonzalez, Edmundo (1949- )', 'rank': 6}, {'name': 'Organization', 'value': 'Carter Center', 'rank': 7}]",Foreign,7,A,2025-05-26 05:03:30+00:00,World,"Polling places in Caracas, the capital, and other cities were sparsely populated but officials claimed turnout was higher than 40 percent.",The New York Times,Americas,News,nyt://article/9b2b6861-8ce4-5a1d-877c-a4f521f27d9e,https://www.nytimes.com/2025/05/26/world/americas/venezuela-maduro-regional-election.html,1162,By Julie Turkewitz,Venezuela’s Government Claims Victory in Polls Boycotted by Opposition Leader,,Venezuela’s Government Claims Win in Vote Boycotted by Opposition Leader,"A polling station in Caracas, Venezuela, on Sunday.",Gaby Oraa/Reuters,https://static01.nyt.com/images/2025/06/25/multimedia/25int-venezuela-election-results-khvt/25int-venezuela-election-results-khvt-articleLarge.jpg,399,600,https://static01.nyt.com/images/2025/06/25/multimedia/25int-venezuela-election-results-khvt/25int-venezuela-election-results-khvt-thumbStandard.jpg,75,75,Venezuela’s Government Claims Victory in Polls Boycotted by Opposition Leader,"Venezuela’s Government Claims Victory in Polls Boycotted by Opposition Leader Polling places in Caracas, the capital, and other cities were sparsely populated but officials claimed turnout was higher than 40 percent. Polling places in Caracas, the capital, and other cities were sparsely populated but officials claimed turnout was higher than 40 percent."
"In a bruising Oval Office meeting, the visitors’ plan to keep President Trump from focusing on false accusations of white genocide backfired spectacularly.",article,nyt://article/43784250-1585-579b-91e9-3d3bd6d4a4dd,"[{'name': 'Location', 'value': 'South Africa', 'rank': 1}, {'name': 'Person', 'value': 'Ramaphosa, Cyril', 'rank': 2}, {'name': 'Subject', 'value': 'Politics and Government', 'rank': 3}, {'name': 'Person', 'value': 'Trump, Donald J', 'rank': 4}, {'name': 'Subject', 'value': 'United States International Relations', 'rank': 5}, {'name': 'Subject', 'value': 'Apartheid (Policy)', 'rank': 6}, {'name': 'Subject', 'value': 'Race and Ethnicity', 'rank': 7}, {'name': 'Subject', 'value': 'Whites', 'rank': 8}, {'name': 'Subject', 'value': 'Black People', 'rank': 9}, {'name': 'Subject', 'value': 'Rumors and Misinformation', 'rank': 10}, {'name': 'Subject', 'value': 'International Trade and World Market', 'rank': 11}, {'name': 'Subject', 'value': 'Customs (Tariff)', 'rank': 12}]",Foreign,6,A,2025-05-22 09:03:35+00:00,World,"In a bruising Oval Office meeting, the visitors’ plan to keep President Trump from focusing on false accusations of white genocide backfired spectacularly.",The New York Times,Africa,News,nyt://article/43784250-1585-579b-91e9-3d3bd6d4a4dd,https://www.nytimes.com/2025/05/22/world/africa/south-africa-trump-oval-office-genocide.html,915,By John Eligon,South Africa Collides Head-On With Trump’s Claims of White Victimhood,News Analysis,False Claims Sideswiped South Africa’s Intentions To Discuss a Trade Deal,Mr. Ramaphosa and Mr. Trump during their meeting on Wednesday.,Eric Lee/The New York Times,https://static01.nyt.com/images/2025/05/22/multimedia/22safrica-2-bwjh/22safrica-2-bwjh-articleLarge.jpg,400,600,https://static01.nyt.com/images/2025/05/22/multimedia/22safrica-2-bwjh/22safrica-2-bwjh-thumbStandard.jpg,75,75,South Africa Collides Head-On With Trump’s Claims of White Victimhood,"South Africa Collides Head-On With Trump’s Claims of White Victimhood In a bruising Oval Office meeting, the visitors’ plan to keep President Trump from focusing on false accusations of white genocide backfired spectacularly. In a bruising Oval Office meeting, the visitors’ plan to keep President Trump from focusing on false accusations of white genocide backfired spectacularly."
President Cyril Ramaphosa pushed back on Mr. Trump’s allegations.,article,nyt://article/e13a718f-aa41-58bd-b849-2a57d2244a67,"[{'name': 'Location', 'value': 'South Africa', 'rank': 1}, {'name': 'Person', 'value': 'Trump, Donald J', 'rank': 2}, {'name': 'Subject', 'value': 'Politics and Government', 'rank': 3}, {'name': 'Subject', 'value': 'Executive Orders and Memorandums', 'rank': 4}, {'name': 'Subject', 'value': 'United States International Relations', 'rank': 5}, {'name': 'Subject', 'value': 'Discrimination', 'rank': 6}, {'name': 'Subject', 'value': 'Refugees and Displaced Persons', 'rank': 7}, {'name': 'Subject', 'value': 'Whites', 'rank': 8}, {'name': 'Subject', 'value': 'Race and Ethnicity', 'rank': 9}, {'name': 'Subject', 'value': 'Apartheid (Policy)', 'rank': 10}, {'name': 'Location', 'value': 'United States', 'rank': 11}]",Foreign,,,2025-05-13 14:25:24+00:00,World,President Cyril Ramaphosa pushed back on Mr. Trump’s allegations.,The New York Times,Africa,News,nyt://article/e13a718f-aa41-58bd-b849-2a57d2244a67,https://www.nytimes.com/article/afrikaner-refugees-trump-south-africa.html,1234,"By John Eligon, Zolan Kanno-Youngs and Erica L. Green",Trump Ambushes South African President With Video of False Claims: What to Know,,,President Cyril Ramaphosa of South Africa and President Trump at the White House on Wednesday.,Eric Lee/The New York Times,https://static01.nyt.com/images/2025/05/21/multimedia/00afrikaner-explainer-update-1-cfbl/00afrikaner-explainer-update-1-cfbl-articleLarge.jpg,400,600,https://static01.nyt.com/images/2025/05/21/multimedia/00afrikaner-explainer-update-1-cfbl/00afrikaner-explainer-update-1-cfbl-thumbStandard.jpg,75,75,Trump Ambushes South African President With Video of False Claims: What to Know,Trump Ambushes South African President With Video of False Claims: What to Know President Cyril Ramaphosa pushed back on Mr. Trump’s allegations. President Cyril Ramaphosa pushed back on Mr. Trump’s allegations.
The Trump administration’s public descriptions of its role in the mediation seemed to touch some sensitive spots politically in India.,article,nyt://article/2b870763-bb80-5967-bf68-bf8aa032e5d0,"[{'name': 'Subject', 'value': 'International Relations', 'rank': 1}, {'name': 'Subject', 'value': 'Drones (Pilotless Planes)', 'rank': 2}, {'name': 'Subject', 'value': 'Defense and Military Forces', 'rank': 3}, {'name': 'Location', 'value': 'India', 'rank': 4}, {'name': 'Location', 'value': 'Kashmir', 'rank': 5}, {'name': 'Location', 'value': 'Pakistan', 'rank': 6}, {'name': 'Person', 'value': 'Modi, Narendra', 'rank': 7}, {'name': 'Person', 'value': 'Trump, Donald J', 'rank': 8}, {'name': 'Subject', 'value': 'War and Armed Conflicts', 'rank': 9}, {'name': 'Subject', 'value': 'Territorial Disputes', 'rank': 10}, {'name': 'Location', 'value': 'Kashmir and Jammu (India)', 'rank': 11}]",Foreign,12,A,2025-05-11 16:10:16+00:00,World,The Trump administration’s public descriptions of its role in the mediation seemed to touch some sensitive spots politically in India.,The New York Times,Asia Pacific,News,nyt://article/2b870763-bb80-5967-bf68-bf8aa032e5d0,https://www.nytimes.com/2025/05/11/world/asia/india-pakistan-kashmir-ceasefire.html,841,"By Anupreeta Das, Salman Masood and Hari Kumar","As Truce Seems to Hold, India and Pakistan Both Claim Victory",,"With a Fragile Truce, Neighboring Countries Both Claim Victory","Police personnel in the city of Jammu, in Indian-controlled Kashmir, on Sunday.",Atul Loke for The New York Times,https://static01.nyt.com/images/2025/05/11/multimedia/11int-india-pakistan-wzfh/11int-india-pakistan-wzfh-articleLarge.jpg,400,600,https://static01.nyt.com/images/2025/05/11/multimedia/11int-india-pakistan-wzfh/11int-india-pakistan-wzfh-thumbStandard.jpg,75,75,"As Truce Seems to Hold, India and Pakistan Both Claim Victory","As Truce Seems to Hold, India and Pakistan Both Claim Victory The Trump administration’s public descriptions of its role in the mediation seemed to touch some sensitive spots politically in India. The Trump administration’s public descriptions of its role in the mediation seemed to touch some sensitive spots politically in India."
,article,nyt://article/c481b7a5-70ba-528f-8bac-7a784aa91d28,"[{'name': 'Organization', 'value': 'Roman Catholic Church', 'rank': 1}, {'name': 'Person', 'value': 'Francis', 'rank': 2}, {'name': 'Location', 'value': 'Peru', 'rank': 3}, {'name': 'Location', 'value': 'Lima (Peru)', 'rank': 4}, {'name': 'Person', 'value': 'Leo XIV', 'rank': 5}]",Foreign,,,2025-05-09 00:51:40+00:00,World,,The New York Times,Europe,Live Blog Post,nyt://article/c481b7a5-70ba-528f-8bac-7a784aa91d28,https://www.nytimes.com/live/2025/05/08/world/pope-conclave-news/pope-leo-xiv-peru,566,By Genevieve Glatsky,Peru rejoices over the new pope and claims him as their own.,,,"The Vatican’s flag fluttering at the Metropolitan Cathedral in Lima, Peru, after Cardinal Robert Francis Prevost was elected pontiff on the second day of the conclave on Thursday.",Juan Carlos Mandujano/Agence France-Presse — Getty Images,https://static01.nyt.com/images/2025/05/08/multimedia/08pope-conclave-peru-reax1-kgbp/08pope-conclave-peru-reax1-kgbp-articleLarge.jpg,600,600,https://static01.nyt.com/images/2025/05/08/multimedia/08pope-conclave-peru-reax1-kgbp/08pope-conclave-peru-reax1-kgbp-thumbStandard.jpg,75,75,Peru rejoices over the new pope and claims him as their own.,Peru rejoices over the new pope and claims him as their own.
Ukraine denied that it had been pushed out of the region and said that its military operations inside Russia were continuing.,article,nyt://article/c06e718c-f3e3-5478-86ea-10b3ff2e7d4a,"[{'name': 'Subject', 'value': 'Russian Invasion of Ukraine (2022)', 'rank': 1}, {'name': 'Location', 'value': 'Russia', 'rank': 2}, {'name': 'Location', 'value': 'Kursk (Russia)', 'rank': 3}, {'name': 'Location', 'value': 'Ukraine', 'rank': 4}, {'name': 'Location', 'value': 'North Korea', 'rank': 5}, {'name': 'Subject', 'value': 'Defense and Military Forces', 'rank': 6}, {'name': 'Person', 'value': 'Putin, Vladimir V', 'rank': 7}, {'name': 'Subject', 'value': 'United States International Relations', 'rank': 8}, {'name': 'Subject', 'value': 'Peace Process', 'rank': 9}]",Foreign,8,A,2025-04-26 14:34:22+00:00,World,Ukraine denied that it had been pushed out of the region and said that its military operations inside Russia were continuing.,The New York Times,Europe,News,nyt://article/c06e718c-f3e3-5478-86ea-10b3ff2e7d4a,https://www.nytimes.com/2025/04/26/world/europe/russia-kursk-ukraine.html,841,"By Ivan Nechepurenko, Paul Sonne and Marc Santora",Russia Claims to Have Retaken Final Village in Its Kursk Region,,Russia Claims to Have Retaken Final Village From Ukraine in Kursk Region,A Russian soldier in a trench at an artillery position in the Kursk region of Russia in December.,Nanna Heitmann for The New York Times,https://static01.nyt.com/images/2025/04/26/multimedia/26int-russia-kursk-01-gjwt/26int-russia-kursk-01-gjwt-articleLarge.jpg,450,600,https://static01.nyt.com/images/2025/04/26/multimedia/26int-russia-kursk-01-gjwt/26int-russia-kursk-01-gjwt-thumbStandard.jpg,75,75,Russia Claims to Have Retaken Final Village in Its Kursk Region,Russia Claims to Have Retaken Final Village in Its Kursk Region Ukraine denied that it had been pushed out of the region and said that its military operations inside Russia were continuing. Ukraine denied that it had been pushed out of the region and said that its military operations inside Russia were continuing.
"A Times investigation shows Therme, a European firm, exaggerated its track record in securing a deal with Ontario, and government auditors found that the process had been unfair and opaque.",article,nyt://article/f41e3fd7-3f33-5e9d-9802-d70d39ec2906,"[{'name': 'Location', 'value': 'Toronto Islands (Toronto, Ontario)', 'rank': 1}, {'name': 'Subject', 'value': 'Spas', 'rank': 2}, {'name': 'Subject', 'value': 'Government Contracts and Procurement', 'rank': 3}, {'name': 'Subject', 'value': 'Real Estate (Commercial)', 'rank': 4}, {'name': 'Organization', 'value': 'Therme Group RHTG AG', 'rank': 5}, {'name': 'Person', 'value': 'Ford, Doug Jr (1964- )', 'rank': 6}, {'name': 'Location', 'value': 'Canada', 'rank': 7}, {'name': 'Location', 'value': 'Bucharest (Romania)', 'rank': 8}, {'name': 'Location', 'value': 'Toronto (Ontario)', 'rank': 9}, {'name': 'Location', 'value': 'Ontario (Canada)', 'rank': 10}, {'name': 'Subject', 'value': 'Area Planning and Renewal', 'rank': 11}, {'name': 'Subject', 'value': 'Ethics and Official Misconduct', 'rank': 12}, {'name': 'Subject', 'value': 'Frauds and Swindling', 'rank': 13}]",Foreign,10,A,2025-04-16 09:02:14+00:00,World,"A Times investigation shows Therme, a European firm, exaggerated its track record in securing a deal with Ontario, and government auditors found that the process had been unfair and opaque.",The New York Times,Canada,News,nyt://article/f41e3fd7-3f33-5e9d-9802-d70d39ec2906,https://www.nytimes.com/2025/04/16/world/canada/therme-spa-ontario-canada.html,1899,By Matina Stevis-Gridneff and Rebecca R. Ruiz,"A Wellness Company With False Claims, Global Aims and a Toronto Island",,Spa Company’s Deal in Toronto Emerged From Steam,The West Island of Ontario Place in Toronto.,Ian Willms for The New York Times,https://static01.nyt.com/images/2025/04/10/multimedia/00canada-spa-hp-promo-hqmf/00canada-spa-hp-promo-hqmf-articleLarge.jpg,450,600,https://static01.nyt.com/images/2025/04/10/multimedia/00canada-spa-hp-promo-hqmf/00canada-spa-hp-promo-hqmf-thumbStandard.jpg,75,75,"A Wellness Company With False Claims, Global Aims and a Toronto Island","A Wellness Company With False Claims, Global Aims and a Toronto Island A Times investigation shows Therme, a European firm, exaggerated its track record in securing a deal with Ontario, and government auditors found that the process had been unfair and opaque. A Times investigation shows Therme, a European firm, exaggerated its track record in securing a deal with Ontario, and government auditors found that the process had been unfair and opaque."
"Ukrainian President Volodymyr Zelensky said more than 150 Chinese men were fighting for Russia in Ukraine, hours after China dismissed claims that many of its citizens were involved in the war.",article,nyt://article/4a353edc-07ce-51b0-ba78-fe6b02f7e9f9,"[{'name': 'Location', 'value': 'China', 'rank': 1}, {'name': 'Location', 'value': 'Ukraine', 'rank': 2}, {'name': 'Location', 'value': 'Russia', 'rank': 3}, {'name': 'Subject', 'value': 'Russian Invasion of Ukraine (2022)', 'rank': 4}, {'name': 'Subject', 'value': 'Mercenaries and Private Military Contractors', 'rank': 5}, {'name': 'Person', 'value': 'Xi Jinping', 'rank': 6}, {'name': 'Person', 'value': 'Zelensky, Volodymyr', 'rank': 7}, {'name': 'Person', 'value': 'Trump, Donald J', 'rank': 8}]",Foreign,8,A,2025-04-09 10:22:12+00:00,World,"Ukrainian President Volodymyr Zelensky said more than 150 Chinese men were fighting for Russia in Ukraine, hours after China dismissed claims that many of its citizens were involved in the war.",The New York Times,Asia Pacific,News,nyt://article/4a353edc-07ce-51b0-ba78-fe6b02f7e9f9,https://www.nytimes.com/2025/04/09/world/asia/china-ukraine-russia.html,652,"By Berry Wang, Cassandra Vinograd and Constant Méheut",Zelensky Doubles Down on Claim That Many Chinese Are Fighting for Russia,,Zelensky Says Russia Recruited 150 Chinese; Beijing Denies Large Numbers,"Lin Jian, a spokesman for China’s foreign ministry, disputed a Ukrainian claim that many Chinese volunteers were fighting for Russia in Ukraine, on Wednesday in Beijing.","Jessica Lee/EPA, via Shutterstock",https://static01.nyt.com/images/2025/04/09/multimedia/09int-china-ukraine-gmpl/09int-china-ukraine-gmpl-articleLarge.jpg,402,600,https://static01.nyt.com/images/2025/04/09/multimedia/09int-china-ukraine-gmpl/09int-china-ukraine-gmpl-thumbStandard.jpg,75,75,Zelensky Doubles Down on Claim That Many Chinese Are Fighting for Russia,"Zelensky Doubles Down on Claim That Many Chinese Are Fighting for Russia Ukrainian President Volodymyr Zelensky said more than 150 Chinese men were fighting for Russia in Ukraine, hours after China dismissed claims that many of its citizens were involved in the war. Ukrainian President Volodymyr Zelensky said more than 150 Chinese men were fighting for Russia in Ukraine, hours after China dismissed claims that many of its citizens were involved in the war."
"The Ukrainian president did not suggest that they had been sent by Beijing’s military, but he pointed to their presence as further evidence that Moscow was not truly interested in peace.",article,nyt://article/0cc8c03b-ba96-5dd9-8ca9-a888fa475fde,"[{'name': 'Subject', 'value': 'Russian Invasion of Ukraine (2022)', 'rank': 1}, {'name': 'Subject', 'value': 'Prisoners of War', 'rank': 2}, {'name': 'Person', 'value': 'Biden, Joseph R Jr', 'rank': 3}, {'name': 'Person', 'value': 'Putin, Vladimir V', 'rank': 4}, {'name': 'Person', 'value': 'Trump, Donald J', 'rank': 5}, {'name': 'Person', 'value': 'Xi Jinping', 'rank': 6}, {'name': 'Person', 'value': 'Zelensky, Volodymyr', 'rank': 7}]",Foreign,11,A,2025-04-08 14:48:32+00:00,World,"The Ukrainian president did not suggest that they had been sent by Beijing’s military, but he pointed to their presence as further evidence that Moscow was not truly interested in peace.",The New York Times,Europe,News,nyt://article/0cc8c03b-ba96-5dd9-8ca9-a888fa475fde,https://www.nytimes.com/2025/04/08/world/europe/zelensky-russia-chinese-belgorod.html,577,By Maria Varenikova and David Pierson,Zelensky Claims Capture of 2 Chinese Citizens Fighting for Russia,,"2 From China Now P.O.W.s, Ukraine Says",President Volodymyr Zelensky of Ukraine addressing a news conference in Kyiv on Tuesday.,Genya Savilov/Agence France-Presse — Getty Images,https://static01.nyt.com/images/2025/04/08/multimedia/08int-ukraine-belgorod-hjwg/08int-ukraine-belgorod-hjwg-articleLarge.jpg,400,600,https://static01.nyt.com/images/2025/04/08/multimedia/08int-ukraine-belgorod-hjwg/08int-ukraine-belgorod-hjwg-thumbStandard.jpg,75,75,Zelensky Claims Capture of 2 Chinese Citizens Fighting for Russia,"Zelensky Claims Capture of 2 Chinese Citizens Fighting for Russia The Ukrainian president did not suggest that they had been sent by Beijing’s military, but he pointed to their presence as further evidence that Moscow was not truly interested in peace. The Ukrainian president did not suggest that they had been sent by Beijing’s military, but he pointed to their presence as further evidence that Moscow was not truly interested in peace."
Five friends defied the junta to care for people injured in the military coup. One returned from the battlefield to find his four friends among the dead in the March 28 earthquake.,article,nyt://article/50f4e401-62ef-5712-a405-fb94e47ed9f7,"[{'name': 'Subject', 'value': 'Myanmar Earthquake (March 28, 2025)', 'rank': 1}, {'name': 'Subject', 'value': 'Health Care Workers', 'rank': 2}, {'name': 'Location', 'value': 'Mandalay (Myanmar)', 'rank': 3}, {'name': 'Subject', 'value': 'War and Armed Conflicts', 'rank': 4}, {'name': 'Subject', 'value': 'Civilian Casualties', 'rank': 5}, {'name': 'Subject', 'value': 'Demonstrations, Protests and Riots', 'rank': 6}, {'name': 'Subject', 'value': ""Coups D'Etat and Attempted Coups D'Etat"", 'rank': 7}, {'name': 'Subject', 'value': 'Earthquakes', 'rank': 8}, {'name': 'Subject', 'value': 'Humanitarian Aid', 'rank': 9}]",Foreign,6,A,2025-04-04 04:01:13+00:00,World,Five friends defied the junta to care for people injured in the military coup. One returned from the battlefield to find his four friends among the dead in the March 28 earthquake.,The New York Times,Asia Pacific,News,nyt://article/50f4e401-62ef-5712-a405-fb94e47ed9f7,https://www.nytimes.com/2025/04/04/world/asia/myanmar-earthquake-doctors.html,800,By Hannah Beech,They Fought to Save Lives in Myanmar. The Earthquake Claimed Theirs.,,"In Myanmar, Young Doctor Struggles as Junta Makes War Even on Healers","A patient at Mandalay General Hospital, three days after the deadly Myanmar earthquake.",Sai Aung Main/Agence France-Presse — Getty Images,https://static01.nyt.com/images/2025/04/04/multimedia/04int-myanmar-doctor-hcqw/04int-myanmar-doctor-hcqw-articleLarge.jpg,400,600,https://static01.nyt.com/images/2025/04/04/multimedia/04int-myanmar-doctor-hcqw/04int-myanmar-doctor-hcqw-thumbStandard.jpg,75,75,They Fought to Save Lives in Myanmar. The Earthquake Claimed Theirs.,They Fought to Save Lives in Myanmar. The Earthquake Claimed Theirs. Five friends defied the junta to care for people injured in the military coup. One returned from the battlefield to find his four friends among the dead in the March 28 earthquake. Five friends defied the junta to care for people injured in the military coup. One returned from the battlefield to find his four friends among the dead in the March 28 earthquake.
"In a lawsuit filed in California, the plaintiffs said that Bumble Bee Foods was aware of and benefited from abuse by suppliers. The company declined to comment.",article,nyt://article/8a239ab1-f49c-597f-b718-caf38b93e12f,"[{'name': 'Subject', 'value': 'Suits and Litigation (Civil)', 'rank': 1}, {'name': 'Subject', 'value': 'Forced Labor', 'rank': 2}, {'name': 'Subject', 'value': 'Seafood', 'rank': 3}, {'name': 'Subject', 'value': 'Workplace Hazards and Violations', 'rank': 4}, {'name': 'Organization', 'value': 'Bumble Bee Foods', 'rank': 5}, {'name': 'Location', 'value': 'Indonesia', 'rank': 6}]",Foreign,,,2025-03-13 14:54:01+00:00,World,"In a lawsuit filed in California, the plaintiffs said that Bumble Bee Foods was aware of and benefited from abuse by suppliers. The company declined to comment.",The New York Times,Asia Pacific,News,nyt://article/8a239ab1-f49c-597f-b718-caf38b93e12f,https://www.nytimes.com/2025/03/13/world/asia/bumble-bee-tuna-forced-labor.html,833,By Sui-Lee Wee and Muktita Suhartono,Indonesian Fishermen Sue U.S. Canned Tuna Giant Over Claims of Forced Labor,,,"The Bumble Bee tuna processing plant in Santa Fe Springs, Calif., in 2012.",Nick Ut/Associated Press,https://static01.nyt.com/images/2025/03/12/multimedia/00indonesia-lawsuit-01-mhlv/00indonesia-lawsuit-01-mhlv-articleLarge.jpg,400,600,https://static01.nyt.com/images/2025/03/12/multimedia/00indonesia-lawsuit-01-mhlv/00indonesia-lawsuit-01-mhlv-thumbStandard.jpg,75,75,Indonesian Fishermen Sue U.S. Canned Tuna Giant Over Claims of Forced Labor,"Indonesian Fishermen Sue U.S. Canned Tuna Giant Over Claims of Forced Labor In a lawsuit filed in California, the plaintiffs said that Bumble Bee Foods was aware of and benefited from abuse by suppliers. The company declined to comment. In a lawsuit filed in California, the plaintiffs said that Bumble Bee Foods was aware of and benefited from abuse by suppliers. The company declined to comment."
"Ukrainian officials have not confirmed a retreat from the town in Russia’s Kursk region, parts of which were captured by Kyiv’s forces last summer.",article,nyt://article/ce5e1752-f941-5eaf-8898-600e3e9512ad,"[{'name': 'Location', 'value': 'Russia', 'rank': 1}, {'name': 'Location', 'value': 'Ukraine', 'rank': 2}, {'name': 'Location', 'value': 'Kursk (Russia)', 'rank': 3}, {'name': 'Subject', 'value': 'Russian Invasion of Ukraine (2022)', 'rank': 4}, {'name': 'Subject', 'value': 'Defense and Military Forces', 'rank': 5}]",Foreign,,,2025-03-13 14:11:27+00:00,World,"Ukrainian officials have not confirmed a retreat from the town in Russia’s Kursk region, parts of which were captured by Kyiv’s forces last summer.",The New York Times,Europe,News,nyt://article/ce5e1752-f941-5eaf-8898-600e3e9512ad,https://www.nytimes.com/2025/03/13/world/europe/russia-sudzha-recapture-kursk-ukraine.html,559,By Maria Varenikova,Russia Claims to Have Regained Control of Key Kursk Town,,,A Ukrainian military vehicle at the Sudzha border crossing last year. ,David Guttenfelder for The New York Times,https://static01.nyt.com/images/2025/03/13/multimedia/13russia-ukraine-Sudzha-pzlc/13russia-ukraine-Sudzha-pzlc-articleLarge.jpg,400,600,https://static01.nyt.com/images/2025/03/13/multimedia/13russia-ukraine-Sudzha-pzlc/13russia-ukraine-Sudzha-pzlc-thumbStandard.jpg,75,75,Russia Claims to Have Regained Control of Key Kursk Town,"Russia Claims to Have Regained Control of Key Kursk Town Ukrainian officials have not confirmed a retreat from the town in Russia’s Kursk region, parts of which were captured by Kyiv’s forces last summer. Ukrainian officials have not confirmed a retreat from the town in Russia’s Kursk region, parts of which were captured by Kyiv’s forces last summer."
An executive order from President Trump on Friday put the weight of U.S. influence behind a hotly disputed claim in South Africa that Afrikaners were the “victims of unjust racial discrimination.”,article,nyt://article/6af972e7-4b8e-57be-8fdd-74a1db00b440,"[{'name': 'Subject', 'value': 'United States International Relations', 'rank': 1}, {'name': 'Subject', 'value': 'Race and Ethnicity', 'rank': 2}, {'name': 'Subject', 'value': 'Foreign Aid', 'rank': 3}, {'name': 'Subject', 'value': 'Apartheid (Policy)', 'rank': 4}, {'name': 'Subject', 'value': 'Discrimination', 'rank': 5}, {'name': 'Subject', 'value': 'Executive Orders and Memorandums', 'rank': 6}, {'name': 'Person', 'value': 'Trump, Donald J', 'rank': 7}, {'name': 'Person', 'value': 'Ramaphosa, Cyril', 'rank': 8}, {'name': 'Person', 'value': 'Musk, Elon', 'rank': 9}, {'name': 'Location', 'value': 'South Africa', 'rank': 10}]",Foreign,6,A,2025-02-09 04:09:42+00:00,World,An executive order from President Trump on Friday put the weight of U.S. influence behind a hotly disputed claim in South Africa that Afrikaners were the “victims of unjust racial discrimination.”,The New York Times,Africa,News,nyt://article/6af972e7-4b8e-57be-8fdd-74a1db00b440,https://www.nytimes.com/2025/02/08/world/africa/afrikaners-trump-south-africa.html,1345,By John Eligon and Lynsey Chutel,Some Afrikaners Cheer as Trump Amplifies Claims of Persecution,,Afrikaners Cheer Trump For Backing Their Cause,"Irrigation equipment on a farm near Krugersdorp in Gauteng Province, South Africa, on Saturday. On Friday, President Trump ordered all aid to South Africa to be halted.",Joao Silva/The New York Times,https://static01.nyt.com/images/2025/02/08/multimedia/08safrica-trump-01-vwkz/08safrica-trump-01-vwkz-articleLarge.jpg,400,600,https://static01.nyt.com/images/2025/02/08/multimedia/08safrica-trump-01-vwkz/08safrica-trump-01-vwkz-thumbStandard.jpg,75,75,Some Afrikaners Cheer as Trump Amplifies Claims of Persecution,Some Afrikaners Cheer as Trump Amplifies Claims of Persecution An executive order from President Trump on Friday put the weight of U.S. influence behind a hotly disputed claim in South Africa that Afrikaners were the “victims of unjust racial discrimination.” An executive order from President Trump on Friday put the weight of U.S. influence behind a hotly disputed claim in South Africa that Afrikaners were the “victims of unjust racial discrimination.”
"The attacker who killed 14 pedestrians on Bourbon Street was “influenced by the discourse and messaging of the Islamic State,” the terrorist group said in a bulletin dated Thursday.",article,nyt://article/01d6025a-b1e0-57a5-9da7-bc4c7d1bd4e1,"[{'name': 'Subject', 'value': ""New Orleans, La, New Year's Day Attack (2025)"", 'rank': 1}, {'name': 'Organization', 'value': 'Islamic State in Iraq and Syria (ISIS)', 'rank': 2}, {'name': 'Person', 'value': 'Jabbar, Shamsud-Din Bahar (1982-2025)', 'rank': 3}, {'name': 'Subject', 'value': 'Terrorism', 'rank': 4}, {'name': 'Subject', 'value': 'Vehicle-Ramming Attacks', 'rank': 5}, {'name': 'Subject', 'value': 'Propaganda', 'rank': 6}, {'name': 'Organization', 'value': 'Federal Bureau of Investigation', 'rank': 7}]",Foreign,7,A,2025-01-10 21:40:39+00:00,World,"The attacker who killed 14 pedestrians on Bourbon Street was “influenced by the discourse and messaging of the Islamic State,” the terrorist group said in a bulletin dated Thursday.",The New York Times,Middle East,News,nyt://article/01d6025a-b1e0-57a5-9da7-bc4c7d1bd4e1,https://www.nytimes.com/2025/01/10/world/middleeast/isis-influence-new-orleans-attack.html,380,By Eve Sampson,"ISIS Says It Inspired New Orleans Attack, but Doesn’t Claim Responsibility",,"In New Orleans Attack, ISIS Cites Its Propaganda",Mourners in New Orleans attend a vigil on Saturday remembering the 14 people killed in the terrorist attack on Bourbon Street early on New Year’s Day.,Edmund D. Fountain for The New York Times,https://static01.nyt.com/images/2025/01/10/multimedia/10isis-nola-1-gkwf/10isis-nola-1-gkwf-articleLarge.jpg,400,600,https://static01.nyt.com/images/2025/01/10/multimedia/10isis-nola-1-gkwf/10isis-nola-1-gkwf-thumbStandard.jpg,75,75,"ISIS Says It Inspired New Orleans Attack, but Doesn’t Claim Responsibility","ISIS Says It Inspired New Orleans Attack, but Doesn’t Claim Responsibility The attacker who killed 14 pedestrians on Bourbon Street was “influenced by the discourse and messaging of the Islamic State,” the terrorist group said in a bulletin dated Thursday. The attacker who killed 14 pedestrians on Bourbon Street was “influenced by the discourse and messaging of the Islamic State,” the terrorist group said in a bulletin dated Thursday."
"Ukraine has largely been driven out of Kurakhove, a battered but strategic town in the Donbas, Russia said. Kyiv’s forces were pressing a renewed offensive in southern Russia.",article,nyt://article/03b48f9e-c791-5dd3-bb6d-7bdc9cc18565,"[{'name': 'Subject', 'value': 'Defense and Military Forces', 'rank': 1}, {'name': 'Subject', 'value': 'Russian Invasion of Ukraine (2022)', 'rank': 2}, {'name': 'Location', 'value': 'Pokrovsk (Ukraine)', 'rank': 3}, {'name': 'Location', 'value': 'Donbas (Ukraine)', 'rank': 4}, {'name': 'Subject', 'value': 'Politics and Government', 'rank': 5}, {'name': 'Location', 'value': 'Ukraine', 'rank': 6}, {'name': 'Location', 'value': 'Russia', 'rank': 7}]",Foreign,1,A,2025-01-06 14:18:59+00:00,World,"Ukraine has largely been driven out of Kurakhove, a battered but strategic town in the Donbas, Russia said. Kyiv’s forces were pressing a renewed offensive in southern Russia.",The New York Times,Europe,News,nyt://article/03b48f9e-c791-5dd3-bb6d-7bdc9cc18565,https://www.nytimes.com/2025/01/06/world/europe/kurakhove-russia-ukraine-war.html,1246,By Marc Santora,Russia Claims Control of Key Town as Ukraine Renews Push in Kursk,,"As Ukraine Pushes Into Kursk, It May Have Lost Crucial Town","A Ukrainian armored vehicle driving in Kurakhove, in the east of the country, in September.",Nicole Tung for The New York Times,https://static01.nyt.com/images/2025/01/01/multimedia/00ukraine-kurakhove-1-zqlt/00ukraine-kurakhove-1-zqlt-articleLarge.jpg,400,600,https://static01.nyt.com/images/2025/01/01/multimedia/00ukraine-kurakhove-1-zqlt/00ukraine-kurakhove-1-zqlt-thumbStandard.jpg,75,75,Russia Claims Control of Key Town as Ukraine Renews Push in Kursk,"Russia Claims Control of Key Town as Ukraine Renews Push in Kursk Ukraine has largely been driven out of Kurakhove, a battered but strategic town in the Donbas, Russia said. Kyiv’s forces were pressing a renewed offensive in southern Russia. Ukraine has largely been driven out of Kurakhove, a battered but strategic town in the Donbas, Russia said. Kyiv’s forces were pressing a renewed offensive in southern Russia."
"Gabriel Boric’s trip to the pole, which his office called the first by a Latin American president, comes amid rising competition for influence in Antarctica.",article,nyt://article/4bfecea0-f385-5ad3-87f3-5170cb7e5b48,"[{'name': 'Location', 'value': 'Antarctic Regions', 'rank': 1}, {'name': 'Location', 'value': 'Chile', 'rank': 2}, {'name': 'Person', 'value': 'Boric, Gabriel', 'rank': 3}, {'name': 'Subject', 'value': 'International Relations', 'rank': 4}, {'name': 'Subject', 'value': 'Territorial Disputes', 'rank': 5}, {'name': 'Subject', 'value': 'Conservation of Resources', 'rank': 6}]",Foreign,,,2025-01-05 00:51:02+00:00,World,"Gabriel Boric’s trip to the pole, which his office called the first by a Latin American president, comes amid rising competition for influence in Antarctica.",The New York Times,Americas,News,nyt://article/4bfecea0-f385-5ad3-87f3-5170cb7e5b48,https://www.nytimes.com/2025/01/04/world/americas/chile-antarctica-boric-competition.html,538,By Eve Sampson,A Frigid First: Chile’s President Visits South Pole to Bolster Antarctic Claims,,,A photograph released by the Chilean Presidential Palace shows President Gabriel Boric at the Ceremonial South Pole during his visit on Friday.,via Reuters,https://static01.nyt.com/images/2025/01/04/multimedia/04chile-antarctica-zjct/04chile-antarctica-zjct-articleLarge.jpg,400,600,https://static01.nyt.com/images/2025/01/04/multimedia/04chile-antarctica-zjct/04chile-antarctica-zjct-thumbStandard.jpg,75,75,A Frigid First: Chile’s President Visits South Pole to Bolster Antarctic Claims,"A Frigid First: Chile’s President Visits South Pole to Bolster Antarctic Claims Gabriel Boric’s trip to the pole, which his office called the first by a Latin American president, comes amid rising competition for influence in Antarctica. Gabriel Boric’s trip to the pole, which his office called the first by a Latin American president, comes amid rising competition for influence in Antarctica."
