abstract,document_type,_id,keywords,news_desk,print_page,print_section,pub_date,section_name,snippet,source,subsection_name,type_of_material,uri,web_url,word_count,byline.original,headline.main,headline.kicker,headline.print_headline,multimedia.caption,multimedia.credit,multimedia.default.url,multimedia.default.height,multimedia.default.width,multimedia.thumbnail.url,multimedia.thumbnail.height,multimedia.thumbnail.width,headline,text
"President Trump said the targets of airstrikes in Nigeria were Islamic State terrorists responsible for killing Christians, but experts question his framing.",article,nyt://article/12e56ed3-8764-5535-a763-27e2845440c9,"[{'name': 'Subject', 'value': 'US Strikes on ISIS in Nigeria (2025- )', 'rank': 1}, {'name': 'Location', 'value': 'Nigeria', 'rank': 2}, {'name': 'Person', 'value': 'Trump, Donald J', 'rank': 3}, {'name': 'Location', 'value': 'Africa', 'rank': 4}, {'name': 'Subject', 'value': 'Christians and Christianity', 'rank': 5}, {'name': 'Person', 'value': 'Tinubu, Bola Ahmed', 'rank': 6}, {'name': 'Organization', 'value': 'Islamic State in Iraq and Syria (ISIS)', 'rank': 7}, {'name': 'Subject', 'value': 'United States International Relations', 'rank': 8}, {'name': 'Subject', 'value': 'Defense and Military Forces', 'rank': 9}, {'name': 'Subject', 'value': 'Muslims and Islam', 'rank': 10}]",Foreign,,,2025-12-26 16:08:54+00:00,World,"President Trump said the targets of airstrikes in Nigeria were Islamic State terrorists responsible for killing Christians, but experts question his framing.",The New York Times,Africa,News,nyt://article/12e56ed3-8764-5535-a763-27e2845440c9,https://www.nytimes.com/2025/12/26/world/africa/trump-isis-strikes-nigeria-christians-facts.html,1176,"By Ruth Maclean, Saikou Jammeh, Ismail Auwal and Eric Schmitt",Trump’s Claims About Nigeria Strike Belie a Complex Situation on the Ground,,,"President Trump at Mar-a-Lago in Palm Beach, Fla., on Monday. He said that the targets of Thursday’s strike on Sokoto State in Nigeria were members of the Islamic State.",Eric Lee for The New York Times,https://static01.nyt.com/images/2025/12/26/multimedia/26int-nigeria-assess-qcph/26int-nigeria-assess-qcph-articleLarge.jpg,400,600,https://static01.nyt.com/images/2025/12/26/multimedia/26int-nigeria-assess-qcph/26int-nigeria-assess-qcph-thumbStandard.jpg,75,75,Trump’s Claims About Nigeria Strike Belie a Complex Situation on the Ground,"Trump’s Claims About Nigeria Strike Belie a Complex Situation on the Ground President Trump said the targets of airstrikes in Nigeria were Islamic State terrorists responsible for killing Christians, but experts question his framing. President Trump said the targets of airstrikes in Nigeria were Islamic State terrorists responsible for killing Christians, but experts question his framing."
"After officials called the presidential race for Nasry Asfura, his rival, Salvador Nasralla, disputed the result and expressed ire over the U.S. role.",article,nyt://article/2f77ecdd-eed8-5f7c-b546-a1fa926e4bb3,"[{'name': 'Location', 'value': 'Honduras', 'rank': 1}, {'name': 'Subject', 'value': 'Elections', 'rank': 2}, {'name': 'Person', 'value': 'Asfura, Nasry', 'rank': 3}, {'name': 'Person', 'value': 'Nasralla, Salvador', 'rank': 4}, {'name': 'Subject', 'value': 'United States International Relations', 'rank': 5}, {'name': 'Subject', 'value': 'Politics and Government', 'rank': 6}, {'name': 'Organization', 'value': 'Organization of American States', 'rank': 7}, {'name': 'Person', 'value': 'Rubio, Marco', 'rank': 8}, {'name': 'Person', 'value': 'Trump, Donald J', 'rank': 9}]",Foreign,8.0,A,2025-12-25 17:40:20+00:00,World,"After officials called the presidential race for Nasry Asfura, his rival, Salvador Nasralla, disputed the result and expressed ire over the U.S. role.",The New York Times,Americas,News,nyt://article/2f77ecdd-eed8-5f7c-b546-a1fa926e4bb3,https://www.nytimes.com/2025/12/25/world/americas/honduras-election-dispute.html,840,"By Jack Nicas, Emiliano Rodríguez Mega and Jeff Ernst",Honduran Candidate Claims Fraud After Trump-Backed Opponent Is Declared Victor,,"In Honduras, Election of Trump Ally Is in Dispute","Nasry Asfura in Tegucigalpa, Honduras, last month.",Orlando Sierra/Agence France-Presse — Getty Images,https://static01.nyt.com/images/2025/12/25/multimedia/25int-honduras-election-cqmk/25int-honduras-election-cqmk-articleLarge.jpg,403,600,https://static01.nyt.com/images/2025/12/25/multimedia/25int-honduras-election-cqmk/25int-honduras-election-cqmk-thumbStandard.jpg,75,75,Honduran Candidate Claims Fraud After Trump-Backed Opponent Is Declared Victor,"Honduran Candidate Claims Fraud After Trump-Backed Opponent Is Declared Victor After officials called the presidential race for Nasry Asfura, his rival, Salvador Nasralla, disputed the result and expressed ire over the U.S. role. After officials called the presidential race for Nasry Asfura, his rival, Salvador Nasralla, disputed the result and expressed ire over the U.S. role."
"President Trump said the United States wanted to reclaim expropriated oil assets, setting off a nationalist reaction in a country where the resource holds a mythical status.",article,nyt://article/578bdf31-c73b-5371-bdb8-21177a03c47d,"[{'name': 'Subject', 'value': 'United States International Relations', 'rank': 1}, {'name': 'Subject', 'value': 'Nationalization of Industry', 'rank': 2}, {'name': 'Subject', 'value': 'Oil (Petroleum) and Gasoline', 'rank': 3}, {'name': 'Organization', 'value': 'Chevron Corporation', 'rank': 4}, {'name': 'Organization', 'value': 'Exxon Mobil Corp', 'rank': 5}, {'name': 'Organization', 'value': 'ConocoPhillips', 'rank': 6}, {'name': 'Organization', 'value': 'Petroleos de Venezuela SA', 'rank': 7}, {'name': 'Organization', 'value': 'Organization of the Petroleum Exporting Countries', 'rank': 8}, {'name': 'Location', 'value': 'United States', 'rank': 9}, {'name': 'Location', 'value': 'Venezuela', 'rank': 10}]",Foreign,1.0,A,2025-12-17 23:25:29+00:00,World,"President Trump said the United States wanted to reclaim expropriated oil assets, setting off a nationalist reaction in a country where the resource holds a mythical status.",The New York Times,Americas,News,nyt://article/578bdf31-c73b-5371-bdb8-21177a03c47d,https://www.nytimes.com/2025/12/17/world/americas/trump-venezuela-oil-fields-stolen-claims.html,878,By Simon Romero,Trump’s Claim That Venezuela ‘Stole’ U.S. Oil Fields Touches Nationalist Nerve,news analysis,Claim of Stolen Oil Hits Nerve in Venezuela,"Derricks in the Maracaibo oil fields of Venezuela in the early 20th century. American oil companies invested millions of dollars in the region, generating profits that flowed to the United States, rather than Venezuela. ",Getty Images,https://static01.nyt.com/images/2025/12/17/multimedia/17int-venezuela-oil-history-vhbg/17int-venezuela-oil-history-vhbg-articleLarge.jpg,400,600,https://static01.nyt.com/images/2025/12/17/multimedia/17int-venezuela-oil-history-vhbg/17int-venezuela-oil-history-vhbg-thumbStandard.jpg,75,75,Trump’s Claim That Venezuela ‘Stole’ U.S. Oil Fields Touches Nationalist Nerve,"Trump’s Claim That Venezuela ‘Stole’ U.S. Oil Fields Touches Nationalist Nerve President Trump said the United States wanted to reclaim expropriated oil assets, setting off a nationalist reaction in a country where the resource holds a mythical status. President Trump said the United States wanted to reclaim expropriated oil assets, setting off a nationalist reaction in a country where the resource holds a mythical status."
"The conflict appeared to have continued unabated on Saturday morning, a day after President Trump said a cease-fire was supposed to have resumed.",article,nyt://article/79ba3ebb-34b3-5dd1-8caf-d1950c4e988d,"[{'name': 'Subject', 'value': 'War and Armed Conflicts', 'rank': 1}, {'name': 'Location', 'value': 'Thailand', 'rank': 2}, {'name': 'Location', 'value': 'Cambodia', 'rank': 3}, {'name': 'Subject', 'value': 'International Relations', 'rank': 4}, {'name': 'Person', 'value': 'Anutin Charnvirakul (1966- )', 'rank': 5}, {'name': 'Person', 'value': 'Hun Manet (1977- )', 'rank': 6}, {'name': 'Person', 'value': 'Trump, Donald J', 'rank': 7}, {'name': 'Subject', 'value': 'Civilian Casualties', 'rank': 8}, {'name': 'Subject', 'value': 'Territorial Disputes', 'rank': 9}, {'name': 'Subject', 'value': 'Defense and Military Forces', 'rank': 10}, {'name': 'Subject', 'value': 'United States International Relations', 'rank': 11}, {'name': 'Person', 'value': 'Ibrahim, Anwar', 'rank': 12}]",Foreign,,,2025-12-13 07:20:45+00:00,World,"The conflict appeared to have continued unabated on Saturday morning, a day after President Trump said a cease-fire was supposed to have resumed.",The New York Times,Asia Pacific,News,nyt://article/79ba3ebb-34b3-5dd1-8caf-d1950c4e988d,https://www.nytimes.com/2025/12/13/world/asia/thailand-cambodia-trump-ceasefire.html,813,By Sui-Lee Wee and Sun Narin,Thailand Rejects Trump’s Claim That It Reached a Cease-Fire With Cambodia,,,A damaged bridge in Cambodia’s Pursat Province on Saturday.,Agence France-Presse — Getty Images,https://static01.nyt.com/images/2025/12/13/multimedia/13int-thailand-cambodia-pwqf/13int-thailand-cambodia-pwqf-articleLarge.jpg,400,600,https://static01.nyt.com/images/2025/12/13/multimedia/13int-thailand-cambodia-pwqf/13int-thailand-cambodia-pwqf-thumbStandard.jpg,75,75,Thailand Rejects Trump’s Claim That It Reached a Cease-Fire With Cambodia,"Thailand Rejects Trump’s Claim That It Reached a Cease-Fire With Cambodia The conflict appeared to have continued unabated on Saturday morning, a day after President Trump said a cease-fire was supposed to have resumed. The conflict appeared to have continued unabated on Saturday morning, a day after President Trump said a cease-fire was supposed to have resumed."
"Looking to shake off Moscow’s cultural influences, Kyiv has been seeking to highlight the Ukrainian roots of Kazimir Malevich, a renowned avant-garde painter.",article,nyt://article/de5c424a-ba2a-518d-b92c-ee9064665355,"[{'name': 'Subject', 'value': 'Russian Invasion of Ukraine (2022)', 'rank': 1}, {'name': 'Subject', 'value': 'Destruction of Cultural Antiquities and Heritage', 'rank': 2}, {'name': 'Subject', 'value': 'Culture (Arts)', 'rank': 3}, {'name': 'Subject', 'value': 'Art', 'rank': 4}, {'name': 'Subject', 'value': 'Museums', 'rank': 5}, {'name': 'Person', 'value': 'Malevich, Kasimir', 'rank': 6}, {'name': 'Location', 'value': 'Ukraine', 'rank': 7}, {'name': 'Location', 'value': 'Russia', 'rank': 8}]",Foreign,4.0,A,2025-12-09 10:24:52+00:00,World,"Looking to shake off Moscow’s cultural influences, Kyiv has been seeking to highlight the Ukrainian roots of Kazimir Malevich, a renowned avant-garde painter.",The New York Times,Europe,News,nyt://article/de5c424a-ba2a-518d-b92c-ee9064665355,https://www.nytimes.com/2025/12/09/world/europe/ukraine-malevich-artist.html,1339,By Constant Méheut,Another Front in the War in Ukraine: Who Gets to Claim a Famed Artist?,,Ukraine Mobilizes to Reclaim the Legacy of a Pioneering Artist,"A train car dedicated to Kazimir Malevich in Kyiv, Ukraine, in October.",Oksana Parafeniuk for The New York Times,https://static01.nyt.com/images/2025/11/18/multimedia/00int-ukraine-malevich-01-vpgc/00int-ukraine-malevich-01-vpgc-articleLarge.jpg,400,600,https://static01.nyt.com/images/2025/11/18/multimedia/00int-ukraine-malevich-01-vpgc/00int-ukraine-malevich-01-vpgc-thumbStandard.jpg,75,75,Another Front in the War in Ukraine: Who Gets to Claim a Famed Artist?,"Another Front in the War in Ukraine: Who Gets to Claim a Famed Artist? Looking to shake off Moscow’s cultural influences, Kyiv has been seeking to highlight the Ukrainian roots of Kazimir Malevich, a renowned avant-garde painter. Looking to shake off Moscow’s cultural influences, Kyiv has been seeking to highlight the Ukrainian roots of Kazimir Malevich, a renowned avant-garde painter."
The opposition has accused the president of putting a general in charge of the government so that he could stay in power and lead by proxy.,article,nyt://article/239ed6b9-e8cf-5d6e-a5e5-8f84b08032f3,"[{'name': 'Subject', 'value': ""Coups D'Etat and Attempted Coups D'Etat"", 'rank': 2}, {'name': 'Subject', 'value': 'Politics and Government', 'rank': 3}, {'name': 'Subject', 'value': 'Demonstrations, Protests and Riots', 'rank': 4}, {'name': 'Subject', 'value': 'Defense and Military Forces', 'rank': 5}, {'name': 'Subject', 'value': 'Elections', 'rank': 6}, {'name': 'Location', 'value': 'Guinea-Bissau', 'rank': 7}, {'name': 'Person', 'value': 'Embalo, Umaro Sissoco', 'rank': 8}, {'name': 'Person', 'value': 'Dias, Fernando (1978- )', 'rank': 9}, {'name': 'Person', 'value': 'Inta-a, Horta', 'rank': 10}]",Foreign,7.0,A,2025-11-27 17:35:17+00:00,World,The opposition has accused the president of putting a general in charge of the government so that he could stay in power and lead by proxy.,The New York Times,Africa,News,nyt://article/239ed6b9-e8cf-5d6e-a5e5-8f84b08032f3,https://www.nytimes.com/2025/11/27/world/africa/guinea-bissau-coup.html,702,By Saikou Jammeh and Ruth Maclean,Guinea-Bissau Installs Military Ruler After Claims of a ‘Fabricated’ Coup,,Military Leader Installed After Guinea-Bissau Coup,General Horta Inta-a during his swearing-in ceremony as the transitional leader of Guinea-Bissau.,Patrick Meinhardt/Agence France-Presse — Getty Images,https://static01.nyt.com/images/2025/11/27/multimedia/27int-guinea-bissau-coup-wfvh/27int-guinea-bissau-coup-wfvh-articleLarge.jpg,400,600,https://static01.nyt.com/images/2025/11/27/multimedia/27int-guinea-bissau-coup-wfvh/27int-guinea-bissau-coup-wfvh-thumbStandard.jpg,75,75,Guinea-Bissau Installs Military Ruler After Claims of a ‘Fabricated’ Coup,Guinea-Bissau Installs Military Ruler After Claims of a ‘Fabricated’ Coup The opposition has accused the president of putting a general in charge of the government so that he could stay in power and lead by proxy. The opposition has accused the president of putting a general in charge of the government so that he could stay in power and lead by proxy.
Opposition leader Maria Corina Machado faces criticism that she is exaggerating threats posed by Venezuela’s leader to justify U.S. force to overthrow him.,article,nyt://article/25070db0-eb56-57fd-8339-62acb4b6a459,"[{'name': 'Subject', 'value': 'United States International Relations', 'rank': 1}, {'name': 'Subject', 'value': 'Politics and Government', 'rank': 2}, {'name': 'Subject', 'value': 'Smuggling', 'rank': 3}, {'name': 'Subject', 'value': 'Drug Cartels', 'rank': 4}, {'name': 'Subject', 'value': 'Elections', 'rank': 5}, {'name': 'Subject', 'value': 'Rumors and Misinformation', 'rank': 6}, {'name': 'Organization', 'value': 'Cartel de Los Soles', 'rank': 7}, {'name': 'Organization', 'value': 'Tren de Aragua (Gang)', 'rank': 8}, {'name': 'Person', 'value': 'Capriles Radonski, Henrique', 'rank': 9}, {'name': 'Person', 'value': 'Machado, Maria Corina', 'rank': 10}, {'name': 'Person', 'value': 'Maduro, Nicolas', 'rank': 11}, {'name': 'Person', 'value': 'Trump, Donald J', 'rank': 12}, {'name': 'Location', 'value': 'United States', 'rank': 13}, {'name': 'Location', 'value': 'Venezuela', 'rank': 14}]",Foreign,6.0,A,2025-11-26 10:02:01+00:00,World,Opposition leader Maria Corina Machado faces criticism that she is exaggerating threats posed by Venezuela’s leader to justify U.S. force to overthrow him.,The New York Times,Americas,News,nyt://article/25070db0-eb56-57fd-8339-62acb4b6a459,https://www.nytimes.com/2025/11/26/world/americas/maria-machado-maduro-venezuela.html,1476,By Simon Romero,"Venezuela’s Nobel Winner Pushes False Claims About Maduro, Critics Say",,Questions Are Raised as Maduro’s Foes Contend He Runs Drug Cartels,Maria Corina Machado has argued that Nicolás Maduro simultaneously heads two different drug trafficking organizations that threaten U.S. national security. ,Adriana Loureiro Fernandez for The New York Times,https://static01.nyt.com/images/2025/11/20/multimedia/00int-venezuela-opposition-ftzc/00int-venezuela-opposition-ftzc-articleLarge.jpg,400,600,https://static01.nyt.com/images/2025/11/20/multimedia/00int-venezuela-opposition-ftzc/00int-venezuela-opposition-ftzc-thumbStandard.jpg,75,75,"Venezuela’s Nobel Winner Pushes False Claims About Maduro, Critics Say","Venezuela’s Nobel Winner Pushes False Claims About Maduro, Critics Say Opposition leader Maria Corina Machado faces criticism that she is exaggerating threats posed by Venezuela’s leader to justify U.S. force to overthrow him. Opposition leader Maria Corina Machado faces criticism that she is exaggerating threats posed by Venezuela’s leader to justify U.S. force to overthrow him."
Officials have accused the United States of foreign interference and called on Washington to support the country’s democracy instead of fomenting division.,article,nyt://article/fcd6d314-d9c1-547c-b638-9f642fe621ef,"[{'name': 'Person', 'value': 'Trump, Donald J', 'rank': 1}, {'name': 'Location', 'value': 'Africa', 'rank': 2}, {'name': 'Location', 'value': 'Nigeria', 'rank': 3}, {'name': 'Subject', 'value': 'United States Politics and Government', 'rank': 4}, {'name': 'Subject', 'value': 'Politics and Government', 'rank': 5}, {'name': 'Subject', 'value': 'Christians and Christianity', 'rank': 6}, {'name': 'Subject', 'value': 'Terrorism', 'rank': 7}, {'name': 'Subject', 'value': 'International Relations', 'rank': 8}, {'name': 'Subject', 'value': 'United States International Relations', 'rank': 9}, {'name': 'Subject', 'value': 'War Crimes, Genocide and Crimes Against Humanity', 'rank': 10}, {'name': 'Subject', 'value': 'Religion and Belief', 'rank': 11}, {'name': 'Subject', 'value': 'United States Defense and Military Forces', 'rank': 12}, {'name': 'Subject', 'value': 'Refugees and Displaced Persons', 'rank': 13}]",Foreign,8.0,A,2025-11-04 19:36:44+00:00,World,Officials have accused the United States of foreign interference and called on Washington to support the country’s democracy instead of fomenting division.,The New York Times,Africa,News,nyt://article/fcd6d314-d9c1-547c-b638-9f642fe621ef,https://www.nytimes.com/2025/11/04/world/africa/nigeria-rejects-trump-christian-killings.html,1418,"By Ruth Maclean, Saikou Jammeh and Ismail Auwal","Nigeria, in Trump’s Cross Hairs, Rejects Christian Genocide Claims",,"Nigeria, Battered by Insurgents, Rejects Christian Massacre Claims","Honoring late Pope Francis at the Holy Cross Cathedral Church in Lagos Nigeria, in April.",Sunday Alamba/Associated Press,https://static01.nyt.com/images/2025/11/04/multimedia/04int-nigeria-trump-christianity-1-bvmg/04int-nigeria-trump-christianity-1-bvmg-articleLarge.jpg,400,600,https://static01.nyt.com/images/2025/11/04/multimedia/04int-nigeria-trump-christianity-1-bvmg/04int-nigeria-trump-christianity-1-bvmg-thumbStandard.jpg,75,75,"Nigeria, in Trump’s Cross Hairs, Rejects Christian Genocide Claims","Nigeria, in Trump’s Cross Hairs, Rejects Christian Genocide Claims Officials have accused the United States of foreign interference and called on Washington to support the country’s democracy instead of fomenting division. Officials have accused the United States of foreign interference and called on Washington to support the country’s democracy instead of fomenting division."
The U.N.’s human rights chief condemned deadly military attacks on vessels near South and Central America and called for an independent investigation.,article,nyt://article/c7c63488-08a9-5ec4-a355-8ada94eac5db,"[{'name': 'Organization', 'value': 'United Nations', 'rank': 1}, {'name': 'Person', 'value': 'Turk, Volker', 'rank': 2}, {'name': 'Subject', 'value': 'Human Rights and Human Rights Violations', 'rank': 3}, {'name': 'Person', 'value': 'Trump, Donald J', 'rank': 4}, {'name': 'Subject', 'value': 'Drug Abuse and Traffic', 'rank': 5}, {'name': 'Organization', 'value': 'Defense Department', 'rank': 6}, {'name': 'Subject', 'value': 'Presidential Power (US)', 'rank': 7}, {'name': 'Subject', 'value': 'Smuggling', 'rank': 8}, {'name': 'Subject', 'value': 'United States Defense and Military Forces', 'rank': 9}, {'name': 'Subject', 'value': 'Drug Cartels', 'rank': 10}, {'name': 'Subject', 'value': 'Targeted Killings', 'rank': 11}]",Foreign,,,2025-10-31 14:11:01+00:00,World,The U.N.’s human rights chief condemned deadly military attacks on vessels near South and Central America and called for an independent investigation.,The New York Times,Americas,News,nyt://article/c7c63488-08a9-5ec4-a355-8ada94eac5db,https://www.nytimes.com/2025/10/31/world/americas/un-us-military-boat-strikes.html,353,By Nick Cumming-Bruce,U.N. Says Strikes on Boats Trump Claims Are Smuggling Drugs Are Illegal,,,"The U.N.’s human right chief, Volker Türk, said the attacks were “unacceptable” and must stop.",Fabrice Coffrini/Agence France-Presse — Getty Images,https://static01.nyt.com/images/2025/10/31/world/31un-trump-caribbean-strikes-001/31un-trump-caribbean-strikes-001-articleLarge.jpg,400,600,https://static01.nyt.com/images/2025/10/31/world/31un-trump-caribbean-strikes-001/31un-trump-caribbean-strikes-001-thumbStandard-v2.jpg,75,75,U.N. Says Strikes on Boats Trump Claims Are Smuggling Drugs Are Illegal,U.N. Says Strikes on Boats Trump Claims Are Smuggling Drugs Are Illegal The U.N.’s human rights chief condemned deadly military attacks on vessels near South and Central America and called for an independent investigation. The U.N.’s human rights chief condemned deadly military attacks on vessels near South and Central America and called for an independent investigation.
"By withholding soybean purchases and rare-earth exports, China extracted relief from U.S. tariffs and delayed export controls, without conceding much in return.",article,nyt://article/610ceac2-0a0d-553f-a207-c766b6337b13,"[{'name': 'Subject', 'value': 'United States International Relations', 'rank': 1}, {'name': 'Subject', 'value': 'International Trade and World Market', 'rank': 2}, {'name': 'Subject', 'value': 'Customs (Tariff)', 'rank': 3}, {'name': 'Subject', 'value': 'International Relations', 'rank': 4}, {'name': 'Organization', 'value': 'Ministry of Commerce (China)', 'rank': 5}, {'name': 'Organization', 'value': 'State Department', 'rank': 6}, {'name': 'Person', 'value': 'Trump, Donald J', 'rank': 7}, {'name': 'Person', 'value': 'Xi Jinping', 'rank': 8}, {'name': 'Location', 'value': 'China', 'rank': 9}, {'name': 'Location', 'value': 'United States', 'rank': 10}, {'name': 'Location', 'value': 'South Korea', 'rank': 11}, {'name': 'Subject', 'value': 'Rare Earths', 'rank': 13}, {'name': 'Subject', 'value': 'Soybeans', 'rank': 14}]",Foreign,1.0,A,2025-10-30 10:00:06+00:00,World,"By withholding soybean purchases and rare-earth exports, China extracted relief from U.S. tariffs and delayed export controls, without conceding much in return.",The New York Times,Asia Pacific,News,nyt://article/610ceac2-0a0d-553f-a207-c766b6337b13,https://www.nytimes.com/2025/10/30/world/asia/china-trump-xi-trade.html,1236,By Lily Kuo and David Pierson,"The Art of Letting Trump Claim a Win, While Walking Away Stronger",News Analysis,China’s Win:  Allowing U.S.  To Claim One,"President Trump and China’s leader, Xi Jinping, after talks on Thursday ended. Mr. Xi said to Mr. Trump that both sides should avoid falling into a “vicious cycle of mutual retaliation.”",Haiyun Jiang/The New York Times,https://static01.nyt.com/images/2025/10/30/multimedia/30int-xi-trump-analysis-bfvw/30int-xi-trump-analysis-bfvw-articleLarge.jpg,400,600,https://static01.nyt.com/images/2025/10/30/multimedia/30int-xi-trump-analysis-bfvw/30int-xi-trump-analysis-bfvw-thumbStandard.jpg,75,75,"The Art of Letting Trump Claim a Win, While Walking Away Stronger","The Art of Letting Trump Claim a Win, While Walking Away Stronger By withholding soybean purchases and rare-earth exports, China extracted relief from U.S. tariffs and delayed export controls, without conceding much in return. By withholding soybean purchases and rare-earth exports, China extracted relief from U.S. tariffs and delayed export controls, without conceding much in return."
"The Rapid Support Forces said it had seized the army headquarters in El Fasher, its last major obstacle to controlling the sprawling western region of Sudan.",article,nyt://article/601658fc-1016-57fb-8578-a21431ed034c,"[{'name': 'Subject', 'value': 'War and Armed Conflicts', 'rank': 1}, {'name': 'Subject', 'value': 'Civilian Casualties', 'rank': 2}, {'name': 'Subject', 'value': 'Defense and Military Forces', 'rank': 3}, {'name': 'Subject', 'value': 'Famine', 'rank': 4}, {'name': 'Organization', 'value': 'Rapid Support Forces (Sudan)', 'rank': 5}, {'name': 'Location', 'value': 'El Fasher (Sudan)', 'rank': 6}, {'name': 'Location', 'value': 'Sudan', 'rank': 7}]",Foreign,10.0,A,2025-10-26 11:22:23+00:00,World,"The Rapid Support Forces said it had seized the army headquarters in El Fasher, its last major obstacle to controlling the sprawling western region of Sudan.",The New York Times,Africa,News,nyt://article/601658fc-1016-57fb-8578-a21431ed034c,https://www.nytimes.com/2025/10/26/world/africa/sudan-army-base.html,749,By Declan Walsh,Sudanese Paramilitaries Claim Control of Key Army Garrison in Darfur,,"In Sudan, R.S.F. Casts Military Out Of Key Post","Sudanese residents gathered in August to receive food in El Fasher, a city in Darfur that has been under a siege by the paramilitary Rapid Support Forces.",Agence France-Presse — Getty Images,https://static01.nyt.com/images/2025/10/26/world/26int-sudan-apol/26int-sudan-apol-articleLarge.jpg,400,600,https://static01.nyt.com/images/2025/10/26/world/26int-sudan-apol/26int-sudan-apol-thumbStandard.jpg,75,75,Sudanese Paramilitaries Claim Control of Key Army Garrison in Darfur,"Sudanese Paramilitaries Claim Control of Key Army Garrison in Darfur The Rapid Support Forces said it had seized the army headquarters in El Fasher, its last major obstacle to controlling the sprawling western region of Sudan. The Rapid Support Forces said it had seized the army headquarters in El Fasher, its last major obstacle to controlling the sprawling western region of Sudan."
"Andrew Tate, an online influencer, and his brother Tristan, have been in a legal battle with a woman who accused them of harassing her after she gave testimony in Romania.",article,nyt://article/3dbfcd69-0c4b-50ea-870a-63a059d521af,"[{'name': 'Subject', 'value': 'Human Trafficking', 'rank': 1}, {'name': 'Subject', 'value': 'Sex Crimes', 'rank': 2}, {'name': 'Person', 'value': 'Tate, Andrew (1986- )', 'rank': 3}, {'name': 'Person', 'value': 'Tate, Tristan', 'rank': 4}, {'name': 'Location', 'value': 'Romania', 'rank': 5}, {'name': 'Location', 'value': 'Great Britain', 'rank': 6}, {'name': 'Subject', 'value': 'Suits and Litigation (Civil)', 'rank': 7}, {'name': 'Subject', 'value': 'Women and Girls', 'rank': 8}, {'name': 'Subject', 'value': 'Decisions and Verdicts', 'rank': 9}, {'name': 'Subject', 'value': 'Libel and Slander', 'rank': 10}]",Express,16.0,A,2025-10-25 18:22:32+00:00,World,"Andrew Tate, an online influencer, and his brother Tristan, have been in a legal battle with a woman who accused them of harassing her after she gave testimony in Romania.",The New York Times,Europe,News,nyt://article/3dbfcd69-0c4b-50ea-870a-63a059d521af,https://www.nytimes.com/2025/10/25/world/europe/andrew-tate-florida-charges.html,691,By Isabella Kwai and Adeel Hassan,Judge Dismisses Most Claims Against Tate Brothers in Florida Lawsuit,,Judge Tosses Most Claims In Lawsuit Against Tates,"Tristan Tate, left, and his brother Andrew Tate in Bucharest, Romania, this year. ",Andrei Pungovschi/Getty Images,https://static01.nyt.com/images/2025/10/25/arts/25xp-tate/25xp-tate-articleLarge.jpg,400,600,https://static01.nyt.com/images/2025/10/25/arts/25xp-tate/25xp-tate-thumbStandard.jpg,75,75,Judge Dismisses Most Claims Against Tate Brothers in Florida Lawsuit,"Judge Dismisses Most Claims Against Tate Brothers in Florida Lawsuit Andrew Tate, an online influencer, and his brother Tristan, have been in a legal battle with a woman who accused them of harassing her after she gave testimony in Romania. Andrew Tate, an online influencer, and his brother Tristan, have been in a legal battle with a woman who accused them of harassing her after she gave testimony in Romania."
"The government subtly rebuffed the president’s comments that it would stop buying Russian oil, as it tries to avoid a public fight and end a trade dispute with Washington.",article,nyt://article/c52536a4-a256-59ef-a48f-1b230e863cd4,"[{'name': 'Subject', 'value': 'International Relations', 'rank': 1}, {'name': 'Subject', 'value': 'United States International Relations', 'rank': 2}, {'name': 'Location', 'value': 'India', 'rank': 3}, {'name': 'Location', 'value': 'United States', 'rank': 4}, {'name': 'Subject', 'value': 'Oil (Petroleum) and Gasoline', 'rank': 5}, {'name': 'Subject', 'value': 'Customs (Tariff)', 'rank': 6}, {'name': 'Person', 'value': 'Modi, Narendra', 'rank': 7}, {'name': 'Person', 'value': 'Trump, Donald J', 'rank': 8}, {'name': 'Subject', 'value': 'Russian Invasion of Ukraine (2022)', 'rank': 9}, {'name': 'Subject', 'value': 'International Trade and World Market', 'rank': 10}]",Foreign,10.0,A,2025-10-16 12:00:18+00:00,World,"The government subtly rebuffed the president’s comments that it would stop buying Russian oil, as it tries to avoid a public fight and end a trade dispute with Washington.",The New York Times,Asia Pacific,News,nyt://article/c52536a4-a256-59ef-a48f-1b230e863cd4,https://www.nytimes.com/2025/10/16/world/asia/india-trump-russia-oil.html,829,By Mujib Mashal and Pragati K.B.,India Tiptoes Around Trump’s Latest Claims on Russian Oil Purchases,,India Subtly Rebuffs Claims on Russian Oil Purchases,President Trump and Prime Minister Narendra Modi of India at a joint news conference at the White House in February.,Eric Lee/The New York Times,https://static01.nyt.com/images/2025/10/16/multimedia/16INT-INDIA-TRUMP-OIL-01-qpbh/16INT-INDIA-TRUMP-OIL-01-qpbh-articleLarge.jpg,400,600,https://static01.nyt.com/images/2025/10/16/multimedia/16INT-INDIA-TRUMP-OIL-01-qpbh/16INT-INDIA-TRUMP-OIL-01-qpbh-thumbStandard-v2.jpg,75,75,India Tiptoes Around Trump’s Latest Claims on Russian Oil Purchases,"India Tiptoes Around Trump’s Latest Claims on Russian Oil Purchases The government subtly rebuffed the president’s comments that it would stop buying Russian oil, as it tries to avoid a public fight and end a trade dispute with Washington. The government subtly rebuffed the president’s comments that it would stop buying Russian oil, as it tries to avoid a public fight and end a trade dispute with Washington."
"Official results have not  been released, but Issa Tchiroma Bakary called on President Paul Biya, 92 years old, to concede.",article,nyt://article/a15afe81-8e45-5239-9092-665539aa1a06,"[{'name': 'Person', 'value': 'Biya, Paul', 'rank': 1}, {'name': 'Location', 'value': 'Cameroon', 'rank': 2}, {'name': 'Subject', 'value': 'Presidents and Presidency (US)', 'rank': 3}, {'name': 'Subject', 'value': 'Elections', 'rank': 4}, {'name': 'Subject', 'value': 'Voter Fraud (Election Fraud)', 'rank': 5}, {'name': 'Subject', 'value': 'Generation Z', 'rank': 6}]",Foreign,5.0,A,2025-10-12 04:01:06+00:00,World,"Official results have not  been released, but Issa Tchiroma Bakary called on President Paul Biya, 92 years old, to concede.",The New York Times,Africa,News,nyt://article/a15afe81-8e45-5239-9092-665539aa1a06,https://www.nytimes.com/2025/10/12/world/africa/cameroon-election-biya-president.html,822,By Saikou Jammeh and Ruth Maclean,Cameroon’s Opposition Candidate Claims Victory Over World’s Oldest President,,World’s Oldest President Tries to Extend His 42-Year Rule in Cameroon Election,"President Paul Biya of Cameroon at the only rally of his re-election campaign, on Oct. 7 in Maroua. He promised that if re-elected, he would reduce unemployment and poverty.",Robert Fimbaye/Agence France-Presse &mdash; Getty Images,https://static01.nyt.com/images/2025/10/11/multimedia/11int-cameroon-elections-wtk-1-fbwp/11int-cameroon-elections-wtk-1-fbwp-articleLarge.jpg,400,600,https://static01.nyt.com/images/2025/10/11/multimedia/11int-cameroon-elections-wtk-1-fbwp/11int-cameroon-elections-wtk-1-fbwp-thumbStandard.jpg,75,75,Cameroon’s Opposition Candidate Claims Victory Over World’s Oldest President,"Cameroon’s Opposition Candidate Claims Victory Over World’s Oldest President Official results have not  been released, but Issa Tchiroma Bakary called on President Paul Biya, 92 years old, to concede. Official results have not  been released, but Issa Tchiroma Bakary called on President Paul Biya, 92 years old, to concede."
Regulators removed more sunscreens from shelves after they found multiple brands using a base formulation that failed to meet testing requirements.,article,nyt://article/1ffb221a-0d32-5260-8923-ac62e74afc01,"[{'name': 'Subject', 'value': 'Sunscreen', 'rank': 1}, {'name': 'Subject', 'value': 'Skin Cancer', 'rank': 2}, {'name': 'Subject', 'value': 'Consumer Protection', 'rank': 3}, {'name': 'Subject', 'value': 'Recalls and Bans of Products', 'rank': 4}, {'name': 'Location', 'value': 'Australia', 'rank': 5}]",Express,,,2025-10-02 11:28:13+00:00,World,Regulators removed more sunscreens from shelves after they found multiple brands using a base formulation that failed to meet testing requirements.,The New York Times,Australia,News,nyt://article/1ffb221a-0d32-5260-8923-ac62e74afc01,https://www.nytimes.com/2025/10/02/world/australia/australia-sunscreen-recall.html,795,By John Yoon,Australia Expands Sunscreen Recalls Over False SPF Claims,,,"Applying sunscreen on the beach at Manly in Sydney, in 2023.",Alexi Rosenfeld/Getty Images,https://static01.nyt.com/images/2025/10/02/multimedia/02xp-sunscreen/02xp-sunscreen-articleLarge.jpg,400,600,https://static01.nyt.com/images/2025/10/02/multimedia/02xp-sunscreen/02xp-sunscreen-thumbStandard.jpg,75,75,Australia Expands Sunscreen Recalls Over False SPF Claims,Australia Expands Sunscreen Recalls Over False SPF Claims Regulators removed more sunscreens from shelves after they found multiple brands using a base formulation that failed to meet testing requirements. Regulators removed more sunscreens from shelves after they found multiple brands using a base formulation that failed to meet testing requirements.
"During his speech, the president also disparaged the work of the United Nations, which, he said, “did not even try to help” in any of the conflicts.",article,nyt://article/e3d4274a-43cc-5bc9-a56e-2584d67a4a6b,"[{'name': 'Subject', 'value': 'International Relations', 'rank': 1}, {'name': 'Subject', 'value': 'War and Armed Conflicts', 'rank': 2}, {'name': 'Subject', 'value': 'Territorial Disputes', 'rank': 3}, {'name': 'Subject', 'value': 'Israel-Gaza War (2023- )', 'rank': 4}, {'name': 'Subject', 'value': 'United States International Relations', 'rank': 5}, {'name': 'Subject', 'value': 'Peace Process', 'rank': 6}, {'name': 'Person', 'value': 'Trump, Donald J', 'rank': 7}, {'name': 'Organization', 'value': 'General Assembly (UN)', 'rank': 8}, {'name': 'Organization', 'value': 'North Atlantic Treaty Organization', 'rank': 9}, {'name': 'Organization', 'value': 'United Nations', 'rank': 10}, {'name': 'Location', 'value': 'Armenia', 'rank': 11}, {'name': 'Location', 'value': 'Azerbaijan', 'rank': 12}, {'name': 'Location', 'value': 'Cambodia', 'rank': 13}, {'name': 'Location', 'value': 'Thailand', 'rank': 14}, {'name': 'Location', 'value': 'Congo, Democratic Republic of (Congo-Kinshasa)', 'rank': 15}, {'name': 'Location', 'value': 'Ukraine', 'rank': 16}, {'name': 'Location', 'value': 'Ethiopia', 'rank': 17}, {'name': 'Location', 'value': 'Sudan', 'rank': 18}, {'name': 'Location', 'value': 'Kosovo', 'rank': 19}, {'name': 'Location', 'value': 'Serbia', 'rank': 20}, {'name': 'Location', 'value': 'Gaza Strip', 'rank': 21}]",Foreign,,,2025-09-23 16:00:21+00:00,World,"During his speech, the president also disparaged the work of the United Nations, which, he said, “did not even try to help” in any of the conflicts.",The New York Times,,News,nyt://article/e3d4274a-43cc-5bc9-a56e-2584d67a4a6b,https://www.nytimes.com/2025/09/23/world/trump-un-seven-wars.html,894,By Pranav Baskar,Trump Claims Again That He Has Ended Seven Wars. Here’s a Closer Look.,,,President Trump used a U.N. address to repeat his claim that he has ended seven wars around the world. ,Dave Sanders for The New York Times,https://static01.nyt.com/images/2025/09/23/multimedia/23unga-blog-trump-wars-topart-fclp/23unga-blog-trump-wars-topart-fclp-articleLarge.jpg,400,600,https://static01.nyt.com/images/2025/09/23/multimedia/23unga-blog-trump-wars-topart-fclp/23unga-blog-trump-wars-topart-fclp-thumbStandard.jpg,75,75,Trump Claims Again That He Has Ended Seven Wars. Here’s a Closer Look.,"Trump Claims Again That He Has Ended Seven Wars. Here’s a Closer Look. During his speech, the president also disparaged the work of the United Nations, which, he said, “did not even try to help” in any of the conflicts. During his speech, the president also disparaged the work of the United Nations, which, he said, “did not even try to help” in any of the conflicts."
"After decades of claiming persecution, once marginalized parties latch on to the American activist’s assassination as proof of their victimization.",article,nyt://article/9a2f317d-6f40-550b-b29b-af972da489b2,"[{'name': 'Subject', 'value': 'Assassinations and Attempted Assassinations', 'rank': 1}, {'name': 'Subject', 'value': 'Right-Wing Extremism and Alt-Right', 'rank': 2}, {'name': 'Subject', 'value': 'Politics and Government', 'rank': 3}, {'name': 'Organization', 'value': 'Chega (Portuguese Political Party)', 'rank': 4}, {'name': 'Person', 'value': 'Abascal, Santiago', 'rank': 5}, {'name': 'Location', 'value': 'Madrid (Spain)', 'rank': 6}, {'name': 'Subject', 'value': 'Demonstrations, Protests and Riots', 'rank': 7}, {'name': 'Subject', 'value': 'Conservatism (US Politics)', 'rank': 8}, {'name': 'Person', 'value': 'Kirk, Charlie (1993- )', 'rank': 9}]",Foreign,8.0,A,2025-09-17 09:03:59+00:00,World,"After decades of claiming persecution, once marginalized parties latch on to the American activist’s assassination as proof of their victimization.",The New York Times,Europe,News,nyt://article/9a2f317d-6f40-550b-b29b-af972da489b2,https://www.nytimes.com/2025/09/17/world/europe/europe-charlie-kirk-trump-far-right.html,1249,By Jason Horowitz,"As Trump Arrives, Europe’s Right Claims Charlie Kirk as One of Their Own",news analysis,"As Trump Arrives, Europe’s Right Claims Kirk as One of Their Own",Mourning Charlie Kirk outside the U.S. Embassy in Madrid last week.,Susana Vera/Reuters,https://static01.nyt.com/images/2025/09/17/multimedia/17int-europe-right-1-jpzb/17int-europeright-1-jpzb-articleLarge.jpg,400,600,https://static01.nyt.com/images/2025/09/17/multimedia/17int-europe-right-1-jpzb/17int-europe-right-1-jpzb-thumbStandard.jpg,75,75,"As Trump Arrives, Europe’s Right Claims Charlie Kirk as One of Their Own","As Trump Arrives, Europe’s Right Claims Charlie Kirk as One of Their Own After decades of claiming persecution, once marginalized parties latch on to the American activist’s assassination as proof of their victimization. After decades of claiming persecution, once marginalized parties latch on to the American activist’s assassination as proof of their victimization."
"Israeli officials said the attack at the crowded bus stop on Monday spurred, in part, the decision to launch Tuesday’s targeted strikes against Hamas leaders in Qatar.",article,nyt://article/3d4380a5-5602-5043-98f5-83aa3fd6cf44,"[{'name': 'Subject', 'value': 'Defense and Military Forces', 'rank': 1}, {'name': 'Subject', 'value': 'Israel-Gaza War (2023- )', 'rank': 2}, {'name': 'Subject', 'value': 'Israeli Settlements', 'rank': 3}, {'name': 'Subject', 'value': 'Civilian Casualties', 'rank': 4}, {'name': 'Organization', 'value': 'Hamas', 'rank': 5}, {'name': 'Person', 'value': 'Netanyahu, Benjamin', 'rank': 6}, {'name': 'Location', 'value': 'Jerusalem (Israel)', 'rank': 7}]",Foreign,5.0,A,2025-09-09 18:16:46+00:00,World,"Israeli officials said the attack at the crowded bus stop on Monday spurred, in part, the decision to launch Tuesday’s targeted strikes against Hamas leaders in Qatar.",The New York Times,Middle East,News,nyt://article/3d4380a5-5602-5043-98f5-83aa3fd6cf44,https://www.nytimes.com/2025/09/09/world/middleeast/hamas-responsibility-jerusalem-bus-shooting.html,548,By Lara Jakes,Hamas Fighters Claim Responsibility for Bus Stop Shooting in Jerusalem,,Hamas Fighters Claim Responsibility for Jerusalem Bus Stop Attack,Members of an Israeli emergency team work at the scene of a shooting at a bus stop in Jerusalem on Monday.,Menahem Kahana/Agence France-Presse — Getty Images,https://static01.nyt.com/images/2025/09/09/multimedia/09int-jerusalem-shooting-1-cpqj/09int-jerusalem-shooting-1-cpqj-articleLarge.jpg,400,600,https://static01.nyt.com/images/2025/09/09/multimedia/09int-jerusalem-shooting-1-cpqj/09int-jerusalem-shooting-1-cpqj-thumbStandard.jpg,75,75,Hamas Fighters Claim Responsibility for Bus Stop Shooting in Jerusalem,"Hamas Fighters Claim Responsibility for Bus Stop Shooting in Jerusalem Israeli officials said the attack at the crowded bus stop on Monday spurred, in part, the decision to launch Tuesday’s targeted strikes against Hamas leaders in Qatar. Israeli officials said the attack at the crowded bus stop on Monday spurred, in part, the decision to launch Tuesday’s targeted strikes against Hamas leaders in Qatar."
"The British government condemned the remarks, made without evidence by the cardiologist, Dr. Aseem Malhotra, at an event for the anti-immigration party led by Nigel Farage.",article,nyt://article/9fdfb759-ac57-5c88-aac8-011a3d54c565,"[{'name': 'Subject', 'value': 'Coronavirus (2019-nCoV)', 'rank': 1}, {'name': 'Subject', 'value': 'Vaccination and Immunization', 'rank': 2}, {'name': 'Subject', 'value': 'Politics and Government', 'rank': 3}, {'name': 'Subject', 'value': 'Royal Families', 'rank': 4}, {'name': 'Subject', 'value': 'Cancer', 'rank': 5}, {'name': 'Organization', 'value': 'Buckingham Palace', 'rank': 6}, {'name': 'Organization', 'value': 'Reform UK (British Political Party)', 'rank': 7}, {'name': 'Person', 'value': 'Farage, Nigel (1964- )', 'rank': 8}, {'name': 'Person', 'value': 'Kennedy, Robert F Jr', 'rank': 9}, {'name': 'Location', 'value': 'Great Britain', 'rank': 10}]",Foreign,7.0,A,2025-09-06 22:49:21+00:00,World,"The British government condemned the remarks, made without evidence by the cardiologist, Dr. Aseem Malhotra, at an event for the anti-immigration party led by Nigel Farage.",The New York Times,Europe,News,nyt://article/9fdfb759-ac57-5c88-aac8-011a3d54c565,https://www.nytimes.com/2025/09/06/world/europe/britain-vaccines-royal-family.html,755,By Stephen Castle,Cardiologist Draws Outcry With Claim Tying Vaccines to Royals’ Cancer,,Doctor Berated for Claim Tying Vaccines to Cancer,"Dr. Aseem Malhotra at the Reform U.K. party conference at the NEC Birmingham, England, on Saturday.",Oli Scarff/Agence France-Presse — Getty Images,https://static01.nyt.com/images/2025/09/06/multimedia/06int-uk-vaccine-twvh/06int-uk-vaccine-twvh-articleLarge.jpg,400,600,https://static01.nyt.com/images/2025/09/06/multimedia/06int-uk-vaccine-twvh/06int-uk-vaccine-twvh-thumbStandard.jpg,75,75,Cardiologist Draws Outcry With Claim Tying Vaccines to Royals’ Cancer,"Cardiologist Draws Outcry With Claim Tying Vaccines to Royals’ Cancer The British government condemned the remarks, made without evidence by the cardiologist, Dr. Aseem Malhotra, at an event for the anti-immigration party led by Nigel Farage. The British government condemned the remarks, made without evidence by the cardiologist, Dr. Aseem Malhotra, at an event for the anti-immigration party led by Nigel Farage."
"Five journalists, along with medical workers, were among the dead at Nasser Hospital. Prime Minister Benjamin Netanyahu said the military would investigate.",article,nyt://article/a675d2fb-022a-5b04-aef8-3a249245ae2f,"[{'name': 'Subject', 'value': 'Israel-Gaza War (2023- )', 'rank': 1}, {'name': 'Subject', 'value': 'Civilian Casualties', 'rank': 2}, {'name': 'Subject', 'value': 'Defense and Military Forces', 'rank': 3}, {'name': 'Subject', 'value': 'News and News Media', 'rank': 4}, {'name': 'Subject', 'value': 'Hospitals', 'rank': 5}, {'name': 'Organization', 'value': 'Al Jazeera', 'rank': 6}, {'name': 'Organization', 'value': 'Associated Press', 'rank': 7}, {'name': 'Organization', 'value': 'Committee to Protect Journalists', 'rank': 8}, {'name': 'Organization', 'value': 'Nasser Hospital (Gaza Strip)', 'rank': 9}, {'name': 'Organization', 'value': 'Thomson Reuters Corporation', 'rank': 10}, {'name': 'Location', 'value': 'Gaza Strip', 'rank': 11}, {'name': 'Location', 'value': 'Israel', 'rank': 12}, {'name': 'Location', 'value': 'Khan Younis (Gaza Strip)', 'rank': 13}]",Foreign,1.0,A,2025-08-25 11:35:34+00:00,World,"Five journalists, along with medical workers, were among the dead at Nasser Hospital. Prime Minister Benjamin Netanyahu said the military would investigate.",The New York Times,Middle East,News,nyt://article/a675d2fb-022a-5b04-aef8-3a249245ae2f,https://www.nytimes.com/2025/08/25/world/middleeast/gaza-hospital-journalists.html,1343,"By Isabel Kershner, Aaron Boxerman and Ameera Harouda",20 Killed in Gaza Hospital Strikes. Netanyahu Claims ‘Tragic Mishap.’,,"Israel Strikes Hospital Twice, Killing 5 Journalists","Palestinian medics helping an injured man at Nasser Hospital in Khan Younis, Gaza, on Monday.",Agence France-Presse — Getty Images,https://static01.nyt.com/images/2025/08/25/multimedia/25int-gaza-strike-01-mwbh/25int-gaza-strike-01-mwbh-articleLarge.jpg,400,600,https://static01.nyt.com/images/2025/08/25/multimedia/25int-gaza-strike-01-mwbh/25int-gaza-strike-01-mwbh-thumbStandard.jpg,75,75,20 Killed in Gaza Hospital Strikes. Netanyahu Claims ‘Tragic Mishap.’,"20 Killed in Gaza Hospital Strikes. Netanyahu Claims ‘Tragic Mishap.’ Five journalists, along with medical workers, were among the dead at Nasser Hospital. Prime Minister Benjamin Netanyahu said the military would investigate. Five journalists, along with medical workers, were among the dead at Nasser Hospital. Prime Minister Benjamin Netanyahu said the military would investigate."
,article,nyt://article/1e3ecde4-55b6-5f24-a308-b124e7a63ef4,"[{'name': 'Subject', 'value': 'United States Politics and Government', 'rank': 1}, {'name': 'Subject', 'value': 'Russian Invasion of Ukraine (2022)', 'rank': 2}, {'name': 'Subject', 'value': 'United States International Relations', 'rank': 3}, {'name': 'Person', 'value': 'Putin, Vladimir V', 'rank': 4}, {'name': 'Person', 'value': 'Trump, Donald J', 'rank': 5}, {'name': 'Person', 'value': 'Mueller, Robert S III', 'rank': 6}, {'name': 'Location', 'value': 'Alaska', 'rank': 7}, {'name': 'Location', 'value': 'Russia', 'rank': 8}, {'name': 'Location', 'value': 'Ukraine', 'rank': 9}]",Politics,,,2025-08-16 16:48:58+00:00,World,,The New York Times,Americas,Live Blog Post,nyt://article/1e3ecde4-55b6-5f24-a308-b124e7a63ef4,https://www.nytimes.com/live/2025/08/16/world/trump-putin-meeting-alaska/with-putin-by-his-side-trump-repeats-his-claims-of-a-russia-hoax,292,By The New York Times,"With Putin by his side, Trump repeats his claims of a ‘Russia Hoax.’",,,President Trump and President Vladimir V. Putin of Russia at their news conference in Alaska on Friday.,Doug Mills/The New York Times,https://static01.nyt.com/images/2025/08/16/multimedia/16putin-trump-hoax-topart-ghqm/16putin-trump-hoax-topart-ghqm-articleLarge.jpg,400,600,https://static01.nyt.com/images/2025/08/16/multimedia/16putin-trump-hoax-topart-ghqm/16putin-trump-hoax-topart-ghqm-thumbStandard.jpg,75,75,"With Putin by his side, Trump repeats his claims of a ‘Russia Hoax.’","With Putin by his side, Trump repeats his claims of a ‘Russia Hoax.’"
President Trump compared crime in Washington to violence in Latin American capitals. Mexico City’s mayor said “many parts of the world would like to have” her city’s safety.,article,nyt://article/4e041645-71db-56c4-b56f-11490ea71cd6,"[{'name': 'Subject', 'value': 'United States Politics and Government', 'rank': 1}, {'name': 'Subject', 'value': 'United States International Relations', 'rank': 2}, {'name': 'Subject', 'value': 'Crime and Criminals', 'rank': 3}, {'name': 'Subject', 'value': 'Murders, Attempted Murders and Homicides', 'rank': 4}, {'name': 'Organization', 'value': 'National Guard', 'rank': 5}, {'name': 'Person', 'value': 'Bolsonaro, Jair (1955- )', 'rank': 6}, {'name': 'Person', 'value': 'Da Silva, Luiz Inacio Lula', 'rank': 7}, {'name': 'Person', 'value': 'Sheinbaum, Claudia', 'rank': 8}, {'name': 'Person', 'value': 'Trump, Donald J', 'rank': 9}, {'name': 'Location', 'value': 'Washington (DC)', 'rank': 10}, {'name': 'Location', 'value': 'Brasilia (Brazil)', 'rank': 11}, {'name': 'Location', 'value': 'Mexico City (Mexico)', 'rank': 12}]",Foreign,7.0,A,2025-08-12 17:45:03+00:00,World,President Trump compared crime in Washington to violence in Latin American capitals. Mexico City’s mayor said “many parts of the world would like to have” her city’s safety.,The New York Times,Americas,News,nyt://article/4e041645-71db-56c4-b56f-11490ea71cd6,https://www.nytimes.com/2025/08/12/world/americas/trump-crime-mexico-brazil.html,815,By Emiliano Rodríguez Mega and Ana Ionova,Mexico and Brazil Rebut Trump’s Claims About Violence in Their Cities,,Latin American Leaders  Rebut Trump on Crime,"Mayor Clara Brugada of Mexico City, center, with President Claudia Sheinbaum of Mexico, right, during an event in January in Mexico City focused on a gun-buyback program.",Luis Antonio Rojas for The New York Times,https://static01.nyt.com/images/2025/08/12/multimedia/12int-latam-reax-bvpm/12int-latam-reax-bvpm-articleLarge-v2.jpg,400,600,https://static01.nyt.com/images/2025/08/12/multimedia/12int-latam-reax-bvpm/12int-latam-reax-bvpm-thumbStandard-v2.jpg,75,75,Mexico and Brazil Rebut Trump’s Claims About Violence in Their Cities,Mexico and Brazil Rebut Trump’s Claims About Violence in Their Cities President Trump compared crime in Washington to violence in Latin American capitals. Mexico City’s mayor said “many parts of the world would like to have” her city’s safety. President Trump compared crime in Washington to violence in Latin American capitals. Mexico City’s mayor said “many parts of the world would like to have” her city’s safety.
Opposition figures were held briefly at a New Delhi demonstration after accusing Narendra Modi’s ruling party of manipulating elections.,article,nyt://article/9e171042-3228-591e-bf23-1069b8e1f1c4,"[{'name': 'Subject', 'value': 'Demonstrations, Protests and Riots', 'rank': 1}, {'name': 'Subject', 'value': 'Voter Fraud (Election Fraud)', 'rank': 2}, {'name': 'Subject', 'value': 'Voting Rights, Registration and Requirements', 'rank': 3}, {'name': 'Location', 'value': 'Delhi (India)', 'rank': 4}, {'name': 'Subject', 'value': 'Politics and Government', 'rank': 5}, {'name': 'Subject', 'value': 'Elections', 'rank': 6}, {'name': 'Location', 'value': 'Bihar (India)', 'rank': 7}, {'name': 'Person', 'value': 'Gandhi, Rahul', 'rank': 8}, {'name': 'Person', 'value': 'Modi, Narendra', 'rank': 9}, {'name': 'Organization', 'value': 'Bharatiya Janata Party', 'rank': 10}, {'name': 'Organization', 'value': 'Election Commission of India', 'rank': 11}, {'name': 'Organization', 'value': 'Indian National Congress', 'rank': 12}]",Foreign,6.0,A,2025-08-11 13:02:13+00:00,World,Opposition figures were held briefly at a New Delhi demonstration after accusing Narendra Modi’s ruling party of manipulating elections.,The New York Times,Asia Pacific,News,nyt://article/9e171042-3228-591e-bf23-1069b8e1f1c4,https://www.nytimes.com/2025/08/11/world/asia/india-election-arrests-modi.html,849,By Mujib Mashal and Hari Kumar,Hundreds of Indian Lawmakers Detained at a Protest Claiming Vote Rigging,, Opposition Figures Detained As They Say Vote Was Rigged,"Akhilesh Yadav, the president of the Samajwadi party, clambers over a barricade during a march led by India’s opposition parties in New Delhi on Monday.",Money Sharma/Agence France-Presse — Getty Images,https://static01.nyt.com/images/2025/08/11/multimedia/11INT-INDIA-VOTE-hclt/11INT-INDIA-VOTE-hclt-articleLarge.jpg,400,600,https://static01.nyt.com/images/2025/08/11/multimedia/11INT-INDIA-VOTE-hclt/11INT-INDIA-VOTE-hclt-thumbStandard.jpg,75,75,Hundreds of Indian Lawmakers Detained at a Protest Claiming Vote Rigging,Hundreds of Indian Lawmakers Detained at a Protest Claiming Vote Rigging Opposition figures were held briefly at a New Delhi demonstration after accusing Narendra Modi’s ruling party of manipulating elections. Opposition figures were held briefly at a New Delhi demonstration after accusing Narendra Modi’s ruling party of manipulating elections.
The hack may have been part of a campaign to disrupt the sense of normalcy Russians have mostly enjoyed since the start of the war.,article,nyt://article/68f9090b-ae54-5290-b228-8d759e63dcb3,"[{'name': 'Organization', 'value': 'Aeroflot Russian Airlines', 'rank': 1}, {'name': 'Subject', 'value': 'Cyberattacks and Hackers', 'rank': 2}, {'name': 'Subject', 'value': 'Delays (Transportation)', 'rank': 3}, {'name': 'Subject', 'value': 'Russian Invasion of Ukraine (2022)', 'rank': 4}, {'name': 'Location', 'value': 'Russia', 'rank': 5}, {'name': 'Location', 'value': 'Ukraine', 'rank': 6}, {'name': 'Location', 'value': 'Belarus', 'rank': 7}]",Foreign,11.0,A,2025-07-28 18:56:10+00:00,World,The hack may have been part of a campaign to disrupt the sense of normalcy Russians have mostly enjoyed since the start of the war.,The New York Times,Europe,News,nyt://article/68f9090b-ae54-5290-b228-8d759e63dcb3,https://www.nytimes.com/2025/07/28/world/europe/aeroflot-hackers-ukraine.html,543,By Ivan Nechepurenko,Pro-Ukrainian Hackers Claim Cyberattack as Aeroflot Grounds Flights,,"As Aeroflot Grounds Flights, Pro-Ukraine Hackers Claim Cyberattack",People waiting for flights at the Sheremetyevo International Airport near Moscow on Monday.,Tatyana Makeyeva/Agence France-Press — Getty Images,https://static01.nyt.com/images/2025/07/28/multimedia/28int-russia-aeroflot-jwzb/28int-russia-aeroflot-jwzb-articleLarge.jpg,450,600,https://static01.nyt.com/images/2025/07/28/multimedia/28int-russia-aeroflot-jwzb/28int-russia-aeroflot-jwzb-thumbStandard.jpg,75,75,Pro-Ukrainian Hackers Claim Cyberattack as Aeroflot Grounds Flights,Pro-Ukrainian Hackers Claim Cyberattack as Aeroflot Grounds Flights The hack may have been part of a campaign to disrupt the sense of normalcy Russians have mostly enjoyed since the start of the war. The hack may have been part of a campaign to disrupt the sense of normalcy Russians have mostly enjoyed since the start of the war.
,article,nyt://article/0c74595a-b11b-5bfa-b1b0-f460dad87ae6,[],Foreign,,,2025-06-25 10:42:05+00:00,World,,The New York Times,Middle East,Live Blog Post,nyt://article/0c74595a-b11b-5bfa-b1b0-f460dad87ae6,https://www.nytimes.com/live/2025/06/25/world/iran-israel-ceasefire-trump/trump-reiterates-claims-about-irans-nuclear-program-that-contradict-early-intelligence-findings,505,By Tyler Pager,Trump reiterates claims about Iran’s nuclear program that contradict early intelligence findings.,,,President Donald Trump in The Hague on Tuesday.,Haiyun Jiang/The New York Times,https://static01.nyt.com/images/2025/06/25/multimedia/25israel-iran-trump-commen-01-hzfm-gd/25israel-iran-trump-commen-01-hzfm-gd-articleLarge.jpg,400,600,https://static01.nyt.com/images/2025/06/25/multimedia/25israel-iran-trump-commen-01-hzfm-gd/25israel-iran-trump-commen-01-hzfm-gd-thumbStandard.jpg,75,75,Trump reiterates claims about Iran’s nuclear program that contradict early intelligence findings.,Trump reiterates claims about Iran’s nuclear program that contradict early intelligence findings.
Iran’s response to the attacks on its nuclear facilities killed no Americans and each nation has a victory narrative. But an hours-old cease-fire appeared fragile and President Trump lashed out at Israel and Iran over the state of the truce.,article,nyt://article/9b976134-6a43-5fa6-b194-96a784c40b28,"[{'name': 'Location', 'value': 'Iran', 'rank': 1}, {'name': 'Subject', 'value': 'United States International Relations', 'rank': 2}, {'name': 'Subject', 'value': 'Iran-Israel War (2025- )', 'rank': 3}, {'name': 'Location', 'value': 'Israel', 'rank': 4}, {'name': 'Subject', 'value': 'International Relations', 'rank': 5}, {'name': 'Person', 'value': 'Trump, Donald J', 'rank': 6}, {'name': 'Person', 'value': 'Khamenei, Ali', 'rank': 7}, {'name': 'Subject', 'value': 'Defense and Military Forces', 'rank': 8}, {'name': 'Organization', 'value': 'Islamic Revolutionary Guards Corps', 'rank': 9}, {'name': 'Organization', 'value': 'Supreme National Security Council (Iran)', 'rank': 10}]",Foreign,7.0,A,2025-06-24 01:47:53+00:00,World,Iran’s response to the attacks on its nuclear facilities killed no Americans and each nation has a victory narrative. But an hours-old cease-fire appeared fragile and President Trump lashed out at Israel and Iran over the state of the truce.,The New York Times,Middle East,News Analysis,nyt://article/9b976134-6a43-5fa6-b194-96a784c40b28,https://www.nytimes.com/2025/06/23/world/middleeast/iran-response-ceasefire-chance.html,1071,By Farnaz Fassihi,"Can Iran, Israel and the U.S. Now All Claim to Have Won?",News Analysis,The Victor of Them All? Three Nations Say ‘Me.’,"Celebrating the attack on a U.S. base in Qatar, in Tehran on Monday. No Americans were killed in the attack, but it was trumpeted by Iranian media. ",Arash Khamooshi for The New York Times,https://static01.nyt.com/images/2025/07/23/multimedia/23int-iran-assess-qchw/23int-iran-assess-qchw-articleLarge.jpg,400,600,https://static01.nyt.com/images/2025/07/23/multimedia/23int-iran-assess-qchw/23int-iran-assess-qchw-thumbStandard.jpg,75,75,"Can Iran, Israel and the U.S. Now All Claim to Have Won?","Can Iran, Israel and the U.S. Now All Claim to Have Won? Iran’s response to the attacks on its nuclear facilities killed no Americans and each nation has a victory narrative. But an hours-old cease-fire appeared fragile and President Trump lashed out at Israel and Iran over the state of the truce. Iran’s response to the attacks on its nuclear facilities killed no Americans and each nation has a victory narrative. But an hours-old cease-fire appeared fragile and President Trump lashed out at Israel and Iran over the state of the truce."
A review by the bloc found Israel’s actions in Gaza may have breached obligations under a treaty that governs their relations. Israel called the report “a complete moral and methodological failure.”,article,nyt://article/20e7a862-b0bc-5240-ad66-ac88fb31e178,"[{'name': 'Location', 'value': 'Israel', 'rank': 1}, {'name': 'Subject', 'value': 'Israel-Gaza War (2023- )', 'rank': 2}, {'name': 'Organization', 'value': 'Hamas', 'rank': 3}, {'name': 'Organization', 'value': 'European Union', 'rank': 4}, {'name': 'Person', 'value': 'Kallas, Kaja (1977- )', 'rank': 5}, {'name': 'Location', 'value': 'Iran', 'rank': 6}, {'name': 'Subject', 'value': 'Humanitarian Aid', 'rank': 7}]",Foreign,9.0,A,2025-06-23 12:16:48+00:00,World,A review by the bloc found Israel’s actions in Gaza may have breached obligations under a treaty that governs their relations. Israel called the report “a complete moral and methodological failure.”,The New York Times,Europe,News,nyt://article/20e7a862-b0bc-5240-ad66-ac88fb31e178,https://www.nytimes.com/2025/06/23/world/europe/eu-israel-human-rights-gaza.html,795,By Jeanna Smialek and Aaron Boxerman,E.U.-Israeli Ties Are Further Strained by Claims of Potential Rights Violations,,Gaza Report Adds Strain To E.U.’s Ties With Israel,Preparing bread in Gaza in April. Many bakeries were forced to close and flour supplies ran low after Israel imposed a blockade on food and fuel supplies that ended last month.,Saher Alghorra for The New York Times,https://static01.nyt.com/images/2025/06/23/multimedia/23int-israel-eu-01-tgwv/23int-israel-eu-01-tgwv-articleLarge.jpg,400,600,https://static01.nyt.com/images/2025/06/23/multimedia/23int-israel-eu-01-tgwv/23int-israel-eu-01-tgwv-thumbStandard.jpg,75,75,E.U.-Israeli Ties Are Further Strained by Claims of Potential Rights Violations,E.U.-Israeli Ties Are Further Strained by Claims of Potential Rights Violations A review by the bloc found Israel’s actions in Gaza may have breached obligations under a treaty that governs their relations. Israel called the report “a complete moral and methodological failure.” A review by the bloc found Israel’s actions in Gaza may have breached obligations under a treaty that governs their relations. Israel called the report “a complete moral and methodological failure.”
,article,nyt://article/ceadfd0f-ac50-57d0-b5d5-38d7e3ec8037,[],Foreign,,,2025-06-22 10:50:59+00:00,World,,The New York Times,Middle East,Live Blog Post,nyt://article/ceadfd0f-ac50-57d0-b5d5-38d7e3ec8037,https://www.nytimes.com/live/2025/06/22/world/israel-iran-us-trump/does-iran-have-another-secret-enrichment-site-as-it-claims,368,By Steven Erlanger,"Does Iran have another secret enrichment site, as it claims?",,,"The head of Iran’s Atomic Energy Organization, Mohammad Eslami, at a news conference in November in Tehran.","Abedin Taherkenareh/EPA, via Shutterstock",https://static01.nyt.com/images/2025/07/21/multimedia/21israel-iran-third-site01-zlmk/21israel-iran-third-site01-zlmk-articleLarge.jpg,404,600,https://static01.nyt.com/images/2025/07/21/multimedia/21israel-iran-third-site01-zlmk/21israel-iran-third-site01-zlmk-thumbStandard.jpg,75,75,"Does Iran have another secret enrichment site, as it claims?","Does Iran have another secret enrichment site, as it claims?"
"Iran’s state television urged people to delete WhatsApp, saying without evidence that the app was sending user information to Israel.",article,nyt://article/72b30527-1fc9-50ff-a818-faf6acf3bb06,"[{'name': 'Subject', 'value': 'Instant Messaging', 'rank': 1}, {'name': 'Subject', 'value': 'Television', 'rank': 2}, {'name': 'Subject', 'value': 'Mobile Applications', 'rank': 3}, {'name': 'Organization', 'value': 'Instagram Inc', 'rank': 4}, {'name': 'Organization', 'value': 'WhatsApp Inc', 'rank': 5}, {'name': 'Location', 'value': 'Iran', 'rank': 6}, {'name': 'Location', 'value': 'Israel', 'rank': 7}]",Foreign,,,2025-06-18 11:26:58+00:00,World,"Iran’s state television urged people to delete WhatsApp, saying without evidence that the app was sending user information to Israel.",The New York Times,Middle East,News,nyt://article/72b30527-1fc9-50ff-a818-faf6acf3bb06,https://www.nytimes.com/2025/06/18/world/middleeast/iran-whatsapp-delete.html,255,By Jenny Gross and Leily Nikounazar,WhatsApp Denies Iran’s Claim That It Is Spying for Israel,,,A woman looking at news on a smartphone in Tehran on Saturday. Iran’s state broadcaster has urged people to remove WhatsApp from their phones.,Sasan/Agence France-Presse — Getty Images,https://static01.nyt.com/images/2025/06/18/multimedia/18israel-iran-whatsapp-lmch/18israel-iran-whatsapp-lmch-articleLarge.jpg,400,600,https://static01.nyt.com/images/2025/06/18/multimedia/18israel-iran-whatsapp-lmch/18israel-iran-whatsapp-lmch-thumbStandard.jpg,75,75,WhatsApp Denies Iran’s Claim That It Is Spying for Israel,"WhatsApp Denies Iran’s Claim That It Is Spying for Israel Iran’s state television urged people to delete WhatsApp, saying without evidence that the app was sending user information to Israel. Iran’s state television urged people to delete WhatsApp, saying without evidence that the app was sending user information to Israel."
Israeli c,article,nyt://article/aae42b88-e727-52b7-a4cd-8b526b2db525,"[{'name': 'Subject', 'value': 'Iran-Israel Proxy Conflict', 'rank': 1}, {'name': 'Person', 'value': 'Rashid, Gholamali', 'rank': 2}, {'name': 'Person', 'value': 'Khamenei, Ali', 'rank': 3}, {'name': 'Location', 'value': 'Iran', 'rank': 4}, {'name': 'Location', 'value': 'Israel', 'rank': 5}, {'name': 'Person', 'value': 'Ali Shadmani', 'rank': 6}]",Foreign,,,2025-06-17 11:51:53+00:00,World,Israeli c,The New York Times,Middle East,Live Blog Post,nyt://article/aae42b88-e727-52b7-a4cd-8b526b2db525,https://www.nytimes.com/live/2025/06/17/world/israel-iran-trump/iran-who-ali-shadmani-killed,326,By Amelia Nierenberg,"Israel claims it killed Iran’s top military commander, again.",,,"A handout photo made available by the office of Iran’s Supreme Leader, showing Maj. Gen. Ali Shadmani.","Khamenei.Ir, via Agence France-Presse — Getty Images",https://static01.nyt.com/images/2025/06/17/multimedia/17israel-iran-Shadmani-mljc/17israel-iran-Shadmani-mljc-articleLarge.jpg,377,600,https://static01.nyt.com/images/2025/06/17/multimedia/17israel-iran-Shadmani-mljc/17israel-iran-Shadmani-mljc-thumbStandard.jpg,75,75,"Israel claims it killed Iran’s top military commander, again.","Israel claims it killed Iran’s top military commander, again. Israeli c Israeli c"
"A vote seen as a test of the power of populist nationalism in Europe was too close to call, with exit polls putting the two contenders neck and neck.",article,nyt://article/89691b4b-d512-576a-b756-6c6a5fe67d92,"[{'name': 'Location', 'value': 'Poland', 'rank': 1}, {'name': 'Subject', 'value': 'Elections', 'rank': 2}, {'name': 'Person', 'value': 'Trzaskowski, Rafal', 'rank': 3}, {'name': 'Organization', 'value': 'Civic Platform (Poland)', 'rank': 4}, {'name': 'Organization', 'value': 'Law and Justice (Poland)', 'rank': 5}, {'name': 'Subject', 'value': 'Politics and Government', 'rank': 6}, {'name': 'Person', 'value': 'Nawrocki, Karol', 'rank': 7}, {'name': 'Subject', 'value': 'Right-Wing Extremism and Alt-Right', 'rank': 8}, {'name': 'Subject', 'value': 'Nationalism (Theory and Philosophy)', 'rank': 9}]",Foreign,6.0,A,2025-06-01 19:31:49+00:00,World,"A vote seen as a test of the power of populist nationalism in Europe was too close to call, with exit polls putting the two contenders neck and neck.",The New York Times,Europe,News,nyt://article/89691b4b-d512-576a-b756-6c6a5fe67d92,https://www.nytimes.com/2025/06/01/world/europe/poland-election-president.html,923,By Andrew Higgins,Rival Victory Claims as Poland’s Presidential Election Goes Down to Wire,,Rival Victory Claims as Poland’s Presidential Election Goes Down to Wire,A voter casting a ballot during Poland’s presidential runoff election on Sunday in Warsaw.,Omar Marques/Getty Images,https://static01.nyt.com/images/2025/06/01/multimedia/01int-poland-election-tie-01-qclw/01int-poland-election-tie-01-qclw-articleLarge.jpg,400,600,https://static01.nyt.com/images/2025/06/01/multimedia/01int-poland-election-tie-01-qclw/01int-poland-election-tie-01-qclw-thumbStandard.jpg,75,75,Rival Victory Claims as Poland’s Presidential Election Goes Down to Wire,"Rival Victory Claims as Poland’s Presidential Election Goes Down to Wire A vote seen as a test of the power of populist nationalism in Europe was too close to call, with exit polls putting the two contenders neck and neck. A vote seen as a test of the power of populist nationalism in Europe was too close to call, with exit polls putting the two contenders neck and neck."
"Polling places in Caracas, the capital, and other cities were sparsely populated but officials claimed turnout was higher than 40 percent.",article,nyt://article/9b2b6861-8ce4-5a1d-877c-a4f521f27d9e,"[{'name': 'Location', 'value': 'Venezuela', 'rank': 1}, {'name': 'Person', 'value': 'Maduro, Nicolas', 'rank': 2}, {'name': 'Subject', 'value': 'Elections', 'rank': 3}, {'name': 'Person', 'value': 'Machado, Maria Corina', 'rank': 4}, {'name': 'Subject', 'value': 'Politics and Government', 'rank': 5}, {'name': 'Person', 'value': 'Gonzalez, Edmundo (1949- )', 'rank': 6}, {'name': 'Organization', 'value': 'Carter Center', 'rank': 7}]",Foreign,7.0,A,2025-05-26 05:03:30+00:00,World,"Polling places in Caracas, the capital, and other cities were sparsely populated but officials claimed turnout was higher than 40 percent.",The New York Times,Americas,News,nyt://article/9b2b6861-8ce4-5a1d-877c-a4f521f27d9e,https://www.nytimes.com/2025/05/26/world/americas/venezuela-maduro-regional-election.html,1162,By Julie Turkewitz,Venezuela’s Government Claims Victory in Polls Boycotted by Opposition Leader,,Venezuela’s Government Claims Win in Vote Boycotted by Opposition Leader,"A polling station in Caracas, Venezuela, on Sunday.",Gaby Oraa/Reuters,https://static01.nyt.com/images/2025/06/25/multimedia/25int-venezuela-election-results-khvt/25int-venezuela-election-results-khvt-articleLarge.jpg,399,600,https://static01.nyt.com/images/2025/06/25/multimedia/25int-venezuela-election-results-khvt/25int-venezuela-election-results-khvt-thumbStandard.jpg,75,75,Venezuela’s Government Claims Victory in Polls Boycotted by Opposition Leader,"Venezuela’s Government Claims Victory in Polls Boycotted by Opposition Leader Polling places in Caracas, the capital, and other cities were sparsely populated but officials claimed turnout was higher than 40 percent. Polling places in Caracas, the capital, and other cities were sparsely populated but officials claimed turnout was higher than 40 percent."
"In a bruising Oval Office meeting, the visitors’ plan to keep President Trump from focusing on false accusations of white genocide backfired spectacularly.",article,nyt://article/43784250-1585-579b-91e9-3d3bd6d4a4dd,"[{'name': 'Location', 'value': 'South Africa', 'rank': 1}, {'name': 'Person', 'value': 'Ramaphosa, Cyril', 'rank': 2}, {'name': 'Subject', 'value': 'Politics and Government', 'rank': 3}, {'name': 'Person', 'value': 'Trump, Donald J', 'rank': 4}, {'name': 'Subject', 'value': 'United States International Relations', 'rank': 5}, {'name': 'Subject', 'value': 'Apartheid (Policy)', 'rank': 6}, {'name': 'Subject', 'value': 'Race and Ethnicity', 'rank': 7}, {'name': 'Subject', 'value': 'Whites', 'rank': 8}, {'name': 'Subject', 'value': 'Black People', 'rank': 9}, {'name': 'Subject', 'value': 'Rumors and Misinformation', 'rank': 10}, {'name': 'Subject', 'value': 'International Trade and World Market', 'rank': 11}, {'name': 'Subject', 'value': 'Customs (Tariff)', 'rank': 12}]",Foreign,6.0,A,2025-05-22 09:03:35+00:00,World,"In a bruising Oval Office meeting, the visitors’ plan to keep President Trump from focusing on false accusations of white genocide backfired spectacularly.",The New York Times,Africa,News,nyt://article/43784250-1585-579b-91e9-3d3bd6d4a4dd,https://www.nytimes.com/2025/05/22/world/africa/south-africa-trump-oval-office-genocide.html,915,By John Eligon,South Africa Collides Head-On With Trump’s Claims of White Victimhood,News Analysis,False Claims Sideswiped South Africa’s Intentions To Discuss a Trade Deal,Mr. Ramaphosa and Mr. Trump during their meeting on Wednesday.,Eric Lee/The New York Times,https://static01.nyt.com/images/2025/05/22/multimedia/22safrica-2-bwjh/22safrica-2-bwjh-articleLarge.jpg,400,600,https://static01.nyt.com/images/2025/05/22/multimedia/22safrica-2-bwjh/22safrica-2-bwjh-thumbStandard.jpg,75,75,South Africa Collides Head-On With Trump’s Claims of White Victimhood,"South Africa Collides Head-On With Trump’s Claims of White Victimhood In a bruising Oval Office meeting, the visitors’ plan to keep President Trump from focusing on false accusations of white genocide backfired spectacularly. In a bruising Oval Office meeting, the visitors’ plan to keep President Trump from focusing on false accusations of white genocide backfired spectacularly."
President Cyril Ramaphosa pushed back on Mr. Trump’s allegations.,article,nyt://article/e13a718f-aa41-58bd-b849-2a57d2244a67,"[{'name': 'Location', 'value': 'South Africa', 'rank': 1}, {'name': 'Person', 'value': 'Trump, Donald J', 'rank': 2}, {'name': 'Subject', 'value': 'Politics and Government', 'rank': 3}, {'name': 'Subject', 'value': 'Executive Orders and Memorandums', 'rank': 4}, {'name': 'Subject', 'value': 'United States International Relations', 'rank': 5}, {'name': 'Subject', 'value': 'Discrimination', 'rank': 6}, {'name': 'Subject', 'value': 'Refugees and Displaced Persons', 'rank': 7}, {'name': 'Subject', 'value': 'Whites', 'rank': 8}, {'name': 'Subject', 'value': 'Race and Ethnicity', 'rank': 9}, {'name': 'Subject', 'value': 'Apartheid (Policy)', 'rank': 10}, {'name': 'Location', 'value': 'United States', 'rank': 11}]",Foreign,,,2025-05-13 14:25:24+00:00,World,President Cyril Ramaphosa pushed back on Mr. Trump’s allegations.,The New York Times,Africa,News,nyt://article/e13a718f-aa41-58bd-b849-2a57d2244a67,https://www.nytimes.com/article/afrikaner-refugees-trump-south-africa.html,1234,"By John Eligon, Zolan Kanno-Youngs and Erica L. Green",Trump Ambushes South African President With Video of False Claims: What to Know,,,President Cyril Ramaphosa of South Africa and President Trump at the White House on Wednesday.,Eric Lee/The New York Times,https://static01.nyt.com/images/2025/05/21/multimedia/00afrikaner-explainer-update-1-cfbl/00afrikaner-explainer-update-1-cfbl-articleLarge.jpg,400,600,https://static01.nyt.com/images/2025/05/21/multimedia/00afrikaner-explainer-update-1-cfbl/00afrikaner-explainer-update-1-cfbl-thumbStandard.jpg,75,75,Trump Ambushes South African President With Video of False Claims: What to Know,Trump Ambushes South African President With Video of False Claims: What to Know President Cyril Ramaphosa pushed back on Mr. Trump’s allegations. President Cyril Ramaphosa pushed back on Mr. Trump’s allegations.
The Trump administration’s public descriptions of its role in the mediation seemed to touch some sensitive spots politically in India.,article,nyt://article/2b870763-bb80-5967-bf68-bf8aa032e5d0,"[{'name': 'Subject', 'value': 'International Relations', 'rank': 1}, {'name': 'Subject', 'value': 'Drones (Pilotless Planes)', 'rank': 2}, {'name': 'Subject', 'value': 'Defense and Military Forces', 'rank': 3}, {'name': 'Location', 'value': 'India', 'rank': 4}, {'name': 'Location', 'value': 'Kashmir', 'rank': 5}, {'name': 'Location', 'value': 'Pakistan', 'rank': 6}, {'name': 'Person', 'value': 'Modi, Narendra', 'rank': 7}, {'name': 'Person', 'value': 'Trump, Donald J', 'rank': 8}, {'name': 'Subject', 'value': 'War and Armed Conflicts', 'rank': 9}, {'name': 'Subject', 'value': 'Territorial Disputes', 'rank': 10}, {'name': 'Location', 'value': 'Kashmir and Jammu (India)', 'rank': 11}]",Foreign,12.0,A,2025-05-11 16:10:16+00:00,World,The Trump administration’s public descriptions of its role in the mediation seemed to touch some sensitive spots politically in India.,The New York Times,Asia Pacific,News,nyt://article/2b870763-bb80-5967-bf68-bf8aa032e5d0,https://www.nytimes.com/2025/05/11/world/asia/india-pakistan-kashmir-ceasefire.html,841,"By Anupreeta Das, Salman Masood and Hari Kumar","As Truce Seems to Hold, India and Pakistan Both Claim Victory",,"With a Fragile Truce, Neighboring Countries Both Claim Victory","Police personnel in the city of Jammu, in Indian-controlled Kashmir, on Sunday.",Atul Loke for The New York Times,https://static01.nyt.com/images/2025/05/11/multimedia/11int-india-pakistan-wzfh/11int-india-pakistan-wzfh-articleLarge.jpg,400,600,https://static01.nyt.com/images/2025/05/11/multimedia/11int-india-pakistan-wzfh/11int-india-pakistan-wzfh-thumbStandard.jpg,75,75,"As Truce Seems to Hold, India and Pakistan Both Claim Victory","As Truce Seems to Hold, India and Pakistan Both Claim Victory The Trump administration’s public descriptions of its role in the mediation seemed to touch some sensitive spots politically in India. The Trump administration’s public descriptions of its role in the mediation seemed to touch some sensitive spots politically in India."
,article,nyt://article/c481b7a5-70ba-528f-8bac-7a784aa91d28,"[{'name': 'Organization', 'value': 'Roman Catholic Church', 'rank': 1}, {'name': 'Person', 'value': 'Francis', 'rank': 2}, {'name': 'Location', 'value': 'Peru', 'rank': 3}, {'name': 'Location', 'value': 'Lima (Peru)', 'rank': 4}, {'name': 'Person', 'value': 'Leo XIV', 'rank': 5}]",Foreign,,,2025-05-09 00:51:40+00:00,World,,The New York Times,Europe,Live Blog Post,nyt://article/c481b7a5-70ba-528f-8bac-7a784aa91d28,https://www.nytimes.com/live/2025/05/08/world/pope-conclave-news/pope-leo-xiv-peru,566,By Genevieve Glatsky,Peru rejoices over the new pope and claims him as their own.,,,"The Vatican’s flag fluttering at the Metropolitan Cathedral in Lima, Peru, after Cardinal Robert Francis Prevost was elected pontiff on the second day of the conclave on Thursday.",Juan Carlos Mandujano/Agence France-Presse — Getty Images,https://static01.nyt.com/images/2025/05/08/multimedia/08pope-conclave-peru-reax1-kgbp/08pope-conclave-peru-reax1-kgbp-articleLarge.jpg,600,600,https://static01.nyt.com/images/2025/05/08/multimedia/08pope-conclave-peru-reax1-kgbp/08pope-conclave-peru-reax1-kgbp-thumbStandard.jpg,75,75,Peru rejoices over the new pope and claims him as their own.,Peru rejoices over the new pope and claims him as their own.
Ukraine denied that it had been pushed out of the region and said that its military operations inside Russia were continuing.,article,nyt://article/c06e718c-f3e3-5478-86ea-10b3ff2e7d4a,"[{'name': 'Subject', 'value': 'Russian Invasion of Ukraine (2022)', 'rank': 1}, {'name': 'Location', 'value': 'Russia', 'rank': 2}, {'name': 'Location', 'value': 'Kursk (Russia)', 'rank': 3}, {'name': 'Location', 'value': 'Ukraine', 'rank': 4}, {'name': 'Location', 'value': 'North Korea', 'rank': 5}, {'name': 'Subject', 'value': 'Defense and Military Forces', 'rank': 6}, {'name': 'Person', 'value': 'Putin, Vladimir V', 'rank': 7}, {'name': 'Subject', 'value': 'United States International Relations', 'rank': 8}, {'name': 'Subject', 'value': 'Peace Process', 'rank': 9}]",Foreign,8.0,A,2025-04-26 14:34:22+00:00,World,Ukraine denied that it had been pushed out of the region and said that its military operations inside Russia were continuing.,The New York Times,Europe,News,nyt://article/c06e718c-f3e3-5478-86ea-10b3ff2e7d4a,https://www.nytimes.com/2025/04/26/world/europe/russia-kursk-ukraine.html,841,"By Ivan Nechepurenko, Paul Sonne and Marc Santora",Russia Claims to Have Retaken Final Village in Its Kursk Region,,Russia Claims to Have Retaken Final Village From Ukraine in Kursk Region,A Russian soldier in a trench at an artillery position in the Kursk region of Russia in December.,Nanna Heitmann for The New York Times,https://static01.nyt.com/images/2025/04/26/multimedia/26int-russia-kursk-01-gjwt/26int-russia-kursk-01-gjwt-articleLarge.jpg,450,600,https://static01.nyt.com/images/2025/04/26/multimedia/26int-russia-kursk-01-gjwt/26int-russia-kursk-01-gjwt-thumbStandard.jpg,75,75,Russia Claims to Have Retaken Final Village in Its Kursk Region,Russia Claims to Have Retaken Final Village in Its Kursk Region Ukraine denied that it had been pushed out of the region and said that its military operations inside Russia were continuing. Ukraine denied that it had been pushed out of the region and said that its military operations inside Russia were continuing.
"A Times investigation shows Therme, a European firm, exaggerated its track record in securing a deal with Ontario, and government auditors found that the process had been unfair and opaque.",article,nyt://article/f41e3fd7-3f33-5e9d-9802-d70d39ec2906,"[{'name': 'Location', 'value': 'Toronto Islands (Toronto, Ontario)', 'rank': 1}, {'name': 'Subject', 'value': 'Spas', 'rank': 2}, {'name': 'Subject', 'value': 'Government Contracts and Procurement', 'rank': 3}, {'name': 'Subject', 'value': 'Real Estate (Commercial)', 'rank': 4}, {'name': 'Organization', 'value': 'Therme Group RHTG AG', 'rank': 5}, {'name': 'Person', 'value': 'Ford, Doug Jr (1964- )', 'rank': 6}, {'name': 'Location', 'value': 'Canada', 'rank': 7}, {'name': 'Location', 'value': 'Bucharest (Romania)', 'rank': 8}, {'name': 'Location', 'value': 'Toronto (Ontario)', 'rank': 9}, {'name': 'Location', 'value': 'Ontario (Canada)', 'rank': 10}, {'name': 'Subject', 'value': 'Area Planning and Renewal', 'rank': 11}, {'name': 'Subject', 'value': 'Ethics and Official Misconduct', 'rank': 12}, {'name': 'Subject', 'value': 'Frauds and Swindling', 'rank': 13}]",Foreign,10.0,A,2025-04-16 09:02:14+00:00,World,"A Times investigation shows Therme, a European firm, exaggerated its track record in securing a deal with Ontario, and government auditors found that the process had been unfair and opaque.",The New York Times,Canada,News,nyt://article/f41e3fd7-3f33-5e9d-9802-d70d39ec2906,https://www.nytimes.com/2025/04/16/world/canada/therme-spa-ontario-canada.html,1899,By Matina Stevis-Gridneff and Rebecca R. Ruiz,"A Wellness Company With False Claims, Global Aims and a Toronto Island",,Spa Company’s Deal in Toronto Emerged From Steam,The West Island of Ontario Place in Toronto.,Ian Willms for The New York Times,https://static01.nyt.com/images/2025/04/10/multimedia/00canada-spa-hp-promo-hqmf/00canada-spa-hp-promo-hqmf-articleLarge.jpg,450,600,https://static01.nyt.com/images/2025/04/10/multimedia/00canada-spa-hp-promo-hqmf/00canada-spa-hp-promo-hqmf-thumbStandard.jpg,75,75,"A Wellness Company With False Claims, Global Aims and a Toronto Island","A Wellness Company With False Claims, Global Aims and a Toronto Island A Times investigation shows Therme, a European firm, exaggerated its track record in securing a deal with Ontario, and government auditors found that the process had been unfair and opaque. A Times investigation shows Therme, a European firm, exaggerated its track record in securing a deal with Ontario, and government auditors found that the process had been unfair and opaque."
"Ukrainian President Volodymyr Zelensky said more than 150 Chinese men were fighting for Russia in Ukraine, hours after China dismissed claims that many of its citizens were involved in the war.",article,nyt://article/4a353edc-07ce-51b0-ba78-fe6b02f7e9f9,"[{'name': 'Location', 'value': 'China', 'rank': 1}, {'name': 'Location', 'value': 'Ukraine', 'rank': 2}, {'name': 'Location', 'value': 'Russia', 'rank': 3}, {'name': 'Subject', 'value': 'Russian Invasion of Ukraine (2022)', 'rank': 4}, {'name': 'Subject', 'value': 'Mercenaries and Private Military Contractors', 'rank': 5}, {'name': 'Person', 'value': 'Xi Jinping', 'rank': 6}, {'name': 'Person', 'value': 'Zelensky, Volodymyr', 'rank': 7}, {'name': 'Person', 'value': 'Trump, Donald J', 'rank': 8}]",Foreign,8.0,A,2025-04-09 10:22:12+00:00,World,"Ukrainian President Volodymyr Zelensky said more than 150 Chinese men were fighting for Russia in Ukraine, hours after China dismissed claims that many of its citizens were involved in the war.",The New York Times,Asia Pacific,News,nyt://article/4a353edc-07ce-51b0-ba78-fe6b02f7e9f9,https://www.nytimes.com/2025/04/09/world/asia/china-ukraine-russia.html,652,"By Berry Wang, Cassandra Vinograd and Constant Méheut",Zelensky Doubles Down on Claim That Many Chinese Are Fighting for Russia,,Zelensky Says Russia Recruited 150 Chinese; Beijing Denies Large Numbers,"Lin Jian, a spokesman for China’s foreign ministry, disputed a Ukrainian claim that many Chinese volunteers were fighting for Russia in Ukraine, on Wednesday in Beijing.","Jessica Lee/EPA, via Shutterstock",https://static01.nyt.com/images/2025/04/09/multimedia/09int-china-ukraine-gmpl/09int-china-ukraine-gmpl-articleLarge.jpg,402,600,https://static01.nyt.com/images/2025/04/09/multimedia/09int-china-ukraine-gmpl/09int-china-ukraine-gmpl-thumbStandard.jpg,75,75,Zelensky Doubles Down on Claim That Many Chinese Are Fighting for Russia,"Zelensky Doubles Down on Claim That Many Chinese Are Fighting for Russia Ukrainian President Volodymyr Zelensky said more than 150 Chinese men were fighting for Russia in Ukraine, hours after China dismissed claims that many of its citizens were involved in the war. Ukrainian President Volodymyr Zelensky said more than 150 Chinese men were fighting for Russia in Ukraine, hours after China dismissed claims that many of its citizens were involved in the war."
"The Ukrainian president did not suggest that they had been sent by Beijing’s military, but he pointed to their presence as further evidence that Moscow was not truly interested in peace.",article,nyt://article/0cc8c03b-ba96-5dd9-8ca9-a888fa475fde,"[{'name': 'Subject', 'value': 'Russian Invasion of Ukraine (2022)', 'rank': 1}, {'name': 'Subject', 'value': 'Prisoners of War', 'rank': 2}, {'name': 'Person', 'value': 'Biden, Joseph R Jr', 'rank': 3}, {'name': 'Person', 'value': 'Putin, Vladimir V', 'rank': 4}, {'name': 'Person', 'value': 'Trump, Donald J', 'rank': 5}, {'name': 'Person', 'value': 'Xi Jinping', 'rank': 6}, {'name': 'Person', 'value': 'Zelensky, Volodymyr', 'rank': 7}]",Foreign,11.0,A,2025-04-08 14:48:32+00:00,World,"The Ukrainian president did not suggest that they had been sent by Beijing’s military, but he pointed to their presence as further evidence that Moscow was not truly interested in peace.",The New York Times,Europe,News,nyt://article/0cc8c03b-ba96-5dd9-8ca9-a888fa475fde,https://www.nytimes.com/2025/04/08/world/europe/zelensky-russia-chinese-belgorod.html,577,By Maria Varenikova and David Pierson,Zelensky Claims Capture of 2 Chinese Citizens Fighting for Russia,,"2 From China Now P.O.W.s, Ukraine Says",President Volodymyr Zelensky of Ukraine addressing a news conference in Kyiv on Tuesday.,Genya Savilov/Agence France-Presse — Getty Images,https://static01.nyt.com/images/2025/04/08/multimedia/08int-ukraine-belgorod-hjwg/08int-ukraine-belgorod-hjwg-articleLarge.jpg,400,600,https://static01.nyt.com/images/2025/04/08/multimedia/08int-ukraine-belgorod-hjwg/08int-ukraine-belgorod-hjwg-thumbStandard.jpg,75,75,Zelensky Claims Capture of 2 Chinese Citizens Fighting for Russia,"Zelensky Claims Capture of 2 Chinese Citizens Fighting for Russia The Ukrainian president did not suggest that they had been sent by Beijing’s military, but he pointed to their presence as further evidence that Moscow was not truly interested in peace. The Ukrainian president did not suggest that they had been sent by Beijing’s military, but he pointed to their presence as further evidence that Moscow was not truly interested in peace."
Five friends defied the junta to care for people injured in the military coup. One returned from the battlefield to find his four friends among the dead in the March 28 earthquake.,article,nyt://article/50f4e401-62ef-5712-a405-fb94e47ed9f7,"[{'name': 'Subject', 'value': 'Myanmar Earthquake (March 28, 2025)', 'rank': 1}, {'name': 'Subject', 'value': 'Health Care Workers', 'rank': 2}, {'name': 'Location', 'value': 'Mandalay (Myanmar)', 'rank': 3}, {'name': 'Subject', 'value': 'War and Armed Conflicts', 'rank': 4}, {'name': 'Subject', 'value': 'Civilian Casualties', 'rank': 5}, {'name': 'Subject', 'value': 'Demonstrations, Protests and Riots', 'rank': 6}, {'name': 'Subject', 'value': ""Coups D'Etat and Attempted Coups D'Etat"", 'rank': 7}, {'name': 'Subject', 'value': 'Earthquakes', 'rank': 8}, {'name': 'Subject', 'value': 'Humanitarian Aid', 'rank': 9}]",Foreign,6.0,A,2025-04-04 04:01:13+00:00,World,Five friends defied the junta to care for people injured in the military coup. One returned from the battlefield to find his four friends among the dead in the March 28 earthquake.,The New York Times,Asia Pacific,News,nyt://article/50f4e401-62ef-5712-a405-fb94e47ed9f7,https://www.nytimes.com/2025/04/04/world/asia/myanmar-earthquake-doctors.html,800,By Hannah Beech,They Fought to Save Lives in Myanmar. The Earthquake Claimed Theirs.,,"In Myanmar, Young Doctor Struggles as Junta Makes War Even on Healers","A patient at Mandalay General Hospital, three days after the deadly Myanmar earthquake.",Sai Aung Main/Agence France-Presse — Getty Images,https://static01.nyt.com/images/2025/04/04/multimedia/04int-myanmar-doctor-hcqw/04int-myanmar-doctor-hcqw-articleLarge.jpg,400,600,https://static01.nyt.com/images/2025/04/04/multimedia/04int-myanmar-doctor-hcqw/04int-myanmar-doctor-hcqw-thumbStandard.jpg,75,75,They Fought to Save Lives in Myanmar. The Earthquake Claimed Theirs.,They Fought to Save Lives in Myanmar. The Earthquake Claimed Theirs. Five friends defied the junta to care for people injured in the military coup. One returned from the battlefield to find his four friends among the dead in the March 28 earthquake. Five friends defied the junta to care for people injured in the military coup. One returned from the battlefield to find his four friends among the dead in the March 28 earthquake.
"In a lawsuit filed in California, the plaintiffs said that Bumble Bee Foods was aware of and benefited from abuse by suppliers. The company declined to comment.",article,nyt://article/8a239ab1-f49c-597f-b718-caf38b93e12f,"[{'name': 'Subject', 'value': 'Suits and Litigation (Civil)', 'rank': 1}, {'name': 'Subject', 'value': 'Forced Labor', 'rank': 2}, {'name': 'Subject', 'value': 'Seafood', 'rank': 3}, {'name': 'Subject', 'value': 'Workplace Hazards and Violations', 'rank': 4}, {'name': 'Organization', 'value': 'Bumble Bee Foods', 'rank': 5}, {'name': 'Location', 'value': 'Indonesia', 'rank': 6}]",Foreign,,,2025-03-13 14:54:01+00:00,World,"In a lawsuit filed in California, the plaintiffs said that Bumble Bee Foods was aware of and benefited from abuse by suppliers. The company declined to comment.",The New York Times,Asia Pacific,News,nyt://article/8a239ab1-f49c-597f-b718-caf38b93e12f,https://www.nytimes.com/2025/03/13/world/asia/bumble-bee-tuna-forced-labor.html,833,By Sui-Lee Wee and Muktita Suhartono,Indonesian Fishermen Sue U.S. Canned Tuna Giant Over Claims of Forced Labor,,,"The Bumble Bee tuna processing plant in Santa Fe Springs, Calif., in 2012.",Nick Ut/Associated Press,https://static01.nyt.com/images/2025/03/12/multimedia/00indonesia-lawsuit-01-mhlv/00indonesia-lawsuit-01-mhlv-articleLarge.jpg,400,600,https://static01.nyt.com/images/2025/03/12/multimedia/00indonesia-lawsuit-01-mhlv/00indonesia-lawsuit-01-mhlv-thumbStandard.jpg,75,75,Indonesian Fishermen Sue U.S. Canned Tuna Giant Over Claims of Forced Labor,"Indonesian Fishermen Sue U.S. Canned Tuna Giant Over Claims of Forced Labor In a lawsuit filed in California, the plaintiffs said that Bumble Bee Foods was aware of and benefited from abuse by suppliers. The company declined to comment. In a lawsuit filed in California, the plaintiffs said that Bumble Bee Foods was aware of and benefited from abuse by suppliers. The company declined to comment."
"Ukrainian officials have not confirmed a retreat from the town in Russia’s Kursk region, parts of which were captured by Kyiv’s forces last summer.",article,nyt://article/ce5e1752-f941-5eaf-8898-600e3e9512ad,"[{'name': 'Location', 'value': 'Russia', 'rank': 1}, {'name': 'Location', 'value': 'Ukraine', 'rank': 2}, {'name': 'Location', 'value': 'Kursk (Russia)', 'rank': 3}, {'name': 'Subject', 'value': 'Russian Invasion of Ukraine (2022)', 'rank': 4}, {'name': 'Subject', 'value': 'Defense and Military Forces', 'rank': 5}]",Foreign,,,2025-03-13 14:11:27+00:00,World,"Ukrainian officials have not confirmed a retreat from the town in Russia’s Kursk region, parts of which were captured by Kyiv’s forces last summer.",The New York Times,Europe,News,nyt://article/ce5e1752-f941-5eaf-8898-600e3e9512ad,https://www.nytimes.com/2025/03/13/world/europe/russia-sudzha-recapture-kursk-ukraine.html,559,By Maria Varenikova,Russia Claims to Have Regained Control of Key Kursk Town,,,A Ukrainian military vehicle at the Sudzha border crossing last year. ,David Guttenfelder for The New York Times,https://static01.nyt.com/images/2025/03/13/multimedia/13russia-ukraine-Sudzha-pzlc/13russia-ukraine-Sudzha-pzlc-articleLarge.jpg,400,600,https://static01.nyt.com/images/2025/03/13/multimedia/13russia-ukraine-Sudzha-pzlc/13russia-ukraine-Sudzha-pzlc-thumbStandard.jpg,75,75,Russia Claims to Have Regained Control of Key Kursk Town,"Russia Claims to Have Regained Control of Key Kursk Town Ukrainian officials have not confirmed a retreat from the town in Russia’s Kursk region, parts of which were captured by Kyiv’s forces last summer. Ukrainian officials have not confirmed a retreat from the town in Russia’s Kursk region, parts of which were captured by Kyiv’s forces last summer."
An executive order from President Trump on Friday put the weight of U.S. influence behind a hotly disputed claim in South Africa that Afrikaners were the “victims of unjust racial discrimination.”,article,nyt://article/6af972e7-4b8e-57be-8fdd-74a1db00b440,"[{'name': 'Subject', 'value': 'United States International Relations', 'rank': 1}, {'name': 'Subject', 'value': 'Race and Ethnicity', 'rank': 2}, {'name': 'Subject', 'value': 'Foreign Aid', 'rank': 3}, {'name': 'Subject', 'value': 'Apartheid (Policy)', 'rank': 4}, {'name': 'Subject', 'value': 'Discrimination', 'rank': 5}, {'name': 'Subject', 'value': 'Executive Orders and Memorandums', 'rank': 6}, {'name': 'Person', 'value': 'Trump, Donald J', 'rank': 7}, {'name': 'Person', 'value': 'Ramaphosa, Cyril', 'rank': 8}, {'name': 'Person', 'value': 'Musk, Elon', 'rank': 9}, {'name': 'Location', 'value': 'South Africa', 'rank': 10}]",Foreign,6.0,A,2025-02-09 04:09:42+00:00,World,An executive order from President Trump on Friday put the weight of U.S. influence behind a hotly disputed claim in South Africa that Afrikaners were the “victims of unjust racial discrimination.”,The New York Times,Africa,News,nyt://article/6af972e7-4b8e-57be-8fdd-74a1db00b440,https://www.nytimes.com/2025/02/08/world/africa/afrikaners-trump-south-africa.html,1345,By John Eligon and Lynsey Chutel,Some Afrikaners Cheer as Trump Amplifies Claims of Persecution,,Afrikaners Cheer Trump For Backing Their Cause,"Irrigation equipment on a farm near Krugersdorp in Gauteng Province, South Africa, on Saturday. On Friday, President Trump ordered all aid to South Africa to be halted.",Joao Silva/The New York Times,https://static01.nyt.com/images/2025/02/08/multimedia/08safrica-trump-01-vwkz/08safrica-trump-01-vwkz-articleLarge.jpg,400,600,https://static01.nyt.com/images/2025/02/08/multimedia/08safrica-trump-01-vwkz/08safrica-trump-01-vwkz-thumbStandard.jpg,75,75,Some Afrikaners Cheer as Trump Amplifies Claims of Persecution,Some Afrikaners Cheer as Trump Amplifies Claims of Persecution An executive order from President Trump on Friday put the weight of U.S. influence behind a hotly disputed claim in South Africa that Afrikaners were the “victims of unjust racial discrimination.” An executive order from President Trump on Friday put the weight of U.S. influence behind a hotly disputed claim in South Africa that Afrikaners were the “victims of unjust racial discrimination.”
"The attacker who killed 14 pedestrians on Bourbon Street was “influenced by the discourse and messaging of the Islamic State,” the terrorist group said in a bulletin dated Thursday.",article,nyt://article/01d6025a-b1e0-57a5-9da7-bc4c7d1bd4e1,"[{'name': 'Subject', 'value': ""New Orleans, La, New Year's Day Attack (2025)"", 'rank': 1}, {'name': 'Organization', 'value': 'Islamic State in Iraq and Syria (ISIS)', 'rank': 2}, {'name': 'Person', 'value': 'Jabbar, Shamsud-Din Bahar (1982-2025)', 'rank': 3}, {'name': 'Subject', 'value': 'Terrorism', 'rank': 4}, {'name': 'Subject', 'value': 'Vehicle-Ramming Attacks', 'rank': 5}, {'name': 'Subject', 'value': 'Propaganda', 'rank': 6}, {'name': 'Organization', 'value': 'Federal Bureau of Investigation', 'rank': 7}]",Foreign,7.0,A,2025-01-10 21:40:39+00:00,World,"The attacker who killed 14 pedestrians on Bourbon Street was “influenced by the discourse and messaging of the Islamic State,” the terrorist group said in a bulletin dated Thursday.",The New York Times,Middle East,News,nyt://article/01d6025a-b1e0-57a5-9da7-bc4c7d1bd4e1,https://www.nytimes.com/2025/01/10/world/middleeast/isis-influence-new-orleans-attack.html,380,By Eve Sampson,"ISIS Says It Inspired New Orleans Attack, but Doesn’t Claim Responsibility",,"In New Orleans Attack, ISIS Cites Its Propaganda",Mourners in New Orleans attend a vigil on Saturday remembering the 14 people killed in the terrorist attack on Bourbon Street early on New Year’s Day.,Edmund D. Fountain for The New York Times,https://static01.nyt.com/images/2025/01/10/multimedia/10isis-nola-1-gkwf/10isis-nola-1-gkwf-articleLarge.jpg,400,600,https://static01.nyt.com/images/2025/01/10/multimedia/10isis-nola-1-gkwf/10isis-nola-1-gkwf-thumbStandard.jpg,75,75,"ISIS Says It Inspired New Orleans Attack, but Doesn’t Claim Responsibility","ISIS Says It Inspired New Orleans Attack, but Doesn’t Claim Responsibility The attacker who killed 14 pedestrians on Bourbon Street was “influenced by the discourse and messaging of the Islamic State,” the terrorist group said in a bulletin dated Thursday. The attacker who killed 14 pedestrians on Bourbon Street was “influenced by the discourse and messaging of the Islamic State,” the terrorist group said in a bulletin dated Thursday."
"Ukraine has largely been driven out of Kurakhove, a battered but strategic town in the Donbas, Russia said. Kyiv’s forces were pressing a renewed offensive in southern Russia.",article,nyt://article/03b48f9e-c791-5dd3-bb6d-7bdc9cc18565,"[{'name': 'Subject', 'value': 'Defense and Military Forces', 'rank': 1}, {'name': 'Subject', 'value': 'Russian Invasion of Ukraine (2022)', 'rank': 2}, {'name': 'Location', 'value': 'Pokrovsk (Ukraine)', 'rank': 3}, {'name': 'Location', 'value': 'Donbas (Ukraine)', 'rank': 4}, {'name': 'Subject', 'value': 'Politics and Government', 'rank': 5}, {'name': 'Location', 'value': 'Ukraine', 'rank': 6}, {'name': 'Location', 'value': 'Russia', 'rank': 7}]",Foreign,1.0,A,2025-01-06 14:18:59+00:00,World,"Ukraine has largely been driven out of Kurakhove, a battered but strategic town in the Donbas, Russia said. Kyiv’s forces were pressing a renewed offensive in southern Russia.",The New York Times,Europe,News,nyt://article/03b48f9e-c791-5dd3-bb6d-7bdc9cc18565,https://www.nytimes.com/2025/01/06/world/europe/kurakhove-russia-ukraine-war.html,1246,By Marc Santora,Russia Claims Control of Key Town as Ukraine Renews Push in Kursk,,"As Ukraine Pushes Into Kursk, It May Have Lost Crucial Town","A Ukrainian armored vehicle driving in Kurakhove, in the east of the country, in September.",Nicole Tung for The New York Times,https://static01.nyt.com/images/2025/01/01/multimedia/00ukraine-kurakhove-1-zqlt/00ukraine-kurakhove-1-zqlt-articleLarge.jpg,400,600,https://static01.nyt.com/images/2025/01/01/multimedia/00ukraine-kurakhove-1-zqlt/00ukraine-kurakhove-1-zqlt-thumbStandard.jpg,75,75,Russia Claims Control of Key Town as Ukraine Renews Push in Kursk,"Russia Claims Control of Key Town as Ukraine Renews Push in Kursk Ukraine has largely been driven out of Kurakhove, a battered but strategic town in the Donbas, Russia said. Kyiv’s forces were pressing a renewed offensive in southern Russia. Ukraine has largely been driven out of Kurakhove, a battered but strategic town in the Donbas, Russia said. Kyiv’s forces were pressing a renewed offensive in southern Russia."
"Gabriel Boric’s trip to the pole, which his office called the first by a Latin American president, comes amid rising competition for influence in Antarctica.",article,nyt://article/4bfecea0-f385-5ad3-87f3-5170cb7e5b48,"[{'name': 'Location', 'value': 'Antarctic Regions', 'rank': 1}, {'name': 'Location', 'value': 'Chile', 'rank': 2}, {'name': 'Person', 'value': 'Boric, Gabriel', 'rank': 3}, {'name': 'Subject', 'value': 'International Relations', 'rank': 4}, {'name': 'Subject', 'value': 'Territorial Disputes', 'rank': 5}, {'name': 'Subject', 'value': 'Conservation of Resources', 'rank': 6}]",Foreign,,,2025-01-05 00:51:02+00:00,World,"Gabriel Boric’s trip to the pole, which his office called the first by a Latin American president, comes amid rising competition for influence in Antarctica.",The New York Times,Americas,News,nyt://article/4bfecea0-f385-5ad3-87f3-5170cb7e5b48,https://www.nytimes.com/2025/01/04/world/americas/chile-antarctica-boric-competition.html,538,By Eve Sampson,A Frigid First: Chile’s President Visits South Pole to Bolster Antarctic Claims,,,A photograph released by the Chilean Presidential Palace shows President Gabriel Boric at the Ceremonial South Pole during his visit on Friday.,via Reuters,https://static01.nyt.com/images/2025/01/04/multimedia/04chile-antarctica-zjct/04chile-antarctica-zjct-articleLarge.jpg,400,600,https://static01.nyt.com/images/2025/01/04/multimedia/04chile-antarctica-zjct/04chile-antarctica-zjct-thumbStandard.jpg,75,75,A Frigid First: Chile’s President Visits South Pole to Bolster Antarctic Claims,"A Frigid First: Chile’s President Visits South Pole to Bolster Antarctic Claims Gabriel Boric’s trip to the pole, which his office called the first by a Latin American president, comes amid rising competition for influence in Antarctica. Gabriel Boric’s trip to the pole, which his office called the first by a Latin American president, comes amid rising competition for influence in Antarctica."
President Volodymyr Zelensky of Ukraine has sought the meeting since the latest U.S.-led push for peace got underway.,article,nyt://article/4b5f03cd-eb98-57d1-9dbd-7429f65bd874,"[{'name': 'Subject', 'value': 'Russian Invasion of Ukraine (2022)', 'rank': 1}, {'name': 'Location', 'value': 'Russia', 'rank': 2}, {'name': 'Location', 'value': 'Ukraine', 'rank': 3}, {'name': 'Person', 'value': 'Zelensky, Volodymyr', 'rank': 4}, {'name': 'Person', 'value': 'Trump, Donald J', 'rank': 5}, {'name': 'Subject', 'value': 'United States International Relations', 'rank': 6}, {'name': 'Subject', 'value': 'Peace Process', 'rank': 7}]",Foreign,7.0,A,2025-12-26 10:32:45+00:00,World,President Volodymyr Zelensky of Ukraine has sought the meeting since the latest U.S.-led push for peace got underway.,The New York Times,Europe,News,nyt://article/4b5f03cd-eb98-57d1-9dbd-7429f65bd874,https://www.nytimes.com/2025/12/26/world/europe/zelensky-trump-ukraine-russia.html,776,By Cassandra Vinograd,Trump and Zelensky Will Meet Sunday to Discuss Ukraine Peace Plan,,Zelensky to Meet With Trump in Florida,President Volodymyr Zelensky of Ukraine has acknowledged major sticking points in talks on a peace plan for Ukraine.,Tetiana Dzhafarova/Agence France-Presse — Getty Images,https://static01.nyt.com/images/2025/12/26/multimedia/26int-ukraine-zelensky-mcgb/26int-ukraine-zelensky-mcgb-articleLarge.jpg,400,600,https://static01.nyt.com/images/2025/12/26/multimedia/26int-ukraine-zelensky-mcgb/26int-ukraine-zelensky-mcgb-thumbStandard.jpg,75,75,Trump and Zelensky Will Meet Sunday to Discuss Ukraine Peace Plan,Trump and Zelensky Will Meet Sunday to Discuss Ukraine Peace Plan President Volodymyr Zelensky of Ukraine has sought the meeting since the latest U.S.-led push for peace got underway. President Volodymyr Zelensky of Ukraine has sought the meeting since the latest U.S.-led push for peace got underway.
"Three men in northern England were sentenced last week for preparing acts of terrorism. Their case highlights a growing threat from right-wing extremism, experts said.",article,nyt://article/f31eff0a-0a79-5c45-909c-93f4cd9750fd,"[{'name': 'Organization', 'value': 'Security Service (MI5)', 'rank': 1}, {'name': 'Subject', 'value': 'Terrorism', 'rank': 2}, {'name': 'Subject', 'value': 'Neo Nazi Groups', 'rank': 3}, {'name': 'Subject', 'value': 'Right-Wing Extremism and Alt-Right', 'rank': 4}, {'name': 'Location', 'value': 'Great Britain', 'rank': 5}, {'name': 'Location', 'value': 'England', 'rank': 6}, {'name': 'Location', 'value': 'Sheffield (England)', 'rank': 7}, {'name': 'Subject', 'value': 'Anti-Semitism', 'rank': 8}, {'name': 'Subject', 'value': 'Hate Crimes', 'rank': 9}, {'name': 'Subject', 'value': 'Decisions and Verdicts', 'rank': 10}, {'name': 'Organization', 'value': 'Institute for Strategic Dialogue', 'rank': 11}, {'name': 'Organization', 'value': 'Telegram LLC', 'rank': 12}, {'name': 'Person', 'value': 'McCallum, Ken', 'rank': 13}, {'name': 'Subject', 'value': 'Mosques', 'rank': 14}]",Foreign,6.0,A,2025-10-22 04:01:08+00:00,World,"Three men in northern England were sentenced last week for preparing acts of terrorism. Their case highlights a growing threat from right-wing extremism, experts said.",The New York Times,Europe,News,nyt://article/f31eff0a-0a79-5c45-909c-93f4cd9750fd,https://www.nytimes.com/2025/10/22/world/europe/uk-neo-nazis-extreme-right-wing-terrorism.html,1199,By Lizzie Dearden,"British Neo-Nazis Discussed Targeting Migrants, Mosques and Synagogues",,Neo-Nazi Trial in Britain Highlights Threat From Far-Right Extremists,The trial took place over two months at Sheffield Crown Court in South Yorkshire.,Dean Atkins/Alamy,https://static01.nyt.com/images/2025/07/17/world/17int-uk-nazi-plot-apfn/17int-uk-nazi-plot-articleLarge.jpg,400,600,https://static01.nyt.com/images/2025/07/17/world/17int-uk-nazi-plot-apfn/17int-uk-nazi-plot-thumbStandard.jpg,75,75,"British Neo-Nazis Discussed Targeting Migrants, Mosques and Synagogues","British Neo-Nazis Discussed Targeting Migrants, Mosques and Synagogues Three men in northern England were sentenced last week for preparing acts of terrorism. Their case highlights a growing threat from right-wing extremism, experts said. Three men in northern England were sentenced last week for preparing acts of terrorism. Their case highlights a growing threat from right-wing extremism, experts said."
"Mark Carney, Keir Starmer, Pete Buttigieg and Jacinda Ardern were among those at a London summit as a rising populist right appears to threaten progressive politics.",article,nyt://article/4010b28c-460f-57e4-9a38-62f4980be365,"[{'name': 'Subject', 'value': 'Politics and Government', 'rank': 1}, {'name': 'Subject', 'value': 'Immigration and Emigration', 'rank': 2}, {'name': 'Subject', 'value': 'Polls and Public Opinion', 'rank': 3}, {'name': 'Subject', 'value': 'Progressivism (Theory and Philosophy)', 'rank': 4}, {'name': 'Organization', 'value': 'Center for American Progress', 'rank': 5}, {'name': 'Organization', 'value': 'Labour Party (Great Britain)', 'rank': 6}, {'name': 'Organization', 'value': 'Democratic Party', 'rank': 7}, {'name': 'Organization', 'value': 'Reform UK (British Political Party)', 'rank': 8}, {'name': 'Person', 'value': 'Albanese, Anthony (1963- )', 'rank': 9}, {'name': 'Person', 'value': 'Buttigieg, Pete (1982- )', 'rank': 10}, {'name': 'Person', 'value': 'Pritzker, J B', 'rank': 11}, {'name': 'Person', 'value': 'Starmer, Keir', 'rank': 12}, {'name': 'Person', 'value': 'Trump, Donald J', 'rank': 13}, {'name': 'Location', 'value': 'Great Britain', 'rank': 14}, {'name': 'Location', 'value': 'London (England)', 'rank': 15}, {'name': 'Person', 'value': 'Burnham, Andrew M (1970- )', 'rank': 16}]",Foreign,4.0,A,2025-09-26 04:01:07+00:00,World,"Mark Carney, Keir Starmer, Pete Buttigieg and Jacinda Ardern were among those at a London summit as a rising populist right appears to threaten progressive politics.",The New York Times,Europe,News,nyt://article/4010b28c-460f-57e4-9a38-62f4980be365,https://www.nytimes.com/2025/09/26/world/europe/progressives-ippr-summit-london-starmer.html,994,By Stephen Castle and Mark Landler,World Leaders of a Worried Center-Left Gather to Discuss Ways to Fight Back,,Fretful Center-Left Gathers to Discuss How to Fight Back,Prime Minister Keir Starmer of Britain speaking at the Global Progress Action Summit in London on Friday. He described the populist right as offering “a politics of predatory grievance” and said his party faced “a battle for the soul of this country.”,Jack Taylor/Reuters,https://static01.nyt.com/images/2025/09/26/multimedia/26int-uk-left-qklh/26int-uk-left-qklh-articleLarge.jpg,400,600,https://static01.nyt.com/images/2025/09/26/multimedia/26int-uk-left-qklh/26int-uk-left-qklh-thumbStandard.jpg,75,75,World Leaders of a Worried Center-Left Gather to Discuss Ways to Fight Back,"World Leaders of a Worried Center-Left Gather to Discuss Ways to Fight Back Mark Carney, Keir Starmer, Pete Buttigieg and Jacinda Ardern were among those at a London summit as a rising populist right appears to threaten progressive politics. Mark Carney, Keir Starmer, Pete Buttigieg and Jacinda Ardern were among those at a London summit as a rising populist right appears to threaten progressive politics."
Israeli Prime Minister Benjamin Netanyahu will meet with a group of senior ministers on Thursday as the families of the hostages warn that moving into new areas could endanger the captives.,article,nyt://article/bff7a1e9-bad7-5efd-b884-2a6eed2a2343,"[{'name': 'Subject', 'value': 'Israel-Gaza War (2023- )', 'rank': 1}, {'name': 'Organization', 'value': 'Hamas', 'rank': 2}, {'name': 'Location', 'value': 'Gaza Strip', 'rank': 3}, {'name': 'Subject', 'value': 'War and Armed Conflicts', 'rank': 4}, {'name': 'Location', 'value': 'Israel', 'rank': 5}, {'name': 'Person', 'value': 'Netanyahu, Benjamin', 'rank': 6}]",Foreign,4.0,A,2025-08-06 13:43:04+00:00,World,Israeli Prime Minister Benjamin Netanyahu will meet with a group of senior ministers on Thursday as the families of the hostages warn that moving into new areas could endanger the captives.,The New York Times,Middle East,News,nyt://article/bff7a1e9-bad7-5efd-b884-2a6eed2a2343,https://www.nytimes.com/2025/08/06/world/middleeast/israel-gaza-occupation-netanyahu.html,748,By Isabel Kershner,"Despite Opposition, Netanyahu’s Security Cabinet to Discuss Gaza Military Push",,Israeli Cabinet Set to Discuss Full Takeover Of Gaza Strip,Prime Minister Benjamin Netanyahu is considering expanding Israel’s military operation in Gaza to the entire territory.,Gil Cohen-Magen/Agence France-Presse — Getty Images,https://static01.nyt.com/images/2025/08/06/multimedia/06israel-gaza-01-mlvp/06israel-gaza-01-mlvp-articleLarge.jpg,400,600,https://static01.nyt.com/images/2025/08/06/multimedia/06israel-gaza-01-mlvp/06israel-gaza-01-mlvp-thumbStandard.jpg,75,75,"Despite Opposition, Netanyahu’s Security Cabinet to Discuss Gaza Military Push","Despite Opposition, Netanyahu’s Security Cabinet to Discuss Gaza Military Push Israeli Prime Minister Benjamin Netanyahu will meet with a group of senior ministers on Thursday as the families of the hostages warn that moving into new areas could endanger the captives. Israeli Prime Minister Benjamin Netanyahu will meet with a group of senior ministers on Thursday as the families of the hostages warn that moving into new areas could endanger the captives."
"It was the two leaders’ first call since 2022, and the Russian president’s first with any major European leader since last year.",article,nyt://article/b620b602-2be6-57c0-8452-1606e07bad53,"[{'name': 'Subject', 'value': 'United States Politics and Government', 'rank': 1}, {'name': 'Subject', 'value': 'Russian Invasion of Ukraine (2022)', 'rank': 2}, {'name': 'Subject', 'value': 'United States International Relations', 'rank': 3}, {'name': 'Subject', 'value': 'Politics and Government', 'rank': 4}, {'name': 'Subject', 'value': 'Iran-Israel War (2025- )', 'rank': 5}, {'name': 'Subject', 'value': 'War and Armed Conflicts', 'rank': 6}, {'name': 'Subject', 'value': 'International Relations', 'rank': 7}, {'name': 'Location', 'value': 'France', 'rank': 8}, {'name': 'Organization', 'value': 'European Union', 'rank': 9}, {'name': 'Organization', 'value': 'International Atomic Energy Agency', 'rank': 10}, {'name': 'Organization', 'value': 'National Security Council', 'rank': 11}, {'name': 'Organization', 'value': 'North Atlantic Treaty Organization', 'rank': 12}, {'name': 'Person', 'value': 'Macron, Emmanuel (1977- )', 'rank': 13}, {'name': 'Person', 'value': 'Putin, Vladimir V', 'rank': 14}, {'name': 'Person', 'value': 'Scholz, Olaf (1958- )', 'rank': 15}, {'name': 'Person', 'value': 'Trump, Donald J', 'rank': 16}, {'name': 'Location', 'value': 'Europe', 'rank': 17}, {'name': 'Location', 'value': 'Russia', 'rank': 18}, {'name': 'Location', 'value': 'United States', 'rank': 19}]",Foreign,5.0,A,2025-07-01 18:44:35+00:00,World,"It was the two leaders’ first call since 2022, and the Russian president’s first with any major European leader since last year.",The New York Times,Europe,News,nyt://article/b620b602-2be6-57c0-8452-1606e07bad53,https://www.nytimes.com/2025/07/01/world/europe/putin-macron-ukraine-iran.html,528,By Catherine Porter and Anton Troianovski,Macron and Putin Discuss Iran and Ukraine in Rare Call,,"Putin, in Call  With Macron,  Stays Course On Ukraine","The two leaders seemed to reach some common ground on Iran, but they were still at odds over the war in Ukraine.",Ludovic Marin/Agence France-Presse — Getty Images,https://static01.nyt.com/images/2025/07/01/multimedia/01int-putin-macron-mgtf/01int-putin-macron-mgtf-articleLarge.jpg,400,600,https://static01.nyt.com/images/2025/07/01/multimedia/01int-putin-macron-mgtf/01int-putin-macron-mgtf-thumbStandard.jpg,75,75,Macron and Putin Discuss Iran and Ukraine in Rare Call,"Macron and Putin Discuss Iran and Ukraine in Rare Call It was the two leaders’ first call since 2022, and the Russian president’s first with any major European leader since last year. It was the two leaders’ first call since 2022, and the Russian president’s first with any major European leader since last year."
A telephone call between the two leaders was the latest chapter in a flurry of diplomatic maneuvering over ending the three-year conflict.,article,nyt://article/0718a008-a0d9-5250-8196-98c560795aba,"[{'name': 'Subject', 'value': 'Russian Invasion of Ukraine (2022)', 'rank': 1}, {'name': 'Person', 'value': 'Trump, Donald J', 'rank': 2}, {'name': 'Person', 'value': 'Putin, Vladimir V', 'rank': 3}, {'name': 'Subject', 'value': 'United States International Relations', 'rank': 4}, {'name': 'Subject', 'value': 'Peace Process', 'rank': 5}]",Foreign,6.0,A,2025-05-19 09:44:58+00:00,World,A telephone call between the two leaders was the latest chapter in a flurry of diplomatic maneuvering over ending the three-year conflict.,The New York Times,Europe,News,nyt://article/0718a008-a0d9-5250-8196-98c560795aba,https://www.nytimes.com/2025/05/19/world/europe/trump-putin-ukraine.html,1230,By Anatoly Kurmanaev and Anton Troianovski,Trump and Putin Discuss Ukraine War in High-Stakes Call,,Trump-Putin Call Yields No Change on Ukraine,A member of Ukraine’s 14th Mechanized Brigade near Kupiansk on Thursday.,Tyler Hicks/The New York Times,https://static01.nyt.com/images/2025/05/19/multimedia/19int-russia-us-ukraine01-photo-blvj/19int-russia-us-ukraine01-photo-blvj-articleLarge.jpg,400,600,https://static01.nyt.com/images/2025/05/19/multimedia/19int-russia-us-ukraine01-photo-blvj/19int-russia-us-ukraine01-photo-blvj-thumbStandard.jpg,75,75,Trump and Putin Discuss Ukraine War in High-Stakes Call,Trump and Putin Discuss Ukraine War in High-Stakes Call A telephone call between the two leaders was the latest chapter in a flurry of diplomatic maneuvering over ending the three-year conflict. A telephone call between the two leaders was the latest chapter in a flurry of diplomatic maneuvering over ending the three-year conflict.
"Pope Francis is credited with addressing the issue more strongly than his predecessors did, but clerical abuse remains a ruinous issue for the Roman Catholic Church.",article,nyt://article/54d71c9c-5f6d-54b1-82bf-19fed1058de6,"[{'name': 'Subject', 'value': 'Child Abuse and Neglect', 'rank': 1}, {'name': 'Subject', 'value': 'Sex Crimes', 'rank': 2}, {'name': 'Subject', 'value': 'Popes', 'rank': 3}, {'name': 'Subject', 'value': 'Cardinals (Roman Catholic Prelates)', 'rank': 4}, {'name': 'Subject', 'value': 'Priests', 'rank': 5}, {'name': 'Organization', 'value': 'Roman Catholic Church', 'rank': 6}, {'name': 'Person', 'value': 'Francis', 'rank': 7}, {'name': 'Organization', 'value': 'Survivors Network of Those Abused by Priests', 'rank': 8}]",Foreign,8.0,A,2025-05-05 09:01:46+00:00,World,"Pope Francis is credited with addressing the issue more strongly than his predecessors did, but clerical abuse remains a ruinous issue for the Roman Catholic Church.",The New York Times,Europe,News,nyt://article/54d71c9c-5f6d-54b1-82bf-19fed1058de6,https://www.nytimes.com/2025/05/05/world/europe/pope-cardinals-sex-abuse.html,1063,By Elisabetta Povoledo,Survivors Urge Cardinals to Discuss Sex Abuse Crisis in Choosing Next Pope,,Cardinals Urged to Weigh Sex Abuse Crisis in Choosing Pope,"The convening cardinals have discussed sexual abuse in the church, the Vatican spokesman said last week.",Tomas Munita for The New York Times,https://static01.nyt.com/images/2025/05/05/multimedia/05int-pope-sexabuse-fwtk/05int-pope-sexabuse-fwtk-articleLarge.jpg,400,600,https://static01.nyt.com/images/2025/05/05/multimedia/05int-pope-sexabuse-fwtk/05int-pope-sexabuse-fwtk-thumbStandard.jpg,75,75,Survivors Urge Cardinals to Discuss Sex Abuse Crisis in Choosing Next Pope,"Survivors Urge Cardinals to Discuss Sex Abuse Crisis in Choosing Next Pope Pope Francis is credited with addressing the issue more strongly than his predecessors did, but clerical abuse remains a ruinous issue for the Roman Catholic Church. Pope Francis is credited with addressing the issue more strongly than his predecessors did, but clerical abuse remains a ruinous issue for the Roman Catholic Church."
"The pilots’ conversation with air traffic controllers, revealed in a partial transcript, could offer clues to what caused the disaster in South Korea, which killed 179 people.",article,nyt://article/b781ebdf-c208-5fc5-a501-6b796e767376,"[{'name': 'Subject', 'value': 'Jeju Air Flight 2216', 'rank': 1}, {'name': 'Subject', 'value': 'Aviation Accidents, Safety and Disasters', 'rank': 2}, {'name': 'Subject', 'value': 'Airlines and Airplanes', 'rank': 3}, {'name': 'Subject', 'value': 'Air Traffic Control', 'rank': 4}, {'name': 'Subject', 'value': 'Pilots', 'rank': 5}, {'name': 'Location', 'value': 'South Korea', 'rank': 6}, {'name': 'Organization', 'value': 'Jeju Air Co Ltd', 'rank': 7}, {'name': 'Organization', 'value': 'Muan International Airport', 'rank': 8}]",Foreign,11.0,A,2025-04-08 14:34:37+00:00,World,"The pilots’ conversation with air traffic controllers, revealed in a partial transcript, could offer clues to what caused the disaster in South Korea, which killed 179 people.",The New York Times,Asia Pacific,News,nyt://article/b781ebdf-c208-5fc5-a501-6b796e767376,https://www.nytimes.com/2025/04/08/world/asia/jeju-crash-communications.html,921,By Grace Moon and Selam Gebrekidan,Pilots Discussed Alternate Ways to Land Before Deadly Jeju Air Crash,,Pilots Discussed Alternate Ways to Land Before Deadly Crash in South Korea,Jeju Air Flight 2216 crashed at Muan International Airport in South Korea on Dec. 29.,Chang W. Lee/The New York Times,https://static01.nyt.com/images/2025/04/08/multimedia/08int-Jeju-tower-01-vhpl/08int-Jeju-tower-01-vhpl-articleLarge.jpg,400,600,https://static01.nyt.com/images/2025/04/08/multimedia/08int-Jeju-tower-01-vhpl/08int-Jeju-tower-01-vhpl-thumbStandard.jpg,75,75,Pilots Discussed Alternate Ways to Land Before Deadly Jeju Air Crash,"Pilots Discussed Alternate Ways to Land Before Deadly Jeju Air Crash The pilots’ conversation with air traffic controllers, revealed in a partial transcript, could offer clues to what caused the disaster in South Korea, which killed 179 people. The pilots’ conversation with air traffic controllers, revealed in a partial transcript, could offer clues to what caused the disaster in South Korea, which killed 179 people."
The Kremlin said that President Vladimir V. Putin had agreed in a call with President Trump to temporarily stop strikes on Ukrainian energy infrastructure.,article,nyt://article/5fb99032-e1cc-5bec-b9e8-4234683bef71,"[{'name': 'Subject', 'value': 'Russian Invasion of Ukraine (2022)', 'rank': 1}, {'name': 'Subject', 'value': 'Foreign Aid', 'rank': 2}, {'name': 'Person', 'value': 'Macron, Emmanuel (1977- )', 'rank': 3}, {'name': 'Person', 'value': 'Peskov, Dmitri S', 'rank': 4}, {'name': 'Person', 'value': 'Putin, Vladimir V', 'rank': 5}, {'name': 'Person', 'value': 'Rubio, Marco', 'rank': 6}, {'name': 'Person', 'value': 'Starmer, Keir', 'rank': 7}, {'name': 'Person', 'value': 'Trump, Donald J', 'rank': 8}, {'name': 'Person', 'value': 'Vance, J D', 'rank': 9}, {'name': 'Person', 'value': 'Zelensky, Volodymyr', 'rank': 10}, {'name': 'Location', 'value': 'Dnipro River (Ukraine)', 'rank': 11}, {'name': 'Location', 'value': 'Kursk (Russia)', 'rank': 12}, {'name': 'Location', 'value': 'Russia', 'rank': 13}, {'name': 'Location', 'value': 'Ukraine', 'rank': 14}]",Foreign,,,2025-03-18 09:19:52+00:00,World,The Kremlin said that President Vladimir V. Putin had agreed in a call with President Trump to temporarily stop strikes on Ukrainian energy infrastructure.,The New York Times,Europe,News,nyt://article/5fb99032-e1cc-5bec-b9e8-4234683bef71,https://www.nytimes.com/2025/03/18/world/europe/trump-putin-call-ukraine-russia-war.html,1269,By Constant Méheut and Ivan Nechepurenko,Trump and Putin Discuss Ukraine: What to Know,,,,Doug Mills/The New York Times; Kristina Kormilitsyna/Sputnik,https://static01.nyt.com/images/2025/03/18/world/18int-trump-putin-talks-wtk-promo/18int-trump-putin-talks-wtk-promo-articleLarge.jpg,445,600,https://static01.nyt.com/images/2025/03/18/world/18int-trump-putin-talks-wtk-promo/18int-trump-putin-talks-wtk-promo-thumbStandard.jpg,75,75,Trump and Putin Discuss Ukraine: What to Know,Trump and Putin Discuss Ukraine: What to Know The Kremlin said that President Vladimir V. Putin had agreed in a call with President Trump to temporarily stop strikes on Ukrainian energy infrastructure. The Kremlin said that President Vladimir V. Putin had agreed in a call with President Trump to temporarily stop strikes on Ukrainian energy infrastructure.
"The call, scheduled for Tuesday, will be the first known conversation between the two leaders since Mr. Putin laid out numerous conditions for a cease-fire with Ukraine.",article,nyt://article/4298f2bd-0ee3-5f07-9965-6fb42aebebdd,"[{'name': 'Person', 'value': 'Peskov, Dmitri S', 'rank': 1}, {'name': 'Person', 'value': 'Putin, Vladimir V', 'rank': 2}, {'name': 'Person', 'value': 'Trump, Donald J', 'rank': 3}, {'name': 'Person', 'value': 'Witkoff, Steven', 'rank': 4}, {'name': 'Person', 'value': 'Zelensky, Volodymyr', 'rank': 5}, {'name': 'Subject', 'value': 'Russian Invasion of Ukraine (2022)', 'rank': 6}, {'name': 'Location', 'value': 'Kursk (Russia)', 'rank': 7}, {'name': 'Location', 'value': 'Kyiv (Ukraine)', 'rank': 8}, {'name': 'Location', 'value': 'Moscow (Russia)', 'rank': 9}, {'name': 'Location', 'value': 'Russia', 'rank': 10}, {'name': 'Location', 'value': 'Ukraine', 'rank': 11}]",Foreign,5.0,A,2025-03-17 11:50:04+00:00,World,"The call, scheduled for Tuesday, will be the first known conversation between the two leaders since Mr. Putin laid out numerous conditions for a cease-fire with Ukraine.",The New York Times,Europe,News,nyt://article/4298f2bd-0ee3-5f07-9965-6fb42aebebdd,https://www.nytimes.com/2025/03/17/world/europe/putin-trump-russia-ukraine.html,1045,By Ivan Nechepurenko and Constant Méheut,Trump’s Plan to Discuss Ukraine’s Power Plants With Putin Prompts Questions,,Putin-Trump Call May Discuss ‘Dividing Up’ Assets,A photo released by Russian state media shows President Vladimir V. Putin on a video call outside of Moscow last week.,Alexei Babushkin/Sputnik,https://static01.nyt.com/images/2025/03/17/multimedia/17Int-Russia-fjpc/17Int-Russia-fjpc-articleLarge.jpg,400,600,https://static01.nyt.com/images/2025/03/17/multimedia/17Int-Russia-fjpc/17Int-Russia-fjpc-thumbStandard.jpg,75,75,Trump’s Plan to Discuss Ukraine’s Power Plants With Putin Prompts Questions,"Trump’s Plan to Discuss Ukraine’s Power Plants With Putin Prompts Questions The call, scheduled for Tuesday, will be the first known conversation between the two leaders since Mr. Putin laid out numerous conditions for a cease-fire with Ukraine. The call, scheduled for Tuesday, will be the first known conversation between the two leaders since Mr. Putin laid out numerous conditions for a cease-fire with Ukraine."
Kyiv said it would support the Trump administration’s proposal for a cease-fire with Russia. The Kremlin has not said whether it will do the same.,article,nyt://article/98e8000c-01d8-53cb-b84f-a58bf8655c51,"[{'name': 'Subject', 'value': 'Russian Invasion of Ukraine (2022)', 'rank': 1}, {'name': 'Subject', 'value': 'Drones (Pilotless Planes)', 'rank': 2}, {'name': 'Subject', 'value': 'International Relations', 'rank': 3}, {'name': 'Subject', 'value': 'Defense and Military Forces', 'rank': 4}, {'name': 'Person', 'value': 'Rubio, Marco', 'rank': 5}, {'name': 'Person', 'value': 'Waltz, Michael (1974- )', 'rank': 6}, {'name': 'Location', 'value': 'Jidda (Saudi Arabia)', 'rank': 7}]",Foreign,,,2025-03-11 15:33:07+00:00,World,Kyiv said it would support the Trump administration’s proposal for a cease-fire with Russia. The Kremlin has not said whether it will do the same.,The New York Times,Europe,News,nyt://article/98e8000c-01d8-53cb-b84f-a58bf8655c51,https://www.nytimes.com/article/us-ukraine-talks-rubio-saudi-arabia.html,1120,"By Andrew E. Kramer, Ivan Nechepurenko and Marc Santora",U.S. and Ukraine Discuss a 30-Day Cease-Fire: What to Know,,,"A damaged high-rise apartment building after a drone attack in Sapronovo, Russia. Russian officials said Ukraine attacked the Moscow region before dawn on Tuesday.",Tatyana Makeyeva/Agence France-Presse — Getty Images,https://static01.nyt.com/images/2025/03/11/multimedia/11int-ukraine-talks-wwk-01-hgqv/11int-ukraine-talks-wwk-01-hgqv-articleLarge.jpg,400,600,https://static01.nyt.com/images/2025/03/11/multimedia/11int-ukraine-talks-wwk-01-hgqv/11int-ukraine-talks-wwk-01-hgqv-thumbStandard.jpg,75,75,U.S. and Ukraine Discuss a 30-Day Cease-Fire: What to Know,U.S. and Ukraine Discuss a 30-Day Cease-Fire: What to Know Kyiv said it would support the Trump administration’s proposal for a cease-fire with Russia. The Kremlin has not said whether it will do the same. Kyiv said it would support the Trump administration’s proposal for a cease-fire with Russia. The Kremlin has not said whether it will do the same.
"In a televised address, President Emmanuel Macron warned that Europe needed to deal with a retreating America and a bellicose Russia.",article,nyt://article/96319d25-403f-5826-893c-11f6465eda7f,"[{'name': 'Location', 'value': 'France', 'rank': 1}, {'name': 'Subject', 'value': 'Nuclear Weapons', 'rank': 2}, {'name': 'Person', 'value': 'Macron, Emmanuel (1977- )', 'rank': 3}, {'name': 'Organization', 'value': 'European Union', 'rank': 4}, {'name': 'Person', 'value': 'Merz, Friedrich', 'rank': 5}, {'name': 'Person', 'value': 'Trump, Donald J', 'rank': 6}, {'name': 'Location', 'value': 'Europe', 'rank': 7}]",Foreign,,,2025-03-06 00:14:35+00:00,World,"In a televised address, President Emmanuel Macron warned that Europe needed to deal with a retreating America and a bellicose Russia.",The New York Times,Europe,News,nyt://article/96319d25-403f-5826-893c-11f6465eda7f,https://www.nytimes.com/2025/03/05/world/europe/france-nuclear-europe.html,764,By Aurelien Breeden,"France Open to Discussing Extension of Nuclear Deterrence, Macron Says",,,"President Emmanuel Macron of France at the Élysée Palace, in Paris, on Wednesday.",Michel Euler/Associated Press,https://static01.nyt.com/images/2025/03/05/multimedia/05france-nuclear-1-zbjc/05france-nuclear-1-zbjc-articleLarge.jpg,400,600,https://static01.nyt.com/images/2025/03/05/multimedia/05france-nuclear-1-zbjc/05france-nuclear-1-zbjc-thumbStandard.jpg,75,75,"France Open to Discussing Extension of Nuclear Deterrence, Macron Says","France Open to Discussing Extension of Nuclear Deterrence, Macron Says In a televised address, President Emmanuel Macron warned that Europe needed to deal with a retreating America and a bellicose Russia. In a televised address, President Emmanuel Macron warned that Europe needed to deal with a retreating America and a bellicose Russia."
"Proposals that emerged in recent negotiations with the United States were “rather unconstructive,” a Kremlin official said on Sunday.",article,nyt://article/be486df3-cb88-535f-8149-871118952df8,"[{'name': 'Subject', 'value': 'Russian Invasion of Ukraine (2022)', 'rank': 1}, {'name': 'Subject', 'value': 'Peace Process', 'rank': 2}, {'name': 'Location', 'value': 'United States', 'rank': 3}, {'name': 'Location', 'value': 'Russia', 'rank': 4}, {'name': 'Person', 'value': 'Dmitriev, Kirill A (1975- )', 'rank': 5}, {'name': 'Person', 'value': 'Putin, Vladimir V', 'rank': 6}, {'name': 'Subject', 'value': 'United States International Relations', 'rank': 7}, {'name': 'Person', 'value': 'Witkoff, Steven', 'rank': 8}, {'name': 'Person', 'value': 'Trump, Donald J', 'rank': 9}]",Live,,,2025-12-22 00:47:51+00:00,World,"Proposals that emerged in recent negotiations with the United States were “rather unconstructive,” a Kremlin official said on Sunday.",The New York Times,Europe,News,nyt://article/be486df3-cb88-535f-8149-871118952df8,https://www.nytimes.com/2025/12/21/world/europe/ukraine-peace-talks.html,390,By Anushka Patil,Russia Dismisses Reports of Progress in Ukraine Peace Talks,,,"Steve Witkoff, President Trump’s special envoy, met with a representative of Russia’s president, Vladimir V. Putin, in Miami this weekend.",Pool photo by Markus Schreiber,https://static01.nyt.com/images/2025/12/21/multimedia/21trump-news-russia-ukraine-bkjv/21trump-news-russia-ukraine-bkjv-articleLarge.jpg,400,600,https://static01.nyt.com/images/2025/12/21/multimedia/21trump-news-russia-ukraine-bkjv/21trump-news-russia-ukraine-bkjv-thumbStandard.jpg,75,75,Russia Dismisses Reports of Progress in Ukraine Peace Talks,"Russia Dismisses Reports of Progress in Ukraine Peace Talks Proposals that emerged in recent negotiations with the United States were “rather unconstructive,” a Kremlin official said on Sunday. Proposals that emerged in recent negotiations with the United States were “rather unconstructive,” a Kremlin official said on Sunday."
"Global competition in the Arctic is raising hopes of a revival in the town of Churchill. We went to meet the people, and the bears, there.",article,nyt://article/2840317b-14cb-5096-a7b0-fd209c893d89,"[{'name': 'Location', 'value': 'Churchill (Manitoba)', 'rank': 1}, {'name': 'Location', 'value': 'Manitoba (Canada)', 'rank': 2}, {'name': 'Location', 'value': 'Canada', 'rank': 3}, {'name': 'Location', 'value': 'Arctic Regions', 'rank': 4}, {'name': 'Subject', 'value': 'Infrastructure (Public Works)', 'rank': 5}, {'name': 'Subject', 'value': 'Polar Bears', 'rank': 6}, {'name': 'Subject', 'value': 'International Relations', 'rank': 7}, {'name': 'Subject', 'value': 'Global Warming', 'rank': 8}, {'name': 'Subject', 'value': 'Indigenous People', 'rank': 9}, {'name': 'Subject', 'value': 'Inuit Indians', 'rank': 10}]",Foreign,,,2025-12-13 11:00:06+00:00,World,"Global competition in the Arctic is raising hopes of a revival in the town of Churchill. We went to meet the people, and the bears, there.",The New York Times,Canada,News,nyt://article/2840317b-14cb-5096-a7b0-fd209c893d89,https://www.nytimes.com/2025/12/13/world/canada/canada-arctic-sovereignty-polar-bear.html,976,By Norimitsu Onishi,Reporting on Arctic Sovereignty in the Polar Bear Capital of the World,,,"Known in recent years mostly for its polar bears, there are now efforts to revive infrastructure in Churchill, Manitoba. ",Renaud Philippe for The New York Times,https://static01.nyt.com/images/2025/12/13/multimedia/13canadaletter-bear-zljv/13canadaletter-bear-zljv-articleLarge.jpg,450,600,https://static01.nyt.com/images/2025/12/13/multimedia/13canadaletter-bear-zljv/13canadaletter-bear-zljv-thumbStandard.jpg,75,75,Reporting on Arctic Sovereignty in the Polar Bear Capital of the World,"Reporting on Arctic Sovereignty in the Polar Bear Capital of the World Global competition in the Arctic is raising hopes of a revival in the town of Churchill. We went to meet the people, and the bears, there. Global competition in the Arctic is raising hopes of a revival in the town of Churchill. We went to meet the people, and the bears, there."
A new document cites Washington’s shifting strategic priorities and growing pressure on allies under President Trump as sources of uncertainty for Denmark.,article,nyt://article/e8ba2c30-7ebd-57aa-aa81-d2ca73497e87,"[{'name': 'Subject', 'value': 'International Relations', 'rank': 1}, {'name': 'Subject', 'value': 'United States International Relations', 'rank': 2}, {'name': 'Subject', 'value': 'Defense and Military Forces', 'rank': 3}, {'name': 'Subject', 'value': 'National Intelligence Estimates', 'rank': 4}, {'name': 'Subject', 'value': 'Espionage and Intelligence Services', 'rank': 5}, {'name': 'Person', 'value': 'Trump, Donald J', 'rank': 6}, {'name': 'Location', 'value': 'Arctic Regions', 'rank': 7}, {'name': 'Location', 'value': 'Denmark', 'rank': 8}, {'name': 'Location', 'value': 'Europe', 'rank': 9}, {'name': 'Location', 'value': 'Greenland', 'rank': 10}, {'name': 'Subject', 'value': 'Customs (Tariff)', 'rank': 11}, {'name': 'Subject', 'value': 'Territorial Disputes', 'rank': 13}]",Foreign,9.0,A,2025-12-10 17:00:00+00:00,World,A new document cites Washington’s shifting strategic priorities and growing pressure on allies under President Trump as sources of uncertainty for Denmark.,The New York Times,Europe,News,nyt://article/e8ba2c30-7ebd-57aa-aa81-d2ca73497e87,https://www.nytimes.com/2025/12/10/world/europe/danish-intelligence-concerns-about-us.html,539,By Maya Tekeli and Jeffrey Gettleman,Danish Intelligence Report Raises Concerns About U.S.,,Danish Intelligence Report Says America-First Policy  Puts Europe in ‘Dilemma’,"A Cold War-era American satellite station on a hill above the settlement of Kangerlussuaq, in southwestern Greenland, in June.",Ivor Prickett for The New York Times,https://static01.nyt.com/images/2025/12/10/multimedia/10int-denmark-us-khtz/10int-denmark-us-khtz-articleLarge.jpg,450,600,https://static01.nyt.com/images/2025/12/10/multimedia/10int-denmark-us-khtz/10int-denmark-us-khtz-thumbStandard-v2.jpg,75,75,Danish Intelligence Report Raises Concerns About U.S.,Danish Intelligence Report Raises Concerns About U.S. A new document cites Washington’s shifting strategic priorities and growing pressure on allies under President Trump as sources of uncertainty for Denmark. A new document cites Washington’s shifting strategic priorities and growing pressure on allies under President Trump as sources of uncertainty for Denmark.
Canada has made its border with the United States tougher to cross. Here’s what we learned through monthlong reporting on a single case.,article,nyt://article/c9d9b987-2fdf-5141-a452-a0dcf55f27a2,"[{'name': 'Subject', 'value': 'Asylum, Right of', 'rank': 1}, {'name': 'Subject', 'value': 'Deportation', 'rank': 2}, {'name': 'Subject', 'value': 'United States International Relations', 'rank': 3}, {'name': 'Subject', 'value': 'Politics and Government', 'rank': 4}, {'name': 'Subject', 'value': 'Immigration and Emigration', 'rank': 5}, {'name': 'Subject', 'value': 'Law and Legislation', 'rank': 6}, {'name': 'Subject', 'value': 'Immigration Detention', 'rank': 7}, {'name': 'Organization', 'value': 'Canada Border Services Agency', 'rank': 8}, {'name': 'Organization', 'value': 'Immigration and Customs Enforcement (US)', 'rank': 9}, {'name': 'Person', 'value': 'Trump, Donald J', 'rank': 10}, {'name': 'Person', 'value': 'Rubio, Marco', 'rank': 11}, {'name': 'Person', 'value': 'Ford, Doug Jr (1964- )', 'rank': 12}, {'name': 'Person', 'value': 'Heti, Sheila', 'rank': 13}, {'name': 'Person', 'value': 'Oleksiak, Penny (2000- )', 'rank': 14}, {'name': 'Person', 'value': 'Atwood, Margaret', 'rank': 15}, {'name': 'Location', 'value': 'Canada', 'rank': 16}, {'name': 'Location', 'value': 'Eritrea', 'rank': 17}, {'name': 'Location', 'value': 'United States', 'rank': 18}, {'name': 'Title', 'value': 'Book of Lives: A Memoir of Sorts (Book)', 'rank': 19}]",Foreign,,,2025-11-29 11:00:06+00:00,World,Canada has made its border with the United States tougher to cross. Here’s what we learned through monthlong reporting on a single case.,The New York Times,Canada,News,nyt://article/c9d9b987-2fdf-5141-a452-a0dcf55f27a2,https://www.nytimes.com/2025/11/29/world/canada/asylum-seekers-us-canada-border.html,1195,By Matina Stevis-Gridneff,Fresh Reporting on Asylum Seekers at the U.S.-Canadian Border,,,"Rahel Negassi at her new home in Kitchener, Ontario. She has applied for her Ontario nurse permit, and she hopes to be able to work soon.",Ian Willms for The New York Times,https://static01.nyt.com/images/2025/11/29/multimedia/29canadaletter-Negassi1-wlbv/29canadaletter-Negassi1-wlbv-articleLarge.jpg,399,600,https://static01.nyt.com/images/2025/11/29/multimedia/29canadaletter-Negassi1-wlbv/29canadaletter-Negassi1-wlbv-thumbStandard.jpg,75,75,Fresh Reporting on Asylum Seekers at the U.S.-Canadian Border,Fresh Reporting on Asylum Seekers at the U.S.-Canadian Border Canada has made its border with the United States tougher to cross. Here’s what we learned through monthlong reporting on a single case. Canada has made its border with the United States tougher to cross. Here’s what we learned through monthlong reporting on a single case.
Africa’s most populous nation was already facing one of the world’s biggest hunger crises. It’s getting much worse.,article,nyt://article/4f63ad83-89a8-54fe-8ec2-0247a2e8fe8b,"[{'name': 'Location', 'value': 'Nigeria', 'rank': 1}, {'name': 'Subject', 'value': 'Foreign Aid', 'rank': 2}, {'name': 'Subject', 'value': 'Food Insecurity', 'rank': 3}, {'name': 'Subject', 'value': 'Agriculture and Farming', 'rank': 4}, {'name': 'Subject', 'value': 'Food Aid', 'rank': 5}, {'name': 'Subject', 'value': 'International Relations', 'rank': 6}, {'name': 'Subject', 'value': 'Kidnapping and Hostages', 'rank': 7}, {'name': 'Subject', 'value': 'Humanitarian Aid', 'rank': 8}, {'name': 'Subject', 'value': 'Malnutrition', 'rank': 9}, {'name': 'Organization', 'value': 'Boko Haram', 'rank': 10}, {'name': 'Organization', 'value': 'World Food Program', 'rank': 11}, {'name': 'Organization', 'value': 'Amnesty International', 'rank': 12}, {'name': 'Location', 'value': 'Africa', 'rank': 13}, {'name': 'Location', 'value': 'Kebbi (Nigeria)', 'rank': 14}]",Foreign,,,2025-11-25 23:42:42+00:00,World,Africa’s most populous nation was already facing one of the world’s biggest hunger crises. It’s getting much worse.,The New York Times,Africa,News,nyt://article/4f63ad83-89a8-54fe-8ec2-0247a2e8fe8b,https://www.nytimes.com/2025/11/25/world/africa/nigeria-food-violence-usaid.html,747,"By Saikou Jammeh, Ruth Maclean and Ismail Auwal","Violence Is Driving Catastrophic Hunger in Nigeria, U.N. Report Says",,,"The dormitory where gunmen kidnapped schoolgirls in Kebbi, Nigeria, this month.",Deeni Jibo/Associated Press,https://static01.nyt.com/images/2025/11/25/multimedia/25int-nigeria-food-kpfq/25int-nigeria-food-kpfq-articleLarge.jpg,480,600,https://static01.nyt.com/images/2025/11/25/multimedia/25int-nigeria-food-kpfq/25int-nigeria-food-kpfq-thumbStandard.jpg,75,75,"Violence Is Driving Catastrophic Hunger in Nigeria, U.N. Report Says","Violence Is Driving Catastrophic Hunger in Nigeria, U.N. Report Says Africa’s most populous nation was already facing one of the world’s biggest hunger crises. It’s getting much worse. Africa’s most populous nation was already facing one of the world’s biggest hunger crises. It’s getting much worse."
"The Belgian government is in talks with the Trump administration to save birth control stranded in a warehouse, but another shipment has been incorrectly stored.",article,nyt://article/0f7d6e80-0883-50b7-8746-2ac3664711ca,"[{'name': 'Location', 'value': 'Belgium', 'rank': 1}, {'name': 'Organization', 'value': 'United States Agency for International Development', 'rank': 2}, {'name': 'Subject', 'value': 'Birth Control and Family Planning', 'rank': 3}, {'name': 'Subject', 'value': 'Foreign Aid', 'rank': 4}, {'name': 'Subject', 'value': 'United States International Relations', 'rank': 5}, {'name': 'Location', 'value': 'Flanders (Belgium)', 'rank': 6}, {'name': 'Location', 'value': 'Geel (Belgium)', 'rank': 7}, {'name': 'Location', 'value': 'Kallo (Belgium)', 'rank': 8}]",Foreign,9.0,A,2025-11-12 19:56:30+00:00,World,"The Belgian government is in talks with the Trump administration to save birth control stranded in a warehouse, but another shipment has been incorrectly stored.",The New York Times,Europe,News,nyt://article/0f7d6e80-0883-50b7-8746-2ac3664711ca,https://www.nytimes.com/2025/11/12/world/europe/belgium-usaid-contraception.html,753,By Jeanna Smialek,"As Belgium Races to Save U.S.A.I.D. Contraception, Some Supplies Are Reported Ruined",,"As Belgium Tries to Save Supply of Contraceptives, It Finds Some Are Ruined","The warehouse in Geel, Belgium, where millions of contraceptives bought by U.S.A.I.D. were being stored in July.",Hilary Swift for The New York Times,https://static01.nyt.com/images/2025/11/12/multimedia/12belgium-usaid-tvjk/12belgium-usaid-tvjk-articleLarge.jpg,399,600,https://static01.nyt.com/images/2025/11/12/multimedia/12belgium-usaid-tvjk/12belgium-usaid-tvjk-thumbStandard.jpg,75,75,"As Belgium Races to Save U.S.A.I.D. Contraception, Some Supplies Are Reported Ruined","As Belgium Races to Save U.S.A.I.D. Contraception, Some Supplies Are Reported Ruined The Belgian government is in talks with the Trump administration to save birth control stranded in a warehouse, but another shipment has been incorrectly stored. The Belgian government is in talks with the Trump administration to save birth control stranded in a warehouse, but another shipment has been incorrectly stored."
"The German carmaker held its outlook steady and said it would buy back more than $2 billion in shares, as sales of its high-end models improved.",article,nyt://article/0eb7b363-6116-5ad8-9150-5b4c81f6b55b,"[{'name': 'Subject', 'value': 'Automobiles', 'rank': 1}, {'name': 'Subject', 'value': 'Company Reports', 'rank': 2}, {'name': 'Organization', 'value': 'Mercedes-Benz', 'rank': 3}, {'name': 'Location', 'value': 'China', 'rank': 4}, {'name': 'Person', 'value': 'Kallenius, Ola', 'rank': 5}, {'name': 'Location', 'value': 'Germany', 'rank': 6}]",Business,6.0,B,2025-10-29 11:05:42+00:00,World,"The German carmaker held its outlook steady and said it would buy back more than $2 billion in shares, as sales of its high-end models improved.",The New York Times,Europe,News,nyt://article/0eb7b363-6116-5ad8-9150-5b4c81f6b55b,https://www.nytimes.com/2025/10/29/world/europe/mercedes-profit-tariffs.html,464,By Melissa Eddy,Mercedes Reports a Drop in Profit but Maintains Its Forecast,,Mercedes Reports Slump But Maintains Its Forecast,"Ola Källenius, center, the chief executive of Mercedes-Benz, unveiled a new electric vehicle at an auto show in Munich in September.",Felix Schmitt for The New York Times,https://static01.nyt.com/images/2025/10/29/multimedia/29biz-mercedes1-kwzt/29biz-mercedes1-kwzt-articleLarge.jpg,400,600,https://static01.nyt.com/images/2025/10/29/multimedia/29biz-mercedes1-kwzt/29biz-mercedes1-kwzt-thumbStandard.jpg,75,75,Mercedes Reports a Drop in Profit but Maintains Its Forecast,"Mercedes Reports a Drop in Profit but Maintains Its Forecast The German carmaker held its outlook steady and said it would buy back more than $2 billion in shares, as sales of its high-end models improved. The German carmaker held its outlook steady and said it would buy back more than $2 billion in shares, as sales of its high-end models improved."
New York Times reporters compiled a wide array of clues to uncover what happened to Bashar al-Assad’s key enforcers after the fall of the regime.,article,nyt://article/0e2a65df-fbaf-50f1-a5d0-d84024a41e69,"[{'name': 'Location', 'value': 'Syria', 'rank': 1}, {'name': 'Person', 'value': 'Assad, Bashar al-', 'rank': 2}, {'name': 'Subject', 'value': 'War and Armed Conflicts', 'rank': 3}, {'name': 'Subject', 'value': 'War Crimes, Genocide and Crimes Against Humanity', 'rank': 4}, {'name': 'Subject', 'value': 'Defense and Military Forces', 'rank': 5}, {'name': 'Organization', 'value': 'Syrian Army', 'rank': 6}, {'name': 'Subject', 'value': 'Biological and Chemical Warfare', 'rank': 7}, {'name': 'Subject', 'value': 'Civilian Casualties', 'rank': 8}, {'name': 'Subject', 'value': 'vis-video', 'rank': 9}, {'name': 'Subject', 'value': 'your-feed-visual-investigations', 'rank': 10}]",Video,17.0,A,2025-10-16 09:00:38+00:00,World,New York Times reporters compiled a wide array of clues to uncover what happened to Bashar al-Assad’s key enforcers after the fall of the regime.,The New York Times,Middle East,News,nyt://article/0e2a65df-fbaf-50f1-a5d0-d84024a41e69,https://www.nytimes.com/2025/10/16/world/middleeast/assad-regime-officials-reporting.html,1268,"By Haley Willis, Christiaan Triebert, Neil Collier, Devon Lum and Erika Solomon",Abandoned Mansions and Facebook Photos: Reporting on the Top Officials Who Fled Syria,VISUAL investigations,"The Search: Photos, Calls, Mansions",The deserted villa of a former Syrian regime official.,Christiaan Triebert/The New York Times,https://static01.nyt.com/images/2025/10/16/video/vi-assads-enforcers-mansion-top-art/vi-assads-enforcers-mansion-top-art-articleLarge.jpg,897,600,https://static01.nyt.com/images/2025/10/16/video/vi-assads-enforcers-mansion-top-art/vi-assads-enforcers-mansion-top-art-thumbStandard-v2.jpg,75,75,Abandoned Mansions and Facebook Photos: Reporting on the Top Officials Who Fled Syria,Abandoned Mansions and Facebook Photos: Reporting on the Top Officials Who Fled Syria New York Times reporters compiled a wide array of clues to uncover what happened to Bashar al-Assad’s key enforcers after the fall of the regime. New York Times reporters compiled a wide array of clues to uncover what happened to Bashar al-Assad’s key enforcers after the fall of the regime.
"Kido International, which runs nursery schools, reported the incident to the authorities after hackers posted sensitive data on the dark web and demanded a ransom.",article,nyt://article/d3da2073-57b8-5207-8dc1-7e4667d260ce,"[{'name': 'Subject', 'value': 'Cyberattacks and Hackers', 'rank': 1}, {'name': 'Subject', 'value': 'Robberies and Thefts', 'rank': 2}, {'name': 'Subject', 'value': 'Cyberharassment', 'rank': 3}, {'name': 'Subject', 'value': 'Extortion and Blackmail', 'rank': 4}, {'name': 'Organization', 'value': 'Scotland Yard (Metropolitan Police Service)', 'rank': 5}, {'name': 'Location', 'value': 'Great Britain', 'rank': 6}, {'name': 'Location', 'value': 'London (England)', 'rank': 7}, {'name': 'Subject', 'value': 'Children and Childhood', 'rank': 8}]",Foreign,6.0,A,2025-09-26 16:12:20+00:00,World,"Kido International, which runs nursery schools, reported the incident to the authorities after hackers posted sensitive data on the dark web and demanded a ransom.",The New York Times,Europe,News,nyt://article/d3da2073-57b8-5207-8dc1-7e4667d260ce,https://www.nytimes.com/2025/09/26/world/europe/uk-nursery-school-hack.html,498,By Michael D. Shear,Children’s Data and Photos Reported Stolen From U.K. Preschool Chain by Hackers,,Hackers Stole Data on U.K. Preschool Chain’s Pupils,A Kido International nursery in London. The Metropolitan Police are investigating the reported hacking of the organization’s internal records.,Google Maps,https://static01.nyt.com/images/2025/09/27/world/27int-uk-nursery-hack/27int-uk-nursery-hack-articleLarge.jpg,400,600,https://static01.nyt.com/images/2025/09/27/world/27int-uk-nursery-hack/27int-uk-nursery-hack-thumbStandard.jpg,75,75,Children’s Data and Photos Reported Stolen From U.K. Preschool Chain by Hackers,"Children’s Data and Photos Reported Stolen From U.K. Preschool Chain by Hackers Kido International, which runs nursery schools, reported the incident to the authorities after hackers posted sensitive data on the dark web and demanded a ransom. Kido International, which runs nursery schools, reported the incident to the authorities after hackers posted sensitive data on the dark web and demanded a ransom."
"The Israeli attack in Gaza City killed nearly two dozen Palestinians, the reports said. The Israeli military said it had hit two “Hamas terrorists.”",article,nyt://article/67be6491-d598-54e5-b420-9cc462b2fc4c,"[{'name': 'Subject', 'value': 'Defense and Military Forces', 'rank': 1}, {'name': 'Subject', 'value': 'Israel-Gaza War (2023- )', 'rank': 2}, {'name': 'Subject', 'value': 'Civilian Casualties', 'rank': 3}, {'name': 'Subject', 'value': 'Palestinians', 'rank': 4}, {'name': 'Organization', 'value': 'Hamas', 'rank': 5}, {'name': 'Location', 'value': 'Gaza City (Gaza Strip)', 'rank': 6}, {'name': 'Location', 'value': 'Gaza Strip', 'rank': 7}, {'name': 'Location', 'value': 'Israel', 'rank': 8}]",Foreign,6.0,A,2025-09-24 12:59:08+00:00,World,"The Israeli attack in Gaza City killed nearly two dozen Palestinians, the reports said. The Israeli military said it had hit two “Hamas terrorists.”",The New York Times,Middle East,News,nyt://article/67be6491-d598-54e5-b420-9cc462b2fc4c,https://www.nytimes.com/2025/09/24/world/middleeast/israel-strike-gaza-city-civilians.html,841,By Liam Stack,"Israeli Strike Kills Gazans Sheltering in Warehouse, Local Reports Say",,"Israeli Strike Kills Gazans Sheltering in a Warehouse, Local Reports Say",Mourners at Ahli Arab Hospital in Gaza City on Wednesday carrying the bodies of people who medics said were killed in an overnight Israeli strike.,Ebrahim Hajjaj/Reuters,https://static01.nyt.com/images/2025/09/24/multimedia/24int-Gaza-Strike-01-mhcb/24int-Gaza-Strike-01-mhcb-articleLarge.jpg,418,600,https://static01.nyt.com/images/2025/09/24/multimedia/24int-Gaza-Strike-01-mhcb/24int-Gaza-Strike-01-mhcb-thumbStandard.jpg,75,75,"Israeli Strike Kills Gazans Sheltering in Warehouse, Local Reports Say","Israeli Strike Kills Gazans Sheltering in Warehouse, Local Reports Say The Israeli attack in Gaza City killed nearly two dozen Palestinians, the reports said. The Israeli military said it had hit two “Hamas terrorists.” The Israeli attack in Gaza City killed nearly two dozen Palestinians, the reports said. The Israeli military said it had hit two “Hamas terrorists.”"
"A disruption to check-in and boarding systems had snarled departures through Saturday at airports in Berlin, Brussels, Dublin and London.",article,nyt://article/b851f15a-7ee6-5f22-9e2a-fc0574a259fb,"[{'name': 'Subject', 'value': 'Airports', 'rank': 1}, {'name': 'Subject', 'value': 'Cyberattacks and Hackers', 'rank': 2}, {'name': 'Subject', 'value': 'Delays (Transportation)', 'rank': 3}, {'name': 'Organization', 'value': 'Berlin-Brandenburg International Airport', 'rank': 4}, {'name': 'Organization', 'value': 'Brussels Airport (Belgium)', 'rank': 5}, {'name': 'Organization', 'value': 'Heathrow Airport (London, England)', 'rank': 6}, {'name': 'Organization', 'value': 'Collins Aerospace', 'rank': 7}, {'name': 'Location', 'value': 'Europe', 'rank': 8}, {'name': 'Subject', 'value': 'Airlines and Airplanes', 'rank': 9}, {'name': 'Location', 'value': 'Berlin (Germany)', 'rank': 10}, {'name': 'Location', 'value': 'Dublin (Ireland)', 'rank': 11}, {'name': 'Location', 'value': 'Cork (Ireland)', 'rank': 12}, {'name': 'Location', 'value': 'London (England)', 'rank': 13}]",Express,,,2025-09-20 10:45:09+00:00,World,"A disruption to check-in and boarding systems had snarled departures through Saturday at airports in Berlin, Brussels, Dublin and London.",The New York Times,Europe,News,nyt://article/b851f15a-7ee6-5f22-9e2a-fc0574a259fb,https://www.nytimes.com/2025/09/20/world/europe/europe-airports-delays-brussels-london-berlin.html,745,By John Yoon and Ashley Ahn,Major Airports in Europe Report Check-In Delays After Cyberattack,,,"Passengers crowded near a departures board after a cyberattack caused delays at Brussels International Airport in Zaventem, Belgium, on Saturday.",Harry Nakos/Associated Press,https://static01.nyt.com/images/2025/09/20/multimedia/20xp-airports-update-226pm-wqjl/20xp-airports-update-226pm-wqjl-articleLarge.jpg,400,600,https://static01.nyt.com/images/2025/09/20/multimedia/20xp-airports-update-226pm-wqjl/20xp-airports-update-226pm-wqjl-thumbStandard.jpg,75,75,Major Airports in Europe Report Check-In Delays After Cyberattack,"Major Airports in Europe Report Check-In Delays After Cyberattack A disruption to check-in and boarding systems had snarled departures through Saturday at airports in Berlin, Brussels, Dublin and London. A disruption to check-in and boarding systems had snarled departures through Saturday at airports in Berlin, Brussels, Dublin and London."
"The British government banned Palestine Action under an antiterrorism law, but an intelligence document said most of its activity “would not be classified as terrorism.”",article,nyt://article/e2a448a8-1d96-52bb-a71c-4a3e91b79165,"[{'name': 'Location', 'value': 'Great Britain', 'rank': 1}, {'name': 'Organization', 'value': 'Palestine Action', 'rank': 2}, {'name': 'Subject', 'value': 'Terrorism', 'rank': 3}, {'name': 'Subject', 'value': 'Classified Information and State Secrets', 'rank': 4}, {'name': 'Subject', 'value': 'Palestinians', 'rank': 5}, {'name': 'Subject', 'value': 'Israel-Gaza War (2023- )', 'rank': 6}, {'name': 'Subject', 'value': 'Freedom of Speech and Expression', 'rank': 7}, {'name': 'Subject', 'value': 'Demonstrations, Protests and Riots', 'rank': 8}, {'name': 'Organization', 'value': 'Elbit Systems Ltd', 'rank': 9}, {'name': 'Subject', 'value': 'Law and Legislation', 'rank': 10}, {'name': 'Subject', 'value': 'International Relations', 'rank': 11}, {'name': 'Subject', 'value': 'Espionage and Intelligence Services', 'rank': 12}, {'name': 'Subject', 'value': 'Politics and Government', 'rank': 13}]",Foreign,10.0,A,2025-09-12 12:12:29+00:00,World,"The British government banned Palestine Action under an antiterrorism law, but an intelligence document said most of its activity “would not be classified as terrorism.”",The New York Times,Europe,News,nyt://article/e2a448a8-1d96-52bb-a71c-4a3e91b79165,https://www.nytimes.com/2025/09/12/world/europe/palestine-action-uk-government-assessment.html,1351,"By Jane Bradley, Adam Goldman and Lizzie Dearden",Secret Report Undercuts U.K. Condemnations of Pro-Palestinian Group,,Secret Report Undercuts U.K. Condemnations of Pro-Palestinian Group,A rally last month in Parliament Square in London called for lifting a British government ban on the group Palestine Action.,Henry Nicholls/Agence France-Presse — Getty Images,https://static01.nyt.com/images/2025/09/13/multimedia/13int-uk-palestine-action-001-phvm/13int-uk-palestine-action-001-phvm-articleLarge.jpg,400,600,https://static01.nyt.com/images/2025/09/13/multimedia/13int-uk-palestine-action-001-phvm/13int-uk-palestine-action-001-phvm-thumbStandard.jpg,75,75,Secret Report Undercuts U.K. Condemnations of Pro-Palestinian Group,"Secret Report Undercuts U.K. Condemnations of Pro-Palestinian Group The British government banned Palestine Action under an antiterrorism law, but an intelligence document said most of its activity “would not be classified as terrorism.” The British government banned Palestine Action under an antiterrorism law, but an intelligence document said most of its activity “would not be classified as terrorism.”"
This intelligence assessment helped shape the British government’s decision to ban Palestine Action.,interactive,nyt://interactive/accbb8de-1ca6-5437-afc7-1664a58973b7,"[{'name': 'Subject', 'value': 'Palestinians', 'rank': 1}, {'name': 'Subject', 'value': 'Terrorism', 'rank': 2}, {'name': 'Subject', 'value': 'Israel-Gaza War (2023- )', 'rank': 3}, {'name': 'Subject', 'value': 'Politics and Government', 'rank': 4}, {'name': 'Subject', 'value': 'Classified Information and State Secrets', 'rank': 5}, {'name': 'Subject', 'value': 'Arms Trade', 'rank': 6}, {'name': 'Subject', 'value': 'Demonstrations, Protests and Riots', 'rank': 7}, {'name': 'Subject', 'value': 'Surveillance of Citizens by Government', 'rank': 8}, {'name': 'Organization', 'value': 'Elbit Systems Ltd', 'rank': 9}, {'name': 'Organization', 'value': 'Palestine Action', 'rank': 10}, {'name': 'Location', 'value': 'Great Britain', 'rank': 11}, {'name': 'Location', 'value': 'Gaza Strip', 'rank': 12}]",,,,2025-09-12 12:07:02+00:00,World,This intelligence assessment helped shape the British government’s decision to ban Palestine Action.,The New York Times,Europe,Interactive Feature,nyt://interactive/accbb8de-1ca6-5437-afc7-1664a58973b7,https://www.nytimes.com/interactive/2025/09/12/world/europe/uk-intelligence-report-palestine-action.html,0,,Read the U.K. Report on Palestine Action,,,,,https://static01.nyt.com/images/2025/09/12/doc-jtacreportforpublication--promo/doc-jtacreportforpublication--promo-articleLarge.png,849,600,https://static01.nyt.com/images/2025/09/12/doc-jtacreportforpublication--promo/doc-jtacreportforpublication--promo-thumbStandard.png,75,75,Read the U.K. Report on Palestine Action,Read the U.K. Report on Palestine Action This intelligence assessment helped shape the British government’s decision to ban Palestine Action. This intelligence assessment helped shape the British government’s decision to ban Palestine Action.
"Danish doctors inserted intrauterine devices into thousands of women and girls in Greenland, often without their consent or knowledge, a scandal that has reinforced a legacy of colonial abuses.",article,nyt://article/a1c6d9ff-4816-529a-862d-3f8ea5675015,"[{'name': 'Location', 'value': 'Greenland', 'rank': 1}, {'name': 'Location', 'value': 'Denmark', 'rank': 2}, {'name': 'Subject', 'value': 'Birth Control and Family Planning', 'rank': 3}, {'name': 'Subject', 'value': 'Women and Girls', 'rank': 4}, {'name': 'Subject', 'value': 'Indigenous People', 'rank': 5}, {'name': 'Subject', 'value': 'Human Rights and Human Rights Violations', 'rank': 6}, {'name': 'Subject', 'value': 'Ethics and Official Misconduct', 'rank': 7}, {'name': 'Person', 'value': 'Frederiksen, Mette', 'rank': 8}]",Foreign,,,2025-09-09 20:34:51+00:00,World,"Danish doctors inserted intrauterine devices into thousands of women and girls in Greenland, often without their consent or knowledge, a scandal that has reinforced a legacy of colonial abuses.",The New York Times,Europe,News,nyt://article/a1c6d9ff-4816-529a-862d-3f8ea5675015,https://www.nytimes.com/2025/09/09/world/europe/greenland-denmark-forced-contraception.html,769,By Maya Tekeli and Jeffrey Gettleman,"Denmark Forced Contraception on Greenlandic Girls, a Scathing Report Confirms",,,"Jens-Frederik Nielsen, the prime minister of Greenland, and Mette Frederiksen, the prime minister of Denmark, at a news conference in April.","Mads Claus Rasmussen/Ritzau Scanpix, via Agence France-Presse — Getty Images",https://static01.nyt.com/images/2025/09/09/multimedia/09int-greenland-1-phjq/09int-greenland-1-phjq-articleLarge.jpg,400,600,https://static01.nyt.com/images/2025/09/09/multimedia/09int-greenland-1-phjq/09int-greenland-1-phjq-thumbStandard.jpg,75,75,"Denmark Forced Contraception on Greenlandic Girls, a Scathing Report Confirms","Denmark Forced Contraception on Greenlandic Girls, a Scathing Report Confirms Danish doctors inserted intrauterine devices into thousands of women and girls in Greenland, often without their consent or knowledge, a scandal that has reinforced a legacy of colonial abuses. Danish doctors inserted intrauterine devices into thousands of women and girls in Greenland, often without their consent or knowledge, a scandal that has reinforced a legacy of colonial abuses."
"Portuguese authorities released a highly anticipated preliminary report into the disaster, which killed 16 people this week.",article,nyt://article/c52c740e-b7f3-5f8a-bc11-3e6040e1d105,"[{'name': 'Subject', 'value': 'International Relations', 'rank': 1}, {'name': 'Subject', 'value': 'Workplace Hazards and Violations', 'rank': 2}, {'name': 'Subject', 'value': 'Deaths (Fatalities)', 'rank': 3}, {'name': 'Subject', 'value': 'Cable Cars and Trams', 'rank': 4}, {'name': 'Subject', 'value': 'Railroad Accidents and Safety', 'rank': 5}, {'name': 'Organization', 'value': 'College of Charleston', 'rank': 6}, {'name': 'Location', 'value': 'Lisbon (Portugal)', 'rank': 7}, {'name': 'Location', 'value': 'Portugal', 'rank': 8}]",Foreign,12.0,A,2025-09-06 20:53:34+00:00,World,"Portuguese authorities released a highly anticipated preliminary report into the disaster, which killed 16 people this week.",The New York Times,Europe,News,nyt://article/c52c740e-b7f3-5f8a-bc11-3e6040e1d105,https://www.nytimes.com/2025/09/06/world/europe/portugal-funicular-crash-preliminary-report-cable.html,826,"By Amelia Nierenberg, Tiago Carrasco and Pranav Baskar",Authorities Point to Cable Disconnecting in First Report on Lisbon Funicular Crash,,Investigation Of Crash Cites Disconnection Of Car’s Cable,"Tributes to victims of the funicular accident in Lisbon, on Friday.",Patricia De Melo Moreira/Agence France-Presse — Getty Images,https://static01.nyt.com/images/2025/09/06/multimedia/06int-portugal-victims-01-mflc/06int-portugal-victims-01-mflc-articleLarge.jpg,400,600,https://static01.nyt.com/images/2025/09/06/multimedia/06int-portugal-victims-01-mflc/06int-portugal-victims-01-mflc-thumbStandard.jpg,75,75,Authorities Point to Cable Disconnecting in First Report on Lisbon Funicular Crash,"Authorities Point to Cable Disconnecting in First Report on Lisbon Funicular Crash Portuguese authorities released a highly anticipated preliminary report into the disaster, which killed 16 people this week. Portuguese authorities released a highly anticipated preliminary report into the disaster, which killed 16 people this week."
"It was the latest twist in a simmering diplomatic conflict over Greenland. President Trump wants the island to be a U.S. territory, but Denmark refuses to give it up.",article,nyt://article/fdb4aa81-f349-5b09-bfc8-08e2ec49f0ec,"[{'name': 'Subject', 'value': 'United States International Relations', 'rank': 1}, {'name': 'Subject', 'value': 'International Relations', 'rank': 2}, {'name': 'Subject', 'value': 'Espionage and Intelligence Services', 'rank': 3}, {'name': 'Person', 'value': 'Trump, Donald J', 'rank': 4}, {'name': 'Location', 'value': 'Greenland', 'rank': 5}, {'name': 'Location', 'value': 'Denmark', 'rank': 6}, {'name': 'Subject', 'value': 'Territorial Disputes', 'rank': 7}, {'name': 'Subject', 'value': 'Diplomatic Service, Embassies and Consulates', 'rank': 8}]",Foreign,6.0,A,2025-08-27 10:19:46+00:00,World,"It was the latest twist in a simmering diplomatic conflict over Greenland. President Trump wants the island to be a U.S. territory, but Denmark refuses to give it up.",The New York Times,Europe,News,nyt://article/fdb4aa81-f349-5b09-bfc8-08e2ec49f0ec,https://www.nytimes.com/2025/08/27/world/europe/trump-denmark-greenland-us-embassy.html,876,By Jeffrey Gettleman and Maya Tekeli,Denmark Summons U.S. Envoy Over a Reported ‘Influence Operation’ in Greenland,,Allegations Spur Denmark To Summon a U.S. Envoy,"In a statement on Wednesday, Lars Lokke Rasmussen, Denmark’s foreign minister, said, “We are aware that foreign actors continue to show an interest in Greenland.”","Henning Bagger/Ritzau Scanpix, via Reuters",https://static01.nyt.com/images/2025/08/27/multimedia/27int-greenland-us-fwtg/27int-greenland-us-fwtg-articleLarge.jpg,416,600,https://static01.nyt.com/images/2025/08/27/multimedia/27int-greenland-us-fwtg/27int-greenland-us-fwtg-thumbStandard.jpg,75,75,Denmark Summons U.S. Envoy Over a Reported ‘Influence Operation’ in Greenland,"Denmark Summons U.S. Envoy Over a Reported ‘Influence Operation’ in Greenland It was the latest twist in a simmering diplomatic conflict over Greenland. President Trump wants the island to be a U.S. territory, but Denmark refuses to give it up. It was the latest twist in a simmering diplomatic conflict over Greenland. President Trump wants the island to be a U.S. territory, but Denmark refuses to give it up."
Journalists endure the same harrowing reality as other Gazans: hunger and the constant threat of death. Those challenges risk further stifling what the world hears about the war.,article,nyt://article/25402a86-0f02-5ce2-9414-fe63b7b2366c,"[{'name': 'Subject', 'value': 'Israel-Gaza War (2023- )', 'rank': 1}, {'name': 'Subject', 'value': 'News and News Media', 'rank': 2}, {'name': 'Organization', 'value': 'Committee to Protect Journalists', 'rank': 3}, {'name': 'Person', 'value': 'al-Sharif, Anas (1996-2025)', 'rank': 4}, {'name': 'Location', 'value': 'Gaza Strip', 'rank': 5}, {'name': 'Location', 'value': 'Israel', 'rank': 6}]",Foreign,1.0,A,2025-08-26 16:51:45+00:00,World,Journalists endure the same harrowing reality as other Gazans: hunger and the constant threat of death. Those challenges risk further stifling what the world hears about the war.,The New York Times,Middle East,News,nyt://article/25402a86-0f02-5ce2-9414-fe63b7b2366c,https://www.nytimes.com/2025/08/26/world/middleeast/palestinian-journalists-risk-reporting.html,1222,By Aaron Boxerman,The Deadly Risks of Reporting in Gaza,,Mortal Threat to Bearing Witness to War in Gaza ,Mourners with the bodies of Palestinian journalists killed during an Israeli strike on a hospital in southern Gaza on Monday. At least 20 people were killed during the attack.,Agence France-Presse — Getty Images,https://static01.nyt.com/images/2025/08/26/multimedia/26gaza-journalists-01-cvzq/26gaza-journalists-01-cvzq-articleLarge.jpg,400,600,https://static01.nyt.com/images/2025/08/26/multimedia/26gaza-journalists-01-cvzq/26gaza-journalists-01-cvzq-thumbStandard.jpg,75,75,The Deadly Risks of Reporting in Gaza,The Deadly Risks of Reporting in Gaza Journalists endure the same harrowing reality as other Gazans: hunger and the constant threat of death. Those challenges risk further stifling what the world hears about the war. Journalists endure the same harrowing reality as other Gazans: hunger and the constant threat of death. Those challenges risk further stifling what the world hears about the war.
"The White House has not commented on a report finding famine in Gaza. Analysts say that absent U.S. pressure, Israel is unlikely to change course.",article,nyt://article/fc211f34-4b59-5c01-b1a4-0a7f2631f2cc,"[{'name': 'Subject', 'value': 'Israel-Gaza War (2023- )', 'rank': 1}, {'name': 'Location', 'value': 'Gaza Strip', 'rank': 2}, {'name': 'Subject', 'value': 'Palestinians', 'rank': 3}, {'name': 'Subject', 'value': 'Famine', 'rank': 4}, {'name': 'Subject', 'value': 'Food Aid', 'rank': 5}, {'name': 'Subject', 'value': 'Humanitarian Aid', 'rank': 6}, {'name': 'Organization', 'value': 'Integrated Food Security Phase Classification', 'rank': 7}, {'name': 'Location', 'value': 'Israel', 'rank': 8}, {'name': 'Person', 'value': 'Netanyahu, Benjamin', 'rank': 9}, {'name': 'Subject', 'value': 'Defense and Military Forces', 'rank': 10}, {'name': 'Organization', 'value': 'Hamas', 'rank': 11}, {'name': 'Subject', 'value': 'Terrorism', 'rank': 12}, {'name': 'Subject', 'value': 'United States International Relations', 'rank': 13}, {'name': 'Person', 'value': 'Trump, Donald J', 'rank': 14}]",Foreign,7.0,A,2025-08-23 09:48:10+00:00,World,"The White House has not commented on a report finding famine in Gaza. Analysts say that absent U.S. pressure, Israel is unlikely to change course.",The New York Times,Middle East,News,nyt://article/fc211f34-4b59-5c01-b1a4-0a7f2631f2cc,https://www.nytimes.com/2025/08/23/world/middleeast/gaza-famine-report-us-reaction.html,1016,By Aaron Boxerman,"After Gaza Famine Report, U.S. Is Mostly Silent and Israel Is Defiant",,"After Gaza Famine Report, Israel Is Defiant While U.S. Is Mostly Silent",A charity kitchen distributing food in Gaza City on Friday. A new U.N.-backed report found that the city and surrounding areas were experiencing famine.,Saher Alghorra for The New York Times,https://static01.nyt.com/images/2025/08/23/multimedia/23int-gaza-famine-fpmb/23int-gaza-famine-fpmb-articleLarge.jpg,400,600,https://static01.nyt.com/images/2025/08/23/multimedia/23int-gaza-famine-fpmb/23int-gaza-famine-fpmb-thumbStandard.jpg,75,75,"After Gaza Famine Report, U.S. Is Mostly Silent and Israel Is Defiant","After Gaza Famine Report, U.S. Is Mostly Silent and Israel Is Defiant The White House has not commented on a report finding famine in Gaza. Analysts say that absent U.S. pressure, Israel is unlikely to change course. The White House has not commented on a report finding famine in Gaza. Analysts say that absent U.S. pressure, Israel is unlikely to change course."
"Companies, fearing penalties that could put them out of business, race to make sure their drivers have enough English to communicate with U.S. officials.",article,nyt://article/53514a39-8ec6-537a-9492-77322bee05cc,"[{'name': 'Subject', 'value': 'Trucks and Trucking', 'rank': 1}, {'name': 'Location', 'value': 'Mexico', 'rank': 2}, {'name': 'Subject', 'value': 'Foreign Workers', 'rank': 3}, {'name': 'Subject', 'value': 'English Language', 'rank': 4}, {'name': 'Subject', 'value': 'Freight (Cargo)', 'rank': 5}, {'name': 'Subject', 'value': 'United States International Relations', 'rank': 6}, {'name': 'Subject', 'value': 'United States Politics and Government', 'rank': 7}, {'name': 'Subject', 'value': 'Traffic Accidents and Safety', 'rank': 8}, {'name': 'Organization', 'value': 'Transportation Department (US)', 'rank': 9}, {'name': 'Person', 'value': 'Rubio, Marco', 'rank': 10}, {'name': 'Person', 'value': 'Trump, Donald J', 'rank': 11}, {'name': 'Location', 'value': 'United States', 'rank': 12}, {'name': 'Location', 'value': 'Nuevo Laredo (Mexico)', 'rank': 13}, {'name': 'Subject', 'value': 'Regulation and Deregulation of Industry', 'rank': 14}]",Foreign,12.0,A,2025-08-23 09:02:04+00:00,World,"Companies, fearing penalties that could put them out of business, race to make sure their drivers have enough English to communicate with U.S. officials.",The New York Times,Americas,News,nyt://article/53514a39-8ec6-537a-9492-77322bee05cc,https://www.nytimes.com/2025/08/23/world/americas/mexico-english-truckers-trump.html,1201,By James Wagner and Meridith Kohut,"Faced With Trump’s English Mandate, Mexico’s Truckers Report to Class",,Mexican Truckers Learning English to Avoid U.S. Penalty,"Mexican truck drivers who work transporting cargo to the United States attending a six-week crash course in English this month in Nuevo Laredo, Mexico.",Meridith Kohut for The New York Times,https://static01.nyt.com/images/2025/08/23/world/23int-mexico-trucking-promo/23int-mexico-trucking-04-articleLarge.jpg,400,600,https://static01.nyt.com/images/2025/08/23/world/23int-mexico-trucking-promo/23int-mexico-trucking-04-thumbStandard.jpg,75,75,"Faced With Trump’s English Mandate, Mexico’s Truckers Report to Class","Faced With Trump’s English Mandate, Mexico’s Truckers Report to Class Companies, fearing penalties that could put them out of business, race to make sure their drivers have enough English to communicate with U.S. officials. Companies, fearing penalties that could put them out of business, race to make sure their drivers have enough English to communicate with U.S. officials."
"After British authorities accidentally exposed information about 19,000 Afghans, the government sought a legal order preventing disclosure of the breach.",article,nyt://article/23882ddf-303a-5e48-953c-3f97b13a7d2e,"[{'name': 'Subject', 'value': 'Freedom of the Press', 'rank': 1}, {'name': 'Subject', 'value': 'Politics and Government', 'rank': 2}, {'name': 'Subject', 'value': 'News and News Media', 'rank': 3}, {'name': 'Subject', 'value': 'Freedom of Speech and Expression', 'rank': 4}, {'name': 'Subject', 'value': 'Decisions and Verdicts', 'rank': 5}, {'name': 'Subject', 'value': 'Afghanistan War (2001- )', 'rank': 6}, {'name': 'Location', 'value': 'Afghanistan', 'rank': 7}, {'name': 'Location', 'value': 'Great Britain', 'rank': 8}, {'name': 'Location', 'value': 'London (England)', 'rank': 9}]",Foreign,6.0,A,2025-08-13 17:50:29+00:00,World,"After British authorities accidentally exposed information about 19,000 Afghans, the government sought a legal order preventing disclosure of the breach.",The New York Times,Europe,News,nyt://article/23882ddf-303a-5e48-953c-3f97b13a7d2e,https://www.nytimes.com/2025/08/13/world/europe/uk-data-breach-afghan.html,850,By Lizzie Dearden,U.K. Secretly Spent $3.2 Million to Stop Journalists From Reporting on Data Breach,,Britain Spent $3.2 Million to Deter Reporting on Data Breach,British and Canadian soldiers guarding the Kabul airport after the Taliban’s takeover of Afghanistan in 2021 as Afghans hoping to flee the country stood by.,Wakil Kohsar/Agence France-Presse — Getty Images,https://static01.nyt.com/images/2025/09/12/multimedia/13int-uk-afghanistan-coverup-1-gcjp/13int-uk-afghanistan-coverup-1-gcjp-articleLarge-v2.jpg,400,600,https://static01.nyt.com/images/2025/09/12/multimedia/13int-uk-afghanistan-coverup-1-gcjp/13int-uk-afghanistan-coverup-1-gcjp-thumbStandard-v2.jpg,75,75,U.K. Secretly Spent $3.2 Million to Stop Journalists From Reporting on Data Breach,"U.K. Secretly Spent $3.2 Million to Stop Journalists From Reporting on Data Breach After British authorities accidentally exposed information about 19,000 Afghans, the government sought a legal order preventing disclosure of the breach. After British authorities accidentally exposed information about 19,000 Afghans, the government sought a legal order preventing disclosure of the breach."
"Showing an uncanny ability to adapt to circumstances, Sergei V. Kiriyenko has turned himself into a key engineer of President Vladimir V. Putin’s autocratic machine.",article,nyt://article/d5d07848-5e7e-52d7-8d95-bba4ba26c865,"[{'name': 'Subject', 'value': 'Russian Invasion of Ukraine (2022)', 'rank': 1}, {'name': 'Subject', 'value': 'Politics and Government', 'rank': 2}, {'name': 'Subject', 'value': 'Legislatures and Parliaments', 'rank': 3}, {'name': 'Person', 'value': 'Kiriyenko, Sergei V', 'rank': 4}, {'name': 'Person', 'value': 'Putin, Vladimir V', 'rank': 5}]",Foreign,,,2025-08-10 09:01:27+00:00,World,"Showing an uncanny ability to adapt to circumstances, Sergei V. Kiriyenko has turned himself into a key engineer of President Vladimir V. Putin’s autocratic machine.",The New York Times,Europe,News,nyt://article/d5d07848-5e7e-52d7-8d95-bba4ba26c865,https://www.nytimes.com/2025/08/10/world/europe/russia-putin-kiriyenko-takeaways.html,728,By Anton Troianovski,Key Takeaways From The Times’s Reporting on Putin’s Powerful Aide,,,"Sergei V. Kiriyenko, in glasses, at President Vladimir V. Putin’s annual state of the nation address in Moscow in 2024, in a photograph distributed by Russian state media.",Alexander Kazakov/Agence France-Presse — Getty Images,https://static01.nyt.com/images/2025/08/05/multimedia/00int-russia-kiriyenko-takeaways-01-clvp/00int-russia-kiriyenko-takeaways-01-clvp-articleLarge.jpg,364,600,https://static01.nyt.com/images/2025/08/05/multimedia/00int-russia-kiriyenko-takeaways-01-clvp/00int-russia-kiriyenko-takeaways-01-clvp-thumbStandard.jpg,75,75,Key Takeaways From The Times’s Reporting on Putin’s Powerful Aide,"Key Takeaways From The Times’s Reporting on Putin’s Powerful Aide Showing an uncanny ability to adapt to circumstances, Sergei V. Kiriyenko has turned himself into a key engineer of President Vladimir V. Putin’s autocratic machine. Showing an uncanny ability to adapt to circumstances, Sergei V. Kiriyenko has turned himself into a key engineer of President Vladimir V. Putin’s autocratic machine."
"After the fall of Bashar al-Assad, parts of the country that had been closed to outside journalists for a decade suddenly opened up.",article,nyt://article/b0161628-6999-5a1f-91e9-6e0ddf9fe351,"[{'name': 'Subject', 'value': 'War and Armed Conflicts', 'rank': 1}, {'name': 'Location', 'value': 'Syria', 'rank': 2}]",Insider,2.0,A,2025-07-23 07:00:18+00:00,World,"After the fall of Bashar al-Assad, parts of the country that had been closed to outside journalists for a decade suddenly opened up.",The New York Times,Middle East,News,nyt://article/b0161628-6999-5a1f-91e9-6e0ddf9fe351,https://www.nytimes.com/2025/07/23/world/middleeast/a-long-overdue-reporting-trip-through-syria.html,874,By Ben Hubbard,"A Long, Overdue Reporting Trip Through Syria",Times Insider,"A Trip Through an Open, Unstable Syria","A Syrian girl sells snacks in her destroyed neighborhood near the Alawite community Zahra neighborhood in Homs, Syria",David Guttenfelder/The New York Times,https://static01.nyt.com/images/2025/07/23/multimedia/23a2_insider-syria-jhvp/23a2_insider-syria-jhvp-articleLarge.jpg,400,600,https://static01.nyt.com/images/2025/07/23/multimedia/23a2_insider-syria-jhvp/23a2_insider-syria-jhvp-thumbStandard.jpg,75,75,"A Long, Overdue Reporting Trip Through Syria","A Long, Overdue Reporting Trip Through Syria After the fall of Bashar al-Assad, parts of the country that had been closed to outside journalists for a decade suddenly opened up. After the fall of Bashar al-Assad, parts of the country that had been closed to outside journalists for a decade suddenly opened up."
"Health officials tampered with blood tests of some of the more than 200 children who were sickened by food tainted with lead, an investigation found.",article,nyt://article/48f48846-1fd8-50ce-89bb-de532a4c292f,"[{'name': 'Subject', 'value': 'Tests (Medical)', 'rank': 1}, {'name': 'Subject', 'value': 'Children and Childhood', 'rank': 2}, {'name': 'Subject', 'value': 'Poisoning and Poisons', 'rank': 3}, {'name': 'Subject', 'value': 'Lead', 'rank': 4}, {'name': 'Subject', 'value': 'Ethics and Official Misconduct', 'rank': 5}, {'name': 'Subject', 'value': 'Hazardous and Toxic Substances', 'rank': 6}, {'name': 'Location', 'value': 'China', 'rank': 7}, {'name': 'Location', 'value': 'Gansu Province (China)', 'rank': 8}]",Foreign,4.0,A,2025-07-21 09:58:26+00:00,World,"Health officials tampered with blood tests of some of the more than 200 children who were sickened by food tainted with lead, an investigation found.",The New York Times,Asia Pacific,News,nyt://article/48f48846-1fd8-50ce-89bb-de532a4c292f,https://www.nytimes.com/2025/07/21/world/asia/china-lead-poisoning-scandal.html,845,By Vivian Wang,"Chinese Officials Helped Cover Up Lead Poisoning of Children, Report Says",,"In Rare Report, China Lists Officials Who Covered Up Lead Poisoning of Children","A family outside a pediatric hospital in Beijing, China, in July.",Mahesh Kumar A./Associated Press,https://static01.nyt.com/images/2025/07/21/multimedia/21int-china-lead-01-jpqh/21int-china-lead-01-jpqh-articleLarge.jpg,400,600,https://static01.nyt.com/images/2025/07/21/multimedia/21int-china-lead-01-jpqh/21int-china-lead-01-jpqh-thumbStandard.jpg,75,75,"Chinese Officials Helped Cover Up Lead Poisoning of Children, Report Says","Chinese Officials Helped Cover Up Lead Poisoning of Children, Report Says Health officials tampered with blood tests of some of the more than 200 children who were sickened by food tainted with lead, an investigation found. Health officials tampered with blood tests of some of the more than 200 children who were sickened by food tainted with lead, an investigation found."
"Relatives of the Jeju Air disaster victims objected to the report in a stormy scene at a news conference, complaining that it blamed the pilots prematurely.",article,nyt://article/bfa4d890-2d4b-5b0a-b53f-1c3d0a2c0e08,"[{'name': 'Subject', 'value': 'Jeju Air Flight 2216', 'rank': 1}, {'name': 'Subject', 'value': 'Aviation Accidents, Safety and Disasters', 'rank': 2}, {'name': 'Location', 'value': 'South Korea', 'rank': 3}, {'name': 'Subject', 'value': 'News and News Media', 'rank': 4}, {'name': 'Subject', 'value': 'Engines', 'rank': 5}, {'name': 'Organization', 'value': 'Jeju Air Co Ltd', 'rank': 6}, {'name': 'Organization', 'value': 'Muan International Airport', 'rank': 7}, {'name': 'Organization', 'value': 'Safran SA', 'rank': 8}]",Foreign,10.0,A,2025-07-19 12:53:43+00:00,World,"Relatives of the Jeju Air disaster victims objected to the report in a stormy scene at a news conference, complaining that it blamed the pilots prematurely.",The New York Times,Asia Pacific,News,nyt://article/bfa4d890-2d4b-5b0a-b53f-1c3d0a2c0e08,https://www.nytimes.com/2025/07/19/world/asia/jeju-air-crash-report-canceled.html,832,By John Yoon,South Korea Pulls Plane Crash Report After Victims’ Families Protest,,Report on Korean Crash Sets Off Furor,"Firefighters and investigators at the scene of the deadly Jeju Air crash in Muan, South Korea, in December.",Chang W. Lee/The New York Times,https://static01.nyt.com/images/2025/07/19/multimedia/19xp-jejuair-clwv/19xp-jejuair-clwv-articleLarge.jpg,400,600,https://static01.nyt.com/images/2025/07/19/multimedia/19xp-jejuair-clwv/19xp-jejuair-clwv-thumbStandard.jpg,75,75,South Korea Pulls Plane Crash Report After Victims’ Families Protest,"South Korea Pulls Plane Crash Report After Victims’ Families Protest Relatives of the Jeju Air disaster victims objected to the report in a stormy scene at a news conference, complaining that it blamed the pilots prematurely. Relatives of the Jeju Air disaster victims objected to the report in a stormy scene at a news conference, complaining that it blamed the pilots prematurely."
A preliminary assessment in last month’s disaster focusing on fuel being cut to both engines only deepened the mystery for people grieving loved ones.,article,nyt://article/9092585a-d5d6-57b9-b6e3-27214274259d,"[{'name': 'Subject', 'value': 'Air India Flight 171', 'rank': 1}, {'name': 'Subject', 'value': 'Deaths (Fatalities)', 'rank': 2}, {'name': 'Subject', 'value': 'DNA (Deoxyribonucleic Acid)', 'rank': 3}, {'name': 'Organization', 'value': 'Air India', 'rank': 4}, {'name': 'Location', 'value': 'Ahmedabad (India)', 'rank': 5}, {'name': 'Subject', 'value': 'Aviation Accidents, Safety and Disasters', 'rank': 6}]",Foreign,8.0,A,2025-07-13 07:05:34+00:00,World,A preliminary assessment in last month’s disaster focusing on fuel being cut to both engines only deepened the mystery for people grieving loved ones.,The New York Times,Asia Pacific,News,nyt://article/9092585a-d5d6-57b9-b6e3-27214274259d,https://www.nytimes.com/2025/07/13/world/asia/air-india-crash-report-victim-families.html,831,By Mujib Mashal and Suhasini Raj,"For Families of Air India Crash Victims, Report Brings No Closure",,Families Find Scant Closure In Report On Disaster,Relatives of one of the victims of the Air India plane crash awaiting his body at home in Ahmedabad last month.,Atul Loke for The New York Times,https://static01.nyt.com/images/2025/07/13/multimedia/13INT-India-Crash-victims-top-fmtv/13INT-India-Crash-victims-top-fmtv-articleLarge.jpg,400,600,https://static01.nyt.com/images/2025/07/13/multimedia/13INT-India-Crash-victims-top-fmtv/13INT-India-Crash-victims-top-fmtv-thumbStandard.jpg,75,75,"For Families of Air India Crash Victims, Report Brings No Closure","For Families of Air India Crash Victims, Report Brings No Closure A preliminary assessment in last month’s disaster focusing on fuel being cut to both engines only deepened the mystery for people grieving loved ones. A preliminary assessment in last month’s disaster focusing on fuel being cut to both engines only deepened the mystery for people grieving loved ones."
"A focus on the Boeing 787’s fuel switches in a preliminary assessment raised questions about the pilots’ actions, but much is still unknown about Flight 171.",article,nyt://article/b007b4d7-2d64-5c11-922a-641b2696d0fa,"[{'name': 'Subject', 'value': 'Air India Flight 171', 'rank': 1}, {'name': 'Subject', 'value': 'Pilots', 'rank': 2}, {'name': 'Subject', 'value': 'Aviation Accidents, Safety and Disasters', 'rank': 3}, {'name': 'Subject', 'value': 'Airlines and Airplanes', 'rank': 4}, {'name': 'Subject', 'value': 'Deaths (Fatalities)', 'rank': 5}, {'name': 'Organization', 'value': 'Air India', 'rank': 6}, {'name': 'Organization', 'value': 'Boeing Company', 'rank': 7}, {'name': 'Organization', 'value': 'International Civil Aviation Organization', 'rank': 8}, {'name': 'Location', 'value': 'India', 'rank': 9}, {'name': 'Location', 'value': 'Ahmedabad (India)', 'rank': 10}]",Foreign,1.0,A,2025-07-11 21:18:27+00:00,World,"A focus on the Boeing 787’s fuel switches in a preliminary assessment raised questions about the pilots’ actions, but much is still unknown about Flight 171.",The New York Times,Asia Pacific,News,nyt://article/b007b4d7-2d64-5c11-922a-641b2696d0fa,https://www.nytimes.com/2025/07/11/world/asia/air-india-crash-report.html,1112,"By Mujib Mashal, Suhasini Raj and Niraj Chokshi","Fuel to Air India Plane Was Cut Off Before Deadly Crash, Report Says",,"Fuel to Doomed Air India Plane Was Switched Off, Report Says",Workers removing the airplane’s tail from the wreckage of the Air India crash last month.,Atul Loke for The New York Times,https://static01.nyt.com/images/2025/07/11/multimedia/11int-india-crash-report-mztp/11int-india-crash-report-mztp-articleLarge.jpg,400,600,https://static01.nyt.com/images/2025/07/11/multimedia/11int-india-crash-report-mztp/11int-india-crash-report-mztp-thumbStandard.jpg,75,75,"Fuel to Air India Plane Was Cut Off Before Deadly Crash, Report Says","Fuel to Air India Plane Was Cut Off Before Deadly Crash, Report Says A focus on the Boeing 787’s fuel switches in a preliminary assessment raised questions about the pilots’ actions, but much is still unknown about Flight 171. A focus on the Boeing 787’s fuel switches in a preliminary assessment raised questions about the pilots’ actions, but much is still unknown about Flight 171."
"A public inquiry into the wrongful prosecutions of about 1,000 postal workers has uncovered more victims than previously known, according to a report.",article,nyt://article/237a3f06-e62c-5f98-a732-634d5d2fb7e0,"[{'name': 'Location', 'value': 'Great Britain', 'rank': 1}, {'name': 'Subject', 'value': 'Postal Service and Post Offices', 'rank': 2}, {'name': 'Subject', 'value': 'Accounting and Accountants', 'rank': 3}, {'name': 'Subject', 'value': 'Software', 'rank': 4}, {'name': 'Subject', 'value': 'Robberies and Thefts', 'rank': 5}, {'name': 'Subject', 'value': 'False Arrests, Convictions and Imprisonments', 'rank': 6}, {'name': 'Subject', 'value': 'Suicides and Suicide Attempts', 'rank': 7}, {'name': 'Subject', 'value': 'Politics and Government', 'rank': 8}, {'name': 'Organization', 'value': 'Fujitsu Limited', 'rank': 9}]",Express,,,2025-07-10 23:33:41+00:00,World,"A public inquiry into the wrongful prosecutions of about 1,000 postal workers has uncovered more victims than previously known, according to a report.",The New York Times,Europe,News,nyt://article/237a3f06-e62c-5f98-a732-634d5d2fb7e0,https://www.nytimes.com/2025/07/10/world/europe/uk-post-office-scandal-report.html,887,By Aishvarya Kavi,"At Least 13 People Died by Suicide Amid U.K. Post Office Scandal, Report Says",,,"Thousands of postal workers were wrongfully accused of crimes over more than a decade in the British post office scandal, according to a report.","Andy Rain/EPA, via Shutterstock",https://static01.nyt.com/images/2025/07/10/multimedia/10xp-uk-postoffice-tvqz/10xp-uk-postoffice-tvqz-articleLarge.jpg,389,600,https://static01.nyt.com/images/2025/07/10/multimedia/10xp-uk-postoffice-tvqz/10xp-uk-postoffice-tvqz-thumbStandard.jpg,75,75,"At Least 13 People Died by Suicide Amid U.K. Post Office Scandal, Report Says","At Least 13 People Died by Suicide Amid U.K. Post Office Scandal, Report Says A public inquiry into the wrongful prosecutions of about 1,000 postal workers has uncovered more victims than previously known, according to a report. A public inquiry into the wrongful prosecutions of about 1,000 postal workers has uncovered more victims than previously known, according to a report."
"The notorious detention facility in Tehran, where dissidents and political prisoners are held, came under attack on June 23.",article,nyt://article/0db8ec49-46c3-5416-9a0d-b039e8860a66,"[{'name': 'Subject', 'value': 'Political Prisoners', 'rank': 1}, {'name': 'Location', 'value': 'Iran', 'rank': 2}, {'name': 'Location', 'value': 'Tehran (Iran)', 'rank': 3}, {'name': 'Organization', 'value': 'Evin Prison', 'rank': 4}, {'name': 'Subject', 'value': 'War and Armed Conflicts', 'rank': 5}]",Foreign,11.0,A,2025-06-29 16:31:24+00:00,World,"The notorious detention facility in Tehran, where dissidents and political prisoners are held, came under attack on June 23.",The New York Times,Middle East,News,nyt://article/0db8ec49-46c3-5416-9a0d-b039e8860a66,https://www.nytimes.com/2025/06/29/world/middleeast/evin-prison-iran.html,591,By Vivian Yee and Sanam Mahoozi,"Israel’s Attack on Evin Prison Killed 71, Iranian State Media Report",,"Israeli Strike On Evin Jail Left 71 Dead, Iran Reports","The ruins of an office building at Evin Prison in Tehran on Sunday, several days after it was hit by an Israeli strike. ",Arash Khamooshi for The New York Times,https://static01.nyt.com/images/2025/07/29/multimedia/29int-iran-evin-gcmw/29int-iran-evin-gcmw-articleLarge.jpg,400,600,https://static01.nyt.com/images/2025/07/29/multimedia/29int-iran-evin-gcmw/29int-iran-evin-gcmw-thumbStandard.jpg,75,75,"Israel’s Attack on Evin Prison Killed 71, Iranian State Media Report","Israel’s Attack on Evin Prison Killed 71, Iranian State Media Report The notorious detention facility in Tehran, where dissidents and political prisoners are held, came under attack on June 23. The notorious detention facility in Tehran, where dissidents and political prisoners are held, came under attack on June 23."
France’s Interior Ministry reported that 145 people said they had been stabbed with needles at festival events across the country.,article,nyt://article/9e891629-3096-5088-8868-1d7534acfee1,"[{'name': 'Subject', 'value': 'Assaults', 'rank': 1}, {'name': 'Subject', 'value': 'Hypodermic Needles and Syringes', 'rank': 2}, {'name': 'Subject', 'value': 'Festivals', 'rank': 3}, {'name': 'Subject', 'value': 'Bars and Nightclubs', 'rank': 4}, {'name': 'Location', 'value': 'France', 'rank': 5}, {'name': 'Location', 'value': 'Great Britain', 'rank': 6}]",Express,9.0,A,2025-06-23 16:05:35+00:00,World,France’s Interior Ministry reported that 145 people said they had been stabbed with needles at festival events across the country.,The New York Times,Europe,News,nyt://article/9e891629-3096-5088-8868-1d7534acfee1,https://www.nytimes.com/2025/06/23/world/europe/france-syringe-attacks-music-festival.html,573,By Jenny Gross,Nearly 150 Report Being Jabbed With Needles at French Music Festival,,145 Needle Jabbings Mar Music Festival in France,An outdoor performance on the banks of the Seine river in Paris on Saturday was part of the annual Fête de la Musique celebration.,Romain Perrocheau/Agence France-Presse — Getty Images,https://static01.nyt.com/images/2025/06/23/multimedia/23xp-francesyringe1-pqvh/23xp-francesyringe1-pqvh-articleLarge.jpg,400,600,https://static01.nyt.com/images/2025/06/23/multimedia/23xp-francesyringe1-pqvh/23xp-francesyringe1-pqvh-thumbStandard.jpg,75,75,Nearly 150 Report Being Jabbed With Needles at French Music Festival,Nearly 150 Report Being Jabbed With Needles at French Music Festival France’s Interior Ministry reported that 145 people said they had been stabbed with needles at festival events across the country. France’s Interior Ministry reported that 145 people said they had been stabbed with needles at festival events across the country.
"Officials drastically understated outbreaks and deaths, depriving citizens of help, two U.S. research groups report, citing interviews with people inside North Korea.",article,nyt://article/6f532866-7543-5f31-a0c0-154a9389fd2e,"[{'name': 'Location', 'value': 'North Korea', 'rank': 1}, {'name': 'Subject', 'value': 'Coronavirus (2019-nCoV)', 'rank': 2}, {'name': 'Subject', 'value': 'Deaths (Fatalities)', 'rank': 3}, {'name': 'Subject', 'value': 'Shortages', 'rank': 4}, {'name': 'Organization', 'value': 'Center for Strategic and International Studies', 'rank': 5}, {'name': 'Person', 'value': 'Kim Jong-un', 'rank': 6}, {'name': 'Subject', 'value': 'Politics and Government', 'rank': 7}, {'name': 'Subject', 'value': 'Human Rights and Human Rights Violations', 'rank': 8}]",Foreign,12.0,A,2025-06-17 11:10:39+00:00,World,"Officials drastically understated outbreaks and deaths, depriving citizens of help, two U.S. research groups report, citing interviews with people inside North Korea.",The New York Times,Asia Pacific,News,nyt://article/6f532866-7543-5f31-a0c0-154a9389fd2e,https://www.nytimes.com/2025/06/17/world/asia/hfo-north-korea-pandemic-lie.html,798,By Choe Sang-Hun,"North Korea’s Pandemic ‘Miracle’ Was a Deadly Lie, Report Says",,Report Says North Korea Lied About Covid’s Toll,"A photograph released by North Korean state media showed a worker disinfecting a vehicle while a civilian had his temperature checked as a precaution against the coronavirus in Pyongyang, North Korea, in 2020.","Korean Central News Agency, via Associated Press",https://static01.nyt.com/images/2025/06/17/multimedia/17int-nkorea-pandemicHFO-01-hpzf/17int-nkorea-pandemicHFO-01-hpzf-articleLarge.jpg,400,600,https://static01.nyt.com/images/2025/06/17/multimedia/17int-nkorea-pandemicHFO-01-hpzf/17int-nkorea-pandemicHFO-01-hpzf-thumbStandard.jpg,75,75,"North Korea’s Pandemic ‘Miracle’ Was a Deadly Lie, Report Says","North Korea’s Pandemic ‘Miracle’ Was a Deadly Lie, Report Says Officials drastically understated outbreaks and deaths, depriving citizens of help, two U.S. research groups report, citing interviews with people inside North Korea. Officials drastically understated outbreaks and deaths, depriving citizens of help, two U.S. research groups report, citing interviews with people inside North Korea."
,article,nyt://article/1ef06bc5-4756-50f6-b1bc-1f698dd8650f,[],Business,,,2025-06-12 20:21:05+00:00,World,,The New York Times,Asia Pacific,Live Blog Post,nyt://article/1ef06bc5-4756-50f6-b1bc-1f698dd8650f,https://www.nytimes.com/live/2025/06/12/world/india-plane-crash-ahmedabad/whistle-blowers-lawyer-calls-on-faa-to-release-report-on-787-dreamliner,506,By Niraj Chokshi,A whistle-blower’s lawyers call on the F.A.A. to release a report on the 787 Dreamliner.,,,The departures terminal used by Air India at Gatwick Airport near London on Thursday.,Kin Cheung/Associated Press,https://static01.nyt.com/images/2025/06/12/multimedia/12india-crash-dreamliner-whistleblower-fklm/12india-crash-dreamliner-whistleblower-fklm-articleLarge.jpg,400,600,https://static01.nyt.com/images/2025/06/12/multimedia/12india-crash-dreamliner-whistleblower-fklm/12india-crash-dreamliner-whistleblower-fklm-thumbStandard.jpg,75,75,A whistle-blower’s lawyers call on the F.A.A. to release a report on the 787 Dreamliner.,A whistle-blower’s lawyers call on the F.A.A. to release a report on the 787 Dreamliner.
"Policymakers in many countries assume that birthrates have fallen because people want fewer children, but a global study says financial insecurity is driving those decisions.",article,nyt://article/e71309e2-3792-5386-90db-d952de27ec79,"[{'name': 'Subject', 'value': 'Birth Rates', 'rank': 1}, {'name': 'Subject', 'value': 'Babies and Infants', 'rank': 2}, {'name': 'Organization', 'value': 'United Nations Population Fund', 'rank': 3}, {'name': 'Subject', 'value': 'Children and Childhood', 'rank': 4}, {'name': 'Subject', 'value': 'Parenting', 'rank': 5}, {'name': 'Subject', 'value': 'Population', 'rank': 6}, {'name': 'Subject', 'value': 'Polls and Public Opinion', 'rank': 7}, {'name': 'Subject', 'value': 'Politics and Government', 'rank': 8}, {'name': 'Subject', 'value': 'Bonuses', 'rank': 9}, {'name': 'Location', 'value': 'Brazil', 'rank': 10}, {'name': 'Location', 'value': 'China', 'rank': 11}, {'name': 'Location', 'value': 'Germany', 'rank': 12}, {'name': 'Location', 'value': 'Hungary', 'rank': 13}, {'name': 'Location', 'value': 'India', 'rank': 14}, {'name': 'Location', 'value': 'Indonesia', 'rank': 15}, {'name': 'Location', 'value': 'Italy', 'rank': 16}, {'name': 'Location', 'value': 'Mexico', 'rank': 17}, {'name': 'Location', 'value': 'Morocco', 'rank': 18}, {'name': 'Location', 'value': 'Nigeria', 'rank': 19}, {'name': 'Location', 'value': 'South Africa', 'rank': 20}, {'name': 'Location', 'value': 'Sweden', 'rank': 21}, {'name': 'Location', 'value': 'Thailand', 'rank': 22}, {'name': 'Location', 'value': 'Russia', 'rank': 23}, {'name': 'Location', 'value': 'Vietnam', 'rank': 24}, {'name': 'Location', 'value': 'United States', 'rank': 25}, {'name': 'Organization', 'value': 'United Nations', 'rank': 26}]",Foreign,4.0,A,2025-06-11 20:54:54+00:00,World,"Policymakers in many countries assume that birthrates have fallen because people want fewer children, but a global study says financial insecurity is driving those decisions.",The New York Times,,News,nyt://article/e71309e2-3792-5386-90db-d952de27ec79,https://www.nytimes.com/2025/06/11/world/fertility-crisis-un-report.html,847,By Ephrat Livni,"The Real Fertility Crisis? Financial Security, a U.N. Report Says.",,U.N. Report  Ponders Why  Birthrates  Have Fallen  ,"Students at a school in Abuja, Nigeria. A U.N. survey found that many people end up having fewer children than they wanted.",Taiwo Aina for The New York Times,https://static01.nyt.com/images/2025/06/11/multimedia/11int-un-families-ktqv/11int-un-families-ktqv-articleLarge.jpg,400,600,https://static01.nyt.com/images/2025/06/11/multimedia/11int-un-families-ktqv/11int-un-families-ktqv-thumbStandard.jpg,75,75,"The Real Fertility Crisis? Financial Security, a U.N. Report Says.","The Real Fertility Crisis? Financial Security, a U.N. Report Says. Policymakers in many countries assume that birthrates have fallen because people want fewer children, but a global study says financial insecurity is driving those decisions. Policymakers in many countries assume that birthrates have fallen because people want fewer children, but a global study says financial insecurity is driving those decisions."
"An official report into last year’s yacht tragedy, which killed seven, found that the boat could easily capsize in high winds. Its towering mast made it more vulnerable.",article,nyt://article/22ccbeee-13a8-52ee-a4bc-77749039112c,"[{'name': 'Subject', 'value': 'Sailboats and Sailing', 'rank': 1}, {'name': 'Subject', 'value': 'Drownings', 'rank': 2}, {'name': 'Subject', 'value': 'Maritime Accidents and Safety', 'rank': 3}, {'name': 'Subject', 'value': 'Ships and Shipping', 'rank': 4}, {'name': 'Subject', 'value': 'Rescues', 'rank': 5}, {'name': 'Subject', 'value': 'Wind', 'rank': 6}, {'name': 'Organization', 'value': 'Hewlett-Packard Company', 'rank': 7}, {'name': 'Organization', 'value': 'Italian Sea Group SpA', 'rank': 8}, {'name': 'Person', 'value': 'Cutfield, James', 'rank': 9}, {'name': 'Location', 'value': 'Sicily (Italy)', 'rank': 10}, {'name': 'Location', 'value': 'Italy', 'rank': 11}]",Foreign,8.0,A,2025-05-14 23:00:07+00:00,World,"An official report into last year’s yacht tragedy, which killed seven, found that the boat could easily capsize in high winds. Its towering mast made it more vulnerable.",The New York Times,Europe,News,nyt://article/22ccbeee-13a8-52ee-a4bc-77749039112c,https://www.nytimes.com/2025/05/14/world/europe/bayesian-superyacht-sinking-report.html,1479,By Jeffrey Gettleman and James Glanz,"Bayesian Superyacht Sank After ‘Extreme’ Wind Gust, Report Says",,"Superyacht’s Oversize Mast  Made It Vulnerable, Report Says","The Bayesian sailing off Palermo, Sicily, in an undated photograph released by the yacht’s maker, Perini Navi. ","Perini Navi Press Office/EPA, via Shutterstock",https://static01.nyt.com/images/2025/05/14/multimedia/14Bayesian-report-1-wvlt/14Bayesian-report-1-wvlt-articleLarge.jpg,600,600,https://static01.nyt.com/images/2025/05/14/multimedia/14Bayesian-report-1-wvlt/14Bayesian-report-1-wvlt-thumbStandard.jpg,75,75,"Bayesian Superyacht Sank After ‘Extreme’ Wind Gust, Report Says","Bayesian Superyacht Sank After ‘Extreme’ Wind Gust, Report Says An official report into last year’s yacht tragedy, which killed seven, found that the boat could easily capsize in high winds. Its towering mast made it more vulnerable. An official report into last year’s yacht tragedy, which killed seven, found that the boat could easily capsize in high winds. Its towering mast made it more vulnerable."
A mother’s call for justice has challenged a culture of shame and inspired a nationwide movement to tackle the crisis of sexual violence.,article,nyt://article/cecd127c-cf7b-5851-8183-5c0a7dde6a91,"[{'name': 'Location', 'value': 'South Africa', 'rank': 1}, {'name': 'Person', 'value': 'Ramaphosa, Cyril', 'rank': 2}, {'name': 'Subject', 'value': 'Domestic Violence', 'rank': 3}, {'name': 'Subject', 'value': 'Sex Crimes', 'rank': 4}, {'name': 'Subject', 'value': 'Demonstrations, Protests and Riots', 'rank': 5}, {'name': 'Subject', 'value': 'Police', 'rank': 6}, {'name': 'Subject', 'value': 'Gender', 'rank': 7}, {'name': 'Subject', 'value': 'Women and Girls', 'rank': 8}, {'name': 'Subject', 'value': ""Women's Rights"", 'rank': 9}]",Foreign,4.0,A,2025-05-09 04:01:09+00:00,World,A mother’s call for justice has challenged a culture of shame and inspired a nationwide movement to tackle the crisis of sexual violence.,The New York Times,Africa,News,nyt://article/cecd127c-cf7b-5851-8183-5c0a7dde6a91,https://www.nytimes.com/2025/05/09/world/africa/south-africa-rape-sexual-violence-cwecwe.html,837,By Zimasa Matiwane and John Eligon,‘Enough Is Enough’: Report of a Child’s Rape Enrages South Africans,,Report of a Child’s Rape Sets Off Outrage in One South African Town,"Protesters in Matatiele, South Africa, calling for justice for a 7-year-old girl known as Cwecwe who said she was raped.",Joao Silva/The New York Times,https://static01.nyt.com/images/2025/05/05/multimedia/00int-safrica-rape01-photo-bkmg/00int-safrica-rape01-photo-bkmg-articleLarge.jpg,400,600,https://static01.nyt.com/images/2025/05/05/multimedia/00int-safrica-rape01-photo-bkmg/00int-safrica-rape01-photo-bkmg-thumbStandard.jpg,75,75,‘Enough Is Enough’: Report of a Child’s Rape Enrages South Africans,‘Enough Is Enough’: Report of a Child’s Rape Enrages South Africans A mother’s call for justice has challenged a culture of shame and inspired a nationwide movement to tackle the crisis of sexual violence. A mother’s call for justice has challenged a culture of shame and inspired a nationwide movement to tackle the crisis of sexual violence.
Officials summoned the American ambassador to express its displeasure after the Trump Administration was said be ratcheting up surveillance.,article,nyt://article/c193b1d3-ba0b-5739-be73-0304bc0de45d,"[{'name': 'Location', 'value': 'Greenland', 'rank': 1}, {'name': 'Subject', 'value': 'United States Politics and Government', 'rank': 2}, {'name': 'Subject', 'value': 'Diplomatic Service, Embassies and Consulates', 'rank': 3}, {'name': 'Subject', 'value': 'United States International Relations', 'rank': 4}, {'name': 'Subject', 'value': 'Espionage and Intelligence Services', 'rank': 5}, {'name': 'Location', 'value': 'Denmark', 'rank': 6}, {'name': 'Location', 'value': 'United States', 'rank': 7}, {'name': 'Location', 'value': 'Nuuk (Greenland)', 'rank': 8}, {'name': 'Person', 'value': 'Rasmussen, Lars Lokke', 'rank': 9}]",Foreign,9.0,A,2025-05-08 14:17:13+00:00,World,Officials summoned the American ambassador to express its displeasure after the Trump Administration was said be ratcheting up surveillance.,The New York Times,Asia Pacific,News,nyt://article/c193b1d3-ba0b-5739-be73-0304bc0de45d,https://www.nytimes.com/2025/05/08/world/asia/denmark-greenland-us-consulate-spying.html,633,By Jeffrey Gettleman and Maya Tekeli,Denmark Outraged by Report of Increased Spying in Greenland,,Denmark Outraged by Report That the U.S. Was Stepping Up Spying on Greenland,"Lars Lokke Rasmussen, Denmark’s foreign minister, who summoned the U.S. ambassador to express his anger over reports of spying. ","EPA, via Shutterstock",https://static01.nyt.com/images/2025/05/08/multimedia/08int-denmark-greenland-us-ctvm/08int-denmark-greenland-us-ctvm-articleLarge.jpg,400,600,https://static01.nyt.com/images/2025/05/08/multimedia/08int-denmark-greenland-us-ctvm/08int-denmark-greenland-us-ctvm-thumbStandard.jpg,75,75,Denmark Outraged by Report of Increased Spying in Greenland,Denmark Outraged by Report of Increased Spying in Greenland Officials summoned the American ambassador to express its displeasure after the Trump Administration was said be ratcheting up surveillance. Officials summoned the American ambassador to express its displeasure after the Trump Administration was said be ratcheting up surveillance.
"Prime Minister Narendra Modi of India called the shooting, the worst against civilians in the region for years, a “terror attack” and vowed to bring the perpetrators to justice.",article,nyt://article/c2467719-5ecf-5cfc-8864-b13115cb38c6,"[{'name': 'Subject', 'value': 'Terrorism', 'rank': 1}, {'name': 'Subject', 'value': 'Deaths (Fatalities)', 'rank': 2}, {'name': 'Subject', 'value': 'Territorial Disputes', 'rank': 3}, {'name': 'Subject', 'value': 'International Relations', 'rank': 4}, {'name': 'Location', 'value': 'Kashmir and Jammu (India)', 'rank': 5}, {'name': 'Location', 'value': 'Kashmir', 'rank': 6}, {'name': 'Location', 'value': 'India', 'rank': 7}, {'name': 'Location', 'value': 'Pakistan', 'rank': 8}, {'name': 'Person', 'value': 'Modi, Narendra', 'rank': 9}]",Foreign,8.0,A,2025-04-22 15:27:49+00:00,World,"Prime Minister Narendra Modi of India called the shooting, the worst against civilians in the region for years, a “terror attack” and vowed to bring the perpetrators to justice.",The New York Times,Asia Pacific,News,nyt://article/c2467719-5ecf-5cfc-8864-b13115cb38c6,https://www.nytimes.com/2025/04/22/world/asia/kashmir-terrorist-attack.html,674,"By Anupreeta Das, Suhasini Raj and Showkat Nanda",At Least 24 Tourists Gunned Down by Militants in Kashmir,,2 Dozen Tourists Are Killed in an Attack by Militants in Kashmir,Indian security officers patrolling near Pahalgam in south Kashmir after militants opened fire on tourists on Tuesday.,Dar Yasin/Associated Press,https://static01.nyt.com/images/2025/04/22/multimedia/22int-india-kashmir-cklv/22int-india-kashmir-cklv-articleLarge.jpg,400,600,https://static01.nyt.com/images/2025/04/22/multimedia/22int-india-kashmir-cklv/22int-india-kashmir-cklv-thumbStandard.jpg,75,75,At Least 24 Tourists Gunned Down by Militants in Kashmir,"At Least 24 Tourists Gunned Down by Militants in Kashmir Prime Minister Narendra Modi of India called the shooting, the worst against civilians in the region for years, a “terror attack” and vowed to bring the perpetrators to justice. Prime Minister Narendra Modi of India called the shooting, the worst against civilians in the region for years, a “terror attack” and vowed to bring the perpetrators to justice."
"Outdated legislation prevented the police from rapidly correcting misinformation after a stabbing attack on a Taylor Swift-themed dance class last summer, lawmakers said.",article,nyt://article/cb899911-a438-5781-aa6b-e280ff4c8726,"[{'name': 'Subject', 'value': 'Social Media', 'rank': 1}, {'name': 'Subject', 'value': 'Demonstrations, Protests and Riots', 'rank': 2}, {'name': 'Subject', 'value': 'Law and Legislation', 'rank': 3}, {'name': 'Subject', 'value': 'Rumors and Misinformation', 'rank': 4}, {'name': 'Subject', 'value': 'Criminal Justice', 'rank': 5}, {'name': 'Organization', 'value': 'Crown Prosecution Service', 'rank': 6}, {'name': 'Organization', 'value': 'X (Formerly Twitter)', 'rank': 7}, {'name': 'Person', 'value': 'Rudakubana, Axel', 'rank': 8}, {'name': 'Location', 'value': 'England', 'rank': 9}, {'name': 'Location', 'value': 'Great Britain', 'rank': 10}, {'name': 'Location', 'value': 'Southport (England)', 'rank': 11}]",Foreign,6.0,A,2025-04-13 23:01:06+00:00,World,"Outdated legislation prevented the police from rapidly correcting misinformation after a stabbing attack on a Taylor Swift-themed dance class last summer, lawmakers said.",The New York Times,Europe,News,nyt://article/cb899911-a438-5781-aa6b-e280ff4c8726,https://www.nytimes.com/2025/04/13/world/europe/uk-riots-social-media-contempt.html,849,By Lizzie Dearden,"British Laws Are Not Fit for Social Media Age, Says Report on U.K. Riots",,"U.K. Laws Unfit for Social Media Age, Report Says","Riot police holding back protesters after disorder broke out last July in Southport, England. Violent disorder, fueled by the far right, affected several towns and cities for days after a teenager stabbed multiple children at a dance class.",Getty Images,https://static01.nyt.com/images/2025/04/13/multimedia/13int-uk-riots-02-fjcv/13int-uk-riots-02-fjcv-articleLarge.jpg,400,600,https://static01.nyt.com/images/2025/04/13/multimedia/13int-uk-riots-02-fjcv/13int-uk-riots-02-fjcv-thumbStandard.jpg,75,75,"British Laws Are Not Fit for Social Media Age, Says Report on U.K. Riots","British Laws Are Not Fit for Social Media Age, Says Report on U.K. Riots Outdated legislation prevented the police from rapidly correcting misinformation after a stabbing attack on a Taylor Swift-themed dance class last summer, lawmakers said. Outdated legislation prevented the police from rapidly correcting misinformation after a stabbing attack on a Taylor Swift-themed dance class last summer, lawmakers said."
A preliminary report by Canadian authorities revealed new details about the final seconds before a Delta plane carrying 80 people crashed last month in Toronto.,article,nyt://article/4142adf2-ea1c-5d1e-9693-d76309c6dde6,"[{'name': 'Subject', 'value': 'Airlines and Airplanes', 'rank': 1}, {'name': 'Subject', 'value': 'Aviation Accidents, Safety and Disasters', 'rank': 2}, {'name': 'Organization', 'value': 'Transportation Safety Board of Canada', 'rank': 3}, {'name': 'Organization', 'value': 'Delta Air Lines Inc', 'rank': 4}, {'name': 'Organization', 'value': 'Toronto Pearson International Airport', 'rank': 5}, {'name': 'Location', 'value': 'Canada', 'rank': 6}, {'name': 'Location', 'value': 'Toronto (Ontario)', 'rank': 7}]",Foreign,6.0,A,2025-03-20 20:15:15+00:00,World,A preliminary report by Canadian authorities revealed new details about the final seconds before a Delta plane carrying 80 people crashed last month in Toronto.,The New York Times,Canada,News,nyt://article/4142adf2-ea1c-5d1e-9693-d76309c6dde6,https://www.nytimes.com/2025/03/20/world/canada/delta-plane-crash-toronto-report.html,618,By Niraj Chokshi and Vjosa Isai,"Airliner Was Descending Fast Before It Flipped on Landing, Report Finds",,"Plane Was Descending Fast Before It Flipped on Landing, Report Finds",The wreckage of a Delta Air Lines-operated aircraft being hoisted onto a truck after it crashed on landing last month in Toronto.,Cole Burston/Reuters,https://static01.nyt.com/images/2025/03/20/multimedia/20int-canada-plane-crash-vgkp/20int-canada-plane-crash-vgkp-articleLarge.jpg,400,600,https://static01.nyt.com/images/2025/03/20/multimedia/20int-canada-plane-crash-vgkp/20int-canada-plane-crash-vgkp-thumbStandard.jpg,75,75,"Airliner Was Descending Fast Before It Flipped on Landing, Report Finds","Airliner Was Descending Fast Before It Flipped on Landing, Report Finds A preliminary report by Canadian authorities revealed new details about the final seconds before a Delta plane carrying 80 people crashed last month in Toronto. A preliminary report by Canadian authorities revealed new details about the final seconds before a Delta plane carrying 80 people crashed last month in Toronto."
A researcher at a South African base in Antarctica has been accused of physical assault and sexual harassment. South Africa said it had no immediate plans to remove the accused or any colleagues.,article,nyt://article/5df8e004-4345-5122-ae90-b9e94c86e9fe,"[{'name': 'Subject', 'value': 'Sexual Harassment', 'rank': 1}, {'name': 'Location', 'value': 'Antarctic Regions', 'rank': 2}, {'name': 'Location', 'value': 'South Africa', 'rank': 3}, {'name': 'Subject', 'value': 'Research', 'rank': 4}]",Foreign,8.0,A,2025-03-18 20:00:14+00:00,World,A researcher at a South African base in Antarctica has been accused of physical assault and sexual harassment. South Africa said it had no immediate plans to remove the accused or any colleagues.,The New York Times,Africa,News,nyt://article/5df8e004-4345-5122-ae90-b9e94c86e9fe,https://www.nytimes.com/2025/03/18/world/africa/south-africa-antarctica-assault-harassment.html,759,By Zimasa Matiwane and Amelia Nierenberg,South Africa Will Not Remove Antarctic Team After a Reported Assault,,South Africa to Keep Team in Antarctica,Antarctica’s harsh conditions have routinely made it difficult for countries to scrutinize researchers’ behavior there.,Pool photo by Mark Ralston,https://static01.nyt.com/images/2025/03/18/multimedia/18int-antarctic-ftqm/18int-antarctic-ftqm-articleLarge.jpg,438,600,https://static01.nyt.com/images/2025/03/18/multimedia/18int-antarctic-ftqm/18int-antarctic-ftqm-thumbStandard.jpg,75,75,South Africa Will Not Remove Antarctic Team After a Reported Assault,South Africa Will Not Remove Antarctic Team After a Reported Assault A researcher at a South African base in Antarctica has been accused of physical assault and sexual harassment. South Africa said it had no immediate plans to remove the accused or any colleagues. A researcher at a South African base in Antarctica has been accused of physical assault and sexual harassment. South Africa said it had no immediate plans to remove the accused or any colleagues.
"More than 1,000 people have been killed in fighting between forces of the new government and remnants of the ousted regime, according to a war monitor, which said about 700 were civilians.",article,nyt://article/e93ffaf1-4b3b-52b8-bc57-e02ff1dbee1f,"[{'name': 'Subject', 'value': 'War and Armed Conflicts', 'rank': 1}, {'name': 'Subject', 'value': 'Politics and Government', 'rank': 2}, {'name': 'Subject', 'value': 'Civilian Casualties', 'rank': 3}, {'name': 'Organization', 'value': 'Syrian Observatory for Human Rights', 'rank': 4}, {'name': 'Person', 'value': 'Assad, Bashar al-', 'rank': 5}, {'name': 'Location', 'value': 'Latakia (Syria)', 'rank': 6}, {'name': 'Location', 'value': 'Syria', 'rank': 7}, {'name': 'Location', 'value': 'Tartus (Syria)', 'rank': 8}]",Foreign,10.0,A,2025-03-08 11:03:40+00:00,World,"More than 1,000 people have been killed in fighting between forces of the new government and remnants of the ousted regime, according to a war monitor, which said about 700 were civilians.",The New York Times,Middle East,News,nyt://article/e93ffaf1-4b3b-52b8-bc57-e02ff1dbee1f,https://www.nytimes.com/2025/03/08/world/middleeast/syria-clashes-assad.html,847,By Raja Abdulrahim,"Hundreds of Civilians Killed by Government Forces in Syria, War Monitors Say",, Monitors Say Syria Fighters Killed Scores Of Civilians  ,"A funeral was held near Idlib, Syria, on Saturday for four members of the Syrian security forces who were killed in clashes with fighters loyal to the ousted Assad dictatorship.",Omar Albam/Associated Press,https://static01.nyt.com/images/2025/03/08/multimedia/08syria-clashes-pbzj/08syria-clashes-pbzj-articleLarge.jpg,400,600,https://static01.nyt.com/images/2025/03/08/multimedia/08syria-clashes-pbzj/08syria-clashes-pbzj-thumbStandard.jpg,75,75,"Hundreds of Civilians Killed by Government Forces in Syria, War Monitors Say","Hundreds of Civilians Killed by Government Forces in Syria, War Monitors Say More than 1,000 people have been killed in fighting between forces of the new government and remnants of the ousted regime, according to a war monitor, which said about 700 were civilians. More than 1,000 people have been killed in fighting between forces of the new government and remnants of the ousted regime, according to a war monitor, which said about 700 were civilians."
"The Shin Bet said that it had disregarded intelligence from Gaza about a planned Hamas raid, but also that government policies may have emboldened the militants to attack.",article,nyt://article/c2ef0e4b-b2f9-5c65-931a-27bfdb9d1469,"[{'name': 'Organization', 'value': 'Shin Bet', 'rank': 1}, {'name': 'Location', 'value': 'Israel', 'rank': 2}, {'name': 'Organization', 'value': 'Hamas', 'rank': 3}, {'name': 'Person', 'value': 'Netanyahu, Benjamin', 'rank': 4}, {'name': 'Subject', 'value': 'Israel-Gaza War (2023- )', 'rank': 5}, {'name': 'Location', 'value': 'Gaza Strip', 'rank': 6}, {'name': 'Subject', 'value': 'Classified Information and State Secrets', 'rank': 7}]",Foreign,7.0,A,2025-03-04 23:39:46+00:00,World,"The Shin Bet said that it had disregarded intelligence from Gaza about a planned Hamas raid, but also that government policies may have emboldened the militants to attack.",The New York Times,Middle East,News,nyt://article/c2ef0e4b-b2f9-5c65-931a-27bfdb9d1469,https://www.nytimes.com/2025/03/04/world/middleeast/israel-oct-7-attack-shin-bet.html,811,By Ephrat Livni,"In Oct. 7 Report, Israeli Security Agency Puts Some Blame on Netanyahu Government",,Government Faulted in Oct. 7 Israeli Report,"Ashkelon, Israel, moments after a rocket siren was sounded on Oct. 7, 2023.",Tamir Kalifa for The New York Times,https://static01.nyt.com/images/2025/03/04/multimedia/04israel-report-htkw/04israel-report-htkw-articleLarge.jpg,400,600,https://static01.nyt.com/images/2025/03/04/multimedia/04israel-report-htkw/04israel-report-htkw-thumbStandard.jpg,75,75,"In Oct. 7 Report, Israeli Security Agency Puts Some Blame on Netanyahu Government","In Oct. 7 Report, Israeli Security Agency Puts Some Blame on Netanyahu Government The Shin Bet said that it had disregarded intelligence from Gaza about a planned Hamas raid, but also that government policies may have emboldened the militants to attack. The Shin Bet said that it had disregarded intelligence from Gaza about a planned Hamas raid, but also that government policies may have emboldened the militants to attack."
"Crowds had swelled because trains carrying Hindu pilgrims to the Kumbh Mela, the world’s largest religious festival, had been delayed, according to local media.",article,nyt://article/6b8ddd91-00b9-52bf-b200-ab1b608e2aea,"[{'name': 'Subject', 'value': 'Pilgrimages', 'rank': 1}, {'name': 'Subject', 'value': 'Stampedes', 'rank': 2}, {'name': 'Subject', 'value': 'Deaths (Fatalities)', 'rank': 3}, {'name': 'Subject', 'value': 'Festivals', 'rank': 4}, {'name': 'Subject', 'value': 'Hinduism', 'rank': 5}, {'name': 'Subject', 'value': 'Railroads', 'rank': 6}, {'name': 'Subject', 'value': 'Stations and Terminals (Passenger)', 'rank': 7}, {'name': 'Location', 'value': 'India', 'rank': 8}, {'name': 'Location', 'value': 'New Delhi (India)', 'rank': 9}]",Foreign,,,2025-02-15 22:49:50+00:00,World,"Crowds had swelled because trains carrying Hindu pilgrims to the Kumbh Mela, the world’s largest religious festival, had been delayed, according to local media.",The New York Times,Asia Pacific,News,nyt://article/6b8ddd91-00b9-52bf-b200-ab1b608e2aea,https://www.nytimes.com/2025/02/15/world/asia/kumbh-mela-stampede-delhi-station.html,430,By Eve Sampson,15 Reported Dead in Stampede at New Delhi Rail Station,,,Passengers jostling one another to board a train in New Delhi on Saturday.,Associated Press,https://static01.nyt.com/images/2025/02/15/multimedia/15india-stampede-01-jpmq/15india-stampede-01-jpmq-articleLarge.jpg,377,600,https://static01.nyt.com/images/2025/02/15/multimedia/15india-stampede-01-jpmq/15india-stampede-01-jpmq-thumbStandard.jpg,75,75,15 Reported Dead in Stampede at New Delhi Rail Station,"15 Reported Dead in Stampede at New Delhi Rail Station Crowds had swelled because trains carrying Hindu pilgrims to the Kumbh Mela, the world’s largest religious festival, had been delayed, according to local media. Crowds had swelled because trains carrying Hindu pilgrims to the Kumbh Mela, the world’s largest religious festival, had been delayed, according to local media."
"Axel Rudakubana, who murdered three girls in a stabbing spree last year, had been referred to Britain’s counterterror program, Prevent, three times before his attack last July.",article,nyt://article/7dee48bb-e3fd-5c99-8745-6e933f5a847b,"[{'name': 'Person', 'value': 'Rudakubana, Axel', 'rank': 1}, {'name': 'Subject', 'value': 'Terrorism', 'rank': 2}, {'name': 'Subject', 'value': 'Murders, Attempted Murders and Homicides', 'rank': 3}, {'name': 'Person', 'value': 'Starmer, Keir', 'rank': 4}, {'name': 'Location', 'value': 'Great Britain', 'rank': 5}, {'name': 'Location', 'value': 'Southport (England)', 'rank': 6}, {'name': 'Person', 'value': 'Cooper, Yvette (1969- )', 'rank': 7}]",Foreign,5.0,A,2025-02-05 16:27:19+00:00,World,"Axel Rudakubana, who murdered three girls in a stabbing spree last year, had been referred to Britain’s counterterror program, Prevent, three times before his attack last July.",The New York Times,Europe,News,nyt://article/7dee48bb-e3fd-5c99-8745-6e933f5a847b,https://www.nytimes.com/2025/02/05/world/europe/rudakubana-program-report.html,823,By Megan Specia,"U.K. Counterterror Program Prematurely Closed Case on Teen Killer, Report Says",,Scrutiny of British Teen  Was Ended Prematurely,"A memorial set up in Southport, England, after three girls were killed in a stabbing spree last July. ",Andrew Testa for The New York Times,https://static01.nyt.com/images/2025/01/30/multimedia/XXuk-southport-review-cgtl/XXuk-southport-review-cgtl-articleLarge.jpg,401,600,https://static01.nyt.com/images/2025/01/30/multimedia/XXuk-southport-review-cgtl/XXuk-southport-review-cgtl-thumbStandard.jpg,75,75,"U.K. Counterterror Program Prematurely Closed Case on Teen Killer, Report Says","U.K. Counterterror Program Prematurely Closed Case on Teen Killer, Report Says Axel Rudakubana, who murdered three girls in a stabbing spree last year, had been referred to Britain’s counterterror program, Prevent, three times before his attack last July. Axel Rudakubana, who murdered three girls in a stabbing spree last year, had been referred to Britain’s counterterror program, Prevent, three times before his attack last July."
"Prime Minister Justin Trudeau should have acted quicker to protect Canadian elections from outside meddling, a government commission said, shaking trust in democratic institutions.",article,nyt://article/682f16eb-d66d-5232-a79c-631ee22d3468,"[{'name': 'Subject', 'value': 'International Relations', 'rank': 1}, {'name': 'Subject', 'value': 'Politics and Government', 'rank': 2}, {'name': 'Subject', 'value': 'Classified Information and State Secrets', 'rank': 3}, {'name': 'Subject', 'value': 'Elections', 'rank': 4}, {'name': 'Organization', 'value': 'Conservative Party (Canada)', 'rank': 5}, {'name': 'Organization', 'value': 'Liberal Party (Canada)', 'rank': 6}, {'name': 'Organization', 'value': 'Globe and Mail', 'rank': 7}, {'name': 'Organization', 'value': 'Huawei Technologies Co Ltd', 'rank': 8}, {'name': 'Person', 'value': 'Dong, Han (1977- )', 'rank': 9}, {'name': 'Person', 'value': 'Trudeau, Justin', 'rank': 10}, {'name': 'Location', 'value': 'Canada', 'rank': 11}, {'name': 'Location', 'value': 'China', 'rank': 12}, {'name': 'Location', 'value': 'India', 'rank': 13}]",Foreign,10.0,A,2025-01-28 20:06:53+00:00,World,"Prime Minister Justin Trudeau should have acted quicker to protect Canadian elections from outside meddling, a government commission said, shaking trust in democratic institutions.",The New York Times,Canada,News,nyt://article/682f16eb-d66d-5232-a79c-631ee22d3468,https://www.nytimes.com/2025/01/28/world/canada/canada-elections-foreign-interference-inquiry.html,1028,By Norimitsu Onishi,"Trudeau Government Left Canada Vulnerable to Foreign Interference, Report Finds",,Report Finds Trudeau’s Government Left Elections Vulnerable to Interference,"Flags for Khalistan, a hoped-for Sikh homeland, outside the temple in Surrey, British Columbia, where Hardeep Singh Nijjar, a Canadian leader of the Sikh independence movement, was assassinated in 2023. Canada has accused the Indian government of orchestrating the killing. ",Jackie Dives for The New York Times,https://static01.nyt.com/images/2025/01/28/multimedia/28canada-foreign-interference-kpth/28canada-foreign-interference-kpth-articleLarge.jpg,400,600,https://static01.nyt.com/images/2025/01/28/multimedia/28canada-foreign-interference-kpth/28canada-foreign-interference-kpth-thumbStandard.jpg,75,75,"Trudeau Government Left Canada Vulnerable to Foreign Interference, Report Finds","Trudeau Government Left Canada Vulnerable to Foreign Interference, Report Finds Prime Minister Justin Trudeau should have acted quicker to protect Canadian elections from outside meddling, a government commission said, shaking trust in democratic institutions. Prime Minister Justin Trudeau should have acted quicker to protect Canadian elections from outside meddling, a government commission said, shaking trust in democratic institutions."
,article,nyt://article/346d8730-1bc7-5e32-8cae-a660d4598038,[],Foreign,,,2025-01-20 21:20:19+00:00,World,,The New York Times,Middle East,Live Blog Post,nyt://article/346d8730-1bc7-5e32-8cae-a660d4598038,https://www.nytimes.com/live/2025/01/20/world/israel-hamas-cease-fire/reports-of-sporadic-violence-cast-a-shadow-over-the-gaza-cease-fire,782,By Ephrat Livni,Reports of sporadic violence cast a shadow over the Gaza cease-fire.,,,"A destroyed neighborhood in the city of Rafah, in the southern Gaza Strip, on Monday.",Bashar Taleb/Agence France-Presse — Getty Images,https://static01.nyt.com/images/2025/01/20/multimedia/20mideast-crisis-gaza-incidents-jbwk/20mideast-crisis-gaza-incidents-jbwk-articleLarge.jpg,400,600,https://static01.nyt.com/images/2025/01/20/multimedia/20mideast-crisis-gaza-incidents-jbwk/20mideast-crisis-gaza-incidents-jbwk-thumbStandard.jpg,75,75,Reports of sporadic violence cast a shadow over the Gaza cease-fire.,Reports of sporadic violence cast a shadow over the Gaza cease-fire.
"The vote in Myanmar, widely seen as a sham, is a bid for legitimacy by the military government. It is also a way for Beijing to exert its influence there.",article,nyt://article/ac272c25-28f1-554b-affb-60a4101b3a11,"[{'name': 'Subject', 'value': 'Politics and Government', 'rank': 1}, {'name': 'Subject', 'value': 'War and Armed Conflicts', 'rank': 2}, {'name': 'Subject', 'value': 'International Relations', 'rank': 3}, {'name': 'Subject', 'value': 'Polls and Public Opinion', 'rank': 4}, {'name': 'Subject', 'value': 'Defense and Military Forces', 'rank': 5}, {'name': 'Subject', 'value': ""Coups D'Etat and Attempted Coups D'Etat"", 'rank': 6}, {'name': 'Location', 'value': 'Myanmar', 'rank': 7}, {'name': 'Organization', 'value': 'Communist Party of China', 'rank': 8}, {'name': 'Organization', 'value': 'National Unity Government (Myanmar)', 'rank': 9}, {'name': 'Organization', 'value': 'Union Solidarity and Development Party (Myanmar)', 'rank': 10}, {'name': 'Subject', 'value': 'Elections', 'rank': 11}]",Foreign,11.0,A,2025-12-25 05:01:08+00:00,World,"The vote in Myanmar, widely seen as a sham, is a bid for legitimacy by the military government. It is also a way for Beijing to exert its influence there.",The New York Times,Asia Pacific,News,nyt://article/ac272c25-28f1-554b-affb-60a4101b3a11,https://www.nytimes.com/2025/12/25/world/asia/china-myanmar-election.html,1192,By Sui-Lee Wee and David Pierson,"Why China, a One-Party State, Is Backing Elections in This Country",,"Beijing Helps Myanmar With Elections, Hoping to Achieve a Veneer of Legitimacy","A bilateral meeting between leaders of Myanmar and China in the Guest House of Tianjin, China, in August.",Pool photo by Andres Martinez Casares,https://static01.nyt.com/images/2025/12/22/multimedia/00int-myanmar-china-01-wkjz/00int-myanmar-china-01-wkjz-articleLarge.jpg,400,600,https://static01.nyt.com/images/2025/12/22/multimedia/00int-myanmar-china-01-wkjz/00int-myanmar-china-01-wkjz-thumbStandard.jpg,75,75,"Why China, a One-Party State, Is Backing Elections in This Country","Why China, a One-Party State, Is Backing Elections in This Country The vote in Myanmar, widely seen as a sham, is a bid for legitimacy by the military government. It is also a way for Beijing to exert its influence there. The vote in Myanmar, widely seen as a sham, is a bid for legitimacy by the military government. It is also a way for Beijing to exert its influence there."
"While the new restrictions on firearms have broad support, new police powers to crack down on some protests were criticized as limits on civil liberties.",article,nyt://article/bace9be8-a779-5252-b7aa-597c973b1fb0,"[{'name': 'Subject', 'value': 'Sydney, Australia, Hanukkah Attack (Dec 14, 2025)', 'rank': 1}, {'name': 'Subject', 'value': 'Demonstrations, Protests and Riots', 'rank': 2}, {'name': 'Subject', 'value': 'Gun Control', 'rank': 3}, {'name': 'Subject', 'value': 'Terrorism', 'rank': 4}, {'name': 'Subject', 'value': 'Law and Legislation', 'rank': 5}, {'name': 'Subject', 'value': 'Hate Crimes', 'rank': 6}, {'name': 'Person', 'value': 'Akram, Sajid (d 2025)', 'rank': 7}, {'name': 'Organization', 'value': 'Labor Party (Australia)', 'rank': 8}, {'name': 'Subject', 'value': 'Mass Shootings', 'rank': 9}, {'name': 'Subject', 'value': 'Anti-Semitism', 'rank': 10}]",Foreign,5.0,A,2025-12-24 07:28:18+00:00,World,"While the new restrictions on firearms have broad support, new police powers to crack down on some protests were criticized as limits on civil liberties.",The New York Times,Australia,News,nyt://article/bace9be8-a779-5252-b7aa-597c973b1fb0,https://www.nytimes.com/2025/12/24/world/australia/nsw-gun-protest-laws.html,602,By Victoria Kim,Australian State Passes ‘Extraordinary’ Gun and Protest Laws After Bondi Attack,,New Limits Are Passed On Firearms For Sydney,"Police on horseback patrolling Bondi Beach in Sydney, Australia, on Sunday.",Matthew Abbott for The New York Times,https://static01.nyt.com/images/2025/12/24/multimedia/24int-oz-laws-cphg/24int-oz-laws-cphg-articleLarge.jpg,400,600,https://static01.nyt.com/images/2025/12/24/multimedia/24int-oz-laws-cphg/24int-oz-laws-cphg-thumbStandard.jpg,75,75,Australian State Passes ‘Extraordinary’ Gun and Protest Laws After Bondi Attack,"Australian State Passes ‘Extraordinary’ Gun and Protest Laws After Bondi Attack While the new restrictions on firearms have broad support, new police powers to crack down on some protests were criticized as limits on civil liberties. While the new restrictions on firearms have broad support, new police powers to crack down on some protests were criticized as limits on civil liberties."
"ISIS is too weakened to seize territory, experts said, but its ability to churn out propaganda aimed at provoking violence against the West persists.",article,nyt://article/abbf2877-9d35-58ce-b966-9cfbaf1f2cce,"[{'name': 'Subject', 'value': 'Terrorism', 'rank': 1}, {'name': 'Subject', 'value': 'Manchester, England, Synagogue Attack (Oct 2025)', 'rank': 2}, {'name': 'Subject', 'value': 'War and Armed Conflicts', 'rank': 3}, {'name': 'Subject', 'value': 'Sydney, Australia, Hanukkah Attack (Dec 14, 2025)', 'rank': 4}, {'name': 'Subject', 'value': 'Defense and Military Forces', 'rank': 5}, {'name': 'Subject', 'value': 'Israel-Gaza War (2023- )', 'rank': 6}, {'name': 'Subject', 'value': 'Propaganda', 'rank': 7}, {'name': 'Subject', 'value': 'Anti-Semitism', 'rank': 8}, {'name': 'Subject', 'value': 'Bombs and Explosives', 'rank': 9}, {'name': 'Organization', 'value': 'Islamic State in Iraq and Syria (ISIS)', 'rank': 10}, {'name': 'Location', 'value': 'Australia', 'rank': 11}, {'name': 'Location', 'value': 'England', 'rank': 12}, {'name': 'Location', 'value': 'Iraq', 'rank': 13}, {'name': 'Location', 'value': 'Syria', 'rank': 14}]",Foreign,1.0,A,2025-12-17 13:55:27+00:00,World,"ISIS is too weakened to seize territory, experts said, but its ability to churn out propaganda aimed at provoking violence against the West persists.",The New York Times,Europe,News,nyt://article/abbf2877-9d35-58ce-b966-9cfbaf1f2cce,https://www.nytimes.com/2025/12/17/world/europe/islamic-state-attacks-australia.html,1197,"By Adam Goldman, Eric Schmitt and Lizzie Dearden",Australia Shooting Is a Reminder of Islamic State’s Power to Inspire Attacks,,Sydney Attack Is a Reminder Of ISIS’ Power,"Paramedics wheel away a wounded man at the scene of the mass shooting in Sydney, Australia, on Sunday.",Matthew Abbott for The New York Times,https://static01.nyt.com/images/2025/12/17/multimedia/17int-attacks-extremism-01-sub-ktvc/17int-attacks-extremism-01-sub-ktvc-articleLarge.jpg,400,600,https://static01.nyt.com/images/2025/12/17/multimedia/17int-attacks-extremism-01-sub-ktvc/17int-attacks-extremism-01-sub-ktvc-thumbStandard.jpg,75,75,Australia Shooting Is a Reminder of Islamic State’s Power to Inspire Attacks,"Australia Shooting Is a Reminder of Islamic State’s Power to Inspire Attacks ISIS is too weakened to seize territory, experts said, but its ability to churn out propaganda aimed at provoking violence against the West persists. ISIS is too weakened to seize territory, experts said, but its ability to churn out propaganda aimed at provoking violence against the West persists."
Investigators said they were also looking into a trip to the Philippines that the father-and-son attackers took last month.,article,nyt://article/ca377d4b-a104-5cff-97d5-023ff36d1d40,"[{'name': 'Subject', 'value': 'Sydney, Australia, Hanukkah Attack (Dec 14, 2025)', 'rank': 1}, {'name': 'Subject', 'value': 'Terrorism', 'rank': 2}, {'name': 'Subject', 'value': 'Mass Shootings', 'rank': 3}, {'name': 'Subject', 'value': 'Anti-Semitism', 'rank': 4}, {'name': 'Organization', 'value': 'Islamic State in Iraq and Syria (ISIS)', 'rank': 5}, {'name': 'Person', 'value': 'Akram, Sajid (d 2025)', 'rank': 6}, {'name': 'Person', 'value': 'Akram, Naveed', 'rank': 7}, {'name': 'Location', 'value': 'Bondi Beach (Sydney, Australia)', 'rank': 8}]",Foreign,1.0,A,2025-12-16 21:01:38+00:00,World,Investigators said they were also looking into a trip to the Philippines that the father-and-son attackers took last month.,The New York Times,Australia,News,nyt://article/ca377d4b-a104-5cff-97d5-023ff36d1d40,https://www.nytimes.com/2025/12/16/world/australia/bondi-beach-shooting-terror-attack-isis.html,1157,"By Victoria Kim, Yan Zhuang, Livia Albeck-Ripka and Thomas Fuller","Gunmen in Sydney Massacre Were Motivated by Islamic State, Officials Say",,Sydney Officials See Link To ‘Islamic State Ideology’,"The family of Rabbi Eli Schlanger, who was killed in the attack on Sunday, at a memorial service on Tuesday in Bondi Beach.",Matthew Abbott for The New York Times,https://static01.nyt.com/images/2025/12/16/world/16int-sydney-shooting-ledeall-1/16int-sydney-shooting-ledeall-1-articleLarge.jpg,400,600,https://static01.nyt.com/images/2025/12/16/world/16int-sydney-shooting-ledeall-1/16int-sydney-shooting-ledeall-1-thumbStandard.jpg,75,75,"Gunmen in Sydney Massacre Were Motivated by Islamic State, Officials Say","Gunmen in Sydney Massacre Were Motivated by Islamic State, Officials Say Investigators said they were also looking into a trip to the Philippines that the father-and-son attackers took last month. Investigators said they were also looking into a trip to the Philippines that the father-and-son attackers took last month."
The government faces a dilemma over what to do with civil-war-era prisons and detention camps that hold thousands of ISIS fighters and tens of thousands of their family members.,article,nyt://article/6dfe1901-89fb-5edc-a714-69fd9949ff4c,"[{'name': 'Subject', 'value': 'War and Armed Conflicts', 'rank': 1}, {'name': 'Subject', 'value': 'United States Defense and Military Forces', 'rank': 2}, {'name': 'Subject', 'value': 'Prisons and Prisoners', 'rank': 3}, {'name': 'Subject', 'value': 'Federal Aid (US)', 'rank': 4}, {'name': 'Subject', 'value': 'Shariah (Islamic Law)', 'rank': 5}, {'name': 'Organization', 'value': 'Islamic State in Iraq and Syria (ISIS)', 'rank': 6}, {'name': 'Organization', 'value': 'Syrian Democratic Forces', 'rank': 7}, {'name': 'Location', 'value': 'Al Hol Detention Camp (Syria)', 'rank': 8}, {'name': 'Location', 'value': 'Roj Detention Camp (Syria)', 'rank': 9}, {'name': 'Location', 'value': 'Syria', 'rank': 10}, {'name': 'Subject', 'value': 'Prisoners of War', 'rank': 11}, {'name': 'Organization', 'value': 'United States Agency for International Development', 'rank': 12}]",Foreign,1.0,A,2025-12-10 10:43:54+00:00,World,The government faces a dilemma over what to do with civil-war-era prisons and detention camps that hold thousands of ISIS fighters and tens of thousands of their family members.,The New York Times,Middle East,News,nyt://article/6dfe1901-89fb-5edc-a714-69fd9949ff4c,https://www.nytimes.com/2025/12/10/world/middleeast/islamic-state-detention-camps-syria.html,1493,By Alissa J. Rubin and Daniel Berehulak,Islamic State Camps Pose a Dangerous Problem for Syria’s Leaders,,Volatility Grows in Syrian Camps  Holding Families of ISIS Fighters,"Al Hol, a detention camp in northeastern Syria, holds family members of ISIS fighters. ",,https://static01.nyt.com/images/2025/11/13/multimedia/13syria-camps-01-mgkt/13syria-camps-01-mgkt-articleLarge.jpg,400,600,https://static01.nyt.com/images/2025/11/13/multimedia/13syria-camps-01-mgkt/13syria-camps-01-mgkt-thumbStandard.jpg,75,75,Islamic State Camps Pose a Dangerous Problem for Syria’s Leaders,Islamic State Camps Pose a Dangerous Problem for Syria’s Leaders The government faces a dilemma over what to do with civil-war-era prisons and detention camps that hold thousands of ISIS fighters and tens of thousands of their family members. The government faces a dilemma over what to do with civil-war-era prisons and detention camps that hold thousands of ISIS fighters and tens of thousands of their family members.
"Up to 400 documents have been damaged by the leak, according to Francis Steinbock, the deputy administrator of the museum. But no works of art were affected.",article,nyt://article/cdf9aeb1-46b5-5660-b716-ad89073052c7,"[{'name': 'Organization', 'value': 'Louvre Museum', 'rank': 1}, {'name': 'Subject', 'value': 'Robberies and Thefts', 'rank': 2}, {'name': 'Subject', 'value': 'Infrastructure (Public Works)', 'rank': 3}, {'name': 'Subject', 'value': 'Restoration and Renovation', 'rank': 4}]",Foreign,,,2025-12-07 19:18:40+00:00,World,"Up to 400 documents have been damaged by the leak, according to Francis Steinbock, the deputy administrator of the museum. But no works of art were affected.",The New York Times,Europe,News,nyt://article/cdf9aeb1-46b5-5660-b716-ad89073052c7,https://www.nytimes.com/2025/12/07/world/europe/louvre-museum-leak.html,629,By Ségolène Le Stradic,Leak Highlights Poor State of Louvre Infrastructure,,,"Francis Steinbock, the deputy administrator of the Louvre, said that documents had been damaged in a leak from a water pipe in the library of the Egyptian antiquities department.",Julie Sebadelha/Agence France-Presse — Getty Images,https://static01.nyt.com/images/2025/12/07/multimedia/07int-france-louve-leake-mtcv/07int-france-louve-leake-mtcv-articleLarge.jpg,400,600,https://static01.nyt.com/images/2025/12/07/multimedia/07int-france-louve-leake-mtcv/07int-france-louve-leake-mtcv-thumbStandard.jpg,75,75,Leak Highlights Poor State of Louvre Infrastructure,"Leak Highlights Poor State of Louvre Infrastructure Up to 400 documents have been damaged by the leak, according to Francis Steinbock, the deputy administrator of the museum. But no works of art were affected. Up to 400 documents have been damaged by the leak, according to Francis Steinbock, the deputy administrator of the museum. But no works of art were affected."
"The pope, arriving in Lebanon, also encouraged that country’s Christians to stay where they are, despite economic, political and security concerns.",article,nyt://article/cd69a39d-3186-57bf-b962-112a798fbd79,"[{'name': 'Person', 'value': 'Leo XIV', 'rank': 1}, {'name': 'Location', 'value': 'Lebanon', 'rank': 2}, {'name': 'Subject', 'value': 'International Relations', 'rank': 3}, {'name': 'Subject', 'value': 'Israel-Gaza War (2023- )', 'rank': 4}, {'name': 'Subject', 'value': 'Popes', 'rank': 5}, {'name': 'Organization', 'value': 'Roman Catholic Church', 'rank': 6}, {'name': 'Person', 'value': 'Erdogan, Recep Tayyip', 'rank': 7}, {'name': 'Subject', 'value': 'Russian Invasion of Ukraine (2022)', 'rank': 8}]",Foreign,,,2025-11-30 15:17:21+00:00,World,"The pope, arriving in Lebanon, also encouraged that country’s Christians to stay where they are, despite economic, political and security concerns.",The New York Times,Middle East,News,nyt://article/cd69a39d-3186-57bf-b962-112a798fbd79,https://www.nytimes.com/2025/11/30/world/middleeast/pope-leo-two-state-solution-israel.html,719,By Motoko Rich,Pope Leo Calls for a Two-State Solution in Mideast Conflict,,,"Pope Leo XIV arriving in Beirut, Lebanon, on Sunday.",Diego Ibarra Sanchez for The New York Times,https://static01.nyt.com/images/2025/11/30/multimedia/30int-pope-plane-qwlm/30int-pope-plane-qwlm-articleLarge.jpg,400,600,https://static01.nyt.com/images/2025/11/30/multimedia/30int-pope-plane-qwlm/30int-pope-plane-qwlm-thumbStandard.jpg,75,75,Pope Leo Calls for a Two-State Solution in Mideast Conflict,"Pope Leo Calls for a Two-State Solution in Mideast Conflict The pope, arriving in Lebanon, also encouraged that country’s Christians to stay where they are, despite economic, political and security concerns. The pope, arriving in Lebanon, also encouraged that country’s Christians to stay where they are, despite economic, political and security concerns."
"The coalition was on course to form a government in Bihar, a state of 130 million people, where the opposition had claimed foul play over deletions from voter lists.",article,nyt://article/0fde03eb-2a5f-5330-acd3-37dd493c70ae,"[{'name': 'Subject', 'value': 'Elections', 'rank': 1}, {'name': 'Subject', 'value': 'Voting Rights, Registration and Requirements', 'rank': 2}, {'name': 'Location', 'value': 'Bihar (India)', 'rank': 3}, {'name': 'Subject', 'value': 'Legislatures and Parliaments', 'rank': 4}, {'name': 'Subject', 'value': 'Politics and Government', 'rank': 5}, {'name': 'Subject', 'value': 'Voter Fraud (Election Fraud)', 'rank': 6}, {'name': 'Person', 'value': 'Modi, Narendra', 'rank': 7}, {'name': 'Organization', 'value': 'Bharatiya Janata Party', 'rank': 8}, {'name': 'Person', 'value': 'Kumar, Nitish', 'rank': 9}, {'name': 'Organization', 'value': 'Indian National Congress', 'rank': 10}, {'name': 'Person', 'value': 'Gandhi, Rahul', 'rank': 11}, {'name': 'Location', 'value': 'India', 'rank': 12}]",Foreign,,,2025-11-14 10:57:05+00:00,World,"The coalition was on course to form a government in Bihar, a state of 130 million people, where the opposition had claimed foul play over deletions from voter lists.",The New York Times,Asia Pacific,News,nyt://article/0fde03eb-2a5f-5330-acd3-37dd493c70ae,https://www.nytimes.com/2025/11/14/world/asia/india-bihar-election-modi.html,835,By Mujib Mashal and Hari Kumar,Modi’s Coalition Sweeps Indian State Election Criticized Over Voter Rolls,,,"Supporters of Prime Minister Narendra Modi’s National Democratic Alliance on Friday celebrating the early results of vote counts in Bihar State elections in Patna, India.",Associated Press,https://static01.nyt.com/images/2025/11/14/multimedia/14INDIA-BIHAR-01-hwjk/14INDIA-BIHAR-01-hwjk-articleLarge.jpg,400,600,https://static01.nyt.com/images/2025/11/14/multimedia/14INDIA-BIHAR-01-hwjk/14INDIA-BIHAR-01-hwjk-thumbStandard.jpg,75,75,Modi’s Coalition Sweeps Indian State Election Criticized Over Voter Rolls,"Modi’s Coalition Sweeps Indian State Election Criticized Over Voter Rolls The coalition was on course to form a government in Bihar, a state of 130 million people, where the opposition had claimed foul play over deletions from voter lists. The coalition was on course to form a government in Bihar, a state of 130 million people, where the opposition had claimed foul play over deletions from voter lists."
Large parts of Syria were once overrun by the terrorist group Islamic State. The country’s new government has just committed to a global effort to fight the group.,article,nyt://article/08eb6e93-e391-55ca-b505-f5043bd09f4a,"[{'name': 'Location', 'value': 'Syria', 'rank': 1}, {'name': 'Organization', 'value': 'Islamic State in Iraq and Syria (ISIS)', 'rank': 2}, {'name': 'Person', 'value': 'al-Shara, Ahmed (Abu Mohammad al-Jolani) (1982- )', 'rank': 3}, {'name': 'Subject', 'value': 'United States International Relations', 'rank': 4}, {'name': 'Subject', 'value': 'United States Defense and Military Forces', 'rank': 5}, {'name': 'Subject', 'value': 'Terrorism', 'rank': 6}]",Foreign,9.0,A,2025-11-12 10:03:33+00:00,World,Large parts of Syria were once overrun by the terrorist group Islamic State. The country’s new government has just committed to a global effort to fight the group.,The New York Times,Middle East,News,nyt://article/08eb6e93-e391-55ca-b505-f5043bd09f4a,https://www.nytimes.com/2025/11/12/world/middleeast/syria-isis-islamic-state.html,834,By Carlotta Gall,Syria’s Leaders Pledge to Join Fight Against Islamic State,,Syria’s Leaders Vow to Help U.S.-Led Group in Fight Against Islamic State,President Ahmed al-Shara of Syria in Washington on Monday after a meeting with President Trump.,Jacquelyn Martin/Associated Press,https://static01.nyt.com/images/2025/11/12/multimedia/12int-syria-isis-explainer01-photo-tjlc/12int-syria-isis-explainer01-photo-tjlc-articleLarge.jpg,400,600,https://static01.nyt.com/images/2025/11/12/multimedia/12int-syria-isis-explainer01-photo-tjlc/12int-syria-isis-explainer01-photo-tjlc-thumbStandard.jpg,75,75,Syria’s Leaders Pledge to Join Fight Against Islamic State,Syria’s Leaders Pledge to Join Fight Against Islamic State Large parts of Syria were once overrun by the terrorist group Islamic State. The country’s new government has just committed to a global effort to fight the group. Large parts of Syria were once overrun by the terrorist group Islamic State. The country’s new government has just committed to a global effort to fight the group.
An attack on a courthouse in Islamabad was the first major assault to hit Islamabad in more than a decade.,article,nyt://article/86e69fcb-feb1-5201-b41e-dd6553aefd7e,"[{'name': 'Subject', 'value': 'Terrorism', 'rank': 1}, {'name': 'Subject', 'value': 'Deaths (Fatalities)', 'rank': 2}, {'name': 'Subject', 'value': 'Territorial Disputes', 'rank': 3}, {'name': 'Organization', 'value': 'Tehrik-e-Taliban', 'rank': 4}, {'name': 'Location', 'value': 'Pakistan', 'rank': 5}, {'name': 'Location', 'value': 'India', 'rank': 6}, {'name': 'Location', 'value': 'Afghanistan', 'rank': 7}, {'name': 'Organization', 'value': 'Taliban', 'rank': 8}]",Foreign,7.0,A,2025-11-11 11:05:31+00:00,World,An attack on a courthouse in Islamabad was the first major assault to hit Islamabad in more than a decade.,The New York Times,Asia Pacific,News,nyt://article/86e69fcb-feb1-5201-b41e-dd6553aefd7e,https://www.nytimes.com/2025/11/11/world/asia/pakistan-explosion-islamabad.html,821,By Elian Peltier and Zia ur-Rehman,Pakistan ‘in a State of War’ After Explosion Kills 12 in Capital,,Pakistan in ‘State of War’ After Explosion Kills 12,"Firefighters at the site of an explosion in Islamabad, Pakistan, on Tuesday.",Agence France-Presse — Getty Images,https://static01.nyt.com/images/2025/11/11/multimedia/11int-pakistan-bombing-qcjf/11int-pakistan-bombing-qcjf-articleLarge.jpg,400,600,https://static01.nyt.com/images/2025/11/11/multimedia/11int-pakistan-bombing-qcjf/11int-pakistan-bombing-qcjf-thumbStandard.jpg,75,75,Pakistan ‘in a State of War’ After Explosion Kills 12 in Capital,Pakistan ‘in a State of War’ After Explosion Kills 12 in Capital An attack on a courthouse in Islamabad was the first major assault to hit Islamabad in more than a decade. An attack on a courthouse in Islamabad was the first major assault to hit Islamabad in more than a decade.
China’s new national drive to embrace artificial intelligence is also giving the authorities new ways to monitor and control its citizens.,article,nyt://article/eb20f5b2-b7e4-5ed1-a894-e3598c22c21f,"[{'name': 'Subject', 'value': 'Artificial Intelligence', 'rank': 1}, {'name': 'Subject', 'value': 'Surveillance of Citizens by Government', 'rank': 2}, {'name': 'Subject', 'value': 'Police', 'rank': 3}, {'name': 'Subject', 'value': 'Politics and Government', 'rank': 4}, {'name': 'Subject', 'value': 'Ethics and Official Misconduct', 'rank': 5}, {'name': 'Subject', 'value': 'Voice Recognition Systems', 'rank': 6}, {'name': 'Subject', 'value': 'Minorities', 'rank': 7}, {'name': 'Subject', 'value': 'Civil Rights and Liberties', 'rank': 8}, {'name': 'Subject', 'value': 'Language and Languages', 'rank': 9}, {'name': 'Subject', 'value': 'Robots and Robotics', 'rank': 10}, {'name': 'Subject', 'value': 'Privacy', 'rank': 11}, {'name': 'Organization', 'value': 'Hangzhou Hikvision Digital Technology Co Ltd', 'rank': 12}, {'name': 'Organization', 'value': 'Huawei Technologies Co Ltd', 'rank': 13}, {'name': 'Organization', 'value': ""Ministry of Public Security of the People's Republic of China"", 'rank': 14}, {'name': 'Organization', 'value': 'National Bureau of Economic Research', 'rank': 15}, {'name': 'Organization', 'value': 'Police Department (NYC)', 'rank': 16}, {'name': 'Location', 'value': 'Beijing (China)', 'rank': 17}, {'name': 'Location', 'value': 'China', 'rank': 18}, {'name': 'Location', 'value': 'Tibet', 'rank': 19}, {'name': 'Location', 'value': 'Xinjiang (China)', 'rank': 20}]",Foreign,8.0,A,2025-11-04 16:32:56+00:00,World,China’s new national drive to embrace artificial intelligence is also giving the authorities new ways to monitor and control its citizens.,The New York Times,Asia Pacific,News,nyt://article/eb20f5b2-b7e4-5ed1-a894-e3598c22c21f,https://www.nytimes.com/2025/11/04/world/asia/china-police-ai-surveillance.html,1126,By Vivian Wang,China’s Security State Sells an A.I. Dream,,China’s Security State Sells Citizens an A.I. Dream to Help It Be Omniscient,Security cameras in Shanghai last month.,Chang W. Lee/The New York Times,https://static01.nyt.com/images/2025/11/02/multimedia/00china-surveillance-lqvf/00china-surveillance-lqvf-articleLarge.jpg,400,600,https://static01.nyt.com/images/2025/11/02/multimedia/00china-surveillance-lqvf/00china-surveillance-lqvf-thumbStandard.jpg,75,75,China’s Security State Sells an A.I. Dream,China’s Security State Sells an A.I. Dream China’s new national drive to embrace artificial intelligence is also giving the authorities new ways to monitor and control its citizens. China’s new national drive to embrace artificial intelligence is also giving the authorities new ways to monitor and control its citizens.
"As the Kremlin throttles WhatsApp and Telegram, the new MAX messaging app is moving Russia closer to a restricted internet without foreign technology.",article,nyt://article/d2006d24-cef2-55e4-af14-f3ef66727fef,"[{'name': 'Subject', 'value': 'Mobile Applications', 'rank': 1}, {'name': 'Subject', 'value': 'Computers and the Internet', 'rank': 2}, {'name': 'Subject', 'value': 'Social Media', 'rank': 3}, {'name': 'Subject', 'value': 'Instant Messaging', 'rank': 4}, {'name': 'Subject', 'value': 'Surveillance of Citizens by Government', 'rank': 5}, {'name': 'Organization', 'value': 'Telegram LLC', 'rank': 6}, {'name': 'Organization', 'value': 'WhatsApp Inc', 'rank': 7}, {'name': 'Person', 'value': 'Putin, Vladimir V', 'rank': 8}, {'name': 'Location', 'value': 'Russia', 'rank': 9}]",Foreign,4.0,A,2025-10-21 09:06:07+00:00,World,"As the Kremlin throttles WhatsApp and Telegram, the new MAX messaging app is moving Russia closer to a restricted internet without foreign technology.",The New York Times,Europe,News,nyt://article/d2006d24-cef2-55e4-af14-f3ef66727fef,https://www.nytimes.com/2025/10/21/world/europe/russia-max-app.html,1423,By Paul Sonne and Alina Lobzina,Russia Pushes a State-Controlled ‘Super App’ by Sabotaging Its Rivals,,"Russia Pushes Its Messaging App, Sabotaging Rivals","An employee checking her phone at a currency exchange in Moscow in February. For years, President Vladimir V. Putin of Russia has railed against foreign tech companies for their unwillingness to bend fully to Kremlin rules.",Alexander Nemenov/Agence France-Presse — Getty Images,https://static01.nyt.com/images/2025/10/16/multimedia/16int-russia-max-fhwq/16int-russia-max-fhwq-articleLarge.jpg,900,600,https://static01.nyt.com/images/2025/10/16/multimedia/16int-russia-max-fhwq/16int-russia-max-fhwq-thumbStandard.jpg,75,75,Russia Pushes a State-Controlled ‘Super App’ by Sabotaging Its Rivals,"Russia Pushes a State-Controlled ‘Super App’ by Sabotaging Its Rivals As the Kremlin throttles WhatsApp and Telegram, the new MAX messaging app is moving Russia closer to a restricted internet without foreign technology. As the Kremlin throttles WhatsApp and Telegram, the new MAX messaging app is moving Russia closer to a restricted internet without foreign technology."
The move would allow county officials to provide financial aid to those affected by Immigration and Customs Enforcement raids.,article,nyt://article/4be25970-d0a5-5be9-9ac2-c43c69367a3c,"[{'name': 'Subject', 'value': 'Disasters and Emergencies', 'rank': 1}, {'name': 'Subject', 'value': 'Illegal Immigration', 'rank': 2}, {'name': 'Subject', 'value': 'Federal-State Relations (US)', 'rank': 3}, {'name': 'Subject', 'value': 'Immigration and Emigration', 'rank': 4}, {'name': 'Subject', 'value': 'States (US)', 'rank': 5}, {'name': 'Location', 'value': 'Los Angeles County (Calif)', 'rank': 6}, {'name': 'Subject', 'value': 'Federal Actions in US Cities', 'rank': 7}, {'name': 'Person', 'value': 'Trump, Donald J', 'rank': 8}]",Express,,,2025-10-15 13:48:23+00:00,World,The move would allow county officials to provide financial aid to those affected by Immigration and Customs Enforcement raids.,The New York Times,Americas,News,nyt://article/4be25970-d0a5-5be9-9ac2-c43c69367a3c,https://www.nytimes.com/2025/10/15/world/americas/los-angeles-emergency-immigration-raids.html,641,By Jonathan Wolfe,L.A. County Declares State of Emergency Over Immigration Raids,,,California National Guard members stand ready as people protest against the detention of migrants by federal law enforcement in downtown Los Angeles in June.,Philip Cheung for The New York Times,https://static01.nyt.com/images/2025/10/15/multimedia/15xp-la-immigration-pfqh/15xp-la-immigration-pfqh-articleLarge.jpg,449,600,https://static01.nyt.com/images/2025/10/15/multimedia/15xp-la-immigration-pfqh/15xp-la-immigration-pfqh-thumbStandard.jpg,75,75,L.A. County Declares State of Emergency Over Immigration Raids,L.A. County Declares State of Emergency Over Immigration Raids The move would allow county officials to provide financial aid to those affected by Immigration and Customs Enforcement raids. The move would allow county officials to provide financial aid to those affected by Immigration and Customs Enforcement raids.
"The Hungarian leader has secured power by keeping control over the news media. Now, a political opponent is starting to show the limits of his tactics.",article,nyt://article/7aeda0bb-fb5d-50d3-81dc-eb9c073cadd1,"[{'name': 'Location', 'value': 'Hungary', 'rank': 1}, {'name': 'Person', 'value': 'Orban, Viktor', 'rank': 2}, {'name': 'Subject', 'value': 'Propaganda', 'rank': 3}, {'name': 'Person', 'value': 'Magyar, Peter', 'rank': 4}, {'name': 'Subject', 'value': 'Politics and Government', 'rank': 5}, {'name': 'Organization', 'value': 'Fidesz Party', 'rank': 6}, {'name': 'Subject', 'value': 'Freedom of the Press', 'rank': 7}, {'name': 'Location', 'value': 'Ukraine', 'rank': 8}, {'name': 'Subject', 'value': 'Russian Invasion of Ukraine (2022)', 'rank': 9}]",Foreign,4.0,A,2025-10-12 09:00:12+00:00,World,"The Hungarian leader has secured power by keeping control over the news media. Now, a political opponent is starting to show the limits of his tactics.",The New York Times,Europe,News,nyt://article/7aeda0bb-fb5d-50d3-81dc-eb9c073cadd1,https://www.nytimes.com/2025/10/12/world/europe/orban-hungary-media-propaganda-magyar.html,1887,By Andrew Higgins,Viktor Orban’s ‘Propaganda State’ Is Starting to Show Cracks,,Orban’s ‘Propaganda State’ Is Starting to Show Cracks,"Prime Minister Viktor Orban of Hungary in June. For the first time, he is struggling to land a knockout blow on his opponents.","Freek Van Den Bergh/Anp, via Agence France-Presse — Getty Images",https://static01.nyt.com/images/2025/10/02/multimedia/00int-hungary-orban-01-vhgj/00int-hungary-orban-01-vhgj-articleLarge.jpg,400,600,https://static01.nyt.com/images/2025/10/02/multimedia/00int-hungary-orban-01-vhgj/00int-hungary-orban-01-vhgj-thumbStandard.jpg,75,75,Viktor Orban’s ‘Propaganda State’ Is Starting to Show Cracks,"Viktor Orban’s ‘Propaganda State’ Is Starting to Show Cracks The Hungarian leader has secured power by keeping control over the news media. Now, a political opponent is starting to show the limits of his tactics. The Hungarian leader has secured power by keeping control over the news media. Now, a political opponent is starting to show the limits of his tactics."
"President Trump said Europe is “going to hell” and implicitly rebuked Britain on immigration, despite making extended visits to the country and enjoying its hospitality.",article,nyt://article/be04d3ba-ff9e-5d6b-b6c0-15b8cde368f5,"[{'name': 'Subject', 'value': 'International Relations', 'rank': 1}, {'name': 'Subject', 'value': 'Royal Families', 'rank': 2}, {'name': 'Subject', 'value': 'Customs, Etiquette and Manners', 'rank': 3}, {'name': 'Organization', 'value': 'United Nations', 'rank': 4}, {'name': 'Person', 'value': 'Trump, Donald J', 'rank': 5}, {'name': 'Person', 'value': 'Vance, J D', 'rank': 6}, {'name': 'Location', 'value': 'Cotswolds (England)', 'rank': 7}, {'name': 'Location', 'value': 'Europe', 'rank': 8}, {'name': 'Location', 'value': 'Great Britain', 'rank': 9}, {'name': 'Location', 'value': 'London (England)', 'rank': 10}, {'name': 'Person', 'value': 'Khan, Sadiq', 'rank': 11}, {'name': 'Person', 'value': 'Starmer, Keir', 'rank': 12}, {'name': 'Location', 'value': 'United States', 'rank': 13}]",Foreign,8.0,A,2025-09-24 14:55:24+00:00,World,"President Trump said Europe is “going to hell” and implicitly rebuked Britain on immigration, despite making extended visits to the country and enjoying its hospitality.",The New York Times,Europe,News,nyt://article/be04d3ba-ff9e-5d6b-b6c0-15b8cde368f5,https://www.nytimes.com/2025/09/24/world/europe/trump-uk.html,847,By Mark Landler,"U.K. Endures a Trump Scolding at U.N., Days After Lavish State Visit",,Did Trump Enjoy His Latest Visits to Britain? Perhaps Not.,"President Trump with Catherine, the Princess of Wales, and King Charles III at a state banquet at Windsor Castle last week.",Doug Mills/The New York Times,https://static01.nyt.com/images/2025/09/24/multimedia/24int-uk-trump-ktgz/24int-uk-trump-ktgz-articleLarge.jpg,400,600,https://static01.nyt.com/images/2025/09/24/multimedia/24int-uk-trump-ktgz/24int-uk-trump-ktgz-thumbStandard.jpg,75,75,"U.K. Endures a Trump Scolding at U.N., Days After Lavish State Visit","U.K. Endures a Trump Scolding at U.N., Days After Lavish State Visit President Trump said Europe is “going to hell” and implicitly rebuked Britain on immigration, despite making extended visits to the country and enjoying its hospitality. President Trump said Europe is “going to hell” and implicitly rebuked Britain on immigration, despite making extended visits to the country and enjoying its hospitality."
"As more countries moved to formally recognize a Palestinian state, a far-right member of Israel’s government called for “countermeasures” including the annexation of the West Bank.",article,nyt://article/7f1bf33f-493d-57d8-8385-d751db7040d1,"[{'name': 'Subject', 'value': 'Palestinians', 'rank': 1}, {'name': 'Subject', 'value': 'Peace Process', 'rank': 2}, {'name': 'Organization', 'value': 'Palestinian Authority', 'rank': 3}, {'name': 'Organization', 'value': 'General Assembly (UN)', 'rank': 4}, {'name': 'Person', 'value': 'Ben-Gvir, Itamar', 'rank': 5}, {'name': 'Person', 'value': 'Abbas, Mahmoud', 'rank': 6}, {'name': 'Person', 'value': 'Netanyahu, Benjamin', 'rank': 7}, {'name': 'Location', 'value': 'Israel', 'rank': 8}, {'name': 'Location', 'value': 'West Bank', 'rank': 9}, {'name': 'Subject', 'value': 'Israel-Gaza War (2023- )', 'rank': 10}]",Foreign,10.0,A,2025-09-23 11:59:22+00:00,World,"As more countries moved to formally recognize a Palestinian state, a far-right member of Israel’s government called for “countermeasures” including the annexation of the West Bank.",The New York Times,Middle East,News,nyt://article/7f1bf33f-493d-57d8-8385-d751db7040d1,https://www.nytimes.com/2025/09/23/world/middleeast/palestinian-statehood-response-israel.html,813,By Liam Stack,"In Israel, Government Backlash Brews Over Palestinian State Recognition",,Talk of ‘Countermeasures’ Against Palestinian State Recognition,"An Israeli military operation in the Jenin refugee camp, in the West Bank, in March. Itamar Ben-Gvir, Israel’s national security minister, said recognition of Palestinian statehood called for “immediate countermeasures,” including the annexation of the West Bank.",Afif Amireh for The New York Times,https://static01.nyt.com/images/2025/09/23/multimedia/23int-israel-palestinians-sub-top-bcgk/23int-israel-palestinians-sub-top-bcgk-articleLarge.jpg,392,600,https://static01.nyt.com/images/2025/09/23/multimedia/23int-israel-palestinians-sub-top-bcgk/23int-israel-palestinians-sub-top-bcgk-thumbStandard.jpg,75,75,"In Israel, Government Backlash Brews Over Palestinian State Recognition","In Israel, Government Backlash Brews Over Palestinian State Recognition As more countries moved to formally recognize a Palestinian state, a far-right member of Israel’s government called for “countermeasures” including the annexation of the West Bank. As more countries moved to formally recognize a Palestinian state, a far-right member of Israel’s government called for “countermeasures” including the annexation of the West Bank."
"At a meeting ahead of the U.N. General Assembly, France and other U.S. allies made official a breach with Washington that has been years in the making.",article,nyt://article/1112a49b-827c-50fc-84fc-6c7018d6f898,"[{'name': 'Subject', 'value': 'Israel-Gaza War (2023- )', 'rank': 1}, {'name': 'Subject', 'value': 'Palestinians', 'rank': 2}, {'name': 'Subject', 'value': 'Peace Process', 'rank': 3}, {'name': 'Subject', 'value': 'International Relations', 'rank': 4}, {'name': 'Subject', 'value': 'United States International Relations', 'rank': 5}, {'name': 'Person', 'value': 'Abbas, Mahmoud', 'rank': 6}, {'name': 'Person', 'value': 'Macron, Emmanuel (1977- )', 'rank': 7}, {'name': 'Organization', 'value': 'United Nations', 'rank': 8}, {'name': 'Person', 'value': 'Netanyahu, Benjamin', 'rank': 9}, {'name': 'Person', 'value': 'Trump, Donald J', 'rank': 10}, {'name': 'Organization', 'value': 'Palestinian Authority', 'rank': 11}, {'name': 'Location', 'value': 'Israel', 'rank': 12}, {'name': 'Location', 'value': 'Gaza Strip', 'rank': 13}, {'name': 'Location', 'value': 'France', 'rank': 14}, {'name': 'Location', 'value': 'United States', 'rank': 15}]",Foreign,1.0,A,2025-09-22 22:00:10+00:00,World,"At a meeting ahead of the U.N. General Assembly, France and other U.S. allies made official a breach with Washington that has been years in the making.",The New York Times,Middle East,News,nyt://article/1112a49b-827c-50fc-84fc-6c7018d6f898,https://www.nytimes.com/2025/09/22/world/middleeast/unga-palestinian-state.html,1196,"By Farnaz Fassihi, Thomas Fuller and Catherine Porter","World Leaders Recognize Palestinian State, in a Challenge to U.S. and Israel",,"At U.N., Leaders Push To Salvage 2-state Solution","“We must pave the way for peace,” President Emmanuel Macron of France said, to applause and a standing ovation from the Palestinian delegation, at a meeting at the United Nations in New York on Monday.",Dave Sanders for The New York Times,https://static01.nyt.com/images/2025/09/22/multimedia/22int-print-UNGA-ledeall-NEW-01-fvbz/22int-print-UNGA-ledeall-NEW-01-fvbz-articleLarge.jpg,400,600,https://static01.nyt.com/images/2025/09/22/multimedia/22int-print-UNGA-ledeall-NEW-01-fvbz/22int-print-UNGA-ledeall-NEW-01-fvbz-thumbStandard.jpg,75,75,"World Leaders Recognize Palestinian State, in a Challenge to U.S. and Israel","World Leaders Recognize Palestinian State, in a Challenge to U.S. and Israel At a meeting ahead of the U.N. General Assembly, France and other U.S. allies made official a breach with Washington that has been years in the making. At a meeting ahead of the U.N. General Assembly, France and other U.S. allies made official a breach with Washington that has been years in the making."
,article,nyt://article/16db683c-fbf8-5423-8e7f-12e7135e555b,[],Washington,,,2025-09-22 21:43:29+00:00,World,,The New York Times,,Live Blog Post,nyt://article/16db683c-fbf8-5423-8e7f-12e7135e555b,https://www.nytimes.com/live/2025/09/22/world/united-nations-assembly/us-allies-recognition-of-a-palestinian-state-puts-them-in-opposition-to-the-white-house,509,By Luke Broadwater,U.S. allies’ recognition of a Palestinian state puts them in opposition to the White House.,,,President Trump and Prime Minister Keir Starmer of Britain at a joint news conference on Thursday.,Doug Mills/The New York Times,https://static01.nyt.com/images/2025/09/22/multimedia/22unga-blog-us-stance-palestine-vlqw/22unga-blog-us-stance-palestine-vlqw-articleLarge.jpg,400,600,https://static01.nyt.com/images/2025/09/22/multimedia/22unga-blog-us-stance-palestine-vlqw/22unga-blog-us-stance-palestine-vlqw-thumbStandard.jpg,75,75,U.S. allies’ recognition of a Palestinian state puts them in opposition to the White House.,U.S. allies’ recognition of a Palestinian state puts them in opposition to the White House.
,article,nyt://article/5f126121-f68c-5c0d-a944-c8c8f154db1b,"[{'name': 'Subject', 'value': 'Palestinians', 'rank': 1}, {'name': 'Subject', 'value': 'Politics and Government', 'rank': 2}, {'name': 'Subject', 'value': 'Israeli Settlements', 'rank': 3}, {'name': 'Subject', 'value': 'Land Use Policies', 'rank': 4}, {'name': 'Person', 'value': 'Abbas, Mahmoud', 'rank': 5}, {'name': 'Person', 'value': 'Netanyahu, Benjamin', 'rank': 6}, {'name': 'Organization', 'value': 'General Assembly (UN)', 'rank': 7}, {'name': 'Organization', 'value': 'Palestinian Authority', 'rank': 8}, {'name': 'Organization', 'value': 'United Nations', 'rank': 9}, {'name': 'Location', 'value': 'Bethlehem (West Bank)', 'rank': 10}, {'name': 'Location', 'value': 'Europe', 'rank': 11}, {'name': 'Location', 'value': 'Israel', 'rank': 12}, {'name': 'Location', 'value': 'West Bank', 'rank': 13}, {'name': 'Subject', 'value': 'International Relations', 'rank': 14}]",Foreign,,,2025-09-22 20:51:44+00:00,World,,The New York Times,,Live Blog Post,nyt://article/5f126121-f68c-5c0d-a944-c8c8f154db1b,https://www.nytimes.com/live/2025/09/22/world/united-nations-assembly/palestinians-hope-their-state-wont-remain-just-ink-on-paper,551,By Fatima AbdulKarim,Palestinians hope their state won’t remain just ‘ink on paper.’,,,Palestinian families fleeing Gaza City this month as Israel stepped up its attacks. ,Saher Alghorra for The New York Times,https://static01.nyt.com/images/2025/09/19/multimedia/HFO-00int-UK-Palestine-02-fcpv/HFO-00int-UK-Palestine-02-fcpv-articleLarge.jpg,400,600,https://static01.nyt.com/images/2025/09/19/multimedia/HFO-00int-UK-Palestine-02-fcpv/HFO-00int-UK-Palestine-02-fcpv-thumbStandard.jpg,75,75,Palestinians hope their state won’t remain just ‘ink on paper.’,Palestinians hope their state won’t remain just ‘ink on paper.’
"Even before the war in Gaza, negotiations failed to produce peace between the Israelis and the Palestinians.",article,nyt://article/25ecc9a4-f6b6-50e5-9831-d88e2bb9ac1a,"[{'name': 'Location', 'value': 'Israel', 'rank': 1}, {'name': 'Subject', 'value': 'Palestinians', 'rank': 2}, {'name': 'Subject', 'value': 'Peace Process', 'rank': 3}, {'name': 'Subject', 'value': 'Israel-Gaza War (2023- )', 'rank': 4}, {'name': 'Subject', 'value': 'Israeli Settlements', 'rank': 5}, {'name': 'Organization', 'value': 'Hamas', 'rank': 6}, {'name': 'Organization', 'value': 'Palestinian Authority', 'rank': 7}, {'name': 'Person', 'value': 'Abbas, Mahmoud', 'rank': 8}, {'name': 'Person', 'value': 'Netanyahu, Benjamin', 'rank': 9}, {'name': 'Location', 'value': 'Gaza Strip', 'rank': 10}, {'name': 'Location', 'value': 'Jerusalem (Israel)', 'rank': 11}, {'name': 'Location', 'value': 'West Bank', 'rank': 12}]",Foreign,,,2025-09-22 19:51:14+00:00,World,"Even before the war in Gaza, negotiations failed to produce peace between the Israelis and the Palestinians.",The New York Times,Middle East,News Analysis,nyt://article/25ecc9a4-f6b6-50e5-9831-d88e2bb9ac1a,https://www.nytimes.com/2025/09/22/world/middleeast/palestinian-recognition-israel.html,729,By Aaron Boxerman,"Recognition or Not, a Palestinian State Seems More Remote Than Ever",News Analysis,,A wall in Jerusalem separating Israeli and Palestinian areas in 2010.,Rina Castelnuovo for The New York Times,https://static01.nyt.com/images/2025/09/22/multimedia/22unga-blog-two-state-mwgb/22unga-blog-two-state-mwgb-articleLarge.jpg,400,600,https://static01.nyt.com/images/2025/09/22/multimedia/22unga-blog-two-state-mwgb/22unga-blog-two-state-mwgb-thumbStandard.jpg,75,75,"Recognition or Not, a Palestinian State Seems More Remote Than Ever","Recognition or Not, a Palestinian State Seems More Remote Than Ever Even before the war in Gaza, negotiations failed to produce peace between the Israelis and the Palestinians. Even before the war in Gaza, negotiations failed to produce peace between the Israelis and the Palestinians."
,article,nyt://article/cf8747b8-cffb-52d9-8b40-e8ff850ca34b,"[{'name': 'Person', 'value': 'Macron, Emmanuel (1977- )', 'rank': 1}, {'name': 'Organization', 'value': 'United Nations', 'rank': 2}, {'name': 'Organization', 'value': 'Palestinian Authority', 'rank': 3}, {'name': 'Subject', 'value': 'Palestinians', 'rank': 4}, {'name': 'Location', 'value': 'France', 'rank': 5}]",Foreign,,,2025-09-22 19:03:38+00:00,World,,The New York Times,Europe,Live Blog Post,nyt://article/cf8747b8-cffb-52d9-8b40-e8ff850ca34b,https://www.nytimes.com/live/2025/09/22/world/united-nations-assembly/macron-france-palestinian-statehood,537,By Catherine Porter,"Macron, saying ‘the time has come,’ says France formally recognizes a Palestinian state.",,,President Emmanuel Macron of France arrived at John F. Kennedy International Airport in New York City on Monday.,Ludovic Marin/Agence France-Presse — Getty Images,https://static01.nyt.com/images/2025/09/22/multimedia/22unga-blog-france-top-gcjm/22unga-blog-france-top-gcjm-articleLarge.jpg,400,600,https://static01.nyt.com/images/2025/09/22/multimedia/22unga-blog-france-top-gcjm/22unga-blog-france-top-gcjm-thumbStandard.jpg,75,75,"Macron, saying ‘the time has come,’ says France formally recognizes a Palestinian state.","Macron, saying ‘the time has come,’ says France formally recognizes a Palestinian state."
,article,nyt://article/12f271ff-6b1f-5c97-83c3-c9545520e667,"[{'name': 'Subject', 'value': 'Israel-Gaza War (2023- )', 'rank': 1}, {'name': 'Subject', 'value': 'Palestinians', 'rank': 2}, {'name': 'Subject', 'value': 'International Relations', 'rank': 3}, {'name': 'Subject', 'value': 'Israeli Settlements', 'rank': 4}, {'name': 'Organization', 'value': 'Hamas', 'rank': 5}, {'name': 'Organization', 'value': 'Palestinian Authority', 'rank': 6}, {'name': 'Organization', 'value': 'Palestine Liberation Organization', 'rank': 7}, {'name': 'Location', 'value': 'East Jerusalem', 'rank': 8}, {'name': 'Location', 'value': 'Gaza Strip', 'rank': 9}, {'name': 'Location', 'value': 'Israel', 'rank': 10}, {'name': 'Location', 'value': 'West Bank', 'rank': 11}, {'name': 'Location', 'value': 'Jerusalem (Israel)', 'rank': 12}]",Foreign,,,2025-09-22 18:04:29+00:00,World,,The New York Times,Middle East,Live Blog Post,nyt://article/12f271ff-6b1f-5c97-83c3-c9545520e667,https://www.nytimes.com/live/2025/09/22/world/united-nations-assembly/what-does-it-mean-to-be-a-state,283,By Ephrat Livni,What does it mean to be a state?,,,The Palestinian part of Hebron in the West Bank in 2019.,Sergey Ponomarev for The New York Times,https://static01.nyt.com/images/2025/09/22/multimedia/22unga-blog-what-is-a-state-vpgb/22unga-blog-what-is-a-state-vpgb-articleLarge.jpg,400,600,https://static01.nyt.com/images/2025/09/22/multimedia/22unga-blog-what-is-a-state-vpgb/22unga-blog-what-is-a-state-vpgb-thumbStandard.jpg,75,75,What does it mean to be a state?,What does it mean to be a state?
"The moves came just before the annual U.N. General Assembly, increasing pressure on Israel and putting key allies at odds with the Trump administration.",article,nyt://article/15ab7972-063c-5ee7-80bb-c0099ab74192,"[{'name': 'Subject', 'value': 'Israel-Gaza War (2023- )', 'rank': 1}, {'name': 'Subject', 'value': 'International Relations', 'rank': 2}, {'name': 'Subject', 'value': 'United States International Relations', 'rank': 3}, {'name': 'Subject', 'value': 'Palestinians', 'rank': 4}, {'name': 'Keyword', 'value': 'Palestinian state', 'rank': 5}, {'name': 'Subject', 'value': 'Peace Process', 'rank': 6}, {'name': 'Subject', 'value': 'War Crimes, Genocide and Crimes Against Humanity', 'rank': 7}, {'name': 'Person', 'value': 'Netanyahu, Benjamin', 'rank': 8}, {'name': 'Person', 'value': 'Starmer, Keir', 'rank': 9}, {'name': 'Organization', 'value': 'United Nations', 'rank': 10}, {'name': 'Organization', 'value': 'Hamas', 'rank': 11}, {'name': 'Location', 'value': 'Gaza Strip', 'rank': 12}, {'name': 'Location', 'value': 'Israel', 'rank': 13}, {'name': 'Location', 'value': 'Great Britain', 'rank': 14}, {'name': 'Location', 'value': 'Australia', 'rank': 15}, {'name': 'Location', 'value': 'Canada', 'rank': 16}, {'name': 'Location', 'value': 'United States', 'rank': 17}, {'name': 'Organization', 'value': 'General Assembly (UN)', 'rank': 18}, {'name': 'Location', 'value': 'Portugal', 'rank': 19}]",Foreign,8.0,A,2025-09-21 13:16:10+00:00,World,"The moves came just before the annual U.N. General Assembly, increasing pressure on Israel and putting key allies at odds with the Trump administration.",The New York Times,Europe,News,nyt://article/15ab7972-063c-5ee7-80bb-c0099ab74192,https://www.nytimes.com/2025/09/21/world/europe/starmer-uk-recognize-palestinian-state.html,1249,By Mark Landler,"Britain, Australia, Canada and Portugal Recognize a Palestinian State",,Three U.S. Allies Recognize a Palestine State,,Pool photo by Alberto Pezzali,https://static01.nyt.com/images/2025/09/22/multimedia/22vid-palestine-recognized-cover-vlzm/22vid-palestine-recognized-cover-vlzm-articleLarge.jpg,400,600,https://static01.nyt.com/images/2025/09/22/multimedia/22vid-palestine-recognized-cover-vlzm/22vid-palestine-recognized-cover-vlzm-thumbStandard.jpg,75,75,"Britain, Australia, Canada and Portugal Recognize a Palestinian State","Britain, Australia, Canada and Portugal Recognize a Palestinian State The moves came just before the annual U.N. General Assembly, increasing pressure on Israel and putting key allies at odds with the Trump administration. The moves came just before the annual U.N. General Assembly, increasing pressure on Israel and putting key allies at odds with the Trump administration."
The guest list ranged from members of the royal family to titans of business and technology.,article,nyt://article/e5a80c82-c7be-5e1b-b3db-e40204f4d753,"[{'name': 'Person', 'value': 'Trump, Donald J', 'rank': 1}, {'name': 'Person', 'value': 'Trump, Melania', 'rank': 2}, {'name': 'Person', 'value': 'Cook, Timothy D', 'rank': 3}, {'name': 'Person', 'value': 'Starmer, Keir', 'rank': 4}, {'name': 'Person', 'value': 'Catherine, Princess of Wales', 'rank': 5}, {'name': 'Person', 'value': 'William, Prince of Wales', 'rank': 6}, {'name': 'Person', 'value': 'Anne, Princess Royal (1950- )', 'rank': 7}, {'name': 'Person', 'value': 'Trump, Tiffany (1993- )', 'rank': 8}, {'name': 'Person', 'value': 'Boulos, Michael', 'rank': 9}, {'name': 'Person', 'value': 'Murdoch, Rupert', 'rank': 10}, {'name': 'Organization', 'value': 'News Corporation', 'rank': 11}, {'name': 'Organization', 'value': 'Apple Inc', 'rank': 12}]",Foreign,,,2025-09-17 22:03:23+00:00,World,The guest list ranged from members of the royal family to titans of business and technology.,The New York Times,Europe,News,nyt://article/e5a80c82-c7be-5e1b-b3db-e40204f4d753,https://www.nytimes.com/2025/09/17/world/europe/guest-list-state-dinner-windsor-castle.html,384,By Shawn McCreesh,Here’s Who Attended the State Dinner at Windsor Castle,,,President Trump at Windsor Castle on Wednesday for a state banquet. Usually these dinners happen at Buckingham Palace in London.,Doug Mills/The New York Times,https://static01.nyt.com/images/2025/09/17/multimedia/17int-uk-trump-scene-vjtq/17int-uk-trump-scene-vjtq-articleLarge.jpg,400,600,https://static01.nyt.com/images/2025/09/17/multimedia/17int-uk-trump-scene-vjtq/17int-uk-trump-scene-vjtq-thumbStandard.jpg,75,75,Here’s Who Attended the State Dinner at Windsor Castle,Here’s Who Attended the State Dinner at Windsor Castle The guest list ranged from members of the royal family to titans of business and technology. The guest list ranged from members of the royal family to titans of business and technology.
Just over 100 staff members served 160 guests at the white-tie event.,article,nyt://article/252d98ab-70b4-50b4-8262-ec53d31317bb,"[{'name': 'Person', 'value': 'Trump, Donald J', 'rank': 1}, {'name': 'Person', 'value': 'Trump, Melania', 'rank': 2}, {'name': 'Person', 'value': 'Charles III, King of the United Kingdom', 'rank': 3}, {'name': 'Person', 'value': 'Camilla, Queen Consort of the United Kingdom', 'rank': 4}, {'name': 'Person', 'value': 'Catherine, Princess of Wales', 'rank': 5}, {'name': 'Person', 'value': 'William, Prince of Wales', 'rank': 6}, {'name': 'Location', 'value': 'Great Britain', 'rank': 7}, {'name': 'Subject', 'value': 'United States International Relations', 'rank': 8}, {'name': 'Subject', 'value': 'Food', 'rank': 9}]",Foreign,,,2025-09-17 21:03:13+00:00,World,Just over 100 staff members served 160 guests at the white-tie event.,The New York Times,Europe,News,nyt://article/252d98ab-70b4-50b4-8262-ec53d31317bb,https://www.nytimes.com/2025/09/17/world/europe/windsor-castle-state-dinner-menu.html,294,By Anushka Patil,Windsor Castle’s State Dinner Features Lavish Menu,,,"President Trump, center, during a state banquet at Windsor Castle on Wednesday.",Pool photo by Evan Vucci,https://static01.nyt.com/images/2025/09/17/multimedia/17uk-trump-menu1-phqb/17uk-trump-menu1-phqb-articleLarge.jpg,400,600,https://static01.nyt.com/images/2025/09/17/multimedia/17uk-trump-menu1-phqb/17uk-trump-menu1-phqb-thumbStandard.jpg,75,75,Windsor Castle’s State Dinner Features Lavish Menu,Windsor Castle’s State Dinner Features Lavish Menu Just over 100 staff members served 160 guests at the white-tie event. Just over 100 staff members served 160 guests at the white-tie event.
Lavish courses for the visit by the American president.,article,nyt://article/6308400a-1ee0-5aac-a972-2e66aac6717f,"[{'name': 'Person', 'value': 'Charles III, King of the United Kingdom', 'rank': 1}, {'name': 'Organization', 'value': 'Windsor Castle', 'rank': 2}, {'name': 'Location', 'value': 'Great Britain', 'rank': 3}]",Foreign,,,2025-09-17 20:58:34+00:00,World,Lavish courses for the visit by the American president.,The New York Times,Europe,Live Blog Post,nyt://article/6308400a-1ee0-5aac-a972-2e66aac6717f,https://www.nytimes.com/live/2025/09/17/world/trump-uk-state-visit/heres-the-menu-for-the-state-dinner-at-windsor-castle,146,,Here’s the menu for the state dinner at Windsor Castle.,,,King Charles III’s place setting at the banquet table in St George’s Hall at Windsor Castle on Wednesday.,Pool photo by Aaron Chown,https://static01.nyt.com/images/2025/09/17/multimedia/17uk-trump-menu-text-kvpb/17uk-trump-menu-text-kvpb-articleLarge-v3.jpg,400,600,https://static01.nyt.com/images/2025/09/17/multimedia/17uk-trump-menu-text-kvpb/17uk-trump-menu-text-kvpb-thumbStandard-v3.jpg,75,75,Here’s the menu for the state dinner at Windsor Castle.,Here’s the menu for the state dinner at Windsor Castle. Lavish courses for the visit by the American president. Lavish courses for the visit by the American president.
"In different ways, the reputations of the royal family, the British government and President Trump have each been tarnished by the sex offender Jeffrey Epstein.",article,nyt://article/90295400-acec-5022-96e6-ac1a37c67103,"[{'name': 'Subject', 'value': 'International Relations', 'rank': 1}, {'name': 'Subject', 'value': 'Royal Families', 'rank': 2}, {'name': 'Subject', 'value': 'Sex Crimes', 'rank': 3}, {'name': 'Person', 'value': 'Andrew, Duke of York', 'rank': 4}, {'name': 'Person', 'value': 'Charles III, King of the United Kingdom', 'rank': 5}, {'name': 'Person', 'value': 'Epstein, Jeffrey E (1953- )', 'rank': 6}, {'name': 'Person', 'value': 'Starmer, Keir', 'rank': 7}, {'name': 'Person', 'value': 'Trump, Donald J', 'rank': 8}, {'name': 'Location', 'value': 'Great Britain', 'rank': 9}]",Foreign,,,2025-09-17 17:44:46+00:00,World,"In different ways, the reputations of the royal family, the British government and President Trump have each been tarnished by the sex offender Jeffrey Epstein.",The New York Times,Europe,News,nyt://article/90295400-acec-5022-96e6-ac1a37c67103,https://www.nytimes.com/2025/09/17/world/europe/epstein-ghost-trump-uk.html,377,By Mark Landler,The Ghost of Jeffrey Epstein Hangs Over Trump’s U.K. State Visit,,,An image of President Donald Trump standing next to the disgraced financier Jeffrey Epstein was projected on Windsor Castle on Tuesday by activists.,Phil Noble/Reuters,https://static01.nyt.com/images/2025/09/17/multimedia/17uk-trump-ghost-of-epstein-gzkc/17uk-trump-ghost-of-epstein-gzkc-articleLarge.jpg,400,600,https://static01.nyt.com/images/2025/09/17/multimedia/17uk-trump-ghost-of-epstein-gzkc/17uk-trump-ghost-of-epstein-gzkc-thumbStandard.jpg,75,75,The Ghost of Jeffrey Epstein Hangs Over Trump’s U.K. State Visit,"The Ghost of Jeffrey Epstein Hangs Over Trump’s U.K. State Visit In different ways, the reputations of the royal family, the British government and President Trump have each been tarnished by the sex offender Jeffrey Epstein. In different ways, the reputations of the royal family, the British government and President Trump have each been tarnished by the sex offender Jeffrey Epstein."
Photographs of the pomp and spectacle of the U.S. president’s second state visit to Britain.,article,nyt://article/7f5b8bf9-df7b-5f6a-9e63-0298a412560d,"[{'name': 'Subject', 'value': 'United States International Relations', 'rank': 1}, {'name': 'Subject', 'value': 'Royal Families', 'rank': 2}, {'name': 'Person', 'value': 'Charles III, King of the United Kingdom', 'rank': 3}, {'name': 'Person', 'value': 'Camilla, Queen Consort of the United Kingdom', 'rank': 4}, {'name': 'Person', 'value': 'William, Prince of Wales', 'rank': 5}, {'name': 'Person', 'value': 'Trump, Donald J', 'rank': 6}, {'name': 'Person', 'value': 'Catherine, Princess of Wales', 'rank': 7}, {'name': 'Person', 'value': 'Trump, Melania', 'rank': 8}, {'name': 'Location', 'value': 'Great Britain', 'rank': 9}, {'name': 'Location', 'value': 'London (England)', 'rank': 10}, {'name': 'Organization', 'value': 'Windsor Castle', 'rank': 11}, {'name': 'Location', 'value': 'Chequers', 'rank': 12}, {'name': 'Subject', 'value': 'vis-photo', 'rank': 13}]",Foreign,,,2025-09-17 13:30:14+00:00,World,Photographs of the pomp and spectacle of the U.S. president’s second state visit to Britain.,The New York Times,Europe,News,nyt://article/7f5b8bf9-df7b-5f6a-9e63-0298a412560d,https://www.nytimes.com/2025/09/17/world/europe/trump-uk-state-visit-photos.html,621,By The New York Times,"At U.K. Leader’s Country House, Trump’s State Visit Gets a Little More Political",In Photos,,"Prime Minister Keir Starmer of Britain and President Trump at the end of their joint news conference at Chequers, the British leader’s country house outside London, on Thursday.",Doug Mills/The New York Times,https://static01.nyt.com/images/2025/10/17/multimedia/17int-uk-trump-photostack-t2-cpvt/17int-uk-trump-photostack-t2-cpvt-articleLarge.jpg,400,600,https://static01.nyt.com/images/2025/10/17/multimedia/17int-uk-trump-photostack-t2-cpvt/17int-uk-trump-photostack-t2-cpvt-thumbStandard.jpg,75,75,"At U.K. Leader’s Country House, Trump’s State Visit Gets a Little More Political","At U.K. Leader’s Country House, Trump’s State Visit Gets a Little More Political Photographs of the pomp and spectacle of the U.S. president’s second state visit to Britain. Photographs of the pomp and spectacle of the U.S. president’s second state visit to Britain."
A glossy video published on the family’s official YouTube channel gave a rare insight into the extensive preparations carried out before the arrival of visiting dignitaries.,article,nyt://article/d908cc17-52ba-54d0-9433-cfb2a5d00c71,"[{'name': 'Subject', 'value': 'International Relations', 'rank': 1}, {'name': 'Subject', 'value': 'Royal Families', 'rank': 2}, {'name': 'Subject', 'value': 'Gardens and Gardening', 'rank': 3}, {'name': 'Subject', 'value': 'Cooking and Cookbooks', 'rank': 4}, {'name': 'Organization', 'value': 'Windsor Castle', 'rank': 5}, {'name': 'Organization', 'value': 'Buckingham Palace', 'rank': 6}, {'name': 'Person', 'value': 'Charles III, King of the United Kingdom', 'rank': 7}, {'name': 'Person', 'value': 'Camilla, Queen Consort of the United Kingdom', 'rank': 8}, {'name': 'Location', 'value': 'Great Britain', 'rank': 9}]",Foreign,,,2025-09-17 10:49:49+00:00,World,A glossy video published on the family’s official YouTube channel gave a rare insight into the extensive preparations carried out before the arrival of visiting dignitaries.,The New York Times,Europe,Live Blog Post,nyt://article/d908cc17-52ba-54d0-9433-cfb2a5d00c71,https://www.nytimes.com/live/2025/09/17/world/trump-uk-state-visit/how-the-british-royal-family-and-its-staff-prepare-for-a-state-visit,355,By Mark Landler,How the British royal family — and its staff — prepare for a state visit.,,,Raking the grounds of Windsor Castle on Wednesday.,Doug Mills/The New York Times,https://static01.nyt.com/images/2025/09/17/multimedia/17uk-trump-planning-zbqv/17uk-trump-planning-zbqv-articleLarge.jpg,400,600,https://static01.nyt.com/images/2025/09/17/multimedia/17uk-trump-planning-zbqv/17uk-trump-planning-zbqv-thumbStandard.jpg,75,75,How the British royal family — and its staff — prepare for a state visit.,How the British royal family — and its staff — prepare for a state visit. A glossy video published on the family’s official YouTube channel gave a rare insight into the extensive preparations carried out before the arrival of visiting dignitaries. A glossy video published on the family’s official YouTube channel gave a rare insight into the extensive preparations carried out before the arrival of visiting dignitaries.
"If you were an aide to President Trump during his trip to Britain and wanted to avoid any pitfalls, what would you do?",interactive,nyt://interactive/e2e0f40d-40a8-5990-801c-b28ed6b8a2ce,[],,,,2025-09-17 09:09:14+00:00,World,"If you were an aide to President Trump during his trip to Britain and wanted to avoid any pitfalls, what would you do?",The New York Times,Europe,Interactive Feature,nyt://interactive/e2e0f40d-40a8-5990-801c-b28ed6b8a2ce,https://www.nytimes.com/interactive/2025/09/17/world/europe/uk-state-visit-etiquette-quiz.html,0,By Peter Robins,Are You Ready to Meet the King? Try Our Quiz on U.K. State Visit Etiquette.,,,King Charles and Queen Camilla on the balcony at Buckingham Palace in May 2023.,Andrew Testa for The New York Times,https://static01.nyt.com/images/2025/09/17/multimedia/17uk-quiz-lmcz/17uk-quiz-lmcz-articleLarge.jpg,400,600,https://static01.nyt.com/images/2025/09/17/multimedia/17uk-quiz-lmcz/17uk-quiz-lmcz-thumbStandard.jpg,75,75,Are You Ready to Meet the King? Try Our Quiz on U.K. State Visit Etiquette.,"Are You Ready to Meet the King? Try Our Quiz on U.K. State Visit Etiquette. If you were an aide to President Trump during his trip to Britain and wanted to avoid any pitfalls, what would you do? If you were an aide to President Trump during his trip to Britain and wanted to avoid any pitfalls, what would you do?"
The president and the first lady will be hosted at Windsor Castle by King Charles III and Queen Camilla.,article,nyt://article/b0a6af47-5985-599e-8c3a-f66a47e2f68d,"[{'name': 'Person', 'value': 'Trump, Donald J', 'rank': 1}, {'name': 'Person', 'value': 'Charles III, King of the United Kingdom', 'rank': 2}, {'name': 'Person', 'value': 'Camilla, Queen Consort of the United Kingdom', 'rank': 3}, {'name': 'Location', 'value': 'Great Britain', 'rank': 4}]",Foreign,,,2025-09-17 07:58:35+00:00,World,The president and the first lady will be hosted at Windsor Castle by King Charles III and Queen Camilla.,The New York Times,Europe,News,nyt://article/b0a6af47-5985-599e-8c3a-f66a47e2f68d,https://www.nytimes.com/2025/09/17/world/europe/president-trumps-2nd-uk-state-visit-whats-on-the-agenda.html,310,By Stephen Castle,President Trump’s 2nd U.K. State Visit: What’s on the Agenda,,,"President Donald Trump and first lady Melania Trump arriving at Stansted Airport, outside London, on Tuesday.",Doug Mills/The New York Times,https://static01.nyt.com/images/2025/09/17/multimedia/17uk-trump-header-gzhc/17uk-trump-header-gzhc-articleLarge.jpg,686,600,https://static01.nyt.com/images/2025/09/17/multimedia/17uk-trump-header-gzhc/17uk-trump-header-gzhc-thumbStandard.jpg,75,75,President Trump’s 2nd U.K. State Visit: What’s on the Agenda,President Trump’s 2nd U.K. State Visit: What’s on the Agenda The president and the first lady will be hosted at Windsor Castle by King Charles III and Queen Camilla. The president and the first lady will be hosted at Windsor Castle by King Charles III and Queen Camilla.
"Arson attacks during protests in Nepal destroyed buildings, court files and even records of international agreements and state investments.",article,nyt://article/8cb27f89-e724-5b41-b762-a20cbdb89eb8,"[{'name': 'Location', 'value': 'Nepal', 'rank': 1}, {'name': 'Subject', 'value': 'Politics and Government', 'rank': 2}, {'name': 'Subject', 'value': 'Corruption (Institutional)', 'rank': 3}, {'name': 'Subject', 'value': 'Arson', 'rank': 4}, {'name': 'Subject', 'value': 'Demonstrations, Protests and Riots', 'rank': 5}, {'name': 'Subject', 'value': 'Fires and Firefighters', 'rank': 6}, {'name': 'Person', 'value': 'Karki, Sushila', 'rank': 7}]",Foreign,4.0,A,2025-09-17 07:42:01+00:00,World,"Arson attacks during protests in Nepal destroyed buildings, court files and even records of international agreements and state investments.",The New York Times,Asia Pacific,News,nyt://article/8cb27f89-e724-5b41-b762-a20cbdb89eb8,https://www.nytimes.com/2025/09/17/world/asia/nepal-protests-arson-singha-durbar.html,847,By Hannah Beech and Atul Loke,‘We Are in a Zero State’: Scenes From the Ashes of Nepal’s Capital,Kathmandu Dispatch,Scenes From the Ashes of the Nepal Government,"The prime minister’s office in the fire-damaged Singha Durbar in Kathmandu, Nepal.",,https://static01.nyt.com/images/2025/09/17/multimedia/17int-nepal-government-01-pgqh/17int-nepal-government-01-pgqh-articleLarge.jpg,400,600,https://static01.nyt.com/images/2025/09/17/multimedia/17int-nepal-government-01-pgqh/17int-nepal-government-01-pgqh-thumbStandard.jpg,75,75,‘We Are in a Zero State’: Scenes From the Ashes of Nepal’s Capital,"‘We Are in a Zero State’: Scenes From the Ashes of Nepal’s Capital Arson attacks during protests in Nepal destroyed buildings, court files and even records of international agreements and state investments. Arson attacks during protests in Nepal destroyed buildings, court files and even records of international agreements and state investments."
"President Trump’s trip to Britain will involve horse-drawn carriages and a stay in an ancient castle. For British officials, the visit may feel less like a fairy tale.",article,nyt://article/0750e552-6742-5b5b-8193-c3f78e8fd688,"[{'name': 'Subject', 'value': 'Royal Families', 'rank': 1}, {'name': 'Subject', 'value': 'International Relations', 'rank': 2}, {'name': 'Organization', 'value': 'Windsor Castle', 'rank': 3}, {'name': 'Person', 'value': 'Charles III, King of the United Kingdom', 'rank': 4}, {'name': 'Person', 'value': 'Epstein, Jeffrey E (1953- )', 'rank': 5}, {'name': 'Location', 'value': 'London (England)', 'rank': 6}, {'name': 'Location', 'value': 'United States', 'rank': 7}, {'name': 'Person', 'value': 'Trump, Donald J', 'rank': 8}, {'name': 'Person', 'value': 'Starmer, Keir', 'rank': 9}]",Foreign,4.0,A,2025-09-16 08:50:12+00:00,World,"President Trump’s trip to Britain will involve horse-drawn carriages and a stay in an ancient castle. For British officials, the visit may feel less like a fairy tale.",The New York Times,Europe,News,nyt://article/0750e552-6742-5b5b-8193-c3f78e8fd688,https://www.nytimes.com/2025/09/16/world/europe/trump-uk-visit-royals-britain.html,1270,By Mark Landler,"With State Visit, Trump Leaves a Tense America for a Brief U.K. Royal Retreat",,Trump Gets a Chance to Retreat From Problems to Pomp,"Military officers taking part in rehearsals at Windsor Castle, west of London, on Monday, before a state visit by President Trump.",Toby Shepheard/Agence France-Presse — Getty Images,https://static01.nyt.com/images/2025/09/16/multimedia/16int-uk-trump-royals-TOP-bhzp/16int-uk-trump-royals-TOP-bhzp-articleLarge.jpg,400,600,https://static01.nyt.com/images/2025/09/16/multimedia/16int-uk-trump-royals-TOP-bhzp/16int-uk-trump-royals-TOP-bhzp-thumbStandard.jpg,75,75,"With State Visit, Trump Leaves a Tense America for a Brief U.K. Royal Retreat","With State Visit, Trump Leaves a Tense America for a Brief U.K. Royal Retreat President Trump’s trip to Britain will involve horse-drawn carriages and a stay in an ancient castle. For British officials, the visit may feel less like a fairy tale. President Trump’s trip to Britain will involve horse-drawn carriages and a stay in an ancient castle. For British officials, the visit may feel less like a fairy tale."
"The president and first lady are being hosted by King Charles III and Queen Camilla at Windsor Castle. Mr. Trump will also meet the prime minister at his country residence, Chequers.",article,nyt://article/45669664-d885-527f-a063-059f26dfa6d2,"[{'name': 'Subject', 'value': 'United States International Relations', 'rank': 1}, {'name': 'Subject', 'value': 'International Relations', 'rank': 2}, {'name': 'Subject', 'value': 'Royal Families', 'rank': 3}, {'name': 'Subject', 'value': 'Palaces and Castles', 'rank': 4}, {'name': 'Subject', 'value': 'First Ladies (US)', 'rank': 5}, {'name': 'Organization', 'value': 'Royal Air Force', 'rank': 6}, {'name': 'Organization', 'value': 'Windsor Castle', 'rank': 7}, {'name': 'Person', 'value': 'Camilla, Queen Consort of the United Kingdom', 'rank': 8}, {'name': 'Person', 'value': 'Charles III, King of the United Kingdom', 'rank': 9}, {'name': 'Person', 'value': 'Elizabeth II, Queen of Great Britain', 'rank': 10}, {'name': 'Person', 'value': 'Starmer, Keir', 'rank': 11}, {'name': 'Person', 'value': 'Trump, Melania', 'rank': 12}, {'name': 'Person', 'value': 'Trump, Donald J', 'rank': 13}, {'name': 'Location', 'value': 'Europe', 'rank': 14}, {'name': 'Location', 'value': 'Great Britain', 'rank': 15}, {'name': 'Location', 'value': 'London (England)', 'rank': 16}, {'name': 'Location', 'value': 'United States', 'rank': 17}]",Foreign,,,2025-09-16 04:01:07+00:00,World,"The president and first lady are being hosted by King Charles III and Queen Camilla at Windsor Castle. Mr. Trump will also meet the prime minister at his country residence, Chequers.",The New York Times,Europe,News,nyt://article/45669664-d885-527f-a063-059f26dfa6d2,https://www.nytimes.com/2025/09/16/world/europe/trump-state-visit-uk-king-charles.html,827,By Stephen Castle,What to Know About Trump’s Second State Visit to the U.K.,,,"President Donald Trump and Melania Trump, the first lady, arriving at Stansted Airport, outside London, late Tuesday.",Doug Mills/The New York Times,https://static01.nyt.com/images/2025/09/17/multimedia/16int-uk-trump-state-visit-wtk/17uk-trump-header-fpmt-articleLarge.jpg,353,600,https://static01.nyt.com/images/2025/09/17/multimedia/16int-uk-trump-state-visit-wtk/16int-uk-trump-state-visit-wtk-thumbStandard-v2.jpg,75,75,What to Know About Trump’s Second State Visit to the U.K.,"What to Know About Trump’s Second State Visit to the U.K. The president and first lady are being hosted by King Charles III and Queen Camilla at Windsor Castle. Mr. Trump will also meet the prime minister at his country residence, Chequers. The president and first lady are being hosted by King Charles III and Queen Camilla at Windsor Castle. Mr. Trump will also meet the prime minister at his country residence, Chequers."
The case of a young Greenlandic woman who was ruled incapable of keeping her baby has become the latest flashpoint with Denmark.,article,nyt://article/9d609c0e-a5d6-5397-a45a-7017be8fdde5,"[{'name': 'Location', 'value': 'Denmark', 'rank': 1}, {'name': 'Location', 'value': 'Greenland', 'rank': 2}, {'name': 'Subject', 'value': 'Indigenous People', 'rank': 3}, {'name': 'Subject', 'value': 'Parenting', 'rank': 4}, {'name': 'Subject', 'value': 'Politics and Government', 'rank': 5}, {'name': 'Subject', 'value': 'Foster Care', 'rank': 6}, {'name': 'Subject', 'value': 'Pregnancy and Childbirth', 'rank': 7}, {'name': 'Subject', 'value': 'Law and Legislation', 'rank': 8}, {'name': 'Subject', 'value': 'Discrimination', 'rank': 9}, {'name': 'Subject', 'value': 'Women and Girls', 'rank': 10}, {'name': 'Subject', 'value': 'Tests and Examinations', 'rank': 11}, {'name': 'Person', 'value': 'Bronlund, Ivana', 'rank': 12}]",Foreign,10.0,A,2025-09-15 18:31:47+00:00,World,The case of a young Greenlandic woman who was ruled incapable of keeping her baby has become the latest flashpoint with Denmark.,The New York Times,Europe,News,nyt://article/9d609c0e-a5d6-5397-a45a-7017be8fdde5,https://www.nytimes.com/2025/09/15/world/europe/denmark-greenland-baby-parenting-test.html,1504,"By Jeffrey Gettleman, Maya Tekeli and Amelia Nierenberg",She Held Her Baby for an Hour. Then the State Took Her Away.,,She Held Her Baby for an Hour. Then the State Took Her Away.,"Ivana Bronlund at her home in Hedehusene, Denmark, earlier this month. The government took her daughter away an hour after she was born.",Hilary Swift for The New York Times,https://static01.nyt.com/images/2025/09/15/multimedia/15int-denmark-baby-01-plfh/15int-denmark-baby-01-plfh-articleLarge.jpg,399,600,https://static01.nyt.com/images/2025/09/15/multimedia/15int-denmark-baby-01-plfh/15int-denmark-baby-01-plfh-thumbStandard.jpg,75,75,She Held Her Baby for an Hour. Then the State Took Her Away.,She Held Her Baby for an Hour. Then the State Took Her Away. The case of a young Greenlandic woman who was ruled incapable of keeping her baby has become the latest flashpoint with Denmark. The case of a young Greenlandic woman who was ruled incapable of keeping her baby has become the latest flashpoint with Denmark.
"The fatal shooting of Charlie Kirk has intensified consideration about potential threats, experts said. British authorities had already made extensive security plans.",article,nyt://article/43aa39f8-be8f-5edc-ab11-c5da7d63b997,"[{'name': 'Subject', 'value': 'Royal Families', 'rank': 1}, {'name': 'Subject', 'value': 'Security and Warning Systems', 'rank': 2}, {'name': 'Subject', 'value': 'International Relations', 'rank': 3}, {'name': 'Subject', 'value': 'Police', 'rank': 4}, {'name': 'Subject', 'value': 'United States International Relations', 'rank': 5}, {'name': 'Organization', 'value': 'Scotland Yard (Metropolitan Police Service)', 'rank': 6}, {'name': 'Organization', 'value': 'Secret Service', 'rank': 7}, {'name': 'Person', 'value': 'Charles III, King of the United Kingdom', 'rank': 8}, {'name': 'Person', 'value': 'Trump, Donald J', 'rank': 9}, {'name': 'Person', 'value': 'Starmer, Keir', 'rank': 10}, {'name': 'Location', 'value': 'Great Britain', 'rank': 11}, {'name': 'Location', 'value': 'London (England)', 'rank': 12}, {'name': 'Location', 'value': 'United States', 'rank': 13}]",Foreign,7.0,A,2025-09-14 23:01:05+00:00,World,"The fatal shooting of Charlie Kirk has intensified consideration about potential threats, experts said. British authorities had already made extensive security plans.",The New York Times,Europe,News,nyt://article/43aa39f8-be8f-5edc-ab11-c5da7d63b997,https://www.nytimes.com/2025/09/14/world/europe/trump-uk-state-visit-security.html,759,By Lizzie Dearden,U.K. Plans Biggest Security Operation Since Coronation for Trump’s State Visit,,Britain Plans Highest Security for Trump’s Visit,"Police officers carrying out security searches on Friday in Windsor, England, ahead of President Trump’s state visit.",Pool photo by Jordan Pettitt,https://static01.nyt.com/images/2025/09/14/multimedia/14int-uk-trump-security-pqgf/14int-uk-trump-security-pqgf-articleLarge.jpg,400,600,https://static01.nyt.com/images/2025/09/14/multimedia/14int-uk-trump-security-pqgf/14int-uk-trump-security-pqgf-thumbStandard-v2.jpg,75,75,U.K. Plans Biggest Security Operation Since Coronation for Trump’s State Visit,"U.K. Plans Biggest Security Operation Since Coronation for Trump’s State Visit The fatal shooting of Charlie Kirk has intensified consideration about potential threats, experts said. British authorities had already made extensive security plans. The fatal shooting of Charlie Kirk has intensified consideration about potential threats, experts said. British authorities had already made extensive security plans."
The recognition was conditioned on the release of hostages by Hamas. It comes after similar moves by other countries as they try to push Israel to end the war in Gaza.,article,nyt://article/b6880f58-a9ab-571b-9c4f-d988a28416ac,"[{'name': 'Subject', 'value': 'Israel-Gaza War (2023- )', 'rank': 1}, {'name': 'Subject', 'value': 'Palestinians', 'rank': 2}, {'name': 'Subject', 'value': 'International Relations', 'rank': 3}, {'name': 'Organization', 'value': 'Hamas', 'rank': 4}, {'name': 'Organization', 'value': 'General Assembly (UN)', 'rank': 5}, {'name': '', 'value': '', 'rank': 6}, {'name': 'Location', 'value': 'Belgium', 'rank': 7}, {'name': 'Location', 'value': 'Gaza Strip', 'rank': 8}, {'name': 'Location', 'value': 'Israel', 'rank': 9}]",Foreign,6.0,A,2025-09-02 11:18:22+00:00,World,The recognition was conditioned on the release of hostages by Hamas. It comes after similar moves by other countries as they try to push Israel to end the war in Gaza.,The New York Times,Europe,News,nyt://article/b6880f58-a9ab-571b-9c4f-d988a28416ac,https://www.nytimes.com/2025/09/02/world/europe/belgium-palestinian-state.html,589,By Jeanna Smialek,"Belgium to Recognize Palestinian State, Joining Pressure on Israel",,Belgium Joins the Push  For a Palestinian State,"Belgium’s foreign minister, Maxime Prévot, in February. He said his country would recognize a Palestinian state in response to the humanitarian tragedy in Gaza.",Virginia Mayo/Associated Press,https://static01.nyt.com/images/2025/09/02/multimedia/02INT-BELGIUM-PALESTINE-bmtl/02INT-BELGIUM-PALESTINE-bmtl-articleLarge.jpg,400,600,https://static01.nyt.com/images/2025/09/02/multimedia/02INT-BELGIUM-PALESTINE-bmtl/02INT-BELGIUM-PALESTINE-bmtl-thumbStandard.jpg,75,75,"Belgium to Recognize Palestinian State, Joining Pressure on Israel","Belgium to Recognize Palestinian State, Joining Pressure on Israel The recognition was conditioned on the release of hostages by Hamas. It comes after similar moves by other countries as they try to push Israel to end the war in Gaza. The recognition was conditioned on the release of hostages by Hamas. It comes after similar moves by other countries as they try to push Israel to end the war in Gaza."
"The long-stalled project near Jerusalem, known as E1, further fragments West Bank lands envisioned as part of a Palestinian state, advancing a goal of Israeli hard-liners.",article,nyt://article/a6d844ab-02dd-5679-ad39-aaaa996418cf,"[{'name': 'Location', 'value': 'Israel', 'rank': 1}, {'name': 'Subject', 'value': 'Israeli Settlements', 'rank': 2}, {'name': 'Location', 'value': 'West Bank', 'rank': 3}, {'name': 'Subject', 'value': 'Palestinians', 'rank': 4}, {'name': 'Person', 'value': 'Smotrich, Bezalel (1980- )', 'rank': 5}, {'name': 'Person', 'value': 'Netanyahu, Benjamin', 'rank': 6}, {'name': 'Subject', 'value': 'Israel-Gaza War (2023- )', 'rank': 7}, {'name': 'Subject', 'value': 'International Relations', 'rank': 8}]",Foreign,5.0,A,2025-08-20 20:51:21+00:00,World,"The long-stalled project near Jerusalem, known as E1, further fragments West Bank lands envisioned as part of a Palestinian state, advancing a goal of Israeli hard-liners.",The New York Times,Middle East,News,nyt://article/a6d844ab-02dd-5679-ad39-aaaa996418cf,https://www.nytimes.com/2025/08/20/world/middleeast/israel-e1-settlement-west-bank.html,918,By Aaron Boxerman,"Israel Approves Settlements, a Blow to Faded Hopes for a Palestinian State",,Israel Approves Settlements in Blow to Palestinians,"Israeli policemen stand guard near the settlement of Maale Adumim, in a land corridor known as E1, outside Jerusalem in the occupied West Bank, last week.",Menahem Kahana/Agence France-Presse — Getty Images,https://static01.nyt.com/images/2025/08/20/multimedia/20int-israel-settlements-1-jlbp/20int-israel-settlements-1-jlbp-articleLarge.jpg,400,600,https://static01.nyt.com/images/2025/08/20/multimedia/20int-israel-settlements-1-jlbp/20int-israel-settlements-1-jlbp-thumbStandard.jpg,75,75,"Israel Approves Settlements, a Blow to Faded Hopes for a Palestinian State","Israel Approves Settlements, a Blow to Faded Hopes for a Palestinian State The long-stalled project near Jerusalem, known as E1, further fragments West Bank lands envisioned as part of a Palestinian state, advancing a goal of Israeli hard-liners. The long-stalled project near Jerusalem, known as E1, further fragments West Bank lands envisioned as part of a Palestinian state, advancing a goal of Israeli hard-liners."
The Sykes-Picot Agreement was a secret treaty Britain and France signed more than a century ago. Many consider it to have seeded a legacy of strife in the Middle East.,article,nyt://article/a73a0239-0142-573c-bab9-b59dcba77265,"[{'name': 'Subject', 'value': 'International Relations', 'rank': 1}, {'name': 'Subject', 'value': 'Israel-Gaza War (2023- )', 'rank': 2}, {'name': 'Subject', 'value': 'Palestinians', 'rank': 3}, {'name': 'Subject', 'value': 'Arabs', 'rank': 4}, {'name': 'Subject', 'value': 'Jews and Judaism', 'rank': 5}, {'name': 'Subject', 'value': 'Religion-State Relations', 'rank': 6}, {'name': 'Subject', 'value': 'Famine', 'rank': 7}, {'name': 'Subject', 'value': 'War and Armed Conflicts', 'rank': 8}, {'name': 'Subject', 'value': 'Peace Process', 'rank': 9}, {'name': 'Person', 'value': 'Oren, Michael B', 'rank': 10}, {'name': 'Location', 'value': 'Gaza Strip', 'rank': 11}, {'name': 'Location', 'value': 'Europe', 'rank': 12}, {'name': 'Location', 'value': 'Great Britain', 'rank': 13}, {'name': 'Location', 'value': 'Israel', 'rank': 14}, {'name': 'Location', 'value': 'Middle East', 'rank': 15}, {'name': 'Location', 'value': 'United States', 'rank': 16}, {'name': 'Location', 'value': 'France', 'rank': 17}]",Foreign,5.0,A,2025-08-03 09:01:01+00:00,World,The Sykes-Picot Agreement was a secret treaty Britain and France signed more than a century ago. Many consider it to have seeded a legacy of strife in the Middle East.,The New York Times,Middle East,News,nyt://article/a73a0239-0142-573c-bab9-b59dcba77265,https://www.nytimes.com/2025/08/03/world/middleeast/britan-france-palestine-sykes-picot-agreement.html,1245,By Mark Landler,The 109-Year-Old Pact That Looms Over European Moves to Recognize a Palestinian State,News Analysis,A Century-Old Colonial Treaty Binds Europe to a Palestinian State,"Speaking at the United Nations on Tuesday, Britain’s foreign secretary, David Lammy, evoked Britain’s role in the creation of Israel.",Eduardo Munoz/Reuters,https://static01.nyt.com/images/2025/08/03/multimedia/03int-mideast-palestine-wbkg/03int-mideast-palestine-wbkg-articleLarge.jpg,400,600,https://static01.nyt.com/images/2025/08/03/multimedia/03int-mideast-palestine-wbkg/03int-mideast-palestine-wbkg-thumbStandard.jpg,75,75,The 109-Year-Old Pact That Looms Over European Moves to Recognize a Palestinian State,The 109-Year-Old Pact That Looms Over European Moves to Recognize a Palestinian State The Sykes-Picot Agreement was a secret treaty Britain and France signed more than a century ago. Many consider it to have seeded a legacy of strife in the Middle East. The Sykes-Picot Agreement was a secret treaty Britain and France signed more than a century ago. Many consider it to have seeded a legacy of strife in the Middle East.
"“Hamas must end its rule in Gaza,” reads a declaration endorsed by the 22 member nations of the Arab League.",article,nyt://article/8ed47225-ae79-5618-b9f4-ef56cf021678,"[{'name': 'Subject', 'value': 'Israel-Gaza War (2023- )', 'rank': 1}, {'name': 'Subject', 'value': 'Palestinians', 'rank': 2}, {'name': 'Subject', 'value': 'International Relations', 'rank': 3}, {'name': 'Organization', 'value': 'Arab League', 'rank': 4}, {'name': 'Organization', 'value': 'Hamas', 'rank': 5}, {'name': 'Organization', 'value': 'United Nations', 'rank': 6}]",Foreign,8.0,A,2025-07-31 21:58:06+00:00,World,"“Hamas must end its rule in Gaza,” reads a declaration endorsed by the 22 member nations of the Arab League.",The New York Times,Middle East,News,nyt://article/8ed47225-ae79-5618-b9f4-ef56cf021678,https://www.nytimes.com/2025/07/31/world/middleeast/hamas-arab-states-palestinians.html,999,By Farnaz Fassihi and Ephrat Livni,Arab States Call for Hamas to Disarm Amid Push for a Palestinian State,,Arab League Says Hamas Must Disarm to Achieve a Palestinian State,"The surprise move, in a declaration endorsed on Tuesday by the 22 member nations of the Arab League, also condemned Hamas’s Oct. 7 attacks on Israel, which set off the devastating war in Gaza.",Stephanie Keith/Getty Images,https://static01.nyt.com/images/2025/07/31/multimedia/31int-un-arabs-vkjz/31int-un-arabs-vkjz-articleLarge.jpg,400,600,https://static01.nyt.com/images/2025/07/31/multimedia/31int-un-arabs-vkjz/31int-un-arabs-vkjz-thumbStandard.jpg,75,75,Arab States Call for Hamas to Disarm Amid Push for a Palestinian State,"Arab States Call for Hamas to Disarm Amid Push for a Palestinian State “Hamas must end its rule in Gaza,” reads a declaration endorsed by the 22 member nations of the Arab League. “Hamas must end its rule in Gaza,” reads a declaration endorsed by the 22 member nations of the Arab League."
"The military government hopes elections can bring more international legitimacy. But the generals will still rule, and opposition groups are boycotting.",article,nyt://article/c827ebaa-7cb4-555d-b4a0-b2a773ecb727,"[{'name': 'Location', 'value': 'Myanmar', 'rank': 1}, {'name': 'Subject', 'value': 'Politics and Government', 'rank': 2}, {'name': 'Subject', 'value': 'Elections', 'rank': 3}, {'name': 'Subject', 'value': 'Boycotts', 'rank': 4}, {'name': 'Subject', 'value': 'Defense and Military Forces', 'rank': 5}, {'name': 'Subject', 'value': 'War and Armed Conflicts', 'rank': 6}, {'name': 'Person', 'value': 'Min Aung Hlaing', 'rank': 7}, {'name': 'Person', 'value': 'Aung San Suu Kyi', 'rank': 8}, {'name': 'Organization', 'value': 'National League for Democracy (Myanmar)', 'rank': 9}, {'name': 'Subject', 'value': 'International Relations', 'rank': 10}]",Foreign,6.0,A,2025-07-31 09:05:06+00:00,World,"The military government hopes elections can bring more international legitimacy. But the generals will still rule, and opposition groups are boycotting.",The New York Times,Asia Pacific,News,nyt://article/c827ebaa-7cb4-555d-b4a0-b2a773ecb727,https://www.nytimes.com/2025/07/31/world/asia/myanmar-emergency-election.html,396,By Sui-Lee Wee,"Myanmar Lifts State of Emergency, Paving the Way for Disputed Vote",,"Ahead of Vote, Myanmar Ends Emergency","Protesters clashing with security forces in Tharketa township, in Yangon, Myanmar, in 2021. The government lifted a four-year state of emergency in place since the army seized power in a coup in 2021.",The New York Times,https://static01.nyt.com/images/2025/07/31/multimedia/31int-myanmar-politics-fpbt/31int-myanmar-politics-fpbt-articleLarge.jpg,400,600,https://static01.nyt.com/images/2025/07/31/multimedia/31int-myanmar-politics-fpbt/31int-myanmar-politics-fpbt-thumbStandard.jpg,75,75,"Myanmar Lifts State of Emergency, Paving the Way for Disputed Vote","Myanmar Lifts State of Emergency, Paving the Way for Disputed Vote The military government hopes elections can bring more international legitimacy. But the generals will still rule, and opposition groups are boycotting. The military government hopes elections can bring more international legitimacy. But the generals will still rule, and opposition groups are boycotting."
"Canada joins France and Britain in taking similar steps, after months of increasing criticism of Israel by Prime Minister Mark Carney.",article,nyt://article/5134afe5-31bd-5650-a035-ad36d56395c9,"[{'name': 'Subject', 'value': 'International Relations', 'rank': 1}, {'name': 'Subject', 'value': 'Israel-Gaza War (2023- )', 'rank': 2}, {'name': 'Subject', 'value': 'Palestinians', 'rank': 3}, {'name': 'Subject', 'value': 'United States International Relations', 'rank': 4}, {'name': 'Subject', 'value': 'Malnutrition', 'rank': 5}, {'name': 'Organization', 'value': 'Palestinian Authority', 'rank': 6}, {'name': 'Organization', 'value': 'United Nations', 'rank': 7}, {'name': 'Person', 'value': 'Carney, Mark J', 'rank': 8}, {'name': 'Person', 'value': 'Anand, Anita (1972- )', 'rank': 9}, {'name': 'Person', 'value': 'Netanyahu, Benjamin', 'rank': 10}, {'name': 'Person', 'value': 'Starmer, Keir', 'rank': 11}, {'name': 'Person', 'value': 'Trump, Donald J', 'rank': 12}, {'name': 'Location', 'value': 'Canada', 'rank': 13}, {'name': 'Location', 'value': 'United States', 'rank': 14}, {'name': 'Location', 'value': 'Israel', 'rank': 15}]",Foreign,5.0,A,2025-07-30 21:30:51+00:00,World,"Canada joins France and Britain in taking similar steps, after months of increasing criticism of Israel by Prime Minister Mark Carney.",The New York Times,Canada,News,nyt://article/5134afe5-31bd-5650-a035-ad36d56395c9,https://www.nytimes.com/2025/07/30/world/canada/canada-palestinian-state-recognition.html,716,By Ian Austen,Canada to Recognize Palestinian State at the U.N. General Assembly,,Canada Is the Latest to Say It Will Recognize a Palestinian State,Prime Minister Mark Carney of Canada has intensified his criticism of Israel over the worsening humanitarian crisis in Gaza.,Kenny Holston/The New York Times,https://static01.nyt.com/images/2025/07/30/multimedia/30int-canada-palestine-hfo-jfkh/30int-canada-palestine-hfo-jfkh-articleLarge.jpg,400,600,https://static01.nyt.com/images/2025/07/30/multimedia/30int-canada-palestine-hfo-jfkh/30int-canada-palestine-hfo-jfkh-thumbStandard.jpg,75,75,Canada to Recognize Palestinian State at the U.N. General Assembly,"Canada to Recognize Palestinian State at the U.N. General Assembly Canada joins France and Britain in taking similar steps, after months of increasing criticism of Israel by Prime Minister Mark Carney. Canada joins France and Britain in taking similar steps, after months of increasing criticism of Israel by Prime Minister Mark Carney."
"Prime Minister Keir Starmer said his government would act unless there was a truce, citing the “intolerable” humanitarian crisis in Gaza.",article,nyt://article/e9ce27ea-e98d-5660-9379-414b3248acc1,"[{'name': 'Location', 'value': 'Great Britain', 'rank': 1}, {'name': 'Subject', 'value': 'International Relations', 'rank': 2}, {'name': 'Subject', 'value': 'Israel-Gaza War (2023- )', 'rank': 3}, {'name': 'Subject', 'value': 'Palestinians', 'rank': 4}, {'name': 'Subject', 'value': 'Malnutrition', 'rank': 5}, {'name': 'Subject', 'value': 'Humanitarian Aid', 'rank': 6}, {'name': 'Organization', 'value': 'Labour Party (Great Britain)', 'rank': 7}, {'name': 'Person', 'value': 'Starmer, Keir', 'rank': 8}, {'name': 'Location', 'value': 'Europe', 'rank': 9}, {'name': 'Location', 'value': 'Gaza Strip', 'rank': 10}, {'name': 'Location', 'value': 'Middle East', 'rank': 11}, {'name': 'Location', 'value': 'Israel', 'rank': 12}, {'name': 'Organization', 'value': 'Hamas', 'rank': 13}, {'name': 'Subject', 'value': 'Defense and Military Forces', 'rank': 14}, {'name': 'Subject', 'value': 'Terrorism', 'rank': 15}]",Foreign,1.0,A,2025-07-29 16:02:19+00:00,World,"Prime Minister Keir Starmer said his government would act unless there was a truce, citing the “intolerable” humanitarian crisis in Gaza.",The New York Times,Europe,News,nyt://article/e9ce27ea-e98d-5660-9379-414b3248acc1,https://www.nytimes.com/2025/07/29/world/europe/uk-palestine-state-starmer-gaza-israel.html,1113,By Mark Landler,"U.K. Will Recognize a Palestinian State in September, Barring Israel-Hamas Cease-Fire",,"Barring Truce,  U.K. to Affirm  Palestine State","Prime Minister Keir Starmer of Britain last month. “Because of a catastrophic failure of aid, we see starving babies, children too weak to stand — images that will stand with us for a lifetime,” Mr. Starmer said of the situation in Gaza on Tuesday.",Pool photo by Jordan Pettitt,https://static01.nyt.com/images/2025/07/29/multimedia/00int-uk-palestine-hfo-klhj/00int-uk-palestine-hfo-klhj-articleLarge.jpg,400,600,https://static01.nyt.com/images/2025/07/29/multimedia/00int-uk-palestine-hfo-klhj/00int-uk-palestine-hfo-klhj-thumbStandard.jpg,75,75,"U.K. Will Recognize a Palestinian State in September, Barring Israel-Hamas Cease-Fire","U.K. Will Recognize a Palestinian State in September, Barring Israel-Hamas Cease-Fire Prime Minister Keir Starmer said his government would act unless there was a truce, citing the “intolerable” humanitarian crisis in Gaza. Prime Minister Keir Starmer said his government would act unless there was a truce, citing the “intolerable” humanitarian crisis in Gaza."
"The French president, expressing a moral obligation to address suffering in Gaza, made clear he had lost patience with the United States and Israel. The question is what effect he will have.",article,nyt://article/5e9cc84e-d6f6-51d3-ad21-c245ca5e8dc7,"[{'name': 'Subject', 'value': 'International Relations', 'rank': 1}, {'name': 'Subject', 'value': 'United States International Relations', 'rank': 2}, {'name': 'Subject', 'value': 'Defense and Military Forces', 'rank': 3}, {'name': 'Subject', 'value': 'Politics and Government', 'rank': 4}, {'name': 'Subject', 'value': 'Palestinians', 'rank': 5}, {'name': 'Subject', 'value': 'Israel-Gaza War (2023- )', 'rank': 6}, {'name': 'Subject', 'value': 'Foreign Aid', 'rank': 7}, {'name': 'Organization', 'value': 'Hamas', 'rank': 8}, {'name': 'Organization', 'value': 'Palestinian Authority', 'rank': 9}, {'name': 'Person', 'value': 'Abbas, Mahmoud', 'rank': 10}, {'name': 'Person', 'value': 'Macron, Emmanuel (1977- )', 'rank': 11}, {'name': 'Person', 'value': 'Netanyahu, Benjamin', 'rank': 12}, {'name': 'Location', 'value': 'France', 'rank': 13}, {'name': 'Location', 'value': 'Gaza Strip', 'rank': 14}, {'name': 'Location', 'value': 'Israel', 'rank': 15}]",Foreign,6.0,A,2025-07-25 15:15:54+00:00,World,"The French president, expressing a moral obligation to address suffering in Gaza, made clear he had lost patience with the United States and Israel. The question is what effect he will have.",The New York Times,Middle East,News Analysis,nyt://article/5e9cc84e-d6f6-51d3-ad21-c245ca5e8dc7,https://www.nytimes.com/2025/07/25/world/middleeast/macron-france-palestinian-statehood.html,1147,By Roger Cohen,Macron Recognizes a Palestinian State. But to What End?,News Analysis,"By Recognizing Palestine, Macron Prepares to Go It Alone in the West",President Emmanuel Macron departs the White House earlier this year. His recognition of Palestinian statehood reflects the swelling global outrage at the death and destruction in Gaza.,Doug Mills/The New York Times,https://static01.nyt.com/images/2025/07/25/multimedia/25int-macron-mideast-tlhv/25int-macron-mideast-tlhv-articleLarge.jpg,400,600,https://static01.nyt.com/images/2025/07/25/multimedia/25int-macron-mideast-tlhv/25int-macron-mideast-tlhv-thumbStandard.jpg,75,75,Macron Recognizes a Palestinian State. But to What End?,"Macron Recognizes a Palestinian State. But to What End? The French president, expressing a moral obligation to address suffering in Gaza, made clear he had lost patience with the United States and Israel. The question is what effect he will have. The French president, expressing a moral obligation to address suffering in Gaza, made clear he had lost patience with the United States and Israel. The question is what effect he will have."
"The boat, carrying 46 passengers and three crew members, was on a sightseeing tour of Ha Long Bay when a sudden storm caused it to overturn, state media said. Ten people were rescued.",article,nyt://article/d9e40c69-e469-5162-aaa8-23fc68407f23,"[{'name': 'Subject', 'value': 'Maritime Accidents and Safety', 'rank': 1}, {'name': 'Subject', 'value': 'Deaths (Fatalities)', 'rank': 2}, {'name': 'Subject', 'value': 'Boats and Boating', 'rank': 3}, {'name': 'Location', 'value': 'Vietnam', 'rank': 4}, {'name': 'Subject', 'value': 'Rescues', 'rank': 5}, {'name': 'Location', 'value': 'Halong Bay (Vietnam)', 'rank': 6}]",Foreign,6.0,A,2025-07-19 16:26:43+00:00,World,"The boat, carrying 46 passengers and three crew members, was on a sightseeing tour of Ha Long Bay when a sudden storm caused it to overturn, state media said. Ten people were rescued.",The New York Times,Asia Pacific,News,nyt://article/d9e40c69-e469-5162-aaa8-23fc68407f23,https://www.nytimes.com/2025/07/19/world/asia/vietnam-tourist-boat-capsizes.html,349,By Tung Ngo and Lynsey Chutel,"At Least 35 Dead After Vietnam Tourist Boat Capsizes, State Media Says",,Dozens Die as Vietnam Tourist Boat Flips,"A tourist boat capsized on Saturday in Ha Long Bay, in Vietnam’s Quang Ninh Province, northeast of Hanoi.",Agence France-Presse — Getty Images,https://static01.nyt.com/images/2025/07/19/multimedia/19int-vietnam-boat-pcmk/19int-vietnam-boat-pcmk-articleLarge.jpg,400,600,https://static01.nyt.com/images/2025/07/19/multimedia/19int-vietnam-boat-pcmk/19int-vietnam-boat-pcmk-thumbStandard.jpg,75,75,"At Least 35 Dead After Vietnam Tourist Boat Capsizes, State Media Says","At Least 35 Dead After Vietnam Tourist Boat Capsizes, State Media Says The boat, carrying 46 passengers and three crew members, was on a sightseeing tour of Ha Long Bay when a sudden storm caused it to overturn, state media said. Ten people were rescued. The boat, carrying 46 passengers and three crew members, was on a sightseeing tour of Ha Long Bay when a sudden storm caused it to overturn, state media said. Ten people were rescued."
"Buckingham Palace confirmed the dates of President Trump’s trip to Britain, which will be his second state visit.",article,nyt://article/5ad344d1-2a07-5622-8915-656be1f30630,"[{'name': 'Person', 'value': 'Charles III, King of the United Kingdom', 'rank': 1}, {'name': 'Person', 'value': 'Trump, Donald J', 'rank': 2}, {'name': 'Location', 'value': 'Great Britain', 'rank': 3}, {'name': 'Subject', 'value': 'United States International Relations', 'rank': 4}, {'name': 'Organization', 'value': 'Windsor Castle', 'rank': 5}]",Foreign,,,2025-07-13 23:01:05+00:00,World,"Buckingham Palace confirmed the dates of President Trump’s trip to Britain, which will be his second state visit.",The New York Times,Europe,News,nyt://article/5ad344d1-2a07-5622-8915-656be1f30630,https://www.nytimes.com/2025/07/13/world/europe/king-charles-trump-uk-state-visit.html,352,By Mark Landler,King Charles III Will Host Trump for U.K. State Visit in September,,,"In February, Prime Minister Keir Starmer of Britain gave President Trump an invitation from King Charles for a state visit.",Doug Mills/The New York Times,https://static01.nyt.com/images/2025/07/13/multimedia/13int-uk-trump-jwvz/13int-uk-trump-jwvz-articleLarge.jpg,400,600,https://static01.nyt.com/images/2025/07/13/multimedia/13int-uk-trump-jwvz/13int-uk-trump-jwvz-thumbStandard.jpg,75,75,King Charles III Will Host Trump for U.K. State Visit in September,"King Charles III Will Host Trump for U.K. State Visit in September Buckingham Palace confirmed the dates of President Trump’s trip to Britain, which will be his second state visit. Buckingham Palace confirmed the dates of President Trump’s trip to Britain, which will be his second state visit."
"President Emmanuel Macron is on a state visit to Britain, the first by a French leader since 2008. His hosts are drenching him in pomp, pizazz and protocol.",article,nyt://article/e58a9ade-51ed-5aa6-837a-56fd29b3fc2d,"[{'name': 'Subject', 'value': 'International Relations', 'rank': 1}, {'name': 'Subject', 'value': 'Royal Families', 'rank': 2}, {'name': 'Subject', 'value': 'Carriages', 'rank': 3}, {'name': 'Subject', 'value': 'Palaces and Castles', 'rank': 4}, {'name': 'Organization', 'value': 'Windsor Castle', 'rank': 5}, {'name': 'Person', 'value': 'Charles III, King of the United Kingdom', 'rank': 6}, {'name': 'Person', 'value': 'Macron, Emmanuel (1977- )', 'rank': 7}, {'name': 'Person', 'value': 'William, Prince of Wales', 'rank': 8}, {'name': 'Person', 'value': 'Starmer, Keir', 'rank': 9}, {'name': 'Person', 'value': 'Macron, Brigitte', 'rank': 10}, {'name': 'Person', 'value': 'Catherine, Princess of Wales', 'rank': 11}, {'name': 'Person', 'value': 'Camilla, Queen Consort of the United Kingdom', 'rank': 12}]",Foreign,,,2025-07-08 18:54:07+00:00,World,"President Emmanuel Macron is on a state visit to Britain, the first by a French leader since 2008. His hosts are drenching him in pomp, pizazz and protocol.",The New York Times,Europe,News,nyt://article/e58a9ade-51ed-5aa6-837a-56fd29b3fc2d,https://www.nytimes.com/2025/07/08/world/europe/macron-uk-state-visit-royal-family-photos.html,820,By Amelia Nierenberg,"In Pictures: Macron’s U.K. State Visit, From a Polite Kiss to a Lavish Royal Banquet",,,"King Charles speaking at the state banquet for Emmanuel Macron, president of France, at Windsor Castle on Tuesday.",Pool photo by Ludovic Marin,https://static01.nyt.com/images/2025/08/08/multimedia/08int-uk-france-scene-bglw/08int-uk-france-scene-bglw-articleLarge.jpg,400,600,https://static01.nyt.com/images/2025/08/08/multimedia/08int-uk-france-scene-bglw/08int-uk-france-scene-bglw-thumbStandard.jpg,75,75,"In Pictures: Macron’s U.K. State Visit, From a Polite Kiss to a Lavish Royal Banquet","In Pictures: Macron’s U.K. State Visit, From a Polite Kiss to a Lavish Royal Banquet President Emmanuel Macron is on a state visit to Britain, the first by a French leader since 2008. His hosts are drenching him in pomp, pizazz and protocol. President Emmanuel Macron is on a state visit to Britain, the first by a French leader since 2008. His hosts are drenching him in pomp, pizazz and protocol."
"President Emmanuel Macron’s state visit to Britain, which began Tuesday, is heavy on pageantry. But both he and Prime Minister Keir Starmer hope for practical results.",article,nyt://article/1a1427c3-7f99-56f1-ae5c-9ff08dca6b93,"[{'name': 'Subject', 'value': 'International Relations', 'rank': 1}, {'name': 'Subject', 'value': 'Royal Families', 'rank': 2}, {'name': 'Person', 'value': 'Charles III, King of the United Kingdom', 'rank': 3}, {'name': 'Person', 'value': 'Camilla, Queen Consort of the United Kingdom', 'rank': 4}, {'name': 'Person', 'value': 'Macron, Emmanuel (1977- )', 'rank': 5}, {'name': 'Person', 'value': 'Starmer, Keir', 'rank': 6}, {'name': 'Location', 'value': 'English Channel', 'rank': 7}, {'name': 'Location', 'value': 'Europe', 'rank': 8}, {'name': 'Location', 'value': 'France', 'rank': 9}, {'name': 'Location', 'value': 'Great Britain', 'rank': 10}, {'name': 'Location', 'value': 'London (England)', 'rank': 11}]",Foreign,10.0,A,2025-07-08 04:01:13+00:00,World,"President Emmanuel Macron’s state visit to Britain, which began Tuesday, is heavy on pageantry. But both he and Prime Minister Keir Starmer hope for practical results.",The New York Times,Europe,News,nyt://article/1a1427c3-7f99-56f1-ae5c-9ff08dca6b93,https://www.nytimes.com/2025/07/08/world/europe/macron-starmer-france-uk-state-visit.html,1108,By Mark Landler,"Macron’s U.K. State Visit: A Carriage Ride, a Royal Banquet and a Power Lunch",,"Britain Hosts French Leader, Seeking a Partner on Shared Thorny Issues",,Pool photo by Geoff Pugh,https://static01.nyt.com/images/2025/07/08/multimedia/08int-uk-france-pfbz/08int-uk-france-pfbz-articleLarge.jpg,400,600,https://static01.nyt.com/images/2025/07/08/multimedia/08int-uk-france-pfbz/08int-uk-france-pfbz-thumbStandard.jpg,75,75,"Macron’s U.K. State Visit: A Carriage Ride, a Royal Banquet and a Power Lunch","Macron’s U.K. State Visit: A Carriage Ride, a Royal Banquet and a Power Lunch President Emmanuel Macron’s state visit to Britain, which began Tuesday, is heavy on pageantry. But both he and Prime Minister Keir Starmer hope for practical results. President Emmanuel Macron’s state visit to Britain, which began Tuesday, is heavy on pageantry. But both he and Prime Minister Keir Starmer hope for practical results."
"Firefighting efforts have been hampered by the presence of mines and unexploded ordnance left over from the civil war, as the country grapples with the worst drought in decades.",article,nyt://article/adfeb330-7bb1-5178-ad02-2419f5c7698c,"[{'name': 'Subject', 'value': 'Wildfires', 'rank': 1}, {'name': 'Subject', 'value': 'Drought', 'rank': 2}, {'name': 'Subject', 'value': 'Fires and Firefighters', 'rank': 3}, {'name': 'Subject', 'value': 'War and Armed Conflicts', 'rank': 4}, {'name': 'Location', 'value': 'Syria', 'rank': 5}, {'name': 'Organization', 'value': 'White Helmets (Syrian Civil Defense Volunteer Group)', 'rank': 6}, {'name': 'Location', 'value': 'Latakia (Syria)', 'rank': 7}]",Foreign,,,2025-07-04 16:35:10+00:00,World,"Firefighting efforts have been hampered by the presence of mines and unexploded ordnance left over from the civil war, as the country grapples with the worst drought in decades.",The New York Times,Middle East,News,nyt://article/adfeb330-7bb1-5178-ad02-2419f5c7698c,https://www.nytimes.com/2025/07/04/world/middleeast/syria-wildfires-drought.html,601,By Euan Ward,Wildfires Sweep Syria’s Coast as Drought Strains Fragile State,,,"Syrian firefighters sprayed burned trees with water in a forest outside the village of Rihaniya in the Latakia province, Syria on Tuesday.",Omar Haj Kadour/Agence France-Presse — Getty Images,https://static01.nyt.com/images/2025/07/04/multimedia/04int-Syria-Drought-01-qwgv/04int-Syria-Drought-01-qwgv-articleLarge.jpg,400,600,https://static01.nyt.com/images/2025/07/04/multimedia/04int-Syria-Drought-01-qwgv/04int-Syria-Drought-01-qwgv-thumbStandard.jpg,75,75,Wildfires Sweep Syria’s Coast as Drought Strains Fragile State,"Wildfires Sweep Syria’s Coast as Drought Strains Fragile State Firefighting efforts have been hampered by the presence of mines and unexploded ordnance left over from the civil war, as the country grapples with the worst drought in decades. Firefighting efforts have been hampered by the presence of mines and unexploded ordnance left over from the civil war, as the country grapples with the worst drought in decades."
"The notorious detention facility in Tehran, where dissidents and political prisoners are held, came under attack on June 23.",article,nyt://article/0db8ec49-46c3-5416-9a0d-b039e8860a66,"[{'name': 'Subject', 'value': 'Political Prisoners', 'rank': 1}, {'name': 'Location', 'value': 'Iran', 'rank': 2}, {'name': 'Location', 'value': 'Tehran (Iran)', 'rank': 3}, {'name': 'Organization', 'value': 'Evin Prison', 'rank': 4}, {'name': 'Subject', 'value': 'War and Armed Conflicts', 'rank': 5}]",Foreign,11.0,A,2025-06-29 16:31:24+00:00,World,"The notorious detention facility in Tehran, where dissidents and political prisoners are held, came under attack on June 23.",The New York Times,Middle East,News,nyt://article/0db8ec49-46c3-5416-9a0d-b039e8860a66,https://www.nytimes.com/2025/06/29/world/middleeast/evin-prison-iran.html,591,By Vivian Yee and Sanam Mahoozi,"Israel’s Attack on Evin Prison Killed 71, Iranian State Media Report",,"Israeli Strike On Evin Jail Left 71 Dead, Iran Reports","The ruins of an office building at Evin Prison in Tehran on Sunday, several days after it was hit by an Israeli strike. ",Arash Khamooshi for The New York Times,https://static01.nyt.com/images/2025/07/29/multimedia/29int-iran-evin-gcmw/29int-iran-evin-gcmw-articleLarge.jpg,400,600,https://static01.nyt.com/images/2025/07/29/multimedia/29int-iran-evin-gcmw/29int-iran-evin-gcmw-thumbStandard.jpg,75,75,"Israel’s Attack on Evin Prison Killed 71, Iranian State Media Report","Israel’s Attack on Evin Prison Killed 71, Iranian State Media Report The notorious detention facility in Tehran, where dissidents and political prisoners are held, came under attack on June 23. The notorious detention facility in Tehran, where dissidents and political prisoners are held, came under attack on June 23."
A procession of marchers honored prominent figures killed during the 12-day war with Israel.,article,nyt://article/ad4f9fce-cb95-51ed-beba-fa799e4b66b5,"[{'name': 'Subject', 'value': 'Iran-Israel War (2025- )', 'rank': 1}, {'name': 'Subject', 'value': 'Funerals and Memorials', 'rank': 2}, {'name': 'Subject', 'value': 'Defense and Military Forces', 'rank': 3}, {'name': 'Subject', 'value': 'Nuclear Weapons', 'rank': 4}, {'name': 'Location', 'value': 'Iran', 'rank': 5}, {'name': 'Location', 'value': 'Israel', 'rank': 6}, {'name': 'Organization', 'value': 'Islamic Revolutionary Guards Corps', 'rank': 7}, {'name': 'Organization', 'value': 'Quds Force', 'rank': 8}, {'name': 'Location', 'value': 'Tehran (Iran)', 'rank': 9}, {'name': 'Person', 'value': 'Bagheri, Mohammad', 'rank': 10}, {'name': 'Person', 'value': 'Salami, Hossein', 'rank': 11}, {'name': 'Person', 'value': 'Shadmani, Ali (d 2025)', 'rank': 12}, {'name': 'Subject', 'value': 'Assassinations and Attempted Assassinations', 'rank': 13}]",Foreign,9.0,A,2025-06-28 11:51:36+00:00,World,A procession of marchers honored prominent figures killed during the 12-day war with Israel.,The New York Times,Middle East,News,nyt://article/ad4f9fce-cb95-51ed-beba-fa799e4b66b5,https://www.nytimes.com/2025/06/28/world/middleeast/iran-funerals-israel-war.html,905,By Neil MacFarquhar and Sanam Mahoozi,Iran Holds State Funeral for Military Commanders and Nuclear Scientists,,Funeral in Iran Following 12-Day War Draws Thousands,Mourners on Saturday in Tehran during a funeral procession for some of those killed in the recent war with Israel.,Arash Khamooshi for The New York Times,https://static01.nyt.com/images/2025/06/28/multimedia/28int-iran-funerals-01-tjbz/28int-iran-funerals-01-tjbz-articleLarge.jpg,400,600,https://static01.nyt.com/images/2025/06/28/multimedia/28int-iran-funerals-01-tjbz/28int-iran-funerals-01-tjbz-thumbStandard.jpg,75,75,Iran Holds State Funeral for Military Commanders and Nuclear Scientists,Iran Holds State Funeral for Military Commanders and Nuclear Scientists A procession of marchers honored prominent figures killed during the 12-day war with Israel. A procession of marchers honored prominent figures killed during the 12-day war with Israel.
"As fighting between Iran and Israel continued for a sixth day, the U.S. Embassy in Jerusalem made its first announcement for Americans trying to leave Israel.",article,nyt://article/3371ebba-18d6-5579-a395-bca88e3f5bb6,"[{'name': 'Subject', 'value': 'Iran-Israel Proxy Conflict', 'rank': 1}, {'name': 'Location', 'value': 'Israel', 'rank': 2}, {'name': 'Organization', 'value': 'State Department', 'rank': 3}, {'name': 'Subject', 'value': 'Diplomatic Service, Embassies and Consulates', 'rank': 4}, {'name': 'Subject', 'value': 'Travel and Vacations', 'rank': 5}, {'name': 'Subject', 'value': 'Business Travel', 'rank': 6}]",Foreign,,,2025-06-18 20:22:47+00:00,World,"As fighting between Iran and Israel continued for a sixth day, the U.S. Embassy in Jerusalem made its first announcement for Americans trying to leave Israel.",The New York Times,Middle East,News,nyt://article/3371ebba-18d6-5579-a395-bca88e3f5bb6,https://www.nytimes.com/2025/06/18/world/middleeast/us-citizens-israel-departure-iran-war.html,541,By Anushka Patil,State Dept. Says It Is Working to Get Americans Out of Israel,,,The United States Embassy in Jerusalem in 2023.,Ahmad Gharabli/Agence France-Presse — Getty Images,https://static01.nyt.com/images/2025/06/18/multimedia/18israel-iran-evacuations-birthright-tzfv/18israel-iran-evacuations-birthright-tzfv-articleLarge.jpg,400,600,https://static01.nyt.com/images/2025/06/18/multimedia/18israel-iran-evacuations-birthright-tzfv/18israel-iran-evacuations-birthright-tzfv-thumbStandard-v2.jpg,75,75,State Dept. Says It Is Working to Get Americans Out of Israel,"State Dept. Says It Is Working to Get Americans Out of Israel As fighting between Iran and Israel continued for a sixth day, the U.S. Embassy in Jerusalem made its first announcement for Americans trying to leave Israel. As fighting between Iran and Israel continued for a sixth day, the U.S. Embassy in Jerusalem made its first announcement for Americans trying to leave Israel."
"A news anchor was speaking when an explosion shook the building, followed by the sound of breaking glass and screams, all carried on television.",article,nyt://article/dbd8827b-e460-59f2-8406-0a72da7cd970,"[{'name': 'Subject', 'value': 'War and Armed Conflicts', 'rank': 1}, {'name': 'Location', 'value': 'Iran', 'rank': 2}, {'name': 'Location', 'value': 'Israel', 'rank': 3}, {'name': 'Subject', 'value': 'Television', 'rank': 4}, {'name': 'Subject', 'value': 'News and News Media', 'rank': 5}]",Foreign,,,2025-06-16 17:00:15+00:00,World,"A news anchor was speaking when an explosion shook the building, followed by the sound of breaking glass and screams, all carried on television.",The New York Times,Middle East,News,nyt://article/dbd8827b-e460-59f2-8406-0a72da7cd970,https://www.nytimes.com/2025/06/16/world/middleeast/israel-iran-state-tv-attack.html,447,"By Aaron Boxerman, Farnaz Fassihi, Aric Toler and Sanjana Varghese","Israel Attacks Iran’s State Television, Live on the Air",,,,"Iranian State TV, via IRIB",https://static01.nyt.com/images/2025/06/16/16vid-Iran-state-tv-anchor-47767-cover/16vid-Iran-state-tv-anchor-47767-cover-articleLarge.jpg,400,600,https://static01.nyt.com/images/2025/06/16/16vid-Iran-state-tv-anchor-47767-cover/16vid-Iran-state-tv-anchor-47767-cover-thumbStandard.jpg,75,75,"Israel Attacks Iran’s State Television, Live on the Air","Israel Attacks Iran’s State Television, Live on the Air A news anchor was speaking when an explosion shook the building, followed by the sound of breaking glass and screams, all carried on television. A news anchor was speaking when an explosion shook the building, followed by the sound of breaking glass and screams, all carried on television."
"The suggestion by the U.S. Ambassador to Israel, Mike Huckabee, would represent a sharp departure from decades of U.S. foreign policy.",article,nyt://article/d709a329-66bd-5124-8ff1-3a1d1ba2b220,"[{'name': 'Subject', 'value': 'International Relations', 'rank': 1}, {'name': 'Subject', 'value': 'Palestinians', 'rank': 2}, {'name': 'Subject', 'value': 'United States International Relations', 'rank': 3}, {'name': 'Subject', 'value': 'Muslims and Islam', 'rank': 4}, {'name': 'Subject', 'value': 'Politics and Government', 'rank': 5}, {'name': 'Subject', 'value': 'Peace Process', 'rank': 6}, {'name': 'Person', 'value': 'Huckabee, Mike', 'rank': 7}, {'name': 'Location', 'value': 'United States', 'rank': 8}, {'name': 'Location', 'value': 'Israel', 'rank': 9}, {'name': 'Location', 'value': 'West Bank', 'rank': 10}, {'name': 'Location', 'value': 'Gaza Strip', 'rank': 11}]",Foreign,9.0,A,2025-06-11 12:51:40+00:00,World,"The suggestion by the U.S. Ambassador to Israel, Mike Huckabee, would represent a sharp departure from decades of U.S. foreign policy.",The New York Times,Middle East,News,nyt://article/d709a329-66bd-5124-8ff1-3a1d1ba2b220,https://www.nytimes.com/2025/06/11/world/middleeast/mike-huckabee-israel-palestinian-state.html,485,By Lara Jakes,Huckabee Says Muslim Nations Should Give Their Own Land for Palestinian State,,Envoy Seems to Stray  On a Palestinian State,Ambassador Mike Huckabee speaking with Homeland Security Secretary Kristi Noem at Ben Gurion Airport in Tel Aviv in May.,Pool photo by Alex Brandon,https://static01.nyt.com/images/2025/06/11/multimedia/11int-israel-huckabee-mkhj/11int-israel-huckabee-mkhj-articleLarge.jpg,400,600,https://static01.nyt.com/images/2025/06/11/multimedia/11int-israel-huckabee-mkhj/11int-israel-huckabee-mkhj-thumbStandard.jpg,75,75,Huckabee Says Muslim Nations Should Give Their Own Land for Palestinian State,"Huckabee Says Muslim Nations Should Give Their Own Land for Palestinian State The suggestion by the U.S. Ambassador to Israel, Mike Huckabee, would represent a sharp departure from decades of U.S. foreign policy. The suggestion by the U.S. Ambassador to Israel, Mike Huckabee, would represent a sharp departure from decades of U.S. foreign policy."
"The extremist group claimed responsibility for two attacks, its first against the new government since the fall of Bashar al-Assad, a war monitoring group said.",article,nyt://article/3116ea66-8633-5bfc-9239-0e88bbd4775f,"[{'name': 'Subject', 'value': 'Terrorism', 'rank': 1}, {'name': 'Subject', 'value': 'War and Armed Conflicts', 'rank': 2}, {'name': 'Subject', 'value': 'Politics and Government', 'rank': 3}, {'name': 'Subject', 'value': 'Defense and Military Forces', 'rank': 4}, {'name': 'Organization', 'value': 'Islamic State in Iraq and Syria (ISIS)', 'rank': 5}, {'name': 'Person', 'value': 'al-Shara, Ahmed (Abu Mohammad al-Jolani) (1982- )', 'rank': 6}, {'name': 'Location', 'value': 'Syria', 'rank': 7}]",Foreign,9.0,A,2025-05-30 15:15:54+00:00,World,"The extremist group claimed responsibility for two attacks, its first against the new government since the fall of Bashar al-Assad, a war monitoring group said.",The New York Times,Middle East,News,nyt://article/3116ea66-8633-5bfc-9239-0e88bbd4775f,https://www.nytimes.com/2025/05/30/world/middleeast/islamic-state-attacks-syria.html,578,By Carlotta Gall,Islamic State Says It Targeted Syrian Forces in Bombings,,ISIS Says It Targeted Syrian Forces With Bombings,"Syrian security forces in Sweida Province, in the country’s south, this month. ISIS claimed attacks in the south in an area where the government has struggled to establish security.",Karam Al-Halabi/Reuters,https://static01.nyt.com/images/2025/05/30/multimedia/30int-syria-isis01-photo-lzkg/30int-syria-isis01-photo-lzkg-articleLarge.jpg,400,600,https://static01.nyt.com/images/2025/05/30/multimedia/30int-syria-isis01-photo-lzkg/30int-syria-isis01-photo-lzkg-thumbStandard.jpg,75,75,Islamic State Says It Targeted Syrian Forces in Bombings,"Islamic State Says It Targeted Syrian Forces in Bombings The extremist group claimed responsibility for two attacks, its first against the new government since the fall of Bashar al-Assad, a war monitoring group said. The extremist group claimed responsibility for two attacks, its first against the new government since the fall of Bashar al-Assad, a war monitoring group said."
"The Kurdistan Workers’ Party, or P.K.K., said that it would lay down its arms and disband, a decision that could reverberate in neighboring countries.",article,nyt://article/9c31281e-a0bb-5cd4-b2b1-1adde1d83cca,"[{'name': 'Subject', 'value': 'Secession and Independence Movements', 'rank': 1}, {'name': 'Subject', 'value': 'Kurds', 'rank': 2}, {'name': 'Subject', 'value': 'War and Armed Conflicts', 'rank': 3}, {'name': 'Subject', 'value': 'Politics and Government', 'rank': 4}, {'name': 'Organization', 'value': ""Kurdistan Workers' Party"", 'rank': 5}, {'name': 'Person', 'value': 'Erdogan, Recep Tayyip', 'rank': 6}, {'name': 'Person', 'value': 'Ocalan, Abdullah', 'rank': 7}, {'name': 'Location', 'value': 'Turkey', 'rank': 8}, {'name': 'Location', 'value': 'Syria', 'rank': 9}, {'name': 'Location', 'value': 'Kurdistan', 'rank': 10}, {'name': 'Location', 'value': 'Iraq', 'rank': 11}]",Foreign,9.0,A,2025-05-12 06:45:23+00:00,World,"The Kurdistan Workers’ Party, or P.K.K., said that it would lay down its arms and disband, a decision that could reverberate in neighboring countries.",The New York Times,Europe,News,nyt://article/9c31281e-a0bb-5cd4-b2b1-1adde1d83cca,https://www.nytimes.com/2025/05/12/world/europe/kurdish-pkk-turkey.html,733,By Erika Solomon and Ben Hubbard,Kurdish Insurgent Group Says It Is Ending Conflict With Turkish State,,Kurdistan Workers’ Party Vows to End Its Four-Decade Insurgency Against Turkey,"A rally in February in Hasakah, Syria, with flags bearing the image of Abdullah Ocalan, the imprisoned leader of the Kurdistan Workers’ Party. Mr. Ocalan has urged the group to disarm and disband.",Orhan Qereman/Reuters,https://static01.nyt.com/images/2025/05/09/multimedia/09int-turkey-pkk-01-wfcz/09int-turkey-pkk-01-wfcz-articleLarge.jpg,398,600,https://static01.nyt.com/images/2025/05/09/multimedia/09int-turkey-pkk-01-wfcz/09int-turkey-pkk-01-wfcz-thumbStandard-v2.jpg,75,75,Kurdish Insurgent Group Says It Is Ending Conflict With Turkish State,"Kurdish Insurgent Group Says It Is Ending Conflict With Turkish State The Kurdistan Workers’ Party, or P.K.K., said that it would lay down its arms and disband, a decision that could reverberate in neighboring countries. The Kurdistan Workers’ Party, or P.K.K., said that it would lay down its arms and disband, a decision that could reverberate in neighboring countries."
"After years of building relationships with congressional Republicans and conservative think tanks, officials in Somaliland believe President Trump will grant their ultimate wish: statehood.",article,nyt://article/0bbee331-6b10-55d5-bee5-e85f4f6bb665,"[{'name': 'Location', 'value': 'Somaliland', 'rank': 1}, {'name': 'Person', 'value': 'Trump, Donald J', 'rank': 2}, {'name': 'Subject', 'value': 'United States International Relations', 'rank': 3}, {'name': 'Subject', 'value': 'International Relations', 'rank': 4}, {'name': 'Subject', 'value': 'Politics and Government', 'rank': 5}, {'name': 'Subject', 'value': 'Ports', 'rank': 6}, {'name': 'Person', 'value': 'Abdullahi, Abdirahman Mohamed (1956- )', 'rank': 7}, {'name': 'Organization', 'value': 'Republican Party', 'rank': 8}, {'name': 'Location', 'value': 'Berbera (Somaliland)', 'rank': 9}, {'name': 'Location', 'value': 'Hargeisa (Somaliland)', 'rank': 10}, {'name': 'Location', 'value': 'Somalia', 'rank': 11}, {'name': 'Location', 'value': 'Ethiopia', 'rank': 12}, {'name': 'Location', 'value': 'Africa', 'rank': 13}, {'name': 'Location', 'value': 'China', 'rank': 14}, {'name': 'Location', 'value': 'Taiwan', 'rank': 15}, {'name': 'Location', 'value': 'Gulf of Aden', 'rank': 16}, {'name': 'Subject', 'value': 'vis-photo', 'rank': 17}]",Foreign,16.0,A,2025-04-12 09:01:03+00:00,World,"After years of building relationships with congressional Republicans and conservative think tanks, officials in Somaliland believe President Trump will grant their ultimate wish: statehood.",The New York Times,Africa,News,nyt://article/0bbee331-6b10-55d5-bee5-e85f4f6bb665,https://www.nytimes.com/2025/04/12/world/africa/somaliland-trump-military-base.html,1484,By Abdi Latif Dahir and Joao Silva,African Breakaway State Offers U.S. a Chance to Stick It to China,,Breakaway Territory  Offers U.S. a Chance  To Box Out China,"The Berbera Port in Somaliland, last month.",Joao Silva/The New York Times,https://static01.nyt.com/images/2025/04/07/multimedia/00somaliland-trump-promo/00somaliland-1-wcjk-articleLarge.jpg,400,600,https://static01.nyt.com/images/2025/04/07/multimedia/00somaliland-trump-promo/00somaliland-trump-promo-thumbStandard.jpg,75,75,African Breakaway State Offers U.S. a Chance to Stick It to China,"African Breakaway State Offers U.S. a Chance to Stick It to China After years of building relationships with congressional Republicans and conservative think tanks, officials in Somaliland believe President Trump will grant their ultimate wish: statehood. After years of building relationships with congressional Republicans and conservative think tanks, officials in Somaliland believe President Trump will grant their ultimate wish: statehood."
"The U.S. has sent more forces to Syria, tamping down on the immediate threat, but experts warn that the extremist group could break thousands of hardened fighters out of prison.",article,nyt://article/ce439044-9d69-5530-8c66-b93ee5bddb00,"[{'name': 'Organization', 'value': 'Islamic State in Iraq and Syria (ISIS)', 'rank': 1}, {'name': 'Location', 'value': 'Syria', 'rank': 2}, {'name': 'Subject', 'value': 'Terrorism', 'rank': 3}, {'name': 'Subject', 'value': 'Kurds', 'rank': 4}, {'name': 'Location', 'value': 'United States', 'rank': 5}, {'name': 'Subject', 'value': 'United States Defense and Military Forces', 'rank': 6}, {'name': 'Organization', 'value': 'Syrian Democratic Forces', 'rank': 7}]",Foreign,4.0,A,2025-04-09 09:11:32+00:00,World,"The U.S. has sent more forces to Syria, tamping down on the immediate threat, but experts warn that the extremist group could break thousands of hardened fighters out of prison.",The New York Times,Middle East,News,nyt://article/ce439044-9d69-5530-8c66-b93ee5bddb00,https://www.nytimes.com/2025/04/09/world/middleeast/syria-isis-prisoners.html,1123,By Alissa J. Rubin and Eric Schmitt,Islamic State Regains Strength in Syria,,Islamic State Sees Opportunity in Syria’s Instability,"Men accused of being Islamic State fighters last month in a cell Al-Sina Prison, run by the Syrian Democratic Forces, in Hasaka, Syria.",Daniel Berehulak/The New York Times,https://static01.nyt.com/images/2025/04/08/multimedia/00int-isis-syria-01-bplk/00int-isis-syria-01-bplk-articleLarge.jpg,400,600,https://static01.nyt.com/images/2025/04/08/multimedia/00int-isis-syria-01-bplk/00int-isis-syria-01-bplk-thumbStandard.jpg,75,75,Islamic State Regains Strength in Syria,"Islamic State Regains Strength in Syria The U.S. has sent more forces to Syria, tamping down on the immediate threat, but experts warn that the extremist group could break thousands of hardened fighters out of prison. The U.S. has sent more forces to Syria, tamping down on the immediate threat, but experts warn that the extremist group could break thousands of hardened fighters out of prison."
Cambodia’s authoritarian dynasty had silenced almost all of the country’s independent media. The remaining few are facing extinction because of an executive directive from President Trump.,article,nyt://article/0f7e77f0-e0ca-5325-ad3a-03cefeea498e,"[{'name': 'Location', 'value': 'Cambodia', 'rank': 1}, {'name': 'Subject', 'value': 'Freedom of the Press', 'rank': 2}, {'name': 'Subject', 'value': 'Freedom of Speech and Expression', 'rank': 3}, {'name': 'Subject', 'value': 'News and News Media', 'rank': 4}, {'name': 'Subject', 'value': 'Foreign Aid', 'rank': 5}, {'name': 'Subject', 'value': 'Politics and Government', 'rank': 6}, {'name': 'Subject', 'value': 'United States International Relations', 'rank': 7}, {'name': 'Organization', 'value': ""Cambodian People's Party"", 'rank': 8}, {'name': 'Organization', 'value': 'Radio Free Asia', 'rank': 9}, {'name': 'Organization', 'value': 'United States Agency for International Development', 'rank': 10}, {'name': 'Organization', 'value': 'Voice of America', 'rank': 11}, {'name': 'Organization', 'value': 'Voice of Democracy (News Service)', 'rank': 12}, {'name': 'Person', 'value': 'Hun Manet (1977- )', 'rank': 13}, {'name': 'Person', 'value': 'Hun Sen', 'rank': 14}, {'name': 'Person', 'value': 'Trump, Donald J', 'rank': 15}]",Foreign,4.0,A,2025-04-07 04:01:08+00:00,World,Cambodia’s authoritarian dynasty had silenced almost all of the country’s independent media. The remaining few are facing extinction because of an executive directive from President Trump.,The New York Times,Asia Pacific,News,nyt://article/0f7e77f0-e0ca-5325-ad3a-03cefeea498e,https://www.nytimes.com/2025/04/07/world/asia/in-a-strongman-state-a-trump-order-extinguishes-flickers-of-freedom.html,1086,By Hannah Beech and Sun Narin,"In a Strongman State, a Trump Order Extinguishes Flickers of Freedom",,Authoritarian State Cheers as Trump Order Extinguishes Press Freedom,"Uon Chhin, left, and Yeang Sothearin, former journalists with Radio Free Asia, arriving at a court in Phnom Penh, Cambodia, in 2019.",Samrang Pring/Reuters,https://static01.nyt.com/images/2025/03/26/multimedia/int-cambodia-01-hpfz/int-cambodia-01-hpfz-articleLarge.jpg,413,600,https://static01.nyt.com/images/2025/03/26/multimedia/int-cambodia-01-hpfz/int-cambodia-01-hpfz-thumbStandard.jpg,75,75,"In a Strongman State, a Trump Order Extinguishes Flickers of Freedom","In a Strongman State, a Trump Order Extinguishes Flickers of Freedom Cambodia’s authoritarian dynasty had silenced almost all of the country’s independent media. The remaining few are facing extinction because of an executive directive from President Trump. Cambodia’s authoritarian dynasty had silenced almost all of the country’s independent media. The remaining few are facing extinction because of an executive directive from President Trump."
"The killing comes as the group has been reconstituting in Syria, carrying out more attacks than at any time since it lost control of its territory nearly six years ago.",article,nyt://article/871fea1e-db2c-54fd-b02d-811a11bcf5da,"[{'name': 'Organization', 'value': 'Islamic State in Iraq and Syria (ISIS)', 'rank': 1}, {'name': 'Location', 'value': 'Iraq', 'rank': 2}, {'name': 'Location', 'value': 'Syria', 'rank': 3}]",Foreign,,,2025-03-14 18:49:11+00:00,World,"The killing comes as the group has been reconstituting in Syria, carrying out more attacks than at any time since it lost control of its territory nearly six years ago.",The New York Times,Middle East,News,nyt://article/871fea1e-db2c-54fd-b02d-811a11bcf5da,https://www.nytimes.com/2025/03/14/world/middleeast/islamic-state-leader-killed-iraq-us.html,446,By Alissa J. Rubin,"Senior Islamic State Leader Killed in Joint Iraqi-U.S. Operation, Iraq Says",,,"Iraqi Prime Minister Mohammed Shia al-Sudani, seen here at the Camp Taji military base in Iraq in January, called the Islamic State leader who was killed “one of the most dangerous terrorists in the world.” ",Ahmed Saad/Reuters,https://static01.nyt.com/images/2025/03/14/multimedia/14int-islamic-state-qjgv/14int-islamic-state-qjgv-articleLarge.jpg,382,600,https://static01.nyt.com/images/2025/03/14/multimedia/14int-islamic-state-qjgv/14int-islamic-state-qjgv-thumbStandard.jpg,75,75,"Senior Islamic State Leader Killed in Joint Iraqi-U.S. Operation, Iraq Says","Senior Islamic State Leader Killed in Joint Iraqi-U.S. Operation, Iraq Says The killing comes as the group has been reconstituting in Syria, carrying out more attacks than at any time since it lost control of its territory nearly six years ago. The killing comes as the group has been reconstituting in Syria, carrying out more attacks than at any time since it lost control of its territory nearly six years ago."
"President Trump, in an early February call, challenged the border treaty between the two countries and told Justin Trudeau he didn’t like their shared water agreements.",article,nyt://article/ed5ba83d-fed3-5746-863f-3b16b71e3864,"[{'name': 'Location', 'value': 'Canada', 'rank': 1}, {'name': 'Person', 'value': 'Trudeau, Justin', 'rank': 2}, {'name': 'Subject', 'value': 'United States International Relations', 'rank': 3}, {'name': 'Person', 'value': 'Trump, Donald J', 'rank': 4}, {'name': 'Subject', 'value': 'Territorial Disputes', 'rank': 5}, {'name': 'Subject', 'value': 'Treaties', 'rank': 6}, {'name': 'Subject', 'value': 'Customs (Tariff)', 'rank': 7}, {'name': 'Subject', 'value': 'International Trade and World Market', 'rank': 8}, {'name': 'Location', 'value': 'Great Lakes', 'rank': 9}, {'name': 'Subject', 'value': 'United States Politics and Government', 'rank': 10}]",Foreign,12.0,A,2025-03-07 10:03:21+00:00,World,"President Trump, in an early February call, challenged the border treaty between the two countries and told Justin Trudeau he didn’t like their shared water agreements.",The New York Times,Canada,News,nyt://article/ed5ba83d-fed3-5746-863f-3b16b71e3864,https://www.nytimes.com/2025/03/07/world/canada/trump-trudeau-canada-51st-state.html,1085,By Matina Stevis-Gridneff,How Trump’s ‘51st State’ Canada Talk Came to Be Seen as Deadly Serious,,Why Canada Is Taking ‘51st State’ Talk Seriously,Canadian officials went from thinking Mr. Trump was joking when he referred to Canada as “the 51st state” to fearing he was very serious.,Jason Redmond/Agence France-Presse — Getty Images,https://static01.nyt.com/images/2025/03/07/multimedia/07trump-trudeau-pftg/07trump-trudeau-pftg-articleLarge.jpg,400,600,https://static01.nyt.com/images/2025/03/07/multimedia/07trump-trudeau-pftg/07trump-trudeau-pftg-thumbStandard.jpg,75,75,How Trump’s ‘51st State’ Canada Talk Came to Be Seen as Deadly Serious,"How Trump’s ‘51st State’ Canada Talk Came to Be Seen as Deadly Serious President Trump, in an early February call, challenged the border treaty between the two countries and told Justin Trudeau he didn’t like their shared water agreements. President Trump, in an early February call, challenged the border treaty between the two countries and told Justin Trudeau he didn’t like their shared water agreements."
"Local governments are handing out “snail awards” to underperforming employees. But, for many, doing as little as possible seems like the safest bet.",article,nyt://article/acb6c3eb-bf05-53ca-8375-007074871efe,"[{'name': 'Subject', 'value': 'Local Government', 'rank': 1}, {'name': 'Organization', 'value': 'Central Commission for Discipline Inspection (Communist Party of China)', 'rank': 2}, {'name': 'Organization', 'value': ""People's Daily"", 'rank': 3}, {'name': 'Person', 'value': 'Xi Jinping', 'rank': 4}, {'name': 'Location', 'value': 'China', 'rank': 5}, {'name': 'Location', 'value': 'Guangdong Province (China)', 'rank': 6}, {'name': 'Location', 'value': 'Sichuan Province (China)', 'rank': 7}]",Foreign,4.0,A,2025-02-20 05:01:06+00:00,World,"Local governments are handing out “snail awards” to underperforming employees. But, for many, doing as little as possible seems like the safest bet.",The New York Times,Asia Pacific,News,nyt://article/acb6c3eb-bf05-53ca-8375-007074871efe,https://www.nytimes.com/2025/02/20/world/asia/china-officials-slacking-economy.html,848,By Vivian Wang,China’s Motivational Tactic for State Workers: Public Shaming,,"To Motivate Snails in the Civil Service, China Makes Them ‘Blush and Sweat’","Crowds lining up for a civil service exam in Nanjing, China, in December."," CFOTO/Future Publishing, via Getty Images",https://static01.nyt.com/images/2025/02/19/multimedia/00china-officials-hjlq/00china-officials-hjlq-articleLarge.jpg,400,600,https://static01.nyt.com/images/2025/02/19/multimedia/00china-officials-hjlq/00china-officials-hjlq-thumbStandard.jpg,75,75,China’s Motivational Tactic for State Workers: Public Shaming,"China’s Motivational Tactic for State Workers: Public Shaming Local governments are handing out “snail awards” to underperforming employees. But, for many, doing as little as possible seems like the safest bet. Local governments are handing out “snail awards” to underperforming employees. But, for many, doing as little as possible seems like the safest bet."
"State TV had previously largely ignored the demonstrations against President Aleksandar Vucic, but now it is putting a spotlight on the rallies.",article,nyt://article/d7fbc0a4-9ea2-55d9-8f7b-3f6bd33ff4c7,"[{'name': 'Subject', 'value': 'Demonstrations, Protests and Riots', 'rank': 1}, {'name': 'Organization', 'value': 'Belgrade University', 'rank': 2}, {'name': 'Organization', 'value': 'Serbian Progressive Party', 'rank': 3}, {'name': 'Person', 'value': 'Djokovic, Novak', 'rank': 4}, {'name': 'Person', 'value': 'Vucic, Aleksandar', 'rank': 5}]",Foreign,12.0,A,2025-02-02 21:21:27+00:00,World,"State TV had previously largely ignored the demonstrations against President Aleksandar Vucic, but now it is putting a spotlight on the rallies.",The New York Times,Europe,News,nyt://article/d7fbc0a4-9ea2-55d9-8f7b-3f6bd33ff4c7,https://www.nytimes.com/2025/02/02/world/europe/protests-serbia-president.html,1011,By Andrew Higgins,"Serbian State Media Shift Tune in Coverage of Huge Protests, Testing Leader",,"Serbian State Broadcaster Begins Covering Protests, Testing President","Demonstrators on Saturday blocking a bridge over the Danube River, one of three barricaded this weekend in Novi Sad, Serbia.",Nenad Mihajlovic/Agence France-Presse — Getty Images,https://static01.nyt.com/images/2025/02/02/multimedia/02serbia-protests-01-qtlw/02serbia-protests-01-qtlw-articleLarge.jpg,400,600,https://static01.nyt.com/images/2025/02/02/multimedia/02serbia-protests-01-qtlw/02serbia-protests-01-qtlw-thumbStandard.jpg,75,75,"Serbian State Media Shift Tune in Coverage of Huge Protests, Testing Leader","Serbian State Media Shift Tune in Coverage of Huge Protests, Testing Leader State TV had previously largely ignored the demonstrations against President Aleksandar Vucic, but now it is putting a spotlight on the rallies. State TV had previously largely ignored the demonstrations against President Aleksandar Vucic, but now it is putting a spotlight on the rallies."
"In Haiti, gangs have killed hundreds of people and shot journalists at a news conference, exposing the country’s fragility and the government’s failures.",article,nyt://article/9440a041-7d2c-5cf8-93fd-1a6a558c174c,"[{'name': 'Subject', 'value': 'Politics and Government', 'rank': 1}, {'name': 'Subject', 'value': 'Murders, Attempted Murders and Homicides', 'rank': 2}, {'name': 'Subject', 'value': 'Gangs', 'rank': 3}, {'name': 'Subject', 'value': 'United States International Relations', 'rank': 4}, {'name': 'Organization', 'value': 'International Crisis Group', 'rank': 5}, {'name': 'Organization', 'value': 'New York University', 'rank': 6}, {'name': 'Organization', 'value': 'Security Council (UN)', 'rank': 7}, {'name': 'Organization', 'value': 'State Department', 'rank': 8}, {'name': 'Organization', 'value': 'United Nations', 'rank': 9}, {'name': 'Person', 'value': 'Fils-Aime, Alix Didier', 'rank': 10}, {'name': 'Person', 'value': 'Joseph, Claude', 'rank': 11}, {'name': 'Person', 'value': 'Trump, Donald J', 'rank': 12}, {'name': 'Location', 'value': 'Haiti', 'rank': 13}]",Foreign,1.0,A,2025-01-06 10:01:26+00:00,World,"In Haiti, gangs have killed hundreds of people and shot journalists at a news conference, exposing the country’s fragility and the government’s failures.",The New York Times,Americas,News,nyt://article/9440a041-7d2c-5cf8-93fd-1a6a558c174c,https://www.nytimes.com/2025/01/06/world/americas/haiti-gang-massacres-murders-instability.html,1354,By David C. Adams and Frances Robles,Massacre Upon Massacre: Haiti’s Bleak Spiral Into a Failed State,,Violence Weakens Grip of Haitian Government,Journalists climb a wall to take cover from gunfire after being shot at by armed gangs at the General Hospital in Port-au-Prince.,Jean Feguens Regala/Associated Press,https://static01.nyt.com/images/2025/01/06/multimedia/06haiti-security-gjbf/06haiti-security-gjbf-articleLarge.jpg,400,600,https://static01.nyt.com/images/2025/01/06/multimedia/06haiti-security-gjbf/06haiti-security-gjbf-thumbStandard.jpg,75,75,Massacre Upon Massacre: Haiti’s Bleak Spiral Into a Failed State,"Massacre Upon Massacre: Haiti’s Bleak Spiral Into a Failed State In Haiti, gangs have killed hundreds of people and shot journalists at a news conference, exposing the country’s fragility and the government’s failures. In Haiti, gangs have killed hundreds of people and shot journalists at a news conference, exposing the country’s fragility and the government’s failures."
A man who pledged allegiance to the terrorist group carried out a deadly attack in New Orleans on New Year’s Day.,article,nyt://article/19f605ad-4b7f-5d42-b298-7319257cbab6,"[{'name': 'Subject', 'value': 'Terrorism', 'rank': 1}, {'name': 'Subject', 'value': ""New Orleans, La, New Year's Day Attack (2025)"", 'rank': 2}, {'name': 'Subject', 'value': 'Social Media', 'rank': 3}, {'name': 'Subject', 'value': 'Vehicle-Ramming Attacks', 'rank': 4}, {'name': 'Subject', 'value': 'Newsletters', 'rank': 5}, {'name': 'Organization', 'value': 'Islamic State in Iraq and Syria (ISIS)', 'rank': 6}, {'name': 'Person', 'value': 'Jabbar, Shamsud-Din Bahar (1982-2025)', 'rank': 7}, {'name': 'Location', 'value': 'Middle East', 'rank': 8}, {'name': 'Location', 'value': 'New Orleans (La)', 'rank': 9}, {'name': 'Location', 'value': 'Iraq', 'rank': 10}, {'name': 'Location', 'value': 'Syria', 'rank': 11}]",Foreign,13.0,A,2025-01-04 05:01:17+00:00,World,A man who pledged allegiance to the terrorist group carried out a deadly attack in New Orleans on New Year’s Day.,The New York Times,Middle East,News,nyt://article/19f605ad-4b7f-5d42-b298-7319257cbab6,https://www.nytimes.com/2025/01/04/world/middleeast/isis-propaganda-new-orleans-attack.html,1267,By Alissa J. Rubin,How the Islamic State Radicalizes People Today,,How the Islamic State Inspires Followers to Incite Chaos Worldwide,The F.B.I. said the man who killed 14 people when he drove into a crowd in New Orleans on New Year’s Day was “100 percent inspired by ISIS.”,Edmund D. Fountain for The New York Times,https://static01.nyt.com/images/2025/01/04/multimedia/04ISIS-PROPAGANDA-jzqb/04ISIS-PROPAGANDA-jzqb-articleLarge.jpg,400,600,https://static01.nyt.com/images/2025/01/04/multimedia/04ISIS-PROPAGANDA-jzqb/04ISIS-PROPAGANDA-jzqb-thumbStandard.jpg,75,75,How the Islamic State Radicalizes People Today,How the Islamic State Radicalizes People Today A man who pledged allegiance to the terrorist group carried out a deadly attack in New Orleans on New Year’s Day. A man who pledged allegiance to the terrorist group carried out a deadly attack in New Orleans on New Year’s Day.
"The terror group has lost its territorial stronghold, but it still orchestrates and inspires violence through affiliates across Africa and beyond.",article,nyt://article/3b386dd8-364d-5300-8de1-1b81ad091936,"[{'name': 'Subject', 'value': 'Terrorism', 'rank': 1}, {'name': 'Subject', 'value': ""New Orleans, La, New Year's Day Attack (2025)"", 'rank': 2}, {'name': 'Subject', 'value': 'Muslims and Islam', 'rank': 3}, {'name': 'Organization', 'value': 'Al Qaeda', 'rank': 4}, {'name': 'Organization', 'value': 'Islamic State Khorasan', 'rank': 5}, {'name': 'Organization', 'value': 'Federal Bureau of Investigation', 'rank': 6}, {'name': 'Organization', 'value': 'Islamic State in Iraq and Syria (ISIS)', 'rank': 7}, {'name': 'Person', 'value': 'Baghdadi, Abu Bakr al-', 'rank': 8}, {'name': 'Location', 'value': 'Afghanistan', 'rank': 9}, {'name': 'Location', 'value': 'Syria', 'rank': 10}]",Foreign,13.0,A,2025-01-01 22:59:09+00:00,World,"The terror group has lost its territorial stronghold, but it still orchestrates and inspires violence through affiliates across Africa and beyond.",The New York Times,Middle East,News,nyt://article/3b386dd8-364d-5300-8de1-1b81ad091936,https://www.nytimes.com/2025/01/01/world/middleeast/isis-islamic-state.html,1137,By Eve Sampson,What to Know About the Islamic State,,"Amid New Orleans Attack, Telltale Signs of Islamic State’s Brutal Legacy","Personal belongings left at the Bondi Pavilion, which was in use at the time of the mass shooting at a Jewish celebration, in Sydney this month. The gunmen behind the shooting were motivated by Islamic State ideology.",Matthew Abbott for The New York Times,https://static01.nyt.com/images/2025/01/01/multimedia/01isis-explainer-top-fqlk/01isis-explainer-top-fqlk-articleLarge.jpg,400,600,https://static01.nyt.com/images/2025/01/01/multimedia/01isis-explainer-top-fqlk/01isis-explainer-top-fqlk-thumbStandard.jpg,75,75,What to Know About the Islamic State,"What to Know About the Islamic State The terror group has lost its territorial stronghold, but it still orchestrates and inspires violence through affiliates across Africa and beyond. The terror group has lost its territorial stronghold, but it still orchestrates and inspires violence through affiliates across Africa and beyond."
