abstract,document_type,_id,keywords,news_desk,print_page,print_section,pub_date,section_name,snippet,source,subsection_name,type_of_material,uri,web_url,word_count,byline.original,headline.main,headline.kicker,headline.print_headline,multimedia.caption,multimedia.credit,multimedia.default.url,multimedia.default.height,multimedia.default.width,multimedia.thumbnail.url,multimedia.thumbnail.height,multimedia.thumbnail.width,headline,text
"Cecilia Sala, 29, was arrested on Dec. 19, but news of her detention only became public on Friday. The reason for the arrest of Ms. Sala, a well-known reporter, has not been made public.",article,nyt://article/a2476fb6-ab6a-596c-b6ba-6a9b54d910ed,"[{'name': 'Subject', 'value': 'News and News Media', 'rank': 1}, {'name': 'Subject', 'value': 'Political Prisoners', 'rank': 2}, {'name': 'Subject', 'value': 'Freedom of the Press', 'rank': 3}, {'name': 'Location', 'value': 'Tehran (Iran)', 'rank': 4}, {'name': 'Location', 'value': 'Iran', 'rank': 5}, {'name': 'Location', 'value': 'Italy', 'rank': 6}, {'name': 'Person', 'value': 'Sala, Cecilia (1995- )', 'rank': 7}]",Foreign,5,A,2024-12-27 15:26:57+00:00,World,"Cecilia Sala, 29, was arrested on Dec. 19, but news of her detention only became public on Friday. The reason for the arrest of Ms. Sala, a well-known reporter, has not been made public.",The New York Times,Middle East,News,nyt://article/a2476fb6-ab6a-596c-b6ba-6a9b54d910ed,https://www.nytimes.com/2024/12/27/world/middleeast/cecilia-sala-italian-journalist-arrested-iran.html,507,By Emma Bubola,Italian Journalist Is Detained While Reporting in Iran,,Journalist  From Italy Held in Iran,"Cecilia Sala, a journalist who has been detained in Iran, speaking in Milan, Italy, in February.","Elena Di Vincenzo/Mondadori Portfolio, via Getty Images",https://static01.nyt.com/images/2024/12/27/world/27iran-journalist-sala/27iran-journalist-sala-articleLarge.jpg,400,600,https://static01.nyt.com/images/2024/12/27/world/27iran-journalist-sala/27iran-journalist-sala-thumbStandard.jpg,75,75,Italian Journalist Is Detained While Reporting in Iran,"Italian Journalist Is Detained While Reporting in Iran Cecilia Sala, 29, was arrested on Dec. 19, but news of her detention only became public on Friday. The reason for the arrest of Ms. Sala, a well-known reporter, has not been made public. Cecilia Sala, 29, was arrested on Dec. 19, but news of her detention only became public on Friday. The reason for the arrest of Ms. Sala, a well-known reporter, has not been made public."
"Police leaders waited too long — three days — to trigger a national mobilization to tackle the anti-immigrant violence that broke out in Britain this year, a report found.",article,nyt://article/41efbc35-57c3-55df-9cc4-e596ea4159bd,"[{'name': 'Subject', 'value': 'Demonstrations, Protests and Riots', 'rank': 1}, {'name': 'Subject', 'value': 'Police', 'rank': 2}, {'name': 'Subject', 'value': 'Immigration and Emigration', 'rank': 3}, {'name': 'Location', 'value': 'Great Britain', 'rank': 4}, {'name': 'Subject', 'value': 'Rumors and Misinformation', 'rank': 5}, {'name': 'Subject', 'value': 'Arson', 'rank': 6}, {'name': 'Subject', 'value': 'Hate Crimes', 'rank': 7}, {'name': 'Subject', 'value': 'Attacks on Police', 'rank': 8}, {'name': 'Location', 'value': 'England', 'rank': 9}]",Foreign,10,A,2024-12-18 05:01:04+00:00,World,"Police leaders waited too long — three days — to trigger a national mobilization to tackle the anti-immigrant violence that broke out in Britain this year, a report found.",The New York Times,Europe,News,nyt://article/41efbc35-57c3-55df-9cc4-e596ea4159bd,https://www.nytimes.com/2024/12/18/world/europe/uk-riots-police-response-report.html,848,By Megan Specia,"U.K. Police Chiefs Were Too Slow to React to Summer Riots, Report Says",,British Police Chiefs Faulted for Response to Riots,"Rioters attacking a hotel that was housing asylum seekers in Rotherham, Britain, on Aug. 4. “Intelligence assessments didn’t predict the rising tide of violent disorder well enough,” a report said Wednesday. ",Hollie Adams/Reuters,https://static01.nyt.com/images/2024/12/18/multimedia/18UK-riots-qclb/18UK-riots-qclb-articleLarge.jpg,399,600,https://static01.nyt.com/images/2024/12/18/multimedia/18UK-riots-qclb/18UK-riots-qclb-thumbStandard.jpg,75,75,"U.K. Police Chiefs Were Too Slow to React to Summer Riots, Report Says","U.K. Police Chiefs Were Too Slow to React to Summer Riots, Report Says Police leaders waited too long — three days — to trigger a national mobilization to tackle the anti-immigrant violence that broke out in Britain this year, a report found. Police leaders waited too long — three days — to trigger a national mobilization to tackle the anti-immigrant violence that broke out in Britain this year, a report found."
An unpublished report on the soccer governing body’s responsibility for migrant workers recommends that it should compensate those harmed.,article,nyt://article/dd5f642d-6687-5060-b0b6-8d7bfa66f08a,"[{'name': 'Subject', 'value': 'Soccer', 'rank': 1}, {'name': 'Subject', 'value': 'World Cup 2022 (Soccer)', 'rank': 2}, {'name': 'Subject', 'value': 'Workplace Hazards and Violations', 'rank': 3}, {'name': 'Subject', 'value': 'Migrant Labor (Non-Agriculture)', 'rank': 4}, {'name': 'Subject', 'value': 'Foreign Workers', 'rank': 5}, {'name': 'Subject', 'value': 'Human Rights and Human Rights Violations', 'rank': 6}, {'name': 'Subject', 'value': 'Compensation for Damages (Law)', 'rank': 7}, {'name': 'Subject', 'value': 'World Cup (Soccer)', 'rank': 8}, {'name': 'Organization', 'value': 'International Federation of Association Football (FIFA)', 'rank': 9}, {'name': 'Location', 'value': 'Qatar', 'rank': 10}]",Foreign,11,A,2024-11-29 15:23:33+00:00,World,An unpublished report on the soccer governing body’s responsibility for migrant workers recommends that it should compensate those harmed.,The New York Times,Middle East,News,nyt://article/dd5f642d-6687-5060-b0b6-8d7bfa66f08a,https://www.nytimes.com/2024/11/29/world/middleeast/qatar-world-cup-2022-fifa-migrant-workers.html,1121,By Tariq Panja,"FIFA Should Pay Workers Injured Building the Qatar World Cup, Internal Report Says",,Secret Report Urges  FIFA To Pay Workers Harmed at Qatar Sites,"Workers on the construction site of the Al-Wakrah Stadium, a FIFA World Cup venue, during its construction in 2018.",Karim Jaafar/Agence France-Presse — Getty Images,https://static01.nyt.com/images/2024/11/29/world/29qatar-fifa-00001/29qatar-fifa-00001-articleLarge.jpg,400,600,https://static01.nyt.com/images/2024/11/29/world/29qatar-fifa-00001/29qatar-fifa-00001-thumbStandard.jpg,75,75,"FIFA Should Pay Workers Injured Building the Qatar World Cup, Internal Report Says","FIFA Should Pay Workers Injured Building the Qatar World Cup, Internal Report Says An unpublished report on the soccer governing body’s responsibility for migrant workers recommends that it should compensate those harmed. An unpublished report on the soccer governing body’s responsibility for migrant workers recommends that it should compensate those harmed."
"Rights groups said that Reza Valizadeh, an Iranian-American journalist, was recently arrested in Iran, although the State Department did not confirm that he was the person detained.",article,nyt://article/891442b5-8b66-5ffc-a6b0-0c388d1bb778,"[{'name': 'Subject', 'value': 'United States International Relations', 'rank': 1}, {'name': 'Subject', 'value': 'News and News Media', 'rank': 2}, {'name': 'Subject', 'value': 'Political Prisoners', 'rank': 3}, {'name': 'Subject', 'value': 'Freedom of the Press', 'rank': 4}, {'name': 'Subject', 'value': 'Human Rights and Human Rights Violations', 'rank': 5}, {'name': 'Subject', 'value': 'Iranian-Americans', 'rank': 6}, {'name': 'Person', 'value': 'Valizadeh, Reza', 'rank': 7}, {'name': 'Organization', 'value': 'Committee to Protect Journalists', 'rank': 8}, {'name': 'Organization', 'value': 'Evin Prison', 'rank': 9}, {'name': 'Location', 'value': 'Iran', 'rank': 10}]",Foreign,,,2024-11-03 19:24:17+00:00,World,"Rights groups said that Reza Valizadeh, an Iranian-American journalist, was recently arrested in Iran, although the State Department did not confirm that he was the person detained.",The New York Times,Middle East,News,nyt://article/891442b5-8b66-5ffc-a6b0-0c388d1bb778,https://www.nytimes.com/2024/11/03/world/middleeast/iran-arrest-reza-valizadeh-journalist-detention.html,781,By Amelia Nierenberg,U.S. Confirms Reports That Iran Arrested an Iranian-American Citizen,,,Demonstrators mark the 45th anniversary of Iran’s takeover of the U.S. embassy in Tehran.,Arash Khamooshi for The New York Times,https://static01.nyt.com/images/2024/11/03/multimedia/03iran-arrest-jzqv/03iran-arrest-jzqv-articleLarge.jpg,400,600,https://static01.nyt.com/images/2024/11/03/multimedia/03iran-arrest-jzqv/03iran-arrest-jzqv-thumbStandard.jpg,75,75,U.S. Confirms Reports That Iran Arrested an Iranian-American Citizen,"U.S. Confirms Reports That Iran Arrested an Iranian-American Citizen Rights groups said that Reza Valizadeh, an Iranian-American journalist, was recently arrested in Iran, although the State Department did not confirm that he was the person detained. Rights groups said that Reza Valizadeh, an Iranian-American journalist, was recently arrested in Iran, although the State Department did not confirm that he was the person detained."
The report is intended to assess efforts by the Roman Catholic Church to safeguard minors and others. Advocates for survivors called it an exercise in obfuscation.,article,nyt://article/114c625b-0d39-5527-8f5f-7372732d13d5,"[{'name': 'Subject', 'value': 'Priests', 'rank': 1}, {'name': 'Subject', 'value': 'Sex Crimes', 'rank': 2}, {'name': 'Subject', 'value': 'Child Abuse and Neglect', 'rank': 3}, {'name': 'Subject', 'value': 'Clergy', 'rank': 4}, {'name': 'Subject', 'value': 'Compensation for Damages (Law)', 'rank': 5}, {'name': 'Organization', 'value': 'Roman Catholic Church', 'rank': 6}, {'name': 'Person', 'value': 'Francis', 'rank': 7}]",Foreign,6,A,2024-10-29 13:14:53+00:00,World,The report is intended to assess efforts by the Roman Catholic Church to safeguard minors and others. Advocates for survivors called it an exercise in obfuscation.,The New York Times,Europe,News,nyt://article/114c625b-0d39-5527-8f5f-7372732d13d5,https://www.nytimes.com/2024/10/29/world/europe/vatican-sex-abuse-report.html,1220,By Elisabetta Povoledo,"Vatican Issues First Report on Sexual Abuse, to Immediate Criticism",,"Vatican Panel Issues First Report on Sexual Abuse, to Immediate Criticism",Pope Francis tasked the commission with verifying that countries were following a new church law that set out rules for reporting and combating clerical sexual abuse.,Tiziana Fabi/Agence France-Presse — Getty Images,https://static01.nyt.com/images/2024/10/29/multimedia/29vatican-sex-abuse-bhwc/29vatican-sex-abuse-bhwc-articleLarge.jpg,400,600,https://static01.nyt.com/images/2024/10/29/multimedia/29vatican-sex-abuse-bhwc/29vatican-sex-abuse-bhwc-thumbStandard.jpg,75,75,"Vatican Issues First Report on Sexual Abuse, to Immediate Criticism","Vatican Issues First Report on Sexual Abuse, to Immediate Criticism The report is intended to assess efforts by the Roman Catholic Church to safeguard minors and others. Advocates for survivors called it an exercise in obfuscation. The report is intended to assess efforts by the Roman Catholic Church to safeguard minors and others. Advocates for survivors called it an exercise in obfuscation."
"Palestinians in the enclave were divided over whether the death of Yahya Sinwar, if confirmed, would bring the war in Gaza closer to an end.",article,nyt://article/53df5fcb-f142-5899-9c02-68e98ee48a84,[],Foreign,,,2024-10-17 16:23:01+00:00,World,"Palestinians in the enclave were divided over whether the death of Yahya Sinwar, if confirmed, would bring the war in Gaza closer to an end.",The New York Times,Middle East,Live Blog Post,nyt://article/53df5fcb-f142-5899-9c02-68e98ee48a84,https://www.nytimes.com/live/2024/10/17/world/israel-lebanon-iran-gaza-news/gaza-sinwar-reaction-death,420,By Raja Abdulrahim and Ameera Harouda,Gazans react to reports that the leader of Hamas was killed.,,,"A Palestinian woman in Khan Younis, southern Gaza, on Thursday.",Bashar Taleb/Agence France-Presse — Getty Images,https://static01.nyt.com/images/2024/10/17/multimedia/17mideast-crisis-gaza-react-cvqg/17mideast-crisis-gaza-react-cvqg-articleLarge.jpg,400,600,https://static01.nyt.com/images/2024/10/17/multimedia/17mideast-crisis-gaza-react-cvqg/17mideast-crisis-gaza-react-cvqg-thumbStandard.jpg,75,75,Gazans react to reports that the leader of Hamas was killed.,"Gazans react to reports that the leader of Hamas was killed. Palestinians in the enclave were divided over whether the death of Yahya Sinwar, if confirmed, would bring the war in Gaza closer to an end. Palestinians in the enclave were divided over whether the death of Yahya Sinwar, if confirmed, would bring the war in Gaza closer to an end."
"A hunger emergency has affected nearly all of Gaza, but the situation is worst for people in the north, where Israeli forces intensified operations this month, the report said.",article,nyt://article/78b14f0c-becc-5cc0-a332-c87b4600bfce,"[{'name': 'Subject', 'value': 'Israel-Gaza War (2023- )', 'rank': 1}, {'name': 'Subject', 'value': 'Malnutrition', 'rank': 2}, {'name': 'Subject', 'value': 'Famine', 'rank': 3}, {'name': 'Organization', 'value': 'United Nations', 'rank': 4}, {'name': 'Location', 'value': 'Gaza Strip', 'rank': 5}]",Foreign,,,2024-10-17 15:34:56+00:00,World,"A hunger emergency has affected nearly all of Gaza, but the situation is worst for people in the north, where Israeli forces intensified operations this month, the report said.",The New York Times,Middle East,News,nyt://article/78b14f0c-becc-5cc0-a332-c87b4600bfce,https://www.nytimes.com/2024/10/17/world/middleeast/gaza-malnourished-famine-warnings.html,628,By Matthew Mpoke Bigg,"Gazans Are So Malnourished That They Could Face Famine, Report Warns",,,"Palestinians gathering to receive food aid in Jabaliya, in northern Gaza, in August.",Mahmoud Issa/Reuters,https://static01.nyt.com/images/2024/10/17/multimedia/17mideast-crisis-ipc-hunger-qfmj/17mideast-crisis-ipc-hunger-qfmj-articleLarge.jpg,400,600,https://static01.nyt.com/images/2024/10/17/multimedia/17mideast-crisis-ipc-hunger-qfmj/17mideast-crisis-ipc-hunger-qfmj-thumbStandard.jpg,75,75,"Gazans Are So Malnourished That They Could Face Famine, Report Warns","Gazans Are So Malnourished That They Could Face Famine, Report Warns A hunger emergency has affected nearly all of Gaza, but the situation is worst for people in the north, where Israeli forces intensified operations this month, the report said. A hunger emergency has affected nearly all of Gaza, but the situation is worst for people in the north, where Israeli forces intensified operations this month, the report said."
"A weapons facility near a Russian air base in a coastal Syrian city was destroyed on Thursday, according to a monitoring group.",article,nyt://article/8c914938-d9df-5b67-b1c4-4b607c8c685e,"[{'name': 'Subject', 'value': 'War and Armed Conflicts', 'rank': 1}, {'name': 'Subject', 'value': 'Military Bases and Installations', 'rank': 2}, {'name': 'Subject', 'value': 'International Relations', 'rank': 3}, {'name': 'Subject', 'value': 'Missiles and Missile Defense Systems', 'rank': 4}, {'name': 'Subject', 'value': 'Iran-Israel Proxy Conflict', 'rank': 5}, {'name': 'Organization', 'value': 'Islamic Revolutionary Guards Corps', 'rank': 6}, {'name': 'Organization', 'value': 'Syrian Observatory for Human Rights', 'rank': 7}, {'name': 'Organization', 'value': 'Hezbollah', 'rank': 8}, {'name': 'Location', 'value': 'Latakia (Syria)', 'rank': 9}, {'name': 'Location', 'value': 'Iran', 'rank': 10}]",Foreign,6,A,2024-10-04 18:06:08+00:00,World,"A weapons facility near a Russian air base in a coastal Syrian city was destroyed on Thursday, according to a monitoring group.",The New York Times,Middle East,News,nyt://article/8c914938-d9df-5b67-b1c4-4b607c8c685e,https://www.nytimes.com/2024/10/04/world/middleeast/israel-strikes-russian-airbase-syria.html,637,"By Eve Sampson, Anton Troianovski, Aric Toler and Oleg Matsnev","Syria, Russia Remain Silent on Reported Airstrikes Near a Russian Base in Syria",,Group in Syria Reports Attack At Warehouse Tied to Russia,,"Hannibal Hanschke/EPA, via Shutterstock",https://static01.nyt.com/images/2024/10/04/multimedia/04mideast-crisis-syria-russia-strike-jptb/04mideast-crisis-syria-russia-strike-jptb-articleLarge.jpg,600,600,https://static01.nyt.com/images/2024/10/04/multimedia/04mideast-crisis-syria-russia-strike-jptb/04mideast-crisis-syria-russia-strike-jptb-thumbStandard.jpg,75,75,"Syria, Russia Remain Silent on Reported Airstrikes Near a Russian Base in Syria","Syria, Russia Remain Silent on Reported Airstrikes Near a Russian Base in Syria A weapons facility near a Russian air base in a coastal Syrian city was destroyed on Thursday, according to a monitoring group. A weapons facility near a Russian air base in a coastal Syrian city was destroyed on Thursday, according to a monitoring group."
"Sameh al-Asali, who was sheltering in the city of Jericho in the Israeli-occupied West Bank, was killed when a large missile fragment slammed into him.",article,nyt://article/90ed0ee2-eb76-52fc-b385-074ac47212fc,"[{'name': 'Subject', 'value': 'War and Armed Conflicts', 'rank': 1}, {'name': 'Subject', 'value': 'Iran-Israel Proxy Conflict', 'rank': 2}, {'name': 'Subject', 'value': 'Israel-Gaza War (2023- )', 'rank': 3}, {'name': 'Subject', 'value': 'Civilian Casualties', 'rank': 4}, {'name': 'Subject', 'value': 'Missiles and Missile Defense Systems', 'rank': 5}, {'name': 'Subject', 'value': 'Palestinians', 'rank': 6}, {'name': 'Location', 'value': 'West Bank', 'rank': 7}, {'name': 'Location', 'value': 'Israel', 'rank': 8}, {'name': 'Location', 'value': 'Gaza Strip', 'rank': 9}, {'name': 'Location', 'value': 'Iran', 'rank': 10}, {'name': 'Organization', 'value': 'Palestinian Authority', 'rank': 11}, {'name': 'Person', 'value': 'Sameh al-Asali', 'rank': 12}]",Foreign,,,2024-10-01 23:27:20+00:00,World,"Sameh al-Asali, who was sheltering in the city of Jericho in the Israeli-occupied West Bank, was killed when a large missile fragment slammed into him.",The New York Times,Middle East,News,nyt://article/90ed0ee2-eb76-52fc-b385-074ac47212fc,https://www.nytimes.com/2024/10/01/world/middleeast/gaza-palestinian-dead-iran-attack.html,548,By Adam Rasgon,Laborer From Gaza Is First Reported Fatality of Iran’s Missile Attack,,,"People gathered around a fallen projectile that had been moved to the center of a square in the village of Dura in the occupied West Bank on Tuesday, after Iran launched a missile barrage at Israel.",Hazem Bader/Agence France-Presse — Getty Images,https://static01.nyt.com/images/2024/10/01/multimedia/01mideast-crisis-iran-attack-impact-bkfz/01mideast-crisis-iran-attack-impact-bkfz-articleLarge.jpg,400,600,https://static01.nyt.com/images/2024/10/01/multimedia/01mideast-crisis-iran-attack-impact-bkfz/01mideast-crisis-iran-attack-impact-bkfz-thumbStandard.jpg,75,75,Laborer From Gaza Is First Reported Fatality of Iran’s Missile Attack,"Laborer From Gaza Is First Reported Fatality of Iran’s Missile Attack Sameh al-Asali, who was sheltering in the city of Jericho in the Israeli-occupied West Bank, was killed when a large missile fragment slammed into him. Sameh al-Asali, who was sheltering in the city of Jericho in the Israeli-occupied West Bank, was killed when a large missile fragment slammed into him."
,article,nyt://article/94d01a02-394f-5f5a-8a06-c9e2602b7b43,[],Foreign,,,2024-09-26 15:30:55+00:00,World,,The New York Times,Middle East,Live Blog Post,nyt://article/94d01a02-394f-5f5a-8a06-c9e2602b7b43,https://www.nytimes.com/live/2024/09/26/world/israel-lebanon-hezbollah-hamas/israel-says-it-targeted-hamas-in-a-strike-on-a-school-turned-shelter-gazan-officials-report-women-and-children-were-killed,389,By Matthew Mpoke Bigg,Israel says it targeted Hamas in a strike on a school compound. Gazan officials report women and children were killed.,,,Palestinians at a school turned shelter following a strike near Jabaliya in the northern Gaza Strip on Thursday.,Omar Al-Qattaa/Agence France-Presse — Getty Images,https://static01.nyt.com/images/2024/09/26/multimedia/26mideast-crisis-gaza-school-ptfl/26mideast-crisis-gaza-school-ptfl-articleLarge.jpg,400,600,https://static01.nyt.com/images/2024/09/26/multimedia/26mideast-crisis-gaza-school-ptfl/26mideast-crisis-gaza-school-ptfl-thumbStandard.jpg,75,75,Israel says it targeted Hamas in a strike on a school compound. Gazan officials report women and children were killed.,Israel says it targeted Hamas in a strike on a school compound. Gazan officials report women and children were killed.
The Swiss police said they had detained “several individuals” after a 64-year-old American woman reportedly died by suicide using the controversial device.,article,nyt://article/af070df6-7a40-5594-a775-b545a2ea31e6,"[{'name': 'Subject', 'value': 'Euthanasia and Assisted Suicide', 'rank': 1}, {'name': 'Organization', 'value': 'Last Resort (Nonprofit)', 'rank': 2}, {'name': 'Location', 'value': 'Schaffhausen (Switzerland)', 'rank': 3}, {'name': 'Location', 'value': 'Switzerland', 'rank': 4}]",Express,4,A,2024-09-25 18:16:43+00:00,World,The Swiss police said they had detained “several individuals” after a 64-year-old American woman reportedly died by suicide using the controversial device.,The New York Times,Europe,News,nyt://article/af070df6-7a40-5594-a775-b545a2ea31e6,https://www.nytimes.com/2024/09/25/world/europe/switzerland-sarco-capsule-suicide.html,809,By Ali Watkins,"In Switzerland, Reported Use of Suicide Capsule Inflames Debate",,Use of Suicide Capsule in Switzerland Renews a Debate Over Assisted Death,The Sarco capsule on display at a news conference in Zurich in July. ,"Ennio Leanza/EPA, via Shutterstock",https://static01.nyt.com/images/2024/09/25/multimedia/25xp-swisspod-czvl/25xp-swisspod-czvl-articleLarge.jpg,400,600,https://static01.nyt.com/images/2024/09/25/multimedia/25xp-swisspod-czvl/25xp-swisspod-czvl-thumbStandard.jpg,75,75,"In Switzerland, Reported Use of Suicide Capsule Inflames Debate","In Switzerland, Reported Use of Suicide Capsule Inflames Debate The Swiss police said they had detained “several individuals” after a 64-year-old American woman reportedly died by suicide using the controversial device. The Swiss police said they had detained “several individuals” after a 64-year-old American woman reportedly died by suicide using the controversial device."
"The ambassador, Mojtaba Amini, lost an eye, according to two members of Iran’s Revolutionary Guards Corps who were briefed on the attack.",article,nyt://article/f4e0e573-1c2a-5068-824a-b687486170a6,"[{'name': 'Location', 'value': 'Iran', 'rank': 1}, {'name': 'Organization', 'value': 'Hezbollah', 'rank': 2}, {'name': 'Location', 'value': 'Israel', 'rank': 3}, {'name': 'Subject', 'value': 'Wireless Communications', 'rank': 4}, {'name': 'Subject', 'value': 'Diplomatic Service, Embassies and Consulates', 'rank': 5}]",Foreign,,,2024-09-17 18:17:34+00:00,World,"The ambassador, Mojtaba Amini, lost an eye, according to two members of Iran’s Revolutionary Guards Corps who were briefed on the attack.",The New York Times,Middle East,News,nyt://article/f4e0e573-1c2a-5068-824a-b687486170a6,https://www.nytimes.com/2024/09/18/world/middleeast/iran-ambassador-mojtaba-amini-pager-attack.html,756,By Farnaz Fassihi,"Iran’s Ambassador to Lebanon Is Injured in Pager Attack, State Media Reports",,,"Iran’s ambassador to Lebanon, Mojtaba Amini, center, in Beirut, Lebanon, in July.",Mohamed Azakir/Reuters,https://static01.nyt.com/images/2024/09/17/multimedia/17mideast-crisis-iranian-ambassador-vkpq/17mideast-crisis-iranian-ambassador-vkpq-articleLarge.jpg,396,600,https://static01.nyt.com/images/2024/09/17/multimedia/17mideast-crisis-iranian-ambassador-vkpq/17mideast-crisis-iranian-ambassador-vkpq-thumbStandard.jpg,75,75,"Iran’s Ambassador to Lebanon Is Injured in Pager Attack, State Media Reports","Iran’s Ambassador to Lebanon Is Injured in Pager Attack, State Media Reports The ambassador, Mojtaba Amini, lost an eye, according to two members of Iran’s Revolutionary Guards Corps who were briefed on the attack. The ambassador, Mojtaba Amini, lost an eye, according to two members of Iran’s Revolutionary Guards Corps who were briefed on the attack."
An investigator hired by the global antidoping regulator found no bias toward China in a case that has outraged Olympic athletes and led to an F.B.I. investigation.,article,nyt://article/dc964c71-c1ca-56f8-a591-4769a736eca3,"[{'name': 'Location', 'value': 'China', 'rank': 1}, {'name': 'Subject', 'value': 'Doping (Sports)', 'rank': 2}, {'name': 'Subject', 'value': 'Olympic Games', 'rank': 3}, {'name': 'Subject', 'value': 'Olympic Games (2024)', 'rank': 4}, {'name': 'Subject', 'value': 'Swimming', 'rank': 5}, {'name': 'Organization', 'value': 'World Anti-Doping Agency', 'rank': 6}, {'name': 'Organization', 'value': 'International Olympic Committee', 'rank': 7}, {'name': 'Person', 'value': 'Cottier, Eric', 'rank': 8}, {'name': 'Person', 'value': 'Gupta, Rahul', 'rank': 9}, {'name': 'Organization', 'value': 'Federal Bureau of Investigation', 'rank': 10}]",Foreign,8,B,2024-09-12 19:59:35+00:00,World,An investigator hired by the global antidoping regulator found no bias toward China in a case that has outraged Olympic athletes and led to an F.B.I. investigation.,The New York Times,Europe,News,nyt://article/dc964c71-c1ca-56f8-a591-4769a736eca3,https://www.nytimes.com/2024/09/12/world/europe/wada-china-doping.html,1206,By Tariq Panja and Michael S. Schmidt,Report Concludes China Broke Rules in Doping Case but Clears WADA,,Report Clears WADA Over a Doping Case Of Chinese Swimmers,Chinese swimmers who had tested positive for a banned drug months earlier were allowed to compete at the Tokyo Olympics in 2021.,Oli Scarff/Agence France-Presse — Getty Images,https://static01.nyt.com/images/2024/09/12/multimedia/12doping-1-fzvh/12doping-1-fzvh-articleLarge.jpg,400,600,https://static01.nyt.com/images/2024/09/12/multimedia/12doping-1-fzvh/12doping-1-fzvh-thumbStandard.jpg,75,75,Report Concludes China Broke Rules in Doping Case but Clears WADA,Report Concludes China Broke Rules in Doping Case but Clears WADA An investigator hired by the global antidoping regulator found no bias toward China in a case that has outraged Olympic athletes and led to an F.B.I. investigation. An investigator hired by the global antidoping regulator found no bias toward China in a case that has outraged Olympic athletes and led to an F.B.I. investigation.
A government-commissioned review into the National Health Service laid bare the challenge Prime Minister Keir Starmer faces after years of underinvestment.,article,nyt://article/80e6a895-2bcb-5cb2-b841-0097cbbb3061,"[{'name': 'Location', 'value': 'Great Britain', 'rank': 1}, {'name': 'Subject', 'value': 'Politics and Government', 'rank': 2}, {'name': 'Organization', 'value': 'National Health Service', 'rank': 3}, {'name': 'Subject', 'value': 'Finances', 'rank': 4}, {'name': 'Subject', 'value': 'Medicine and Health', 'rank': 5}, {'name': 'Subject', 'value': 'Health Insurance and Managed Care', 'rank': 6}, {'name': 'Organization', 'value': 'Conservative Party (Great Britain)', 'rank': 7}, {'name': 'Organization', 'value': 'Labour Party (Great Britain)', 'rank': 8}, {'name': 'Person', 'value': 'Starmer, Keir', 'rank': 9}, {'name': 'Location', 'value': 'England', 'rank': 10}]",Foreign,9,A,2024-09-11 21:30:15+00:00,World,A government-commissioned review into the National Health Service laid bare the challenge Prime Minister Keir Starmer faces after years of underinvestment.,The New York Times,Europe,News,nyt://article/80e6a895-2bcb-5cb2-b841-0097cbbb3061,https://www.nytimes.com/2024/09/11/world/europe/nhs-starmer-darzi-report.html,850,By Stephen Castle,"England’s Health Service Is in Deep Trouble, Report Finds",,"In England, Review Says Health Service Is Seriously Afflicted","The emergency room at Queen’s Hospital in Romford, England, last year. A new report said the National Health Service had been “starved of capital.”",Andrew Testa for The New York Times,https://static01.nyt.com/images/2024/09/11/multimedia/11uk-nhs-2-pflz/11uk-nhs-2-pflz-articleLarge.jpg,400,600,https://static01.nyt.com/images/2024/09/11/multimedia/11uk-nhs-2-pflz/11uk-nhs-2-pflz-thumbStandard.jpg,75,75,"England’s Health Service Is in Deep Trouble, Report Finds","England’s Health Service Is in Deep Trouble, Report Finds A government-commissioned review into the National Health Service laid bare the challenge Prime Minister Keir Starmer faces after years of underinvestment. A government-commissioned review into the National Health Service laid bare the challenge Prime Minister Keir Starmer faces after years of underinvestment."
"An extensive public inquiry found that the causes of the Grenfell Tower tragedy stretched back decades, and that the deaths of 72 people were avoidable.",article,nyt://article/8d329be2-a798-52a2-972c-78b1ad53f72e,"[{'name': 'Subject', 'value': 'Fires and Firefighters', 'rank': 1}, {'name': 'Subject', 'value': 'Grenfell Tower Fire (June, 2017)', 'rank': 2}, {'name': 'Organization', 'value': 'Grenfell Tower (London, England)', 'rank': 3}, {'name': 'Organization', 'value': 'Scotland Yard (Metropolitan Police Service)', 'rank': 4}, {'name': 'Subject', 'value': 'Accidents and Safety', 'rank': 5}, {'name': 'Subject', 'value': 'Ethics and Official Misconduct', 'rank': 6}, {'name': 'Subject', 'value': 'Deaths (Fatalities)', 'rank': 7}]",Foreign,,,2024-09-04 17:03:55+00:00,World,"An extensive public inquiry found that the causes of the Grenfell Tower tragedy stretched back decades, and that the deaths of 72 people were avoidable.",The New York Times,Europe,News,nyt://article/8d329be2-a798-52a2-972c-78b1ad53f72e,https://www.nytimes.com/2024/09/04/world/europe/uk-grenfell-fire-takeaways.html,877,By Megan Specia,‘Path to Disaster’: 4 Takeaways From the U.K. Grenfell Fire Final Report,,,"The fire at Grenfell Tower in west London on June 14, 2017, killed 72 people. “The simple truth is that the deaths that occurred were all avoidable,” the chairman of a public inquiry said last week.",Natalie Oxford/Agence France-Presse — Getty Images,https://static01.nyt.com/images/2024/09/04/multimedia/04uk-grenfell-takeaways-01-pcjh/04uk-grenfell-takeaways-01-pcjh-articleLarge.jpg,393,600,https://static01.nyt.com/images/2024/09/04/multimedia/04uk-grenfell-takeaways-01-pcjh/04uk-grenfell-takeaways-01-pcjh-thumbStandard.jpg,75,75,‘Path to Disaster’: 4 Takeaways From the U.K. Grenfell Fire Final Report,"‘Path to Disaster’: 4 Takeaways From the U.K. Grenfell Fire Final Report An extensive public inquiry found that the causes of the Grenfell Tower tragedy stretched back decades, and that the deaths of 72 people were avoidable. An extensive public inquiry found that the causes of the Grenfell Tower tragedy stretched back decades, and that the deaths of 72 people were avoidable."
"Thick fog was a factor in the May crash that killed President Ebrahim Raisi, an armed forces investigation found. His death shook Iran at a strained moment for the country.",article,nyt://article/b1946380-83ce-536f-8e6e-f0cefe7fd8a4,"[{'name': 'Subject', 'value': 'Aviation Accidents, Safety and Disasters', 'rank': 1}, {'name': 'Subject', 'value': 'Deaths (Fatalities)', 'rank': 2}, {'name': 'Person', 'value': 'Raisi, Ebrahim', 'rank': 3}, {'name': 'Person', 'value': 'Khamenei, Ali', 'rank': 4}, {'name': 'Person', 'value': 'Amir Abdollahian, Hossein', 'rank': 5}, {'name': 'Location', 'value': 'Iran', 'rank': 6}]",Foreign,6,A,2024-09-02 08:54:19+00:00,World,"Thick fog was a factor in the May crash that killed President Ebrahim Raisi, an armed forces investigation found. His death shook Iran at a strained moment for the country.",The New York Times,Middle East,News,nyt://article/b1946380-83ce-536f-8e6e-f0cefe7fd8a4,https://www.nytimes.com/2024/09/02/world/middleeast/iran-president-helicopter-crash.html,487,By Alan Yuhas,"Bad Weather Caused Helicopter Crash That Killed Iran’s President, Report Says",,Bad Weather Is Cited in Crash That Killed Iran’s President,A funeral ceremony for President Ebrahim Raisi of Iran in Tehran in May. A reformist candidate was elected to replace him in July.,Arash Khamooshi for The New York Times,https://static01.nyt.com/images/2024/09/01/multimedia/00iran-helicopter-qjzb/00iran-helicopter-qjzb-articleLarge.jpg,400,600,https://static01.nyt.com/images/2024/09/01/multimedia/00iran-helicopter-qjzb/00iran-helicopter-qjzb-thumbStandard.jpg,75,75,"Bad Weather Caused Helicopter Crash That Killed Iran’s President, Report Says","Bad Weather Caused Helicopter Crash That Killed Iran’s President, Report Says Thick fog was a factor in the May crash that killed President Ebrahim Raisi, an armed forces investigation found. His death shook Iran at a strained moment for the country. Thick fog was a factor in the May crash that killed President Ebrahim Raisi, an armed forces investigation found. His death shook Iran at a strained moment for the country."
Ukraine said Russia struck the country’s second-largest city with missiles and bombs. Russian state media and local officials earlier reported that Ukraine attacked power plants and refineries with drones.,article,nyt://article/d918efb7-d901-53c8-a800-1247115a0a5b,"[{'name': 'Subject', 'value': 'Drones (Pilotless Planes)', 'rank': 1}, {'name': 'Subject', 'value': 'United States International Relations', 'rank': 2}, {'name': 'Subject', 'value': 'Russian Invasion of Ukraine (2022)', 'rank': 3}, {'name': 'Subject', 'value': 'Oil (Petroleum) and Gasoline', 'rank': 4}, {'name': 'Person', 'value': 'Zelensky, Volodymyr', 'rank': 5}, {'name': 'Location', 'value': 'Ukraine', 'rank': 6}, {'name': 'Location', 'value': 'Russia', 'rank': 7}]",Foreign,8,A,2024-09-01 10:47:11+00:00,World,Ukraine said Russia struck the country’s second-largest city with missiles and bombs. Russian state media and local officials earlier reported that Ukraine attacked power plants and refineries with drones.,The New York Times,Europe,News,nyt://article/d918efb7-d901-53c8-a800-1247115a0a5b,https://www.nytimes.com/2024/09/01/world/europe/ukraine-russia-energy-strikes.html,1281,By Marc Santora and David Guttenfelder,"Russians Bomb Kharkiv, Ukraine Says, After Russia Reports Wave of Attacks",,Explosions Rock Kharkiv After Russia Reports a Wave of Drone Attacks,"A Ukrainian rescue worker comforting a resident after what Ukrainian officials said was a Russian missile strike in Kharkiv, Ukraine, on Sunday.",,https://static01.nyt.com/images/2024/09/01/multimedia/01ukraine-russia-strikes-jbtw/01ukraine-russia-strikes-jbtw-articleLarge-v2.jpg,400,600,https://static01.nyt.com/images/2024/09/01/multimedia/01ukraine-russia-strikes-jbtw/01ukraine-russia-strikes-jbtw-thumbStandard-v3.jpg,75,75,"Russians Bomb Kharkiv, Ukraine Says, After Russia Reports Wave of Attacks","Russians Bomb Kharkiv, Ukraine Says, After Russia Reports Wave of Attacks Ukraine said Russia struck the country’s second-largest city with missiles and bombs. Russian state media and local officials earlier reported that Ukraine attacked power plants and refineries with drones. Ukraine said Russia struck the country’s second-largest city with missiles and bombs. Russian state media and local officials earlier reported that Ukraine attacked power plants and refineries with drones."
"Officials are testing if the patient has the new version of the virus. If confirmed, it would be Thailand’s first case involving Clade Ib mpox.",article,nyt://article/4b22c9ab-46da-56a8-a15d-57afb466a942,"[{'name': 'Location', 'value': 'Thailand', 'rank': 1}, {'name': 'Subject', 'value': 'Monkeypox', 'rank': 2}, {'name': 'Subject', 'value': 'Disease Rates', 'rank': 3}]",Foreign,10,A,2024-08-21 11:10:39+00:00,World,"Officials are testing if the patient has the new version of the virus. If confirmed, it would be Thailand’s first case involving Clade Ib mpox.",The New York Times,Asia Pacific,News,nyt://article/4b22c9ab-46da-56a8-a15d-57afb466a942,https://www.nytimes.com/2024/08/21/world/asia/thailand-mpox.html,490,By Sui-Lee Wee,Thailand Reports Mpox Case in Traveler Who Arrived From Africa,,Mpox Case Of New Type Is Suspected  In Thailand,Thai officials are awaiting test results — likely due Friday — to determine if a recently arrived traveler has been infected with the Clade Ib version of mpox.,"Narong Sangnak/EPA, via Shutterstock",https://static01.nyt.com/images/2024/08/21/multimedia/21thailand-mpox-kpml/kpml-articleLarge.jpg,402,600,https://static01.nyt.com/images/2024/08/21/multimedia/21thailand-mpox-kpml/21thailand-mpox-kpml-thumbStandard.jpg,75,75,Thailand Reports Mpox Case in Traveler Who Arrived From Africa,"Thailand Reports Mpox Case in Traveler Who Arrived From Africa Officials are testing if the patient has the new version of the virus. If confirmed, it would be Thailand’s first case involving Clade Ib mpox. Officials are testing if the patient has the new version of the virus. If confirmed, it would be Thailand’s first case involving Clade Ib mpox."
"It was not clear if the patient had contracted the new, potentially more deadly strain of the disease, which first appeared outside of Africa in Sweden last week.",article,nyt://article/00b100ce-963e-527f-a5ad-62887a1d1a6c,"[{'name': 'Subject', 'value': 'Monkeypox', 'rank': 1}, {'name': 'Subject', 'value': 'Epidemics', 'rank': 2}, {'name': 'Organization', 'value': 'World Health Organization', 'rank': 3}, {'name': 'Location', 'value': 'Philippines', 'rank': 4}, {'name': 'Location', 'value': 'Congo, Democratic Republic of (Congo-Kinshasa)', 'rank': 5}, {'name': 'Location', 'value': 'Sweden', 'rank': 6}]",Foreign,7,A,2024-08-19 18:48:29+00:00,World,"It was not clear if the patient had contracted the new, potentially more deadly strain of the disease, which first appeared outside of Africa in Sweden last week.",The New York Times,Asia Pacific,News,nyt://article/00b100ce-963e-527f-a5ad-62887a1d1a6c,https://www.nytimes.com/2024/08/19/world/asia/philippines-mpox-case.html,737,By Eve Sampson,Philippines Reports First Mpox Case Since W.H.O. Declared Global Emergency,,Philippines Has Its First Mpox Case of 2024,"The Geneva-based World Health Organization declared mpox a global health emergency, last week.",Denis Balibouse/Reuters,https://static01.nyt.com/images/2024/08/19/multimedia/19philippines-mpox-1-lwgm/19philippines-mpox-1-lwgm-articleLarge.jpg,395,600,https://static01.nyt.com/images/2024/08/19/multimedia/19philippines-mpox-1-lwgm/19philippines-mpox-1-lwgm-thumbStandard.jpg,75,75,Philippines Reports First Mpox Case Since W.H.O. Declared Global Emergency,"Philippines Reports First Mpox Case Since W.H.O. Declared Global Emergency It was not clear if the patient had contracted the new, potentially more deadly strain of the disease, which first appeared outside of Africa in Sweden last week. It was not clear if the patient had contracted the new, potentially more deadly strain of the disease, which first appeared outside of Africa in Sweden last week."
"The Russian authorities said Aleksei A. Navalny had died of a grab bag of diseases, including heart arrhythmia triggered by hypertension.",article,nyt://article/bd3faa2c-52c1-570e-bda3-ecc256b5d781,"[{'name': 'Location', 'value': 'Russia', 'rank': 1}, {'name': 'Person', 'value': 'Navalny, Aleksei A', 'rank': 2}, {'name': 'Subject', 'value': 'Deaths (Fatalities)', 'rank': 3}, {'name': 'Subject', 'value': 'Political Prisoners', 'rank': 4}, {'name': 'Person', 'value': 'Navalnaya, Yulia B', 'rank': 5}, {'name': 'Subject', 'value': 'Politics and Government', 'rank': 6}, {'name': 'Person', 'value': 'Putin, Vladimir V', 'rank': 7}, {'name': 'Subject', 'value': 'Assassinations and Attempted Assassinations', 'rank': 8}]",Foreign,9,A,2024-08-15 19:29:52+00:00,World,"The Russian authorities said Aleksei A. Navalny had died of a grab bag of diseases, including heart arrhythmia triggered by hypertension.",The New York Times,Europe,News,nyt://article/bd3faa2c-52c1-570e-bda3-ecc256b5d781,https://www.nytimes.com/2024/08/15/world/europe/russia-navalny-putin.html,800,By Neil MacFarquhar,Navalny’s Widow Disputes Russian Report on Her Husband’s Death,,Navalny’s Widow Says Russian Report on Cause of Death ‘Is a Lie’,Mourning Aleksei A. Navalny in Moscow in March.,Nanna Heitmann for The New York Times,https://static01.nyt.com/images/2024/08/15/multimedia/15navalny-1-fjmw/15navalny-1-fjmw-articleLarge.jpg,429,600,https://static01.nyt.com/images/2024/08/15/multimedia/15navalny-1-fjmw/15navalny-1-fjmw-thumbStandard.jpg,75,75,Navalny’s Widow Disputes Russian Report on Her Husband’s Death,"Navalny’s Widow Disputes Russian Report on Her Husband’s Death The Russian authorities said Aleksei A. Navalny had died of a grab bag of diseases, including heart arrhythmia triggered by hypertension. The Russian authorities said Aleksei A. Navalny had died of a grab bag of diseases, including heart arrhythmia triggered by hypertension."
,article,nyt://article/97f880f3-4e4a-5083-a0c1-7fa72cd04353,[],Foreign,,,2024-08-08 09:52:14+00:00,World,,The New York Times,Middle East,Live Blog Post,nyt://article/97f880f3-4e4a-5083-a0c1-7fa72cd04353,https://www.nytimes.com/live/2024/08/08/world/israel-iran-hamas-gaza-war/the-eu-condemns-comments-by-a-far-right-israeli-minister-and-other-news,281,,"Four soldiers are injured in ‘air attack’ on Syria, state media reports, and other news.",Key Developments,,,,,0,0,,0,0,"Four soldiers are injured in ‘air attack’ on Syria, state media reports, and other news.","Four soldiers are injured in ‘air attack’ on Syria, state media reports, and other news."
,article,nyt://article/a1b83873-ffc2-521e-9d21-5383fe2bc296,"[{'name': 'Subject', 'value': 'Israel-Gaza War (2023- )', 'rank': 1}, {'name': 'Subject', 'value': 'Palestinians', 'rank': 2}, {'name': 'Subject', 'value': 'Civilian Casualties', 'rank': 3}, {'name': 'Subject', 'value': 'Deaths (Fatalities)', 'rank': 4}, {'name': 'Location', 'value': 'Gaza Strip', 'rank': 5}]",Foreign,,,2024-08-03 20:31:14+00:00,World,,The New York Times,Middle East,Live Blog Post,nyt://article/a1b83873-ffc2-521e-9d21-5383fe2bc296,https://www.nytimes.com/live/2024/08/03/world/israel-hamas-iran-hezbollah-gaza/israel-strike-gaza-school,370,By Anjana Sankar,"Israel strikes a school compound in Gaza, where rescuers report multiple people killed.",,,Palestinian rescuers extinguishing a fire in a building damaged during an Israeli bombardment that hit a school complex in the Sheikh Radwan neighborhood in the north of Gaza City on Saturday.,Omar Al-Qattaa/Agence France-Presse — Getty Images,https://static01.nyt.com/images/2024/08/03/multimedia/03mideast-crisis-Israeli-attack-on-Gaza-school2-jcfb/03mideast-crisis-Israeli-attack-on-Gaza-school2-jcfb-articleLarge.jpg,400,600,https://static01.nyt.com/images/2024/08/03/multimedia/03mideast-crisis-Israeli-attack-on-Gaza-school2-jcfb/03mideast-crisis-Israeli-attack-on-Gaza-school2-jcfb-thumbStandard.jpg,75,75,"Israel strikes a school compound in Gaza, where rescuers report multiple people killed.","Israel strikes a school compound in Gaza, where rescuers report multiple people killed."
,article,nyt://article/8f63b698-1044-5ae4-8406-528ebae3d9c5,[],Foreign,,,2024-08-02 21:46:11+00:00,World,,The New York Times,Middle East,Live Blog Post,nyt://article/8f63b698-1044-5ae4-8406-528ebae3d9c5,https://www.nytimes.com/live/2024/08/02/world/israel-hamas-iran-hezbollah-gaza/israeli-settlement-activity-has-spiked-over-the-last-five-years-eu-reports,688,By Ephrat Livni,"Israeli settlement activity has spiked over the last five years, E.U. reports.",,,"Neve Daniel, an illegal Israeli settlement south of Jerusalem, in the occupied West Bank in March.",Dedi Hayun/Reuters,https://static01.nyt.com/images/2024/08/02/multimedia/02mideast-crisis-Settlements-1/02mideast-crisis-Settlements-1-articleLarge-v2.jpg,400,600,https://static01.nyt.com/images/2024/08/02/multimedia/02mideast-crisis-Settlements-1/02mideast-crisis-Settlements-1-thumbStandard-v2.jpg,75,75,"Israeli settlement activity has spiked over the last five years, E.U. reports.","Israeli settlement activity has spiked over the last five years, E.U. reports."
"A death certificate filed last week revealed the natural causes behind the death last July of Ms. O’Connor, the Irish singer and activist.",article,nyt://article/71ffb0da-53fc-56d4-97c8-cbe7d68bbd31,"[{'name': 'Subject', 'value': 'Pop and Rock Music', 'rank': 1}, {'name': 'Person', 'value': ""O'Connor, Sinead"", 'rank': 2}, {'name': 'Subject', 'value': 'Chronic Obstructive Pulmonary Disease', 'rank': 3}, {'name': 'Subject', 'value': 'Asthma', 'rank': 4}]",Foreign,6,A,2024-07-29 13:16:57+00:00,World,"A death certificate filed last week revealed the natural causes behind the death last July of Ms. O’Connor, the Irish singer and activist.",The New York Times,Europe,News,nyt://article/71ffb0da-53fc-56d4-97c8-cbe7d68bbd31,https://www.nytimes.com/2024/07/29/world/europe/sinead-oconnor-cause-of-death.html,378,By Amelia Nierenberg,"Sinead O’Connor Died of Pulmonary Disease and Asthma, Death Report Says",,O’Connor’s Death Linked to Pulmonary Disease and Asthma,"Sinead O’Connor in 2021. In January, a coroner said that Ms. O’Connor had died of “natural causes” but did not provide details. ",Ellius Grace for The New York Times,https://static01.nyt.com/images/2024/07/29/multimedia/29sinead-death-tvph/29sinead-death-tvph-articleLarge.jpg,400,600,https://static01.nyt.com/images/2024/07/29/multimedia/29sinead-death-tvph/29sinead-death-tvph-thumbStandard.jpg,75,75,"Sinead O’Connor Died of Pulmonary Disease and Asthma, Death Report Says","Sinead O’Connor Died of Pulmonary Disease and Asthma, Death Report Says A death certificate filed last week revealed the natural causes behind the death last July of Ms. O’Connor, the Irish singer and activist. A death certificate filed last week revealed the natural causes behind the death last July of Ms. O’Connor, the Irish singer and activist."
"It’s highly unusual for the nation’s authorities to publicly acknowledge a leak from the command​, which is one of South Korea’s top two spy agencies.",article,nyt://article/9ce07aef-c201-574a-b940-a8f889c03ec5,"[{'name': 'Location', 'value': 'South Korea', 'rank': 1}, {'name': 'Location', 'value': 'North Korea', 'rank': 2}, {'name': 'Subject', 'value': 'Espionage and Intelligence Services', 'rank': 3}, {'name': 'Subject', 'value': 'Classified Information and State Secrets', 'rank': 4}, {'name': 'Subject', 'value': 'Cyberwarfare and Defense', 'rank': 5}, {'name': 'Organization', 'value': 'National Intelligence Service (South Korea)', 'rank': 6}]",Foreign,,,2024-07-27 12:30:38+00:00,World,"It’s highly unusual for the nation’s authorities to publicly acknowledge a leak from the command​, which is one of South Korea’s top two spy agencies.",The New York Times,Asia Pacific,News,nyt://article/9ce07aef-c201-574a-b940-a8f889c03ec5,https://www.nytimes.com/2024/07/27/world/asia/south-korea-intelligence-leaks-north-korea.html,462,By Choe Sang-Hun,South Korea Reports Leak From Its Military Intelligence Command,,,"Looking at the North Korean side of the border from the unification observatory in Paju, South Korea, in June.",Lee Jin-Man/Associated Press,https://static01.nyt.com/images/2024/07/27/multimedia/27skorea-military-ltkz/27skorea-military-ltkz-articleLarge.jpg,400,600,https://static01.nyt.com/images/2024/07/27/multimedia/27skorea-military-ltkz/27skorea-military-ltkz-thumbStandard.jpg,75,75,South Korea Reports Leak From Its Military Intelligence Command,"South Korea Reports Leak From Its Military Intelligence Command It’s highly unusual for the nation’s authorities to publicly acknowledge a leak from the command​, which is one of South Korea’s top two spy agencies. It’s highly unusual for the nation’s authorities to publicly acknowledge a leak from the command​, which is one of South Korea’s top two spy agencies."
Israeli forces pressed forward in the southern Gaza Strip.,article,nyt://article/2ad42c14-e9fe-5019-8707-5ae914b50430,"[{'name': 'Subject', 'value': 'Israel-Gaza War (2023- )', 'rank': 1}, {'name': 'Location', 'value': 'Khan Younis (Gaza Strip)', 'rank': 2}, {'name': 'Subject', 'value': 'Palestinians', 'rank': 3}, {'name': 'Organization', 'value': 'Hamas', 'rank': 4}, {'name': 'Subject', 'value': 'War and Armed Conflicts', 'rank': 5}]",Foreign,,,2024-07-25 21:39:23+00:00,World,Israeli forces pressed forward in the southern Gaza Strip.,The New York Times,Middle East,News,nyt://article/2ad42c14-e9fe-5019-8707-5ae914b50430,https://www.nytimes.com/2024/07/25/world/middleeast/israeli-forces-press-forward-in-khan-younis-at-least-30-people-are-reported-killed-in-24-hours.html,651,By Anjana Sankar,At Least 30 Are Reported Killed in Khan Younis in 24 Hours,,,"A Palestinian woman being carried into Nasser Hospital after strikes in Khan Younis, in southern Gaza, on Thursday.",Bashar Taleb/Agence France-Presse — Getty Images,https://static01.nyt.com/images/2024/07/25/multimedia/25mideast-crisis-khan-younis-mayhem1-phtj/25mideast-crisis-khan-younis-mayhem1-phtj-articleLarge.jpg,400,600,https://static01.nyt.com/images/2024/07/25/multimedia/25mideast-crisis-khan-younis-mayhem1-phtj/25mideast-crisis-khan-younis-mayhem1-phtj-thumbStandard.jpg,75,75,At Least 30 Are Reported Killed in Khan Younis in 24 Hours,At Least 30 Are Reported Killed in Khan Younis in 24 Hours Israeli forces pressed forward in the southern Gaza Strip. Israeli forces pressed forward in the southern Gaza Strip.
,article,nyt://article/cc7ccd3c-aa42-5adf-a72e-231e3b1bfffe,[],Foreign,,,2024-07-25 16:23:07+00:00,World,,The New York Times,Middle East,Live Blog Post,nyt://article/cc7ccd3c-aa42-5adf-a72e-231e3b1bfffe,https://www.nytimes.com/live/2024/07/25/world/israel-gaza-war-hamas-netanyahu/the-us-has-sent-thousands-of-bombs-and-missiles-to-israel-a-report-found,513,By Lara Jakes,"The U.S. has sent thousands of bombs and missiles to Israel, a report found.",,,"An unexploded GBU-39 bomb, which is American-made, fired from an Israeli aircraft, and other ordnance fragments, in Gaza City in 2023.",Samar Abu Elouf for The New York Times,https://static01.nyt.com/images/2024/07/25/multimedia/25mideast-crisis-weapons-bwkl/25mideast-crisis-weapons-bwkl-articleLarge.jpg,400,600,https://static01.nyt.com/images/2024/07/25/multimedia/25mideast-crisis-weapons-bwkl/25mideast-crisis-weapons-bwkl-thumbStandard.jpg,75,75,"The U.S. has sent thousands of bombs and missiles to Israel, a report found.","The U.S. has sent thousands of bombs and missiles to Israel, a report found."
"The head of a six-year investigation into mistreatment in orphanages, mental health institutions and elsewhere said it found an “unthinkable national catastrophe” unfolding over decades.",article,nyt://article/cba9bb39-2296-5daa-b106-2cbce9e82840,"[{'name': 'Location', 'value': 'New Zealand', 'rank': 1}, {'name': 'Subject', 'value': 'Maori', 'rank': 2}, {'name': 'Subject', 'value': 'Sex Crimes', 'rank': 3}, {'name': 'Subject', 'value': 'Child Abuse and Neglect', 'rank': 4}, {'name': 'Subject', 'value': 'Mental Health and Disorders', 'rank': 5}, {'name': 'Subject', 'value': 'Orphans and Orphanages', 'rank': 6}, {'name': 'Subject', 'value': 'Foster Care', 'rank': 7}, {'name': 'Organization', 'value': 'Roman Catholic Church', 'rank': 8}, {'name': 'Subject', 'value': 'Anglican Churches', 'rank': 9}, {'name': 'Person', 'value': 'Luxon, Christopher', 'rank': 10}, {'name': 'Subject', 'value': 'Politics and Government', 'rank': 11}, {'name': 'Subject', 'value': 'Apologies', 'rank': 12}, {'name': 'Subject', 'value': 'Reparations', 'rank': 13}]",Foreign,9,A,2024-07-24 13:32:07+00:00,World,"The head of a six-year investigation into mistreatment in orphanages, mental health institutions and elsewhere said it found an “unthinkable national catastrophe” unfolding over decades.",The New York Times,Asia Pacific,News,nyt://article/cba9bb39-2296-5daa-b106-2cbce9e82840,https://www.nytimes.com/2024/07/24/world/asia/new-zealand-abuse-in-care-report.html,581,By Pete McKenzie,"200,000 Children and Vulnerable Adults Abused in New Zealand, Report Finds",,Thousands Suffered Vast Abuse  In State Care,"A crowd gathered at Parliament in Wellington, New Zealand, for the release of an inquiry’s report into the abuse of children and vulnerable adults in state- and faith-based institutions over decades. ",Charlotte Graham-McLay/Associated Press,https://static01.nyt.com/images/2024/07/24/multimedia/24nz-abuse-bmvg/24nz-abuse-bmvg-articleLarge.jpg,400,600,https://static01.nyt.com/images/2024/07/24/multimedia/24nz-abuse-bmvg/24nz-abuse-bmvg-thumbStandard.jpg,75,75,"200,000 Children and Vulnerable Adults Abused in New Zealand, Report Finds","200,000 Children and Vulnerable Adults Abused in New Zealand, Report Finds The head of a six-year investigation into mistreatment in orphanages, mental health institutions and elsewhere said it found an “unthinkable national catastrophe” unfolding over decades. The head of a six-year investigation into mistreatment in orphanages, mental health institutions and elsewhere said it found an “unthinkable national catastrophe” unfolding over decades."
,article,nyt://article/b033191c-bb0e-53b7-afaa-c016fefc7979,[],Foreign,,,2024-07-17 11:12:03+00:00,World,,The New York Times,Middle East,Live Blog Post,nyt://article/b033191c-bb0e-53b7-afaa-c016fefc7979,https://www.nytimes.com/live/2024/07/17/world/israel-gaza-war-hamas/a-human-rights-watch-report-finds-that-hamas-committed-numerous-war-crimes-and-other-news,445,,"A Human Rights Watch report finds that Hamas committed numerous war crimes, and other news.",Key developments,,,,,0,0,,0,0,"A Human Rights Watch report finds that Hamas committed numerous war crimes, and other news.","A Human Rights Watch report finds that Hamas committed numerous war crimes, and other news."
Officials said they would start an investigation after a newspaper reported that a tanker used to carry liquefied coal was then used to transport soybean oil.,article,nyt://article/c765e159-1f45-5245-9381-5aaed2efc2e9,"[{'name': 'Location', 'value': 'China', 'rank': 1}, {'name': 'Subject', 'value': 'Food Contamination and Poisoning', 'rank': 2}, {'name': 'Subject', 'value': 'Oils and Fats', 'rank': 3}, {'name': 'Subject', 'value': 'Freight (Cargo)', 'rank': 4}, {'name': 'Organization', 'value': 'Beijing News, The', 'rank': 5}]",Foreign,,,2024-07-11 10:00:48+00:00,World,Officials said they would start an investigation after a newspaper reported that a tanker used to carry liquefied coal was then used to transport soybean oil.,The New York Times,Asia Pacific,News,nyt://article/c765e159-1f45-5245-9381-5aaed2efc2e9,https://www.nytimes.com/2024/07/11/world/asia/china-cooking-oil.html,539,By Tiffany May and Amy Chang Chien,Cooking Oil in Dirty Fuel Tankers? Report Raises Alarms in China.,,China Angry as Next Load for Truck That Carried Liquefied Coal Was Cooking Oil,Cooking oil for sale in a Beijing supermarket this week.,Ng Han Guan/Associated Press,https://static01.nyt.com/images/2024/07/11/multimedia/11china-food-safety-ktvc/11china-food-safety-ktvc-articleLarge.jpg,400,600,https://static01.nyt.com/images/2024/07/11/multimedia/11china-food-safety-ktvc/11china-food-safety-ktvc-thumbStandard.jpg,75,75,Cooking Oil in Dirty Fuel Tankers? Report Raises Alarms in China.,Cooking Oil in Dirty Fuel Tankers? Report Raises Alarms in China. Officials said they would start an investigation after a newspaper reported that a tanker used to carry liquefied coal was then used to transport soybean oil. Officials said they would start an investigation after a newspaper reported that a tanker used to carry liquefied coal was then used to transport soybean oil.
,article,nyt://article/c166e26f-b781-5617-97aa-592b1bc105ce,[],Foreign,,,2024-07-09 20:47:27+00:00,World,,The New York Times,Middle East,Live Blog Post,nyt://article/c166e26f-b781-5617-97aa-592b1bc105ce,https://www.nytimes.com/live/2024/07/09/world/israel-gaza-war-hamas/the-strike-hit-a-school-being-used-as-a-shelter-for-displaced-people-local-officials-say,668,By Liam Stack and Anushka Patil,The Israeli military said it was ‘looking into reports that civilians were harmed.’,Top News,,,Bashar Taleb/Agence France-Presse — Getty Images,https://static01.nyt.com/images/2024/07/09/multimedia/09mideast-crisis-school-strike-promo-bmzg/09mideast-crisis-school-strike-promo-bmzg-articleLarge.jpg,400,600,https://static01.nyt.com/images/2024/07/09/multimedia/09mideast-crisis-school-strike-promo-bmzg/09mideast-crisis-school-strike-promo-bmzg-thumbStandard.jpg,75,75,The Israeli military said it was ‘looking into reports that civilians were harmed.’,The Israeli military said it was ‘looking into reports that civilians were harmed.’
"A special prosecutor said the decision not to pursue punishments against a group of Olympic swimmers was “indisputably reasonable,” even though agency scientists had expressed doubts.",article,nyt://article/02126b70-e97e-5267-992a-6f27fbe3f189,"[{'name': 'Organization', 'value': 'World Anti-Doping Agency', 'rank': 1}, {'name': 'Subject', 'value': 'Doping (Sports)', 'rank': 2}, {'name': 'Subject', 'value': 'Swimming', 'rank': 3}, {'name': 'Location', 'value': 'China', 'rank': 4}, {'name': 'Subject', 'value': 'Olympic Games (2020)', 'rank': 5}, {'name': 'Subject', 'value': 'Olympic Games (2024)', 'rank': 6}, {'name': 'Subject', 'value': 'Ethics and Official Misconduct', 'rank': 7}, {'name': 'Subject', 'value': 'Tests (Drug Use)', 'rank': 8}, {'name': 'Person', 'value': 'Cottier, Eric', 'rank': 9}, {'name': 'Location', 'value': 'United States', 'rank': 10}]",Foreign,8,B,2024-07-09 20:39:20+00:00,World,"A special prosecutor said the decision not to pursue punishments against a group of Olympic swimmers was “indisputably reasonable,” even though agency scientists had expressed doubts.",The New York Times,Asia Pacific,News,nyt://article/02126b70-e97e-5267-992a-6f27fbe3f189,https://www.nytimes.com/2024/07/09/world/asia/wada-report-china-doping-swimming.html,1032,By Michael S. Schmidt and Tariq Panja,"WADA Clears Itself in Chinese Doping Case, but Report Raises New Questions",,"WADA Clears Itself in Chinese Case, but a Report Raises New Questions","Chinese swimmers won three golds at the Tokyo Olympics in 2021, and are favored to win more at the Paris Games.",Antonio Bronic/Reuters,https://static01.nyt.com/images/2024/07/09/multimedia/09china-swimming-report-01-kclm/09china-swimming-report-01-kclm-articleLarge.jpg,404,600,https://static01.nyt.com/images/2024/07/09/multimedia/09china-swimming-report-01-kclm/09china-swimming-report-01-kclm-thumbStandard.jpg,75,75,"WADA Clears Itself in Chinese Doping Case, but Report Raises New Questions","WADA Clears Itself in Chinese Doping Case, but Report Raises New Questions A special prosecutor said the decision not to pursue punishments against a group of Olympic swimmers was “indisputably reasonable,” even though agency scientists had expressed doubts. A special prosecutor said the decision not to pursue punishments against a group of Olympic swimmers was “indisputably reasonable,” even though agency scientists had expressed doubts."
,article,nyt://article/5e1a01be-ef46-53ef-b00d-ceef06da6a69,[],Foreign,,,2024-06-25 20:10:20+00:00,World,,The New York Times,Middle East,Live Blog Post,nyt://article/5e1a01be-ef46-53ef-b00d-ceef06da6a69,https://www.nytimes.com/live/2024/06/25/world/israel-gaza-war-hamas/new-report-on-hunger-in-gaza-adds-fuel-to-calls-for-lifting-israeli-restrictions-on-aid,632,By Eric Nagourney and Anjana Sankar,New report on hunger in Gaza adds fuel to calls for lifting Israeli restrictions on aid.,,,Humanitarian aid has faced difficulties entering Gaza because of Israeli border restrictions.,Amir Levy/Getty Images,https://static01.nyt.com/images/2024/06/25/multimedia/25mideast-crisis-ipc-reaction-tlvq/25mideast-crisis-ipc-reaction-tlvq-articleLarge.jpg,400,600,https://static01.nyt.com/images/2024/06/25/multimedia/25mideast-crisis-ipc-reaction-tlvq/25mideast-crisis-ipc-reaction-tlvq-thumbStandard.jpg,75,75,New report on hunger in Gaza adds fuel to calls for lifting Israeli restrictions on aid.,New report on hunger in Gaza adds fuel to calls for lifting Israeli restrictions on aid.
"The assailants had taken two guards hostage and were killed, the prison service said.",article,nyt://article/5c3c4b44-d3af-5f58-affb-498196a9cd54,"[{'name': 'Subject', 'value': 'Terrorism', 'rank': 1}, {'name': 'Subject', 'value': 'Prisons and Prisoners', 'rank': 2}, {'name': 'Subject', 'value': 'Russian Invasion of Ukraine (2022)', 'rank': 3}, {'name': 'Person', 'value': 'Putin, Vladimir V', 'rank': 4}, {'name': 'Organization', 'value': 'Islamic State in Iraq and Syria (ISIS)', 'rank': 5}, {'name': 'Location', 'value': 'Moscow (Russia)', 'rank': 6}, {'name': 'Location', 'value': 'Rostov-on-Don (Russia)', 'rank': 7}, {'name': 'Subject', 'value': 'Moscow Concert Hall Shooting (March 2024)', 'rank': 8}]",Foreign,10,A,2024-06-16 13:17:20+00:00,World,"The assailants had taken two guards hostage and were killed, the prison service said.",The New York Times,Europe,News,nyt://article/5c3c4b44-d3af-5f58-affb-498196a9cd54,https://www.nytimes.com/2024/06/16/world/europe/russia-prison-hostages.html,367,By Anatoly Kurmanaev,"Russian Forces Quash Prison Mutiny Led by Terrorism Suspects, State Media Reports",,Troops Quash Mutiny in Jail Inside Russia,"Russian police officers standing guard near a pretrial detention center in Rostov-on-Don, Russia, on Sunday.","EPA, via Shutterstock",https://static01.nyt.com/images/2024/06/16/multimedia/16russia-mutiny-kwvp/16russia-mutiny-kwvp-articleLarge.jpg,408,600,https://static01.nyt.com/images/2024/06/16/multimedia/16russia-mutiny-kwvp/16russia-mutiny-kwvp-thumbStandard.jpg,75,75,"Russian Forces Quash Prison Mutiny Led by Terrorism Suspects, State Media Reports","Russian Forces Quash Prison Mutiny Led by Terrorism Suspects, State Media Reports The assailants had taken two guards hostage and were killed, the prison service said. The assailants had taken two guards hostage and were killed, the prison service said."
"Israel’s military said its forces were pressing on with operations in Rafah, where they were engaged in “face-to-face encounters” with Hamas fighters.",article,nyt://article/715787d0-f1bd-5087-b470-ef6aa74d9961,"[{'name': 'Subject', 'value': 'Israel-Gaza War (2023- )', 'rank': 1}, {'name': 'Subject', 'value': 'Palestinians', 'rank': 2}, {'name': 'Subject', 'value': 'Refugees and Displaced Persons', 'rank': 3}, {'name': 'Organization', 'value': 'Hamas', 'rank': 4}, {'name': 'Location', 'value': 'Rafah (Gaza Strip)', 'rank': 5}]",Foreign,,,2024-06-13 15:08:23+00:00,World,"Israel’s military said its forces were pressing on with operations in Rafah, where they were engaged in “face-to-face encounters” with Hamas fighters.",The New York Times,Middle East,News,nyt://article/715787d0-f1bd-5087-b470-ef6aa74d9961,https://www.nytimes.com/2024/06/13/world/middleeast/israel-rafah-airstrikes.html,392,By Hiba Yazbek and Abu Bakr Bashir,Palestinians Report Heavy Bombardments in the Rafah Area,,,"Displaced Palestinians in Al-Mawasi, in southern Gaza, preparing to evacuate the area as smoke rises from an airstrike on Rafah, in the background, last week.","Haitham Imad/EPA, via Shutterstock",https://static01.nyt.com/images/2024/06/13/multimedia/13mideast-crisis-mawasi-01-lbqg/13mideast-crisis-mawasi-01-lbqg-articleLarge.jpg,400,600,https://static01.nyt.com/images/2024/06/13/multimedia/13mideast-crisis-mawasi-01-lbqg/13mideast-crisis-mawasi-01-lbqg-thumbStandard.jpg,75,75,Palestinians Report Heavy Bombardments in the Rafah Area,"Palestinians Report Heavy Bombardments in the Rafah Area Israel’s military said its forces were pressing on with operations in Rafah, where they were engaged in “face-to-face encounters” with Hamas fighters. Israel’s military said its forces were pressing on with operations in Rafah, where they were engaged in “face-to-face encounters” with Hamas fighters."
The findings cite acts such as sexual violence and the deliberate killing or abducting of civilians by Hamas. They also accuse Israel of collective punishment and crimes against humanity in Gaza.,article,nyt://article/98227b4f-05a1-5a3c-a9ae-0574f8a5fe33,"[{'name': 'Subject', 'value': 'Israel-Gaza War (2023- )', 'rank': 1}, {'name': 'Location', 'value': 'Israel', 'rank': 2}, {'name': 'Subject', 'value': 'Defense and Military Forces', 'rank': 3}, {'name': 'Location', 'value': 'Gaza Strip', 'rank': 4}, {'name': 'Subject', 'value': 'Palestinians', 'rank': 5}, {'name': 'Subject', 'value': 'Civilian Casualties', 'rank': 6}, {'name': 'Subject', 'value': 'Refugees and Displaced Persons', 'rank': 7}, {'name': 'Organization', 'value': 'Hamas', 'rank': 8}, {'name': 'Subject', 'value': 'Terrorism', 'rank': 9}, {'name': 'Subject', 'value': 'Sex Crimes', 'rank': 10}, {'name': 'Subject', 'value': 'Kidnapping and Hostages', 'rank': 11}, {'name': 'Organization', 'value': 'United Nations', 'rank': 12}, {'name': 'Subject', 'value': 'War Crimes, Genocide and Crimes Against Humanity', 'rank': 13}, {'name': 'Subject', 'value': 'Torture', 'rank': 14}]",Foreign,,,2024-06-13 09:05:17+00:00,World,The findings cite acts such as sexual violence and the deliberate killing or abducting of civilians by Hamas. They also accuse Israel of collective punishment and crimes against humanity in Gaza.,The New York Times,Middle East,News,nyt://article/98227b4f-05a1-5a3c-a9ae-0574f8a5fe33,https://www.nytimes.com/2024/06/13/world/middleeast/gaza-war-crimes-israel-hamas.html,1074,By Erika Solomon,The U.N. Report on Israeli and Palestinian War Crimes: What We Know,,U.N. Report Could Lay Groundwork for Potential Criminal Trials Related to Gaza,"Buildings that were struck in Gaza City on Oct. 7, the day Hamas carried out its attack on Israel.","Mohammed Saber/EPA, via Shutterstock",https://static01.nyt.com/images/2024/06/13/multimedia/13un-report-explainer-01-lkcf/13un-report-explainer-01-lkcf-articleLarge.jpg,391,600,https://static01.nyt.com/images/2024/06/13/multimedia/13un-report-explainer-01-lkcf/13un-report-explainer-01-lkcf-thumbStandard.jpg,75,75,The U.N. Report on Israeli and Palestinian War Crimes: What We Know,The U.N. Report on Israeli and Palestinian War Crimes: What We Know The findings cite acts such as sexual violence and the deliberate killing or abducting of civilians by Hamas. They also accuse Israel of collective punishment and crimes against humanity in Gaza. The findings cite acts such as sexual violence and the deliberate killing or abducting of civilians by Hamas. They also accuse Israel of collective punishment and crimes against humanity in Gaza.
A commission produced the United Nations’ most detailed examination yet of the Oct. 7 attacks and the subsequent war in Gaza.,article,nyt://article/35156cb0-0284-59e9-a230-87dad06bcb74,"[{'name': 'Organization', 'value': 'United Nations', 'rank': 1}, {'name': 'Subject', 'value': 'War Crimes, Genocide and Crimes Against Humanity', 'rank': 2}, {'name': 'Organization', 'value': 'Hamas', 'rank': 3}, {'name': 'Location', 'value': 'Israel', 'rank': 4}, {'name': 'Subject', 'value': 'Israel-Gaza War (2023- )', 'rank': 5}]",Foreign,8,A,2024-06-12 07:01:35+00:00,World,A commission produced the United Nations’ most detailed examination yet of the Oct. 7 attacks and the subsequent war in Gaza.,The New York Times,Middle East,News,nyt://article/35156cb0-0284-59e9-a230-87dad06bcb74,https://www.nytimes.com/2024/06/12/world/middleeast/un-report-israel-hamas-war-crimes.html,849,By Nick Cumming-Bruce,U.N. Report Accuses Both Israel and Palestinian Groups of War Crimes,,U.N. Report Accuses Israel and Palestinian Groups of Committing War Crimes,"Navi Pillay, a former United Nations human rights chief, led the commission investigating the Oct. 7 attacks and subsequent conflict.",Fabrice Coffrini/Agence France-Presse — Getty Images,https://static01.nyt.com/images/2024/04/16/multimedia/12mideast-crisis-un-report/12mideast-crisis-un-report-articleLarge.jpg,400,600,https://static01.nyt.com/images/2024/04/16/multimedia/12mideast-crisis-un-report/12mideast-crisis-un-report-thumbStandard.jpg,75,75,U.N. Report Accuses Both Israel and Palestinian Groups of War Crimes,U.N. Report Accuses Both Israel and Palestinian Groups of War Crimes A commission produced the United Nations’ most detailed examination yet of the Oct. 7 attacks and the subsequent war in Gaza. A commission produced the United Nations’ most detailed examination yet of the Oct. 7 attacks and the subsequent war in Gaza.
"Also, the 80th anniversary of D-Day.",article,nyt://article/4dc6b298-aa69-5388-84bd-27714288f6f3,"[{'name': 'Location', 'value': 'Far East, South and Southeast Asia and Pacific Areas', 'rank': 1}]",NYTNow,,,2024-06-05 20:56:49+00:00,World,"Also, the 80th anniversary of D-Day.",The New York Times,Asia Pacific,briefing,nyt://article/4dc6b298-aa69-5388-84bd-27714288f6f3,https://www.nytimes.com/2024/06/05/world/asia/sudan-israel-heat-dday-india-asia.html,1165,By Amelia Nierenberg,Thursday Briefing: A Special Report From Sudan,,,American veterans arriving in Normandy this month.,Laetitia Vancon for The New York Times,https://static01.nyt.com/images/2024/06/06/multimedia/06ambriefing-asia-nl-hjqt/06ambriefing-asia-nl-hjqt-articleLarge-v2.jpg,540,600,https://static01.nyt.com/images/2024/06/06/multimedia/06ambriefing-asia-nl-hjqt/06ambriefing-asia-nl-hjqt-thumbStandard-v2.jpg,75,75,Thursday Briefing: A Special Report From Sudan,"Thursday Briefing: A Special Report From Sudan Also, the 80th anniversary of D-Day. Also, the 80th anniversary of D-Day."
"Israel said it launched operations “above and below ground” against Hamas militants. The only hospital in the area is overwhelmed by the wounded, medics say.",article,nyt://article/5929f05a-27e7-5022-9690-8c6a441423ba,[],Foreign,,,2024-06-05 16:19:30+00:00,World,"Israel said it launched operations “above and below ground” against Hamas militants. The only hospital in the area is overwhelmed by the wounded, medics say.",The New York Times,Middle East,Live Blog Post,nyt://article/5929f05a-27e7-5022-9690-8c6a441423ba,https://www.nytimes.com/live/2024/06/05/world/israel-gaza-war-hamas/israel-says-it-has-launched-a-new-operation-in-central-gaza-and-health-officials-report-dozens-dead,697,"By Erika Solomon, Iyad Abuheweila and Abu Bakr Bashir",Israel says it has launched a new operation in central Gaza and health officials report dozens dead.,TOP NEWS,,"Smoke rises following an Israeli airstrike in Bureij, in central Gaza, on Tuesday.","Mohammed Saber/EPA, via Shutterstock",https://static01.nyt.com/images/2024/06/05/multimedia/05mideast-crisis-gaza-strikes-fqwv/05mideast-crisis-gaza-strikes-fqwv-articleLarge.jpg,388,600,https://static01.nyt.com/images/2024/06/05/multimedia/05mideast-crisis-gaza-strikes-fqwv/05mideast-crisis-gaza-strikes-fqwv-thumbStandard.jpg,75,75,Israel says it has launched a new operation in central Gaza and health officials report dozens dead.,"Israel says it has launched a new operation in central Gaza and health officials report dozens dead. Israel said it launched operations “above and below ground” against Hamas militants. The only hospital in the area is overwhelmed by the wounded, medics say. Israel said it launched operations “above and below ground” against Hamas militants. The only hospital in the area is overwhelmed by the wounded, medics say."
,article,nyt://article/5abcf9d7-07d8-578e-83af-7093d00a8a14,[],Foreign,,,2024-06-03 21:33:03+00:00,World,,The New York Times,Middle East,Live Blog Post,nyt://article/5abcf9d7-07d8-578e-83af-7093d00a8a14,https://www.nytimes.com/live/2024/06/03/world/israel-gaza-war-hamas/israeli-airstrikes-on-syria-kill-a-general-from-a-branch-irans-revolutionary-guards,507,By Farnaz Fassihi,"Israeli airstrikes in Syria kill a general from a branch of the Revolutionary Guards, Iranian media reports say.",,,"Ali Bagheri Kani, Iran’s interim foreign minister, arrived in Beirut, Lebanon, for a meeting with the Lebanese Foreign Minister on Monday.",Hassan Ammar/Associated Press,https://static01.nyt.com/images/2024/06/03/multimedia/03mideast-crisis-IRGC-killed-Kani-tlcw/03mideast-crisis-IRGC-killed-Kani-tlcw-articleLarge.jpg,400,600,https://static01.nyt.com/images/2024/06/03/multimedia/03mideast-crisis-IRGC-killed-Kani-tlcw/03mideast-crisis-IRGC-killed-Kani-tlcw-thumbStandard-v2.jpg,75,75,"Israeli airstrikes in Syria kill a general from a branch of the Revolutionary Guards, Iranian media reports say.","Israeli airstrikes in Syria kill a general from a branch of the Revolutionary Guards, Iranian media reports say."
A man died and more than 70 other people were injured last week when a flight to Singapore from London hit sudden turbulence.,article,nyt://article/07f366b7-d5de-57fd-ae09-c754d1803bda,"[{'name': 'Subject', 'value': 'Aviation Accidents, Safety and Disasters', 'rank': 1}, {'name': 'Subject', 'value': 'Airlines and Airplanes', 'rank': 2}, {'name': 'Organization', 'value': 'Singapore Airlines', 'rank': 3}, {'name': 'Location', 'value': 'Singapore', 'rank': 4}, {'name': 'Location', 'value': 'Thailand', 'rank': 5}, {'name': 'Location', 'value': 'London (England)', 'rank': 6}]",Express,,,2024-05-30 04:01:57+00:00,World,A man died and more than 70 other people were injured last week when a flight to Singapore from London hit sudden turbulence.,The New York Times,Asia Pacific,News,nyt://article/07f366b7-d5de-57fd-ae09-c754d1803bda,https://www.nytimes.com/2024/05/30/world/asia/singapore-airlines-flight-turbulence.html,199,By Mike Ives,Singapore Releases Initial Report on Deadly Turbulence That Hit Flight,,,,Reuters,https://static01.nyt.com/images/2024/05/22/multimedia/-22vid-singapore-vidcoverimage-clhg/-22vid-singapore-vidcoverimage-clhg-articleLarge.jpg,450,600,https://static01.nyt.com/images/2024/05/22/multimedia/-22vid-singapore-vidcoverimage-clhg/-22vid-singapore-vidcoverimage-clhg-thumbStandard.jpg,75,75,Singapore Releases Initial Report on Deadly Turbulence That Hit Flight,Singapore Releases Initial Report on Deadly Turbulence That Hit Flight A man died and more than 70 other people were injured last week when a flight to Singapore from London hit sudden turbulence. A man died and more than 70 other people were injured last week when a flight to Singapore from London hit sudden turbulence.
Francis’ remark came as he spoke against admitting gay men to seminaries during what was supposed to be a closed-door meeting with Italian bishops last week.,article,nyt://article/dc4efb35-a250-504e-99d4-7d9225f096d0,"[{'name': 'Person', 'value': 'Francis', 'rank': 1}, {'name': 'Subject', 'value': 'Apologies', 'rank': 2}, {'name': 'Subject', 'value': 'Homosexuality and Bisexuality', 'rank': 3}, {'name': 'Subject', 'value': 'Discrimination', 'rank': 4}, {'name': 'Subject', 'value': 'Priests', 'rank': 5}, {'name': 'Organization', 'value': 'Roman Catholic Church', 'rank': 6}]",Foreign,12,A,2024-05-28 13:50:14+00:00,World,Francis’ remark came as he spoke against admitting gay men to seminaries during what was supposed to be a closed-door meeting with Italian bishops last week.,The New York Times,Europe,News,nyt://article/dc4efb35-a250-504e-99d4-7d9225f096d0,https://www.nytimes.com/2024/05/28/world/europe/pope-apology-slang-gay-men.html,1104,By Elisabetta Povoledo,Pope Apologizes After Reports That He Used an Anti-Gay Slur,,Pope Apologizes After Reports That He Used Anti-Gay Slur in Meeting With 250 Bishops,"Pope Francis has been credited with urging the Roman Catholic Church to be more welcoming to the L.G.B.T.Q. community, but he is reported to have used an offensive term at a recent meeting.",Guglielmo Mangiapane/Reuters,https://static01.nyt.com/images/2024/05/28/multimedia/28pope-slur-kjpt/28pope-slur-kjpt-articleLarge.jpg,401,600,https://static01.nyt.com/images/2024/05/28/multimedia/28pope-slur-kjpt/28pope-slur-kjpt-thumbStandard.jpg,75,75,Pope Apologizes After Reports That He Used an Anti-Gay Slur,Pope Apologizes After Reports That He Used an Anti-Gay Slur Francis’ remark came as he spoke against admitting gay men to seminaries during what was supposed to be a closed-door meeting with Italian bishops last week. Francis’ remark came as he spoke against admitting gay men to seminaries during what was supposed to be a closed-door meeting with Italian bishops last week.
,article,nyt://article/3881abdb-0ce5-5911-895c-bac16abb5e9b,[],Foreign,,,2024-05-22 16:06:29+00:00,World,,The New York Times,Middle East,Live Blog Post,nyt://article/3881abdb-0ce5-5911-895c-bac16abb5e9b,https://www.nytimes.com/live/2024/05/22/world/israel-gaza-palestinian-news/health-officials-report-that-the-death-toll-has-risen-to-eight-in-israels-raid-of-jenin,396,By Raja Abdulrahim,Health officials report that the death toll has risen to eight in Israel’s raid of Jenin in the West Bank.,,,A military raid by Israeli forces into the town of Jenin in the West Bank extended into a second day on Wednesday.,Leo Correa/Associated Press,https://static01.nyt.com/images/2024/05/22/multimedia/22mideast-crisis-jenin-01-mqlk/22mideast-crisis-jenin-01-mqlk-articleLarge.jpg,400,600,https://static01.nyt.com/images/2024/05/22/multimedia/22mideast-crisis-jenin-01-mqlk/22mideast-crisis-jenin-01-mqlk-thumbStandard.jpg,75,75,Health officials report that the death toll has risen to eight in Israel’s raid of Jenin in the West Bank.,Health officials report that the death toll has risen to eight in Israel’s raid of Jenin in the West Bank.
"A nearly six-year inquiry found that the deaths of about 3,000 people and the infection of more than 30,000 others could have mostly been avoided.",article,nyt://article/16ad73ff-0738-5230-b254-c0a06f48ee55,"[{'name': 'Location', 'value': 'Great Britain', 'rank': 1}, {'name': 'Subject', 'value': 'Blood', 'rank': 2}, {'name': 'Subject', 'value': 'Transfusions', 'rank': 3}, {'name': 'Organization', 'value': 'National Health Service', 'rank': 4}, {'name': 'Subject', 'value': 'Acquired Immune Deficiency Syndrome', 'rank': 5}, {'name': 'Subject', 'value': 'Hepatitis', 'rank': 6}, {'name': 'Subject', 'value': 'Hemophilia', 'rank': 7}, {'name': 'Subject', 'value': 'Blood Donation', 'rank': 8}, {'name': 'Subject', 'value': 'Compensation for Damages (Law)', 'rank': 9}, {'name': 'Subject', 'value': 'Politics and Government', 'rank': 10}, {'name': 'Person', 'value': 'Sunak, Rishi (1980- )', 'rank': 11}, {'name': 'Subject', 'value': 'Apologies', 'rank': 12}]",Foreign,10,A,2024-05-20 14:13:39+00:00,World,"A nearly six-year inquiry found that the deaths of about 3,000 people and the infection of more than 30,000 others could have mostly been avoided.",The New York Times,Europe,News,nyt://article/16ad73ff-0738-5230-b254-c0a06f48ee55,https://www.nytimes.com/2024/05/20/world/europe/britain-contaminated-blood-scandal.html,1264,By Aurelien Breeden,Sunak Apologizes After Damning Report on U.K. Infected-Blood Scandal,,Britain’s Leader Apologizes After Report on Infected Blood,People affected by the contaminated-blood scandal gathered at a vigil in London on Sunday.,Hollie Adams/Reuters,https://static01.nyt.com/images/2024/05/20/multimedia/20uk-blood-mgqh/20uk-blood-mgqh-articleLarge.jpg,400,600,https://static01.nyt.com/images/2024/05/20/multimedia/20uk-blood-mgqh/20uk-blood-mgqh-thumbStandard.jpg,75,75,Sunak Apologizes After Damning Report on U.K. Infected-Blood Scandal,"Sunak Apologizes After Damning Report on U.K. Infected-Blood Scandal A nearly six-year inquiry found that the deaths of about 3,000 people and the infection of more than 30,000 others could have mostly been avoided. A nearly six-year inquiry found that the deaths of about 3,000 people and the infection of more than 30,000 others could have mostly been avoided."
"Rescuers are trying to locate the helicopter on which President Ebrahim Raisi and Foreign Minister Hossein Amir Abdollahian were traveling, state media reported. Their status is unknown.",article,nyt://article/b2c28cce-ffdf-551c-a4e7-27d9bf22684e,"[{'name': 'Location', 'value': 'Iran', 'rank': 1}, {'name': 'Person', 'value': 'Raisi, Ebrahim', 'rank': 2}, {'name': 'Subject', 'value': 'Aviation Accidents, Safety and Disasters', 'rank': 3}, {'name': 'Subject', 'value': 'International Relations', 'rank': 4}, {'name': 'Location', 'value': 'Azerbaijan', 'rank': 5}, {'name': 'Subject', 'value': 'Politics and Government', 'rank': 6}, {'name': 'Subject', 'value': 'Helicopters', 'rank': 7}, {'name': 'Person', 'value': 'Amir Abdollahian, Hossein', 'rank': 8}]",Foreign,1,A,2024-05-19 14:06:09+00:00,World,"Rescuers are trying to locate the helicopter on which President Ebrahim Raisi and Foreign Minister Hossein Amir Abdollahian were traveling, state media reported. Their status is unknown.",The New York Times,Middle East,News,nyt://article/b2c28cce-ffdf-551c-a4e7-27d9bf22684e,https://www.nytimes.com/2024/05/19/world/middleeast/iran-president-helicopter-crash.html,846,By Farnaz Fassihi,"Helicopter Carrying Iran’s President Has Crashed, State Media Reports",,"Iran Leader’s Helicopter Crashes in a Thick Fog, Starting a Huge Search","President Ebrahim Raisi of Iran, who was with the country’s foreign minister on a helicopter that crashed on Sunday, according to Iran’s state media.",Vahid Salemi/Associated Press,https://static01.nyt.com/images/2024/05/19/multimedia/19iran-raisi-crash-qhbf/19iran-raisi-crash-qhbf-articleLarge.jpg,400,600,https://static01.nyt.com/images/2024/05/19/multimedia/19iran-raisi-crash-qhbf/19iran-raisi-crash-qhbf-thumbStandard.jpg,75,75,"Helicopter Carrying Iran’s President Has Crashed, State Media Reports","Helicopter Carrying Iran’s President Has Crashed, State Media Reports Rescuers are trying to locate the helicopter on which President Ebrahim Raisi and Foreign Minister Hossein Amir Abdollahian were traveling, state media reported. Their status is unknown. Rescuers are trying to locate the helicopter on which President Ebrahim Raisi and Foreign Minister Hossein Amir Abdollahian were traveling, state media reported. Their status is unknown."
Yet Zhang Zhan’s supporters and human rights activists who had followed her case said they could not reach her or her family members.,article,nyt://article/bfc64ed9-8d62-5ad6-a37c-d447168e5783,"[{'name': 'Person', 'value': 'Zhang Zhan', 'rank': 1}, {'name': 'Subject', 'value': 'Freedom of the Press', 'rank': 2}, {'name': 'Subject', 'value': 'Human Rights and Human Rights Violations', 'rank': 3}, {'name': 'Subject', 'value': 'Political Prisoners', 'rank': 4}, {'name': 'Subject', 'value': 'Coronavirus (2019-nCoV)', 'rank': 5}, {'name': 'Organization', 'value': 'Reporters Without Borders', 'rank': 6}, {'name': 'Organization', 'value': 'Human Rights Watch', 'rank': 7}, {'name': 'Location', 'value': 'China', 'rank': 8}]",Foreign,6,A,2024-05-13 11:15:58+00:00,World,Yet Zhang Zhan’s supporters and human rights activists who had followed her case said they could not reach her or her family members.,The New York Times,Asia Pacific,News,nyt://article/bfc64ed9-8d62-5ad6-a37c-d447168e5783,https://www.nytimes.com/2024/05/13/world/asia/china-covid-citizen-journalist-zhang.html,752,By Vivian Wang,Chinese Woman Jailed for Reporting on Covid Is Set to Be Freed,,Woman Who Reported on Covid to Be Freed,"A pro-democracy activist holding a placard demanding the release of Zhang Zhan, outside the Chinese central government’s liaison office in Hong Kong in 2020.",Kin Cheung/Associated Press,https://static01.nyt.com/images/2024/05/13/world/13CHINA-CITIZENJOURNALIST/13CHINA-CITIZENJOURNALIST-articleLarge.jpg,400,600,https://static01.nyt.com/images/2024/05/13/world/13CHINA-CITIZENJOURNALIST/13CHINA-CITIZENJOURNALIST-thumbStandard.jpg,75,75,Chinese Woman Jailed for Reporting on Covid Is Set to Be Freed,Chinese Woman Jailed for Reporting on Covid Is Set to Be Freed Yet Zhang Zhan’s supporters and human rights activists who had followed her case said they could not reach her or her family members. Yet Zhang Zhan’s supporters and human rights activists who had followed her case said they could not reach her or her family members.
The projection didn’t take into account the time it would take to repair the homes that were damaged but not destroyed.,article,nyt://article/6ea03808-87a8-5abc-840b-af18d0ea8422,"[{'name': 'Subject', 'value': 'Israel-Gaza War (2023- )', 'rank': 1}, {'name': 'Organization', 'value': 'United Nations', 'rank': 2}, {'name': 'Location', 'value': 'West Bank', 'rank': 3}, {'name': 'Location', 'value': 'East Jerusalem', 'rank': 4}, {'name': 'Subject', 'value': 'Palestinians', 'rank': 5}, {'name': 'Organization', 'value': 'Palestinian Authority', 'rank': 6}, {'name': 'Organization', 'value': 'Hamas', 'rank': 7}]",Foreign,,,2024-05-02 23:01:47+00:00,World,The projection didn’t take into account the time it would take to repair the homes that were damaged but not destroyed.,The New York Times,Middle East,News,nyt://article/6ea03808-87a8-5abc-840b-af18d0ea8422,https://www.nytimes.com/2024/05/02/world/middleeast/gaza-homes-rebuild-un-report.html,428,By Anushka Patil,A U.N. report says rebuilding all the homes destroyed in Gaza could take 80 years.,,,Destroyed buildings in Gaza City last month. ,Mohammed Hajjar/Associated Press,https://static01.nyt.com/images/2024/05/02/multimedia/02mideast-crisis-UNDP-wqlv/02mideast-crisis-UNDP-wqlv-articleLarge.jpg,400,600,https://static01.nyt.com/images/2024/05/02/multimedia/02mideast-crisis-UNDP-wqlv/02mideast-crisis-UNDP-wqlv-thumbStandard.jpg,75,75,A U.N. report says rebuilding all the homes destroyed in Gaza could take 80 years.,A U.N. report says rebuilding all the homes destroyed in Gaza could take 80 years. The projection didn’t take into account the time it would take to repair the homes that were damaged but not destroyed. The projection didn’t take into account the time it would take to repair the homes that were damaged but not destroyed.
,article,nyt://article/82c6d724-7005-5a91-bc80-c01e89bb1b0f,[],Foreign,,,2024-05-02 21:47:56+00:00,World,,The New York Times,Middle East,Live Blog Post,nyt://article/82c6d724-7005-5a91-bc80-c01e89bb1b0f,https://www.nytimes.com/live/2024/05/02/world/israel-gaza-war-hamas/hopes-rise-among-relatives-of-hostages-as-signs-of-progress-in-talks-are-reported,333,By Johnatan Reiss,Hopes rise among relatives of hostages as signs of progress in talks are reported.,,,Relatives and supporters of Israeli hostages since the Oct. 7 attacks blocking Ayalon Highway in Tel Aviv on Thursday.,Jack Guez/Agence France-Presse — Getty Images,https://static01.nyt.com/images/2024/05/02/multimedia/02mideast-crisis-israel-protest-bkmz/02mideast-crisis-israel-protest-bkmz-articleLarge.jpg,400,600,https://static01.nyt.com/images/2024/05/02/multimedia/02mideast-crisis-israel-protest-bkmz/02mideast-crisis-israel-protest-bkmz-thumbStandard.jpg,75,75,Hopes rise among relatives of hostages as signs of progress in talks are reported.,Hopes rise among relatives of hostages as signs of progress in talks are reported.
"The announcement was likely to further strain Germany’s longstanding ties with Israel, which have deteriorated because of differences over the war in Gaza.",article,nyt://article/f97397c2-5cb1-50a3-8fcb-fda7ba04a652,"[{'name': 'Location', 'value': 'Germany', 'rank': 1}, {'name': 'Subject', 'value': 'Israel-Gaza War (2023- )', 'rank': 2}, {'name': 'Organization', 'value': 'United Nations Relief and Works Agency', 'rank': 3}, {'name': 'Person', 'value': 'Scholz, Olaf (1958- )', 'rank': 4}, {'name': 'Subject', 'value': 'Humanitarian Aid', 'rank': 5}, {'name': 'Subject', 'value': 'International Relations', 'rank': 6}, {'name': 'Location', 'value': 'Israel', 'rank': 7}, {'name': 'Location', 'value': 'Gaza Strip', 'rank': 8}]",Foreign,,,2024-04-24 10:51:46+00:00,World,"The announcement was likely to further strain Germany’s longstanding ties with Israel, which have deteriorated because of differences over the war in Gaza.",The New York Times,Middle East,News,nyt://article/f97397c2-5cb1-50a3-8fcb-fda7ba04a652,https://www.nytimes.com/2024/04/24/world/middleeast/germany-un-aid-unrwa-gaza.html,513,By Christopher F. Schuetze,"After U.N. Report, Germany Says It Will Resume Funding for UNRWA",,,"Displaced Palestinians cooking as they shelter in a UNRWA-affiliated school in Deir al Balah, central Gaza, on Tuesday.",Ramadan Abed/Reuters,https://static01.nyt.com/images/2024/04/24/multimedia/24mideast-crisis-germany-unrwa-fhwg/24mideast-crisis-germany-unrwa-fhwg-articleLarge.jpg,402,600,https://static01.nyt.com/images/2024/04/24/multimedia/24mideast-crisis-germany-unrwa-fhwg/24mideast-crisis-germany-unrwa-fhwg-thumbStandard.jpg,75,75,"After U.N. Report, Germany Says It Will Resume Funding for UNRWA","After U.N. Report, Germany Says It Will Resume Funding for UNRWA The announcement was likely to further strain Germany’s longstanding ties with Israel, which have deteriorated because of differences over the war in Gaza. The announcement was likely to further strain Germany’s longstanding ties with Israel, which have deteriorated because of differences over the war in Gaza."
"Some Palestinians recounted being beaten with metal bars or the butts of guns, according to the report. Israeli officials have said that the rights of detainees are respected.",article,nyt://article/c6b74f41-1ccd-5a45-a678-fc4b47dd667f,"[{'name': 'Subject', 'value': 'Israel-Gaza War (2023- )', 'rank': 1}, {'name': 'Subject', 'value': 'Detainees', 'rank': 2}, {'name': 'Subject', 'value': 'Torture', 'rank': 3}, {'name': 'Subject', 'value': 'Palestinians', 'rank': 4}, {'name': 'Subject', 'value': 'War Crimes, Genocide and Crimes Against Humanity', 'rank': 5}, {'name': 'Organization', 'value': 'Hamas', 'rank': 6}, {'name': 'Organization', 'value': 'United Nations Relief and Works Agency', 'rank': 7}, {'name': 'Organization', 'value': 'United Nations', 'rank': 8}, {'name': 'Location', 'value': 'Gaza Strip', 'rank': 9}, {'name': 'Location', 'value': 'Israel', 'rank': 10}, {'name': 'Location', 'value': 'West Bank', 'rank': 11}]",Foreign,,,2024-04-17 13:26:51+00:00,World,"Some Palestinians recounted being beaten with metal bars or the butts of guns, according to the report. Israeli officials have said that the rights of detainees are respected.",The New York Times,Middle East,News,nyt://article/c6b74f41-1ccd-5a45-a678-fc4b47dd667f,https://www.nytimes.com/2024/04/17/world/middleeast/un-report-israel-detainees-abuse.html,797,By Aaron Boxerman,U.N. Report Describes Physical Abuse and Dire Conditions in Israeli Detention,,,Israeli soldiers with Palestinian detainees in Gaza in December. The Israeli military reviewed this image as part of the conditions of allowing the photographer to accompany soldiers.,"Moti Milrod/Haaretz, via Associated Press",https://static01.nyt.com/images/2024/04/16/multimedia/16mideast-crisis-unwra-report-wghj/16mideast-crisis-unwra-report-wghj-articleLarge.jpg,400,600,https://static01.nyt.com/images/2024/04/16/multimedia/16mideast-crisis-unwra-report-wghj/16mideast-crisis-unwra-report-wghj-thumbStandard.jpg,75,75,U.N. Report Describes Physical Abuse and Dire Conditions in Israeli Detention,"U.N. Report Describes Physical Abuse and Dire Conditions in Israeli Detention Some Palestinians recounted being beaten with metal bars or the butts of guns, according to the report. Israeli officials have said that the rights of detainees are respected. Some Palestinians recounted being beaten with metal bars or the butts of guns, according to the report. Israeli officials have said that the rights of detainees are respected."
"Prime Minister Justin Trudeau testified that past elections had been “free and fair,” but intelligence reports said meddling by China was “sophisticated” and “pervasive.”",article,nyt://article/232d4e99-3371-59e7-a1f3-c0995febfc66,"[{'name': 'Location', 'value': 'Canada', 'rank': 1}, {'name': 'Subject', 'value': 'Politics and Government', 'rank': 2}, {'name': 'Subject', 'value': 'Elections', 'rank': 3}, {'name': 'Person', 'value': 'Trudeau, Justin', 'rank': 4}, {'name': 'Location', 'value': 'China', 'rank': 5}, {'name': 'Subject', 'value': 'Canadian Federal Election (2019)', 'rank': 6}, {'name': 'Organization', 'value': 'Conservative Party (Canada)', 'rank': 7}, {'name': 'Organization', 'value': 'Liberal Party (Canada)', 'rank': 8}, {'name': 'Person', 'value': ""O'Toole, Erin (1973- )"", 'rank': 9}, {'name': 'Person', 'value': 'Xi Jinping', 'rank': 10}, {'name': 'Subject', 'value': 'International Relations', 'rank': 11}, {'name': 'Subject', 'value': 'Espionage and Intelligence Services', 'rank': 12}, {'name': 'Subject', 'value': 'Classified Information and State Secrets', 'rank': 13}]",Foreign,,,2024-04-10 09:03:40+00:00,World,"Prime Minister Justin Trudeau testified that past elections had been “free and fair,” but intelligence reports said meddling by China was “sophisticated” and “pervasive.”",The New York Times,Canada,News,nyt://article/232d4e99-3371-59e7-a1f3-c0995febfc66,https://www.nytimes.com/2024/04/10/world/canada/trudeau-election-interference-inquiry.html,1066,By Norimitsu Onishi,Trudeau Rebuts Reports of Foreign Interference in Canadian Elections,,,"Prime Minister Justin Trudeau of Canada testified on Wednesday at a public hearing of a foreign interference inquiry in Ottawa, the capital.",Blair Gable/Reuters,https://static01.nyt.com/images/2024/04/10/multimedia/10canada-trudeau-interference-1-ctzj/10canada-trudeau-interference-1-ctzj-articleLarge.jpg,400,600,https://static01.nyt.com/images/2024/04/10/multimedia/10canada-trudeau-interference-1-ctzj/10canada-trudeau-interference-1-ctzj-thumbStandard.jpg,75,75,Trudeau Rebuts Reports of Foreign Interference in Canadian Elections,"Trudeau Rebuts Reports of Foreign Interference in Canadian Elections Prime Minister Justin Trudeau testified that past elections had been “free and fair,” but intelligence reports said meddling by China was “sophisticated” and “pervasive.” Prime Minister Justin Trudeau testified that past elections had been “free and fair,” but intelligence reports said meddling by China was “sophisticated” and “pervasive.”"
Lawmakers testified at a public hearing on foreign interference that they had been caught in China’s cross hairs after criticizing it over human rights.,article,nyt://article/6d3c79e1-2de3-582a-b403-65a26d2f0a87,"[{'name': 'Location', 'value': 'Canada', 'rank': 1}, {'name': 'Location', 'value': 'China', 'rank': 2}, {'name': 'Subject', 'value': 'Elections', 'rank': 3}, {'name': 'Subject', 'value': 'Rumors and Misinformation', 'rank': 4}, {'name': 'Subject', 'value': 'Canadian Federal Election (2019)', 'rank': 5}, {'name': 'Organization', 'value': 'Conservative Party (Canada)', 'rank': 6}, {'name': 'Organization', 'value': 'Liberal Party (Canada)', 'rank': 7}, {'name': 'Person', 'value': ""O'Toole, Erin (1973- )"", 'rank': 8}, {'name': 'Subject', 'value': 'Politics and Government', 'rank': 9}, {'name': 'Subject', 'value': 'International Relations', 'rank': 10}]",Foreign,11,A,2024-04-03 23:08:32+00:00,World,Lawmakers testified at a public hearing on foreign interference that they had been caught in China’s cross hairs after criticizing it over human rights.,The New York Times,Americas,News,nyt://article/6d3c79e1-2de3-582a-b403-65a26d2f0a87,https://www.nytimes.com/2024/04/03/world/americas/canada-china-2021-election.html,834,By Norimitsu Onishi,"Canadian Politicians Were Targeted by China in 2021, Report Says",,Claims China Had Meddled In Elections In Canada,"Since President Xi Jinping’s rise to power, China has stepped up efforts to sway elections in Canada and other countries, according to intelligence officials, academics and members of the diaspora.",Tingshu Wang/Reuters,https://static01.nyt.com/images/2024/04/03/multimedia/03canada-interference-qvfj/03canada-interference-qvfj-articleLarge.jpg,425,600,https://static01.nyt.com/images/2024/04/03/multimedia/03canada-interference-qvfj/03canada-interference-qvfj-thumbStandard.jpg,75,75,"Canadian Politicians Were Targeted by China in 2021, Report Says","Canadian Politicians Were Targeted by China in 2021, Report Says Lawmakers testified at a public hearing on foreign interference that they had been caught in China’s cross hairs after criticizing it over human rights. Lawmakers testified at a public hearing on foreign interference that they had been caught in China’s cross hairs after criticizing it over human rights."
The airstrike on an Iranian Embassy building was one of the biggest attacks yet in a shadow war that has increasingly been moving into the open.,article,nyt://article/ae2ee70d-a466-51cd-adab-f605848829dc,"[{'name': 'Subject', 'value': 'Iran-Israel Proxy Conflict', 'rank': 1}, {'name': 'Subject', 'value': 'Israel-Gaza War (2023- )', 'rank': 2}, {'name': 'Location', 'value': 'Israel', 'rank': 3}, {'name': 'Location', 'value': 'Iran', 'rank': 4}, {'name': 'Location', 'value': 'Syria', 'rank': 5}, {'name': 'Organization', 'value': 'Quds Force', 'rank': 6}, {'name': 'Organization', 'value': 'Islamic Revolutionary Guards Corps', 'rank': 7}, {'name': 'Location', 'value': 'Damascus (Syria)', 'rank': 8}, {'name': 'Person', 'value': 'Zahedi, Mohamad Reza (1960-2024)', 'rank': 9}, {'name': 'Subject', 'value': 'Diplomatic Service, Embassies and Consulates', 'rank': 10}, {'name': 'Organization', 'value': 'Hamas', 'rank': 11}, {'name': 'Organization', 'value': 'Hezbollah', 'rank': 12}, {'name': 'Organization', 'value': 'Palestinian Islamic Jihad', 'rank': 13}, {'name': 'Organization', 'value': 'Al Shifa Hospital (Gaza Strip)', 'rank': 14}]",Foreign,1,A,2024-04-01 20:55:15+00:00,World,The airstrike on an Iranian Embassy building was one of the biggest attacks yet in a shadow war that has increasingly been moving into the open.,The New York Times,Middle East,News,nyt://article/ae2ee70d-a466-51cd-adab-f605848829dc,https://www.nytimes.com/2024/04/01/world/middleeast/iran-commanders-killed-syria-israel.html,1411,"By Farnaz Fassihi, Ronen Bergman, Aaron Boxerman, Hiba Yazbek and Michael Levenson",3 Top Iranian Commanders Are Reported Killed in Israeli Strike in Syria,,Israeli Airstrike In Syria Targets Iranian Officers,"The aftermath of the strike on an Iranian Embassy building in Damascus, Syria, on Monday.",Firas Makdesi/Reuters,https://static01.nyt.com/images/2024/04/01/multimedia/01mideast-crisis-ledeall-1-gclq/01mideast-crisis-ledeall-1-gclq-articleLarge.jpg,422,600,https://static01.nyt.com/images/2024/04/01/multimedia/01mideast-crisis-ledeall-1-gclq/01mideast-crisis-ledeall-1-gclq-thumbStandard.jpg,75,75,3 Top Iranian Commanders Are Reported Killed in Israeli Strike in Syria,3 Top Iranian Commanders Are Reported Killed in Israeli Strike in Syria The airstrike on an Iranian Embassy building was one of the biggest attacks yet in a shadow war that has increasingly been moving into the open. The airstrike on an Iranian Embassy building was one of the biggest attacks yet in a shadow war that has increasingly been moving into the open.
"The exchange came as a U.N. cease-fire demand appeared to be having little effect on the war in Gaza, and pressure increased on neighboring Jordan to sever ties with Israel.",article,nyt://article/e56bca1e-567a-54c5-a78a-c1b3c0720753,"[{'name': 'Organization', 'value': 'Hezbollah', 'rank': 1}, {'name': 'Subject', 'value': 'Terrorism', 'rank': 2}, {'name': 'Location', 'value': 'Israel', 'rank': 3}, {'name': 'Subject', 'value': 'Defense and Military Forces', 'rank': 4}, {'name': 'Location', 'value': 'Lebanon', 'rank': 5}, {'name': 'Subject', 'value': 'Israel-Gaza War (2023- )', 'rank': 6}, {'name': 'Location', 'value': 'Gaza Strip', 'rank': 7}, {'name': 'Subject', 'value': 'Palestinians', 'rank': 8}, {'name': 'Organization', 'value': 'Hamas', 'rank': 9}, {'name': 'Location', 'value': 'Jordan', 'rank': 10}, {'name': 'Subject', 'value': 'Demonstrations, Protests and Riots', 'rank': 11}, {'name': 'Subject', 'value': 'International Relations', 'rank': 12}, {'name': 'Organization', 'value': 'Security Council (UN)', 'rank': 13}, {'name': 'Subject', 'value': 'United States International Relations', 'rank': 14}, {'name': 'Subject', 'value': 'Deaths (Fatalities)', 'rank': 15}, {'name': 'Subject', 'value': 'Refugees and Displaced Persons', 'rank': 16}]",Foreign,11,A,2024-03-27 23:00:08+00:00,World,"The exchange came as a U.N. cease-fire demand appeared to be having little effect on the war in Gaza, and pressure increased on neighboring Jordan to sever ties with Israel.",The New York Times,Middle East,News,nyt://article/e56bca1e-567a-54c5-a78a-c1b3c0720753,https://www.nytimes.com/2024/03/27/world/middleeast/israel-hezbollah-gaza.html,859,"By Cassandra Vinograd, Hwaida Saad, Adam Rasgon and Eric Nagourney","Israel and Hezbollah Trade Fire, With Deaths Reported on Both Sides",,More Deaths As Hezbollah Trades Fire With Israel,"The aftermath of an Israeli strike on Wednesday in al-Habbariyeh, in southern Lebanon. Lebanon’s Ministry of Health said it hit an emergency medical center and killed seven people.","EPA, via Shutterstock",https://static01.nyt.com/images/2024/03/27/multimedia/27mideast-ledeall-vjht/27mideast-ledeall-vjht-articleLarge.jpg,400,600,https://static01.nyt.com/images/2024/03/27/multimedia/27mideast-ledeall-vjht/27mideast-ledeall-vjht-thumbStandard.jpg,75,75,"Israel and Hezbollah Trade Fire, With Deaths Reported on Both Sides","Israel and Hezbollah Trade Fire, With Deaths Reported on Both Sides The exchange came as a U.N. cease-fire demand appeared to be having little effect on the war in Gaza, and pressure increased on neighboring Jordan to sever ties with Israel. The exchange came as a U.N. cease-fire demand appeared to be having little effect on the war in Gaza, and pressure increased on neighboring Jordan to sever ties with Israel."
"Britain’s data protection watchdog said it was investigating after claims that a hospital employee had tried to obtain the medical records of Catherine, Princess of Wales.",article,nyt://article/05c27e18-7da9-5965-a641-36c8856b1485,"[{'name': 'Person', 'value': 'Catherine, Princess of Wales', 'rank': 1}, {'name': 'Subject', 'value': 'Royal Families', 'rank': 2}, {'name': 'Subject', 'value': 'Hospitals', 'rank': 3}, {'name': 'Subject', 'value': 'Privacy', 'rank': 4}, {'name': 'Subject', 'value': 'Rumors and Misinformation', 'rank': 5}, {'name': 'Subject', 'value': 'Conspiracy Theories', 'rank': 6}, {'name': 'Location', 'value': 'London (England)', 'rank': 7}, {'name': 'Location', 'value': 'Great Britain', 'rank': 8}]",Foreign,10,A,2024-03-20 12:07:03+00:00,World,"Britain’s data protection watchdog said it was investigating after claims that a hospital employee had tried to obtain the medical records of Catherine, Princess of Wales.",The New York Times,Europe,News,nyt://article/05c27e18-7da9-5965-a641-36c8856b1485,https://www.nytimes.com/2024/03/20/world/europe/princess-kate-middleton-hospital-records-uk.html,659,By Mark Landler,Report of Kate Privacy Breach Is Being Assessed by U.K. Authorities,,U.K. Exploring Reported Breach Of Kate’s Data,"Outside the London Clinic, the private hospital where Catherine, Princess of Wales, underwent surgery, in January.",Kin Cheung/Associated Press,https://static01.nyt.com/images/2024/03/20/multimedia/20uk-kate-01-jqvw/20uk-kate-01-jqvw-articleLarge.jpg,400,600,https://static01.nyt.com/images/2024/03/20/multimedia/20uk-kate-01-jqvw/20uk-kate-01-jqvw-thumbStandard.jpg,75,75,Report of Kate Privacy Breach Is Being Assessed by U.K. Authorities,"Report of Kate Privacy Breach Is Being Assessed by U.K. Authorities Britain’s data protection watchdog said it was investigating after claims that a hospital employee had tried to obtain the medical records of Catherine, Princess of Wales. Britain’s data protection watchdog said it was investigating after claims that a hospital employee had tried to obtain the medical records of Catherine, Princess of Wales."
"A U.N. inquiry found support for Israel’s allegations of sexual violence in the Hamas-led Oct. 7 attack, but they remain bitterly at odds over the war in the Gaza Strip.",article,nyt://article/ba774961-09bd-51b3-93e2-740921c0cf1b,"[{'name': 'Subject', 'value': 'Israel-Gaza War (2023- )', 'rank': 1}, {'name': 'Subject', 'value': 'Palestinians', 'rank': 2}, {'name': 'Subject', 'value': 'Sex Crimes', 'rank': 3}, {'name': 'Subject', 'value': 'Refugees and Displaced Persons', 'rank': 4}, {'name': 'Subject', 'value': 'Food', 'rank': 5}, {'name': 'Subject', 'value': 'Famine', 'rank': 6}, {'name': 'Organization', 'value': 'United Nations', 'rank': 7}, {'name': 'Organization', 'value': 'Hamas', 'rank': 8}, {'name': 'Organization', 'value': 'United Nations High Commissioner for Refugees', 'rank': 9}, {'name': 'Organization', 'value': 'Security Council (UN)', 'rank': 10}, {'name': 'Person', 'value': 'Biden, Joseph R Jr', 'rank': 11}, {'name': 'Person', 'value': 'Guterres, Antonio', 'rank': 12}, {'name': 'Person', 'value': 'Herzog, Isaac', 'rank': 13}, {'name': 'Person', 'value': 'Netanyahu, Benjamin', 'rank': 14}, {'name': 'Location', 'value': 'Gaza Strip', 'rank': 15}, {'name': 'Location', 'value': 'Israel', 'rank': 16}, {'name': 'Location', 'value': 'Cairo (Egypt)', 'rank': 17}]",Foreign,6,A,2024-03-06 00:00:14+00:00,World,"A U.N. inquiry found support for Israel’s allegations of sexual violence in the Hamas-led Oct. 7 attack, but they remain bitterly at odds over the war in the Gaza Strip.",The New York Times,Middle East,News,nyt://article/ba774961-09bd-51b3-93e2-740921c0cf1b,https://www.nytimes.com/2024/03/05/world/middleeast/israel-gaza-un.html,1277,"By Adam Sella, Helene Cooper and Thomas Fuller","Israel Sees Vindication in U.N.’s Report, but Tensions Between Them Rise",,"Israel Claims Vindication in U.N. Report, but Still Recalls Diplomat","The United States made a second round of airdrops of aid into Gaza on Tuesday, with U.S. Air Force cargo planes dropping 36,800 ready-to-eat meals in a joint operation with the Jordanian Air Force.",Amir Cohen/Reuters,https://static01.nyt.com/images/2024/03/05/multimedia/05mideast-crisis-ledeall-03-hvqk/05mideast-crisis-ledeall-03-hvqk-articleLarge.jpg,403,600,https://static01.nyt.com/images/2024/03/05/multimedia/05mideast-crisis-ledeall-03-hvqk/05mideast-crisis-ledeall-03-hvqk-thumbStandard.jpg,75,75,"Israel Sees Vindication in U.N.’s Report, but Tensions Between Them Rise","Israel Sees Vindication in U.N.’s Report, but Tensions Between Them Rise A U.N. inquiry found support for Israel’s allegations of sexual violence in the Hamas-led Oct. 7 attack, but they remain bitterly at odds over the war in the Gaza Strip. A U.N. inquiry found support for Israel’s allegations of sexual violence in the Hamas-led Oct. 7 attack, but they remain bitterly at odds over the war in the Gaza Strip."
,article,nyt://article/ae2d8a53-9fed-5e97-807d-0fc3174b6c4b,[],Foreign,,,2024-03-05 13:50:01+00:00,World,,The New York Times,Middle East,Live Blog Post,nyt://article/ae2d8a53-9fed-5e97-807d-0fc3174b6c4b,https://www.nytimes.com/live/2024/03/05/world/israel-hamas-war-gaza-news/israel-recalls-its-un-ambassador-to-protest-what-it-sees-as-inaction-on-a-sexual-violence-report,786,By Adam Sella,Tensions rise between Israel and the U.N. after a U.N. team’s report on sexual violence.,,,"Israel’s U.N. ambassador, Gilad Erdan, at United Nations headquarters in New York last month.","Eduardo Munoz/EPA, via Shutterstock",https://static01.nyt.com/images/2024/03/05/multimedia/05mideast-crisis-sexual-abuse-report-reax-zjtb/05mideast-crisis-sexual-abuse-report-reax-zjtb-articleLarge.jpg,400,600,https://static01.nyt.com/images/2024/03/05/multimedia/05mideast-crisis-sexual-abuse-report-reax-zjtb/05mideast-crisis-sexual-abuse-report-reax-zjtb-thumbStandard.jpg,75,75,Tensions rise between Israel and the U.N. after a U.N. team’s report on sexual violence.,Tensions rise between Israel and the U.N. after a U.N. team’s report on sexual violence.
,article,nyt://article/ca1abc8f-2e90-5df1-b14b-faff813e7884,[],Foreign,,,2024-03-04 22:31:21+00:00,World,,The New York Times,Middle East,Live Blog Post,nyt://article/ca1abc8f-2e90-5df1-b14b-faff813e7884,https://www.nytimes.com/live/2024/03/04/world/israel-hamas-war-gaza-news/the-un-teams-sexual-violence-report-describes-its-members-expertise-in-the-field-as-extensive,422,By The New York Times,The U.N. team’s sexual violence report describes its members’ expertise in the field as extensive.,,,"Pramila Patten, the United Nations special representative on sexual violence in war, at a meeting of the Security Council about the Russian invasion of Ukraine in 2022.",Mike Segar/Reuters,https://static01.nyt.com/images/2024/03/04/multimedia/04mideast-crisis-UN-team-01-glhq/04mideast-crisis-UN-team-01-glhq-articleLarge.jpg,400,600,https://static01.nyt.com/images/2024/03/04/multimedia/04mideast-crisis-UN-team-01-glhq/04mideast-crisis-UN-team-01-glhq-thumbStandard.jpg,75,75,The U.N. team’s sexual violence report describes its members’ expertise in the field as extensive.,The U.N. team’s sexual violence report describes its members’ expertise in the field as extensive.
"The United Nations experts also said that they had “clear and convincing information” that hostages seized in Israel on Oct. 7 had been sexually abused in Gaza, and that they had looked into reports of abuse of Palestinians in Israeli detention.",article,nyt://article/50262677-ef68-5ab6-bdd5-6b8dab512585,"[{'name': 'Subject', 'value': 'Israel-Gaza War (2023- )', 'rank': 1}, {'name': 'Subject', 'value': 'Sex Crimes', 'rank': 2}, {'name': 'Subject', 'value': 'Terrorism', 'rank': 3}, {'name': 'Subject', 'value': 'Kidnapping and Hostages', 'rank': 4}, {'name': 'Organization', 'value': 'Hamas', 'rank': 5}, {'name': 'Organization', 'value': 'United Nations', 'rank': 6}, {'name': 'Location', 'value': 'Israel', 'rank': 7}, {'name': 'Location', 'value': 'Gaza Strip', 'rank': 8}]",Foreign,1,A,2024-03-04 19:02:52+00:00,World,"The United Nations experts also said that they had “clear and convincing information” that hostages seized in Israel on Oct. 7 had been sexually abused in Gaza, and that they had looked into reports of abuse of Palestinians in Israeli detention.",The New York Times,Middle East,News,nyt://article/50262677-ef68-5ab6-bdd5-6b8dab512585,https://www.nytimes.com/2024/03/04/world/middleeast/israel-hamas-un-report-sexual-violence.html,1066,By Farnaz Fassihi and Isabel Kershner,U.N. Team Finds Grounds to Support Reports of Sexual Violence in Hamas Attack,,U.N. Sees Signs of Sexual Abuse in Hamas Attack,The site of the music festival where sexual assaults were reported.,Sergey Ponomarev for The New York Times,https://static01.nyt.com/images/2024/01/29/multimedia/04mideast-crisis-sexual-assault/00israel-sexualviolence-01-cfjk-articleLarge.jpg,400,600,https://static01.nyt.com/images/2024/01/29/multimedia/04mideast-crisis-sexual-assault/00israel-sexualviolence-01-cfjk-thumbStandard.jpg,75,75,U.N. Team Finds Grounds to Support Reports of Sexual Violence in Hamas Attack,"U.N. Team Finds Grounds to Support Reports of Sexual Violence in Hamas Attack The United Nations experts also said that they had “clear and convincing information” that hostages seized in Israel on Oct. 7 had been sexually abused in Gaza, and that they had looked into reports of abuse of Palestinians in Israeli detention. The United Nations experts also said that they had “clear and convincing information” that hostages seized in Israel on Oct. 7 had been sexually abused in Gaza, and that they had looked into reports of abuse of Palestinians in Israeli detention."
,article,nyt://article/a06d2fef-c6c0-5eab-a409-9dd295264348,[],Foreign,,,2024-02-27 00:51:55+00:00,World,,The New York Times,Middle East,Live Blog Post,nyt://article/a06d2fef-c6c0-5eab-a409-9dd295264348,https://www.nytimes.com/live/2024/02/27/world/israel-hamas-war-gaza-news/israel-submits-a-report-on-measures-to-prevent-genocide-in-gaza-as-ordered-by-the-uns-top-court,490,By Anushka Patil,"Israel submits a report on measures to prevent genocide in Gaza, as ordered by the U.N.’s top court.",,,Palestinians recovering a victim as they searched a damaged building in Rafah on Monday.,"Haitham Imad/EPA, via Shutterstock",https://static01.nyt.com/images/2024/02/26/multimedia/26mideast-crisis-icj-israel-rafah-vqzg/26mideast-crisis-icj-israel-rafah-vqzg-articleLarge.jpg,400,600,https://static01.nyt.com/images/2024/02/26/multimedia/26mideast-crisis-icj-israel-rafah-vqzg/26mideast-crisis-icj-israel-rafah-vqzg-thumbStandard.jpg,75,75,"Israel submits a report on measures to prevent genocide in Gaza, as ordered by the U.N.’s top court.","Israel submits a report on measures to prevent genocide in Gaza, as ordered by the U.N.’s top court."
,article,nyt://article/541c36b7-8093-559b-ae9b-61ebd53f7ea5,[],Foreign,,,2024-02-21 22:27:37+00:00,World,,The New York Times,Middle East,Live Blog Post,nyt://article/541c36b7-8093-559b-ae9b-61ebd53f7ea5,https://www.nytimes.com/live/2024/02/21/world/israel-hamas-war-gaza-news/a-member-of-the-israeli-war-cabinet-reports-preliminary-signs-of-progress-in-a-cease-fire-deal,344,By Adam Sella,A member of the Israeli war cabinet reports ‘preliminary signs’ of progress in a cease-fire deal.,,,"A member of Israel’s war cabinet, Benny Gantz, center, said there has been momentum on a new draft of a deal to pause fighting in Gaza in exchange for the release of Israeli hostages.",Pool photo by Mark Schiefelbein,https://static01.nyt.com/images/2024/03/21/multimedia/21mideast-crisis-gantz-hostage-talks-wklt/21mideast-crisis-gantz-hostage-talks-wklt-articleLarge.jpg,400,600,https://static01.nyt.com/images/2024/03/21/multimedia/21mideast-crisis-gantz-hostage-talks-wklt/21mideast-crisis-gantz-hostage-talks-wklt-thumbStandard.jpg,75,75,A member of the Israeli war cabinet reports ‘preliminary signs’ of progress in a cease-fire deal.,A member of the Israeli war cabinet reports ‘preliminary signs’ of progress in a cease-fire deal.
Israeli activists and their allies have expressed frustration at international organizations like the United Nations for slow responses to such reports.,article,nyt://article/c19b538b-aaba-55b2-b604-5683180f1c01,"[{'name': 'Subject', 'value': 'Israel-Gaza War (2023- )', 'rank': 1}, {'name': 'Subject', 'value': 'Sex Crimes', 'rank': 2}, {'name': 'Subject', 'value': 'Terrorism', 'rank': 3}, {'name': 'Organization', 'value': 'Hamas', 'rank': 4}, {'name': 'Organization', 'value': 'United Nations', 'rank': 5}, {'name': 'Location', 'value': 'Gaza Strip', 'rank': 6}, {'name': 'Location', 'value': 'Israel', 'rank': 7}]",Foreign,6,A,2024-02-21 22:13:10+00:00,World,Israeli activists and their allies have expressed frustration at international organizations like the United Nations for slow responses to such reports.,The New York Times,Middle East,News,nyt://article/c19b538b-aaba-55b2-b604-5683180f1c01,https://www.nytimes.com/2024/02/21/world/middleeast/israel-hamas-sexual-violence-report.html,650,By Adam Sella,Israeli Rape-Crisis Group Report Finds ‘Systematic’ Sexual Violence on and After Oct. 7,,Report Calls Sexual Abuse By Hamas ‘Systemic’,A camping area at the site of a music festival in southern Israel that was attacked by Hamas militants on Oct. 7.,Tamir Kalifa for The New York Times,https://static01.nyt.com/images/2024/03/21/multimedia/21mideast-crisis-oct7-sexual-violence-report-2-pbkz/21mideast-crisis-oct7-sexual-violence-report-2-pbkz-articleLarge.jpg,400,600,https://static01.nyt.com/images/2024/03/21/multimedia/21mideast-crisis-oct7-sexual-violence-report-2-pbkz/21mideast-crisis-oct7-sexual-violence-report-2-pbkz-thumbStandard.jpg,75,75,Israeli Rape-Crisis Group Report Finds ‘Systematic’ Sexual Violence on and After Oct. 7,Israeli Rape-Crisis Group Report Finds ‘Systematic’ Sexual Violence on and After Oct. 7 Israeli activists and their allies have expressed frustration at international organizations like the United Nations for slow responses to such reports. Israeli activists and their allies have expressed frustration at international organizations like the United Nations for slow responses to such reports.
,article,nyt://article/f8852010-081b-5f63-b3f5-82e72387463d,[],Foreign,,,2024-02-21 17:22:05+00:00,World,,The New York Times,Middle East,Live Blog Post,nyt://article/f8852010-081b-5f63-b3f5-82e72387463d,https://www.nytimes.com/live/2024/02/21/world/israel-hamas-war-gaza-news/the-israeli-militarys-top-lawyer-reports-some-troop-conduct-that-crosses-the-criminal-threshold,502,By Adam Sella,The Israeli military’s top lawyer reports some troop conduct that crosses ‘the criminal threshold.’,,,An Israeli tank in an area near the border with the Gaza Strip. ,"Abir Sultan/EPA, via Shutterstock",https://static01.nyt.com/images/2024/02/21/multimedia/21mideast-crisis-idf-misconduct-bgfv/21mideast-crisis-idf-misconduct-bgfv-articleLarge.jpg,400,600,https://static01.nyt.com/images/2024/02/21/multimedia/21mideast-crisis-idf-misconduct-bgfv/21mideast-crisis-idf-misconduct-bgfv-thumbStandard.jpg,75,75,The Israeli military’s top lawyer reports some troop conduct that crosses ‘the criminal threshold.’,The Israeli military’s top lawyer reports some troop conduct that crosses ‘the criminal threshold.’
,article,nyt://article/59c03e91-fff0-59b5-bfbf-f3cfb2fb7dc2,"[{'name': 'Person', 'value': 'Navalny, Aleksei A', 'rank': 1}, {'name': 'Person', 'value': 'Putin, Vladimir V', 'rank': 2}, {'name': 'Location', 'value': 'Russia', 'rank': 3}, {'name': 'Location', 'value': 'St Petersburg (Russia)', 'rank': 4}, {'name': 'Subject', 'value': 'Political Prisoners', 'rank': 5}, {'name': 'Subject', 'value': 'Funerals and Memorials', 'rank': 6}]",Foreign,,,2024-02-16 22:19:44+00:00,World,,The New York Times,Europe,Live Blog Post,nyt://article/59c03e91-fff0-59b5-bfbf-f3cfb2fb7dc2,https://www.nytimes.com/live/2024/02/16/world/aleksei-navalny/russians-rallies-navalny-death,514,By Ivan Nechepurenko and Milana Mazaeva,Russians around the world gather to mourn and protest Navalny’s reported death.,,,"Mourners in St. Petersburg, Russia, held up the flashlights on their cellphones during a rally after reports emerged of the death of Aleksei A. Navalny.",Dmitri Lovetsky/Associated Press,https://static01.nyt.com/images/2024/02/16/multimedia/16navalny-georgia-rally-05-lmtv/16navalny-georgia-rally-05-lmtv-articleLarge.jpg,400,600,https://static01.nyt.com/images/2024/02/16/multimedia/16navalny-georgia-rally-05-lmtv/16navalny-georgia-rally-05-lmtv-thumbStandard.jpg,75,75,Russians around the world gather to mourn and protest Navalny’s reported death.,Russians around the world gather to mourn and protest Navalny’s reported death.
"The reported death of Aleksei A. Navalny ushers in a new turning point for President Vladimir V. Putin’s Russia, underscoring both the Kremlin’s power and the potential for instability that continues to threaten it.",article,nyt://article/c93971c6-f618-5e57-a2b8-9d4bfc2d71ca,"[{'name': 'Person', 'value': 'Navalny, Aleksei A', 'rank': 1}, {'name': 'Location', 'value': 'Russia', 'rank': 2}, {'name': 'Subject', 'value': 'Political Prisoners', 'rank': 3}, {'name': 'Person', 'value': 'Putin, Vladimir V', 'rank': 4}, {'name': 'Subject', 'value': 'Politics and Government', 'rank': 5}, {'name': 'Subject', 'value': 'International Relations', 'rank': 6}, {'name': 'Subject', 'value': 'Embargoes and Sanctions', 'rank': 7}, {'name': 'Subject', 'value': 'United States International Relations', 'rank': 8}, {'name': 'Subject', 'value': 'Russian Invasion of Ukraine (2022)', 'rank': 9}, {'name': 'Location', 'value': 'Ukraine', 'rank': 10}]",Foreign,,,2024-02-16 18:27:37+00:00,World,"The reported death of Aleksei A. Navalny ushers in a new turning point for President Vladimir V. Putin’s Russia, underscoring both the Kremlin’s power and the potential for instability that continues to threaten it.",The New York Times,Europe,News,nyt://article/c93971c6-f618-5e57-a2b8-9d4bfc2d71ca,https://www.nytimes.com/2024/02/16/world/europe/russia-putin-navalny.html,664,By Anton Troianovski,Where does Navalny’s reported death leave Russia and Putin?,,,"President Vladimir V. Putin of Russia meeting students and employees at an industrial park in Chelyabinsk, Russia, on Friday.",Pool photo by Aleksandr Rjumin,https://static01.nyt.com/images/2024/02/16/multimedia/16navalny-putin-01-mtfw/16navalny-putin-01-mtfw-articleLarge.jpg,400,600,https://static01.nyt.com/images/2024/02/16/multimedia/16navalny-putin-01-mtfw/16navalny-putin-01-mtfw-thumbStandard.jpg,75,75,Where does Navalny’s reported death leave Russia and Putin?,"Where does Navalny’s reported death leave Russia and Putin? The reported death of Aleksei A. Navalny ushers in a new turning point for President Vladimir V. Putin’s Russia, underscoring both the Kremlin’s power and the potential for instability that continues to threaten it. The reported death of Aleksei A. Navalny ushers in a new turning point for President Vladimir V. Putin’s Russia, underscoring both the Kremlin’s power and the potential for instability that continues to threaten it."
"The Russian authorities have issued sparse details of what they said happened to Aleksei A. Navalny, the opposition leader who they announced had died in prison.",article,nyt://article/6473d7dc-978e-56d4-b3fd-55763d106e60,"[{'name': 'Person', 'value': 'Navalny, Aleksei A', 'rank': 1}, {'name': 'Subject', 'value': 'Deaths (Obituaries)', 'rank': 2}, {'name': 'Location', 'value': 'Russia', 'rank': 3}]",Foreign,,,2024-02-16 18:00:12+00:00,World,"The Russian authorities have issued sparse details of what they said happened to Aleksei A. Navalny, the opposition leader who they announced had died in prison.",The New York Times,Europe,News,nyt://article/6473d7dc-978e-56d4-b3fd-55763d106e60,https://www.nytimes.com/2024/02/16/world/europe/navalny-cause-of-death.html,437,By Anatoly Kurmanaev,Here’s What We Know About the Cause of Navalny’s Reported Death,,,A memorial in front of the Russian embassy in Berlin.,Ebrahim Noroozi/Associated Press,https://static01.nyt.com/images/2024/02/16/multimedia/16navalny-cause-of-death-kvpb/16navalny-cause-of-death-kvpb-articleLarge.jpg,400,600,https://static01.nyt.com/images/2024/02/16/multimedia/16navalny-cause-of-death-kvpb/16navalny-cause-of-death-kvpb-thumbStandard.jpg,75,75,Here’s What We Know About the Cause of Navalny’s Reported Death,"Here’s What We Know About the Cause of Navalny’s Reported Death The Russian authorities have issued sparse details of what they said happened to Aleksei A. Navalny, the opposition leader who they announced had died in prison. The Russian authorities have issued sparse details of what they said happened to Aleksei A. Navalny, the opposition leader who they announced had died in prison."
"In a surprise address in Munich, Yulia Navalnaya said that if her husband, Aleksei A. Navalny, was dead, President Vladimir V. Putin of Russia would “bear responsibility,” and she called on the world to “defeat this evil.”",article,nyt://article/a3840dba-d1c7-5aaa-ba8f-c41eae0dd629,"[{'name': 'Person', 'value': 'Navalny, Aleksei A', 'rank': 1}, {'name': 'Location', 'value': 'Russia', 'rank': 2}, {'name': 'Person', 'value': 'Putin, Vladimir V', 'rank': 3}, {'name': 'Location', 'value': 'Munich (Germany)', 'rank': 4}]",Foreign,8,A,2024-02-16 15:19:51+00:00,World,"In a surprise address in Munich, Yulia Navalnaya said that if her husband, Aleksei A. Navalny, was dead, President Vladimir V. Putin of Russia would “bear responsibility,” and she called on the world to “defeat this evil.”",The New York Times,Europe,News,nyt://article/a3840dba-d1c7-5aaa-ba8f-c41eae0dd629,https://www.nytimes.com/2024/02/16/world/europe/aleksei-navalny-wife-munich.html,1190,By Peter Baker,Navalny’s Wife Makes Dramatic Appearance After Reports of His Death,,Putin’s Rule Is Denounced By the Wife Of Navalny,,"Sven Hoppe/DPA, via Associated Press",https://static01.nyt.com/images/2024/02/16/multimedia/16dc-munich-promo-vpth/16dc-munich-promo-vpth-articleLarge.jpg,376,600,https://static01.nyt.com/images/2024/02/16/multimedia/16dc-munich-promo-vpth/16dc-munich-promo-vpth-thumbStandard.jpg,75,75,Navalny’s Wife Makes Dramatic Appearance After Reports of His Death,"Navalny’s Wife Makes Dramatic Appearance After Reports of His Death In a surprise address in Munich, Yulia Navalnaya said that if her husband, Aleksei A. Navalny, was dead, President Vladimir V. Putin of Russia would “bear responsibility,” and she called on the world to “defeat this evil.” In a surprise address in Munich, Yulia Navalnaya said that if her husband, Aleksei A. Navalny, was dead, President Vladimir V. Putin of Russia would “bear responsibility,” and she called on the world to “defeat this evil.”"
,article,nyt://article/c202fa9b-74fd-542a-b88e-a0ee52a0032d,[],Foreign,,,2024-02-16 13:48:35+00:00,World,,The New York Times,Europe,Live Blog Post,nyt://article/c202fa9b-74fd-542a-b88e-a0ee52a0032d,https://www.nytimes.com/live/2024/02/16/world/aleksei-navalny/reports-of-navalnys-death-came-as-his-wife-met-with-world-leaders-in-munich,420,By Peter Baker,Reports of Navalny’s death came as his wife met with world leaders in Munich.,,,"Yulia Navalnaya with her husband, Alexei Navalny, at a rally in Moscow in 2013.",Evgeny Feldman/Associated Press,https://static01.nyt.com/images/2024/02/16/multimedia/16navalny-wife-chwf/16navalny-wife-chwf-articleLarge.jpg,400,600,https://static01.nyt.com/images/2024/02/16/multimedia/16navalny-wife-chwf/16navalny-wife-chwf-thumbStandard.jpg,75,75,Reports of Navalny’s death came as his wife met with world leaders in Munich.,Reports of Navalny’s death came as his wife met with world leaders in Munich.
,article,nyt://article/4c2e310c-0a6c-5423-b299-64a217959bbb,[],Foreign,,,2024-02-16 13:22:27+00:00,World,,The New York Times,Middle East,Live Blog Post,nyt://article/4c2e310c-0a6c-5423-b299-64a217959bbb,https://www.nytimes.com/live/2024/02/16/world/israel-hamas-war-gaza-news/the-who-requests-access-to-nasser-hospital-amid-deeply-alarming-reports-from-inside,268,By Nick Cumming-Bruce,The W.H.O. requests access to Nasser hospital amid ‘deeply alarming’ reports from inside.,,,An Israeli helicopter flying over Khan Younis on Thursday.,Mohammed Dahman/Associated Press,https://static01.nyt.com/images/2024/02/15/multimedia/16mideast-crisis-nasser-who/15mideast-crisis-carousel-pfkw-articleLarge.jpg,400,600,https://static01.nyt.com/images/2024/02/15/multimedia/16mideast-crisis-nasser-who/15mideast-crisis-carousel-pfkw-thumbStandard.jpg,75,75,The W.H.O. requests access to Nasser hospital amid ‘deeply alarming’ reports from inside.,The W.H.O. requests access to Nasser hospital amid ‘deeply alarming’ reports from inside.
Some family members of the hostages still in Gaza criticized any such decision and protested outside the homes of Israeli officials.,article,nyt://article/db13cccd-2349-5b21-b4f7-a8d524a5b4b7,"[{'name': 'Subject', 'value': 'Israel-Gaza War (2023- )', 'rank': 1}, {'name': 'Person', 'value': 'Netanyahu, Benjamin', 'rank': 2}, {'name': 'Subject', 'value': 'Peace Process', 'rank': 3}, {'name': 'Location', 'value': 'Israel', 'rank': 4}, {'name': 'Subject', 'value': 'Defense and Military Forces', 'rank': 5}, {'name': 'Subject', 'value': 'Kidnapping and Hostages', 'rank': 6}, {'name': 'Location', 'value': 'Gaza Strip', 'rank': 7}, {'name': 'Organization', 'value': 'Hamas', 'rank': 8}, {'name': 'Subject', 'value': 'Terrorism', 'rank': 9}, {'name': 'Subject', 'value': 'Palestinians', 'rank': 10}, {'name': 'Subject', 'value': 'International Relations', 'rank': 11}]",Foreign,,,2024-02-14 20:54:46+00:00,World,Some family members of the hostages still in Gaza criticized any such decision and protested outside the homes of Israeli officials.,The New York Times,Middle East,News,nyt://article/db13cccd-2349-5b21-b4f7-a8d524a5b4b7,https://www.nytimes.com/2024/02/14/world/middleeast/israel-egypt-netanyahu-negotiate.html,451,By Johnatan Reiss and Gaya Gupta,Israeli Media Report Netanyahu Has Pulled Out of Gaza Cease-Fire Talks,,,Photos of Israelis taken hostage on Oct. 7 hanging from a bridge in Tel Aviv on Wednesday.,Susana Vera/Reuters,https://static01.nyt.com/images/2024/02/14/multimedia/14mideast-crisis-netanyahu-talks-hostage-families-zmtj/14mideast-crisis-netanyahu-talks-hostage-families-zmtj-articleLarge.jpg,400,600,https://static01.nyt.com/images/2024/02/14/multimedia/14mideast-crisis-netanyahu-talks-hostage-families-zmtj/14mideast-crisis-netanyahu-talks-hostage-families-zmtj-thumbStandard.jpg,75,75,Israeli Media Report Netanyahu Has Pulled Out of Gaza Cease-Fire Talks,Israeli Media Report Netanyahu Has Pulled Out of Gaza Cease-Fire Talks Some family members of the hostages still in Gaza criticized any such decision and protested outside the homes of Israeli officials. Some family members of the hostages still in Gaza criticized any such decision and protested outside the homes of Israeli officials.
,article,nyt://article/17fb3360-8d79-5c2b-93d4-4d2de5c25159,[],Washington,,,2024-02-13 22:49:41+00:00,World,,The New York Times,Middle East,Live Blog Post,nyt://article/17fb3360-8d79-5c2b-93d4-4d2de5c25159,https://www.nytimes.com/live/2024/02/14/world/israel-hamas-war-gaza-news/the-state-department-is-assessing-reports-of-civilian-harm-in-gaza-from-us-made-arms,354,By Michael Crowley,The State Department is assessing reports of civilian harm in Gaza from U.S.-made arms.,,,,,,0,0,,0,0,The State Department is assessing reports of civilian harm in Gaza from U.S.-made arms.,The State Department is assessing reports of civilian harm in Gaza from U.S.-made arms.
A team from the United Nations has arrived in Israel to examine multiple reports of sexual violence during the Hamas-led attack.,article,nyt://article/56f3b2dd-6d6c-52ba-8c86-a391e3dfe60e,"[{'name': 'Subject', 'value': 'Sex Crimes', 'rank': 1}, {'name': 'Subject', 'value': 'Israel-Gaza War (2023- )', 'rank': 2}, {'name': 'Subject', 'value': 'Terrorism', 'rank': 3}, {'name': 'Subject', 'value': 'Civilian Casualties', 'rank': 4}, {'name': 'Organization', 'value': 'Hamas', 'rank': 5}, {'name': 'Organization', 'value': 'New York Times', 'rank': 6}, {'name': 'Location', 'value': 'Israel', 'rank': 7}]",Foreign,10,A,2024-01-29 19:21:42+00:00,World,A team from the United Nations has arrived in Israel to examine multiple reports of sexual violence during the Hamas-led attack.,The New York Times,Middle East,News,nyt://article/56f3b2dd-6d6c-52ba-8c86-a391e3dfe60e,https://www.nytimes.com/2024/01/29/world/middleeast/israel-hamas-sexual-violence-un.html,1597,"By Jeffrey Gettleman, Anat Schwartz and Adam Sella",U.N. to Study Reports of Sexual Violence in Israel During Oct. 7 Attack,,U.N. Team Arrives in Israel to Study Reports of Sexual Violence,The site of the rave in southern Israel near where witnesses reported seeing rapes on Oct. 7.,Sergey Ponomarev for The New York Times,https://static01.nyt.com/images/2024/01/29/multimedia/00israel-sexualviolence-01-cfjk/00israel-sexualviolence-01-cfjk-articleLarge.jpg,400,600,https://static01.nyt.com/images/2024/01/29/multimedia/00israel-sexualviolence-01-cfjk/00israel-sexualviolence-01-cfjk-thumbStandard.jpg,75,75,U.N. to Study Reports of Sexual Violence in Israel During Oct. 7 Attack,U.N. to Study Reports of Sexual Violence in Israel During Oct. 7 Attack A team from the United Nations has arrived in Israel to examine multiple reports of sexual violence during the Hamas-led attack. A team from the United Nations has arrived in Israel to examine multiple reports of sexual violence during the Hamas-led attack.
"The report found that American officials and diplomats had failed to quickly or fully account for all of the nearly 40,000 weapons sent to the front.",article,nyt://article/0aad87bb-d2a4-5594-9383-5a5c584fa50a,"[{'name': 'Subject', 'value': 'United States Defense and Military Forces', 'rank': 1}, {'name': 'Organization', 'value': 'Defense Department', 'rank': 2}, {'name': 'Location', 'value': 'Ukraine', 'rank': 3}, {'name': 'Subject', 'value': 'Russian Invasion of Ukraine (2022)', 'rank': 4}, {'name': 'Location', 'value': 'Russia', 'rank': 5}, {'name': 'Subject', 'value': 'Arms Trade', 'rank': 6}]",Foreign,10,A,2024-01-11 14:38:31+00:00,World,"The report found that American officials and diplomats had failed to quickly or fully account for all of the nearly 40,000 weapons sent to the front.",The New York Times,Europe,News,nyt://article/0aad87bb-d2a4-5594-9383-5a5c584fa50a,https://www.nytimes.com/2024/01/11/world/europe/us-military-aid-ukraine.html,1146,By Lara Jakes,"U.S. Military Aid to Ukraine Was Poorly Tracked, Pentagon Report Says",,"Aid to Ukraine Was Poorly Tracked, Pentagon Report Says","A Ukrainian infantry officer firing a rocket-propelled grenade toward Russian positions near Marinka, in eastern Ukraine, in May.",Finbarr O'Reilly for The New York Times,https://static01.nyt.com/images/2024/01/11/multimedia/11ukraine-weapons-report-vlmz/11ukraine-weapons-report-vlmz-articleLarge.jpg,400,600,https://static01.nyt.com/images/2024/01/11/multimedia/11ukraine-weapons-report-vlmz/11ukraine-weapons-report-vlmz-thumbStandard.jpg,75,75,"U.S. Military Aid to Ukraine Was Poorly Tracked, Pentagon Report Says","U.S. Military Aid to Ukraine Was Poorly Tracked, Pentagon Report Says The report found that American officials and diplomats had failed to quickly or fully account for all of the nearly 40,000 weapons sent to the front. The report found that American officials and diplomats had failed to quickly or fully account for all of the nearly 40,000 weapons sent to the front."
"The official accepted Israel’s invitation and is expected to go there soon, the foreign ministry said. Hamas has denied that its fighters committed sex crimes during the Oct. 7 attacks.",article,nyt://article/ede3189c-05a5-5625-b9f8-1eb54527ef0a,"[{'name': 'Subject', 'value': 'Israel-Gaza War (2023- )', 'rank': 1}, {'name': 'Subject', 'value': 'Sex Crimes', 'rank': 2}, {'name': 'Subject', 'value': 'War Crimes, Genocide and Crimes Against Humanity', 'rank': 3}, {'name': 'Organization', 'value': 'Hamas', 'rank': 4}, {'name': 'Organization', 'value': 'United Nations', 'rank': 5}, {'name': 'Location', 'value': 'Israel', 'rank': 6}]",Foreign,9,A,2024-01-10 10:09:50+00:00,World,"The official accepted Israel’s invitation and is expected to go there soon, the foreign ministry said. Hamas has denied that its fighters committed sex crimes during the Oct. 7 attacks.",The New York Times,Middle East,News,nyt://article/ede3189c-05a5-5625-b9f8-1eb54527ef0a,https://www.nytimes.com/2024/01/10/world/middleeast/israel-hamas-sex-crimes.html,508,By Adam Sella,"U.N. Expert Will Investigate Reports of Sex Crimes by Hamas, Israel Says",,U.N. Inquiry  Is Scheduled  On Charges  Of Sex Crimes,The site of a music festival overrun by Hamas militants during an attack on Oct. 7.,Sergey Ponomarev for The New York Times,https://static01.nyt.com/images/2023/12/14/multimedia/09israel-hamas-un-sexual-violence/00israel-sexual-violence-07-gphq-articleLarge.jpg,400,600,https://static01.nyt.com/images/2023/12/14/multimedia/09israel-hamas-un-sexual-violence/00israel-sexual-violence-07-gphq-thumbStandard.jpg,75,75,"U.N. Expert Will Investigate Reports of Sex Crimes by Hamas, Israel Says","U.N. Expert Will Investigate Reports of Sex Crimes by Hamas, Israel Says The official accepted Israel’s invitation and is expected to go there soon, the foreign ministry said. Hamas has denied that its fighters committed sex crimes during the Oct. 7 attacks. The official accepted Israel’s invitation and is expected to go there soon, the foreign ministry said. Hamas has denied that its fighters committed sex crimes during the Oct. 7 attacks."
"She helped save General Eisenhower’s invasion from potential disaster, enabling the Allies to gain a foothold in France that was essential to victory in World War II.",article,nyt://article/1f56a7f3-23fd-5317-813e-ab07ae32185d,"[{'name': 'Person', 'value': 'Sweeney, Maureen (1923-2023)', 'rank': 1}, {'name': 'Subject', 'value': 'Deaths (Obituaries)', 'rank': 2}, {'name': 'Subject', 'value': 'World War II (1939-45)', 'rank': 3}, {'name': 'Subject', 'value': 'Weather', 'rank': 4}, {'name': 'Keyword', 'value': 'D-Day', 'rank': 5}, {'name': 'Person', 'value': 'Eisenhower, Dwight David', 'rank': 6}, {'name': 'Location', 'value': 'Normandy (France)', 'rank': 7}, {'name': 'Location', 'value': 'Ireland', 'rank': 8}]",Obits,9,B,2024-01-02 20:33:26+00:00,World,"She helped save General Eisenhower’s invasion from potential disaster, enabling the Allies to gain a foothold in France that was essential to victory in World War II.",The New York Times,Europe,Obituary (Obit),nyt://article/1f56a7f3-23fd-5317-813e-ab07ae32185d,https://www.nytimes.com/2024/01/02/world/europe/maureen-sweeney-dead.html,1095,By Alex Traub,Maureen Flavin Sweeney Dies at 100; Her Weather Report Delayed D-Day,,"Maureen Sweeney, Whose Weather Report Saved D-Day, Dies at 100","Maureen Flavin Sweeney became part of World War II lore after her weather report persuaded commanders to delay the D-Day invasion for 24 hours. She is pictured with her husband, Ted, on their wedding day in 1946.",via Fergus Sweeney,https://static01.nyt.com/images/2024/01/03/multimedia/00sweeney-02-gzpm-print1/00sweeney-02-gzpm-articleLarge.jpg,846,600,https://static01.nyt.com/images/2024/01/03/multimedia/00sweeney-02-gzpm-print1/00sweeney-02-gzpm-thumbStandard.jpg,75,75,Maureen Flavin Sweeney Dies at 100; Her Weather Report Delayed D-Day,"Maureen Flavin Sweeney Dies at 100; Her Weather Report Delayed D-Day She helped save General Eisenhower’s invasion from potential disaster, enabling the Allies to gain a foothold in France that was essential to victory in World War II. She helped save General Eisenhower’s invasion from potential disaster, enabling the Allies to gain a foothold in France that was essential to victory in World War II."
